monotonic_ns,board_power_mw,temperature_c,graphics_clock_mhz,memory_clock_mhz,utilization_percent
2792416258070311,600013,86,2692,13365,100
2792416264592778,600013,86,2692,13365,100
2792416269715238,600013,86,2692,13365,100
2792416274840790,600013,86,2692,13365,100
2792416279961558,600013,86,2692,13365,100
2792416285072514,600013,86,2692,13365,100
2792416290194071,600013,86,2692,13365,100
2792416295314763,600013,86,2692,13365,100
2792416300435584,600013,86,2692,13365,100
2792416305556868,600013,86,2692,13365,100
2792416310683209,600013,86,2692,13365,100
2792416315803037,600013,86,2692,13365,100
2792416320924013,600013,86,2692,13365,100
2792416326051543,600013,86,2692,13365,100
2792416331173594,600013,86,2692,13365,100
2792416336293912,600013,86,2692,13365,100
2792416341397624,600013,86,2692,13365,100
2792416346520954,600013,86,2692,13365,100
2792416351641496,600013,86,2692,13365,100
2792416356761705,600013,86,2692,13365,100
2792416361887500,600013,86,2692,13365,100
2792416367024649,600013,86,2692,13365,100
2792416372152665,600013,86,2692,13365,100
2792416377273297,600013,86,2692,13365,100
2792416382394564,600013,86,2692,13365,100
2792416387515798,600013,86,2692,13365,100
2792416392633402,600013,86,2692,13365,100
2792416397760799,600013,86,2692,13365,100
2792416402878780,600013,86,2692,13365,100
2792416408018608,600013,86,2692,13365,100
2792416413143900,600013,86,2692,13365,100
2792416418263816,600013,86,2692,13365,100
2792416423384106,600013,86,2692,13365,100
2792416428505323,600013,86,2692,13365,100
2792416433626667,600013,86,2692,13365,100
2792416438746253,600013,86,2692,13365,100
2792416443864590,600013,86,2692,13365,100
2792416448984699,600013,86,2692,13365,100
2792416454125050,600013,86,2692,13365,100
2792416459245062,600013,86,2692,13365,100
2792416464368307,600013,86,2692,13365,100
2792416469488247,600013,86,2692,13365,100
2792416474612630,600013,86,2692,13365,100
2792416479732721,600013,86,2692,13365,100
2792416484854133,600013,86,2692,13365,100
2792416489974130,600013,86,2692,13365,100
2792416495096829,600013,86,2692,13365,100
2792416500216626,600013,86,2692,13365,100
2792416505333614,600013,86,2692,13365,100
2792416510451227,600013,86,2692,13365,100
2792416515574850,600013,86,2692,13365,100
2792416520700521,600013,86,2692,13365,100
2792416525820960,600013,86,2692,13365,100
2792416530939390,600013,86,2692,13365,100
2792416536058052,600013,86,2692,13365,100
2792416541179964,600013,86,2692,13365,100
2792416546298777,600013,86,2692,13365,100
2792416551418862,600013,86,2692,13365,100
2792416556523154,600013,86,2692,13365,100
2792416561642974,600013,86,2692,13365,100
2792416566762541,600013,86,2692,13365,100
2792416571880027,600013,86,2692,13365,100
2792416576997224,600013,86,2692,13365,100
2792416582133463,600013,86,2692,13365,100
2792416587250920,600013,86,2692,13365,100
2792416592368200,600013,86,2692,13365,100
2792416597486007,600013,86,2692,13365,100
2792416602604611,600013,86,2692,13365,100
2792416607722461,600013,86,2692,13365,100
2792416612842338,600013,86,2692,13365,100
2792416617961922,475953,77,2692,13365,5
2792416623081583,475953,77,2692,13365,5
2792416628199693,475953,77,2692,13365,5
2792416633317355,475953,77,2692,13365,5
2792416638434784,475953,77,2692,13365,5
2792416643570679,475953,77,2692,13365,5
2792416648688100,475953,77,2692,13365,5
2792416653806269,475953,77,2692,13365,5
2792416658923627,475953,77,2692,13365,5
2792416664042193,475953,77,2692,13365,5
2792416669164253,475953,77,2692,13365,5
2792416674285306,475953,77,2692,13365,5
2792416679405191,475953,77,2692,13365,5
2792416684524059,475953,77,2692,13365,5
2792416689643475,475953,77,2692,13365,5
2792416694763524,475953,77,2692,13365,5
2792416699883507,475953,77,2692,13365,5
2792416705019678,475953,77,2692,13365,5
2792416710138928,475953,77,2692,13365,5
2792416715258720,475953,77,2692,13365,5
2792416720379784,475953,77,2692,13365,5
2792416725498054,475953,77,2692,13365,5
2792416730616486,475953,77,2692,13365,5
2792416735734259,475953,77,2692,13365,5
2792416740851891,475953,77,2692,13365,5
2792416745970226,475953,77,2692,13365,5
2792416751090112,475953,77,2692,13365,5
2792416756209835,475953,77,2692,13365,5
2792416761328976,475953,77,2692,13365,5
2792416766449328,475953,77,2692,13365,5
2792416771571557,475953,77,2692,13365,5
2792416776692417,475953,77,2692,13365,5
2792416781812571,475953,77,2692,13365,5
2792416786932050,475953,77,2692,13365,5
2792416792052154,475953,77,2692,13365,5
2792416797179206,475953,77,2692,13365,5
2792416802298901,475953,77,2692,13365,5
2792416807417511,475953,77,2692,13365,5
2792416812536144,475953,77,2692,13365,5
2792416817655814,475953,77,2692,13365,5
2792416822790945,475953,77,2692,13365,5
2792416827910737,475953,77,2692,13365,5
2792416833028565,475953,77,2692,13365,5
2792416838148877,475953,77,2692,13365,5
2792416843266634,475953,77,2692,13365,5
2792416848384753,475953,77,2692,13365,5
2792416853502764,475953,77,2692,13365,5
2792416858622734,475953,77,2692,13365,5
2792416863742607,475953,77,2692,13365,5
2792416868860497,475953,77,2692,13365,5
2792416873981684,475953,77,2692,13365,5
2792416879120088,475953,77,2692,13365,5
2792416884237765,475953,77,2692,13365,5
2792416889357937,475953,77,2692,13365,5
2792416894475152,475953,77,2692,13365,5
2792416899592313,475953,77,2692,13365,5
2792416904708862,475953,77,2692,13365,5
2792416909825480,475953,77,2692,13365,5
2792416914942719,475953,77,2692,13365,5
2792416920059143,475953,77,2692,13365,5
2792416925178246,475953,77,2692,13365,5
2792416930295212,475953,77,2692,13365,5
2792416935411836,475953,77,2692,13365,5
2792416940528208,475953,77,2692,13365,5
2792416945654710,475953,77,2692,13365,5
2792416950771417,475953,77,2692,13365,5
2792416955890346,475953,77,2692,13365,5
2792416961029665,475953,77,2692,13365,5
2792416966147318,475953,77,2692,13365,5
2792416971263986,475953,77,2692,13365,5
2792416976381842,475953,77,2692,13365,5
2792416981498631,475953,77,2692,13365,5
2792416986615527,475953,77,2692,13365,5
2792416991732612,475953,77,2692,13365,5
2792416996850021,475953,77,2692,13365,5
2792417001966318,475953,77,2692,13365,5
2792417007083655,475953,77,2692,13365,5
2792417012200321,475953,77,2692,13365,5
2792417017319582,475953,77,2692,13365,5
2792417022435976,475953,77,2692,13365,5
2792417027553980,475953,77,2692,13365,5
2792417032670966,475953,77,2692,13365,5
2792417037787651,475953,77,2692,13365,5
2792417042904140,475953,77,2692,13365,5
2792417048023612,475953,77,2692,13365,5
2792417053140348,475953,77,2692,13365,5
2792417058257181,475953,77,2692,13365,5
2792417063373757,475953,77,2692,13365,5
2792417068490735,475953,77,2692,13365,5
2792417073607401,475953,77,2692,13365,5
2792417078727304,475953,77,2692,13365,5
2792417083844755,475953,77,2692,13365,5
2792417088961953,475953,77,2692,13365,5
2792417094078348,475953,77,2692,13365,5
2792417099195103,475953,77,2692,13365,5
2792417104322364,475953,77,2692,13365,5
2792417109438816,475953,77,2692,13365,5
2792417114557816,473300,86,2745,13365,100
2792417119676153,473300,86,2745,13365,100
2792417124793089,473300,86,2745,13365,100
2792417129911198,473300,86,2745,13365,100
2792417135028059,473300,86,2745,13365,100
2792417140144354,473300,86,2745,13365,100
2792417145262931,473300,86,2745,13365,100
2792417150379165,473300,86,2745,13365,100
2792417155495620,473300,86,2745,13365,100
2792417160611876,473300,86,2745,13365,100
2792417165742152,473300,86,2745,13365,100
2792417170863033,473300,86,2745,13365,100
2792417175979821,473300,86,2745,13365,100
2792417181122582,473300,86,2745,13365,100
2792417186239554,473300,86,2745,13365,100
2792417191355810,473300,86,2745,13365,100
2792417196472684,473300,86,2745,13365,100
2792417201589134,473300,86,2745,13365,100
2792417206706315,473300,86,2745,13365,100
2792417211825223,473300,86,2745,13365,100
2792417216941742,473300,86,2745,13365,100
2792417222058472,473300,86,2745,13365,100
2792417227174536,473300,86,2745,13365,100
2792417232293229,473300,86,2745,13365,100
2792417237422199,473300,86,2745,13365,100
2792417242540174,473300,86,2745,13365,100
2792417247661168,473300,86,2745,13365,100
2792417252777919,473300,86,2745,13365,100
2792417257894559,473300,86,2745,13365,100
2792417263032091,473300,86,2745,13365,100
2792417268149127,473300,86,2745,13365,100
2792417273265644,473300,86,2745,13365,100
2792417278382901,473300,86,2745,13365,100
2792417283500700,473300,86,2745,13365,100
2792417288617348,473300,86,2745,13365,100
2792417293740925,473300,86,2745,13365,100
2792417298877378,473300,86,2745,13365,100
2792417303993790,473300,86,2745,13365,100
2792417309128622,473300,86,2745,13365,100
2792417314245542,473300,86,2745,13365,100
2792417319362019,473300,86,2745,13365,100
2792417324478531,473300,86,2745,13365,100
2792417329594932,473300,86,2745,13365,100
2792417334713048,473300,86,2745,13365,100
2792417339843680,473300,86,2745,13365,100
2792417344960616,473300,86,2745,13365,100
2792417350077101,473300,86,2745,13365,100
2792417355193452,473300,86,2745,13365,100
2792417360309784,473300,86,2745,13365,100
2792417365426514,473300,86,2745,13365,100
2792417370544367,473300,86,2745,13365,100
2792417375660719,473300,86,2745,13365,100
2792417380777088,473300,86,2745,13365,100
2792417385895480,473300,86,2745,13365,100
2792417391035395,473300,86,2745,13365,100
2792417396152272,473300,86,2745,13365,100
2792417401269029,473300,86,2745,13365,100
2792417406385809,473300,86,2745,13365,100
2792417411502382,473300,86,2745,13365,100
2792417416619182,473300,86,2745,13365,100
2792417421735766,473300,86,2745,13365,100
2792417426854407,473300,86,2745,13365,100
2792417431971197,473300,86,2745,13365,100
2792417437089123,473300,86,2745,13365,100
2792417442206011,473300,86,2745,13365,100
2792417447322684,473300,86,2745,13365,100
2792417452439828,473300,86,2745,13365,100
2792417457557848,473300,86,2745,13365,100
2792417462675403,473300,86,2745,13365,100
2792417467792186,473300,86,2745,13365,100
2792417472909074,473300,86,2745,13365,100
2792417478026170,473300,86,2745,13365,100
2792417483142963,473300,86,2745,13365,100
2792417488261199,473300,86,2745,13365,100
2792417493379970,473300,86,2745,13365,100
2792417498496896,473300,86,2745,13365,100
2792417503613516,473300,86,2745,13365,100
2792417508730430,473300,86,2745,13365,100
2792417513849653,473300,86,2745,13365,100
2792417518966469,473300,86,2745,13365,100
2792417524083485,473300,86,2745,13365,100
2792417529201038,473300,86,2745,13365,100
2792417534318158,473300,86,2745,13365,100
2792417539437002,473300,86,2745,13365,100
2792417544556059,473300,86,2745,13365,100
2792417549673447,473300,86,2745,13365,100
2792417554790336,473300,86,2745,13365,100
2792417559907552,473300,86,2745,13365,100
2792417565024991,473300,86,2745,13365,100
2792417570142353,473300,86,2745,13365,100
2792417575279217,473300,86,2745,13365,100
2792417580395993,473300,86,2745,13365,100
2792417585512902,473300,86,2745,13365,100
2792417590631251,473300,86,2745,13365,100
2792417595747939,473300,86,2745,13365,100
2792417600864887,473300,86,2745,13365,100
2792417605982279,473300,86,2745,13365,100
2792417611132590,473300,86,2745,13365,100
2792417616249504,609855,86,2700,13365,100
2792417621368493,609855,86,2700,13365,100
2792417626486261,609855,86,2700,13365,100
2792417631603317,609855,86,2700,13365,100
2792417636720406,609855,86,2700,13365,100
2792417641840466,609855,86,2700,13365,100
2792417646957758,609855,86,2700,13365,100
2792417652074843,609855,86,2700,13365,100
2792417657192157,609855,86,2700,13365,100
2792417662309373,609855,86,2700,13365,100
2792417667426520,609855,86,2700,13365,100
2792417672544288,609855,86,2700,13365,100
2792417677662065,609855,86,2700,13365,100
2792417682779161,609855,86,2700,13365,100
2792417687895645,609855,86,2700,13365,100
2792417693037085,609855,86,2700,13365,100
2792417698155553,609855,86,2700,13365,100
2792417703274978,609855,86,2700,13365,100
2792417708394522,609855,86,2700,13365,100
2792417713512031,609855,86,2700,13365,100
2792417718631055,609855,86,2700,13365,100
2792417723751304,609855,86,2700,13365,100
2792417728871180,609855,86,2700,13365,100
2792417733990936,609855,86,2700,13365,100
2792417739127784,609855,86,2700,13365,100
2792417744248871,609855,86,2700,13365,100
2792417749368937,609855,86,2700,13365,100
2792417754486570,609855,86,2700,13365,100
2792417759604786,609855,86,2700,13365,100
2792417764721582,609855,86,2700,13365,100
2792417769839492,609855,86,2700,13365,100
2792417774958439,609855,86,2700,13365,100
2792417780076039,609855,86,2700,13365,100
2792417785197306,609855,86,2700,13365,100
2792417790314228,609855,86,2700,13365,100
2792417795432085,609855,86,2700,13365,100
2792417800549164,609855,86,2700,13365,100
2792417805666361,609855,86,2700,13365,100
2792417810784014,609855,86,2700,13365,100
2792417815903006,609855,86,2700,13365,100
2792417821019829,609855,86,2700,13365,100
2792417826136635,609855,86,2700,13365,100
2792417831253585,609855,86,2700,13365,100
2792417836370020,609855,86,2700,13365,100
2792417841487199,609855,86,2700,13365,100
2792417846606392,609855,86,2700,13365,100
2792417851723144,609855,86,2700,13365,100
2792417856840265,609855,86,2700,13365,100
2792417861957153,609855,86,2700,13365,100
2792417867073917,609855,86,2700,13365,100
2792417872190574,609855,86,2700,13365,100
2792417877307104,609855,86,2700,13365,100
2792417882424371,609855,86,2700,13365,100
2792417887541015,609855,86,2700,13365,100
2792417892658059,609855,86,2700,13365,100
2792417897777308,609855,86,2700,13365,100
2792417902894308,609855,86,2700,13365,100
2792417908033681,609855,86,2700,13365,100
2792417913150847,609855,86,2700,13365,100
2792417918268001,609855,86,2700,13365,100
2792417923384834,609855,86,2700,13365,100
2792417928501958,609855,86,2700,13365,100
2792417933618710,609855,86,2700,13365,100
2792417938735463,609855,86,2700,13365,100
2792417943854453,609855,86,2700,13365,100
2792417948973292,609855,86,2700,13365,100
2792417954128162,609855,86,2700,13365,100
2792417959245186,609855,86,2700,13365,100
2792417964361720,609855,86,2700,13365,100
2792417969478935,609855,86,2700,13365,100
2792417974595769,609855,86,2700,13365,100
2792417979712909,609855,86,2700,13365,100
2792417984831601,609855,86,2700,13365,100
2792417989948718,609855,86,2700,13365,100
2792417995065597,609855,86,2700,13365,100
2792418000183595,609855,86,2700,13365,100
2792418005299839,609855,86,2700,13365,100
2792418010417530,609855,86,2700,13365,100
2792418015535272,609855,86,2700,13365,100
2792418020651940,609855,86,2700,13365,100
2792418025769076,609855,86,2700,13365,100
2792418030885781,609855,86,2700,13365,100
2792418036023446,609855,86,2700,13365,100
2792418041142066,609855,86,2700,13365,100
2792418046258759,609855,86,2700,13365,100
2792418051377098,609855,86,2700,13365,100
2792418056493667,609855,86,2700,13365,100
2792418061610335,609855,86,2700,13365,100
2792418066726980,609855,86,2700,13365,100
2792418071844284,609855,86,2700,13365,100
2792418076960796,609855,86,2700,13365,100
2792418082077489,609855,86,2700,13365,100
2792418087194645,609855,86,2700,13365,100
2792418092311749,609855,86,2700,13365,100
2792418097428684,609855,86,2700,13365,100
2792418102548850,609855,86,2700,13365,100
2792418107665715,609855,86,2700,13365,100
2792418112782852,609855,86,2700,13365,100
2792418117899416,600127,86,2700,13365,100
2792418123020226,600127,86,2700,13365,100
2792418128137409,600127,86,2700,13365,100
2792418133254177,600127,86,2700,13365,100
2792418138370999,600127,86,2700,13365,100
2792418143487664,600127,86,2700,13365,100
2792418148604486,600127,86,2700,13365,100
2792418153722498,600127,86,2700,13365,100
2792418158840610,600127,86,2700,13365,100
2792418163957359,600127,86,2700,13365,100
2792418169074251,600127,86,2700,13365,100
2792418174200655,600127,86,2700,13365,100
2792418179317528,600127,86,2700,13365,100
2792418184434406,600127,86,2700,13365,100
2792418189552443,600127,86,2700,13365,100
2792418194669107,600127,86,2700,13365,100
2792418199786405,600127,86,2700,13365,100
2792418204905285,600127,86,2700,13365,100
2792418210022730,600127,86,2700,13365,100
2792418215139392,600127,86,2700,13365,100
2792418220256219,600127,86,2700,13365,100
2792418225374507,600127,86,2700,13365,100
2792418230491376,600127,86,2700,13365,100
2792418235608232,600127,86,2700,13365,100
2792418240725501,600127,86,2700,13365,100
2792418245842571,600127,86,2700,13365,100
2792418250959193,600127,86,2700,13365,100
2792418256079307,600127,86,2700,13365,100
2792418261197686,600127,86,2700,13365,100
2792418266316902,600127,86,2700,13365,100
2792418271435887,600127,86,2700,13365,100
2792418276555811,600127,86,2700,13365,100
2792418281673563,600127,86,2700,13365,100
2792418286792608,600127,86,2700,13365,100
2792418291909880,600127,86,2700,13365,100
2792418297026964,600127,86,2700,13365,100
2792418302144159,600127,86,2700,13365,100
2792418307263193,600127,86,2700,13365,100
2792418312380321,600127,86,2700,13365,100
2792418317497634,600127,86,2700,13365,100
2792418322616084,600127,86,2700,13365,100
2792418327733830,600127,86,2700,13365,100
2792418332851079,600127,86,2700,13365,100
2792418337968239,600127,86,2700,13365,100
2792418343086183,600127,86,2700,13365,100
2792418348204648,600127,86,2700,13365,100
2792418353322565,600127,86,2700,13365,100
2792418358442587,600127,86,2700,13365,100
2792418363578006,600127,86,2700,13365,100
2792418368694865,600127,86,2700,13365,100
2792418373812506,600127,86,2700,13365,100
2792418378930014,600127,86,2700,13365,100
2792418384047014,600127,86,2700,13365,100
2792418389163825,600127,86,2700,13365,100
2792418394280996,600127,86,2700,13365,100
2792418399398024,600127,86,2700,13365,100
2792418404515492,600127,86,2700,13365,100
2792418409636158,600127,86,2700,13365,100
2792418414753123,600127,86,2700,13365,100
2792418419869821,600127,86,2700,13365,100
2792418424987011,600127,86,2700,13365,100
2792418430128390,600127,86,2700,13365,100
2792418435245950,600127,86,2700,13365,100
2792418440362602,600127,86,2700,13365,100
2792418445479240,600127,86,2700,13365,100
2792418450596099,600127,86,2700,13365,100
2792418455713339,600127,86,2700,13365,100
2792418460833447,600127,86,2700,13365,100
2792418465950399,600127,86,2700,13365,100
2792418471067137,600127,86,2700,13365,100
2792418476184055,600127,86,2700,13365,100
2792418481300606,600127,86,2700,13365,100
2792418486417578,600127,86,2700,13365,100
2792418491536115,600127,86,2700,13365,100
2792418496653519,600127,86,2700,13365,100
2792418501772575,600127,86,2700,13365,100
2792418506889336,600127,86,2700,13365,100
2792418512032807,600127,86,2700,13365,100
2792418517167942,600127,86,2700,13365,100
2792418522284600,600127,86,2700,13365,100
2792418527401277,600127,86,2700,13365,100
2792418532517977,600127,86,2700,13365,100
2792418537634609,600127,86,2700,13365,100
2792418542751290,600127,86,2700,13365,100
2792418547870630,600127,86,2700,13365,100
2792418552987502,600127,86,2700,13365,100
2792418558122977,600127,86,2700,13365,100
2792418563240859,600127,86,2700,13365,100
2792418568357795,600127,86,2700,13365,100
2792418573474276,600127,86,2700,13365,100
2792418578591204,600127,86,2700,13365,100
2792418583708141,600127,86,2700,13365,100
2792418588827213,600127,86,2700,13365,100
2792418593944697,600127,86,2700,13365,100
2792418599061852,600127,86,2700,13365,100
2792418604178870,600127,86,2700,13365,100
2792418609315139,600127,86,2700,13365,100
2792418614433259,600040,86,2692,13365,100
2792418619551259,600040,86,2692,13365,100
2792418624669212,600040,86,2692,13365,100
2792418629786052,600040,86,2692,13365,100
2792418634902600,600040,86,2692,13365,100
2792418640019900,600040,86,2692,13365,100
2792418645136721,600040,86,2692,13365,100
2792418650253305,600040,86,2692,13365,100
2792418655371765,600040,86,2692,13365,100
2792418660488626,600040,86,2692,13365,100
2792418665607413,600040,86,2692,13365,100
2792418670724122,600040,86,2692,13365,100
2792418675841499,600040,86,2692,13365,100
2792418680958484,600040,86,2692,13365,100
2792418686077816,600040,86,2692,13365,100
2792418691194816,600040,86,2692,13365,100
2792418696311708,600040,86,2692,13365,100
2792418701428519,600040,86,2692,13365,100
2792418706545518,600040,86,2692,13365,100
2792418711662494,600040,86,2692,13365,100
2792418716782862,600040,86,2692,13365,100
2792418721899742,600040,86,2692,13365,100
2792418727034930,600040,86,2692,13365,100
2792418732152695,600040,86,2692,13365,100
2792418737269935,600040,86,2692,13365,100
2792418742387304,600040,86,2692,13365,100
2792418747504568,600040,86,2692,13365,100
2792418752621345,600040,86,2692,13365,100
2792418757738273,600040,86,2692,13365,100
2792418762857061,600040,86,2692,13365,100
2792418767975478,600040,86,2692,13365,100
2792418773093620,600040,86,2692,13365,100
2792418778209947,600040,86,2692,13365,100
2792418783326911,600040,86,2692,13365,100
2792418788443907,600040,86,2692,13365,100
2792418793561849,600040,86,2692,13365,100
2792418798678892,600040,86,2692,13365,100
2792418803796060,600040,86,2692,13365,100
2792418808912913,600040,86,2692,13365,100
2792418814029809,600040,86,2692,13365,100
2792418819148213,600040,86,2692,13365,100
2792418824264890,600040,86,2692,13365,100
2792418829383338,600040,86,2692,13365,100
2792418834500235,600040,86,2692,13365,100
2792418839616923,600040,86,2692,13365,100
2792418844733541,600040,86,2692,13365,100
2792418849850613,600040,86,2692,13365,100
2792418854968125,600040,86,2692,13365,100
2792418860086864,600040,86,2692,13365,100
2792418865203648,600040,86,2692,13365,100
2792418870322585,600040,86,2692,13365,100
2792418875439170,600040,86,2692,13365,100
2792418880556494,600040,86,2692,13365,100
2792418885673198,600040,86,2692,13365,100
2792418890790570,600040,86,2692,13365,100
2792418895909980,600040,86,2692,13365,100
2792418901027675,600040,86,2692,13365,100
2792418906144536,600040,86,2692,13365,100
2792418911261388,600040,86,2692,13365,100
2792418916377965,600040,86,2692,13365,100
2792418921496180,600040,86,2692,13365,100
2792418926615733,600040,86,2692,13365,100
2792418931732690,600040,86,2692,13365,100
2792418936850874,600040,86,2692,13365,100
2792418941967294,600040,86,2692,13365,100
2792418947084057,600040,86,2692,13365,100
2792418952220371,600040,86,2692,13365,100
2792418957337098,600040,86,2692,13365,100
2792418962454576,600040,86,2692,13365,100
2792418967571472,600040,86,2692,13365,100
2792418972689831,600040,86,2692,13365,100
2792418977807001,600040,86,2692,13365,100
2792418982923617,600040,86,2692,13365,100
2792418988040366,600040,86,2692,13365,100
2792418993159850,600040,86,2692,13365,100
2792418998276642,600040,86,2692,13365,100
2792419003393595,600040,86,2692,13365,100
2792419008510256,600040,86,2692,13365,100
2792419013627166,600040,86,2692,13365,100
2792419018744236,600040,86,2692,13365,100
2792419023864929,600040,86,2692,13365,100
2792419028981908,600040,86,2692,13365,100
2792419034123937,600040,86,2692,13365,100
2792419039241153,600040,86,2692,13365,100
2792419044358037,600040,86,2692,13365,100
2792419049474994,600040,86,2692,13365,100
2792419054591886,600040,86,2692,13365,100
2792419059708685,600040,86,2692,13365,100
2792419064827207,600040,86,2692,13365,100
2792419069943576,600040,86,2692,13365,100
2792419075062231,600040,86,2692,13365,100
2792419080179562,600040,86,2692,13365,100
2792419085296176,600040,86,2692,13365,100
2792419090413201,600040,86,2692,13365,100
2792419095532074,600040,86,2692,13365,100
2792419100649066,600040,86,2692,13365,100
2792419105766224,600040,86,2692,13365,100
2792419110882818,600040,86,2692,13365,100
2792419116022040,600044,86,2692,13365,100
2792419121142143,600044,86,2692,13365,100
2792419126260816,600044,86,2692,13365,100
2792419131377844,600044,86,2692,13365,100
2792419136494665,600044,86,2692,13365,100
2792419141611160,600044,86,2692,13365,100
2792419146728073,600044,86,2692,13365,100
2792419151847309,600044,86,2692,13365,100
2792419156964846,600044,86,2692,13365,100
2792419162082072,600044,86,2692,13365,100
2792419167199342,600044,86,2692,13365,100
2792419172316683,600044,86,2692,13365,100
2792419177435155,600044,86,2692,13365,100
2792419182553119,600044,86,2692,13365,100
2792419187670216,600044,86,2692,13365,100
2792419192787040,600044,86,2692,13365,100
2792419197906797,600044,86,2692,13365,100
2792419203023749,600044,86,2692,13365,100
2792419208141501,600044,86,2692,13365,100
2792419213258062,600044,86,2692,13365,100
2792419218377176,600044,86,2692,13365,100
2792419223494578,600044,86,2692,13365,100
2792419228613438,600044,86,2692,13365,100
2792419233730913,600044,86,2692,13365,100
2792419238848092,600044,86,2692,13365,100
2792419243965682,600044,86,2692,13365,100
2792419249084512,600044,86,2692,13365,100
2792419254201397,600044,86,2692,13365,100
2792419259318133,600044,86,2692,13365,100
2792419264452653,600044,86,2692,13365,100
2792419269569338,600044,86,2692,13365,100
2792419274686126,600044,86,2692,13365,100
2792419279807922,600044,86,2692,13365,100
2792419284924679,600044,86,2692,13365,100
2792419290045571,600044,86,2692,13365,100
2792419295162655,600044,86,2692,13365,100
2792419300281600,600044,86,2692,13365,100
2792419305398400,600044,86,2692,13365,100
2792419310515280,600044,86,2692,13365,100
2792419315632901,600044,86,2692,13365,100
2792419320749877,600044,86,2692,13365,100
2792419325866899,600044,86,2692,13365,100
2792419330988416,600044,86,2692,13365,100
2792419336123506,600044,86,2692,13365,100
2792419341240392,600044,86,2692,13365,100
2792419346357503,600044,86,2692,13365,100
2792419351474728,600044,86,2692,13365,100
2792419356595248,600044,86,2692,13365,100
2792419361712860,600044,86,2692,13365,100
2792419366832469,600044,86,2692,13365,100
2792419371950901,600044,86,2692,13365,100
2792419377067715,600044,86,2692,13365,100
2792419382186293,600044,86,2692,13365,100
2792419387303606,600044,86,2692,13365,100
2792419392420278,600044,86,2692,13365,100
2792419397537082,600044,86,2692,13365,100
2792419402655497,600044,86,2692,13365,100
2792419407773064,600044,86,2692,13365,100
2792419412890128,600044,86,2692,13365,100
2792419418026065,600044,86,2692,13365,100
2792419423143708,600044,86,2692,13365,100
2792419428260245,600044,86,2692,13365,100
2792419433378369,600044,86,2692,13365,100
2792419438495310,600044,86,2692,13365,100
2792419443611892,600044,86,2692,13365,100
2792419448728806,600044,86,2692,13365,100
2792419453847467,600044,86,2692,13365,100
2792419458964300,600044,86,2692,13365,100
2792419464081824,600044,86,2692,13365,100
2792419469198724,600044,86,2692,13365,100
2792419474315466,600044,86,2692,13365,100
2792419479432012,600044,86,2692,13365,100
2792419484551657,600044,86,2692,13365,100
2792419489668741,600044,86,2692,13365,100
2792419494785829,600044,86,2692,13365,100
2792419499913350,600044,86,2692,13365,100
2792419505030945,600044,86,2692,13365,100
2792419510148907,600044,86,2692,13365,100
2792419515268439,600044,86,2692,13365,100
2792419520386411,600044,86,2692,13365,100
2792419525503162,600044,86,2692,13365,100
2792419530620056,600044,86,2692,13365,100
2792419535738280,600044,86,2692,13365,100
2792419540856085,600044,86,2692,13365,100
2792419545974269,600044,86,2692,13365,100
2792419551092390,600044,86,2692,13365,100
2792419556210322,600044,86,2692,13365,100
2792419561327786,600044,86,2692,13365,100
2792419566445603,600044,86,2692,13365,100
2792419571564101,600044,86,2692,13365,100
2792419576683371,600044,86,2692,13365,100
2792419581803240,600044,86,2692,13365,100
2792419586921168,600044,86,2692,13365,100
2792419592037599,600044,86,2692,13365,100
2792419597153305,600044,86,2692,13365,100
2792419602268837,600044,86,2692,13365,100
2792419607384066,600044,86,2692,13365,100
2792419612501166,600044,86,2692,13365,100
2792419617615615,599950,86,2692,13365,100
2792419622739291,599950,86,2692,13365,100
2792419627853168,599950,86,2692,13365,100
2792419632966876,599950,86,2692,13365,100
2792419638081888,599950,86,2692,13365,100
2792419643195388,599950,86,2692,13365,100
2792419648308941,599950,86,2692,13365,100
2792419653421853,599950,86,2692,13365,100
2792419658534464,599950,86,2692,13365,100
2792419663646858,599950,86,2692,13365,100
2792419668759263,599950,86,2692,13365,100
2792419673871342,599950,86,2692,13365,100
2792419678984743,599950,86,2692,13365,100
2792419684113712,599950,86,2692,13365,100
2792419689226744,599950,86,2692,13365,100
2792419694338567,599950,86,2692,13365,100
2792419699450057,599950,86,2692,13365,100
2792419704561795,599950,86,2692,13365,100
2792419709673053,599950,86,2692,13365,100
2792419714785770,599950,86,2692,13365,100
2792419719897038,599950,86,2692,13365,100
2792419725024222,599950,86,2692,13365,100
2792419730135965,599950,86,2692,13365,100
2792419735247160,599950,86,2692,13365,100
2792419740359936,599950,86,2692,13365,100
2792419745483589,599950,86,2692,13365,100
2792419750595004,599950,86,2692,13365,100
2792419755706401,599950,86,2692,13365,100
2792419760819466,599950,86,2692,13365,100
2792419765930996,599950,86,2692,13365,100
2792419771042007,599950,86,2692,13365,100
2792419776153227,599950,86,2692,13365,100
2792419781264631,599950,86,2692,13365,100
2792419786375872,599950,86,2692,13365,100
2792419791489650,599950,86,2692,13365,100
2792419796601164,599950,86,2692,13365,100
2792419801712825,599950,86,2692,13365,100
2792419806824222,599950,86,2692,13365,100
2792419811935361,599950,86,2692,13365,100
2792419817046600,599950,86,2692,13365,100
2792419822158084,599950,86,2692,13365,100
2792419827270923,599950,86,2692,13365,100
2792419832382379,599950,86,2692,13365,100
2792419837493832,599950,86,2692,13365,100
2792419842606540,599950,86,2692,13365,100
2792419847717973,599950,86,2692,13365,100
2792419852829333,599950,86,2692,13365,100
2792419857941601,599950,86,2692,13365,100
2792419863053234,599950,86,2692,13365,100
2792419868178506,599950,86,2692,13365,100
2792419873293081,599950,86,2692,13365,100
2792419878405919,599950,86,2692,13365,100
2792419883517891,599950,86,2692,13365,100
2792419888630972,599950,86,2692,13365,100
2792419893770916,599950,86,2692,13365,100
2792419898910310,599950,86,2692,13365,100
2792419904069841,599950,86,2692,13365,100
2792419909182300,599950,86,2692,13365,100
2792419914295165,599950,86,2692,13365,100
2792419919423518,599950,86,2692,13365,100
2792419924536804,599950,86,2692,13365,100
2792419929649058,599950,86,2692,13365,100
2792419934761831,599950,86,2692,13365,100
2792419939875091,599950,86,2692,13365,100
2792419944989487,599950,86,2692,13365,100
2792419950116988,599950,86,2692,13365,100
2792419955269684,599950,86,2692,13365,100
2792419960381442,599950,86,2692,13365,100
2792419965494493,599950,86,2692,13365,100
2792419970606957,599950,86,2692,13365,100
2792419975720921,599950,86,2692,13365,100
2792419980833892,599950,86,2692,13365,100
2792419985947971,599950,86,2692,13365,100
2792419991060285,599950,86,2692,13365,100
2792419996178231,599950,86,2692,13365,100
2792420001290210,599950,86,2692,13365,100
2792420006375928,599950,86,2692,13365,100
2792420011466958,599950,86,2692,13365,100
2792420016558997,599950,86,2692,13365,100
2792420021659441,599950,86,2692,13365,100
2792420026758502,599950,86,2692,13365,100
2792420031861819,599950,86,2692,13365,100
2792420036959736,599950,86,2692,13365,100
2792420042056353,599950,86,2692,13365,100
2792420047225752,599950,86,2692,13365,100
2792420052338118,599950,86,2692,13365,100
2792420057450959,599950,86,2692,13365,100
2792420062563696,599950,86,2692,13365,100
2792420067676815,599950,86,2692,13365,100
2792420072789745,599950,86,2692,13365,100
2792420077901904,599950,86,2692,13365,100
2792420083024415,599950,86,2692,13365,100
2792420088136855,599950,86,2692,13365,100
2792420093250271,599950,86,2692,13365,100
2792420098365512,599950,86,2692,13365,100
2792420103483478,599950,86,2692,13365,100
2792420108563856,599950,86,2692,13365,100
2792420113651775,599950,86,2692,13365,100
2792420118743670,599885,86,2692,13365,100
2792420123844718,599885,86,2692,13365,100
2792420128945170,599885,86,2692,13365,100
2792420134058115,599885,86,2692,13365,100
2792420139171595,599885,86,2692,13365,100
2792420144284928,599885,86,2692,13365,100
2792420149399512,599885,86,2692,13365,100
2792420154511849,599885,86,2692,13365,100
2792420159625082,599885,86,2692,13365,100
2792420164738352,599885,86,2692,13365,100
2792420169852446,599885,86,2692,13365,100
2792420174965595,599885,86,2692,13365,100
2792420180078745,599885,86,2692,13365,100
2792420185190335,599885,86,2692,13365,100
2792420190301448,599885,86,2692,13365,100
2792420195412966,599885,86,2692,13365,100
2792420200525663,599885,86,2692,13365,100
2792420205637036,599885,86,2692,13365,100
2792420210750311,599885,86,2692,13365,100
2792420215861889,599885,86,2692,13365,100
2792420220973175,599885,86,2692,13365,100
2792420226084465,599885,86,2692,13365,100
2792420231196159,599885,86,2692,13365,100
2792420236307599,599885,86,2692,13365,100
2792420241420092,599885,86,2692,13365,100
2792420246532192,599885,86,2692,13365,100
2792420251645100,599885,86,2692,13365,100
2792420256756521,599885,86,2692,13365,100
2792420261867690,599885,86,2692,13365,100
2792420266979302,599885,86,2692,13365,100
2792420272090378,599885,86,2692,13365,100
2792420277203483,599885,86,2692,13365,100
2792420282314695,599885,86,2692,13365,100
2792420287425967,599885,86,2692,13365,100
2792420292551342,599885,86,2692,13365,100
2792420297663008,599885,86,2692,13365,100
2792420302775964,599885,86,2692,13365,100
2792420307888029,599885,86,2692,13365,100
2792420312999849,599885,86,2692,13365,100
2792420318129424,599885,86,2692,13365,100
2792420323240678,599885,86,2692,13365,100
2792420328351987,599885,86,2692,13365,100
2792420333463077,599885,86,2692,13365,100
2792420338574340,599885,86,2692,13365,100
2792420343685880,599885,86,2692,13365,100
2792420348798978,599885,86,2692,13365,100
2792420353911873,599885,86,2692,13365,100
2792420359023629,599885,86,2692,13365,100
2792420364134822,599885,86,2692,13365,100
2792420369246082,599885,86,2692,13365,100
2792420374358582,599885,86,2692,13365,100
2792420379470682,599885,86,2692,13365,100
2792420384582435,599885,86,2692,13365,100
2792420389694006,599885,86,2692,13365,100
2792420394805224,599885,86,2692,13365,100
2792420399917484,599885,86,2692,13365,100
2792420405030213,599885,86,2692,13365,100
2792420410141449,599885,86,2692,13365,100
2792420415254541,599885,86,2692,13365,100
2792420420366082,599885,86,2692,13365,100
2792420425477222,599885,86,2692,13365,100
2792420430588621,599885,86,2692,13365,100
2792420435700163,599885,86,2692,13365,100
2792420440811939,599885,86,2692,13365,100
2792420445925222,599885,86,2692,13365,100
2792420451036308,599885,86,2692,13365,100
2792420456149116,599885,86,2692,13365,100
2792420461260235,599885,86,2692,13365,100
2792420466371478,599885,86,2692,13365,100
2792420471483210,599885,86,2692,13365,100
2792420476594815,599885,86,2692,13365,100
2792420481707175,599885,86,2692,13365,100
2792420486818359,599885,86,2692,13365,100
2792420491929820,599885,86,2692,13365,100
2792420497040908,599885,86,2692,13365,100
2792420502153516,599885,86,2692,13365,100
2792420507266401,599885,86,2692,13365,100
2792420512378146,599885,86,2692,13365,100
2792420517489405,599885,86,2692,13365,100
2792420522600690,599885,86,2692,13365,100
2792420527711887,599885,86,2692,13365,100
2792420532824269,599885,86,2692,13365,100
2792420537935475,599885,86,2692,13365,100
2792420543046812,599885,86,2692,13365,100
2792420548157972,599885,86,2692,13365,100
2792420553269394,599885,86,2692,13365,100
2792420558382737,599885,86,2692,13365,100
2792420563493950,599885,86,2692,13365,100
2792420568606540,599885,86,2692,13365,100
2792420573734106,599885,86,2692,13365,100
2792420578845618,599885,86,2692,13365,100
2792420583956799,599885,86,2692,13365,100
2792420589068367,599885,86,2692,13365,100
2792420594180102,599885,86,2692,13365,100
2792420599292816,599885,86,2692,13365,100
2792420604404473,599885,86,2692,13365,100
2792420609517857,599885,86,2692,13365,100
2792420614629327,599952,86,2692,13365,100
2792420619741954,599952,86,2692,13365,100
2792420624854862,599952,86,2692,13365,100
2792420629967580,599952,86,2692,13365,100
2792420635078587,599952,86,2692,13365,100
2792420640190127,599952,86,2692,13365,100
2792420645301786,599952,86,2692,13365,100
2792420650413050,599952,86,2692,13365,100
2792420655524481,599952,86,2692,13365,100
2792420660638889,599952,86,2692,13365,100
2792420665750484,599952,86,2692,13365,100
2792420670861810,599952,86,2692,13365,100
2792420675973833,599952,86,2692,13365,100
2792420681084970,599952,86,2692,13365,100
2792420686196251,599952,86,2692,13365,100
2792420691307946,599952,86,2692,13365,100
2792420696419636,599952,86,2692,13365,100
2792420701531275,599952,86,2692,13365,100
2792420706642972,599952,86,2692,13365,100
2792420711756085,599952,86,2692,13365,100
2792420716867477,599952,86,2692,13365,100
2792420721978950,599952,86,2692,13365,100
2792420727091719,599952,86,2692,13365,100
2792420732202831,599952,86,2692,13365,100
2792420737313905,599952,86,2692,13365,100
2792420742425336,599952,86,2692,13365,100
2792420747536744,599952,86,2692,13365,100
2792420752648277,599952,86,2692,13365,100
2792420757760961,599952,86,2692,13365,100
2792420762873673,599952,86,2692,13365,100
2792420767985469,599952,86,2692,13365,100
2792420773113906,599952,86,2692,13365,100
2792420778225041,599952,86,2692,13365,100
2792420783336159,599952,86,2692,13365,100
2792420788447524,599952,86,2692,13365,100
2792420793559128,599952,86,2692,13365,100
2792420798670808,599952,86,2692,13365,100
2792420803783505,599952,86,2692,13365,100
2792420808894577,599952,86,2692,13365,100
2792420814023493,599952,86,2692,13365,100
2792420819135754,599952,86,2692,13365,100
2792420824247174,599952,86,2692,13365,100
2792420829358423,599952,86,2692,13365,100
2792420834469803,599952,86,2692,13365,100
2792420839581253,599952,86,2692,13365,100
2792420844692511,599952,86,2692,13365,100
2792420849805280,599952,86,2692,13365,100
2792420854916329,599952,86,2692,13365,100
2792420860027889,599952,86,2692,13365,100
2792420865140769,599952,86,2692,13365,100
2792420870252053,599952,86,2692,13365,100
2792420875363074,599952,86,2692,13365,100
2792420880475563,599952,86,2692,13365,100
2792420885586911,599952,86,2692,13365,100
2792420890698423,599952,86,2692,13365,100
2792420895809676,599952,86,2692,13365,100
2792420900921601,599952,86,2692,13365,100
2792420906033145,599952,86,2692,13365,100
2792420911144783,599952,86,2692,13365,100
2792420916257878,599952,86,2692,13365,100
2792420921369454,599952,86,2692,13365,100
2792420926480763,599952,86,2692,13365,100
2792420931592182,599952,86,2692,13365,100
2792420936703559,599952,86,2692,13365,100
2792420941814771,599952,86,2692,13365,100
2792420946927764,599952,86,2692,13365,100
2792420952039196,599952,86,2692,13365,100
2792420957163737,599952,86,2692,13365,100
2792420962275368,599952,86,2692,13365,100
2792420967388524,599952,86,2692,13365,100
2792420972500466,599952,86,2692,13365,100
2792420977612686,599952,86,2692,13365,100
2792420982724351,599952,86,2692,13365,100
2792420987836009,599952,86,2692,13365,100
2792420992947204,599952,86,2692,13365,100
2792420998058184,599952,86,2692,13365,100
2792421003169444,599952,86,2692,13365,100
2792421008280649,599952,86,2692,13365,100
2792421013393798,599952,86,2692,13365,100
2792421018506788,599952,86,2692,13365,100
2792421023618120,599952,86,2692,13365,100
2792421028729586,599952,86,2692,13365,100
2792421033841009,599952,86,2692,13365,100
2792421038952479,599952,86,2692,13365,100
2792421044064749,599952,86,2692,13365,100
2792421049176684,599952,86,2692,13365,100
2792421054288128,599952,86,2692,13365,100
2792421059399525,599952,86,2692,13365,100
2792421064510441,599952,86,2692,13365,100
2792421069623414,599952,86,2692,13365,100
2792421074735142,599952,86,2692,13365,100
2792421079846075,599952,86,2692,13365,100
2792421084957303,599952,86,2692,13365,100
2792421090069024,599952,86,2692,13365,100
2792421095180592,599952,86,2692,13365,100
2792421100291978,599952,86,2692,13365,100
2792421105404649,599952,86,2692,13365,100
2792421110516501,599952,86,2692,13365,100
2792421115627857,599989,86,2692,13365,100
2792421120741786,599989,86,2692,13365,100
2792421125853295,599989,86,2692,13365,100
2792421130964729,599989,86,2692,13365,100
2792421136077491,599989,86,2692,13365,100
2792421141188883,599989,86,2692,13365,100
2792421146300386,599989,86,2692,13365,100
2792421151411477,599989,86,2692,13365,100
2792421156522937,599989,86,2692,13365,100
2792421161634313,599989,86,2692,13365,100
2792421166747134,599989,86,2692,13365,100
2792421171859810,599989,86,2692,13365,100
2792421176971412,599989,86,2692,13365,100
2792421182082559,599989,86,2692,13365,100
2792421187193628,599989,86,2692,13365,100
2792421192304951,599989,86,2692,13365,100
2792421197416550,599989,86,2692,13365,100
2792421202528867,599989,86,2692,13365,100
2792421207640281,599989,86,2692,13365,100
2792421212751817,599989,86,2692,13365,100
2792421217862849,599989,86,2692,13365,100
2792421222975522,599989,86,2692,13365,100
2792421228119558,599989,86,2692,13365,100
2792421233231033,599989,86,2692,13365,100
2792421238342611,599989,86,2692,13365,100
2792421243454520,599989,86,2692,13365,100
2792421248566552,599989,86,2692,13365,100
2792421253678318,599989,86,2692,13365,100
2792421258791373,599989,86,2692,13365,100
2792421263902874,599989,86,2692,13365,100
2792421269029326,599989,86,2692,13365,100
2792421274143330,599989,86,2692,13365,100
2792421279254854,599989,86,2692,13365,100
2792421284366263,599989,86,2692,13365,100
2792421289477821,599989,86,2692,13365,100
2792421294589335,599989,86,2692,13365,100
2792421299700588,599989,86,2692,13365,100
2792421304813824,599989,86,2692,13365,100
2792421309925612,599989,86,2692,13365,100
2792421315037209,599989,86,2692,13365,100
2792421320148522,599989,86,2692,13365,100
2792421325261752,599989,86,2692,13365,100
2792421330372786,599989,86,2692,13365,100
2792421335485821,599989,86,2692,13365,100
2792421340597180,599989,86,2692,13365,100
2792421345708919,599989,86,2692,13365,100
2792421350820304,599989,86,2692,13365,100
2792421355931784,599989,86,2692,13365,100
2792421361043465,599989,86,2692,13365,100
2792421366154808,599989,86,2692,13365,100
2792421371267354,599989,86,2692,13365,100
2792421376380358,599989,86,2692,13365,100
2792421381491641,599989,86,2692,13365,100
2792421386603019,599989,86,2692,13365,100
2792421391714443,599989,86,2692,13365,100
2792421396825840,599989,86,2692,13365,100
2792421401937198,599989,86,2692,13365,100
2792421407048749,599989,86,2692,13365,100
2792421412160177,599989,86,2692,13365,100
2792421417271574,599989,86,2692,13365,100
2792421422382776,599989,86,2692,13365,100
2792421427495622,599989,86,2692,13365,100
2792421432607307,599989,86,2692,13365,100
2792421437719099,599989,86,2692,13365,100
2792421442830754,599989,86,2692,13365,100
2792421447942128,599989,86,2692,13365,100
2792421453053122,599989,86,2692,13365,100
2792421458164080,599989,86,2692,13365,100
2792421463275426,599989,86,2692,13365,100
2792421468388594,599989,86,2692,13365,100
2792421473500040,599989,86,2692,13365,100
2792421478612712,599989,86,2692,13365,100
2792421483724383,599989,86,2692,13365,100
2792421488835827,599989,86,2692,13365,100
2792421493947027,599989,86,2692,13365,100
2792421499059662,599989,86,2692,13365,100
2792421504171401,599989,86,2692,13365,100
2792421509282451,599989,86,2692,13365,100
2792421514410761,599989,86,2692,13365,100
2792421519522260,599989,86,2692,13365,100
2792421524633698,599989,86,2692,13365,100
2792421529746542,599989,86,2692,13365,100
2792421534859564,599989,86,2692,13365,100
2792421539970863,599989,86,2692,13365,100
2792421545082076,599989,86,2692,13365,100
2792421550193852,599989,86,2692,13365,100
2792421555305029,599989,86,2692,13365,100
2792421560428955,599989,86,2692,13365,100
2792421565542333,599989,86,2692,13365,100
2792421570654217,599989,86,2692,13365,100
2792421575765418,599989,86,2692,13365,100
2792421580878567,599989,86,2692,13365,100
2792421585989819,599989,86,2692,13365,100
2792421591119056,599989,86,2692,13365,100
2792421596230044,599989,86,2692,13365,100
2792421601341452,599989,86,2692,13365,100
2792421606452604,599989,86,2692,13365,100
2792421611564658,599989,86,2692,13365,100
2792421616675962,600010,86,2692,13365,100
2792421621789475,600010,86,2692,13365,100
2792421626901514,600010,86,2692,13365,100
2792421632029830,600010,86,2692,13365,100
2792421637141227,600010,86,2692,13365,100
2792421642252535,600010,86,2692,13365,100
2792421647366137,600010,86,2692,13365,100
2792421652477376,600010,86,2692,13365,100
2792421657588444,600010,86,2692,13365,100
2792421662699596,600010,86,2692,13365,100
2792421667812469,600010,86,2692,13365,100
2792421672926192,600010,86,2692,13365,100
2792421678039730,600010,86,2692,13365,100
2792421683154962,600010,86,2692,13365,100
2792421688268031,600010,86,2692,13365,100
2792421693380975,600010,86,2692,13365,100
2792421698494163,600010,86,2692,13365,100
2792421703607671,600010,86,2692,13365,100
2792421708720928,600010,86,2692,13365,100
2792421713834393,600010,86,2692,13365,100
2792421718946851,600010,86,2692,13365,100
2792421724060203,600010,86,2692,13365,100
2792421729172498,600010,86,2692,13365,100
2792421734286074,600010,86,2692,13365,100
2792421739397887,600010,86,2692,13365,100
2792421744511228,600010,86,2692,13365,100
2792421749623292,600010,86,2692,13365,100
2792421754735042,600010,86,2692,13365,100
2792421759847866,600010,86,2692,13365,100
2792421764959385,600010,86,2692,13365,100
2792421770070734,600010,86,2692,13365,100
2792421775181889,600010,86,2692,13365,100
2792421780293099,600010,86,2692,13365,100
2792421785405727,600010,86,2692,13365,100
2792421790519207,600010,86,2692,13365,100
2792421795630763,600010,86,2692,13365,100
2792421800742155,600010,86,2692,13365,100
2792421805853237,600010,86,2692,13365,100
2792421810965304,600010,86,2692,13365,100
2792421816077225,600010,86,2692,13365,100
2792421821188549,600010,86,2692,13365,100
2792421826300490,600010,86,2692,13365,100
2792421831411943,600010,86,2692,13365,100
2792421836524286,600010,86,2692,13365,100
2792421841635632,600010,86,2692,13365,100
2792421846746875,600010,86,2692,13365,100
2792421851858632,600010,86,2692,13365,100
2792421856971520,600010,86,2692,13365,100
2792421862082923,600010,86,2692,13365,100
2792421867194314,600010,86,2692,13365,100
2792421872307104,600010,86,2692,13365,100
2792421877418714,600010,86,2692,13365,100
2792421882546387,600010,86,2692,13365,100
2792421887658951,600010,86,2692,13365,100
2792421892770435,600010,86,2692,13365,100
2792421897882535,600010,86,2692,13365,100
2792421902994512,600010,86,2692,13365,100
2792421908122874,600010,86,2692,13365,100
2792421913234617,600010,86,2692,13365,100
2792421918346041,600010,86,2692,13365,100
2792421923457935,600010,86,2692,13365,100
2792421928569326,600010,86,2692,13365,100
2792421933680651,600010,86,2692,13365,100
2792421938795170,600010,86,2692,13365,100
2792421943906963,600010,86,2692,13365,100
2792421949018875,600010,86,2692,13365,100
2792421954130520,600010,86,2692,13365,100
2792421959241908,600010,86,2692,13365,100
2792421964353176,600010,86,2692,13365,100
2792421969465473,600010,86,2692,13365,100
2792421974576890,600010,86,2692,13365,100
2792421979688271,600010,86,2692,13365,100
2792421984799421,600010,86,2692,13365,100
2792421989911979,600010,86,2692,13365,100
2792421995023344,600010,86,2692,13365,100
2792422000134254,600010,86,2692,13365,100
2792422005245998,600010,86,2692,13365,100
2792422010358284,600010,86,2692,13365,100
2792422015470201,600010,86,2692,13365,100
2792422020582337,600010,86,2692,13365,100
2792422025693996,600010,86,2692,13365,100
2792422030805428,600010,86,2692,13365,100
2792422035918479,600010,86,2692,13365,100
2792422041031182,600010,86,2692,13365,100
2792422046142375,600010,86,2692,13365,100
2792422051253672,600010,86,2692,13365,100
2792422056365036,600010,86,2692,13365,100
2792422061476412,600010,86,2692,13365,100
2792422066589793,600010,86,2692,13365,100
2792422071702434,600010,86,2692,13365,100
2792422076815710,600010,86,2692,13365,100
2792422081928082,600010,86,2692,13365,100
2792422087040309,600010,86,2692,13365,100
2792422092154508,600010,86,2692,13365,100
2792422097266619,600010,86,2692,13365,100
2792422102378080,600010,86,2692,13365,100
2792422107489265,600010,86,2692,13365,100
2792422112602657,600010,86,2692,13365,100
2792422117714097,600029,86,2692,13365,100
2792422122826302,600029,86,2692,13365,100
2792422127937130,600029,86,2692,13365,100
2792422133048876,600029,86,2692,13365,100
2792422138160582,600029,86,2692,13365,100
2792422143274959,600029,86,2692,13365,100
2792422148386622,600029,86,2692,13365,100
2792422153498268,600029,86,2692,13365,100
2792422158609429,600029,86,2692,13365,100
2792422163720617,600029,86,2692,13365,100
2792422168831739,600029,86,2692,13365,100
2792422173943797,600029,86,2692,13365,100
2792422179057054,600029,86,2692,13365,100
2792422184168542,600029,86,2692,13365,100
2792422189280090,600029,86,2692,13365,100
2792422194393061,600029,86,2692,13365,100
2792422199504784,600029,86,2692,13365,100
2792422204622843,600029,86,2692,13365,100
2792422209735902,600029,86,2692,13365,100
2792422214847453,600029,86,2692,13365,100
2792422219958938,600029,86,2692,13365,100
2792422225070275,600029,86,2692,13365,100
2792422230181686,600029,86,2692,13365,100
2792422235293026,600029,86,2692,13365,100
2792422240406501,600029,86,2692,13365,100
2792422245519653,600029,86,2692,13365,100
2792422250630579,600029,86,2692,13365,100
2792422255742196,600029,86,2692,13365,100
2792422260853741,600029,86,2692,13365,100
2792422265965031,600029,86,2692,13365,100
2792422271076533,600029,86,2692,13365,100
2792422276191501,600029,86,2692,13365,100
2792422281302871,600029,86,2692,13365,100
2792422286414103,600029,86,2692,13365,100
2792422291525178,600029,86,2692,13365,100
2792422296637615,600029,86,2692,13365,100
2792422301748974,600029,86,2692,13365,100
2792422306863368,600029,86,2692,13365,100
2792422311974672,600029,86,2692,13365,100
2792422317085720,600029,86,2692,13365,100
2792422322197110,600029,86,2692,13365,100
2792422327308896,600029,86,2692,13365,100
2792422332420219,600029,86,2692,13365,100
2792422337531754,600029,86,2692,13365,100
2792422342643903,600029,86,2692,13365,100
2792422347756574,600029,86,2692,13365,100
2792422352867748,600029,86,2692,13365,100
2792422357978932,600029,86,2692,13365,100
2792422363090301,600029,86,2692,13365,100
2792422368201271,600029,86,2692,13365,100
2792422373314594,600029,86,2692,13365,100
2792422378425514,600029,86,2692,13365,100
2792422383536883,600029,86,2692,13365,100
2792422388647955,600029,86,2692,13365,100
2792422393759659,600029,86,2692,13365,100
2792422398872540,600029,86,2692,13365,100
2792422403985812,600029,86,2692,13365,100
2792422409115416,600029,86,2692,13365,100
2792422414226711,600029,86,2692,13365,100
2792422419338377,600029,86,2692,13365,100
2792422424449760,600029,86,2692,13365,100
2792422429560950,600029,86,2692,13365,100
2792422434673018,600029,86,2692,13365,100
2792422439786011,600029,86,2692,13365,100
2792422444897367,600029,86,2692,13365,100
2792422450028891,600029,86,2692,13365,100
2792422455140639,600029,86,2692,13365,100
2792422460252045,600029,86,2692,13365,100
2792422465363629,600029,86,2692,13365,100
2792422470475113,600029,86,2692,13365,100
2792422475586184,600029,86,2692,13365,100
2792422480697490,600029,86,2692,13365,100
2792422485810140,600029,86,2692,13365,100
2792422490921465,600029,86,2692,13365,100
2792422496032771,600029,86,2692,13365,100
2792422501145615,600029,86,2692,13365,100
2792422506257032,600029,86,2692,13365,100
2792422511368533,600029,86,2692,13365,100
2792422516481753,600029,86,2692,13365,100
2792422521593245,600029,86,2692,13365,100
2792422526705037,600029,86,2692,13365,100
2792422531816402,600029,86,2692,13365,100
2792422536943382,600029,86,2692,13365,100
2792422542054599,600029,86,2692,13365,100
2792422547165819,600029,86,2692,13365,100
2792422552278859,600029,86,2692,13365,100
2792422557390214,600029,86,2692,13365,100
2792422562501288,600029,86,2692,13365,100
2792422567613176,600029,86,2692,13365,100
2792422572724897,600029,86,2692,13365,100
2792422577837230,600029,86,2692,13365,100
2792422582950894,600029,86,2692,13365,100
2792422588063026,600029,86,2692,13365,100
2792422593175245,600029,86,2692,13365,100
2792422598286437,600029,86,2692,13365,100
2792422603399272,600029,86,2692,13365,100
2792422608510508,600029,86,2692,13365,100
2792422613622052,600029,86,2692,13365,100
2792422618733409,599940,86,2692,13365,100
2792422623845686,599940,86,2692,13365,100
2792422628957194,599940,86,2692,13365,100
2792422634069214,599940,86,2692,13365,100
2792422639181070,599940,86,2692,13365,100
2792422644292403,599940,86,2692,13365,100
2792422649404168,599940,86,2692,13365,100
2792422654516796,599940,86,2692,13365,100
2792422659627976,599940,86,2692,13365,100
2792422664739049,599940,86,2692,13365,100
2792422669850121,599940,86,2692,13365,100
2792422674961185,599940,86,2692,13365,100
2792422680073000,599940,86,2692,13365,100
2792422685183954,599940,86,2692,13365,100
2792422690295227,599940,86,2692,13365,100
2792422695406453,599940,86,2692,13365,100
2792422700518032,599940,86,2692,13365,100
2792422705630784,599940,86,2692,13365,100
2792422710743452,599940,86,2692,13365,100
2792422715854704,599940,86,2692,13365,100
2792422720966155,599940,86,2692,13365,100
2792422726079198,599940,86,2692,13365,100
2792422731191019,599940,86,2692,13365,100
2792422736304394,599940,86,2692,13365,100
2792422741416615,599940,86,2692,13365,100
2792422746528611,599940,86,2692,13365,100
2792422751640560,599940,86,2692,13365,100
2792422756753592,599940,86,2692,13365,100
2792422761865120,599940,86,2692,13365,100
2792422766978353,599940,86,2692,13365,100
2792422772089934,599940,86,2692,13365,100
2792422777201817,599940,86,2692,13365,100
2792422782313058,599940,86,2692,13365,100
2792422787424358,599940,86,2692,13365,100
2792422792535583,599940,86,2692,13365,100
2792422797646876,599940,86,2692,13365,100
2792422802759832,599940,86,2692,13365,100
2792422807872785,599940,86,2692,13365,100
2792422812984715,599940,86,2692,13365,100
2792422818115241,599940,86,2692,13365,100
2792422823226665,599940,86,2692,13365,100
2792422828338386,599940,86,2692,13365,100
2792422833449907,599940,86,2692,13365,100
2792422838561386,599940,86,2692,13365,100
2792422843672631,599940,86,2692,13365,100
2792422848785847,599940,86,2692,13365,100
2792422853896916,599940,86,2692,13365,100
2792422859025774,599940,86,2692,13365,100
2792422864137457,599940,86,2692,13365,100
2792422869248901,599940,86,2692,13365,100
2792422874360090,599940,86,2692,13365,100
2792422879471458,599940,86,2692,13365,100
2792422884583082,599940,86,2692,13365,100
2792422889694675,599940,86,2692,13365,100
2792422894806999,599940,86,2692,13365,100
2792422899918919,599940,86,2692,13365,100
2792422905030400,599940,86,2692,13365,100
2792422910143424,599940,86,2692,13365,100
2792422915255310,599940,86,2692,13365,100
2792422920366469,599940,86,2692,13365,100
2792422925478821,599940,86,2692,13365,100
2792422930590324,599940,86,2692,13365,100
2792422935701770,599940,86,2692,13365,100
2792422940813265,599940,86,2692,13365,100
2792422945925011,599940,86,2692,13365,100
2792422951036083,599940,86,2692,13365,100
2792422956147560,599940,86,2692,13365,100
2792422961262476,599940,86,2692,13365,100
2792422966374085,599940,86,2692,13365,100
2792422971485399,599940,86,2692,13365,100
2792422976597165,599940,86,2692,13365,100
2792422981708293,599940,86,2692,13365,100
2792422986819470,599940,86,2692,13365,100
2792422991932611,599940,86,2692,13365,100
2792422997044083,599940,86,2692,13365,100
2792423002155227,599940,86,2692,13365,100
2792423007267532,599940,86,2692,13365,100
2792423012381914,599940,86,2692,13365,100
2792423017495049,599940,86,2692,13365,100
2792423022606041,599940,86,2692,13365,100
2792423027717189,599940,86,2692,13365,100
2792423032828242,599940,86,2692,13365,100
2792423037939874,599940,86,2692,13365,100
2792423043051061,599940,86,2692,13365,100
2792423048164212,599940,86,2692,13365,100
2792423053275328,599940,86,2692,13365,100
2792423058386481,599940,86,2692,13365,100
2792423063499053,599940,86,2692,13365,100
2792423068610405,599940,86,2692,13365,100
2792423073721738,599940,86,2692,13365,100
2792423078833066,599940,86,2692,13365,100
2792423083944314,599940,86,2692,13365,100
2792423089056162,599940,86,2692,13365,100
2792423094167357,599940,86,2692,13365,100
2792423099278464,599940,86,2692,13365,100
2792423104389460,599940,86,2692,13365,100
2792423109500809,599940,86,2692,13365,100
2792423114614997,599928,86,2692,13365,100
2792423119727597,599928,86,2692,13365,100
2792423124840411,599928,86,2692,13365,100
2792423129952958,599928,86,2692,13365,100
2792423135064698,599928,86,2692,13365,100
2792423140175915,599928,86,2692,13365,100
2792423145287091,599928,86,2692,13365,100
2792423150398500,599928,86,2692,13365,100
2792423155509810,599928,86,2692,13365,100
2792423160621108,599928,86,2692,13365,100
2792423165733792,599928,86,2692,13365,100
2792423170845101,599928,86,2692,13365,100
2792423175956182,599928,86,2692,13365,100
2792423181067498,599928,86,2692,13365,100
2792423186178686,599928,86,2692,13365,100
2792423191305759,599928,86,2692,13365,100
2792423196418495,599928,86,2692,13365,100
2792423201529552,599928,86,2692,13365,100
2792423206640748,599928,86,2692,13365,100
2792423211752057,599928,86,2692,13365,100
2792423216865416,599928,86,2692,13365,100
2792423221977277,599928,86,2692,13365,100
2792423227089692,599928,86,2692,13365,100
2792423232201018,599928,86,2692,13365,100
2792423237312210,599928,86,2692,13365,100
2792423242423919,599928,86,2692,13365,100
2792423247535077,599928,86,2692,13365,100
2792423252648592,599928,86,2692,13365,100
2792423257759738,599928,86,2692,13365,100
2792423262872850,599928,86,2692,13365,100
2792423267985653,599928,86,2692,13365,100
2792423273114697,599928,86,2692,13365,100
2792423278226229,599928,86,2692,13365,100
2792423283337628,599928,86,2692,13365,100
2792423288449265,599928,86,2692,13365,100
2792423293560675,599928,86,2692,13365,100
2792423298671759,599928,86,2692,13365,100
2792423303784871,599928,86,2692,13365,100
2792423308896097,599928,86,2692,13365,100
2792423314023545,599928,86,2692,13365,100
2792423319136917,599928,86,2692,13365,100
2792423324248701,599928,86,2692,13365,100
2792423329360147,599928,86,2692,13365,100
2792423334471542,599928,86,2692,13365,100
2792423339583043,599928,86,2692,13365,100
2792423344694103,599928,86,2692,13365,100
2792423349807172,599928,86,2692,13365,100
2792423354918528,599928,86,2692,13365,100
2792423360030012,599928,86,2692,13365,100
2792423365141680,599928,86,2692,13365,100
2792423370254835,599928,86,2692,13365,100
2792423375365965,599928,86,2692,13365,100
2792423380478650,599928,86,2692,13365,100
2792423385589978,599928,86,2692,13365,100
2792423390701266,599928,86,2692,13365,100
2792423395812605,599928,86,2692,13365,100
2792423400924324,599928,86,2692,13365,100
2792423406035616,599928,86,2692,13365,100
2792423411146758,599928,86,2692,13365,100
2792423416258604,599928,86,2692,13365,100
2792423421371499,599928,86,2692,13365,100
2792423426482806,599928,86,2692,13365,100
2792423431594022,599928,86,2692,13365,100
2792423436705654,599928,86,2692,13365,100
2792423441817045,599928,86,2692,13365,100
2792423446929716,599928,86,2692,13365,100
2792423452040859,599928,86,2692,13365,100
2792423457152240,599928,86,2692,13365,100
2792423462263800,599928,86,2692,13365,100
2792423467374929,599928,86,2692,13365,100
2792423472488037,599928,86,2692,13365,100
2792423477599577,599928,86,2692,13365,100
2792423482711106,599928,86,2692,13365,100
2792423487822535,599928,86,2692,13365,100
2792423492934058,599928,86,2692,13365,100
2792423498045253,599928,86,2692,13365,100
2792423503156584,599928,86,2692,13365,100
2792423508269280,599928,86,2692,13365,100
2792423513380397,599928,86,2692,13365,100
2792423518491541,599928,86,2692,13365,100
2792423523604728,599928,86,2692,13365,100
2792423528716001,599928,86,2692,13365,100
2792423533827551,599928,86,2692,13365,100
2792423538939981,599928,86,2692,13365,100
2792423544051685,599928,86,2692,13365,100
2792423549163150,599928,86,2692,13365,100
2792423554274634,599928,86,2692,13365,100
2792423559385826,599928,86,2692,13365,100
2792423564496972,599928,86,2692,13365,100
2792423569608122,599928,86,2692,13365,100
2792423574720921,599928,86,2692,13365,100
2792423579832364,599928,86,2692,13365,100
2792423584943846,599928,86,2692,13365,100
2792423590055318,599928,86,2692,13365,100
2792423595166417,599928,86,2692,13365,100
2792423600277807,599928,86,2692,13365,100
2792423605389891,599928,86,2692,13365,100
2792423610500883,599928,86,2692,13365,100
2792423615613755,599984,86,2692,13365,100
2792423620726271,599984,86,2692,13365,100
2792423625839245,599984,86,2692,13365,100
2792423630950690,599984,86,2692,13365,100
2792423636061932,599984,86,2692,13365,100
2792423641173169,599984,86,2692,13365,100
2792423646285735,599984,86,2692,13365,100
2792423651396811,599984,86,2692,13365,100
2792423656511282,599984,86,2692,13365,100
2792423661622629,599984,86,2692,13365,100
2792423666734025,599984,86,2692,13365,100
2792423671845145,599984,86,2692,13365,100
2792423676958189,599984,86,2692,13365,100
2792423682070852,599984,86,2692,13365,100
2792423687181923,599984,86,2692,13365,100
2792423692293133,599984,86,2692,13365,100
2792423697404578,599984,86,2692,13365,100
2792423702515771,599984,86,2692,13365,100
2792423707627176,599984,86,2692,13365,100
2792423712739791,599984,86,2692,13365,100
2792423717851389,599984,86,2692,13365,100
2792423722963018,599984,86,2692,13365,100
2792423728075977,599984,86,2692,13365,100
2792423733187508,599984,86,2692,13365,100
2792423738299131,599984,86,2692,13365,100
2792423743410577,599984,86,2692,13365,100
2792423748522051,599984,86,2692,13365,100
2792423753633504,599984,86,2692,13365,100
2792423758744844,599984,86,2692,13365,100
2792423763856008,599984,86,2692,13365,100
2792423768967105,599984,86,2692,13365,100
2792423774078262,599984,86,2692,13365,100
2792423779192282,599984,86,2692,13365,100
2792423784303458,599984,86,2692,13365,100
2792423789414650,599984,86,2692,13365,100
2792423794525991,599984,86,2692,13365,100
2792423799637086,599984,86,2692,13365,100
2792423804764904,599984,86,2692,13365,100
2792423809876389,599984,86,2692,13365,100
2792423814987773,599984,86,2692,13365,100
2792423820121693,599984,86,2692,13365,100
2792423825233122,599984,86,2692,13365,100
2792423830345882,599984,86,2692,13365,100
2792423835457615,599984,86,2692,13365,100
2792423840569019,599984,86,2692,13365,100
2792423845729087,599984,86,2692,13365,100
2792423850842091,599984,86,2692,13365,100
2792423855953481,599984,86,2692,13365,100
2792423861064884,599984,86,2692,13365,100
2792423866176370,599984,86,2692,13365,100
2792423871287613,599984,86,2692,13365,100
2792423876399326,599984,86,2692,13365,100
2792423881513870,599984,86,2692,13365,100
2792423886625114,599984,86,2692,13365,100
2792423891736523,599984,86,2692,13365,100
2792423896847991,599984,86,2692,13365,100
2792423901960259,599984,86,2692,13365,100
2792423907071427,599984,86,2692,13365,100
2792423912182602,599984,86,2692,13365,100
2792423917295869,599984,86,2692,13365,100
2792423922421933,599984,86,2692,13365,100
2792423927533450,599984,86,2692,13365,100
2792423932646469,599984,86,2692,13365,100
2792423937758042,599984,86,2692,13365,100
2792423942869629,599984,86,2692,13365,100
2792423947982606,599984,86,2692,13365,100
2792423953114895,599984,86,2692,13365,100
2792423958226024,599984,86,2692,13365,100
2792423963337488,599984,86,2692,13365,100
2792423968448740,599984,86,2692,13365,100
2792423973560223,599984,86,2692,13365,100
2792423978671273,599984,86,2692,13365,100
2792423983785153,599984,86,2692,13365,100
2792423988896606,599984,86,2692,13365,100
2792423994025347,599984,86,2692,13365,100
2792423999137543,599984,86,2692,13365,100
2792424004248955,599984,86,2692,13365,100
2792424009360384,599984,86,2692,13365,100
2792424014471903,599984,86,2692,13365,100
2792424019583004,599984,86,2692,13365,100
2792424024694239,599984,86,2692,13365,100
2792424029806823,599984,86,2692,13365,100
2792424034920041,599984,86,2692,13365,100
2792424040031554,599984,86,2692,13365,100
2792424045143110,599984,86,2692,13365,100
2792424050254321,599984,86,2692,13365,100
2792424055365763,599984,86,2692,13365,100
2792424060477439,599984,86,2692,13365,100
2792424065588624,599984,86,2692,13365,100
2792424070699993,599984,86,2692,13365,100
2792424075811477,599984,86,2692,13365,100
2792424080922649,599984,86,2692,13365,100
2792424086035812,599984,86,2692,13365,100
2792424091147106,599984,86,2692,13365,100
2792424096259695,599984,86,2692,13365,100
2792424101370665,599984,86,2692,13365,100
2792424106481904,599984,86,2692,13365,100
2792424111593200,599984,86,2692,13365,100
2792424116704546,599994,86,2692,13365,100
2792424121817037,599994,86,2692,13365,100
2792424126929841,599994,86,2692,13365,100
2792424132041666,599994,86,2692,13365,100
2792424137154654,599994,86,2692,13365,100
2792424142265820,599994,86,2692,13365,100
2792424147377572,599994,86,2692,13365,100
2792424152488683,599994,86,2692,13365,100
2792424157600008,599994,86,2692,13365,100
2792424162712444,599994,86,2692,13365,100
2792424167823742,599994,86,2692,13365,100
2792424172935265,599994,86,2692,13365,100
2792424178046671,599994,86,2692,13365,100
2792424183158194,599994,86,2692,13365,100
2792424188271118,599994,86,2692,13365,100
2792424193383946,599994,86,2692,13365,100
2792424198495217,599994,86,2692,13365,100
2792424203606813,599994,86,2692,13365,100
2792424208718040,599994,86,2692,13365,100
2792424213829020,599994,86,2692,13365,100
2792424218940429,599994,86,2692,13365,100
2792424224052550,599994,86,2692,13365,100
2792424229164017,599994,86,2692,13365,100
2792424234275318,599994,86,2692,13365,100
2792424239388292,599994,86,2692,13365,100
2792424244499543,599994,86,2692,13365,100
2792424249611073,599994,86,2692,13365,100
2792424254722371,599994,86,2692,13365,100
2792424259839400,599994,86,2692,13365,100
2792424264950848,599994,86,2692,13365,100
2792424270062085,599994,86,2692,13365,100
2792424275173465,599994,86,2692,13365,100
2792424280284985,599994,86,2692,13365,100
2792424285396502,599994,86,2692,13365,100
2792424290510502,599994,86,2692,13365,100
2792424295618513,599994,86,2692,13365,100
2792424300729931,599994,86,2692,13365,100
2792424305841263,599994,86,2692,13365,100
2792424310952784,599994,86,2692,13365,100
2792424316064110,599994,86,2692,13365,100
2792424321175797,599994,86,2692,13365,100
2792424326286783,599994,86,2692,13365,100
2792424331398084,599994,86,2692,13365,100
2792424336509346,599994,86,2692,13365,100
2792424341635926,599994,86,2692,13365,100
2792424346747357,599994,86,2692,13365,100
2792424351858869,599994,86,2692,13365,100
2792424356971266,599994,86,2692,13365,100
2792424362082970,599994,86,2692,13365,100
2792424367194275,599994,86,2692,13365,100
2792424372307388,599994,86,2692,13365,100
2792424377419181,599994,86,2692,13365,100
2792424382530753,599994,86,2692,13365,100
2792424387641918,599994,86,2692,13365,100
2792424392754958,599994,86,2692,13365,100
2792424397866467,599994,86,2692,13365,100
2792424402979079,599994,86,2692,13365,100
2792424408090650,599994,86,2692,13365,100
2792424413201892,599994,86,2692,13365,100
2792424418313464,599994,86,2692,13365,100
2792424423424493,599994,86,2692,13365,100
2792424428535655,599994,86,2692,13365,100
2792424433647038,599994,86,2692,13365,100
2792424438758370,599994,86,2692,13365,100
2792424443871342,599994,86,2692,13365,100
2792424448982591,599994,86,2692,13365,100
2792424454111564,599994,86,2692,13365,100
2792424459222832,599994,86,2692,13365,100
2792424464334130,599994,86,2692,13365,100
2792424469445417,599994,86,2692,13365,100
2792424474556865,599994,86,2692,13365,100
2792424479667897,599994,86,2692,13365,100
2792424484780998,599994,86,2692,13365,100
2792424489892378,599994,86,2692,13365,100
2792424495021019,599994,86,2692,13365,100
2792424500148222,599994,86,2692,13365,100
2792424505259913,599994,86,2692,13365,100
2792424510371307,599994,86,2692,13365,100
2792424515482840,599994,86,2692,13365,100
2792424520593896,599994,86,2692,13365,100
2792424525705229,599994,86,2692,13365,100
2792424530817925,599994,86,2692,13365,100
2792424535929158,599994,86,2692,13365,100
2792424541040604,599994,86,2692,13365,100
2792424546154371,599994,86,2692,13365,100
2792424551265683,599994,86,2692,13365,100
2792424556376679,599994,86,2692,13365,100
2792424561488304,599994,86,2692,13365,100
2792424566599774,599994,86,2692,13365,100
2792424571711396,599994,86,2692,13365,100
2792424576823063,599994,86,2692,13365,100
2792424581934605,599994,86,2692,13365,100
2792424587045726,599994,86,2692,13365,100
2792424592157108,599994,86,2692,13365,100
2792424597271447,599994,86,2692,13365,100
2792424602382803,599994,86,2692,13365,100
2792424607494182,599994,86,2692,13365,100
2792424612605515,599994,86,2692,13365,100
2792424617717240,599987,86,2692,13365,100
2792424622829361,599987,86,2692,13365,100
2792424627942667,599987,86,2692,13365,100
2792424633054273,599987,86,2692,13365,100
2792424638165308,599987,86,2692,13365,100
2792424643276587,599987,86,2692,13365,100
2792424648389430,599987,86,2692,13365,100
2792424653500771,599987,86,2692,13365,100
2792424658613560,599987,86,2692,13365,100
2792424663724988,599987,86,2692,13365,100
2792424668836233,599987,86,2692,13365,100
2792424673947728,599987,86,2692,13365,100
2792424679058957,599987,86,2692,13365,100
2792424684170266,599987,86,2692,13365,100
2792424689281494,599987,86,2692,13365,100
2792424694394422,599987,86,2692,13365,100
2792424699507581,599987,86,2692,13365,100
2792424704618971,599987,86,2692,13365,100
2792424709730063,599987,86,2692,13365,100
2792424714841524,599987,86,2692,13365,100
2792424719952573,599987,86,2692,13365,100
2792424725065223,599987,86,2692,13365,100
2792424730176637,599987,86,2692,13365,100
2792424735287941,599987,86,2692,13365,100
2792424740399444,599987,86,2692,13365,100
2792424745510361,599987,86,2692,13365,100
2792424750639099,599987,86,2692,13365,100
2792424755750651,599987,86,2692,13365,100
2792424760862974,599987,86,2692,13365,100
2792424765974438,599987,86,2692,13365,100
2792424771085870,599987,86,2692,13365,100
2792424776197349,599987,86,2692,13365,100
2792424781308746,599987,86,2692,13365,100
2792424786426121,599987,86,2692,13365,100
2792424791538786,599987,86,2692,13365,100
2792424796650330,599987,86,2692,13365,100
2792424801763122,599987,86,2692,13365,100
2792424806874252,599987,86,2692,13365,100
2792424811985746,599987,86,2692,13365,100
2792424817115390,599987,86,2692,13365,100
2792424822226867,599987,86,2692,13365,100
2792424827338621,599987,86,2692,13365,100
2792424832449757,599987,86,2692,13365,100
2792424837561033,599987,86,2692,13365,100
2792424842672224,599987,86,2692,13365,100
2792424847795191,599987,86,2692,13365,100
2792424852908487,599987,86,2692,13365,100
2792424858019915,599987,86,2692,13365,100
2792424863131122,599987,86,2692,13365,100
2792424868242384,599987,86,2692,13365,100
2792424873353716,599987,86,2692,13365,100
2792424878465477,599987,86,2692,13365,100
2792424883577034,599987,86,2692,13365,100
2792424888688577,599987,86,2692,13365,100
2792424893799598,599987,86,2692,13365,100
2792424898911026,599987,86,2692,13365,100
2792424904024771,599987,86,2692,13365,100
2792424909135989,599987,86,2692,13365,100
2792424914248474,599987,86,2692,13365,100
2792424919359705,599987,86,2692,13365,100
2792424924470977,599987,86,2692,13365,100
2792424929582141,599987,86,2692,13365,100
2792424934693344,599987,86,2692,13365,100
2792424939804781,599987,86,2692,13365,100
2792424944918026,599987,86,2692,13365,100
2792424950029731,599987,86,2692,13365,100
2792424955142799,599987,86,2692,13365,100
2792424960253759,599987,86,2692,13365,100
2792424965364943,599987,86,2692,13365,100
2792424970476308,599987,86,2692,13365,100
2792424975587833,599987,86,2692,13365,100
2792424980700703,599987,86,2692,13365,100
2792424985812121,599987,86,2692,13365,100
2792424990923466,599987,86,2692,13365,100
2792424996034942,599987,86,2692,13365,100
2792425001146335,599987,86,2692,13365,100
2792425006258907,599987,86,2692,13365,100
2792425011371819,599987,86,2692,13365,100
2792425016484116,599987,86,2692,13365,100
2792425021595668,599987,86,2692,13365,100
2792425026706653,599987,86,2692,13365,100
2792425031818122,599987,86,2692,13365,100
2792425036929401,599987,86,2692,13365,100
2792425042041076,599987,86,2692,13365,100
2792425047152535,599987,86,2692,13365,100
2792425052264027,599987,86,2692,13365,100
2792425057377011,599987,86,2692,13365,100
2792425062488387,599987,86,2692,13365,100
2792425067599718,599987,86,2692,13365,100
2792425072711112,599987,86,2692,13365,100
2792425077824281,599987,86,2692,13365,100
2792425082935866,599987,86,2692,13365,100
2792425088047024,599987,86,2692,13365,100
2792425093158635,599987,86,2692,13365,100
2792425098269943,599987,86,2692,13365,100
2792425103382487,599987,86,2692,13365,100
2792425108496654,599987,86,2692,13365,100
2792425113608220,599987,86,2692,13365,100
2792425118719837,599952,86,2692,13365,100
2792425123832045,599952,86,2692,13365,100
2792425128943665,599952,86,2692,13365,100
2792425134055445,599952,86,2692,13365,100
2792425139167350,599952,86,2692,13365,100
2792425144278970,599952,86,2692,13365,100
2792425149400958,599952,86,2692,13365,100
2792425154527995,599952,86,2692,13365,100
2792425159640878,599952,86,2692,13365,100
2792425164751920,599952,86,2692,13365,100
2792425169863432,599952,86,2692,13365,100
2792425174975920,599952,86,2692,13365,100
2792425180087349,599952,86,2692,13365,100
2792425185198678,599952,86,2692,13365,100
2792425190310044,599952,86,2692,13365,100
2792425195421367,599952,86,2692,13365,100
2792425200532767,599952,86,2692,13365,100
2792425205644525,599952,86,2692,13365,100
2792425210757107,599952,86,2692,13365,100
2792425215868848,599952,86,2692,13365,100
2792425220980352,599952,86,2692,13365,100
2792425226092737,599952,86,2692,13365,100
2792425231203989,599952,86,2692,13365,100
2792425236317031,599952,86,2692,13365,100
2792425241428356,599952,86,2692,13365,100
2792425246548712,599952,86,2692,13365,100
2792425251660195,599952,86,2692,13365,100
2792425256771487,599952,86,2692,13365,100
2792425261884519,599952,86,2692,13365,100
2792425266995984,599952,86,2692,13365,100
2792425272126044,599952,86,2692,13365,100
2792425277237273,599952,86,2692,13365,100
2792425282348729,599952,86,2692,13365,100
2792425287460072,599952,86,2692,13365,100
2792425292571186,599952,86,2692,13365,100
2792425297682576,599952,86,2692,13365,100
2792425302795401,599952,86,2692,13365,100
2792425307906865,599952,86,2692,13365,100
2792425313020059,599952,86,2692,13365,100
2792425318131204,599952,86,2692,13365,100
2792425323242718,599952,86,2692,13365,100
2792425328353943,599952,86,2692,13365,100
2792425333466187,599952,86,2692,13365,100
2792425338577210,599952,86,2692,13365,100
2792425343688310,599952,86,2692,13365,100
2792425348799546,599952,86,2692,13365,100
2792425353911163,599952,86,2692,13365,100
2792425359022657,599952,86,2692,13365,100
2792425364135487,599952,86,2692,13365,100
2792425369248456,599952,86,2692,13365,100
2792425374359743,599952,86,2692,13365,100
2792425379471369,599952,86,2692,13365,100
2792425384582817,599952,86,2692,13365,100
2792425389694338,599952,86,2692,13365,100
2792425394821208,599952,86,2692,13365,100
2792425399933932,599952,86,2692,13365,100
2792425405045199,599952,86,2692,13365,100
2792425410156661,599952,86,2692,13365,100
2792425415269985,599952,86,2692,13365,100
2792425420381512,599952,86,2692,13365,100
2792425425492447,599952,86,2692,13365,100
2792425430603624,599952,86,2692,13365,100
2792425435716425,599952,86,2692,13365,100
2792425440827740,599952,86,2692,13365,100
2792425445938850,599952,86,2692,13365,100
2792425451059111,599952,86,2692,13365,100
2792425456170495,599952,86,2692,13365,100
2792425461281723,599952,86,2692,13365,100
2792425466395596,599952,86,2692,13365,100
2792425471506772,599952,86,2692,13365,100
2792425476618000,599952,86,2692,13365,100
2792425481729529,599952,86,2692,13365,100
2792425486840687,599952,86,2692,13365,100
2792425491952058,599952,86,2692,13365,100
2792425497063407,599952,86,2692,13365,100
2792425502174602,599952,86,2692,13365,100
2792425507286039,599952,86,2692,13365,100
2792425512397235,599952,86,2692,13365,100
2792425517510246,599952,86,2692,13365,100
2792425522621896,599952,86,2692,13365,100
2792425527733163,599952,86,2692,13365,100
2792425532845845,599952,86,2692,13365,100
2792425537956923,599952,86,2692,13365,100
2792425543068216,599952,86,2692,13365,100
2792425548179698,599952,86,2692,13365,100
2792425553291025,599952,86,2692,13365,100
2792425558402395,599952,86,2692,13365,100
2792425563514986,599952,86,2692,13365,100
2792425568627576,599952,86,2692,13365,100
2792425573739373,599952,86,2692,13365,100
2792425578851149,599952,86,2692,13365,100
2792425583962759,599952,86,2692,13365,100
2792425589076046,599952,86,2692,13365,100
2792425594188202,599952,86,2692,13365,100
2792425599300595,599952,86,2692,13365,100
2792425604412851,599952,86,2692,13365,100
2792425609524199,599952,86,2692,13365,100
2792425614637003,599971,86,2692,13365,100
2792425619751636,599971,86,2692,13365,100
2792425624865439,599971,86,2692,13365,100
2792425629978541,599971,86,2692,13365,100
2792425635091568,599971,86,2692,13365,100
2792425640202845,599971,86,2692,13365,100
2792425645314331,599971,86,2692,13365,100
2792425650425954,599971,86,2692,13365,100
2792425655537338,599971,86,2692,13365,100
2792425660649169,599971,86,2692,13365,100
2792425665762176,599971,86,2692,13365,100
2792425670875433,599971,86,2692,13365,100
2792425675986597,599971,86,2692,13365,100
2792425681117133,599971,86,2692,13365,100
2792425686228345,599971,86,2692,13365,100
2792425691339929,599971,86,2692,13365,100
2792425696453340,599971,86,2692,13365,100
2792425701565418,599971,86,2692,13365,100
2792425706678179,599971,86,2692,13365,100
2792425711779035,599971,86,2692,13365,100
2792425716885791,599971,86,2692,13365,100
2792425722020176,599971,86,2692,13365,100
2792425727133172,599971,86,2692,13365,100
2792425732245781,599971,86,2692,13365,100
2792425737358755,599971,86,2692,13365,100
2792425742470669,599971,86,2692,13365,100
2792425747582762,599971,86,2692,13365,100
2792425752695538,599971,86,2692,13365,100
2792425757808475,599971,86,2692,13365,100
2792425762921397,599971,86,2692,13365,100
2792425768034632,599971,86,2692,13365,100
2792425773148821,599971,86,2692,13365,100
2792425778262104,599971,86,2692,13365,100
2792425783374973,599971,86,2692,13365,100
2792425788487033,599971,86,2692,13365,100
2792425793599066,599971,86,2692,13365,100
2792425798711306,599971,86,2692,13365,100
2792425803824935,599971,86,2692,13365,100
2792425808954077,599971,86,2692,13365,100
2792425814076055,599971,86,2692,13365,100
2792425819226107,599971,86,2692,13365,100
2792425824340760,599971,86,2692,13365,100
2792425829453176,599971,86,2692,13365,100
2792425834565332,599971,86,2692,13365,100
2792425839678381,599971,86,2692,13365,100
2792425844790826,599971,86,2692,13365,100
2792425849904450,599971,86,2692,13365,100
2792425855027671,599971,86,2692,13365,100
2792425860140954,599971,86,2692,13365,100
2792425865254199,599971,86,2692,13365,100
2792425870366710,599971,86,2692,13365,100
2792425875480203,599971,86,2692,13365,100
2792425880573870,599971,86,2692,13365,100
2792425885667521,599971,86,2692,13365,100
2792425890766297,599971,86,2692,13365,100
2792425895867512,599971,86,2692,13365,100
2792425900968017,599971,86,2692,13365,100
2792425906058014,599971,86,2692,13365,100
2792425911158406,599971,86,2692,13365,100
2792425916259503,599971,86,2692,13365,100
2792425921357776,599971,86,2692,13365,100
2792425926471721,599971,86,2692,13365,100
2792425931585321,599971,86,2692,13365,100
2792425936698488,599971,86,2692,13365,100
2792425941812345,599971,86,2692,13365,100
2792425946924615,599971,86,2692,13365,100
2792425952043490,599971,86,2692,13365,100
2792425957132560,599971,86,2692,13365,100
2792425962210273,599971,86,2692,13365,100
2792425967274345,599971,86,2692,13365,100
2792425972334700,599971,86,2692,13365,100
2792425977396081,599971,86,2692,13365,100
2792425982455200,599971,86,2692,13365,100
2792425987514305,599971,86,2692,13365,100
2792425992575179,599971,86,2692,13365,100
2792425997634574,599971,86,2692,13365,100
2792426002693139,599971,86,2692,13365,100
2792426007752015,599971,86,2692,13365,100
2792426012811761,599971,86,2692,13365,100
2792426017871072,599971,86,2692,13365,100
2792426022927050,599971,86,2692,13365,100
2792426027982878,599971,86,2692,13365,100
2792426033005610,599971,86,2692,13365,100
2792426038061988,599971,86,2692,13365,100
2792426043117848,599971,86,2692,13365,100
2792426048176899,599971,86,2692,13365,100
2792426053232769,599971,86,2692,13365,100
2792426058288510,599971,86,2692,13365,100
2792426063345615,599971,86,2692,13365,100
2792426068401429,599971,86,2692,13365,100
2792426073459074,599971,86,2692,13365,100
2792426078518237,599971,86,2692,13365,100
2792426083576579,599971,86,2692,13365,100
2792426088634190,599971,86,2692,13365,100
2792426093691620,599971,86,2692,13365,100
2792426098749104,599971,86,2692,13365,100
2792426103806490,599971,86,2692,13365,100
2792426108864044,599971,86,2692,13365,100
2792426113924027,599971,86,2692,13365,100
2792426118981257,600011,86,2692,13365,100
2792426124042544,600011,86,2692,13365,100
2792426129100543,600011,86,2692,13365,100
2792426134158314,600011,86,2692,13365,100
2792426139215943,600011,86,2692,13365,100
2792426144273211,600011,86,2692,13365,100
2792426149332633,600011,86,2692,13365,100
2792426154389544,600011,86,2692,13365,100
2792426159446946,600011,86,2692,13365,100
2792426164504019,600011,86,2692,13365,100
2792426169561447,600011,86,2692,13365,100
2792426174618293,600011,86,2692,13365,100
2792426179675558,600011,86,2692,13365,100
2792426184734273,600011,86,2692,13365,100
2792426189790065,600011,86,2692,13365,100
2792426194845880,600011,86,2692,13365,100
2792426199902345,600011,86,2692,13365,100
2792426204957988,600011,86,2692,13365,100
2792426210018319,600011,86,2692,13365,100
2792426215078368,600011,86,2692,13365,100
2792426220138442,600011,86,2692,13365,100
2792426225194697,600011,86,2692,13365,100
2792426230251922,600011,86,2692,13365,100
2792426235309199,600011,86,2692,13365,100
2792426240365912,600011,86,2692,13365,100
2792426245423878,600011,86,2692,13365,100
2792426250483143,600011,86,2692,13365,100
2792426255540339,600011,86,2692,13365,100
2792426260596174,600011,86,2692,13365,100
2792426265652210,600011,86,2692,13365,100
2792426270708396,600011,86,2692,13365,100
2792426275764655,600011,86,2692,13365,100
2792426280821013,600011,86,2692,13365,100
2792426285880523,600011,86,2692,13365,100
2792426290936431,600011,86,2692,13365,100
2792426295992164,600011,86,2692,13365,100
2792426301004607,600011,86,2692,13365,100
2792426306060478,600011,86,2692,13365,100
2792426311116331,600011,86,2692,13365,100
2792426316176257,600011,86,2692,13365,100
2792426321232191,600011,86,2692,13365,100
2792426326287949,600011,86,2692,13365,100
2792426331343891,600011,86,2692,13365,100
2792426336399687,600011,86,2692,13365,100
2792426341455544,600011,86,2692,13365,100
2792426346511289,600011,86,2692,13365,100
2792426351567756,600011,86,2692,13365,100
2792426356623606,600011,86,2692,13365,100
2792426361679609,600011,86,2692,13365,100
2792426366735738,600011,86,2692,13365,100
2792426371791588,600011,86,2692,13365,100
2792426376847514,600011,86,2692,13365,100
2792426381906563,600011,86,2692,13365,100
2792426386962235,600011,86,2692,13365,100
2792426392018023,600011,86,2692,13365,100
2792426397073861,600011,86,2692,13365,100
2792426402129864,600011,86,2692,13365,100
2792426407185710,600011,86,2692,13365,100
2792426412241633,600011,86,2692,13365,100
2792426417298704,600011,86,2692,13365,100
2792426422355010,600011,86,2692,13365,100
2792426427411697,600011,86,2692,13365,100
2792426432467472,600011,86,2692,13365,100
2792426437524304,600011,86,2692,13365,100
2792426442580125,600011,86,2692,13365,100
2792426447638833,600011,86,2692,13365,100
2792426452694652,600011,86,2692,13365,100
2792426457755705,600011,86,2692,13365,100
2792426462811542,600011,86,2692,13365,100
2792426467867398,600011,86,2692,13365,100
2792426472923198,600011,86,2692,13365,100
2792426477979040,600011,86,2692,13365,100
2792426483035001,600011,86,2692,13365,100
2792426488090895,600011,86,2692,13365,100
2792426493146747,600011,86,2692,13365,100
2792426498202706,600011,86,2692,13365,100
2792426503258486,600011,86,2692,13365,100
2792426508314249,600011,86,2692,13365,100
2792426513370281,600011,86,2692,13365,100
2792426518426394,600011,86,2692,13365,100
2792426523482501,600011,86,2692,13365,100
2792426528540396,600011,86,2692,13365,100
2792426533596583,600011,86,2692,13365,100
2792426538652355,600011,86,2692,13365,100
2792426543711135,600011,86,2692,13365,100
2792426548766927,600011,86,2692,13365,100
2792426553822683,600011,86,2692,13365,100
2792426558878435,600011,86,2692,13365,100
2792426563934288,600011,86,2692,13365,100
2792426568990211,600011,86,2692,13365,100
2792426574046100,600011,86,2692,13365,100
2792426579102119,600011,86,2692,13365,100
2792426584158037,600011,86,2692,13365,100
2792426589213777,600011,86,2692,13365,100
2792426594269707,600011,86,2692,13365,100
2792426599325597,600011,86,2692,13365,100
2792426604381474,600011,86,2692,13365,100
2792426609440697,600011,86,2692,13365,100
2792426614496822,600034,86,2692,13365,100
2792426619556613,600034,86,2692,13365,100
2792426624612885,600034,86,2692,13365,100
2792426629668724,600034,86,2692,13365,100
2792426634725489,600034,86,2692,13365,100
2792426639781327,600034,86,2692,13365,100
2792426644837165,600034,86,2692,13365,100
2792426649896120,600034,86,2692,13365,100
2792426654951084,600034,86,2692,13365,100
2792426660006975,600034,86,2692,13365,100
2792426665063061,600034,86,2692,13365,100
2792426670128345,600034,86,2692,13365,100
2792426675189717,600034,86,2692,13365,100
2792426680249749,600034,86,2692,13365,100
2792426685309169,600034,86,2692,13365,100
2792426690368515,600034,86,2692,13365,100
2792426695427926,600034,86,2692,13365,100
2792426700487359,600034,86,2692,13365,100
2792426705543626,600034,86,2692,13365,100
2792426710603382,600034,86,2692,13365,100
2792426715662511,600034,86,2692,13365,100
2792426720722606,600034,86,2692,13365,100
2792426725782086,600034,86,2692,13365,100
2792426730838617,600034,86,2692,13365,100
2792426735896220,600034,86,2692,13365,100
2792426740953162,600034,86,2692,13365,100
2792426746009793,600034,86,2692,13365,100
2792426751066470,600034,86,2692,13365,100
2792426756125819,600034,86,2692,13365,100
2792426761183098,600034,86,2692,13365,100
2792426766239859,600034,86,2692,13365,100
2792426771295861,600034,86,2692,13365,100
2792426776351646,600034,86,2692,13365,100
2792426781407520,600034,86,2692,13365,100
2792426786463337,600034,86,2692,13365,100
2792426791522059,600034,86,2692,13365,100
2792426796577943,600034,86,2692,13365,100
2792426801634698,600034,86,2692,13365,100
2792426806690515,600034,86,2692,13365,100
2792426811746457,600034,86,2692,13365,100
2792426816802647,600034,86,2692,13365,100
2792426821861580,600034,86,2692,13365,100
2792426826917364,600034,86,2692,13365,100
2792426831973119,600034,86,2692,13365,100
2792426837028942,600034,86,2692,13365,100
2792426842084648,600034,86,2692,13365,100
2792426847140337,600034,86,2692,13365,100
2792426852196297,600034,86,2692,13365,100
2792426857255009,600034,86,2692,13365,100
2792426862310765,600034,86,2692,13365,100
2792426867366473,600034,86,2692,13365,100
2792426872422834,600034,86,2692,13365,100
2792426877480211,600034,86,2692,13365,100
2792426882535938,600034,86,2692,13365,100
2792426887595154,600034,86,2692,13365,100
2792426892651915,600034,86,2692,13365,100
2792426897707653,600034,86,2692,13365,100
2792426902763558,600034,86,2692,13365,100
2792426907819318,600034,86,2692,13365,100
2792426912876035,600034,86,2692,13365,100
2792426917932096,600034,86,2692,13365,100
2792426922991679,600034,86,2692,13365,100
2792426928048457,600034,86,2692,13365,100
2792426933104464,600034,86,2692,13365,100
2792426938160552,600034,86,2692,13365,100
2792426943216436,600034,86,2692,13365,100
2792426948272347,600034,86,2692,13365,100
2792426953333257,600034,86,2692,13365,100
2792426958389100,600034,86,2692,13365,100
2792426963444896,600034,86,2692,13365,100
2792426968500694,600034,86,2692,13365,100
2792426973556618,600034,86,2692,13365,100
2792426978612623,600034,86,2692,13365,100
2792426983668445,600034,86,2692,13365,100
2792426988729084,600034,86,2692,13365,100
2792426993784897,600034,86,2692,13365,100
2792426998840744,600034,86,2692,13365,100
2792427003896658,600034,86,2692,13365,100
2792427008952650,600034,86,2692,13365,100
2792427014008907,600034,86,2692,13365,100
2792427019067636,600034,86,2692,13365,100
2792427024123505,600034,86,2692,13365,100
2792427029179648,600034,86,2692,13365,100
2792427034235551,600034,86,2692,13365,100
2792427039291282,600034,86,2692,13365,100
2792427044347034,600034,86,2692,13365,100
2792427049402904,600034,86,2692,13365,100
2792427054458847,600034,86,2692,13365,100
2792427059514625,600034,86,2692,13365,100
2792427064570509,600034,86,2692,13365,100
2792427069626579,600034,86,2692,13365,100
2792427074682646,600034,86,2692,13365,100
2792427079738548,600034,86,2692,13365,100
2792427084797322,600034,86,2692,13365,100
2792427089853131,600034,86,2692,13365,100
2792427094909000,600034,86,2692,13365,100
2792427099964821,600034,86,2692,13365,100
2792427105023973,600034,86,2692,13365,100
2792427110079774,600034,86,2692,13365,100
2792427115136204,599977,86,2692,13365,100
2792427120194169,599977,86,2692,13365,100
2792427125250247,599977,86,2692,13365,100
2792427130306222,599977,86,2692,13365,100
2792427135361986,599977,86,2692,13365,100
2792427140417810,599977,86,2692,13365,100
2792427145473612,599977,86,2692,13365,100
2792427150532553,599977,86,2692,13365,100
2792427155588303,599977,86,2692,13365,100
2792427160644143,599977,86,2692,13365,100
2792427165700020,599977,86,2692,13365,100
2792427170755843,599977,86,2692,13365,100
2792427175813058,599977,86,2692,13365,100
2792427180869588,599977,86,2692,13365,100
2792427185926406,599977,86,2692,13365,100
2792427190982766,599977,86,2692,13365,100
2792427196038591,599977,86,2692,13365,100
2792427201094352,599977,86,2692,13365,100
2792427206150100,599977,86,2692,13365,100
2792427211205901,599977,86,2692,13365,100
2792427216265278,599977,86,2692,13365,100
2792427221322136,599977,86,2692,13365,100
2792427226378024,599977,86,2692,13365,100
2792427231433825,599977,86,2692,13365,100
2792427236489582,599977,86,2692,13365,100
2792427241545376,599977,86,2692,13365,100
2792427246604817,599977,86,2692,13365,100
2792427251660576,599977,86,2692,13365,100
2792427256716564,599977,86,2692,13365,100
2792427261772432,599977,86,2692,13365,100
2792427266829269,599977,86,2692,13365,100
2792427271885587,599977,86,2692,13365,100
2792427276941510,599977,86,2692,13365,100
2792427281999379,599977,86,2692,13365,100
2792427287072023,599977,86,2692,13365,100
2792427292127873,599977,86,2692,13365,100
2792427297183584,599977,86,2692,13365,100
2792427302239385,599977,86,2692,13365,100
2792427307295188,599977,86,2692,13365,100
2792427312351112,599977,86,2692,13365,100
2792427317409676,599977,86,2692,13365,100
2792427322465805,599977,86,2692,13365,100
2792427327521742,599977,86,2692,13365,100
2792427332577557,599977,86,2692,13365,100
2792427337633428,599977,86,2692,13365,100
2792427342689272,599977,86,2692,13365,100
2792427347745106,599977,86,2692,13365,100
2792427352801120,599977,86,2692,13365,100
2792427357857949,599977,86,2692,13365,100
2792427362913703,599977,86,2692,13365,100
2792427367969481,599977,86,2692,13365,100
2792427373025396,599977,86,2692,13365,100
2792427378081407,599977,86,2692,13365,100
2792427383140367,599977,86,2692,13365,100
2792427388196261,599977,86,2692,13365,100
2792427393251990,599977,86,2692,13365,100
2792427398307711,599977,86,2692,13365,100
2792427403363509,599977,86,2692,13365,100
2792427408419287,599977,86,2692,13365,100
2792427413478628,599977,86,2692,13365,100
2792427418534653,599977,86,2692,13365,100
2792427423591392,599977,86,2692,13365,100
2792427428647249,599977,86,2692,13365,100
2792427433703087,599977,86,2692,13365,100
2792427438759073,599977,86,2692,13365,100
2792427443815010,599977,86,2692,13365,100
2792427448873596,599977,86,2692,13365,100
2792427453929442,599977,86,2692,13365,100
2792427458985256,599977,86,2692,13365,100
2792427464041108,599977,86,2692,13365,100
2792427469096874,599977,86,2692,13365,100
2792427474152642,599977,86,2692,13365,100
2792427479214737,599977,86,2692,13365,100
2792427484270737,599977,86,2692,13365,100
2792427489326597,599977,86,2692,13365,100
2792427494382462,599977,86,2692,13365,100
2792427499439081,599977,86,2692,13365,100
2792427504495006,599977,86,2692,13365,100
2792427509550996,599977,86,2692,13365,100
2792427514609664,599977,86,2692,13365,100
2792427519666214,599977,86,2692,13365,100
2792427524722658,599977,86,2692,13365,100
2792427529778564,599977,86,2692,13365,100
2792427534834331,599977,86,2692,13365,100
2792427539890614,599977,86,2692,13365,100
2792427544946480,599977,86,2692,13365,100
2792427550002545,599977,86,2692,13365,100
2792427555058491,599977,86,2692,13365,100
2792427560114221,599977,86,2692,13365,100
2792427565169998,599977,86,2692,13365,100
2792427570225790,599977,86,2692,13365,100
2792427575281702,599977,86,2692,13365,100
2792427580340733,599977,86,2692,13365,100
2792427585396648,599977,86,2692,13365,100
2792427590452344,599977,86,2692,13365,100
2792427595508125,599977,86,2692,13365,100
2792427600563880,599977,86,2692,13365,100
2792427605619608,599977,86,2692,13365,100
2792427610678185,599977,86,2692,13365,100
2792427615736808,599985,86,2692,13365,100
2792427620794143,599985,86,2692,13365,100
2792427625851085,599985,86,2692,13365,100
2792427630906983,599985,86,2692,13365,100
2792427635962905,599985,86,2692,13365,100
2792427641018806,599985,86,2692,13365,100
2792427646077869,599985,86,2692,13365,100
2792427651133633,599985,86,2692,13365,100
2792427656189554,599985,86,2692,13365,100
2792427661245410,599985,86,2692,13365,100
2792427666301177,599985,86,2692,13365,100
2792427671357039,599985,86,2692,13365,100
2792427676412808,599985,86,2692,13365,100
2792427681469300,599985,86,2692,13365,100
2792427686525243,599985,86,2692,13365,100
2792427691581143,599985,86,2692,13365,100
2792427696637551,599985,86,2692,13365,100
2792427701693744,599985,86,2692,13365,100
2792427706750075,599985,86,2692,13365,100
2792427711808596,599985,86,2692,13365,100
2792427716865123,599985,86,2692,13365,100
2792427721921120,599985,86,2692,13365,100
2792427726979755,599985,86,2692,13365,100
2792427732040135,599985,86,2692,13365,100
2792427737100103,599985,86,2692,13365,100
2792427742156708,599985,86,2692,13365,100
2792427747213499,599985,86,2692,13365,100
2792427752272240,599985,86,2692,13365,100
2792427757329157,599985,86,2692,13365,100
2792427762385755,599985,86,2692,13365,100
2792427767445959,599985,86,2692,13365,100
2792427772505888,599985,86,2692,13365,100
2792427777562326,599985,86,2692,13365,100
2792427782618317,599985,86,2692,13365,100
2792427787674787,599985,86,2692,13365,100
2792427792730561,599985,86,2692,13365,100
2792427797787019,599985,86,2692,13365,100
2792427802845747,599985,86,2692,13365,100
2792427807902441,599985,86,2692,13365,100
2792427812958446,599985,86,2692,13365,100
2792427818015250,599985,86,2692,13365,100
2792427823074026,599985,86,2692,13365,100
2792427828130955,599985,86,2692,13365,100
2792427833189147,599985,86,2692,13365,100
2792427838246624,599985,86,2692,13365,100
2792427843303800,599985,86,2692,13365,100
2792427848360925,599985,86,2692,13365,100
2792427853421402,599985,86,2692,13365,100
2792427858478841,599985,86,2692,13365,100
2792427863536171,599985,86,2692,13365,100
2792427868594349,599985,86,2692,13365,100
2792427873651596,599985,86,2692,13365,100
2792427878714232,599985,86,2692,13365,100
2792427883773756,599985,86,2692,13365,100
2792427888834098,599985,86,2692,13365,100
2792427893890939,599985,86,2692,13365,100
2792427898950556,599985,86,2692,13365,100
2792427904008006,599985,86,2692,13365,100
2792427909064563,599985,86,2692,13365,100
2792427914121903,599985,86,2692,13365,100
2792427919179087,599985,86,2692,13365,100
2792427924234905,599985,86,2692,13365,100
2792427929293575,599985,86,2692,13365,100
2792427934349577,599985,86,2692,13365,100
2792427939405794,599985,86,2692,13365,100
2792427944461617,599985,86,2692,13365,100
2792427949517654,599985,86,2692,13365,100
2792427954573696,599985,86,2692,13365,100
2792427959632230,599985,86,2692,13365,100
2792427964688126,599985,86,2692,13365,100
2792427969744308,599985,86,2692,13365,100
2792427974800217,599985,86,2692,13365,100
2792427979856392,599985,86,2692,13365,100
2792427984912438,599985,86,2692,13365,100
2792427989968645,599985,86,2692,13365,100
2792427995027571,599985,86,2692,13365,100
2792428000083780,599985,86,2692,13365,100
2792428005140826,599985,86,2692,13365,100
2792428010197198,599985,86,2692,13365,100
2792428015253093,599985,86,2692,13365,100
2792428020310210,599985,86,2692,13365,100
2792428025369058,599985,86,2692,13365,100
2792428030425455,599985,86,2692,13365,100
2792428035481524,599985,86,2692,13365,100
2792428040537690,599985,86,2692,13365,100
2792428045593410,599985,86,2692,13365,100
2792428050649628,599985,86,2692,13365,100
2792428055706284,599985,86,2692,13365,100
2792428060765757,599985,86,2692,13365,100
2792428065821645,599985,86,2692,13365,100
2792428070877799,599985,86,2692,13365,100
2792428075933541,599985,86,2692,13365,100
2792428080989757,599985,86,2692,13365,100
2792428086046142,599985,86,2692,13365,100
2792428091105148,599985,86,2692,13365,100
2792428096160953,599985,86,2692,13365,100
2792428101217019,599985,86,2692,13365,100
2792428106272772,599985,86,2692,13365,100
2792428111329004,599985,86,2692,13365,100
2792428116384946,599983,86,2692,13365,100
2792428121445117,599983,86,2692,13365,100
2792428126501184,599983,86,2692,13365,100
2792428131557346,599983,86,2692,13365,100
2792428136613306,599983,86,2692,13365,100
2792428141669434,599983,86,2692,13365,100
2792428146725212,599983,86,2692,13365,100
2792428151784649,599983,86,2692,13365,100
2792428156843228,599983,86,2692,13365,100
2792428161899925,599983,86,2692,13365,100
2792428166956684,599983,86,2692,13365,100
2792428172012580,599983,86,2692,13365,100
2792428177068504,599983,86,2692,13365,100
2792428182125189,599983,86,2692,13365,100
2792428187184717,599983,86,2692,13365,100
2792428192241583,599983,86,2692,13365,100
2792428197298366,599983,86,2692,13365,100
2792428202354566,599983,86,2692,13365,100
2792428207410319,599983,86,2692,13365,100
2792428212467660,599983,86,2692,13365,100
2792428217525956,599983,86,2692,13365,100
2792428222582151,599983,86,2692,13365,100
2792428227637933,599983,86,2692,13365,100
2792428232694089,599983,86,2692,13365,100
2792428237750330,599983,86,2692,13365,100
2792428242806488,599983,86,2692,13365,100
2792428247867140,599983,86,2692,13365,100
2792428252923324,599983,86,2692,13365,100
2792428257979198,599983,86,2692,13365,100
2792428263035039,599983,86,2692,13365,100
2792428268090880,599983,86,2692,13365,100
2792428273146680,599983,86,2692,13365,100
2792428278205813,599983,86,2692,13365,100
2792428283262640,599983,86,2692,13365,100
2792428288319645,599983,86,2692,13365,100
2792428293375854,599983,86,2692,13365,100
2792428298431706,599983,86,2692,13365,100
2792428303488063,599983,86,2692,13365,100
2792428308543846,599983,86,2692,13365,100
2792428313603162,599983,86,2692,13365,100
2792428318658876,599983,86,2692,13365,100
2792428323715184,599983,86,2692,13365,100
2792428328770864,599983,86,2692,13365,100
2792428333827154,599983,86,2692,13365,100
2792428338883038,599983,86,2692,13365,100
2792428343942290,599983,86,2692,13365,100
2792428348998212,599983,86,2692,13365,100
2792428354058850,599983,86,2692,13365,100
2792428359114575,599983,86,2692,13365,100
2792428364170501,599983,86,2692,13365,100
2792428369226366,599983,86,2692,13365,100
2792428374282458,599983,86,2692,13365,100
2792428379338406,599983,86,2692,13365,100
2792428384397099,599983,86,2692,13365,100
2792428389453020,599983,86,2692,13365,100
2792428394509211,599983,86,2692,13365,100
2792428399568545,599983,86,2692,13365,100
2792428404624630,599983,86,2692,13365,100
2792428409680511,599983,86,2692,13365,100
2792428414740044,599983,86,2692,13365,100
2792428419796124,599983,86,2692,13365,100
2792428424853475,599983,86,2692,13365,100
2792428429910297,599983,86,2692,13365,100
2792428434966523,599983,86,2692,13365,100
2792428440022499,599983,86,2692,13365,100
2792428445078783,599983,86,2692,13365,100
2792428450138115,599983,86,2692,13365,100
2792428455193892,599983,86,2692,13365,100
2792428460249769,599983,86,2692,13365,100
2792428465305512,599983,86,2692,13365,100
2792428470361328,599983,86,2692,13365,100
2792428475417569,599983,86,2692,13365,100
2792428480476097,599983,86,2692,13365,100
2792428485532205,599983,86,2692,13365,100
2792428490588471,599983,86,2692,13365,100
2792428495644611,599983,86,2692,13365,100
2792428500700378,599983,86,2692,13365,100
2792428505759469,599983,86,2692,13365,100
2792428510815351,599983,86,2692,13365,100
2792428515871913,599983,86,2692,13365,100
2792428520928298,599983,86,2692,13365,100
2792428525984340,599983,86,2692,13365,100
2792428531040072,599983,86,2692,13365,100
2792428536098949,599983,86,2692,13365,100
2792428541154887,599983,86,2692,13365,100
2792428546210824,599983,86,2692,13365,100
2792428551266637,599983,86,2692,13365,100
2792428556322399,599983,86,2692,13365,100
2792428561378188,599983,86,2692,13365,100
2792428566436802,599983,86,2692,13365,100
2792428571492629,599983,86,2692,13365,100
2792428576548770,599983,86,2692,13365,100
2792428581604683,599983,86,2692,13365,100
2792428586660836,599983,86,2692,13365,100
2792428591716748,599983,86,2692,13365,100
2792428596772943,599983,86,2692,13365,100
2792428601831148,599983,86,2692,13365,100
2792428606887402,599983,86,2692,13365,100
2792428611944803,599983,86,2692,13365,100
2792428617004072,600043,86,2692,13365,100
2792428622062917,600043,86,2692,13365,100
2792428627120263,600043,86,2692,13365,100
2792428632177349,600043,86,2692,13365,100
2792428637236028,600043,86,2692,13365,100
2792428642291991,600043,86,2692,13365,100
2792428647347873,600043,86,2692,13365,100
2792428652403643,600043,86,2692,13365,100
2792428657459843,600043,86,2692,13365,100
2792428662516690,600043,86,2692,13365,100
2792428667575742,600043,86,2692,13365,100
2792428672631541,600043,86,2692,13365,100
2792428677687786,600043,86,2692,13365,100
2792428682743646,600043,86,2692,13365,100
2792428687799841,600043,86,2692,13365,100
2792428692855714,600043,86,2692,13365,100
2792428697914393,600043,86,2692,13365,100
2792428702970279,600043,86,2692,13365,100
2792428708025992,600043,86,2692,13365,100
2792428713081849,600043,86,2692,13365,100
2792428718137575,600043,86,2692,13365,100
2792428723193303,600043,86,2692,13365,100
2792428728249171,600043,86,2692,13365,100
2792428733307672,600043,86,2692,13365,100
2792428738363606,600043,86,2692,13365,100
2792428743419550,600043,86,2692,13365,100
2792428748475735,600043,86,2692,13365,100
2792428753532430,600043,86,2692,13365,100
2792428758588651,600043,86,2692,13365,100
2792428763647636,600043,86,2692,13365,100
2792428768703819,600043,86,2692,13365,100
2792428773759646,600043,86,2692,13365,100
2792428778815721,600043,86,2692,13365,100
2792428783871644,600043,86,2692,13365,100
2792428788927787,600043,86,2692,13365,100
2792428793983826,600043,86,2692,13365,100
2792428799042308,600043,86,2692,13365,100
2792428804098093,600043,86,2692,13365,100
2792428809153968,600043,86,2692,13365,100
2792428814209750,600043,86,2692,13365,100
2792428819265498,600043,86,2692,13365,100
2792428824321367,600043,86,2692,13365,100
2792428829379546,600043,86,2692,13365,100
2792428834435431,600043,86,2692,13365,100
2792428839491373,600043,86,2692,13365,100
2792428844548194,600043,86,2692,13365,100
2792428849605226,600043,86,2692,13365,100
2792428854661008,600043,86,2692,13365,100
2792428859717097,600043,86,2692,13365,100
2792428864775844,600043,86,2692,13365,100
2792428869832013,600043,86,2692,13365,100
2792428874887743,600043,86,2692,13365,100
2792428879943955,600043,86,2692,13365,100
2792428884999661,600043,86,2692,13365,100
2792428890059668,600043,86,2692,13365,100
2792428895115449,600043,86,2692,13365,100
2792428900171158,600043,86,2692,13365,100
2792428905226948,600043,86,2692,13365,100
2792428910282706,600043,86,2692,13365,100
2792428915338733,600043,86,2692,13365,100
2792428920397526,600043,86,2692,13365,100
2792428925453359,600043,86,2692,13365,100
2792428930509504,600043,86,2692,13365,100
2792428935565492,600043,86,2692,13365,100
2792428940621747,600043,86,2692,13365,100
2792428945677753,600043,86,2692,13365,100
2792428950736492,600043,86,2692,13365,100
2792428955792294,600043,86,2692,13365,100
2792428960848545,600043,86,2692,13365,100
2792428965904455,600043,86,2692,13365,100
2792428970960594,600043,86,2692,13365,100
2792428976016368,600043,86,2692,13365,100
2792428981072464,600043,86,2692,13365,100
2792428986130863,600043,86,2692,13365,100
2792428991186690,600043,86,2692,13365,100
2792428996242611,600043,86,2692,13365,100
2792429001298635,600043,86,2692,13365,100
2792429006355284,600043,86,2692,13365,100
2792429011411116,600043,86,2692,13365,100
2792429016470521,600043,86,2692,13365,100
2792429021526587,600043,86,2692,13365,100
2792429026582457,600043,86,2692,13365,100
2792429031638657,600043,86,2692,13365,100
2792429036694464,600043,86,2692,13365,100
2792429041750631,600043,86,2692,13365,100
2792429046809412,600043,86,2692,13365,100
2792429051868241,600043,86,2692,13365,100
2792429056924028,600043,86,2692,13365,100
2792429061980139,600043,86,2692,13365,100
2792429067035923,600043,86,2692,13365,100
2792429072091698,600043,86,2692,13365,100
2792429077147444,600043,86,2692,13365,100
2792429082205888,600043,86,2692,13365,100
2792429087262565,600043,86,2692,13365,100
2792429092318378,600043,86,2692,13365,100
2792429097374166,600043,86,2692,13365,100
2792429102430066,600043,86,2692,13365,100
2792429107486409,600043,86,2692,13365,100
2792429112542326,600043,86,2692,13365,100
2792429117598701,600023,86,2692,13365,100
2792429122656102,600023,86,2692,13365,100
2792429127712476,600023,86,2692,13365,100
2792429132768564,600023,86,2692,13365,100
2792429137824374,600023,86,2692,13365,100
2792429142880610,600023,86,2692,13365,100
2792429147940084,600023,86,2692,13365,100
2792429152996384,600023,86,2692,13365,100
2792429158052517,600023,86,2692,13365,100
2792429163108772,600023,86,2692,13365,100
2792429168164510,600023,86,2692,13365,100
2792429173220427,600023,86,2692,13365,100
2792429178276212,600023,86,2692,13365,100
2792429183332076,600023,86,2692,13365,100
2792429188388271,600023,86,2692,13365,100
2792429193444034,600023,86,2692,13365,100
2792429198500015,600023,86,2692,13365,100
2792429203555804,600023,86,2692,13365,100
2792429208611516,600023,86,2692,13365,100
2792429213671230,600023,86,2692,13365,100
2792429218728132,600023,86,2692,13365,100
2792429223784336,600023,86,2692,13365,100
2792429228840062,600023,86,2692,13365,100
2792429233896146,600023,86,2692,13365,100
2792429238952015,600023,86,2692,13365,100
2792429244010300,600023,86,2692,13365,100
2792429249068263,600023,86,2692,13365,100
2792429254124070,600023,86,2692,13365,100
2792429259179955,600023,86,2692,13365,100
2792429264235747,600023,86,2692,13365,100
2792429269291443,600023,86,2692,13365,100
2792429274347182,600023,86,2692,13365,100
2792429279405888,600023,86,2692,13365,100
2792429284461865,600023,86,2692,13365,100
2792429289517753,600023,86,2692,13365,100
2792429294573548,600023,86,2692,13365,100
2792429299629477,600023,86,2692,13365,100
2792429304685634,600023,86,2692,13365,100
2792429309745128,600023,86,2692,13365,100
2792429314801372,600023,86,2692,13365,100
2792429319857191,600023,86,2692,13365,100
2792429324913355,600023,86,2692,13365,100
2792429329969153,600023,86,2692,13365,100
2792429335024904,600023,86,2692,13365,100
2792429340080733,600023,86,2692,13365,100
2792429345136677,600023,86,2692,13365,100
2792429350192685,600023,86,2692,13365,100
2792429355248502,600023,86,2692,13365,100
2792429360304250,600023,86,2692,13365,100
2792429365360082,600023,86,2692,13365,100
2792429370416669,600023,86,2692,13365,100
2792429375476056,600023,86,2692,13365,100
2792429380532332,600023,86,2692,13365,100
2792429385588989,600023,86,2692,13365,100
2792429390644878,600023,86,2692,13365,100
2792429395700973,600023,86,2692,13365,100
2792429400756901,600023,86,2692,13365,100
2792429405815714,600023,86,2692,13365,100
2792429410871611,600023,86,2692,13365,100
2792429415927729,600023,86,2692,13365,100
2792429420983751,600023,86,2692,13365,100
2792429426040547,600023,86,2692,13365,100
2792429431096440,600023,86,2692,13365,100
2792429436152301,600023,86,2692,13365,100
2792429441210652,600023,86,2692,13365,100
2792429446266493,600023,86,2692,13365,100
2792429451323405,600023,86,2692,13365,100
2792429456379196,600023,86,2692,13365,100
2792429461435235,600023,86,2692,13365,100
2792429466491539,600023,86,2692,13365,100
2792429471551200,600023,86,2692,13365,100
2792429476606978,600023,86,2692,13365,100
2792429481662855,600023,86,2692,13365,100
2792429486718656,600023,86,2692,13365,100
2792429491774499,600023,86,2692,13365,100
2792429496830752,600023,86,2692,13365,100
2792429501886963,600023,86,2692,13365,100
2792429506945823,600023,86,2692,13365,100
2792429512001971,600023,86,2692,13365,100
2792429517057871,600023,86,2692,13365,100
2792429522113749,600023,86,2692,13365,100
2792429527169557,600023,86,2692,13365,100
2792429532225264,600023,86,2692,13365,100
2792429537283504,600023,86,2692,13365,100
2792429542339469,600023,86,2692,13365,100
2792429547395207,600023,86,2692,13365,100
2792429552451148,600023,86,2692,13365,100
2792429557507082,600023,86,2692,13365,100
2792429562562971,600023,86,2692,13365,100
2792429567618836,600023,86,2692,13365,100
2792429572677443,600023,86,2692,13365,100
2792429577733213,600023,86,2692,13365,100
2792429582789040,600023,86,2692,13365,100
2792429587845104,600023,86,2692,13365,100
2792429592900915,600023,86,2692,13365,100
2792429597957039,600023,86,2692,13365,100
2792429603015776,600023,86,2692,13365,100
2792429608071678,600023,86,2692,13365,100
2792429613127411,600023,86,2692,13365,100
2792429618183250,599981,86,2692,13365,100
2792429623240404,599981,86,2692,13365,100
2792429628296237,599981,86,2692,13365,100
2792429633351941,599981,86,2692,13365,100
2792429638410448,599981,86,2692,13365,100
2792429643466250,599981,86,2692,13365,100
2792429648521978,599981,86,2692,13365,100
2792429653578013,599981,86,2692,13365,100
2792429658633842,599981,86,2692,13365,100
2792429663689706,599981,86,2692,13365,100
2792429668748215,599981,86,2692,13365,100
2792429673804032,599981,86,2692,13365,100
2792429678859866,599981,86,2692,13365,100
2792429683916652,599981,86,2692,13365,100
2792429688975189,599981,86,2692,13365,100
2792429694033031,599981,86,2692,13365,100
2792429699088939,599981,86,2692,13365,100
2792429704144848,599981,86,2692,13365,100
2792429709200604,599981,86,2692,13365,100
2792429714256462,599981,86,2692,13365,100
2792429719312344,599981,86,2692,13365,100
2792429724372654,599981,86,2692,13365,100
2792429729428471,599981,86,2692,13365,100
2792429734484247,599981,86,2692,13365,100
2792429739540091,599981,86,2692,13365,100
2792429744595873,599981,86,2692,13365,100
2792429749651854,599981,86,2692,13365,100
2792429754854455,599981,86,2692,13365,100
2792429759968096,599981,86,2692,13365,100
2792429765079155,599981,86,2692,13365,100
2792429770190889,599981,86,2692,13365,100
2792429775302198,599981,86,2692,13365,100
2792429780413570,599981,86,2692,13365,100
2792429785526532,599981,86,2692,13365,100
2792429790638586,599981,86,2692,13365,100
2792429795750661,599981,86,2692,13365,100
2792429800862940,599981,86,2692,13365,100
2792429805976770,599981,86,2692,13365,100
2792429811089529,599981,86,2692,13365,100
2792429816208193,599981,86,2692,13365,100
2792429821321933,599981,86,2692,13365,100
2792429826435150,599981,86,2692,13365,100
2792429831548292,599981,86,2692,13365,100
2792429836661844,599981,86,2692,13365,100
2792429841775263,599981,86,2692,13365,100
2792429846897945,599981,86,2692,13365,100
2792429852030309,599981,86,2692,13365,100
2792429857145632,599981,86,2692,13365,100
2792429862259598,599981,86,2692,13365,100
2792429867373676,599981,86,2692,13365,100
2792429872488229,599981,86,2692,13365,100
2792429877603319,599981,86,2692,13365,100
2792429882719916,599981,86,2692,13365,100
2792429887835206,599981,86,2692,13365,100
2792429892950250,599981,86,2692,13365,100
2792429898065447,599981,86,2692,13365,100
2792429903181255,599981,86,2692,13365,100
2792429908306847,599981,86,2692,13365,100
2792429913423300,599981,86,2692,13365,100
2792429918539145,599981,86,2692,13365,100
2792429923654700,599981,86,2692,13365,100
2792429928771197,599981,86,2692,13365,100
2792429933888201,599981,86,2692,13365,100
2792429939022382,599981,86,2692,13365,100
2792429944141566,599981,86,2692,13365,100
2792429949258754,599981,86,2692,13365,100
2792429954375810,599981,86,2692,13365,100
2792429959494071,599981,86,2692,13365,100
2792429964611008,599981,86,2692,13365,100
2792429969727776,599981,86,2692,13365,100
2792429974844809,599981,86,2692,13365,100
2792429979961652,599981,86,2692,13365,100
2792429985078505,599981,86,2692,13365,100
2792429990195113,599981,86,2692,13365,100
2792429995312245,599981,86,2692,13365,100
2792430000428890,599981,86,2692,13365,100
2792430005546068,599981,86,2692,13365,100
2792430010666535,599981,86,2692,13365,100
2792430015783215,599981,86,2692,13365,100
2792430020900223,599981,86,2692,13365,100
2792430026035380,599981,86,2692,13365,100
2792430031152952,599981,86,2692,13365,100
2792430036270105,599981,86,2692,13365,100
2792430041386831,599981,86,2692,13365,100
2792430046503721,599981,86,2692,13365,100
2792430051620182,599981,86,2692,13365,100
2792430056737639,599981,86,2692,13365,100
2792430061858087,599981,86,2692,13365,100
2792430066974815,599981,86,2692,13365,100
2792430072091976,599981,86,2692,13365,100
2792430077208782,599981,86,2692,13365,100
2792430082325572,599981,86,2692,13365,100
2792430087442665,599981,86,2692,13365,100
2792430092560573,599981,86,2692,13365,100
2792430097677747,599981,86,2692,13365,100
2792430102794904,599981,86,2692,13365,100
2792430107911562,599981,86,2692,13365,100
2792430113030802,599981,86,2692,13365,100
2792430118147635,599998,86,2692,13365,100
2792430123266681,599998,86,2692,13365,100
2792430128385107,599998,86,2692,13365,100
2792430133502284,599998,86,2692,13365,100
2792430138619114,599998,86,2692,13365,100
2792430143736228,599998,86,2692,13365,100
2792430148853476,599998,86,2692,13365,100
2792430153970737,599998,86,2692,13365,100
2792430159088852,599998,86,2692,13365,100
2792430164207598,599998,86,2692,13365,100
2792430169324230,599998,86,2692,13365,100
2792430174440883,599998,86,2692,13365,100
2792430179560479,599998,86,2692,13365,100
2792430184680068,599998,86,2692,13365,100
2792430189797487,599998,86,2692,13365,100
2792430194914908,599998,86,2692,13365,100
2792430200034696,599998,86,2692,13365,100
2792430205153237,599998,86,2692,13365,100
2792430210273069,599998,86,2692,13365,100
2792430215394158,599998,86,2692,13365,100
2792430220513946,599998,86,2692,13365,100
2792430225633110,599998,86,2692,13365,100
2792430230751731,599998,86,2692,13365,100
2792430235870170,599998,86,2692,13365,100
2792430240988261,599998,86,2692,13365,100
2792430246119599,599998,86,2692,13365,100
2792430251237728,599998,86,2692,13365,100
2792430256354556,599998,86,2692,13365,100
2792430261472361,599998,86,2692,13365,100
2792430266592749,599998,86,2692,13365,100
2792430271709677,599998,86,2692,13365,100
2792430276826665,599998,86,2692,13365,100
2792430281943955,599998,86,2692,13365,100
2792430287061306,599998,86,2692,13365,100
2792430292178285,599998,86,2692,13365,100
2792430297295344,599998,86,2692,13365,100
2792430302413216,599998,86,2692,13365,100
2792430307530436,599998,86,2692,13365,100
2792430312647483,599998,86,2692,13365,100
2792430317765757,599998,86,2692,13365,100
2792430322882845,599998,86,2692,13365,100
2792430327999694,599998,86,2692,13365,100
2792430333140800,599998,86,2692,13365,100
2792430338257618,599998,86,2692,13365,100
2792430343374298,599998,86,2692,13365,100
2792430348510999,599998,86,2692,13365,100
2792430353629019,599998,86,2692,13365,100
2792430358746120,599998,86,2692,13365,100
2792430363875296,599998,86,2692,13365,100
2792430368993418,599998,86,2692,13365,100
2792430374129924,599998,86,2692,13365,100
2792430379247019,599998,86,2692,13365,100
2792430384363613,599998,86,2692,13365,100
2792430389480626,599998,86,2692,13365,100
2792430394597430,599998,86,2692,13365,100
2792430399714126,599998,86,2692,13365,100
2792430404832447,599998,86,2692,13365,100
2792430409949399,599998,86,2692,13365,100
2792430415066319,599998,86,2692,13365,100
2792430420184328,599998,86,2692,13365,100
2792430425301906,599998,86,2692,13365,100
2792430430418905,599998,86,2692,13365,100
2792430435537720,599998,86,2692,13365,100
2792430440654670,599998,86,2692,13365,100
2792430445771582,599998,86,2692,13365,100
2792430450888394,599998,86,2692,13365,100
2792430456026804,599998,86,2692,13365,100
2792430461143962,599998,86,2692,13365,100
2792430466261175,599998,86,2692,13365,100
2792430471379427,599998,86,2692,13365,100
2792430476496971,599998,86,2692,13365,100
2792430481614236,599998,86,2692,13365,100
2792430486731293,599998,86,2692,13365,100
2792430491850163,599998,86,2692,13365,100
2792430496967034,599998,86,2692,13365,100
2792430502084057,599998,86,2692,13365,100
2792430507200241,599998,86,2692,13365,100
2792430512317431,599998,86,2692,13365,100
2792430517434431,599998,86,2692,13365,100
2792430522553851,599998,86,2692,13365,100
2792430527670748,599998,86,2692,13365,100
2792430532788040,599998,86,2692,13365,100
2792430537904933,599998,86,2692,13365,100
2792430543021581,599998,86,2692,13365,100
2792430548139056,599998,86,2692,13365,100
2792430553256273,599998,86,2692,13365,100
2792430558374041,599998,86,2692,13365,100
2792430563490722,599998,86,2692,13365,100
2792430568607559,599998,86,2692,13365,100
2792430573725919,599998,86,2692,13365,100
2792430578842995,599998,86,2692,13365,100
2792430583959867,599998,86,2692,13365,100
2792430589079048,599998,86,2692,13365,100
2792430594196112,599998,86,2692,13365,100
2792430599312735,599998,86,2692,13365,100
2792430604429517,599998,86,2692,13365,100
2792430609546214,599998,86,2692,13365,100
2792430614662810,600015,86,2692,13365,100
2792430619783654,600015,86,2692,13365,100
2792430624904911,600015,86,2692,13365,100
2792430630024433,600015,86,2692,13365,100
2792430635141427,600015,86,2692,13365,100
2792430640258731,600015,86,2692,13365,100
2792430645375666,600015,86,2692,13365,100
2792430650492551,600015,86,2692,13365,100
2792430655609541,600015,86,2692,13365,100
2792430660729234,600015,86,2692,13365,100
2792430665846626,600015,86,2692,13365,100
2792430670963138,600015,86,2692,13365,100
2792430676082011,600015,86,2692,13365,100
2792430681199599,600015,86,2692,13365,100
2792430686317451,600015,86,2692,13365,100
2792430691434893,600015,86,2692,13365,100
2792430696551910,600015,86,2692,13365,100
2792430701668974,600015,86,2692,13365,100
2792430706785593,600015,86,2692,13365,100
2792430711905191,600015,86,2692,13365,100
2792430717024832,600015,86,2692,13365,100
2792430722142710,600015,86,2692,13365,100
2792430727261626,600015,86,2692,13365,100
2792430732379459,600015,86,2692,13365,100
2792430737495814,600015,86,2692,13365,100
2792430742611417,600015,86,2692,13365,100
2792430747726574,600015,86,2692,13365,100
2792430752841436,600015,86,2692,13365,100
2792430757956320,600015,86,2692,13365,100
2792430763070626,600015,86,2692,13365,100
2792430768184801,600015,86,2692,13365,100
2792430773300254,600015,86,2692,13365,100
2792430778414633,600015,86,2692,13365,100
2792430783528184,600015,86,2692,13365,100
2792430788642607,600015,86,2692,13365,100
2792430793757731,600015,86,2692,13365,100
2792430798870756,600015,86,2692,13365,100
2792430803985564,600015,86,2692,13365,100
2792430809112546,600015,86,2692,13365,100
2792430814224958,600015,86,2692,13365,100
2792430819337137,600015,86,2692,13365,100
2792430824449094,600015,86,2692,13365,100
2792430829562137,600015,86,2692,13365,100
2792430834673976,600015,86,2692,13365,100
2792430839787060,600015,86,2692,13365,100
2792430844898447,600015,86,2692,13365,100
2792430850027767,600015,86,2692,13365,100
2792430855139888,600015,86,2692,13365,100
2792430860250890,600015,86,2692,13365,100
2792430865362464,600015,86,2692,13365,100
2792430870474001,600015,86,2692,13365,100
2792430875585498,600015,86,2692,13365,100
2792430880698242,600015,86,2692,13365,100
2792430885811378,600015,86,2692,13365,100
2792430890922666,600015,86,2692,13365,100
2792430896034159,600015,86,2692,13365,100
2792430901146175,600015,86,2692,13365,100
2792430906259459,600015,86,2692,13365,100
2792430911370700,600015,86,2692,13365,100
2792430916482159,600015,86,2692,13365,100
2792430921593425,600015,86,2692,13365,100
2792430926705248,600015,86,2692,13365,100
2792430931818001,600015,86,2692,13365,100
2792430936931322,600015,86,2692,13365,100
2792430942042695,600015,86,2692,13365,100
2792430947154240,600015,86,2692,13365,100
2792430952266128,600015,86,2692,13365,100
2792430957377507,600015,86,2692,13365,100
2792430962488924,600015,86,2692,13365,100
2792430967600389,600015,86,2692,13365,100
2792430972711885,600015,86,2692,13365,100
2792430977823357,600015,86,2692,13365,100
2792430982936298,600015,86,2692,13365,100
2792430988047668,600015,86,2692,13365,100
2792430993159165,600015,86,2692,13365,100
2792430998270789,600015,86,2692,13365,100
2792431003400132,600015,86,2692,13365,100
2792431008511348,600015,86,2692,13365,100
2792431013622796,600015,86,2692,13365,100
2792431018734789,600015,86,2692,13365,100
2792431023846297,600015,86,2692,13365,100
2792431028957330,600015,86,2692,13365,100
2792431034071874,600015,86,2692,13365,100
2792431039183366,600015,86,2692,13365,100
2792431044294587,600015,86,2692,13365,100
2792431049412067,600015,86,2692,13365,100
2792431054523351,600015,86,2692,13365,100
2792431059634748,600015,86,2692,13365,100
2792431064746452,600015,86,2692,13365,100
2792431069859601,600015,86,2692,13365,100
2792431074970965,600015,86,2692,13365,100
2792431080082574,600015,86,2692,13365,100
2792431085195334,600015,86,2692,13365,100
2792431090306714,600015,86,2692,13365,100
2792431095417839,600015,86,2692,13365,100
2792431100530552,600015,86,2692,13365,100
2792431105641815,600015,86,2692,13365,100
2792431110753244,600015,86,2692,13365,100
2792431115864938,599963,86,2692,13365,100
2792431120977009,599963,86,2692,13365,100
2792431126088069,599963,86,2692,13365,100
2792431131199330,599963,86,2692,13365,100
2792431136312763,599963,86,2692,13365,100
2792431141424293,599963,86,2692,13365,100
2792431146535811,599963,86,2692,13365,100
2792431151646922,599963,86,2692,13365,100
2792431156758796,599963,86,2692,13365,100
2792431161870450,599963,86,2692,13365,100
2792431166983368,599963,86,2692,13365,100
2792431172113641,599963,86,2692,13365,100
2792431177224591,599963,86,2692,13365,100
2792431182335986,599963,86,2692,13365,100
2792431187449012,599963,86,2692,13365,100
2792431192560379,599963,86,2692,13365,100
2792431197672034,599963,86,2692,13365,100
2792431202784935,599963,86,2692,13365,100
2792431207896023,599963,86,2692,13365,100
2792431213023428,599963,86,2692,13365,100
2792431218135477,599963,86,2692,13365,100
2792431223247101,599963,86,2692,13365,100
2792431228358477,599963,86,2692,13365,100
2792431233469650,599963,86,2692,13365,100
2792431238582926,599963,86,2692,13365,100
2792431243694250,599963,86,2692,13365,100
2792431248807699,599963,86,2692,13365,100
2792431253919897,599963,86,2692,13365,100
2792431259031380,599963,86,2692,13365,100
2792431264142740,599963,86,2692,13365,100
2792431269254309,599963,86,2692,13365,100
2792431274365581,599963,86,2692,13365,100
2792431279478277,599963,86,2692,13365,100
2792431284589666,599963,86,2692,13365,100
2792431289702595,599963,86,2692,13365,100
2792431294813865,599963,86,2692,13365,100
2792431299924944,599963,86,2692,13365,100
2792431305036139,599963,86,2692,13365,100
2792431310147304,599963,86,2692,13365,100
2792431315259550,599963,86,2692,13365,100
2792431320371195,599963,86,2692,13365,100
2792431325482453,599963,86,2692,13365,100
2792431330593730,599963,86,2692,13365,100
2792431335705288,599963,86,2692,13365,100
2792431340818325,599963,86,2692,13365,100
2792431345930883,599963,86,2692,13365,100
2792431351041963,599963,86,2692,13365,100
2792431356153232,599963,86,2692,13365,100
2792431361264482,599963,86,2692,13365,100
2792431366375785,599963,86,2692,13365,100
2792431371487251,599963,86,2692,13365,100
2792431376600070,599963,86,2692,13365,100
2792431381711522,599963,86,2692,13365,100
2792431386823070,599963,86,2692,13365,100
2792431391935923,599963,86,2692,13365,100
2792431397047133,599963,86,2692,13365,100
2792431402158831,599963,86,2692,13365,100
2792431407269962,599963,86,2692,13365,100
2792431412382936,599963,86,2692,13365,100
2792431417494664,599963,86,2692,13365,100
2792431422605843,599963,86,2692,13365,100
2792431427717185,599963,86,2692,13365,100
2792431432828172,599963,86,2692,13365,100
2792431437939522,599963,86,2692,13365,100
2792431443053862,599963,86,2692,13365,100
2792431448165157,599963,86,2692,13365,100
2792431453276420,599963,86,2692,13365,100
2792431458387980,599963,86,2692,13365,100
2792431463499105,599963,86,2692,13365,100
2792431468610868,599963,86,2692,13365,100
2792431473722241,599963,86,2692,13365,100
2792431478834877,599963,86,2692,13365,100
2792431483946206,599963,86,2692,13365,100
2792431489057615,599963,86,2692,13365,100
2792431494170435,599963,86,2692,13365,100
2792431499282083,599963,86,2692,13365,100
2792431504393504,599963,86,2692,13365,100
2792431509505784,599963,86,2692,13365,100
2792431514617129,599963,86,2692,13365,100
2792431519728819,599963,86,2692,13365,100
2792431524839913,599963,86,2692,13365,100
2792431529951308,599963,86,2692,13365,100
2792431535062430,599963,86,2692,13365,100
2792431540173411,599963,86,2692,13365,100
2792431545286749,599963,86,2692,13365,100
2792431550398367,599963,86,2692,13365,100
2792431555509859,599963,86,2692,13365,100
2792431560621044,599963,86,2692,13365,100
2792431565732253,599963,86,2692,13365,100
2792431570843802,599963,86,2692,13365,100
2792431575956157,599963,86,2692,13365,100
2792431581067194,599963,86,2692,13365,100
2792431586178470,599963,86,2692,13365,100
2792431591289810,599963,86,2692,13365,100
2792431596402683,599963,86,2692,13365,100
2792431601514583,599963,86,2692,13365,100
2792431606627108,599963,86,2692,13365,100
2792431611738564,599963,86,2692,13365,100
2792431616850010,599945,86,2692,13365,100
2792431621963287,599945,86,2692,13365,100
2792431627074985,599945,86,2692,13365,100
2792431632186949,599945,86,2692,13365,100
2792431637298735,599945,86,2692,13365,100
2792431642411898,599945,86,2692,13365,100
2792431647525619,599945,86,2692,13365,100
2792431652637561,599945,86,2692,13365,100
2792431657765964,599945,86,2692,13365,100
2792431662877376,599945,86,2692,13365,100
2792431667990521,599945,86,2692,13365,100
2792431673126001,599945,86,2692,13365,100
2792431678244309,599945,86,2692,13365,100
2792431683357000,599945,86,2692,13365,100
2792431688469086,599945,86,2692,13365,100
2792431693582218,599945,86,2692,13365,100
2792431698697203,599945,86,2692,13365,100
2792431703810563,599945,86,2692,13365,100
2792431708923684,599945,86,2692,13365,100
2792431714037180,599945,86,2692,13365,100
2792431719150671,599945,86,2692,13365,100
2792431724264315,599945,86,2692,13365,100
2792431729375885,599945,86,2692,13365,100
2792431734487973,599945,86,2692,13365,100
2792431739600222,599945,86,2692,13365,100
2792431744712200,599945,86,2692,13365,100
2792431749826715,599945,86,2692,13365,100
2792431754938821,599945,86,2692,13365,100
2792431760050344,599945,86,2692,13365,100
2792431765161704,599945,86,2692,13365,100
2792431770273093,599945,86,2692,13365,100
2792431775384397,599945,86,2692,13365,100
2792431780495873,599945,86,2692,13365,100
2792431785608901,599945,86,2692,13365,100
2792431790720246,599945,86,2692,13365,100
2792431795831611,599945,86,2692,13365,100
2792431800944559,599945,86,2692,13365,100
2792431806055915,599945,86,2692,13365,100
2792431811167412,599945,86,2692,13365,100
2792431816280388,599945,86,2692,13365,100
2792431821392057,599945,86,2692,13365,100
2792431826503657,599945,86,2692,13365,100
2792431831615281,599945,86,2692,13365,100
2792431836726854,599945,86,2692,13365,100
2792431841838451,599945,86,2692,13365,100
2792431846950287,599945,86,2692,13365,100
2792431852063911,599945,86,2692,13365,100
2792431857175250,599945,86,2692,13365,100
2792431862286696,599945,86,2692,13365,100
2792431867398117,599945,86,2692,13365,100
2792431872511156,599945,86,2692,13365,100
2792431877622461,599945,86,2692,13365,100
2792431882733781,599945,86,2692,13365,100
2792431887844950,599945,86,2692,13365,100
2792431892956435,599945,86,2692,13365,100
2792431898067955,599945,86,2692,13365,100
2792431903182575,599945,86,2692,13365,100
2792431908294843,599945,86,2692,13365,100
2792431913406588,599945,86,2692,13365,100
2792431918517452,599945,86,2692,13365,100
2792431923628880,599945,86,2692,13365,100
2792431928740425,599945,86,2692,13365,100
2792431933852710,599945,86,2692,13365,100
2792431938964055,599945,86,2692,13365,100
2792431944075318,599945,86,2692,13365,100
2792431949186723,599945,86,2692,13365,100
2792431954299523,599945,86,2692,13365,100
2792431959410720,599945,86,2692,13365,100
2792431964521942,599945,86,2692,13365,100
2792431969633760,599945,86,2692,13365,100
2792431974745045,599945,86,2692,13365,100
2792431979856545,599945,86,2692,13365,100
2792431984967706,599945,86,2692,13365,100
2792431990078898,599945,86,2692,13365,100
2792431995190182,599945,86,2692,13365,100
2792432000303155,599945,86,2692,13365,100
2792432005416545,599945,86,2692,13365,100
2792432010527842,599945,86,2692,13365,100
2792432015639136,599945,86,2692,13365,100
2792432020750211,599945,86,2692,13365,100
2792432025861795,599945,86,2692,13365,100
2792432030973233,599945,86,2692,13365,100
2792432036085543,599945,86,2692,13365,100
2792432041196922,599945,86,2692,13365,100
2792432046308133,599945,86,2692,13365,100
2792432051419612,599945,86,2692,13365,100
2792432056532615,599945,86,2692,13365,100
2792432061644176,599945,86,2692,13365,100
2792432066756745,599945,86,2692,13365,100
2792432071867868,599945,86,2692,13365,100
2792432076978934,599945,86,2692,13365,100
2792432082090066,599945,86,2692,13365,100
2792432087201198,599945,86,2692,13365,100
2792432092312386,599945,86,2692,13365,100
2792432097424419,599945,86,2692,13365,100
2792432102536355,599945,86,2692,13365,100
2792432107649292,599945,86,2692,13365,100
2792432112760364,599945,86,2692,13365,100
2792432117871853,599972,86,2692,13365,100
2792432122984389,599972,86,2692,13365,100
2792432128112185,599972,86,2692,13365,100
2792432133223381,599972,86,2692,13365,100
2792432138336612,599972,86,2692,13365,100
2792432143447797,599972,86,2692,13365,100
2792432148559194,599972,86,2692,13365,100
2792432153670259,599972,86,2692,13365,100
2792432158784719,599972,86,2692,13365,100
2792432163896242,599972,86,2692,13365,100
2792432169023501,599972,86,2692,13365,100
2792432174134821,599972,86,2692,13365,100
2792432179246586,599972,86,2692,13365,100
2792432184357940,599972,86,2692,13365,100
2792432189469384,599972,86,2692,13365,100
2792432194580741,599972,86,2692,13365,100
2792432199691995,599972,86,2692,13365,100
2792432204804308,599972,86,2692,13365,100
2792432209917243,599972,86,2692,13365,100
2792432215028836,599972,86,2692,13365,100
2792432220140221,599972,86,2692,13365,100
2792432225251855,599972,86,2692,13365,100
2792432230363050,599972,86,2692,13365,100
2792432235475954,599972,86,2692,13365,100
2792432240587274,599972,86,2692,13365,100
2792432245698543,599972,86,2692,13365,100
2792432250809815,599972,86,2692,13365,100
2792432255921241,599972,86,2692,13365,100
2792432261033958,599972,86,2692,13365,100
2792432266145421,599972,86,2692,13365,100
2792432271258661,599972,86,2692,13365,100
2792432276370001,599972,86,2692,13365,100
2792432281481541,599972,86,2692,13365,100
2792432286592726,599972,86,2692,13365,100
2792432291704018,599972,86,2692,13365,100
2792432296815527,599972,86,2692,13365,100
2792432301928083,599972,86,2692,13365,100
2792432307039127,599972,86,2692,13365,100
2792432312168432,599972,86,2692,13365,100
2792432317280065,599972,86,2692,13365,100
2792432322391553,599972,86,2692,13365,100
2792432327502661,599972,86,2692,13365,100
2792432332613907,599972,86,2692,13365,100
2792432337725204,599972,86,2692,13365,100
2792432342836443,599972,86,2692,13365,100
2792432347948102,599972,86,2692,13365,100
2792432353059407,599972,86,2692,13365,100
2792432358170876,599972,86,2692,13365,100
2792432363284044,599972,86,2692,13365,100
2792432368396576,599972,86,2692,13365,100
2792432373508925,599972,86,2692,13365,100
2792432378622185,599972,86,2692,13365,100
2792432383735253,599972,86,2692,13365,100
2792432388848258,599972,86,2692,13365,100
2792432393961542,599972,86,2692,13365,100
2792432399108195,599972,86,2692,13365,100
2792432404220391,599972,86,2692,13365,100
2792432409334564,599972,86,2692,13365,100
2792432414448088,599972,86,2692,13365,100
2792432419561404,599972,86,2692,13365,100
2792432424673312,599972,86,2692,13365,100
2792432429785405,599972,86,2692,13365,100
2792432434898668,599972,86,2692,13365,100
2792432440024192,599972,86,2692,13365,100
2792432445137426,599972,86,2692,13365,100
2792432450267086,599972,86,2692,13365,100
2792432455380105,599972,86,2692,13365,100
2792432460492955,599972,86,2692,13365,100
2792432465606996,599972,86,2692,13365,100
2792432470719208,599972,86,2692,13365,100
2792432475832737,599972,86,2692,13365,100
2792432480945809,599972,86,2692,13365,100
2792432486058990,599972,86,2692,13365,100
2792432491172410,599972,86,2692,13365,100
2792432496284595,599972,86,2692,13365,100
2792432501396565,599972,86,2692,13365,100
2792432506491868,599972,86,2692,13365,100
2792432511583489,599972,86,2692,13365,100
2792432516681156,599972,86,2692,13365,100
2792432521780030,599972,86,2692,13365,100
2792432526878249,599972,86,2692,13365,100
2792432531986925,599972,86,2692,13365,100
2792432537114749,599972,86,2692,13365,100
2792432542231022,599972,86,2692,13365,100
2792432547350767,599972,86,2692,13365,100
2792432552462479,599972,86,2692,13365,100
2792432557574934,599972,86,2692,13365,100
2792432562687500,599972,86,2692,13365,100
2792432567803150,599972,86,2692,13365,100
2792432572916292,599972,86,2692,13365,100
2792432578028159,599972,86,2692,13365,100
2792432583141501,599972,86,2692,13365,100
2792432588254590,599972,86,2692,13365,100
2792432593366910,599972,86,2692,13365,100
2792432598479362,599972,86,2692,13365,100
2792432603592395,599972,86,2692,13365,100
2792432608706616,599972,86,2692,13365,100
2792432613820320,599972,86,2692,13365,100
2792432618934432,599975,87,2692,13365,100
2792432624048505,599975,87,2692,13365,100
2792432629161810,599975,87,2692,13365,100
2792432634275874,599975,87,2692,13365,100
2792432639388154,599975,87,2692,13365,100
2792432644500208,599975,87,2692,13365,100
2792432649613699,599975,87,2692,13365,100
2792432654727099,599975,87,2692,13365,100
2792432659840784,599975,87,2692,13365,100
2792432664954072,599975,87,2692,13365,100
2792432670068764,599975,87,2692,13365,100
2792432675180929,599975,87,2692,13365,100
2792432680292321,599975,87,2692,13365,100
2792432685405789,599975,87,2692,13365,100
2792432690518638,599975,87,2692,13365,100
2792432695632253,599975,87,2692,13365,100
2792432700745177,599975,87,2692,13365,100
2792432705875434,599975,87,2692,13365,100
2792432710988555,599975,87,2692,13365,100
2792432716116350,599975,87,2692,13365,100
2792432721235924,599975,87,2692,13365,100
2792432726348764,599975,87,2692,13365,100
2792432731462109,599975,87,2692,13365,100
2792432736574927,599975,87,2692,13365,100
2792432741686794,599975,87,2692,13365,100
2792432746798882,599975,87,2692,13365,100
2792432751911066,599975,87,2692,13365,100
2792432757023095,599975,87,2692,13365,100
2792432762135084,599975,87,2692,13365,100
2792432767248163,599975,87,2692,13365,100
2792432772361953,599975,87,2692,13365,100
2792432777474092,599975,87,2692,13365,100
2792432782585647,599975,87,2692,13365,100
2792432787697699,599975,87,2692,13365,100
2792432792809270,599975,87,2692,13365,100
2792432797922862,599975,87,2692,13365,100
2792432803034694,599975,87,2692,13365,100
2792432808145915,599975,87,2692,13365,100
2792432813257196,599975,87,2692,13365,100
2792432818368388,599975,87,2692,13365,100
2792432823481368,599975,87,2692,13365,100
2792432828593205,599975,87,2692,13365,100
2792432833705277,599975,87,2692,13365,100
2792432838816538,599975,87,2692,13365,100
2792432843927978,599975,87,2692,13365,100
2792432849039232,599975,87,2692,13365,100
2792432854150311,599975,87,2692,13365,100
2792432859261648,599975,87,2692,13365,100
2792432864374760,599975,87,2692,13365,100
2792432869486096,599975,87,2692,13365,100
2792432874598845,599975,87,2692,13365,100
2792432879710149,599975,87,2692,13365,100
2792432884821593,599975,87,2692,13365,100
2792432889933286,599975,87,2692,13365,100
2792432895046350,599975,87,2692,13365,100
2792432900157883,599975,87,2692,13365,100
2792432905269382,599975,87,2692,13365,100
2792432910381700,599975,87,2692,13365,100
2792432915493328,599975,87,2692,13365,100
2792432920606160,599975,87,2692,13365,100
2792432925719136,599975,87,2692,13365,100
2792432930831229,599975,87,2692,13365,100
2792432935942279,599975,87,2692,13365,100
2792432941053542,599975,87,2692,13365,100
2792432946165010,599975,87,2692,13365,100
2792432951276302,599975,87,2692,13365,100
2792432956387623,599975,87,2692,13365,100
2792432961500580,599975,87,2692,13365,100
2792432966628068,599975,87,2692,13365,100
2792432971739465,599975,87,2692,13365,100
2792432976852564,599975,87,2692,13365,100
2792432981963453,599975,87,2692,13365,100
2792432987074563,599975,87,2692,13365,100
2792432992187794,599975,87,2692,13365,100
2792432997298872,599975,87,2692,13365,100
2792433002411502,599975,87,2692,13365,100
2792433007524267,599975,87,2692,13365,100
2792433012635665,599975,87,2692,13365,100
2792433017747156,599975,87,2692,13365,100
2792433022858720,599975,87,2692,13365,100
2792433027973299,599975,87,2692,13365,100
2792433033084445,599975,87,2692,13365,100
2792433038197657,599975,87,2692,13365,100
2792433043309138,599975,87,2692,13365,100
2792433048420258,599975,87,2692,13365,100
2792433053531550,599975,87,2692,13365,100
2792433058642915,599975,87,2692,13365,100
2792433063754259,599975,87,2692,13365,100
2792433068867188,599975,87,2692,13365,100
2792433073978576,599975,87,2692,13365,100
2792433079091301,599975,87,2692,13365,100
2792433084202641,599975,87,2692,13365,100
2792433089314005,599975,87,2692,13365,100
2792433094425270,599975,87,2692,13365,100
2792433099536822,599975,87,2692,13365,100
2792433104648654,599975,87,2692,13365,100
2792433109760175,599975,87,2692,13365,100
2792433114871487,599992,87,2692,13365,100
2792433119989388,599992,87,2692,13365,100
2792433125099852,599992,87,2692,13365,100
2792433130207287,599992,87,2692,13365,100
2792433135318757,599992,87,2692,13365,100
2792433140430082,599992,87,2692,13365,100
2792433145541174,599992,87,2692,13365,100
2792433150652805,599992,87,2692,13365,100
2792433155764049,599992,87,2692,13365,100
2792433160875328,599992,87,2692,13365,100
2792433165986551,599992,87,2692,13365,100
2792433171116184,599992,87,2692,13365,100
2792433176227720,599992,87,2692,13365,100
2792433181340233,599992,87,2692,13365,100
2792433186451735,599992,87,2692,13365,100
2792433191563153,599992,87,2692,13365,100
2792433196674019,599992,87,2692,13365,100
2792433201786463,599992,87,2692,13365,100
2792433206897847,599992,87,2692,13365,100
2792433212027143,599992,87,2692,13365,100
2792433217138615,599992,87,2692,13365,100
2792433222249976,599992,87,2692,13365,100
2792433227361509,599992,87,2692,13365,100
2792433232474521,599992,87,2692,13365,100
2792433237586185,599992,87,2692,13365,100
2792433242697586,599992,87,2692,13365,100
2792433247810942,599992,87,2692,13365,100
2792433252922722,599992,87,2692,13365,100
2792433258034099,599992,87,2692,13365,100
2792433263145416,599992,87,2692,13365,100
2792433268256895,599992,87,2692,13365,100
2792433273368508,599992,87,2692,13365,100
2792433278482253,599992,87,2692,13365,100
2792433283612793,599992,87,2692,13365,100
2792433288741433,599992,87,2692,13365,100
2792433293852495,599992,87,2692,13365,100
2792433298963930,599992,87,2692,13365,100
2792433304075176,599992,87,2692,13365,100
2792433309186354,599992,87,2692,13365,100
2792433314298140,599992,87,2692,13365,100
2792433319409672,599992,87,2692,13365,100
2792433324521160,599992,87,2692,13365,100
2792433329632337,599992,87,2692,13365,100
2792433334745137,599992,87,2692,13365,100
2792433339856637,599992,87,2692,13365,100
2792433344970019,599992,87,2692,13365,100
2792433350081310,599992,87,2692,13365,100
2792433355192539,599992,87,2692,13365,100
2792433360303919,599992,87,2692,13365,100
2792433365415549,599992,87,2692,13365,100
2792433370526968,599992,87,2692,13365,100
2792433375638840,599992,87,2692,13365,100
2792433380750008,599992,87,2692,13365,100
2792433385862721,599992,87,2692,13365,100
2792433390974161,599992,87,2692,13365,100
2792433396085365,599992,87,2692,13365,100
2792433401196594,599992,87,2692,13365,100
2792433406308145,599992,87,2692,13365,100
2792433411420689,599992,87,2692,13365,100
2792433416532041,599992,87,2692,13365,100
2792433421643596,599992,87,2692,13365,100
2792433426754902,599992,87,2692,13365,100
2792433431867934,599992,87,2692,13365,100
2792433436981145,599992,87,2692,13365,100
2792433442110943,599992,87,2692,13365,100
2792433447222229,599992,87,2692,13365,100
2792433452333512,599992,87,2692,13365,100
2792433457445042,599992,87,2692,13365,100
2792433462556361,599992,87,2692,13365,100
2792433467667560,599992,87,2692,13365,100
2792433472780822,599992,87,2692,13365,100
2792433477891760,599992,87,2692,13365,100
2792433483019309,599992,87,2692,13365,100
2792433488132388,599992,87,2692,13365,100
2792433493243561,599992,87,2692,13365,100
2792433498354792,599992,87,2692,13365,100
2792433503465930,599992,87,2692,13365,100
2792433508577166,599992,87,2692,13365,100
2792433513688277,599992,87,2692,13365,100
2792433518800742,599992,87,2692,13365,100
2792433523912720,599992,87,2692,13365,100
2792433529024350,599992,87,2692,13365,100
2792433534135268,599992,87,2692,13365,100
2792433539248069,599992,87,2692,13365,100
2792433544359126,599992,87,2692,13365,100
2792433549470836,599992,87,2692,13365,100
2792433554581934,599992,87,2692,13365,100
2792433559693211,599992,87,2692,13365,100
2792433564804679,599992,87,2692,13365,100
2792433569916231,599992,87,2692,13365,100
2792433575027683,599992,87,2692,13365,100
2792433580139224,599992,87,2692,13365,100
2792433585251621,599992,87,2692,13365,100
2792433590364777,599992,87,2692,13365,100
2792433595476235,599992,87,2692,13365,100
2792433600587342,599992,87,2692,13365,100
2792433605698655,599992,87,2692,13365,100
2792433610810075,599992,87,2692,13365,100
2792433615922744,600024,87,2692,13365,100
2792433621051055,600024,87,2692,13365,100
2792433626162164,600024,87,2692,13365,100
2792433631273800,600024,87,2692,13365,100
2792433636385101,600024,87,2692,13365,100
2792433641497717,600024,87,2692,13365,100
2792433646608892,600024,87,2692,13365,100
2792433651720016,600024,87,2692,13365,100
2792433656831314,600024,87,2692,13365,100
2792433661942871,600024,87,2692,13365,100
2792433667054279,600024,87,2692,13365,100
2792433672165243,600024,87,2692,13365,100
2792433677276673,600024,87,2692,13365,100
2792433682389463,600024,87,2692,13365,100
2792433687500561,600024,87,2692,13365,100
2792433692613741,600024,87,2692,13365,100
2792433697725270,600024,87,2692,13365,100
2792433702836660,600024,87,2692,13365,100
2792433707947919,600024,87,2692,13365,100
2792433713060515,600024,87,2692,13365,100
2792433718172223,600024,87,2692,13365,100
2792433723283544,600024,87,2692,13365,100
2792433728394497,600024,87,2692,13365,100
2792433733505873,600024,87,2692,13365,100
2792433738616691,600024,87,2692,13365,100
2792433743729365,600024,87,2692,13365,100
2792433748841790,600024,87,2692,13365,100
2792433753953219,600024,87,2692,13365,100
2792433759064631,600024,87,2692,13365,100
2792433764176003,600024,87,2692,13365,100
2792433769287491,600024,87,2692,13365,100
2792433774398652,600024,87,2692,13365,100
2792433779511108,600024,87,2692,13365,100
2792433784622320,600024,87,2692,13365,100
2792433789733521,600024,87,2692,13365,100
2792433794846300,600024,87,2692,13365,100
2792433799957524,600024,87,2692,13365,100
2792433805068958,600024,87,2692,13365,100
2792433810179975,600024,87,2692,13365,100
2792433815291676,600024,87,2692,13365,100
2792433820402708,600024,87,2692,13365,100
2792433825513852,600024,87,2692,13365,100
2792433830624885,600024,87,2692,13365,100
2792433835736221,600024,87,2692,13365,100
2792433840847460,600024,87,2692,13365,100
2792433845961484,600024,87,2692,13365,100
2792433851072943,600024,87,2692,13365,100
2792433856197191,600024,87,2692,13365,100
2792433861308290,600024,87,2692,13365,100
2792433866419391,600024,87,2692,13365,100
2792433871530779,600024,87,2692,13365,100
2792433876643688,600024,87,2692,13365,100
2792433881754657,600024,87,2692,13365,100
2792433886865879,600024,87,2692,13365,100
2792433891977244,600024,87,2692,13365,100
2792433897089741,600024,87,2692,13365,100
2792433902201098,600024,87,2692,13365,100
2792433907314824,600024,87,2692,13365,100
2792433912426695,600024,87,2692,13365,100
2792433917537944,600024,87,2692,13365,100
2792433922649230,600024,87,2692,13365,100
2792433927760676,600024,87,2692,13365,100
2792433932871772,600024,87,2692,13365,100
2792433937983138,600024,87,2692,13365,100
2792433943111750,600024,87,2692,13365,100
2792433948224062,600024,87,2692,13365,100
2792433953335570,600024,87,2692,13365,100
2792433958446621,600024,87,2692,13365,100
2792433963557455,600024,87,2692,13365,100
2792433968668344,600024,87,2692,13365,100
2792433973781167,600024,87,2692,13365,100
2792433978892313,600024,87,2692,13365,100
2792433984019881,600024,87,2692,13365,100
2792433989131921,600024,87,2692,13365,100
2792433994243157,600024,87,2692,13365,100
2792433999355942,600024,87,2692,13365,100
2792434004467182,600024,87,2692,13365,100
2792434009578079,600024,87,2692,13365,100
2792434014689259,600024,87,2692,13365,100
2792434019801903,600024,87,2692,13365,100
2792434024912900,600024,87,2692,13365,100
2792434030024248,600024,87,2692,13365,100
2792434035135493,600024,87,2692,13365,100
2792434040246821,600024,87,2692,13365,100
2792434045357810,600024,87,2692,13365,100
2792434050471673,600024,87,2692,13365,100
2792434055582819,600024,87,2692,13365,100
2792434060693827,600024,87,2692,13365,100
2792434065805207,600024,87,2692,13365,100
2792434070916547,600024,87,2692,13365,100
2792434076028197,600024,87,2692,13365,100
2792434081139729,600024,87,2692,13365,100
2792434086252101,600024,87,2692,13365,100
2792434091363441,600024,87,2692,13365,100
2792434096474614,600024,87,2692,13365,100
2792434101587424,600024,87,2692,13365,100
2792434106698703,600024,87,2692,13365,100
2792434111809635,600024,87,2692,13365,100
2792434116922556,600017,87,2692,13365,100
2792434122035040,600017,87,2692,13365,100
2792434127146564,600017,87,2692,13365,100
2792434132257931,600017,87,2692,13365,100
2792434137369369,600017,87,2692,13365,100
2792434142480107,600017,87,2692,13365,100
2792434147591462,600017,87,2692,13365,100
2792434152705610,600017,87,2692,13365,100
2792434157816693,600017,87,2692,13365,100
2792434162927752,600017,87,2692,13365,100
2792434168039076,600017,87,2692,13365,100
2792434173150312,600017,87,2692,13365,100
2792434178263341,600017,87,2692,13365,100
2792434183376164,600017,87,2692,13365,100
2792434188487181,600017,87,2692,13365,100
2792434193598544,600017,87,2692,13365,100
2792434198709761,600017,87,2692,13365,100
2792434203822227,600017,87,2692,13365,100
2792434208933803,600017,87,2692,13365,100
2792434214045451,600017,87,2692,13365,100
2792434219156848,600017,87,2692,13365,100
2792434224267976,600017,87,2692,13365,100
2792434229379742,600017,87,2692,13365,100
2792434234490792,600017,87,2692,13365,100
2792434239601951,600017,87,2692,13365,100
2792434244713470,600017,87,2692,13365,100
2792434249825840,600017,87,2692,13365,100
2792434254938777,600017,87,2692,13365,100
2792434260049974,600017,87,2692,13365,100
2792434265161415,600017,87,2692,13365,100
2792434270272832,600017,87,2692,13365,100
2792434275399604,600017,87,2692,13365,100
2792434280512104,600017,87,2692,13365,100
2792434285624493,600017,87,2692,13365,100
2792434290735709,600017,87,2692,13365,100
2792434295847266,600017,87,2692,13365,100
2792434300958942,600017,87,2692,13365,100
2792434306071750,600017,87,2692,13365,100
2792434311182918,600017,87,2692,13365,100
2792434316295303,600017,87,2692,13365,100
2792434321406327,600017,87,2692,13365,100
2792434326517724,600017,87,2692,13365,100
2792434331628897,600017,87,2692,13365,100
2792434336740280,600017,87,2692,13365,100
2792434341851559,600017,87,2692,13365,100
2792434346963274,600017,87,2692,13365,100
2792434352074590,600017,87,2692,13365,100
2792434357187330,600017,87,2692,13365,100
2792434362298703,600017,87,2692,13365,100
2792434367409623,600017,87,2692,13365,100
2792434372502623,600017,87,2692,13365,100
2792434377604823,600017,87,2692,13365,100
2792434382734177,600017,87,2692,13365,100
2792434387854185,600017,87,2692,13365,100
2792434392965296,600017,87,2692,13365,100
2792434398076578,600017,87,2692,13365,100
2792434403189039,600017,87,2692,13365,100
2792434408301415,600017,87,2692,13365,100
2792434413412723,600017,87,2692,13365,100
2792434418523596,600017,87,2692,13365,100
2792434423634950,600017,87,2692,13365,100
2792434428745727,600017,87,2692,13365,100
2792434433857033,600017,87,2692,13365,100
2792434438969450,600017,87,2692,13365,100
2792434444080682,600017,87,2692,13365,100
2792434449192002,600017,87,2692,13365,100
2792434454303794,600017,87,2692,13365,100
2792434459416363,600017,87,2692,13365,100
2792434464527523,600017,87,2692,13365,100
2792434469640164,600017,87,2692,13365,100
2792434474751816,600017,87,2692,13365,100
2792434479863044,600017,87,2692,13365,100
2792434484990153,600017,87,2692,13365,100
2792434490135565,600017,87,2692,13365,100
2792434495246717,600017,87,2692,13365,100
2792434500358062,600017,87,2692,13365,100
2792434505469254,600017,87,2692,13365,100
2792434510582066,600017,87,2692,13365,100
2792434515693115,600017,87,2692,13365,100
2792434520805448,600017,87,2692,13365,100
2792434525916903,600017,87,2692,13365,100
2792434531028104,600017,87,2692,13365,100
2792434536139319,600017,87,2692,13365,100
2792434541250503,600017,87,2692,13365,100
2792434546361655,600017,87,2692,13365,100
2792434551473487,600017,87,2692,13365,100
2792434556584424,600017,87,2692,13365,100
2792434561697375,600017,87,2692,13365,100
2792434566808471,600017,87,2692,13365,100
2792434571919908,600017,87,2692,13365,100
2792434577031204,600017,87,2692,13365,100
2792434582142348,600017,87,2692,13365,100
2792434587254517,600017,87,2692,13365,100
2792434592365788,600017,87,2692,13365,100
2792434597477266,600017,87,2692,13365,100
2792434602588726,600017,87,2692,13365,100
2792434607700220,600017,87,2692,13365,100
2792434612812855,600017,87,2692,13365,100
2792434617925790,599964,87,2692,13365,100
2792434623038234,599964,87,2692,13365,100
2792434628149416,599964,87,2692,13365,100
2792434633261161,599964,87,2692,13365,100
2792434638372113,599964,87,2692,13365,100
2792434643483306,599964,87,2692,13365,100
2792434648593598,599964,87,2692,13365,100
2792434653705521,599964,87,2692,13365,100
2792434658818319,599964,87,2692,13365,100
2792434663931489,599964,87,2692,13365,100
2792434669043412,599964,87,2692,13365,100
2792434674155832,599964,87,2692,13365,100
2792434679267892,599964,87,2692,13365,100
2792434684379065,599964,87,2692,13365,100
2792434689492273,599964,87,2692,13365,100
2792434694603385,599964,87,2692,13365,100
2792434699714358,599964,87,2692,13365,100
2792434704825723,599964,87,2692,13365,100
2792434709936909,599964,87,2692,13365,100
2792434715049713,599964,87,2692,13365,100
2792434720160920,599964,87,2692,13365,100
2792434725272856,599964,87,2692,13365,100
2792434730386181,599964,87,2692,13365,100
2792434735497657,599964,87,2692,13365,100
2792434740608795,599964,87,2692,13365,100
2792434745720068,599964,87,2692,13365,100
2792434750831174,599964,87,2692,13365,100
2792434755942614,599964,87,2692,13365,100
2792434761053903,599964,87,2692,13365,100
2792434766167559,599964,87,2692,13365,100
2792434771279011,599964,87,2692,13365,100
2792434776390201,599964,87,2692,13365,100
2792434781501393,599964,87,2692,13365,100
2792434786612797,599964,87,2692,13365,100
2792434791724080,599964,87,2692,13365,100
2792434796837017,599964,87,2692,13365,100
2792434801947947,599964,87,2692,13365,100
2792434807059153,599964,87,2692,13365,100
2792434812170383,599964,87,2692,13365,100
2792434817283455,599964,87,2692,13365,100
2792434822394719,599964,87,2692,13365,100
2792434827517570,599964,87,2692,13365,100
2792434832629244,599964,87,2692,13365,100
2792434837740405,599964,87,2692,13365,100
2792434842852006,599964,87,2692,13365,100
2792434847963262,599964,87,2692,13365,100
2792434853074372,599964,87,2692,13365,100
2792434858185961,599964,87,2692,13365,100
2792434863297711,599964,87,2692,13365,100
2792434868410373,599964,87,2692,13365,100
2792434873521600,599964,87,2692,13365,100
2792434878632875,599964,87,2692,13365,100
2792434883744305,599964,87,2692,13365,100
2792434888855538,599964,87,2692,13365,100
2792434893968828,599964,87,2692,13365,100
2792434899080318,599964,87,2692,13365,100
2792434904191477,599964,87,2692,13365,100
2792434909303779,599964,87,2692,13365,100
2792434914415299,599964,87,2692,13365,100
2792434919527963,599964,87,2692,13365,100
2792434924639380,599964,87,2692,13365,100
2792434929766717,599964,87,2692,13365,100
2792434934877897,599964,87,2692,13365,100
2792434939989377,599964,87,2692,13365,100
2792434945118026,599964,87,2692,13365,100
2792434950229196,599964,87,2692,13365,100
2792434955340402,599964,87,2692,13365,100
2792434960451613,599964,87,2692,13365,100
2792434965562663,599964,87,2692,13365,100
2792434970675672,599964,87,2692,13365,100
2792434975788452,599964,87,2692,13365,100
2792434980899692,599964,87,2692,13365,100
2792434986026696,599964,87,2692,13365,100
2792434991138669,599964,87,2692,13365,100
2792434996249701,599964,87,2692,13365,100
2792435001361182,599964,87,2692,13365,100
2792435006472478,599964,87,2692,13365,100
2792435011583607,599964,87,2692,13365,100
2792435016694753,599964,87,2692,13365,100
2792435021808956,599964,87,2692,13365,100
2792435026920332,599964,87,2692,13365,100
2792435032031832,599964,87,2692,13365,100
2792435037143099,599964,87,2692,13365,100
2792435042254214,599964,87,2692,13365,100
2792435047365514,599964,87,2692,13365,100
2792435052477094,599964,87,2692,13365,100
2792435057588914,599964,87,2692,13365,100
2792435062700355,599964,87,2692,13365,100
2792435067811607,599964,87,2692,13365,100
2792435072924504,599964,87,2692,13365,100
2792435078036212,599964,87,2692,13365,100
2792435083147256,599964,87,2692,13365,100
2792435088259585,599964,87,2692,13365,100
2792435093370920,599964,87,2692,13365,100
2792435098482306,599964,87,2692,13365,100
2792435103593668,599964,87,2692,13365,100
2792435108704842,599964,87,2692,13365,100
2792435113816131,599964,87,2692,13365,100
2792435118928842,599955,87,2692,13365,100
2792435124042872,599955,87,2692,13365,100
2792435129154309,599955,87,2692,13365,100
2792435134265581,599955,87,2692,13365,100
2792435139377047,599955,87,2692,13365,100
2792435144488393,599955,87,2692,13365,100
2792435149599501,599955,87,2692,13365,100
2792435154710767,599955,87,2692,13365,100
2792435159822079,599955,87,2692,13365,100
2792435164933341,599955,87,2692,13365,100
2792435170044815,599955,87,2692,13365,100
2792435175157478,599955,87,2692,13365,100
2792435180268722,599955,87,2692,13365,100
2792435185381379,599955,87,2692,13365,100
2792435190492449,599955,87,2692,13365,100
2792435195603921,599955,87,2692,13365,100
2792435200715100,599955,87,2692,13365,100
2792435205826446,599955,87,2692,13365,100
2792435210937867,599955,87,2692,13365,100
2792435216050427,599955,87,2692,13365,100
2792435221161592,599955,87,2692,13365,100
2792435226274234,599955,87,2692,13365,100
2792435231385592,599955,87,2692,13365,100
2792435236498616,599955,87,2692,13365,100
2792435241609821,599955,87,2692,13365,100
2792435246721054,599955,87,2692,13365,100
2792435251833824,599955,87,2692,13365,100
2792435256945530,599955,87,2692,13365,100
2792435262056780,599955,87,2692,13365,100
2792435267168048,599955,87,2692,13365,100
2792435272279528,599955,87,2692,13365,100
2792435277392468,599955,87,2692,13365,100
2792435282505245,599955,87,2692,13365,100
2792435287616205,599955,87,2692,13365,100
2792435292727561,599955,87,2692,13365,100
2792435297838316,599955,87,2692,13365,100
2792435302949434,599955,87,2692,13365,100
2792435308060725,599955,87,2692,13365,100
2792435313172435,599955,87,2692,13365,100
2792435318284707,599955,87,2692,13365,100
2792435323395548,599955,87,2692,13365,100
2792435328507988,599955,87,2692,13365,100
2792435333619325,599955,87,2692,13365,100
2792435338730806,599955,87,2692,13365,100
2792435343841969,599955,87,2692,13365,100
2792435348954754,599955,87,2692,13365,100
2792435354066199,599955,87,2692,13365,100
2792435359183047,599955,87,2692,13365,100
2792435364294493,599955,87,2692,13365,100
2792435369413067,599955,87,2692,13365,100
2792435374524700,599955,87,2692,13365,100
2792435379638476,599955,87,2692,13365,100
2792435384750045,599955,87,2692,13365,100
2792435389861530,599955,87,2692,13365,100
2792435394973069,599955,87,2692,13365,100
2792435400084124,599955,87,2692,13365,100
2792435405195383,599955,87,2692,13365,100
2792435410306631,599955,87,2692,13365,100
2792435415418071,599955,87,2692,13365,100
2792435420529626,599955,87,2692,13365,100
2792435425640916,599955,87,2692,13365,100
2792435430753449,599955,87,2692,13365,100
2792435435864285,599955,87,2692,13365,100
2792435440975669,599955,87,2692,13365,100
2792435446088104,599955,87,2692,13365,100
2792435451199518,599955,87,2692,13365,100
2792435456310771,599955,87,2692,13365,100
2792435461422467,599955,87,2692,13365,100
2792435466533935,599955,87,2692,13365,100
2792435471645651,599955,87,2692,13365,100
2792435476758209,599955,87,2692,13365,100
2792435481871742,599955,87,2692,13365,100
2792435486982729,599955,87,2692,13365,100
2792435492112285,599955,87,2692,13365,100
2792435497223866,599955,87,2692,13365,100
2792435502334946,599955,87,2692,13365,100
2792435507446376,599955,87,2692,13365,100
2792435512557815,599955,87,2692,13365,100
2792435517669435,599955,87,2692,13365,100
2792435522781976,599955,87,2692,13365,100
2792435527893328,599955,87,2692,13365,100
2792435533057784,599955,87,2692,13365,100
2792435538169532,599955,87,2692,13365,100
2792435543281005,599955,87,2692,13365,100
2792435548392021,599955,87,2692,13365,100
2792435553503210,599955,87,2692,13365,100
2792435558614579,599955,87,2692,13365,100
2792435563725947,599955,87,2692,13365,100
2792435568838263,599955,87,2692,13365,100
2792435573949523,599955,87,2692,13365,100
2792435579061026,599955,87,2692,13365,100
2792435584189697,599955,87,2692,13365,100
2792435589300905,599955,87,2692,13365,100
2792435594412479,599955,87,2692,13365,100
2792435599524456,599955,87,2692,13365,100
2792435604635942,599955,87,2692,13365,100
2792435609747030,599955,87,2692,13365,100
2792435614858169,599986,87,2692,13365,100
2792435619966461,599986,87,2692,13365,100
2792435625058157,599986,87,2692,13365,100
2792435630158376,599986,87,2692,13365,100
2792435635271634,599986,87,2692,13365,100
2792435640382933,599986,87,2692,13365,100
2792435645494430,599986,87,2692,13365,100
2792435650605574,599986,87,2692,13365,100
2792435655717418,599986,87,2692,13365,100
2792435660829109,599986,87,2692,13365,100
2792435665940515,599986,87,2692,13365,100
2792435671052147,599986,87,2692,13365,100
2792435676163100,599986,87,2692,13365,100
2792435681274381,599986,87,2692,13365,100
2792435686387531,599986,87,2692,13365,100
2792435691498891,599986,87,2692,13365,100
2792435696610378,599986,87,2692,13365,100
2792435701721582,599986,87,2692,13365,100
2792435706832578,599986,87,2692,13365,100
2792435711943907,599986,87,2692,13365,100
2792435717055271,599986,87,2692,13365,100
2792435722166535,599986,87,2692,13365,100
2792435727279340,599986,87,2692,13365,100
2792435732390360,599986,87,2692,13365,100
2792435737503177,599986,87,2692,13365,100
2792435742614238,599986,87,2692,13365,100
2792435747725422,599986,87,2692,13365,100
2792435752836798,599986,87,2692,13365,100
2792435757949420,599986,87,2692,13365,100
2792435763060463,599986,87,2692,13365,100
2792435768171964,599986,87,2692,13365,100
2792435773283188,599986,87,2692,13365,100
2792435778394260,599986,87,2692,13365,100
2792435783505548,599986,87,2692,13365,100
2792435788618239,599986,87,2692,13365,100
2792435793731269,599986,87,2692,13365,100
2792435798842698,599986,87,2692,13365,100
2792435803953991,599986,87,2692,13365,100
2792435809065177,599986,87,2692,13365,100
2792435814176615,599986,87,2692,13365,100
2792435819288155,599986,87,2692,13365,100
2792435824400478,599986,87,2692,13365,100
2792435829511648,599986,87,2692,13365,100
2792435834623453,599986,87,2692,13365,100
2792435839736203,599986,87,2692,13365,100
2792435844847150,599986,87,2692,13365,100
2792435849958330,599986,87,2692,13365,100
2792435855070026,599986,87,2692,13365,100
2792435860181211,599986,87,2692,13365,100
2792435865292531,599986,87,2692,13365,100
2792435870403536,599986,87,2692,13365,100
2792435875514764,599986,87,2692,13365,100
2792435880626217,599986,87,2692,13365,100
2792435885740913,599986,87,2692,13365,100
2792435890854913,599986,87,2692,13365,100
2792435895966150,599986,87,2692,13365,100
2792435901077906,599986,87,2692,13365,100
2792435906189108,599986,87,2692,13365,100
2792435911301151,599986,87,2692,13365,100
2792435916412584,599986,87,2692,13365,100
2792435921524680,599986,87,2692,13365,100
2792435926636353,599986,87,2692,13365,100
2792435931747512,599986,87,2692,13365,100
2792435936859365,599986,87,2692,13365,100
2792435941972517,599986,87,2692,13365,100
2792435947083682,599986,87,2692,13365,100
2792435952195079,599986,87,2692,13365,100
2792435957307863,599986,87,2692,13365,100
2792435962419519,599986,87,2692,13365,100
2792435967530919,599986,87,2692,13365,100
2792435972657536,599986,87,2692,13365,100
2792435977768762,599986,87,2692,13365,100
2792435982880060,599986,87,2692,13365,100
2792435987991115,599986,87,2692,13365,100
2792435993120525,599986,87,2692,13365,100
2792435998231846,599986,87,2692,13365,100
2792436003343199,599986,87,2692,13365,100
2792436008454603,599986,87,2692,13365,100
2792436013565913,599986,87,2692,13365,100
2792436018677411,599986,87,2692,13365,100
2792436023790715,599986,87,2692,13365,100
2792436028902072,599986,87,2692,13365,100
2792436034022524,599986,87,2692,13365,100
2792436039134525,599986,87,2692,13365,100
2792436044247489,599986,87,2692,13365,100
2792436049358724,599986,87,2692,13365,100
2792436054469748,599986,87,2692,13365,100
2792436059581493,599986,87,2692,13365,100
2792436064694332,599986,87,2692,13365,100
2792436069805653,599986,87,2692,13365,100
2792436074917056,599986,87,2692,13365,100
2792436080028524,599986,87,2692,13365,100
2792436085140204,599986,87,2692,13365,100
2792436090251293,599986,87,2692,13365,100
2792436095364104,599986,87,2692,13365,100
2792436100476636,599986,87,2692,13365,100
2792436105588040,599986,87,2692,13365,100
2792436110699318,599986,87,2692,13365,100
2792436115810783,599962,87,2692,13365,100
2792436120923059,599962,87,2692,13365,100
2792436126034348,599962,87,2692,13365,100
2792436131146644,599962,87,2692,13365,100
2792436136257839,599962,87,2692,13365,100
2792436141368951,599962,87,2692,13365,100
2792436146481934,599962,87,2692,13365,100
2792436151593427,599962,87,2692,13365,100
2792436156704871,599962,87,2692,13365,100
2792436161816099,599962,87,2692,13365,100
2792436166928871,599962,87,2692,13365,100
2792436172040030,599962,87,2692,13365,100
2792436177151394,599962,87,2692,13365,100
2792436182262672,599962,87,2692,13365,100
2792436187374177,599962,87,2692,13365,100
2792436192485542,599962,87,2692,13365,100
2792436197599586,599962,87,2692,13365,100
2792436202710962,599962,87,2692,13365,100
2792436207822019,599962,87,2692,13365,100
2792436212933259,599962,87,2692,13365,100
2792436218044690,599962,87,2692,13365,100
2792436223155968,599962,87,2692,13365,100
2792436228268488,599962,87,2692,13365,100
2792436233379950,599962,87,2692,13365,100
2792436238507197,599962,87,2692,13365,100
2792436243619039,599962,87,2692,13365,100
2792436248731962,599962,87,2692,13365,100
2792436253843514,599962,87,2692,13365,100
2792436258954899,599962,87,2692,13365,100
2792436264069415,599962,87,2692,13365,100
2792436269180932,599962,87,2692,13365,100
2792436274292132,599962,87,2692,13365,100
2792436279403768,599962,87,2692,13365,100
2792436284515349,599962,87,2692,13365,100
2792436289626709,599962,87,2692,13365,100
2792436294739365,599962,87,2692,13365,100
2792436299852353,599962,87,2692,13365,100
2792436304963892,599962,87,2692,13365,100
2792436310074907,599962,87,2692,13365,100
2792436315186063,599962,87,2692,13365,100
2792436320297116,599962,87,2692,13365,100
2792436325408776,599962,87,2692,13365,100
2792436330520045,599962,87,2692,13365,100
2792436335631465,599962,87,2692,13365,100
2792436340742937,599962,87,2692,13365,100
2792436345854313,599962,87,2692,13365,100
2792436350967014,599962,87,2692,13365,100
2792436356079058,599962,87,2692,13365,100
2792436361191267,599962,87,2692,13365,100
2792436366302703,599962,87,2692,13365,100
2792436371414136,599962,87,2692,13365,100
2792436376525388,599962,87,2692,13365,100
2792436381637084,599962,87,2692,13365,100
2792436386748197,599962,87,2692,13365,100
2792436391861562,599962,87,2692,13365,100
2792436396972670,599962,87,2692,13365,100
2792436402085418,599962,87,2692,13365,100
2792436407196802,599962,87,2692,13365,100
2792436412308059,599962,87,2692,13365,100
2792436417419404,599962,87,2692,13365,100
2792436422532420,599962,87,2692,13365,100
2792436427643865,599962,87,2692,13365,100
2792436432755893,599962,87,2692,13365,100
2792436437867333,599962,87,2692,13365,100
2792436442978782,599962,87,2692,13365,100
2792436448090078,599962,87,2692,13365,100
2792436453202414,599962,87,2692,13365,100
2792436458314117,599962,87,2692,13365,100
2792436463425495,599962,87,2692,13365,100
2792436468536479,599962,87,2692,13365,100
2792436473647604,599962,87,2692,13365,100
2792436478758675,599962,87,2692,13365,100
2792436483870057,599962,87,2692,13365,100
2792436488982803,599962,87,2692,13365,100
2792436494111335,599962,87,2692,13365,100
2792436499222794,599962,87,2692,13365,100
2792436504335686,599962,87,2692,13365,100
2792436509447090,599962,87,2692,13365,100
2792436514558411,599962,87,2692,13365,100
2792436519669748,599962,87,2692,13365,100
2792436524783212,599962,87,2692,13365,100
2792436529894377,599962,87,2692,13365,100
2792436535031957,599962,87,2692,13365,100
2792436540144345,599962,87,2692,13365,100
2792436545255650,599962,87,2692,13365,100
2792436550367050,599962,87,2692,13365,100
2792436555480055,599962,87,2692,13365,100
2792436560591294,599962,87,2692,13365,100
2792436565702677,599962,87,2692,13365,100
2792436570816199,599962,87,2692,13365,100
2792436575927358,599962,87,2692,13365,100
2792436581038642,599962,87,2692,13365,100
2792436586149989,599962,87,2692,13365,100
2792436591261217,599962,87,2692,13365,100
2792436596372701,599962,87,2692,13365,100
2792436601484533,599962,87,2692,13365,100
2792436606597554,599962,87,2692,13365,100
2792436611708717,599962,87,2692,13365,100
2792436616819899,599984,87,2692,13365,100
2792436621932107,599984,87,2692,13365,100
2792436627043402,599984,87,2692,13365,100
2792436632180361,599984,87,2692,13365,100
2792436637302193,599984,87,2692,13365,100
2792436642413477,599984,87,2692,13365,100
2792436647525129,599984,87,2692,13365,100
2792436652636497,599984,87,2692,13365,100
2792436657749103,599984,87,2692,13365,100
2792436662861733,599984,87,2692,13365,100
2792436667975439,599984,87,2692,13365,100
2792436673089631,599984,87,2692,13365,100
2792436678251315,599984,87,2692,13365,100
2792436683365432,599984,87,2692,13365,100
2792436688479262,599984,87,2692,13365,100
2792436693594908,599984,87,2692,13365,100
2792436698734949,599984,87,2692,13365,100
2792436703849457,599984,87,2692,13365,100
2792436708965230,599984,87,2692,13365,100
2792436714079146,599984,87,2692,13365,100
2792436719252420,599984,87,2692,13365,100
2792436724368172,599984,87,2692,13365,100
2792436729481139,599984,87,2692,13365,100
2792436734594719,599984,87,2692,13365,100
2792436739707584,599984,87,2692,13365,100
2792436744821052,599984,87,2692,13365,100
2792436749934308,599984,87,2692,13365,100
2792436755061157,599984,87,2692,13365,100
2792436760177825,599984,87,2692,13365,100
2792436765293342,599984,87,2692,13365,100
2792436770413678,599984,87,2692,13365,100
2792436775529078,599984,87,2692,13365,100
2792436780645820,599984,87,2692,13365,100
2792436785760390,599984,87,2692,13365,100
2792436790876382,599984,87,2692,13365,100
2792436795992906,599984,87,2692,13365,100
2792436801124972,599984,87,2692,13365,100
2792436806271487,599984,87,2692,13365,100
2792436811388713,599984,87,2692,13365,100
2792436816501983,599984,87,2692,13365,100
2792436821617613,599984,87,2692,13365,100
2792436826732140,599984,87,2692,13365,100
2792436831850824,599984,87,2692,13365,100
2792436836964134,599984,87,2692,13365,100
2792436842079874,599984,87,2692,13365,100
2792436847193919,599984,87,2692,13365,100
2792436852309794,599984,87,2692,13365,100
2792436857423853,599984,87,2692,13365,100
2792436862541612,599984,87,2692,13365,100
2792436867662092,599984,87,2692,13365,100
2792436872756796,599984,87,2692,13365,100
2792436877861597,599984,87,2692,13365,100
2792436882977460,599984,87,2692,13365,100
2792436888093014,599984,87,2692,13365,100
2792436893225018,599984,87,2692,13365,100
2792436898341071,599984,87,2692,13365,100
2792436903456511,599984,87,2692,13365,100
2792436908572528,599984,87,2692,13365,100
2792436913688005,599984,87,2692,13365,100
2792436918805020,599984,87,2692,13365,100
2792436923920569,599984,87,2692,13365,100
2792436929042300,599984,87,2692,13365,100
2792436934158046,599984,87,2692,13365,100
2792436939273610,599984,87,2692,13365,100
2792436944389142,599984,87,2692,13365,100
2792436949489987,599984,87,2692,13365,100
2792436954602647,599984,87,2692,13365,100
2792436959719315,599984,87,2692,13365,100
