monotonic_ns,board_power_mw,temperature_c,graphics_clock_mhz,memory_clock_mhz,utilization_percent
2792074380811450,206304,57,2820,13365,100
2792074387346824,206304,57,2820,13365,100
2792074392466217,206304,57,2820,13365,100
2792074397583180,206304,57,2820,13365,100
2792074402699224,206304,57,2820,13365,100
2792074407832137,206304,57,2820,13365,100
2792074412952358,206304,57,2820,13365,100
2792074418111826,206304,57,2820,13365,100
2792074423230006,206304,57,2820,13365,100
2792074428354263,206304,57,2820,13365,100
2792074433477199,206304,57,2820,13365,100
2792074438599167,206304,57,2820,13365,100
2792074443719804,206304,57,2820,13365,100
2792074448847601,206304,57,2820,13365,100
2792074453967940,206304,57,2820,13365,100
2792074459094525,206304,57,2820,13365,100
2792074464214990,206304,57,2820,13365,100
2792074469336934,206304,57,2820,13365,100
2792074474457438,206304,57,2820,13365,100
2792074479579049,206304,57,2820,13365,100
2792074484701474,206304,57,2820,13365,100
2792074489832650,206304,57,2820,13365,100
2792074494953895,206304,57,2820,13365,100
2792074500075708,206304,57,2820,13365,100
2792074505196638,206304,57,2820,13365,100
2792074510318396,206304,57,2820,13365,100
2792074515438741,206304,57,2820,13365,100
2792074520560016,206304,57,2820,13365,100
2792074525684882,206304,57,2820,13365,100
2792074530803821,206304,57,2820,13365,100
2792074535923489,206304,57,2820,13365,100
2792074541044721,206304,57,2820,13365,100
2792074546166030,206304,57,2820,13365,100
2792074551289578,206304,57,2820,13365,100
2792074556415703,206304,57,2820,13365,100
2792074561545932,206304,57,2820,13365,100
2792074566668862,206304,57,2820,13365,100
2792074571795825,206304,57,2820,13365,100
2792074576919709,206304,57,2820,13365,100
2792074582045885,206304,57,2820,13365,100
2792074587169945,206304,57,2820,13365,100
2792074592293351,206304,57,2820,13365,100
2792074597414586,206304,57,2820,13365,100
2792074602575202,189415,55,2820,13365,0
2792074607697698,189415,55,2820,13365,0
2792074612816955,189415,55,2820,13365,0
2792074617939558,189415,55,2820,13365,0
2792074623060235,189415,55,2820,13365,0
2792074628182332,189415,55,2820,13365,0
2792074633305138,189415,55,2820,13365,0
2792074638427817,189415,55,2820,13365,0
2792074643549753,189415,55,2820,13365,0
2792074648647133,189415,55,2820,13365,0
2792074653769990,189415,55,2820,13365,0
2792074658890510,189415,55,2820,13365,0
2792074664027005,189415,55,2820,13365,0
2792074669146331,189415,55,2820,13365,0
2792074674266135,189415,55,2820,13365,0
2792074679396092,189415,55,2820,13365,0
2792074684514860,189415,55,2820,13365,0
2792074689633796,189415,55,2820,13365,0
2792074694750332,189415,55,2820,13365,0
2792074699866995,189415,55,2820,13365,0
2792074704983761,189415,55,2820,13365,0
2792074710136993,189415,55,2820,13365,0
2792074715253721,189415,55,2820,13365,0
2792074720370458,189415,55,2820,13365,0
2792074725487235,189415,55,2820,13365,0
2792074730603835,189415,55,2820,13365,0
2792074735720191,189415,55,2820,13365,0
2792074740841012,189415,55,2820,13365,0
2792074745959442,189415,55,2820,13365,0
2792074751076084,189415,55,2820,13365,0
2792074756192512,189415,55,2820,13365,0
2792074761309200,189415,55,2820,13365,0
2792074766425826,189415,55,2820,13365,0
2792074771542691,189415,55,2820,13365,0
2792074776659077,189415,55,2820,13365,0
2792074781776467,189415,55,2820,13365,0
2792074786894063,189415,55,2820,13365,0
2792074792032315,189415,55,2820,13365,0
2792074797149723,189415,55,2820,13365,0
2792074802267236,189415,55,2820,13365,0
2792074807386561,189415,55,2820,13365,0
2792074812503633,189415,55,2820,13365,0
2792074817620825,189415,55,2820,13365,0
2792074822737253,189415,55,2820,13365,0
2792074827854038,189415,55,2820,13365,0
2792074832972845,189415,55,2820,13365,0
2792074838089600,189415,55,2820,13365,0
2792074843208986,189415,55,2820,13365,0
2792074848327656,189415,55,2820,13365,0
2792074853445668,189415,55,2820,13365,0
2792074858562683,189415,55,2820,13365,0
2792074863680096,189415,55,2820,13365,0
2792074868797179,189415,55,2820,13365,0
2792074873914441,189415,55,2820,13365,0
2792074879030593,189415,55,2820,13365,0
2792074884147185,189415,55,2820,13365,0
2792074889263656,189415,55,2820,13365,0
2792074894381834,189415,55,2820,13365,0
2792074899498471,189415,55,2820,13365,0
2792074904615667,189415,55,2820,13365,0
2792074909732301,189415,55,2820,13365,0
2792074914850451,189415,55,2820,13365,0
2792074919967036,189415,55,2820,13365,0
2792074925083456,189415,55,2820,13365,0
2792074930208541,189415,55,2820,13365,0
2792074935324845,189415,55,2820,13365,0
2792074940441426,189415,55,2820,13365,0
2792074945561579,189415,55,2820,13365,0
2792074950677867,189415,55,2820,13365,0
2792074955794243,189415,55,2820,13365,0
2792074960910256,189415,55,2820,13365,0
2792074966026731,189415,55,2820,13365,0
2792074971142560,189415,55,2820,13365,0
2792074976258556,189415,55,2820,13365,0
2792074981375249,189415,55,2820,13365,0
2792074986491245,189415,55,2820,13365,0
2792074991608051,189415,55,2820,13365,0
2792074996726062,189415,55,2820,13365,0
2792075001842554,189415,55,2820,13365,0
2792075006958163,189415,55,2820,13365,0
2792075012076519,189415,55,2820,13365,0
2792075017192291,189415,55,2820,13365,0
2792075022308156,189415,55,2820,13365,0
2792075027424433,189415,55,2820,13365,0
2792075032540206,189415,55,2820,13365,0
2792075037656181,189415,55,2820,13365,0
2792075042774893,189415,55,2820,13365,0
2792075047892566,189415,55,2820,13365,0
2792075053031754,189415,55,2820,13365,0
2792075058148346,189415,55,2820,13365,0
2792075063264633,189415,55,2820,13365,0
2792075068380515,189415,55,2820,13365,0
2792075073496452,189415,55,2820,13365,0
2792075078612516,189415,55,2820,13365,0
2792075083728148,189415,55,2820,13365,0
2792075088846429,189415,55,2820,13365,0
2792075093962165,189415,55,2820,13365,0
2792075099080116,189415,55,2820,13365,0
2792075104196200,177785,57,2820,13365,100
2792075109314322,177785,57,2820,13365,100
2792075114430723,177785,57,2820,13365,100
2792075119548755,177785,57,2820,13365,100
2792075124664899,177785,57,2820,13365,100
2792075129781431,177785,57,2820,13365,100
2792075134897436,177785,57,2820,13365,100
2792075140034360,177785,57,2820,13365,100
2792075145152484,177785,57,2820,13365,100
2792075150269885,177785,57,2820,13365,100
2792075155386653,177785,57,2820,13365,100
2792075160502368,177785,57,2820,13365,100
2792075165619050,177785,57,2820,13365,100
2792075170748138,177785,57,2820,13365,100
2792075175866627,177785,57,2820,13365,100
2792075180982623,177785,57,2820,13365,100
2792075186117030,177785,57,2820,13365,100
2792075191232980,177785,57,2820,13365,100
2792075196349092,177785,57,2820,13365,100
2792075201466988,177785,57,2820,13365,100
2792075206583473,177785,57,2820,13365,100
2792075211699113,177785,57,2820,13365,100
2792075216815994,177785,57,2820,13365,100
2792075221932830,177785,57,2820,13365,100
2792075227049332,177785,57,2820,13365,100
2792075232165543,177785,57,2820,13365,100
2792075237281528,177785,57,2820,13365,100
2792075242397871,177785,57,2820,13365,100
2792075247515964,177785,57,2820,13365,100
2792075252633748,177785,57,2820,13365,100
2792075257749977,177785,57,2820,13365,100
2792075262866097,177785,57,2820,13365,100
2792075267982240,177785,57,2820,13365,100
2792075273121324,177785,57,2820,13365,100
2792075278237088,177785,57,2820,13365,100
2792075283352746,177785,57,2820,13365,100
2792075288468631,177785,57,2820,13365,100
2792075293584789,177785,57,2820,13365,100
2792075298700999,177785,57,2820,13365,100
2792075303820563,177785,57,2820,13365,100
2792075308937095,177785,57,2820,13365,100
2792075314053041,177785,57,2820,13365,100
2792075319169158,177785,57,2820,13365,100
2792075324285377,177785,57,2820,13365,100
2792075329401140,177785,57,2820,13365,100
2792075334519176,177785,57,2820,13365,100
2792075339636841,177785,57,2820,13365,100
2792075344752463,177785,57,2820,13365,100
2792075349870523,177785,57,2820,13365,100
2792075354988122,177785,57,2820,13365,100
2792075360122700,177785,57,2820,13365,100
2792075365256042,177785,57,2820,13365,100
2792075370372156,177785,57,2820,13365,100
2792075375487946,177785,57,2820,13365,100
2792075380604116,177785,57,2820,13365,100
2792075385720474,177785,57,2820,13365,100
2792075390838339,177785,57,2820,13365,100
2792075395954442,177785,57,2820,13365,100
2792075401071087,177785,57,2820,13365,100
2792075406188412,177785,57,2820,13365,100
2792075411304891,177785,57,2820,13365,100
2792075416420814,177785,57,2820,13365,100
2792075421538860,177785,57,2820,13365,100
2792075426656433,177785,57,2820,13365,100
2792075431772333,177785,57,2820,13365,100
2792075436888773,177785,57,2820,13365,100
2792075442021854,177785,57,2820,13365,100
2792075447139094,177785,57,2820,13365,100
2792075452255266,177785,57,2820,13365,100
2792075457373121,177785,57,2820,13365,100
2792075462489364,177785,57,2820,13365,100
2792075467605490,177785,57,2820,13365,100
2792075472721560,177785,57,2820,13365,100
2792075477838841,177785,57,2820,13365,100
2792075482955041,177785,57,2820,13365,100
2792075488070909,177785,57,2820,13365,100
2792075493186954,177785,57,2820,13365,100
2792075498302934,177785,57,2820,13365,100
2792075503418666,177785,57,2820,13365,100
2792075508537053,177785,57,2820,13365,100
2792075513653909,177785,57,2820,13365,100
2792075518770307,177785,57,2820,13365,100
2792075523886136,177785,57,2820,13365,100
2792075529034642,177785,57,2820,13365,100
2792075534152136,177785,57,2820,13365,100
2792075539268031,177785,57,2820,13365,100
2792075544384435,177785,57,2820,13365,100
2792075549500618,177785,57,2820,13365,100
2792075554616626,177785,57,2820,13365,100
2792075559734438,177785,57,2820,13365,100
2792075564852453,177785,57,2820,13365,100
2792075569968137,177785,57,2820,13365,100
2792075575084167,177785,57,2820,13365,100
2792075580200836,177785,57,2820,13365,100
2792075585317190,177785,57,2820,13365,100
2792075590434000,177785,57,2820,13365,100
2792075595551749,177785,57,2820,13365,100
2792075600668022,177785,57,2820,13365,100
2792075605784496,186871,57,2820,13365,100
2792075610905852,186871,57,2820,13365,100
2792075616022798,186871,57,2820,13365,100
2792075621138807,186871,57,2820,13365,100
2792075626255605,186871,57,2820,13365,100
2792075631372388,186871,57,2820,13365,100
2792075636488288,186871,57,2820,13365,100
2792075641604328,186871,57,2820,13365,100
2792075646720623,186871,57,2820,13365,100
2792075651837617,186871,57,2820,13365,100
2792075656953561,186871,57,2820,13365,100
2792075662073896,186871,57,2820,13365,100
2792075667190299,186871,57,2820,13365,100
2792075672306558,186871,57,2820,13365,100
2792075677422229,186871,57,2820,13365,100
2792075682538634,186871,57,2820,13365,100
2792075687654471,186871,57,2820,13365,100
2792075692773308,186871,57,2820,13365,100
2792075697889289,186871,57,2820,13365,100
2792075703029553,186871,57,2820,13365,100
2792075708146370,186871,57,2820,13365,100
2792075713264709,186871,57,2820,13365,100
2792075718381134,186871,57,2820,13365,100
2792075723497303,186871,57,2820,13365,100
2792075728613522,186871,57,2820,13365,100
2792075733730259,186871,57,2820,13365,100
2792075738848367,186871,57,2820,13365,100
2792075743964095,186871,57,2820,13365,100
2792075749079885,186871,57,2820,13365,100
2792075754196124,186871,57,2820,13365,100
2792075759312541,186871,57,2820,13365,100
2792075764430253,186871,57,2820,13365,100
2792075769549197,186871,57,2820,13365,100
2792075774665422,186871,57,2820,13365,100
2792075779781315,186871,57,2820,13365,100
2792075784897321,186871,57,2820,13365,100
2792075790034735,186871,57,2820,13365,100
2792075795152415,186871,57,2820,13365,100
2792075800268527,186871,57,2820,13365,100
2792075805384608,186871,57,2820,13365,100
2792075810501316,186871,57,2820,13365,100
2792075815625567,186871,57,2820,13365,100
2792075820742297,186871,57,2820,13365,100
2792075825860621,186871,57,2820,13365,100
2792075830976914,186871,57,2820,13365,100
2792075836093059,186871,57,2820,13365,100
2792075841208849,186871,57,2820,13365,100
2792075846324821,186871,57,2820,13365,100
2792075851440772,186871,57,2820,13365,100
2792075856559096,186871,57,2820,13365,100
2792075861675596,186871,57,2820,13365,100
2792075866793531,186871,57,2820,13365,100
2792075871911437,186871,57,2820,13365,100
2792075877030254,186871,57,2820,13365,100
2792075882147077,186871,57,2820,13365,100
2792075887263576,186871,57,2820,13365,100
2792075892379473,186871,57,2820,13365,100
2792075897495230,186871,57,2820,13365,100
2792075902611229,186871,57,2820,13365,100
2792075907727193,186871,57,2820,13365,100
2792075912843232,186871,57,2820,13365,100
2792075917963915,186871,57,2820,13365,100
2792075923080459,186871,57,2820,13365,100
2792075928196418,186871,57,2820,13365,100
2792075933312186,186871,57,2820,13365,100
2792075938431066,186871,57,2820,13365,100
2792075943547646,186871,57,2820,13365,100
2792075948665014,186871,57,2820,13365,100
2792075953781145,186871,57,2820,13365,100
2792075958897363,186871,57,2820,13365,100
2792075964036552,186871,57,2820,13365,100
2792075969155448,186871,57,2820,13365,100
2792075974271623,186871,57,2820,13365,100
2792075979387985,186871,57,2820,13365,100
2792075984503926,186871,57,2820,13365,100
2792075989619769,186871,57,2820,13365,100
2792075994735508,186871,57,2820,13365,100
2792075999853286,186871,57,2820,13365,100
2792076004969289,186871,57,2820,13365,100
2792076010085527,186871,57,2820,13365,100
2792076015201807,186871,57,2820,13365,100
2792076020336711,186871,57,2820,13365,100
2792076025453192,186871,57,2820,13365,100
2792076030570416,186871,57,2820,13365,100
2792076035686355,186871,57,2820,13365,100
2792076040802717,186871,57,2820,13365,100
2792076045919358,186871,57,2820,13365,100
2792076051035298,186871,57,2820,13365,100
2792076056151574,186871,57,2820,13365,100
2792076061267375,186871,57,2820,13365,100
2792076066385391,186871,57,2820,13365,100
2792076071503191,186871,57,2820,13365,100
2792076076619683,186871,57,2820,13365,100
2792076081735853,186871,57,2820,13365,100
2792076086852457,186871,57,2820,13365,100
2792076091968391,186871,57,2820,13365,100
2792076097086941,186871,57,2820,13365,100
2792076102204686,205801,57,2820,13365,100
2792076107322666,205801,57,2820,13365,100
2792076112438710,205801,57,2820,13365,100
2792076117554765,205801,57,2820,13365,100
2792076122672031,205801,57,2820,13365,100
2792076127788781,205801,57,2820,13365,100
2792076132907680,205801,57,2820,13365,100
2792076138024128,205801,57,2820,13365,100
2792076143140278,205801,57,2820,13365,100
2792076148256033,205801,57,2820,13365,100
2792076153372061,205801,57,2820,13365,100
2792076158487774,205801,57,2820,13365,100
2792076163605624,205801,57,2820,13365,100
2792076168722302,205801,57,2820,13365,100
2792076173839933,205801,57,2820,13365,100
2792076178956439,205801,57,2820,13365,100
2792076184072220,205801,57,2820,13365,100
2792076189188396,205801,57,2820,13365,100
2792076194304320,205801,57,2820,13365,100
2792076199420109,205801,57,2820,13365,100
2792076204536127,205801,57,2820,13365,100
2792076209652153,205801,57,2820,13365,100
2792076214768194,205801,57,2820,13365,100
2792076219884342,205801,57,2820,13365,100
2792076225023650,205801,57,2820,13365,100
2792076230140863,205801,57,2820,13365,100
2792076235256895,205801,57,2820,13365,100
2792076240373224,205801,57,2820,13365,100
2792076245489516,205801,57,2820,13365,100
2792076250605488,205801,57,2820,13365,100
2792076255721537,205801,57,2820,13365,100
2792076260839366,205801,57,2820,13365,100
2792076265955654,205801,57,2820,13365,100
2792076271071664,205801,57,2820,13365,100
2792076276189010,205801,57,2820,13365,100
2792076281305615,205801,57,2820,13365,100
2792076286421563,205801,57,2820,13365,100
2792076291539436,205801,57,2820,13365,100
2792076296655348,205801,57,2820,13365,100
2792076301771081,205801,57,2820,13365,100
2792076306887096,205801,57,2820,13365,100
2792076312026389,205801,57,2820,13365,100
2792076317143076,205801,57,2820,13365,100
2792076322259554,205801,57,2820,13365,100
2792076327377438,205801,57,2820,13365,100
2792076332493987,205801,57,2820,13365,100
2792076337609943,205801,57,2820,13365,100
2792076342726107,205801,57,2820,13365,100
2792076347843936,205801,57,2820,13365,100
2792076352960534,205801,57,2820,13365,100
2792076358076480,205801,57,2820,13365,100
2792076363193128,205801,57,2820,13365,100
2792076368309139,205801,57,2820,13365,100
2792076373425624,205801,57,2820,13365,100
2792076378545950,205801,57,2820,13365,100
2792076383662382,205801,57,2820,13365,100
2792076388779026,205801,57,2820,13365,100
2792076393895289,205801,57,2820,13365,100
2792076399032855,205801,57,2820,13365,100
2792076404150332,205801,57,2820,13365,100
2792076409266776,205801,57,2820,13365,100
2792076414383020,205801,57,2820,13365,100
2792076419499836,205801,57,2820,13365,100
2792076424616395,205801,57,2820,13365,100
2792076429734821,205801,57,2820,13365,100
2792076434853256,205801,57,2820,13365,100
2792076439969735,205801,57,2820,13365,100
2792076445085898,205801,57,2820,13365,100
2792076450202569,205801,57,2820,13365,100
2792076455319219,205801,57,2820,13365,100
2792076460435678,205801,57,2820,13365,100
2792076465554240,205801,57,2820,13365,100
2792076470670816,205801,57,2820,13365,100
2792076475786871,205801,57,2820,13365,100
2792076480904885,205801,57,2820,13365,100
2792076486021018,205801,57,2820,13365,100
2792076491137534,205801,57,2820,13365,100
2792076496254149,205801,57,2820,13365,100
2792076501370626,205801,57,2820,13365,100
2792076506487087,205801,57,2820,13365,100
2792076511603255,205801,57,2820,13365,100
2792076516720004,205801,57,2820,13365,100
2792076521836524,205801,57,2820,13365,100
2792076526953173,205801,57,2820,13365,100
2792076532073065,205801,57,2820,13365,100
2792076537185742,205801,57,2820,13365,100
2792076542300181,205801,57,2820,13365,100
2792076547417038,205801,57,2820,13365,100
2792076552533246,205801,57,2820,13365,100
2792076557649443,205801,57,2820,13365,100
2792076562771804,205801,57,2820,13365,100
2792076567888383,205801,57,2820,13365,100
2792076573021896,205801,57,2820,13365,100
2792076578139273,205801,57,2820,13365,100
2792076583257437,205801,57,2820,13365,100
2792076588374447,205801,57,2820,13365,100
2792076593491161,205801,57,2820,13365,100
2792076598607594,205801,57,2820,13365,100
2792076603724130,205871,57,2820,13365,100
2792076608844672,205871,57,2820,13365,100
2792076613961523,205871,57,2820,13365,100
2792076619077653,205871,57,2820,13365,100
2792076624193998,205871,57,2820,13365,100
2792076629310252,205871,57,2820,13365,100
2792076634428007,205871,57,2820,13365,100
2792076639546271,205871,57,2820,13365,100
2792076644662690,205871,57,2820,13365,100
2792076649778969,205871,57,2820,13365,100
2792076654895094,205871,57,2820,13365,100
2792076660034703,205871,57,2820,13365,100
2792076665153662,205871,57,2820,13365,100
2792076670281275,205871,57,2820,13365,100
2792076675416711,205871,57,2820,13365,100
2792076680534486,205871,57,2820,13365,100
2792076685654630,205871,57,2820,13365,100
2792076690773529,205871,57,2820,13365,100
2792076695893066,205871,57,2820,13365,100
2792076701031143,205871,57,2820,13365,100
2792076706148425,205871,57,2820,13365,100
2792076711266973,205871,57,2820,13365,100
2792076716391262,205871,57,2820,13365,100
2792076721510110,205871,57,2820,13365,100
2792076726629405,205871,57,2820,13365,100
2792076731746569,205871,57,2820,13365,100
2792076736865643,205871,57,2820,13365,100
2792076741983238,205871,57,2820,13365,100
2792076747120424,205871,57,2820,13365,100
2792076752238028,205871,57,2820,13365,100
2792076757355876,205871,57,2820,13365,100
2792076762472949,205871,57,2820,13365,100
2792076767589534,205871,57,2820,13365,100
2792076772706264,205871,57,2820,13365,100
2792076777824690,205871,57,2820,13365,100
2792076782941215,205871,57,2820,13365,100
2792076788058975,205871,57,2820,13365,100
2792076793175681,205871,57,2820,13365,100
2792076798291873,205871,57,2820,13365,100
2792076803407980,205871,57,2820,13365,100
2792076808525933,205871,57,2820,13365,100
2792076813642392,205871,57,2820,13365,100
2792076818758877,205871,57,2820,13365,100
2792076823875053,205871,57,2820,13365,100
2792076828991718,205871,57,2820,13365,100
2792076834132756,205871,57,2820,13365,100
2792076839250561,205871,57,2820,13365,100
2792076844367005,205871,57,2820,13365,100
2792076849483411,205871,57,2820,13365,100
2792076854599792,205871,57,2820,13365,100
2792076859715812,205871,57,2820,13365,100
2792076864834116,205871,57,2820,13365,100
2792076869950856,205871,57,2820,13365,100
2792076875067425,205871,57,2820,13365,100
2792076880183514,205871,57,2820,13365,100
2792076885299934,205871,57,2820,13365,100
2792076890417866,205871,57,2820,13365,100
2792076895535831,205871,57,2820,13365,100
2792076900667411,205871,57,2820,13365,100
2792076905785315,205871,57,2820,13365,100
2792076910902249,205871,57,2820,13365,100
2792076916037424,205871,57,2820,13365,100
2792076921155212,205871,57,2820,13365,100
2792076926271561,205871,57,2820,13365,100
2792076931387789,205871,57,2820,13365,100
2792076936506984,205871,57,2820,13365,100
2792076941624810,205871,57,2820,13365,100
2792076946741467,205871,57,2820,13365,100
2792076951859877,205871,57,2820,13365,100
2792076956987021,205871,57,2820,13365,100
2792076962121499,205871,57,2820,13365,100
2792076967237919,205871,57,2820,13365,100
2792076972354747,205871,57,2820,13365,100
2792076977471213,205871,57,2820,13365,100
2792076982587561,205871,57,2820,13365,100
2792076987704233,205871,57,2820,13365,100
2792076992824679,205871,57,2820,13365,100
2792076997940821,205871,57,2820,13365,100
2792077003057074,205871,57,2820,13365,100
2792077008186703,205871,57,2820,13365,100
2792077013303998,205871,57,2820,13365,100
2792077018421018,205871,57,2820,13365,100
2792077023539312,205871,57,2820,13365,100
2792077028655996,205871,57,2820,13365,100
2792077033772216,205871,57,2820,13365,100
2792077038888805,205871,57,2820,13365,100
2792077044030165,205871,57,2820,13365,100
2792077049147954,205871,57,2820,13365,100
2792077054264397,205871,57,2820,13365,100
2792077059380736,205871,57,2820,13365,100
2792077064497174,205871,57,2820,13365,100
2792077069613624,205871,57,2820,13365,100
2792077074730291,205871,57,2820,13365,100
2792077079849306,205871,57,2820,13365,100
2792077084965708,205871,57,2820,13365,100
2792077090082649,205871,57,2820,13365,100
2792077095200406,205871,57,2820,13365,100
2792077100316903,205871,57,2820,13365,100
2792077105433162,205777,57,2820,13365,100
2792077110553641,205777,57,2820,13365,100
2792077115670243,205777,57,2820,13365,100
2792077120788734,205777,57,2820,13365,100
2792077125905753,205777,57,2820,13365,100
2792077131024095,205777,57,2820,13365,100
2792077136140276,205777,57,2820,13365,100
2792077141256588,205777,57,2820,13365,100
2792077146374332,205777,57,2820,13365,100
2792077151490720,205777,57,2820,13365,100
2792077156606891,205777,57,2820,13365,100
2792077161723485,205777,57,2820,13365,100
2792077166839628,205777,57,2820,13365,100
2792077171956302,205777,57,2820,13365,100
2792077177072494,205777,57,2820,13365,100
2792077182188635,205777,57,2820,13365,100
2792077187307236,205777,57,2820,13365,100
2792077192423676,205777,57,2820,13365,100
2792077197541740,205777,57,2820,13365,100
2792077202658204,205777,57,2820,13365,100
2792077207774444,205777,57,2820,13365,100
2792077212890794,205777,57,2820,13365,100
2792077218031658,205777,57,2820,13365,100
2792077223148956,205777,57,2820,13365,100
2792077228265292,205777,57,2820,13365,100
2792077233381419,205777,57,2820,13365,100
2792077238498194,205777,57,2820,13365,100
2792077243614724,205777,57,2820,13365,100
2792077248732950,205777,57,2820,13365,100
2792077253851280,205777,57,2820,13365,100
2792077258967839,205777,57,2820,13365,100
2792077264083861,205777,57,2820,13365,100
2792077269200417,205777,57,2820,13365,100
2792077274316712,205777,57,2820,13365,100
2792077279433026,205777,57,2820,13365,100
2792077284550910,205777,57,2820,13365,100
2792077289667358,205777,57,2820,13365,100
2792077294783924,205777,57,2820,13365,100
2792077299901595,205777,57,2820,13365,100
2792077305037011,205777,57,2820,13365,100
2792077310154060,205777,57,2820,13365,100
2792077315270567,205777,57,2820,13365,100
2792077320391620,205777,57,2820,13365,100
2792077325507885,205777,57,2820,13365,100
2792077330641702,205777,57,2820,13365,100
2792077335760444,205777,57,2820,13365,100
2792077340876998,205777,57,2820,13365,100
2792077345993698,205777,57,2820,13365,100
2792077351129595,205777,57,2820,13365,100
2792077356245727,205777,57,2820,13365,100
2792077361361660,205777,57,2820,13365,100
2792077366478220,205777,57,2820,13365,100
2792077371595074,205777,57,2820,13365,100
2792077376711977,205777,57,2820,13365,100
2792077381830717,205777,57,2820,13365,100
2792077386946786,205777,57,2820,13365,100
2792077392062794,205777,57,2820,13365,100
2792077397179362,205777,57,2820,13365,100
2792077402297295,205777,57,2820,13365,100
2792077407413855,205777,57,2820,13365,100
2792077412532459,205777,57,2820,13365,100
2792077417648863,205777,57,2820,13365,100
2792077422764828,205777,57,2820,13365,100
2792077427881805,205777,57,2820,13365,100
2792077433022201,205777,57,2820,13365,100
2792077438139684,205777,57,2820,13365,100
2792077443255943,205777,57,2820,13365,100
2792077448372402,205777,57,2820,13365,100
2792077453490278,205777,57,2820,13365,100
2792077458606782,205777,57,2820,13365,100
2792077463722983,205777,57,2820,13365,100
2792077468841591,205777,57,2820,13365,100
2792077473958391,205777,57,2820,13365,100
2792077479074788,205777,57,2820,13365,100
2792077484191418,205777,57,2820,13365,100
2792077489308437,205777,57,2820,13365,100
2792077494425157,205777,57,2820,13365,100
2792077499543309,205777,57,2820,13365,100
2792077504661818,205777,57,2820,13365,100
2792077509778262,205777,57,2820,13365,100
2792077514894759,205777,57,2820,13365,100
2792077520034387,205777,57,2820,13365,100
2792077525152255,205777,57,2820,13365,100
2792077530269050,205777,57,2820,13365,100
2792077535385622,205777,57,2820,13365,100
2792077540502168,205777,57,2820,13365,100
2792077545618405,205777,57,2820,13365,100
2792077550734925,205777,57,2820,13365,100
2792077555854852,205777,57,2820,13365,100
2792077560971506,205777,57,2820,13365,100
2792077566088702,205777,57,2820,13365,100
2792077571206259,205777,57,2820,13365,100
2792077576322515,205777,57,2820,13365,100
2792077581438919,205777,57,2820,13365,100
2792077586557067,205777,57,2820,13365,100
2792077591673630,205777,57,2820,13365,100
2792077596790009,205777,57,2820,13365,100
2792077601906289,205689,57,2820,13365,100
2792077607026037,205689,57,2820,13365,100
2792077612143413,205689,57,2820,13365,100
2792077617259522,205689,57,2820,13365,100
2792077622376154,205689,57,2820,13365,100
2792077627492691,205689,57,2820,13365,100
2792077632609079,205689,57,2820,13365,100
2792077637725427,205689,57,2820,13365,100
2792077642841846,205689,57,2820,13365,100
2792077647958518,205689,57,2820,13365,100
2792077653077504,205689,57,2820,13365,100
2792077658196017,205689,57,2820,13365,100
2792077663312177,205689,57,2820,13365,100
2792077668428528,205689,57,2820,13365,100
2792077673545626,205689,57,2820,13365,100
2792077678661771,205689,57,2820,13365,100
2792077683780149,205689,57,2820,13365,100
2792077688896355,205689,57,2820,13365,100
2792077694033624,205689,57,2820,13365,100
2792077699150612,205689,57,2820,13365,100
2792077704266848,205689,57,2820,13365,100
2792077709384605,205689,57,2820,13365,100
2792077714500869,205689,57,2820,13365,100
2792077719616685,205689,57,2820,13365,100
2792077724732845,205689,57,2820,13365,100
2792077729850610,205689,57,2820,13365,100
2792077734969534,205689,57,2820,13365,100
2792077740088307,205689,57,2820,13365,100
2792077745205513,205689,57,2820,13365,100
2792077750322947,205689,57,2820,13365,100
2792077755440288,205689,57,2820,13365,100
2792077760558005,205689,57,2820,13365,100
2792077765684525,205689,57,2820,13365,100
2792077770802261,205689,57,2820,13365,100
2792077775920518,205689,57,2820,13365,100
2792077781036937,205689,57,2820,13365,100
2792077786153026,205689,57,2820,13365,100
2792077791269147,205689,57,2820,13365,100
2792077796385205,205689,57,2820,13365,100
2792077801502027,205689,57,2820,13365,100
2792077806620495,205689,57,2820,13365,100
2792077811738225,205689,57,2820,13365,100
2792077816855048,205689,57,2820,13365,100
2792077821971481,205689,57,2820,13365,100
2792077827088053,205689,57,2820,13365,100
2792077832204361,205689,57,2820,13365,100
2792077837322605,205689,57,2820,13365,100
2792077842438930,205689,57,2820,13365,100
2792077847555015,205689,57,2820,13365,100
2792077852671071,205689,57,2820,13365,100
2792077857787592,205689,57,2820,13365,100
2792077862905154,205689,57,2820,13365,100
2792077868023293,205689,57,2820,13365,100
2792077873142612,205689,57,2820,13365,100
2792077878259457,205689,57,2820,13365,100
2792077883378761,205689,57,2820,13365,100
2792077888496189,205689,57,2820,13365,100
2792077893623578,205689,57,2820,13365,100
2792077898740659,205689,57,2820,13365,100
2792077903856922,205689,57,2820,13365,100
2792077908973171,205689,57,2820,13365,100
2792077914093391,205689,57,2820,13365,100
2792077919209940,205689,57,2820,13365,100
2792077924326232,205689,57,2820,13365,100
2792077929442438,205689,57,2820,13365,100
2792077934559502,205689,57,2820,13365,100
2792077939678213,205689,57,2820,13365,100
2792077944794618,205689,57,2820,13365,100
2792077949911483,205689,57,2820,13365,100
2792077955028147,205689,57,2820,13365,100
2792077960144530,205689,57,2820,13365,100
2792077965262261,205689,57,2820,13365,100
2792077970381344,205689,57,2820,13365,100
2792077975498250,205689,57,2820,13365,100
2792077980614956,205689,57,2820,13365,100
2792077985748899,205689,57,2820,13365,100
2792077990865629,205689,57,2820,13365,100
2792077995981802,205689,57,2820,13365,100
2792078001116846,205689,57,2820,13365,100
2792078006233554,205689,57,2820,13365,100
2792078011349681,205689,57,2820,13365,100
2792078016467814,205689,57,2820,13365,100
2792078021584227,205689,57,2820,13365,100
2792078026700323,205689,57,2820,13365,100
2792078031818748,205689,57,2820,13365,100
2792078036935232,205689,57,2820,13365,100
2792078042051880,205689,57,2820,13365,100
2792078047168257,205689,57,2820,13365,100
2792078052284729,205689,57,2820,13365,100
2792078057401220,205689,57,2820,13365,100
2792078062520240,205689,57,2820,13365,100
2792078067637876,205689,57,2820,13365,100
2792078072753927,205689,57,2820,13365,100
2792078077870377,205689,57,2820,13365,100
2792078082986468,205689,57,2820,13365,100
2792078088127906,205689,57,2820,13365,100
2792078093244180,205689,57,2820,13365,100
2792078098360504,205689,57,2820,13365,100
2792078103476845,205975,57,2820,13365,100
2792078108594909,205975,57,2820,13365,100
2792078113710814,205975,57,2820,13365,100
2792078118830792,205975,57,2820,13365,100
2792078123947042,205975,57,2820,13365,100
2792078129063261,205975,57,2820,13365,100
2792078134179407,205975,57,2820,13365,100
2792078139295777,205975,57,2820,13365,100
2792078144412154,205975,57,2820,13365,100
2792078149531537,205975,57,2820,13365,100
2792078154647952,205975,57,2820,13365,100
2792078159764402,205975,57,2820,13365,100
2792078164880712,205975,57,2820,13365,100
2792078169998294,205975,57,2820,13365,100
2792078175139780,205975,57,2820,13365,100
2792078180255994,205975,57,2820,13365,100
2792078185372293,205975,57,2820,13365,100
2792078190488593,205975,57,2820,13365,100
2792078195604847,205975,57,2820,13365,100
2792078200721984,205975,57,2820,13365,100
2792078205850314,205975,57,2820,13365,100
2792078210966489,205975,57,2820,13365,100
2792078216083405,205975,57,2820,13365,100
2792078221200774,205975,57,2820,13365,100
2792078226317298,205975,57,2820,13365,100
2792078231433628,205975,57,2820,13365,100
2792078236550571,205975,57,2820,13365,100
2792078241666975,205975,57,2820,13365,100
2792078246783291,205975,57,2820,13365,100
2792078251899520,205975,57,2820,13365,100
2792078257030248,205975,57,2820,13365,100
2792078262147264,205975,57,2820,13365,100
2792078267263297,205975,57,2820,13365,100
2792078272381123,205975,57,2820,13365,100
2792078277497388,205975,57,2820,13365,100
2792078282614198,205975,57,2820,13365,100
2792078287730758,205975,57,2820,13365,100
2792078292847361,205975,57,2820,13365,100
2792078297963583,205975,57,2820,13365,100
2792078303079750,205975,57,2820,13365,100
2792078308195703,205975,57,2820,13365,100
2792078313311832,205975,57,2820,13365,100
2792078318427996,205975,57,2820,13365,100
2792078323547501,205975,57,2820,13365,100
2792078328663789,205975,57,2820,13365,100
2792078333780138,205975,57,2820,13365,100
2792078338896618,205975,57,2820,13365,100
2792078344034310,205975,57,2820,13365,100
2792078349151115,205975,57,2820,13365,100
2792078354276147,205975,57,2820,13365,100
2792078359392205,205975,57,2820,13365,100
2792078364508396,205975,57,2820,13365,100
2792078369626392,205975,57,2820,13365,100
2792078374746329,205975,57,2820,13365,100
2792078379864401,205975,57,2820,13365,100
2792078384980473,205975,57,2820,13365,100
2792078390116637,205975,57,2820,13365,100
2792078395232494,205975,57,2820,13365,100
2792078400348950,205975,57,2820,13365,100
2792078405466115,205975,57,2820,13365,100
2792078410582434,205975,57,2820,13365,100
2792078415698475,205975,57,2820,13365,100
2792078420817079,205975,57,2820,13365,100
2792078425934934,205975,57,2820,13365,100
2792078431050757,205975,57,2820,13365,100
2792078436167665,205975,57,2820,13365,100
2792078441283573,205975,57,2820,13365,100
2792078446399879,205975,57,2820,13365,100
2792078451518416,205975,57,2820,13365,100
2792078456635050,205975,57,2820,13365,100
2792078461751003,205975,57,2820,13365,100
2792078466867359,205975,57,2820,13365,100
2792078471983714,205975,57,2820,13365,100
2792078477124712,205975,57,2820,13365,100
2792078482241137,205975,57,2820,13365,100
2792078487357954,205975,57,2820,13365,100
2792078492474131,205975,57,2820,13365,100
2792078497590561,205975,57,2820,13365,100
2792078502706807,205975,57,2820,13365,100
2792078507825157,205975,57,2820,13365,100
2792078512941622,205975,57,2820,13365,100
2792078518058331,205975,57,2820,13365,100
2792078523176343,205975,57,2820,13365,100
2792078528294067,205975,57,2820,13365,100
2792078533409939,205975,57,2820,13365,100
2792078538526120,205975,57,2820,13365,100
2792078543642362,205975,57,2820,13365,100
2792078548758699,205975,57,2820,13365,100
2792078553874737,205975,57,2820,13365,100
2792078558991048,205975,57,2820,13365,100
2792078564125362,205975,57,2820,13365,100
2792078569241517,205975,57,2820,13365,100
2792078574357930,205975,57,2820,13365,100
2792078579475463,205975,57,2820,13365,100
2792078584591863,205975,57,2820,13365,100
2792078589708464,205975,57,2820,13365,100
2792078594826996,205975,57,2820,13365,100
2792078599943643,205975,57,2820,13365,100
2792078605060053,206194,57,2820,13365,100
2792078610182605,206194,57,2820,13365,100
2792078615298749,206194,57,2820,13365,100
2792078620415762,206194,57,2820,13365,100
2792078625555044,206194,57,2820,13365,100
2792078630673009,206194,57,2820,13365,100
2792078635792143,206194,57,2820,13365,100
2792078640925967,206194,57,2820,13365,100
2792078646042055,206194,57,2820,13365,100
2792078651158526,206194,57,2820,13365,100
2792078656278240,206194,57,2820,13365,100
2792078661394725,206194,57,2820,13365,100
2792078666511049,206194,57,2820,13365,100
2792078671627017,206194,57,2820,13365,100
2792078676743378,206194,57,2820,13365,100
2792078681861442,206194,57,2820,13365,100
2792078686977817,206194,57,2820,13365,100
2792078692096914,206194,57,2820,13365,100
2792078697213246,206194,57,2820,13365,100
2792078702329844,206194,57,2820,13365,100
2792078707446220,206194,57,2820,13365,100
2792078712564613,206194,57,2820,13365,100
2792078717680929,206194,57,2820,13365,100
2792078722797377,206194,57,2820,13365,100
2792078727913421,206194,57,2820,13365,100
2792078733031596,206194,57,2820,13365,100
2792078738148110,206194,57,2820,13365,100
2792078743266455,206194,57,2820,13365,100
2792078748382671,206194,57,2820,13365,100
2792078753499176,206194,57,2820,13365,100
2792078758615408,206194,57,2820,13365,100
2792078763731577,206194,57,2820,13365,100
2792078768847756,206194,57,2820,13365,100
2792078773964689,206194,57,2820,13365,100
2792078779082918,206194,57,2820,13365,100
2792078784200442,206194,57,2820,13365,100
2792078789316510,206194,57,2820,13365,100
2792078794432803,206194,57,2820,13365,100
2792078799549527,206194,57,2820,13365,100
2792078804665776,206194,57,2820,13365,100
2792078809784082,206194,57,2820,13365,100
2792078814900328,206194,57,2820,13365,100
2792078820036318,206194,57,2820,13365,100
2792078825153309,206194,57,2820,13365,100
2792078830269186,206194,57,2820,13365,100
2792078835387209,206194,57,2820,13365,100
2792078840503878,206194,57,2820,13365,100
2792078845620142,206194,57,2820,13365,100
2792078850736519,206194,57,2820,13365,100
2792078855854479,206194,57,2820,13365,100
2792078860970979,206194,57,2820,13365,100
2792078866087117,206194,57,2820,13365,100
2792078871203869,206194,57,2820,13365,100
2792078876320244,206194,57,2820,13365,100
2792078881437073,206194,57,2820,13365,100
2792078886557535,206194,57,2820,13365,100
2792078891674139,206194,57,2820,13365,100
2792078896798109,206194,57,2820,13365,100
2792078901914479,206194,57,2820,13365,100
2792078907031291,206194,57,2820,13365,100
2792078912147923,206194,57,2820,13365,100
2792078917264172,206194,57,2820,13365,100
2792078922383298,206194,57,2820,13365,100
2792078927499512,206194,57,2820,13365,100
2792078932615945,206194,57,2820,13365,100
2792078937734001,206194,57,2820,13365,100
2792078942850437,206194,57,2820,13365,100
2792078947966333,206194,57,2820,13365,100
2792078953085054,206194,57,2820,13365,100
2792078958201442,206194,57,2820,13365,100
2792078963317726,206194,57,2820,13365,100
2792078968434097,206194,57,2820,13365,100
2792078973567089,206194,57,2820,13365,100
2792078978683984,206194,57,2820,13365,100
2792078983800330,206194,57,2820,13365,100
2792078988919860,206194,57,2820,13365,100
2792078994035837,206194,57,2820,13365,100
2792078999152013,206194,57,2820,13365,100
2792079004269197,206194,57,2820,13365,100
2792079009385792,206194,57,2820,13365,100
2792079014502377,206194,57,2820,13365,100
2792079019620455,206194,57,2820,13365,100
2792079024737475,206194,57,2820,13365,100
2792079029853683,206194,57,2820,13365,100
2792079034970072,206194,57,2820,13365,100
2792079040090500,206194,57,2820,13365,100
2792079045208925,206194,57,2820,13365,100
2792079050327097,206194,57,2820,13365,100
2792079055445317,206194,57,2820,13365,100
2792079060561946,206194,57,2820,13365,100
2792079065678430,206194,57,2820,13365,100
2792079070793743,206194,57,2820,13365,100
2792079075909399,206194,57,2820,13365,100
2792079081024767,206194,57,2820,13365,100
2792079086140167,206194,57,2820,13365,100
2792079091254912,206194,57,2820,13365,100
2792079096369172,206194,57,2820,13365,100
2792079101483573,206046,57,2820,13365,100
2792079106597914,206046,57,2820,13365,100
2792079111710469,206046,57,2820,13365,100
2792079116823406,206046,57,2820,13365,100
2792079121936894,206046,57,2820,13365,100
2792079127071759,206046,57,2820,13365,100
2792079132185103,206046,57,2820,13365,100
2792079137298522,206046,57,2820,13365,100
2792079142414084,206046,57,2820,13365,100
2792079147526789,206046,57,2820,13365,100
2792079152639168,206046,57,2820,13365,100
2792079157751597,206046,57,2820,13365,100
2792079162864308,206046,57,2820,13365,100
2792079167977128,206046,57,2820,13365,100
2792079173092447,206046,57,2820,13365,100
2792079178205803,206046,57,2820,13365,100
2792079183319199,206046,57,2820,13365,100
2792079188432291,206046,57,2820,13365,100
2792079193547828,206046,57,2820,13365,100
2792079198661980,206046,57,2820,13365,100
2792079203775825,206046,57,2820,13365,100
2792079208890171,206046,57,2820,13365,100
2792079214021541,206046,57,2820,13365,100
2792079219137232,206046,57,2820,13365,100
2792079224251951,206046,57,2820,13365,100
2792079229366981,206046,57,2820,13365,100
2792079234481243,206046,57,2820,13365,100
2792079239595951,206046,57,2820,13365,100
2792079244712156,206046,57,2820,13365,100
2792079249828618,206046,57,2820,13365,100
2792079254943641,206046,57,2820,13365,100
2792079260058813,206046,57,2820,13365,100
2792079265175041,206046,57,2820,13365,100
2792079270291234,206046,57,2820,13365,100
2792079275407454,206046,57,2820,13365,100
2792079280524874,206046,57,2820,13365,100
2792079285641329,206046,57,2820,13365,100
2792079290757903,206046,57,2820,13365,100
2792079295892561,206046,57,2820,13365,100
2792079301031511,206046,57,2820,13365,100
2792079306148600,206046,57,2820,13365,100
2792079311264976,206046,57,2820,13365,100
2792079316381623,206046,57,2820,13365,100
2792079321497549,206046,57,2820,13365,100
2792079326613982,206046,57,2820,13365,100
2792079331730748,206046,57,2820,13365,100
2792079336849502,206046,57,2820,13365,100
2792079341965831,206046,57,2820,13365,100
2792079347083603,206046,57,2820,13365,100
2792079352200035,206046,57,2820,13365,100
2792079357316450,206046,57,2820,13365,100
2792079362433189,206046,57,2820,13365,100
2792079367550793,206046,57,2820,13365,100
2792079372667257,206046,57,2820,13365,100
2792079377784137,206046,57,2820,13365,100
2792079382900679,206046,57,2820,13365,100
2792079388031546,206046,57,2820,13365,100
2792079393149166,206046,57,2820,13365,100
2792079398267151,206046,57,2820,13365,100
2792079403383537,206046,57,2820,13365,100
2792079408499854,206046,57,2820,13365,100
2792079413616560,206046,57,2820,13365,100
2792079418732882,206046,57,2820,13365,100
2792079423851240,206046,57,2820,13365,100
2792079428967717,206046,57,2820,13365,100
2792079434084121,206046,57,2820,13365,100
2792079439200240,206046,57,2820,13365,100
2792079444316378,206046,57,2820,13365,100
2792079449434114,206046,57,2820,13365,100
2792079454551959,206046,57,2820,13365,100
2792079459668619,206046,57,2820,13365,100
2792079464784836,206046,57,2820,13365,100
2792079469901424,206046,57,2820,13365,100
2792079475031716,206046,57,2820,13365,100
2792079480148875,206046,57,2820,13365,100
2792079485266025,206046,57,2820,13365,100
2792079490382322,206046,57,2820,13365,100
2792079495498466,206046,57,2820,13365,100
2792079500616272,206046,57,2820,13365,100
2792079505733095,206046,57,2820,13365,100
2792079510851694,206046,57,2820,13365,100
2792079515968384,206046,57,2820,13365,100
2792079521084659,206046,57,2820,13365,100
2792079526201380,206046,57,2820,13365,100
2792079531317533,206046,57,2820,13365,100
2792079536433625,206046,57,2820,13365,100
2792079541551629,206046,57,2820,13365,100
2792079546667957,206046,57,2820,13365,100
2792079551786642,206046,57,2820,13365,100
2792079556902866,206046,57,2820,13365,100
2792079562019974,206046,57,2820,13365,100
2792079567136415,206046,57,2820,13365,100
2792079572255519,206046,57,2820,13365,100
2792079577372524,206046,57,2820,13365,100
2792079582488837,206046,57,2820,13365,100
2792079587605296,206046,57,2820,13365,100
2792079592721524,206046,57,2820,13365,100
2792079597837937,206046,57,2820,13365,100
2792079602955689,205731,57,2820,13365,100
2792079608076238,205731,57,2820,13365,100
2792079613194374,205731,57,2820,13365,100
2792079618310783,205731,57,2820,13365,100
2792079623429932,205731,57,2820,13365,100
2792079628546236,205731,57,2820,13365,100
2792079633662792,205731,57,2820,13365,100
2792079638778996,205731,57,2820,13365,100
2792079643895233,205731,57,2820,13365,100
2792079649038089,205731,57,2820,13365,100
2792079654157449,205731,57,2820,13365,100
2792079659273902,205731,57,2820,13365,100
2792079664390645,205731,57,2820,13365,100
2792079669506882,205731,57,2820,13365,100
2792079674622910,205731,57,2820,13365,100
2792079679739425,205731,57,2820,13365,100
2792079684859159,205731,57,2820,13365,100
2792079689982752,205731,57,2820,13365,100
2792079695117052,205731,57,2820,13365,100
2792079700233425,205731,57,2820,13365,100
2792079705350989,205731,57,2820,13365,100
2792079710467641,205731,57,2820,13365,100
2792079715584105,205731,57,2820,13365,100
2792079720700498,205731,57,2820,13365,100
2792079725819503,205731,57,2820,13365,100
2792079730935551,205731,57,2820,13365,100
2792079736052008,205731,57,2820,13365,100
2792079741168083,205731,57,2820,13365,100
2792079746284495,205731,57,2820,13365,100
2792079751400425,205731,57,2820,13365,100
2792079756519380,205731,57,2820,13365,100
2792079761635549,205731,57,2820,13365,100
2792079766751878,205731,57,2820,13365,100
2792079771867902,205731,57,2820,13365,100
2792079776984698,205731,57,2820,13365,100
2792079782124922,205731,57,2820,13365,100
2792079787241335,205731,57,2820,13365,100
2792079792361811,205731,57,2820,13365,100
2792079797478455,205731,57,2820,13365,100
2792079802594863,205731,57,2820,13365,100
2792079807712876,205731,57,2820,13365,100
2792079812831957,205731,57,2820,13365,100
2792079817948037,205731,57,2820,13365,100
2792079823063967,205731,57,2820,13365,100
2792079828180101,205731,57,2820,13365,100
2792079833296366,205731,57,2820,13365,100
2792079838412548,205731,57,2820,13365,100
2792079843529987,205731,57,2820,13365,100
2792079848646251,205731,57,2820,13365,100
2792079853762343,205731,57,2820,13365,100
2792079858902104,205731,57,2820,13365,100
2792079864037260,205731,57,2820,13365,100
2792079869154732,205731,57,2820,13365,100
2792079874270869,205731,57,2820,13365,100
2792079879387285,205731,57,2820,13365,100
2792079884503642,205731,57,2820,13365,100
2792079889630854,205731,57,2820,13365,100
2792079894760930,205731,57,2820,13365,100
2792079899879562,205731,57,2820,13365,100
2792079904995977,205731,57,2820,13365,100
2792079910131996,205731,57,2820,13365,100
2792079915248175,205731,57,2820,13365,100
2792079920364432,205731,57,2820,13365,100
2792079925480973,205731,57,2820,13365,100
2792079930597277,205731,57,2820,13365,100
2792079935713683,205731,57,2820,13365,100
2792079940831773,205731,57,2820,13365,100
2792079945948362,205731,57,2820,13365,100
2792079951081542,205731,57,2820,13365,100
2792079956197834,205731,57,2820,13365,100
2792079961315525,205731,57,2820,13365,100
2792079966431748,205731,57,2820,13365,100
2792079971549187,205731,57,2820,13365,100
2792079976666264,205731,57,2820,13365,100
2792079981782421,205731,57,2820,13365,100
2792079986898587,205731,57,2820,13365,100
2792079992034311,205731,57,2820,13365,100
2792079997151115,205731,57,2820,13365,100
2792080002267140,205731,57,2820,13365,100
2792080007383610,205731,57,2820,13365,100
2792080012502231,205731,57,2820,13365,100
2792080017618747,205731,57,2820,13365,100
2792080022735211,205731,57,2820,13365,100
2792080027853911,205731,57,2820,13365,100
2792080032970154,205731,57,2820,13365,100
2792080038086360,205731,57,2820,13365,100
2792080043202853,205731,57,2820,13365,100
2792080048318977,205731,57,2820,13365,100
2792080053435398,205731,57,2820,13365,100
2792080058553148,205731,57,2820,13365,100
2792080063670907,205731,57,2820,13365,100
2792080068787186,205731,57,2820,13365,100
2792080073908147,205731,57,2820,13365,100
2792080079024304,205731,57,2820,13365,100
2792080084141110,205731,57,2820,13365,100
2792080089257252,205731,57,2820,13365,100
2792080094375084,205731,57,2820,13365,100
2792080099491373,205731,57,2820,13365,100
2792080104607593,205519,57,2820,13365,100
2792080109726512,205519,57,2820,13365,100
2792080114844326,205519,57,2820,13365,100
2792080119961210,205519,57,2820,13365,100
2792080125079723,205519,57,2820,13365,100
2792080130208003,205519,57,2820,13365,100
2792080135324235,205519,57,2820,13365,100
2792080140441152,205519,57,2820,13365,100
2792080145557282,205519,57,2820,13365,100
2792080150673405,205519,57,2820,13365,100
2792080155789697,205519,57,2820,13365,100
2792080160907775,205519,57,2820,13365,100
2792080166025758,205519,57,2820,13365,100
2792080171142077,205519,57,2820,13365,100
2792080176258918,205519,57,2820,13365,100
2792080181375311,205519,57,2820,13365,100
2792080186491592,205519,57,2820,13365,100
2792080191610604,205519,57,2820,13365,100
2792080196728556,205519,57,2820,13365,100
2792080201847456,205519,57,2820,13365,100
2792080206963797,205519,57,2820,13365,100
2792080212082689,205519,57,2820,13365,100
2792080217204085,205519,57,2820,13365,100
2792080222323635,205519,57,2820,13365,100
2792080227442962,205519,57,2820,13365,100
2792080232561962,205519,57,2820,13365,100
2792080237679763,205519,57,2820,13365,100
2792080242797587,205519,57,2820,13365,100
2792080247915492,205519,57,2820,13365,100
2792080253032834,205519,57,2820,13365,100
2792080258151300,205519,57,2820,13365,100
2792080263269169,205519,57,2820,13365,100
2792080268387181,205519,57,2820,13365,100
2792080273504390,205519,57,2820,13365,100
2792080278621625,205519,57,2820,13365,100
2792080283740778,205519,57,2820,13365,100
2792080288860890,205519,57,2820,13365,100
2792080293979603,205519,57,2820,13365,100
2792080299096328,205519,57,2820,13365,100
2792080304214707,205519,57,2820,13365,100
2792080309330742,205519,57,2820,13365,100
2792080314446856,205519,57,2820,13365,100
2792080319564433,205519,57,2820,13365,100
2792080324680893,205519,57,2820,13365,100
2792080329797369,205519,57,2820,13365,100
2792080334914364,205519,57,2820,13365,100
2792080340030643,205519,57,2820,13365,100
2792080345146991,205519,57,2820,13365,100
2792080350263415,205519,57,2820,13365,100
2792080355379789,205519,57,2820,13365,100
2792080360496135,205519,57,2820,13365,100
2792080365614452,205519,57,2820,13365,100
2792080370733444,205519,57,2820,13365,100
2792080375850057,205519,57,2820,13365,100
2792080380966698,205519,57,2820,13365,100
2792080386082974,205519,57,2820,13365,100
2792080391199042,205519,57,2820,13365,100
2792080396315302,205519,57,2820,13365,100
2792080401434587,205519,57,2820,13365,100
2792080406550565,205519,57,2820,13365,100
2792080411666964,205519,57,2820,13365,100
2792080416783148,205519,57,2820,13365,100
2792080421901168,205519,57,2820,13365,100
2792080427031463,205519,57,2820,13365,100
2792080432163335,205519,57,2820,13365,100
2792080437279841,205519,57,2820,13365,100
2792080442396234,205519,57,2820,13365,100
2792080447512594,205519,57,2820,13365,100
2792080452628832,205519,57,2820,13365,100
2792080457745627,205519,57,2820,13365,100
2792080462863719,205519,57,2820,13365,100
2792080467979965,205519,57,2820,13365,100
2792080473117055,205519,57,2820,13365,100
2792080478233336,205519,57,2820,13365,100
2792080483349625,205519,57,2820,13365,100
2792080488465975,205519,57,2820,13365,100
2792080493582137,205519,57,2820,13365,100
2792080498698518,205519,57,2820,13365,100
2792080503816922,205519,57,2820,13365,100
2792080508933720,205519,57,2820,13365,100
2792080514050150,205519,57,2820,13365,100
2792080519167191,205519,57,2820,13365,100
2792080524284964,205519,57,2820,13365,100
2792080529402383,205519,57,2820,13365,100
2792080534519102,205519,57,2820,13365,100
2792080539635481,205519,57,2820,13365,100
2792080544752201,205519,57,2820,13365,100
2792080549881102,205519,57,2820,13365,100
2792080554997252,205519,57,2820,13365,100
2792080560140042,205519,57,2820,13365,100
2792080565256360,205519,57,2820,13365,100
2792080570372694,205519,57,2820,13365,100
2792080575491195,205519,57,2820,13365,100
2792080580607835,205519,57,2820,13365,100
2792080585724140,205519,57,2820,13365,100
2792080590843037,205519,57,2820,13365,100
2792080595959532,205519,57,2820,13365,100
2792080601075564,205514,57,2820,13365,100
2792080606212170,205514,57,2820,13365,100
2792080611351799,205514,57,2820,13365,100
2792080616468291,205514,57,2820,13365,100
2792080621587638,205514,57,2820,13365,100
2792080626706262,205514,57,2820,13365,100
2792080631825251,205514,57,2820,13365,100
2792080636942051,205514,57,2820,13365,100
2792080642058599,205514,57,2820,13365,100
2792080647174730,205514,57,2820,13365,100
2792080652290704,205514,57,2820,13365,100
2792080657407619,205514,57,2820,13365,100
2792080662523721,205514,57,2820,13365,100
2792080667640701,205514,57,2820,13365,100
2792080672757310,205514,57,2820,13365,100
2792080677875662,205514,57,2820,13365,100
2792080682992175,205514,57,2820,13365,100
2792080688129098,205514,57,2820,13365,100
2792080693245484,205514,57,2820,13365,100
2792080698362079,205514,57,2820,13365,100
2792080703478872,205514,57,2820,13365,100
2792080708595152,205514,57,2820,13365,100
2792080713711869,205514,57,2820,13365,100
2792080718830173,205514,57,2820,13365,100
2792080723947141,205514,57,2820,13365,100
2792080729065040,205514,57,2820,13365,100
2792080734181729,205514,57,2820,13365,100
2792080739298314,205514,57,2820,13365,100
2792080744414521,205514,57,2820,13365,100
2792080749532005,205514,57,2820,13365,100
2792080754649196,205514,57,2820,13365,100
2792080759766246,205514,57,2820,13365,100
2792080764883729,205514,57,2820,13365,100
2792080769999684,205514,57,2820,13365,100
2792080775138953,205514,57,2820,13365,100
2792080780256845,205514,57,2820,13365,100
2792080785373470,205514,57,2820,13365,100
2792080790490512,205514,57,2820,13365,100
2792080795606942,205514,57,2820,13365,100
2792080800723274,205514,57,2820,13365,100
2792080805841487,205514,57,2820,13365,100
2792080810958388,205514,57,2820,13365,100
2792080816074612,205514,57,2820,13365,100
2792080821191048,205514,57,2820,13365,100
2792080826307501,205514,57,2820,13365,100
2792080831425765,205514,57,2820,13365,100
2792080836544472,205514,57,2820,13365,100
2792080841660816,205514,57,2820,13365,100
2792080846777054,205514,57,2820,13365,100
2792080851894287,205514,57,2820,13365,100
2792080857031279,205514,57,2820,13365,100
2792080862147935,205514,57,2820,13365,100
2792080867263987,205514,57,2820,13365,100
2792080872382228,205514,57,2820,13365,100
2792080877500525,205514,57,2820,13365,100
2792080882619673,205514,57,2820,13365,100
2792080887739001,205514,57,2820,13365,100
2792080892857849,205514,57,2820,13365,100
2792080897976674,205514,57,2820,13365,100
2792080903095414,205514,57,2820,13365,100
2792080908214973,205514,57,2820,13365,100
2792080913332817,205514,57,2820,13365,100
2792080918451331,205514,57,2820,13365,100
2792080923570875,205514,57,2820,13365,100
2792080928688908,205514,57,2820,13365,100
2792080933808856,205514,57,2820,13365,100
2792080938925532,205514,57,2820,13365,100
2792080944042478,205514,57,2820,13365,100
2792080949177926,205514,57,2820,13365,100
2792080954294561,205514,57,2820,13365,100
2792080959411046,205514,57,2820,13365,100
2792080964530310,205514,57,2820,13365,100
2792080969647035,205514,57,2820,13365,100
2792080974766135,205514,57,2820,13365,100
2792080979883321,205514,57,2820,13365,100
2792080985022848,205514,57,2820,13365,100
2792080990140730,205514,57,2820,13365,100
2792080995257356,205514,57,2820,13365,100
2792081000373909,205514,57,2820,13365,100
2792081005489903,205514,57,2820,13365,100
2792081010607020,205514,57,2820,13365,100
2792081015723632,205514,57,2820,13365,100
2792081020842067,205514,57,2820,13365,100
2792081025958591,205514,57,2820,13365,100
2792081031074951,205514,57,2820,13365,100
2792081036192955,205514,57,2820,13365,100
2792081041311720,205514,57,2820,13365,100
2792081046428564,205514,57,2820,13365,100
2792081051545335,205514,57,2820,13365,100
2792081056661821,205514,57,2820,13365,100
2792081061778097,205514,57,2820,13365,100
2792081066894574,205514,57,2820,13365,100
2792081072029960,205514,57,2820,13365,100
2792081077147511,205514,57,2820,13365,100
2792081082264274,205514,57,2820,13365,100
2792081087382339,205514,57,2820,13365,100
2792081092499737,205514,57,2820,13365,100
2792081097616052,205514,57,2820,13365,100
2792081102732324,205587,57,2820,13365,100
2792081107853277,205587,57,2820,13365,100
2792081112970541,205587,57,2820,13365,100
2792081118087406,205587,57,2820,13365,100
2792081123203818,205587,57,2820,13365,100
2792081128320046,205587,57,2820,13365,100
2792081133436623,205587,57,2820,13365,100
2792081138556257,205587,57,2820,13365,100
2792081143673195,205587,57,2820,13365,100
2792081148789796,205587,57,2820,13365,100
2792081153906372,205587,57,2820,13365,100
2792081159023754,205587,57,2820,13365,100
2792081164140244,205587,57,2820,13365,100
2792081169256481,205587,57,2820,13365,100
2792081174375738,205587,57,2820,13365,100
2792081179492664,205587,57,2820,13365,100
2792081184609107,205587,57,2820,13365,100
2792081189727486,205587,57,2820,13365,100
2792081194844077,205587,57,2820,13365,100
2792081199961064,205587,57,2820,13365,100
2792081205079719,205587,57,2820,13365,100
2792081210196676,205587,57,2820,13365,100
2792081215312788,205587,57,2820,13365,100
2792081220429321,205587,57,2820,13365,100
2792081225545782,205587,57,2820,13365,100
2792081230661714,205587,57,2820,13365,100
2792081235777906,205587,57,2820,13365,100
2792081240898024,205587,57,2820,13365,100
2792081246036850,205587,57,2820,13365,100
2792081251154499,205587,57,2820,13365,100
2792081256271023,205587,57,2820,13365,100
2792081261404316,205587,57,2820,13365,100
2792081266520518,205587,57,2820,13365,100
2792081271636885,205587,57,2820,13365,100
2792081276752965,205587,57,2820,13365,100
2792081281871505,205587,57,2820,13365,100
2792081286987765,205587,57,2820,13365,100
2792081292122730,205587,57,2820,13365,100
2792081297239518,205587,57,2820,13365,100
2792081302356603,205587,57,2820,13365,100
2792081307472811,205587,57,2820,13365,100
2792081312589372,205587,57,2820,13365,100
2792081317705716,205587,57,2820,13365,100
2792081322824341,205587,57,2820,13365,100
2792081327940773,205587,57,2820,13365,100
2792081333057383,205587,57,2820,13365,100
2792081338173489,205587,57,2820,13365,100
2792081343291978,205587,57,2820,13365,100
2792081348408321,205587,57,2820,13365,100
2792081353526207,205587,57,2820,13365,100
2792081358642915,205587,57,2820,13365,100
2792081363759796,205587,57,2820,13365,100
2792081368875979,205587,57,2820,13365,100
2792081373992968,205587,57,2820,13365,100
2792081379133982,205587,57,2820,13365,100
2792081384250797,205587,57,2820,13365,100
2792081389366789,205587,57,2820,13365,100
2792081394487113,205587,57,2820,13365,100
2792081399603832,205587,57,2820,13365,100
2792081404720638,205587,57,2820,13365,100
2792081409836688,205587,57,2820,13365,100
2792081414952925,205587,57,2820,13365,100
2792081420068943,205587,57,2820,13365,100
2792081425185454,205587,57,2820,13365,100
2792081430301688,205587,57,2820,13365,100
2792081435418062,205587,57,2820,13365,100
2792081440534147,205587,57,2820,13365,100
2792081445652009,205587,57,2820,13365,100
2792081450768514,205587,57,2820,13365,100
2792081455885033,205587,57,2820,13365,100
2792081461026784,205587,57,2820,13365,100
2792081466143250,205587,57,2820,13365,100
2792081471259555,205587,57,2820,13365,100
2792081476376175,205587,57,2820,13365,100
2792081481492195,205587,57,2820,13365,100
2792081486608772,205587,57,2820,13365,100
2792081491725044,205587,57,2820,13365,100
2792081496845624,205587,57,2820,13365,100
2792081501962059,205587,57,2820,13365,100
2792081507078533,205587,57,2820,13365,100
2792081512194822,205587,57,2820,13365,100
2792081517311494,205587,57,2820,13365,100
2792081522427517,205587,57,2820,13365,100
2792081527546131,205587,57,2820,13365,100
2792081532662440,205587,57,2820,13365,100
2792081537778779,205587,57,2820,13365,100
2792081542895140,205587,57,2820,13365,100
2792081548084616,205587,57,2820,13365,100
2792081553201920,205587,57,2820,13365,100
2792081558318174,205587,57,2820,13365,100
2792081563434297,205587,57,2820,13365,100
2792081568550489,205587,57,2820,13365,100
2792081573666902,205587,57,2820,13365,100
2792081578783870,205587,57,2820,13365,100
2792081583902194,205587,57,2820,13365,100
2792081589032891,205587,57,2820,13365,100
2792081594149495,205587,57,2820,13365,100
2792081599267951,205587,57,2820,13365,100
2792081604383899,205559,57,2820,13365,100
2792081609502410,205559,57,2820,13365,100
2792081614620600,205559,57,2820,13365,100
2792081619736821,205559,57,2820,13365,100
2792081624856111,205559,57,2820,13365,100
2792081629972602,205559,57,2820,13365,100
2792081635089687,205559,57,2820,13365,100
2792081640206037,205559,57,2820,13365,100
2792081645322399,205559,57,2820,13365,100
2792081650440225,205559,57,2820,13365,100
2792081655558750,205559,57,2820,13365,100
2792081660676096,205559,57,2820,13365,100
2792081665794520,205559,57,2820,13365,100
2792081670912990,205559,57,2820,13365,100
2792081676031887,205559,57,2820,13365,100
2792081681150750,205559,57,2820,13365,100
2792081686268942,205559,57,2820,13365,100
2792081691387590,205559,57,2820,13365,100
2792081696506670,205559,57,2820,13365,100
2792081701624187,205559,57,2820,13365,100
2792081706743073,205559,57,2820,13365,100
2792081711861498,205559,57,2820,13365,100
2792081716979872,205559,57,2820,13365,100
2792081722118812,205559,57,2820,13365,100
2792081727236638,205559,57,2820,13365,100
2792081732353713,205559,57,2820,13365,100
2792081737471069,205559,57,2820,13365,100
2792081742588106,205559,57,2820,13365,100
2792081747706086,205559,57,2820,13365,100
2792081752824151,205559,57,2820,13365,100
2792081757942905,205559,57,2820,13365,100
2792081763060219,205559,57,2820,13365,100
2792081768176535,205559,57,2820,13365,100
2792081773293056,205559,57,2820,13365,100
2792081778410100,205559,57,2820,13365,100
2792081783526885,205559,57,2820,13365,100
2792081788645433,205559,57,2820,13365,100
2792081793761581,205559,57,2820,13365,100
2792081798877500,205559,57,2820,13365,100
2792081803994982,205559,57,2820,13365,100
2792081809136370,205559,57,2820,13365,100
2792081814252507,205559,57,2820,13365,100
2792081819368997,205559,57,2820,13365,100
2792081824485343,205559,57,2820,13365,100
2792081829601428,205559,57,2820,13365,100
2792081834717612,205559,57,2820,13365,100
2792081839835996,205559,57,2820,13365,100
2792081844952385,205559,57,2820,13365,100
2792081850071705,205559,57,2820,13365,100
2792081855189240,205559,57,2820,13365,100
2792081860305318,205559,57,2820,13365,100
2792081865421331,205559,57,2820,13365,100
2792081870537271,205559,57,2820,13365,100
2792081875653667,205559,57,2820,13365,100
2792081880769940,205559,57,2820,13365,100
2792081885886608,205559,57,2820,13365,100
2792081891029770,205559,57,2820,13365,100
2792081896147013,205559,57,2820,13365,100
2792081901263193,205559,57,2820,13365,100
2792081906380677,205559,57,2820,13365,100
2792081911499088,205559,57,2820,13365,100
2792081916634738,205559,57,2820,13365,100
2792081921750755,205559,57,2820,13365,100
2792081926867301,205559,57,2820,13365,100
2792081931983507,205559,57,2820,13365,100
2792081937118508,205559,57,2820,13365,100
2792081942234576,205559,57,2820,13365,100
2792081947350838,205559,57,2820,13365,100
2792081952466808,205559,57,2820,13365,100
2792081957584595,205559,57,2820,13365,100
2792081962700701,205559,57,2820,13365,100
2792081967819249,205559,57,2820,13365,100
2792081972935270,205559,57,2820,13365,100
2792081978052814,205559,57,2820,13365,100
2792081983170575,205559,57,2820,13365,100
2792081988288131,205559,57,2820,13365,100
2792081993405863,205559,57,2820,13365,100
2792081998523092,205559,57,2820,13365,100
2792082003640556,205559,57,2820,13365,100
2792082008758493,205559,57,2820,13365,100
2792082013877493,205559,57,2820,13365,100
2792082018993840,205559,57,2820,13365,100
2792082024131722,205559,57,2820,13365,100
2792082029247838,205559,57,2820,13365,100
2792082034363958,205559,57,2820,13365,100
2792082039479985,205559,57,2820,13365,100
2792082044596267,205559,57,2820,13365,100
2792082049712451,205559,57,2820,13365,100
2792082054831052,205559,57,2820,13365,100
2792082059949268,205559,57,2820,13365,100
2792082065065648,205559,57,2820,13365,100
2792082070182237,205559,57,2820,13365,100
2792082075298502,205559,57,2820,13365,100
2792082080415202,205559,57,2820,13365,100
2792082085533676,205559,57,2820,13365,100
2792082090650881,205559,57,2820,13365,100
2792082095767159,205559,57,2820,13365,100
2792082100883695,205559,57,2820,13365,100
2792082106024532,205478,57,2820,13365,100
2792082111145606,205478,57,2820,13365,100
2792082116261922,205478,57,2820,13365,100
2792082121380407,205478,57,2820,13365,100
2792082126496664,205478,57,2820,13365,100
2792082131622115,205478,57,2820,13365,100
2792082136738222,205478,57,2820,13365,100
2792082141854594,205478,57,2820,13365,100
2792082146971162,205478,57,2820,13365,100
2792082152090122,205478,57,2820,13365,100
2792082157207043,205478,57,2820,13365,100
2792082162324582,205478,57,2820,13365,100
2792082167440868,205478,57,2820,13365,100
2792082172556976,205478,57,2820,13365,100
2792082177673753,205478,57,2820,13365,100
2792082182801852,205478,57,2820,13365,100
2792082187920882,205478,57,2820,13365,100
2792082193037408,205478,57,2820,13365,100
2792082198153852,205478,57,2820,13365,100
2792082203270335,205478,57,2820,13365,100
2792082208386334,205478,57,2820,13365,100
2792082213503940,205478,57,2820,13365,100
2792082218623172,205478,57,2820,13365,100
2792082223739964,205478,57,2820,13365,100
2792082228856448,205478,57,2820,13365,100
2792082233972812,205478,57,2820,13365,100
2792082239088862,205478,57,2820,13365,100
2792082244204959,205478,57,2820,13365,100
2792082249321266,205478,57,2820,13365,100
2792082254438166,205478,57,2820,13365,100
2792082259554412,205478,57,2820,13365,100
2792082264671935,205478,57,2820,13365,100
2792082269788227,205478,57,2820,13365,100
2792082274904651,205478,57,2820,13365,100
2792082280021148,205478,57,2820,13365,100
2792082285139567,205478,57,2820,13365,100
2792082290255611,205478,57,2820,13365,100
2792082295372083,205478,57,2820,13365,100
2792082300488246,205478,57,2820,13365,100
2792082305604274,205478,57,2820,13365,100
2792082310720431,205478,57,2820,13365,100
2792082315840279,205478,57,2820,13365,100
2792082320957087,205478,57,2820,13365,100
2792082326073051,205478,57,2820,13365,100
2792082331189056,205478,57,2820,13365,100
2792082336307304,205478,57,2820,13365,100
2792082341423648,205478,57,2820,13365,100
2792082346539719,205478,57,2820,13365,100
2792082351655944,205478,57,2820,13365,100
2792082356772278,205478,57,2820,13365,100
2792082361888667,205478,57,2820,13365,100
2792082367022611,205478,57,2820,13365,100
2792082372141251,205478,57,2820,13365,100
2792082377260025,205478,57,2820,13365,100
2792082382378124,205478,57,2820,13365,100
2792082387496116,205478,57,2820,13365,100
2792082392615140,205478,57,2820,13365,100
2792082397730845,205478,57,2820,13365,100
2792082402847521,205478,57,2820,13365,100
2792082407963817,205478,57,2820,13365,100
2792082413079694,205478,57,2820,13365,100
2792082418197360,205478,57,2820,13365,100
2792082423315085,205478,57,2820,13365,100
2792082428431027,205478,57,2820,13365,100
2792082433608155,205478,57,2820,13365,100
2792082438727112,205478,57,2820,13365,100
2792082443843580,205478,57,2820,13365,100
2792082448960280,205478,57,2820,13365,100
2792082454076785,205478,57,2820,13365,100
2792082459217929,205478,57,2820,13365,100
2792082464333877,205478,57,2820,13365,100
2792082469451177,205478,57,2820,13365,100
2792082474567134,205478,57,2820,13365,100
2792082479682262,205478,57,2820,13365,100
2792082484807444,205478,57,2820,13365,100
2792082489923983,205478,57,2820,13365,100
2792082495040855,205478,57,2820,13365,100
2792082500157003,205478,57,2820,13365,100
2792082505247834,205478,57,2820,13365,100
2792082510341065,205478,57,2820,13365,100
2792082515440298,205478,57,2820,13365,100
2792082520541337,205478,57,2820,13365,100
2792082525639798,205478,57,2820,13365,100
2792082530740884,205478,57,2820,13365,100
2792082535855071,205478,57,2820,13365,100
2792082540968453,205478,57,2820,13365,100
2792082546081763,205478,57,2820,13365,100
2792082551221648,205478,57,2820,13365,100
2792082556334552,205478,57,2820,13365,100
2792082561446125,205478,57,2820,13365,100
2792082566558577,205478,57,2820,13365,100
2792082571689465,205478,57,2820,13365,100
2792082576802816,205478,57,2820,13365,100
2792082581916295,205478,57,2820,13365,100
2792082587030274,205478,57,2820,13365,100
2792082592144131,205478,57,2820,13365,100
2792082597257674,205478,57,2820,13365,100
2792082602371332,205556,57,2820,13365,100
2792082607485668,205556,57,2820,13365,100
2792082612601116,205556,57,2820,13365,100
2792082617715346,205556,57,2820,13365,100
2792082622830654,205556,57,2820,13365,100
2792082627945186,205556,57,2820,13365,100
2792082633059499,205556,57,2820,13365,100
2792082638174009,205556,57,2820,13365,100
2792082643289061,205556,57,2820,13365,100
2792082648403512,205556,57,2820,13365,100
2792082653519532,205556,57,2820,13365,100
2792082658634996,205556,57,2820,13365,100
2792082663752237,205556,57,2820,13365,100
2792082668869595,205556,57,2820,13365,100
2792082673987918,205556,57,2820,13365,100
2792082679126144,205556,57,2820,13365,100
2792082684251948,205556,57,2820,13365,100
2792082689369134,205556,57,2820,13365,100
2792082694484286,205556,57,2820,13365,100
2792082699600761,205556,57,2820,13365,100
2792082704717166,205556,57,2820,13365,100
2792082709833445,205556,57,2820,13365,100
2792082714949888,205556,57,2820,13365,100
2792082720068148,205556,57,2820,13365,100
2792082725188629,205556,57,2820,13365,100
2792082730307909,205556,57,2820,13365,100
2792082735426526,205556,57,2820,13365,100
2792082740543206,205556,57,2820,13365,100
2792082745659479,205556,57,2820,13365,100
2792082750776311,205556,57,2820,13365,100
2792082755893391,205556,57,2820,13365,100
2792082761030907,205556,57,2820,13365,100
2792082766148492,205556,57,2820,13365,100
2792082771264697,205556,57,2820,13365,100
2792082776383276,205556,57,2820,13365,100
2792082781501001,205556,57,2820,13365,100
2792082786617477,205556,57,2820,13365,100
2792082791733740,205556,57,2820,13365,100
2792082796852544,205556,57,2820,13365,100
2792082801969287,205556,57,2820,13365,100
2792082807085382,205556,57,2820,13365,100
2792082812201663,205556,57,2820,13365,100
2792082817318300,205556,57,2820,13365,100
2792082822434556,205556,57,2820,13365,100
2792082827554584,205556,57,2820,13365,100
2792082832671241,205556,57,2820,13365,100
2792082837787601,205556,57,2820,13365,100
2792082842904124,205556,57,2820,13365,100
2792082848020208,205556,57,2820,13365,100
2792082853136482,205556,57,2820,13365,100
2792082858252790,205556,57,2820,13365,100
2792082863371611,205556,57,2820,13365,100
2792082868487444,205556,57,2820,13365,100
2792082873603959,205556,57,2820,13365,100
2792082878721628,205556,57,2820,13365,100
2792082883838697,205556,57,2820,13365,100
2792082888955137,205556,57,2820,13365,100
2792082894074205,205556,57,2820,13365,100
2792082899191159,205556,57,2820,13365,100
2792082904307926,205556,57,2820,13365,100
2792082909424142,205556,57,2820,13365,100
2792082914540803,205556,57,2820,13365,100
2792082919657059,205556,57,2820,13365,100
2792082924776136,205556,57,2820,13365,100
2792082929894727,205556,57,2820,13365,100
2792082935025192,205556,57,2820,13365,100
2792082940141328,205556,57,2820,13365,100
2792082945259401,205556,57,2820,13365,100
2792082950375961,205556,57,2820,13365,100
2792082955492198,205556,57,2820,13365,100
2792082960608806,205556,57,2820,13365,100
2792082965725336,205556,57,2820,13365,100
2792082970842282,205556,57,2820,13365,100
2792082975958843,205556,57,2820,13365,100
2792082981077544,205556,57,2820,13365,100
2792082986194392,205556,57,2820,13365,100
2792082991310932,205556,57,2820,13365,100
2792082996427155,205556,57,2820,13365,100
2792083001543619,205556,57,2820,13365,100
2792083006662182,205556,57,2820,13365,100
2792083011780054,205556,57,2820,13365,100
2792083016897860,205556,57,2820,13365,100
2792083022032518,205556,57,2820,13365,100
2792083027149055,205556,57,2820,13365,100
2792083032267063,205556,57,2820,13365,100
2792083037383483,205556,57,2820,13365,100
2792083042499780,205556,57,2820,13365,100
2792083047616508,205556,57,2820,13365,100
2792083052733072,205556,57,2820,13365,100
2792083057850933,205556,57,2820,13365,100
2792083062967150,205556,57,2820,13365,100
2792083068083525,205556,57,2820,13365,100
2792083073199606,205556,57,2820,13365,100
2792083078316232,205556,57,2820,13365,100
2792083083434717,205556,57,2820,13365,100
2792083088552667,205556,57,2820,13365,100
2792083093669083,205556,57,2820,13365,100
2792083098785656,205556,57,2820,13365,100
2792083103902245,205718,57,2820,13365,100
2792083109020291,205718,57,2820,13365,100
2792083114136617,205718,57,2820,13365,100
2792083119252953,205718,57,2820,13365,100
2792083124371258,205718,57,2820,13365,100
2792083129487876,205718,57,2820,13365,100
2792083134614242,205718,57,2820,13365,100
2792083139730551,205718,57,2820,13365,100
2792083144846941,205718,57,2820,13365,100
2792083149963312,205718,57,2820,13365,100
2792083155081496,205718,57,2820,13365,100
2792083160197697,205718,57,2820,13365,100
2792083165313761,205718,57,2820,13365,100
2792083170430121,205718,57,2820,13365,100
2792083175546668,205718,57,2820,13365,100
2792083180663434,205718,57,2820,13365,100
2792083185784215,205718,57,2820,13365,100
2792083190900515,205718,57,2820,13365,100
2792083196035035,205718,57,2820,13365,100
2792083201152704,205718,57,2820,13365,100
2792083206268768,205718,57,2820,13365,100
2792083211384860,205718,57,2820,13365,100
2792083216501137,205718,57,2820,13365,100
2792083221617735,205718,57,2820,13365,100
2792083226761877,205718,57,2820,13365,100
2792083231879918,205718,57,2820,13365,100
2792083236998080,205718,57,2820,13365,100
2792083242132250,205718,57,2820,13365,100
2792083247248883,205718,57,2820,13365,100
2792083252365155,205718,57,2820,13365,100
2792083257481643,205718,57,2820,13365,100
2792083262598051,205718,57,2820,13365,100
2792083267713840,205718,57,2820,13365,100
2792083272832369,205718,57,2820,13365,100
2792083277948617,205718,57,2820,13365,100
2792083283064579,205718,57,2820,13365,100
2792083288182486,205718,57,2820,13365,100
2792083293298810,205718,57,2820,13365,100
2792083298417126,205718,57,2820,13365,100
2792083303533504,205718,57,2820,13365,100
2792083308650055,205718,57,2820,13365,100
2792083313766627,205718,57,2820,13365,100
2792083318882810,205718,57,2820,13365,100
2792083323998876,205718,57,2820,13365,100
2792083329134652,205718,57,2820,13365,100
2792083334250663,205718,57,2820,13365,100
2792083339368807,205718,57,2820,13365,100
2792083344485161,205718,57,2820,13365,100
2792083349601190,205718,57,2820,13365,100
2792083354717258,205718,57,2820,13365,100
2792083359835625,205718,57,2820,13365,100
2792083364952342,205718,57,2820,13365,100
2792083370069319,205718,57,2820,13365,100
2792083375192600,205718,57,2820,13365,100
2792083380310862,205718,57,2820,13365,100
2792083385428356,205718,57,2820,13365,100
2792083390546179,205718,57,2820,13365,100
2792083395662633,205718,57,2820,13365,100
2792083400779738,205718,57,2820,13365,100
2792083405896032,205718,57,2820,13365,100
2792083411020350,205718,57,2820,13365,100
2792083416137162,205718,57,2820,13365,100
2792083421253570,205718,57,2820,13365,100
2792083426370003,205718,57,2820,13365,100
2792083431487464,205718,57,2820,13365,100
2792083436604884,205718,57,2820,13365,100
2792083441723413,205718,57,2820,13365,100
2792083446842121,205718,57,2820,13365,100
2792083451958741,205718,57,2820,13365,100
2792083457075113,205718,57,2820,13365,100
2792083462191442,205718,57,2820,13365,100
2792083467307638,205718,57,2820,13365,100
2792083472423739,205718,57,2820,13365,100
2792083477542191,205718,57,2820,13365,100
2792083482658895,205718,57,2820,13365,100
2792083487775272,205718,57,2820,13365,100
2792083492893392,205718,57,2820,13365,100
2792083498033063,205718,57,2820,13365,100
2792083503150349,205718,57,2820,13365,100
2792083508266793,205718,57,2820,13365,100
2792083513383178,205718,57,2820,13365,100
2792083518499534,205718,57,2820,13365,100
2792083523615778,205718,57,2820,13365,100
2792083528732318,205718,57,2820,13365,100
2792083533850327,205718,57,2820,13365,100
2792083538966472,205718,57,2820,13365,100
2792083544084412,205718,57,2820,13365,100
2792083549200921,205718,57,2820,13365,100
2792083554318231,205718,57,2820,13365,100
2792083559434617,205718,57,2820,13365,100
2792083564552720,205718,57,2820,13365,100
2792083569669484,205718,57,2820,13365,100
2792083574786668,205718,57,2820,13365,100
2792083579903100,205718,57,2820,13365,100
2792083585019779,205718,57,2820,13365,100
2792083590136431,205718,57,2820,13365,100
2792083595254306,205718,57,2820,13365,100
2792083600372600,205718,57,2820,13365,100
2792083605488813,205866,57,2820,13365,100
2792083610606739,205866,57,2820,13365,100
2792083615746997,205866,57,2820,13365,100
2792083620863317,205866,57,2820,13365,100
2792083625979550,205866,57,2820,13365,100
2792083631121498,205866,57,2820,13365,100
2792083636237935,205866,57,2820,13365,100
2792083641354251,205866,57,2820,13365,100
2792083646472489,205866,57,2820,13365,100
2792083651588788,205866,57,2820,13365,100
2792083656704958,205866,57,2820,13365,100
2792083661823730,205866,57,2820,13365,100
2792083666940396,205866,57,2820,13365,100
2792083672056773,205866,57,2820,13365,100
2792083677173437,205866,57,2820,13365,100
2792083682289889,205866,57,2820,13365,100
2792083687406498,205866,57,2820,13365,100
2792083692524127,205866,57,2820,13365,100
2792083697642075,205866,57,2820,13365,100
2792083702758337,205866,57,2820,13365,100
2792083707874555,205866,57,2820,13365,100
2792083712990846,205866,57,2820,13365,100
2792083718136616,205866,57,2820,13365,100
2792083723252755,205866,57,2820,13365,100
2792083728369339,205866,57,2820,13365,100
2792083733486198,205866,57,2820,13365,100
2792083738602915,205866,57,2820,13365,100
2792083743719400,205866,57,2820,13365,100
2792083748839186,205866,57,2820,13365,100
2792083753955635,205866,57,2820,13365,100
2792083759072031,205866,57,2820,13365,100
2792083764188408,205866,57,2820,13365,100
2792083769305332,205866,57,2820,13365,100
2792083774421533,205866,57,2820,13365,100
2792083779539677,205866,57,2820,13365,100
2792083784656515,205866,57,2820,13365,100
2792083789772830,205866,57,2820,13365,100
2792083794889376,205866,57,2820,13365,100
2792083800030190,205866,57,2820,13365,100
2792083805147324,205866,57,2820,13365,100
2792083810263518,205866,57,2820,13365,100
2792083815379963,205866,57,2820,13365,100
2792083820496016,205866,57,2820,13365,100
2792083825612448,205866,57,2820,13365,100
2792083830729200,205866,57,2820,13365,100
2792083835855736,205866,57,2820,13365,100
2792083840972363,205866,57,2820,13365,100
2792083846088265,205866,57,2820,13365,100
2792083851226604,205866,57,2820,13365,100
2792083856345368,205866,57,2820,13365,100
2792083861463490,205866,57,2820,13365,100
2792083866580471,205866,57,2820,13365,100
2792083871697767,205866,57,2820,13365,100
2792083876814151,205866,57,2820,13365,100
2792083881946604,205866,57,2820,13365,100
2792083887072892,205866,57,2820,13365,100
2792083892187759,205866,57,2820,13365,100
2792083897301917,205866,57,2820,13365,100
2792083902417329,205866,57,2820,13365,100
2792083907511872,205866,57,2820,13365,100
2792083912626030,205866,57,2820,13365,100
2792083917738319,205866,57,2820,13365,100
2792083922850958,205866,57,2820,13365,100
2792083927963448,205866,57,2820,13365,100
2792083933076674,205866,57,2820,13365,100
2792083938199032,205866,57,2820,13365,100
2792083943311392,205866,57,2820,13365,100
2792083948424767,205866,57,2820,13365,100
2792083953538533,205866,57,2820,13365,100
2792083958652485,205866,57,2820,13365,100
2792083963768620,205866,57,2820,13365,100
2792083968880750,205866,57,2820,13365,100
2792083973993231,205866,57,2820,13365,100
2792083979124771,205866,57,2820,13365,100
2792083984237503,205866,57,2820,13365,100
2792083989350182,205866,57,2820,13365,100
2792083994462840,205866,57,2820,13365,100
2792083999575640,205866,57,2820,13365,100
2792084004690405,205866,57,2820,13365,100
2792084009805669,205866,57,2820,13365,100
2792084014918884,205866,57,2820,13365,100
2792084020032270,205866,57,2820,13365,100
2792084025147951,205866,57,2820,13365,100
2792084030262239,205866,57,2820,13365,100
2792084035376156,205866,57,2820,13365,100
2792084040490106,205866,57,2820,13365,100
2792084045604164,205866,57,2820,13365,100
2792084050718829,205866,57,2820,13365,100
2792084055836169,205866,57,2820,13365,100
2792084060950853,205866,57,2820,13365,100
2792084066065930,205866,57,2820,13365,100
2792084071180520,205866,57,2820,13365,100
2792084076295687,205866,57,2820,13365,100
2792084081411449,205866,57,2820,13365,100
2792084086526973,205866,57,2820,13365,100
2792084091644410,205866,57,2820,13365,100
2792084096759642,205866,57,2820,13365,100
2792084101874601,205808,57,2820,13365,100
2792084106993471,205808,57,2820,13365,100
2792084112134373,205808,57,2820,13365,100
2792084117250381,205808,57,2820,13365,100
2792084122366436,205808,57,2820,13365,100
2792084127483038,205808,57,2820,13365,100
2792084132599347,205808,57,2820,13365,100
2792084137715549,205808,57,2820,13365,100
2792084142834054,205808,57,2820,13365,100
2792084147950558,205808,57,2820,13365,100
2792084153066942,205808,57,2820,13365,100
2792084158184780,205808,57,2820,13365,100
2792084163300991,205808,57,2820,13365,100
2792084168417363,205808,57,2820,13365,100
2792084173535958,205808,57,2820,13365,100
2792084178651942,205808,57,2820,13365,100
2792084183768423,205808,57,2820,13365,100
2792084188884935,205808,57,2820,13365,100
2792084194024651,205808,57,2820,13365,100
2792084199142675,205808,57,2820,13365,100
2792084204258739,205808,57,2820,13365,100
2792084209376740,205808,57,2820,13365,100
2792084214492949,205808,57,2820,13365,100
2792084219609577,205808,57,2820,13365,100
2792084224726143,205808,57,2820,13365,100
2792084229845028,205808,57,2820,13365,100
2792084234961682,205808,57,2820,13365,100
2792084240078766,205808,57,2820,13365,100
2792084245195059,205808,57,2820,13365,100
2792084250311511,205808,57,2820,13365,100
2792084255427864,205808,57,2820,13365,100
2792084260548316,205808,57,2820,13365,100
2792084265664712,205808,57,2820,13365,100
2792084270780977,205808,57,2820,13365,100
2792084275897269,205808,57,2820,13365,100
2792084281037553,205808,57,2820,13365,100
2792084286155480,205808,57,2820,13365,100
2792084291271770,205808,57,2820,13365,100
2792084296387823,205808,57,2820,13365,100
2792084301504502,205808,57,2820,13365,100
2792084306620653,205808,57,2820,13365,100
2792084311738463,205808,57,2820,13365,100
2792084316856402,205808,57,2820,13365,100
2792084321972484,205808,57,2820,13365,100
2792084327088489,205808,57,2820,13365,100
2792084332204669,205808,57,2820,13365,100
2792084337321581,205808,57,2820,13365,100
2792084342437982,205808,57,2820,13365,100
2792084347556908,205808,57,2820,13365,100
2792084352673362,205808,57,2820,13365,100
2792084357790097,205808,57,2820,13365,100
2792084362924219,205808,57,2820,13365,100
2792084368042508,205808,57,2820,13365,100
2792084373173272,205808,57,2820,13365,100
2792084378289604,205808,57,2820,13365,100
2792084383407661,205808,57,2820,13365,100
2792084388524149,205808,57,2820,13365,100
2792084393640546,205808,57,2820,13365,100
2792084398756890,205808,57,2820,13365,100
2792084403873534,205808,57,2820,13365,100
2792084408990939,205808,57,2820,13365,100
2792084414131843,205808,57,2820,13365,100
2792084419249082,205808,57,2820,13365,100
2792084424365659,205808,57,2820,13365,100
2792084429481971,205808,57,2820,13365,100
2792084434598228,205808,57,2820,13365,100
2792084439714869,205808,57,2820,13365,100
2792084444833921,205808,57,2820,13365,100
2792084449950705,205808,57,2820,13365,100
2792084455067125,205808,57,2820,13365,100
2792084460183350,205808,57,2820,13365,100
2792084465301350,205808,57,2820,13365,100
2792084470418079,205808,57,2820,13365,100
2792084475536255,205808,57,2820,13365,100
2792084480652624,205808,57,2820,13365,100
2792084485768860,205808,57,2820,13365,100
2792084490885652,205808,57,2820,13365,100
2792084496025949,205808,57,2820,13365,100
2792084501143692,205808,57,2820,13365,100
2792084506260241,205808,57,2820,13365,100
2792084511376442,205808,57,2820,13365,100
2792084516494206,205808,57,2820,13365,100
2792084521610611,205808,57,2820,13365,100
2792084526726907,205808,57,2820,13365,100
2792084531843623,205808,57,2820,13365,100
2792084536976744,205808,57,2820,13365,100
2792084542093012,205808,57,2820,13365,100
2792084547209516,205808,57,2820,13365,100
2792084552325636,205808,57,2820,13365,100
2792084557441929,205808,57,2820,13365,100
2792084562560145,205808,57,2820,13365,100
2792084567678410,205808,57,2820,13365,100
2792084572794514,205808,57,2820,13365,100
2792084577910979,205808,57,2820,13365,100
2792084583027603,205808,57,2820,13365,100
2792084588143751,205808,57,2820,13365,100
2792084593263112,205808,57,2820,13365,100
2792084598379562,205808,57,2820,13365,100
2792084603495492,205612,57,2820,13365,100
2792084608613945,205612,57,2820,13365,100
2792084613730177,205612,57,2820,13365,100
2792084618849185,205612,57,2820,13365,100
2792084623982018,205612,57,2820,13365,100
2792084629121306,205612,57,2820,13365,100
2792084634237146,205612,57,2820,13365,100
2792084639353617,205612,57,2820,13365,100
2792084644470401,205612,57,2820,13365,100
2792084649586811,205612,57,2820,13365,100
2792084654703510,205612,57,2820,13365,100
2792084659822116,205612,57,2820,13365,100
2792084664938677,205612,57,2820,13365,100
2792084670056763,205612,57,2820,13365,100
2792084675173093,205612,57,2820,13365,100
2792084680289638,205612,57,2820,13365,100
2792084685405990,205612,57,2820,13365,100
2792084690525042,205612,57,2820,13365,100
2792084695641867,205612,57,2820,13365,100
2792084700758039,205612,57,2820,13365,100
2792084705873972,205612,57,2820,13365,100
2792084710990200,205612,57,2820,13365,100
2792084716130404,205612,57,2820,13365,100
2792084721248465,205612,57,2820,13365,100
2792084726364764,205612,57,2820,13365,100
2792084731481089,205612,57,2820,13365,100
2792084736597826,205612,57,2820,13365,100
2792084741714026,205612,57,2820,13365,100
2792084746832378,205612,57,2820,13365,100
2792084751948602,205612,57,2820,13365,100
2792084757064552,205612,57,2820,13365,100
2792084762180660,205612,57,2820,13365,100
2792084767296739,205612,57,2820,13365,100
2792084772414934,205612,57,2820,13365,100
2792084777533917,205612,57,2820,13365,100
2792084782649952,205612,57,2820,13365,100
2792084787766353,205612,57,2820,13365,100
2792084792883481,205612,57,2820,13365,100
2792084797999634,205612,57,2820,13365,100
2792084803139431,205612,57,2820,13365,100
2792084808255835,205612,57,2820,13365,100
2792084813372645,205612,57,2820,13365,100
2792084818489444,205612,57,2820,13365,100
2792084823607284,205612,57,2820,13365,100
2792084828723606,205612,57,2820,13365,100
2792084833849308,205612,57,2820,13365,100
2792084838965609,205612,57,2820,13365,100
2792084844081637,205612,57,2820,13365,100
2792084849206914,205612,57,2820,13365,100
2792084854322822,205612,57,2820,13365,100
2792084859438903,205612,57,2820,13365,100
2792084864558351,205612,57,2820,13365,100
2792084869675103,205612,57,2820,13365,100
2792084874793125,205612,57,2820,13365,100
2792084879909564,205612,57,2820,13365,100
2792084885026028,205612,57,2820,13365,100
2792084890142829,205612,57,2820,13365,100
2792084895259185,205612,57,2820,13365,100
2792084900375460,205612,57,2820,13365,100
2792084905491792,205612,57,2820,13365,100
2792084910607750,205612,57,2820,13365,100
2792084915724282,205612,57,2820,13365,100
2792084920840620,205612,57,2820,13365,100
2792084925958520,205612,57,2820,13365,100
2792084931077288,205612,57,2820,13365,100
2792084936195004,205612,57,2820,13365,100
2792084941311135,205612,57,2820,13365,100
2792084946427293,205612,57,2820,13365,100
2792084951543381,205612,57,2820,13365,100
2792084956664761,205612,57,2820,13365,100
2792084961782726,205612,57,2820,13365,100
2792084966899026,205612,57,2820,13365,100
2792084972033955,205612,57,2820,13365,100
2792084977153635,205612,57,2820,13365,100
2792084982269928,205612,57,2820,13365,100
2792084987386283,205612,57,2820,13365,100
2792084992502704,205612,57,2820,13365,100
2792084997619196,205612,57,2820,13365,100
2792085002735641,205612,57,2820,13365,100
2792085007852511,205612,57,2820,13365,100
2792085012968870,205612,57,2820,13365,100
2792085018085350,205612,57,2820,13365,100
2792085023201314,205612,57,2820,13365,100
2792085028319107,205612,57,2820,13365,100
2792085033435243,205612,57,2820,13365,100
2792085038553407,205612,57,2820,13365,100
2792085043668955,205612,57,2820,13365,100
2792085048785621,205612,57,2820,13365,100
2792085053904029,205612,57,2820,13365,100
2792085059020293,205612,57,2820,13365,100
2792085064137171,205612,57,2820,13365,100
2792085069253522,205612,57,2820,13365,100
2792085074369542,205612,57,2820,13365,100
2792085079487098,205612,57,2820,13365,100
2792085084603459,205612,57,2820,13365,100
2792085089719829,205612,57,2820,13365,100
2792085094836886,205612,57,2820,13365,100
2792085099952868,205612,57,2820,13365,100
2792085105071093,205638,57,2820,13365,100
2792085110189548,205638,57,2820,13365,100
2792085115305689,205638,57,2820,13365,100
2792085120422157,205638,57,2820,13365,100
2792085125538426,205638,57,2820,13365,100
2792085130656471,205638,57,2820,13365,100
2792085135776874,205638,57,2820,13365,100
2792085140893065,205638,57,2820,13365,100
2792085146030091,205638,57,2820,13365,100
2792085151146968,205638,57,2820,13365,100
2792085156263304,205638,57,2820,13365,100
2792085161379832,205638,57,2820,13365,100
2792085166496049,205638,57,2820,13365,100
2792085171612317,205638,57,2820,13365,100
2792085176728798,205638,57,2820,13365,100
2792085181849140,205638,57,2820,13365,100
2792085186966084,205638,57,2820,13365,100
2792085192117027,205638,57,2820,13365,100
2792085197233815,205638,57,2820,13365,100
2792085202350412,205638,57,2820,13365,100
2792085207466275,205638,57,2820,13365,100
2792085212582720,205638,57,2820,13365,100
2792085217699000,205638,57,2820,13365,100
2792085222815195,205638,57,2820,13365,100
2792085227931252,205638,57,2820,13365,100
2792085233051309,205638,57,2820,13365,100
2792085238167761,205638,57,2820,13365,100
2792085243284606,205638,57,2820,13365,100
2792085248401022,205638,57,2820,13365,100
2792085253517187,205638,57,2820,13365,100
2792085258633887,205638,57,2820,13365,100
2792085263750155,205638,57,2820,13365,100
2792085268866809,205638,57,2820,13365,100
2792085273984939,205638,57,2820,13365,100
2792085279133323,205638,57,2820,13365,100
2792085284287809,205638,57,2820,13365,100
2792085289404005,205638,57,2820,13365,100
2792085294520416,205638,57,2820,13365,100
2792085299636806,205638,57,2820,13365,100
2792085304753184,205638,57,2820,13365,100
2792085309871858,205638,57,2820,13365,100
2792085314988366,205638,57,2820,13365,100
2792085320123287,205638,57,2820,13365,100
2792085325239595,205638,57,2820,13365,100
2792085330355954,205638,57,2820,13365,100
2792085335474616,205638,57,2820,13365,100
2792085340590334,205638,57,2820,13365,100
2792085345706829,205638,57,2820,13365,100
2792085350825302,205638,57,2820,13365,100
2792085355942234,205638,57,2820,13365,100
2792085361058378,205638,57,2820,13365,100
2792085366174975,205638,57,2820,13365,100
2792085371291043,205638,57,2820,13365,100
2792085376407251,205638,57,2820,13365,100
2792085381526168,205638,57,2820,13365,100
2792085386644212,205638,57,2820,13365,100
2792085391760433,205638,57,2820,13365,100
2792085396876785,205638,57,2820,13365,100
2792085401992837,205638,57,2820,13365,100
2792085407134330,205638,57,2820,13365,100
2792085412250736,205638,57,2820,13365,100
2792085417369434,205638,57,2820,13365,100
2792085422485878,205638,57,2820,13365,100
2792085427602311,205638,57,2820,13365,100
2792085432718288,205638,57,2820,13365,100
2792085437838047,205638,57,2820,13365,100
2792085442954128,205638,57,2820,13365,100
2792085448071332,205638,57,2820,13365,100
2792085453187504,205638,57,2820,13365,100
2792085458303970,205638,57,2820,13365,100
2792085463420878,205638,57,2820,13365,100
2792085468539144,205638,57,2820,13365,100
2792085473655378,205638,57,2820,13365,100
2792085478771562,205638,57,2820,13365,100
2792085483887963,205638,57,2820,13365,100
2792085489026907,205638,57,2820,13365,100
2792085494144564,205638,57,2820,13365,100
2792085499260850,205638,57,2820,13365,100
2792085504377535,205638,57,2820,13365,100
2792085509493652,205638,57,2820,13365,100
2792085514610783,205638,57,2820,13365,100
2792085519728017,205638,57,2820,13365,100
2792085524846238,205638,57,2820,13365,100
2792085529962244,205638,57,2820,13365,100
2792085535078239,205638,57,2820,13365,100
2792085540196995,205638,57,2820,13365,100
2792085545313070,205638,57,2820,13365,100
2792085550429443,205638,57,2820,13365,100
2792085555548132,205638,57,2820,13365,100
2792085560666932,205638,57,2820,13365,100
2792085565783067,205638,57,2820,13365,100
2792085570899045,205638,57,2820,13365,100
2792085576057637,205638,57,2820,13365,100
2792085581174429,205638,57,2820,13365,100
2792085586291424,205638,57,2820,13365,100
2792085591409647,205638,57,2820,13365,100
2792085596526533,205638,57,2820,13365,100
2792085601643345,205662,57,2820,13365,100
2792085606761669,205662,57,2820,13365,100
2792085611879220,205662,57,2820,13365,100
2792085617026565,205662,57,2820,13365,100
2792085622143137,205662,57,2820,13365,100
2792085627259621,205662,57,2820,13365,100
2792085632375998,205662,57,2820,13365,100
2792085637493001,205662,57,2820,13365,100
2792085642610970,205662,57,2820,13365,100
2792085647727222,205662,57,2820,13365,100
2792085652846043,205662,57,2820,13365,100
2792085657962987,205662,57,2820,13365,100
2792085663079264,205662,57,2820,13365,100
2792085668195608,205662,57,2820,13365,100
2792085673311744,205662,57,2820,13365,100
2792085678427745,205662,57,2820,13365,100
2792085683547327,205662,57,2820,13365,100
2792085688663699,205662,57,2820,13365,100
2792085693781329,205662,57,2820,13365,100
2792085698897358,205662,57,2820,13365,100
2792085704035785,205662,57,2820,13365,100
2792085709153482,205662,57,2820,13365,100
2792085714270263,205662,57,2820,13365,100
2792085719386700,205662,57,2820,13365,100
2792085724503468,205662,57,2820,13365,100
2792085729619856,205662,57,2820,13365,100
2792085734737009,205662,57,2820,13365,100
2792085739855293,205662,57,2820,13365,100
2792085744977293,205662,57,2820,13365,100
2792085750093630,205662,57,2820,13365,100
2792085755212602,205662,57,2820,13365,100
2792085760328942,205662,57,2820,13365,100
2792085765445379,205662,57,2820,13365,100
2792085770561540,205662,57,2820,13365,100
2792085775677419,205662,57,2820,13365,100
2792085780793280,205662,57,2820,13365,100
2792085785911580,205662,57,2820,13365,100
2792085791028185,205662,57,2820,13365,100
2792085796145591,205662,57,2820,13365,100
2792085801261942,205662,57,2820,13365,100
2792085806378072,205662,57,2820,13365,100
2792085811494631,205662,57,2820,13365,100
2792085816613879,205662,57,2820,13365,100
2792085821730245,205662,57,2820,13365,100
2792085826845983,205662,57,2820,13365,100
2792085831962483,205662,57,2820,13365,100
2792085837078513,205662,57,2820,13365,100
2792085842194697,205662,57,2820,13365,100
2792085847360901,205662,57,2820,13365,100
2792085852477269,205662,57,2820,13365,100
2792085857593354,205662,57,2820,13365,100
2792085862709469,205662,57,2820,13365,100
2792085867826642,205662,57,2820,13365,100
2792085872944351,205662,57,2820,13365,100
2792085878061787,205662,57,2820,13365,100
2792085883178663,205662,57,2820,13365,100
2792085888294555,205662,57,2820,13365,100
2792085893411240,205662,57,2820,13365,100
2792085898528556,205662,57,2820,13365,100
2792085903644901,205662,57,2820,13365,100
2792085908761177,205662,57,2820,13365,100
2792085913879097,205662,57,2820,13365,100
2792085918995946,205662,57,2820,13365,100
2792085924132614,205662,57,2820,13365,100
2792085929248817,205662,57,2820,13365,100
2792085934365167,205662,57,2820,13365,100
2792085939482625,205662,57,2820,13365,100
2792085944599343,205662,57,2820,13365,100
2792085949717188,205662,57,2820,13365,100
2792085954835208,205662,57,2820,13365,100
2792085959951297,205662,57,2820,13365,100
2792085965067173,205662,57,2820,13365,100
2792085970183661,205662,57,2820,13365,100
2792085975299854,205662,57,2820,13365,100
2792085980416342,205662,57,2820,13365,100
2792085985534705,205662,57,2820,13365,100
2792085990650889,205662,57,2820,13365,100
2792085995767268,205662,57,2820,13365,100
2792086000884996,205662,57,2820,13365,100
2792086006023232,205662,57,2820,13365,100
2792086011140905,205662,57,2820,13365,100
2792086016257591,205662,57,2820,13365,100
2792086021374421,205662,57,2820,13365,100
2792086026490465,205662,57,2820,13365,100
2792086031607470,205662,57,2820,13365,100
2792086036723598,205662,57,2820,13365,100
2792086041841893,205662,57,2820,13365,100
2792086046957927,205662,57,2820,13365,100
2792086052075627,205662,57,2820,13365,100
2792086057191740,205662,57,2820,13365,100
2792086062308016,205662,57,2820,13365,100
2792086067424169,205662,57,2820,13365,100
2792086072542609,205662,57,2820,13365,100
2792086077658713,205662,57,2820,13365,100
2792086082774590,205662,57,2820,13365,100
2792086087890922,205662,57,2820,13365,100
2792086093028214,205662,57,2820,13365,100
2792086098145459,205662,57,2820,13365,100
2792086103262653,205779,57,2820,13365,100
2792086108380771,205779,57,2820,13365,100
2792086113496860,205779,57,2820,13365,100
2792086118613208,205779,57,2820,13365,100
2792086123729761,205779,57,2820,13365,100
2792086128848177,205779,57,2820,13365,100
2792086133964359,205779,57,2820,13365,100
2792086139080594,205779,57,2820,13365,100
2792086144196648,205779,57,2820,13365,100
2792086149312954,205779,57,2820,13365,100
2792086154430403,205779,57,2820,13365,100
2792086159549267,205779,57,2820,13365,100
2792086164665478,205779,57,2820,13365,100
2792086169782295,205779,57,2820,13365,100
2792086174898326,205779,57,2820,13365,100
2792086180033465,205779,57,2820,13365,100
2792086185150895,205779,57,2820,13365,100
2792086190267713,205779,57,2820,13365,100
2792086195384597,205779,57,2820,13365,100
2792086200501338,205779,57,2820,13365,100
2792086205618991,205779,57,2820,13365,100
2792086210735246,205779,57,2820,13365,100
2792086215853416,205779,57,2820,13365,100
2792086220970148,205779,57,2820,13365,100
2792086226088196,205779,57,2820,13365,100
2792086231204173,205779,57,2820,13365,100
2792086236320332,205779,57,2820,13365,100
2792086241436585,205779,57,2820,13365,100
2792086246554448,205779,57,2820,13365,100
2792086251670580,205779,57,2820,13365,100
2792086256788036,205779,57,2820,13365,100
2792086261904599,205779,57,2820,13365,100
2792086267020738,205779,57,2820,13365,100
2792086272136708,205779,57,2820,13365,100
2792086277253632,205779,57,2820,13365,100
2792086282372412,205779,57,2820,13365,100
2792086287488730,205779,57,2820,13365,100
2792086292605117,205779,57,2820,13365,100
2792086297721485,205779,57,2820,13365,100
2792086302837374,205779,57,2820,13365,100
2792086307954850,205779,57,2820,13365,100
2792086313072950,205779,57,2820,13365,100
2792086318189307,205779,57,2820,13365,100
2792086323305619,205779,57,2820,13365,100
2792086328422416,205779,57,2820,13365,100
2792086333538740,205779,57,2820,13365,100
2792086338654836,205779,57,2820,13365,100
2792086343771104,205779,57,2820,13365,100
2792086348886993,205779,57,2820,13365,100
2792086354024661,205779,57,2820,13365,100
2792086359143217,205779,57,2820,13365,100
2792086364259122,205779,57,2820,13365,100
2792086369375482,205779,57,2820,13365,100
2792086374492070,205779,57,2820,13365,100
2792086379608496,205779,57,2820,13365,100
2792086384725217,205779,57,2820,13365,100
2792086389843608,205779,57,2820,13365,100
2792086394959982,205779,57,2820,13365,100
2792086400076279,205779,57,2820,13365,100
2792086405192683,205779,57,2820,13365,100
2792086410310187,205779,57,2820,13365,100
2792086415426401,205779,57,2820,13365,100
2792086420545006,205779,57,2820,13365,100
2792086425661363,205779,57,2820,13365,100
2792086430777699,205779,57,2820,13365,100
2792086435894169,205779,57,2820,13365,100
2792086441033879,205779,57,2820,13365,100
2792086446150940,205779,57,2820,13365,100
2792086451266762,205779,57,2820,13365,100
2792086456383061,205779,57,2820,13365,100
2792086461500931,205779,57,2820,13365,100
2792086466616954,205779,57,2820,13365,100
2792086471733513,205779,57,2820,13365,100
2792086476851754,205779,57,2820,13365,100
2792086481968454,205779,57,2820,13365,100
2792086487085027,205779,57,2820,13365,100
2792086492201607,205779,57,2820,13365,100
2792086497318007,205779,57,2820,13365,100
2792086502450964,205779,57,2820,13365,100
2792086507569310,205779,57,2820,13365,100
2792086512686864,205779,57,2820,13365,100
2792086517803793,205779,57,2820,13365,100
2792086522920438,205779,57,2820,13365,100
2792086528036670,205779,57,2820,13365,100
2792086533153020,205779,57,2820,13365,100
2792086538269782,205779,57,2820,13365,100
2792086543385821,205779,57,2820,13365,100
2792086548501879,205779,57,2820,13365,100
2792086553632928,205779,57,2820,13365,100
2792086558749164,205779,57,2820,13365,100
2792086563874188,205779,57,2820,13365,100
2792086568990410,205779,57,2820,13365,100
2792086574129401,205779,57,2820,13365,100
2792086579245826,205779,57,2820,13365,100
2792086584362149,205779,57,2820,13365,100
2792086589478666,205779,57,2820,13365,100
2792086594595846,205779,57,2820,13365,100
2792086599713043,205779,57,2820,13365,100
2792086604832113,205763,56,2820,13365,100
2792086609950218,205763,56,2820,13365,100
2792086615068495,205763,56,2820,13365,100
2792086620186116,205763,56,2820,13365,100
2792086625302671,205763,56,2820,13365,100
2792086630418857,205763,56,2820,13365,100
2792086635552289,205763,56,2820,13365,100
2792086640668364,205763,56,2820,13365,100
2792086645784874,205763,56,2820,13365,100
2792086650901538,205763,56,2820,13365,100
2792086656032619,205763,56,2820,13365,100
2792086661150515,205763,56,2820,13365,100
2792086666270315,205763,56,2820,13365,100
2792086671389808,205763,56,2820,13365,100
2792086676507544,205763,56,2820,13365,100
2792086681626444,205763,56,2820,13365,100
2792086686744469,205763,56,2820,13365,100
2792086691864221,205763,56,2820,13365,100
2792086696982270,205763,56,2820,13365,100
2792086702116336,205763,56,2820,13365,100
2792086707232980,205763,56,2820,13365,100
2792086712351839,205763,56,2820,13365,100
2792086717471059,205763,56,2820,13365,100
2792086722590383,205763,56,2820,13365,100
2792086727709318,205763,56,2820,13365,100
2792086732828396,205763,56,2820,13365,100
2792086737945356,205763,56,2820,13365,100
2792086743063071,205763,56,2820,13365,100
2792086748181915,205763,56,2820,13365,100
2792086753299554,205763,56,2820,13365,100
2792086758416724,205763,56,2820,13365,100
2792086763536078,205763,56,2820,13365,100
2792086768653951,205763,56,2820,13365,100
2792086773770199,205763,56,2820,13365,100
2792086778886135,205763,56,2820,13365,100
2792086784023368,205763,56,2820,13365,100
2792086789140896,205763,56,2820,13365,100
2792086794257468,205763,56,2820,13365,100
2792086799374013,205763,56,2820,13365,100
2792086804490197,205763,56,2820,13365,100
2792086809606228,205763,56,2820,13365,100
2792086814722470,205763,56,2820,13365,100
2792086819842834,205763,56,2820,13365,100
2792086824958675,205763,56,2820,13365,100
2792086830075055,205763,56,2820,13365,100
2792086835191519,205763,56,2820,13365,100
2792086840308054,205763,56,2820,13365,100
2792086845424053,205763,56,2820,13365,100
2792086850541236,205763,56,2820,13365,100
2792086855657837,205763,56,2820,13365,100
2792086860774189,205763,56,2820,13365,100
2792086865890756,205763,56,2820,13365,100
2792086871030030,205763,56,2820,13365,100
2792086876147534,205763,56,2820,13365,100
2792086881263967,205763,56,2820,13365,100
2792086886380635,205763,56,2820,13365,100
2792086891500467,205763,56,2820,13365,100
2792086896617169,205763,56,2820,13365,100
2792086901734281,205763,56,2820,13365,100
2792086906853185,205763,56,2820,13365,100
2792086911969537,205763,56,2820,13365,100
2792086917087245,205763,56,2820,13365,100
2792086922205313,205763,56,2820,13365,100
2792086927321548,205763,56,2820,13365,100
2792086932437734,205763,56,2820,13365,100
2792086937556719,205763,56,2820,13365,100
2792086942675835,205763,56,2820,13365,100
2792086947792451,205763,56,2820,13365,100
2792086952909143,205763,56,2820,13365,100
2792086958040292,205763,56,2820,13365,100
2792086963157257,205763,56,2820,13365,100
2792086968275061,205763,56,2820,13365,100
2792086973394157,205763,56,2820,13365,100
2792086978510886,205763,56,2820,13365,100
2792086983627094,205763,56,2820,13365,100
2792086988748766,205763,56,2820,13365,100
2792086993865379,205763,56,2820,13365,100
2792086998981991,205763,56,2820,13365,100
2792087004117008,205763,56,2820,13365,100
2792087009233756,205763,56,2820,13365,100
2792087014350044,205763,56,2820,13365,100
2792087019466147,205763,56,2820,13365,100
2792087024584741,205763,56,2820,13365,100
2792087029700773,205763,56,2820,13365,100
2792087034819429,205763,56,2820,13365,100
2792087039935852,205763,56,2820,13365,100
2792087045052334,205763,56,2820,13365,100
2792087050168447,205763,56,2820,13365,100
2792087055285091,205763,56,2820,13365,100
2792087060401476,205763,56,2820,13365,100
2792087065520926,205763,56,2820,13365,100
2792087070637788,205763,56,2820,13365,100
2792087075755573,205763,56,2820,13365,100
2792087080871977,205763,56,2820,13365,100
2792087085989838,205763,56,2820,13365,100
2792087091131342,205763,56,2820,13365,100
2792087096248698,205763,56,2820,13365,100
2792087101365516,205789,57,2820,13365,100
2792087106483430,205789,57,2820,13365,100
2792087111601059,205789,57,2820,13365,100
2792087116717363,205789,57,2820,13365,100
2792087121836343,205789,57,2820,13365,100
2792087126954258,205789,57,2820,13365,100
2792087132070321,205789,57,2820,13365,100
2792087137186713,205789,57,2820,13365,100
2792087142303990,205789,57,2820,13365,100
2792087147420383,205789,57,2820,13365,100
2792087152538874,205789,57,2820,13365,100
2792087157672890,205789,57,2820,13365,100
2792087162789516,205789,57,2820,13365,100
2792087167906166,205789,57,2820,13365,100
2792087173022667,205789,57,2820,13365,100
2792087178140936,205789,57,2820,13365,100
2792087183257565,205789,57,2820,13365,100
2792087188374229,205789,57,2820,13365,100
2792087193490617,205789,57,2820,13365,100
2792087198606638,205789,57,2820,13365,100
2792087203722823,205789,57,2820,13365,100
2792087208838808,205789,57,2820,13365,100
2792087213955238,205789,57,2820,13365,100
2792087219072986,205789,57,2820,13365,100
2792087224189339,205789,57,2820,13365,100
2792087229316184,205789,57,2820,13365,100
2792087234432450,205789,57,2820,13365,100
2792087239549073,205789,57,2820,13365,100
2792087244665204,205789,57,2820,13365,100
2792087249783677,205789,57,2820,13365,100
2792087254900017,205789,57,2820,13365,100
2792087260035286,205789,57,2820,13365,100
2792087265152689,205789,57,2820,13365,100
2792087270268710,205789,57,2820,13365,100
2792087275385474,205789,57,2820,13365,100
2792087280503471,205789,57,2820,13365,100
2792087285619823,205789,57,2820,13365,100
2792087290736112,205789,57,2820,13365,100
2792087295854096,205789,57,2820,13365,100
2792087300970432,205789,57,2820,13365,100
2792087306104029,205789,57,2820,13365,100
2792087311219915,205789,57,2820,13365,100
2792087316336369,205789,57,2820,13365,100
2792087321452638,205789,57,2820,13365,100
2792087326572098,205789,57,2820,13365,100
2792087331690042,205789,57,2820,13365,100
2792087336806364,205789,57,2820,13365,100
2792087341923004,205789,57,2820,13365,100
2792087347039796,205789,57,2820,13365,100
2792087352156232,205789,57,2820,13365,100
2792087357272637,205789,57,2820,13365,100
2792087362390567,205789,57,2820,13365,100
2792087367506842,205789,57,2820,13365,100
2792087372623148,205789,57,2820,13365,100
2792087377739514,205789,57,2820,13365,100
2792087382857266,205789,57,2820,13365,100
2792087387973394,205789,57,2820,13365,100
2792087393092495,205789,57,2820,13365,100
2792087398208704,205789,57,2820,13365,100
2792087403325040,205789,57,2820,13365,100
2792087408441353,205789,57,2820,13365,100
2792087413558041,205789,57,2820,13365,100
2792087418691981,205789,57,2820,13365,100
2792087423808354,205789,57,2820,13365,100
2792087428927406,205789,57,2820,13365,100
2792087434045374,205789,57,2820,13365,100
2792087439161694,205789,57,2820,13365,100
2792087444278707,205789,57,2820,13365,100
2792087449395093,205789,57,2820,13365,100
2792087454511443,205789,57,2820,13365,100
2792087459629800,205789,57,2820,13365,100
2792087464746141,205789,57,2820,13365,100
2792087469862281,205789,57,2820,13365,100
2792087474978781,205789,57,2820,13365,100
2792087480096259,205789,57,2820,13365,100
2792087485214018,205789,57,2820,13365,100
2792087490331198,205789,57,2820,13365,100
2792087495447866,205789,57,2820,13365,100
2792087500564155,205789,57,2820,13365,100
2792087505680342,205789,57,2820,13365,100
2792087510798886,205789,57,2820,13365,100
2792087515915012,205789,57,2820,13365,100
2792087521031524,205789,57,2820,13365,100
2792087526147917,205789,57,2820,13365,100
2792087531264022,205789,57,2820,13365,100
2792087536381877,205789,57,2820,13365,100
2792087541600066,205789,57,2820,13365,100
2792087546717585,205789,57,2820,13365,100
2792087551834802,205789,57,2820,13365,100
2792087556952159,205789,57,2820,13365,100
2792087562069642,205789,57,2820,13365,100
2792087567187372,205789,57,2820,13365,100
2792087572305183,205789,57,2820,13365,100
2792087577422901,205789,57,2820,13365,100
2792087582539852,205789,57,2820,13365,100
2792087587657093,205789,57,2820,13365,100
2792087592775930,205789,57,2820,13365,100
2792087597900407,205789,57,2820,13365,100
2792087603066478,205647,56,2820,13365,100
2792087608187868,205647,56,2820,13365,100
2792087613304922,205647,56,2820,13365,100
2792087618422622,205647,56,2820,13365,100
2792087623540351,205647,56,2820,13365,100
2792087628657680,205647,56,2820,13365,100
2792087633774719,205647,56,2820,13365,100
2792087638894924,205647,56,2820,13365,100
2792087644032420,205647,56,2820,13365,100
2792087649149481,205647,56,2820,13365,100
2792087654266695,205647,56,2820,13365,100
2792087659384092,205647,56,2820,13365,100
2792087664501585,205647,56,2820,13365,100
2792087669620195,205647,56,2820,13365,100
2792087674738038,205647,56,2820,13365,100
2792087679857347,205647,56,2820,13365,100
2792087684974113,205647,56,2820,13365,100
2792087690091378,205647,56,2820,13365,100
2792087695210020,205647,56,2820,13365,100
2792087700327272,205647,56,2820,13365,100
2792087705444105,205647,56,2820,13365,100
2792087710563589,205647,56,2820,13365,100
2792087715681220,205647,56,2820,13365,100
2792087720798462,205647,56,2820,13365,100
2792087725915622,205647,56,2820,13365,100
2792087731034302,205647,56,2820,13365,100
2792087736154663,205647,56,2820,13365,100
2792087741274940,205647,56,2820,13365,100
2792087746396606,205647,56,2820,13365,100
2792087751515074,205647,56,2820,13365,100
2792087756632844,205647,56,2820,13365,100
2792087761750473,205647,56,2820,13365,100
2792087766868003,205647,56,2820,13365,100
2792087771984913,205647,56,2820,13365,100
2792087777122501,205647,56,2820,13365,100
2792087782240096,205647,56,2820,13365,100
2792087787357483,205647,56,2820,13365,100
2792087792474335,205647,56,2820,13365,100
2792087797592879,205647,56,2820,13365,100
2792087802710123,205647,56,2820,13365,100
2792087807829488,205647,56,2820,13365,100
2792087812966904,205647,56,2820,13365,100
2792087818083940,205647,56,2820,13365,100
2792087823209380,205647,56,2820,13365,100
2792087828326390,205647,56,2820,13365,100
2792087833443345,205647,56,2820,13365,100
2792087838562374,205647,56,2820,13365,100
2792087843679936,205647,56,2820,13365,100
2792087848798693,205647,56,2820,13365,100
2792087853916212,205647,56,2820,13365,100
2792087859033563,205647,56,2820,13365,100
2792087864150666,205647,56,2820,13365,100
2792087869267845,205647,56,2820,13365,100
2792087874387020,205647,56,2820,13365,100
2792087879504287,205647,56,2820,13365,100
2792087884621765,205647,56,2820,13365,100
2792087889739406,205647,56,2820,13365,100
2792087894857270,205647,56,2820,13365,100
2792087899976086,205647,56,2820,13365,100
2792087905095434,205647,56,2820,13365,100
2792087910212655,205647,56,2820,13365,100
2792087915330135,205647,56,2820,13365,100
2792087920447564,205647,56,2820,13365,100
2792087925565013,205647,56,2820,13365,100
2792087930681983,205647,56,2820,13365,100
2792087935799141,205647,56,2820,13365,100
2792087940916286,205647,56,2820,13365,100
2792087946033809,205647,56,2820,13365,100
2792087951153386,205647,56,2820,13365,100
2792087956270838,205647,56,2820,13365,100
2792087961388082,205647,56,2820,13365,100
2792087966505405,205647,56,2820,13365,100
2792087971625187,205647,56,2820,13365,100
2792087976742800,205647,56,2820,13365,100
2792087981859656,205647,56,2820,13365,100
2792087986977517,205647,56,2820,13365,100
2792087992094973,205647,56,2820,13365,100
2792087997212725,205647,56,2820,13365,100
2792088002331790,205647,56,2820,13365,100
2792088007449238,205647,56,2820,13365,100
2792088012567000,205647,56,2820,13365,100
2792088017684351,205647,56,2820,13365,100
2792088022802136,205647,56,2820,13365,100
2792088027919180,205647,56,2820,13365,100
2792088033038104,205647,56,2820,13365,100
2792088038155469,205647,56,2820,13365,100
2792088043272319,205647,56,2820,13365,100
2792088048389349,205647,56,2820,13365,100
2792088053508730,205647,56,2820,13365,100
2792088058625942,205647,56,2820,13365,100
2792088063743558,205647,56,2820,13365,100
2792088068861954,205647,56,2820,13365,100
2792088073979662,205647,56,2820,13365,100
2792088079119111,205647,56,2820,13365,100
2792088084236267,205647,56,2820,13365,100
2792088089353516,205647,56,2820,13365,100
2792088094471092,205647,56,2820,13365,100
2792088099587969,205647,56,2820,13365,100
2792088104707329,205429,56,2820,13365,100
2792088109827694,205429,56,2820,13365,100
2792088114945198,205429,56,2820,13365,100
2792088120062466,205429,56,2820,13365,100
2792088125179518,205429,56,2820,13365,100
2792088130304786,205429,56,2820,13365,100
2792088135422403,205429,56,2820,13365,100
2792088140540995,205429,56,2820,13365,100
2792088145658606,205429,56,2820,13365,100
2792088150775785,205429,56,2820,13365,100
2792088155894737,205429,56,2820,13365,100
2792088161033339,205429,56,2820,13365,100
2792088166151543,205429,56,2820,13365,100
2792088171269768,205429,56,2820,13365,100
2792088176386806,205429,56,2820,13365,100
2792088181504738,205429,56,2820,13365,100
2792088186621810,205429,56,2820,13365,100
2792088191739243,205429,56,2820,13365,100
2792088196866983,205429,56,2820,13365,100
2792088201984251,205429,56,2820,13365,100
2792088207122288,205429,56,2820,13365,100
2792088212239585,205429,56,2820,13365,100
2792088217357585,205429,56,2820,13365,100
2792088222474766,205429,56,2820,13365,100
2792088227592516,205429,56,2820,13365,100
2792088232709774,205429,56,2820,13365,100
2792088237829218,205429,56,2820,13365,100
2792088242946075,205429,56,2820,13365,100
2792088248062703,205429,56,2820,13365,100
2792088253180467,205429,56,2820,13365,100
2792088258299102,205429,56,2820,13365,100
2792088263416292,205429,56,2820,13365,100
2792088268535033,205429,56,2820,13365,100
2792088273652849,205429,56,2820,13365,100
2792088278770693,205429,56,2820,13365,100
2792088283888033,205429,56,2820,13365,100
2792088289027166,205429,56,2820,13365,100
2792088294144982,205429,56,2820,13365,100
2792088299262937,205429,56,2820,13365,100
2792088304380159,205429,56,2820,13365,100
2792088309499175,205429,56,2820,13365,100
2792088314616148,205429,56,2820,13365,100
2792088319733044,205429,56,2820,13365,100
2792088324852099,205429,56,2820,13365,100
2792088329969143,205429,56,2820,13365,100
2792088335086502,205429,56,2820,13365,100
2792088340203485,205429,56,2820,13365,100
2792088345320369,205429,56,2820,13365,100
2792088350437722,205429,56,2820,13365,100
2792088355556614,205429,56,2820,13365,100
2792088360675642,205429,56,2820,13365,100
2792088365792847,205429,56,2820,13365,100
2792088370912056,205429,56,2820,13365,100
2792088376030936,205429,56,2820,13365,100
2792088381149640,205429,56,2820,13365,100
2792088386266657,205429,56,2820,13365,100
2792088391384274,205429,56,2820,13365,100
2792088396501469,205429,56,2820,13365,100
2792088401618724,205429,56,2820,13365,100
2792088406735789,205429,56,2820,13365,100
2792088411856191,205429,56,2820,13365,100
2792088416973239,205429,56,2820,13365,100
2792088422090242,205429,56,2820,13365,100
2792088427207446,205429,56,2820,13365,100
2792088432324544,205429,56,2820,13365,100
2792088437441748,205429,56,2820,13365,100
2792088442559579,205429,56,2820,13365,100
2792088447676593,205429,56,2820,13365,100
2792088452794761,205429,56,2820,13365,100
2792088457912098,205429,56,2820,13365,100
2792088463031597,205429,56,2820,13365,100
2792088468161347,205429,56,2820,13365,100
2792088473278375,205429,56,2820,13365,100
2792088478397379,205429,56,2820,13365,100
2792088483515064,205429,56,2820,13365,100
2792088488632468,205429,56,2820,13365,100
2792088493750492,205429,56,2820,13365,100
2792088498868080,205429,56,2820,13365,100
2792088503987481,205429,56,2820,13365,100
2792088509150756,205429,56,2820,13365,100
2792088514269554,205429,56,2820,13365,100
2792088519386784,205429,56,2820,13365,100
2792088524503422,205429,56,2820,13365,100
2792088529620743,205429,56,2820,13365,100
2792088534737943,205429,56,2820,13365,100
2792088539863504,205429,56,2820,13365,100
2792088544980564,205429,56,2820,13365,100
2792088550114692,205429,56,2820,13365,100
2792088555232035,205429,56,2820,13365,100
2792088560348949,205429,56,2820,13365,100
2792088565467622,205429,56,2820,13365,100
2792088570585161,205429,56,2820,13365,100
2792088575702430,205429,56,2820,13365,100
2792088580821575,205429,56,2820,13365,100
2792088585939227,205429,56,2820,13365,100
2792088591056305,205429,56,2820,13365,100
2792088596173350,205429,56,2820,13365,100
2792088601290148,205416,56,2820,13365,100
2792088606408078,205416,56,2820,13365,100
2792088611528036,205416,56,2820,13365,100
2792088616646785,205416,56,2820,13365,100
2792088621765153,205416,56,2820,13365,100
2792088626881636,205416,56,2820,13365,100
2792088631998235,205416,56,2820,13365,100
2792088637136694,205416,56,2820,13365,100
2792088642252683,205416,56,2820,13365,100
2792088647368719,205416,56,2820,13365,100
2792088652484912,205416,56,2820,13365,100
2792088657601252,205416,56,2820,13365,100
2792088662717788,205416,56,2820,13365,100
2792088667837798,205416,56,2820,13365,100
2792088672955073,205416,56,2820,13365,100
2792088678072913,205416,56,2820,13365,100
2792088683190450,205416,56,2820,13365,100
2792088688307222,205416,56,2820,13365,100
2792088693424751,205416,56,2820,13365,100
2792088698544065,205416,56,2820,13365,100
2792088703661101,205416,56,2820,13365,100
2792088708778320,205416,56,2820,13365,100
2792088713895223,205416,56,2820,13365,100
2792088719037164,205416,56,2820,13365,100
2792088724155333,205416,56,2820,13365,100
2792088729272609,205416,56,2820,13365,100
2792088734389822,205416,56,2820,13365,100
2792088739506678,205416,56,2820,13365,100
2792088744623558,205416,56,2820,13365,100
2792088749740788,205416,56,2820,13365,100
2792088754859793,205416,56,2820,13365,100
2792088759978917,205416,56,2820,13365,100
2792088765097012,205416,56,2820,13365,100
2792088770216024,205416,56,2820,13365,100
2792088775333428,205416,56,2820,13365,100
2792088780450572,205416,56,2820,13365,100
2792088785568711,205416,56,2820,13365,100
2792088790685737,205416,56,2820,13365,100
2792088795805062,205416,56,2820,13365,100
2792088800922246,205416,56,2820,13365,100
2792088806039482,205416,56,2820,13365,100
2792088811156539,205416,56,2820,13365,100
2792088816273657,205416,56,2820,13365,100
2792088821392104,205416,56,2820,13365,100
2792088826511774,205416,56,2820,13365,100
2792088831629050,205416,56,2820,13365,100
2792088836746124,205416,56,2820,13365,100
2792088841862839,205416,56,2820,13365,100
2792088846979957,205416,56,2820,13365,100
2792088852114928,205416,56,2820,13365,100
2792088857232386,205416,56,2820,13365,100
2792088862349711,205416,56,2820,13365,100
2792088867466459,205416,56,2820,13365,100
2792088872585275,205416,56,2820,13365,100
2792088877702217,205416,56,2820,13365,100
2792088882820988,205416,56,2820,13365,100
2792088887938204,205416,56,2820,13365,100
2792088893054983,205416,56,2820,13365,100
2792088898172165,205416,56,2820,13365,100
2792088903290097,205416,56,2820,13365,100
2792088908407469,205416,56,2820,13365,100
2792088913526402,205416,56,2820,13365,100
2792088918644447,205416,56,2820,13365,100
2792088923762915,205416,56,2820,13365,100
2792088928879079,205416,56,2820,13365,100
2792088933995240,205416,56,2820,13365,100
2792088939135102,205416,56,2820,13365,100
2792088944252621,205416,56,2820,13365,100
2792088949369600,205416,56,2820,13365,100
2792088954486901,205416,56,2820,13365,100
2792088959604033,205416,56,2820,13365,100
2792088964721486,205416,56,2820,13365,100
2792088969840678,205416,56,2820,13365,100
2792088974959514,205416,56,2820,13365,100
2792088980076679,205416,56,2820,13365,100
2792088985194247,205416,56,2820,13365,100
2792088990311475,205416,56,2820,13365,100
2792088995428480,205416,56,2820,13365,100
2792089000546584,205416,56,2820,13365,100
2792089005663819,205416,56,2820,13365,100
2792089010781297,205416,56,2820,13365,100
2792089015899349,205416,56,2820,13365,100
2792089021037212,205416,56,2820,13365,100
2792089026157482,205416,56,2820,13365,100
2792089031274510,205416,56,2820,13365,100
2792089036391331,205416,56,2820,13365,100
2792089041508819,205416,56,2820,13365,100
2792089046625332,205416,56,2820,13365,100
2792089051741351,205416,56,2820,13365,100
2792089056859192,205416,56,2820,13365,100
2792089061975767,205416,56,2820,13365,100
2792089067092729,205416,56,2820,13365,100
2792089072209634,205416,56,2820,13365,100
2792089077328228,205416,56,2820,13365,100
2792089082445138,205416,56,2820,13365,100
2792089087563507,205416,56,2820,13365,100
2792089092680363,205416,56,2820,13365,100
2792089097797357,205416,56,2820,13365,100
2792089102914311,205477,56,2820,13365,100
2792089108032859,205477,56,2820,13365,100
2792089113149772,205477,56,2820,13365,100
2792089118266584,205477,56,2820,13365,100
2792089123402489,205477,56,2820,13365,100
2792089128521257,205477,56,2820,13365,100
2792089133638362,205477,56,2820,13365,100
2792089138755492,205477,56,2820,13365,100
2792089143872646,205477,56,2820,13365,100
2792089148989751,205477,56,2820,13365,100
2792089154129185,205477,56,2820,13365,100
2792089159246350,205477,56,2820,13365,100
2792089164363800,205477,56,2820,13365,100
2792089169481056,205477,56,2820,13365,100
2792089174598443,205477,56,2820,13365,100
2792089179716885,205477,56,2820,13365,100
2792089184836393,205477,56,2820,13365,100
2792089189954625,205477,56,2820,13365,100
2792089195071526,205477,56,2820,13365,100
2792089200189163,205477,56,2820,13365,100
2792089205306969,205477,56,2820,13365,100
2792089210424103,205477,56,2820,13365,100
2792089215543025,205477,56,2820,13365,100
2792089220660284,205477,56,2820,13365,100
2792089225777394,205477,56,2820,13365,100
2792089230895876,205477,56,2820,13365,100
2792089236034701,205477,56,2820,13365,100
2792089241152805,205477,56,2820,13365,100
2792089246271209,205477,56,2820,13365,100
2792089251388474,205477,56,2820,13365,100
2792089256505542,205477,56,2820,13365,100
2792089261622546,205477,56,2820,13365,100
2792089266739463,205477,56,2820,13365,100
2792089271856535,205477,56,2820,13365,100
2792089276973176,205477,56,2820,13365,100
2792089282091829,205477,56,2820,13365,100
2792089287209548,205477,56,2820,13365,100
2792089292326953,205477,56,2820,13365,100
2792089297444562,205477,56,2820,13365,100
2792089302561741,205477,56,2820,13365,100
2792089307679086,205477,56,2820,13365,100
2792089312798334,205477,56,2820,13365,100
2792089317916098,205477,56,2820,13365,100
2792089323033299,205477,56,2820,13365,100
2792089328150523,205477,56,2820,13365,100
2792089333269476,205477,56,2820,13365,100
2792089338386821,205477,56,2820,13365,100
2792089343505221,205477,56,2820,13365,100
2792089348622657,205477,56,2820,13365,100
2792089353742257,205477,56,2820,13365,100
2792089358860526,205477,56,2820,13365,100
2792089363977339,205477,56,2820,13365,100
2792089369094783,205477,56,2820,13365,100
2792089374211863,205477,56,2820,13365,100
2792089379329285,205477,56,2820,13365,100
2792089384448327,205477,56,2820,13365,100
2792089389567934,205477,56,2820,13365,100
2792089394685304,205477,56,2820,13365,100
2792089399803222,205477,56,2820,13365,100
2792089404920377,205477,56,2820,13365,100
2792089410038006,205477,56,2820,13365,100
2792089415155297,205477,56,2820,13365,100
2792089420281770,205477,56,2820,13365,100
2792089425398855,205477,56,2820,13365,100
2792089430516207,205477,56,2820,13365,100
2792089435635180,205477,56,2820,13365,100
2792089440753150,205477,56,2820,13365,100
2792089445870048,205477,56,2820,13365,100
2792089450999493,205477,56,2820,13365,100
2792089456139296,205477,56,2820,13365,100
2792089461256525,205477,56,2820,13365,100
2792089466373873,205477,56,2820,13365,100
2792089471491114,205477,56,2820,13365,100
2792089476608220,205477,56,2820,13365,100
2792089481725159,205477,56,2820,13365,100
2792089486845431,205477,56,2820,13365,100
2792089491963227,205477,56,2820,13365,100
2792089497080659,205477,56,2820,13365,100
2792089502197522,205477,56,2820,13365,100
2792089507314813,205477,56,2820,13365,100
2792089512432264,205477,56,2820,13365,100
2792089517550629,205477,56,2820,13365,100
2792089522668085,205477,56,2820,13365,100
2792089527785024,205477,56,2820,13365,100
2792089532902362,205477,56,2820,13365,100
2792089538021334,205477,56,2820,13365,100
2792089543138695,205477,56,2820,13365,100
2792089548255751,205477,56,2820,13365,100
2792089553375569,205477,56,2820,13365,100
2792089558492740,205477,56,2820,13365,100
2792089563609920,205477,56,2820,13365,100
2792089568726886,205477,56,2820,13365,100
2792089573844365,205477,56,2820,13365,100
2792089578962455,205477,56,2820,13365,100
2792089584081585,205477,56,2820,13365,100
2792089589200874,205477,56,2820,13365,100
2792089594317910,205477,56,2820,13365,100
2792089599435338,205477,56,2820,13365,100
2792089604552471,205275,56,2820,13365,100
2792089609671579,205275,56,2820,13365,100
2792089614788524,205275,56,2820,13365,100
2792089619908077,205275,56,2820,13365,100
2792089625025174,205275,56,2820,13365,100
2792089630141477,205275,56,2820,13365,100
2792089635257961,205275,56,2820,13365,100
2792089640375910,205275,56,2820,13365,100
2792089645492084,205275,56,2820,13365,100
2792089650608442,205275,56,2820,13365,100
2792089655726863,205275,56,2820,13365,100
2792089660844963,205275,56,2820,13365,100
2792089665961900,205275,56,2820,13365,100
2792089671078372,205275,56,2820,13365,100
2792089676194756,205275,56,2820,13365,100
2792089681311145,205275,56,2820,13365,100
2792089686426733,205275,56,2820,13365,100
2792089691543946,205275,56,2820,13365,100
2792089696662498,205275,56,2820,13365,100
2792089701795250,205275,56,2820,13365,100
2792089706912197,205275,56,2820,13365,100
2792089712029327,205275,56,2820,13365,100
2792089717146475,205275,56,2820,13365,100
2792089722263276,205275,56,2820,13365,100
2792089727382436,205275,56,2820,13365,100
2792089732499701,205275,56,2820,13365,100
2792089737616825,205275,56,2820,13365,100
2792089742735617,205275,56,2820,13365,100
2792089747852617,205275,56,2820,13365,100
2792089752969654,205275,56,2820,13365,100
2792089758086921,205275,56,2820,13365,100
2792089763205478,205275,56,2820,13365,100
2792089768322455,205275,56,2820,13365,100
2792089773439299,205275,56,2820,13365,100
2792089778573564,205275,56,2820,13365,100
2792089783690856,205275,56,2820,13365,100
2792089788808161,205275,56,2820,13365,100
2792089793928873,205275,56,2820,13365,100
2792089799054941,205275,56,2820,13365,100
2792089804172369,205275,56,2820,13365,100
2792089809289424,205275,56,2820,13365,100
2792089814407176,205275,56,2820,13365,100
2792089819524386,205275,56,2820,13365,100
2792089824643495,205275,56,2820,13365,100
2792089829760509,205275,56,2820,13365,100
2792089834877728,205275,56,2820,13365,100
2792089839994905,205275,56,2820,13365,100
2792089845137909,205275,56,2820,13365,100
2792089850254692,205275,56,2820,13365,100
2792089855371771,205275,56,2820,13365,100
2792089860489713,205275,56,2820,13365,100
2792089865606918,205275,56,2820,13365,100
2792089870724090,205275,56,2820,13365,100
2792089875843810,205275,56,2820,13365,100
2792089880961163,205275,56,2820,13365,100
2792089886077899,205275,56,2820,13365,100
2792089891195014,205275,56,2820,13365,100
2792089896313478,205275,56,2820,13365,100
2792089901430823,205275,56,2820,13365,100
2792089906565700,205275,56,2820,13365,100
2792089911683209,205275,56,2820,13365,100
2792089916800365,205275,56,2820,13365,100
2792089921917498,205275,56,2820,13365,100
2792089927035290,205275,56,2820,13365,100
2792089932152403,205275,56,2820,13365,100
2792089937271143,205275,56,2820,13365,100
2792089942388639,205275,56,2820,13365,100
2792089947506724,205275,56,2820,13365,100
2792089952623894,205275,56,2820,13365,100
2792089957741149,205275,56,2820,13365,100
2792089962857969,205275,56,2820,13365,100
2792089967976273,205275,56,2820,13365,100
2792089973094457,205275,56,2820,13365,100
2792089978212462,205275,56,2820,13365,100
2792089983330391,205275,56,2820,13365,100
2792089988448610,205275,56,2820,13365,100
2792089993566759,205275,56,2820,13365,100
2792089998686035,205275,56,2820,13365,100
2792090003804519,205275,56,2820,13365,100
2792090008920580,205275,56,2820,13365,100
2792090014037857,205275,56,2820,13365,100
2792090019155405,205275,56,2820,13365,100
2792090024272847,205275,56,2820,13365,100
2792090029389925,205275,56,2820,13365,100
2792090034508176,205275,56,2820,13365,100
2792090039626022,205275,56,2820,13365,100
2792090044751958,205275,56,2820,13365,100
2792090049870899,205275,56,2820,13365,100
2792090054987903,205275,56,2820,13365,100
2792090060128131,205275,56,2820,13365,100
2792090065245192,205275,56,2820,13365,100
2792090070362572,205275,56,2820,13365,100
2792090075479684,205275,56,2820,13365,100
2792090080596961,205275,56,2820,13365,100
2792090085714233,205275,56,2820,13365,100
2792090090833257,205275,56,2820,13365,100
2792090095950802,205275,56,2820,13365,100
2792090101069402,205275,56,2820,13365,100
2792090106186311,205405,56,2820,13365,100
2792090111305376,205405,56,2820,13365,100
2792090116422673,205405,56,2820,13365,100
2792090121542340,205405,56,2820,13365,100
2792090126659608,205405,56,2820,13365,100
2792090131777013,205405,56,2820,13365,100
2792090136894045,205405,56,2820,13365,100
2792090142033288,205405,56,2820,13365,100
2792090147151585,205405,56,2820,13365,100
2792090152269918,205405,56,2820,13365,100
2792090157387306,205405,56,2820,13365,100
2792090162504755,205405,56,2820,13365,100
2792090167622179,205405,56,2820,13365,100
2792090172739603,205405,56,2820,13365,100
2792090177859320,205405,56,2820,13365,100
2792090182976541,205405,56,2820,13365,100
2792090188093705,205405,56,2820,13365,100
2792090193211309,205405,56,2820,13365,100
2792090198328816,205405,56,2820,13365,100
2792090203447228,205405,56,2820,13365,100
2792090208565984,205405,56,2820,13365,100
2792090213683596,205405,56,2820,13365,100
2792090218800726,205405,56,2820,13365,100
2792090223917827,205405,56,2820,13365,100
2792090229035391,205405,56,2820,13365,100
2792090234152112,205405,56,2820,13365,100
2792090239269165,205405,56,2820,13365,100
2792090244389541,205405,56,2820,13365,100
2792090249507169,205405,56,2820,13365,100
2792090254630064,205405,56,2820,13365,100
2792090259747608,205405,56,2820,13365,100
2792090264864890,205405,56,2820,13365,100
2792090269982423,205405,56,2820,13365,100
2792090275123481,205405,56,2820,13365,100
2792090280240693,205405,56,2820,13365,100
2792090285357939,205405,56,2820,13365,100
2792090290475302,205405,56,2820,13365,100
2792090295592044,205405,56,2820,13365,100
2792090300709549,205405,56,2820,13365,100
2792090305828097,205405,56,2820,13365,100
2792090310945839,205405,56,2820,13365,100
2792090316063058,205405,56,2820,13365,100
2792090321180402,205405,56,2820,13365,100
2792090326308607,205405,56,2820,13365,100
2792090331425889,205405,56,2820,13365,100
2792090336544828,205405,56,2820,13365,100
2792090341661771,205405,56,2820,13365,100
2792090346779289,205405,56,2820,13365,100
2792090351896096,205405,56,2820,13365,100
2792090357038700,205405,56,2820,13365,100
2792090362156829,205405,56,2820,13365,100
2792090367273885,205405,56,2820,13365,100
2792090372391662,205405,56,2820,13365,100
2792090377508670,205405,56,2820,13365,100
2792090382626100,205405,56,2820,13365,100
2792090387759795,205405,56,2820,13365,100
2792090392877531,205405,56,2820,13365,100
2792090397994495,205405,56,2820,13365,100
2792090403130512,205405,56,2820,13365,100
2792090408249228,205405,56,2820,13365,100
2792090413366612,205405,56,2820,13365,100
2792090418483685,205405,56,2820,13365,100
2792090423601197,205405,56,2820,13365,100
2792090428718166,205405,56,2820,13365,100
2792090433855062,205405,56,2820,13365,100
2792090438972311,205405,56,2820,13365,100
2792090444089514,205405,56,2820,13365,100
2792090449206787,205405,56,2820,13365,100
2792090454324503,205405,56,2820,13365,100
2792090459442947,205405,56,2820,13365,100
2792090464561656,205405,56,2820,13365,100
2792090469679160,205405,56,2820,13365,100
2792090474796260,205405,56,2820,13365,100
2792090479913473,205405,56,2820,13365,100
2792090485030758,205405,56,2820,13365,100
2792090490147842,205405,56,2820,13365,100
2792090495265110,205405,56,2820,13365,100
2792090500382486,205405,56,2820,13365,100
2792090505500399,205405,56,2820,13365,100
2792090510619043,205405,56,2820,13365,100
2792090515736024,205405,56,2820,13365,100
2792090520852808,205405,56,2820,13365,100
2792090525969953,205405,56,2820,13365,100
2792090531088945,205405,56,2820,13365,100
2792090536206273,205405,56,2820,13365,100
2792090541323421,205405,56,2820,13365,100
2792090546440525,205405,56,2820,13365,100
2792090551557502,205405,56,2820,13365,100
2792090556674910,205405,56,2820,13365,100
2792090561795303,205405,56,2820,13365,100
2792090566912335,205405,56,2820,13365,100
2792090572029827,205405,56,2820,13365,100
2792090577146696,205405,56,2820,13365,100
2792090582263868,205405,56,2820,13365,100
2792090587382449,205405,56,2820,13365,100
2792090592499501,205405,56,2820,13365,100
2792090597619034,205405,56,2820,13365,100
2792090602736713,205452,56,2820,13365,100
2792090607856214,205452,56,2820,13365,100
2792090612974455,205452,56,2820,13365,100
2792090618091723,205452,56,2820,13365,100
2792090623210576,205452,56,2820,13365,100
2792090628328204,205452,56,2820,13365,100
2792090633445316,205452,56,2820,13365,100
2792090638562393,205452,56,2820,13365,100
2792090643679648,205452,56,2820,13365,100
2792090648796494,205452,56,2820,13365,100
2792090653913337,205452,56,2820,13365,100
2792090659032970,205452,56,2820,13365,100
2792090664151734,205452,56,2820,13365,100
2792090669268783,205452,56,2820,13365,100
2792090674386611,205452,56,2820,13365,100
2792090679505748,205452,56,2820,13365,100
2792090684622940,205452,56,2820,13365,100
2792090689754324,205452,56,2820,13365,100
2792090694871719,205452,56,2820,13365,100
2792090699988881,205452,56,2820,13365,100
2792090705127949,205452,56,2820,13365,100
2792090710245365,205452,56,2820,13365,100
2792090715365156,205452,56,2820,13365,100
2792090720482038,205452,56,2820,13365,100
2792090725600125,205452,56,2820,13365,100
2792090730717299,205452,56,2820,13365,100
2792090735837154,205452,56,2820,13365,100
2792090740954507,205452,56,2820,13365,100
2792090746074004,205452,56,2820,13365,100
2792090751191620,205452,56,2820,13365,100
2792090756308577,205452,56,2820,13365,100
2792090761425810,205452,56,2820,13365,100
2792090766544780,205452,56,2820,13365,100
2792090771662230,205452,56,2820,13365,100
2792090776781283,205452,56,2820,13365,100
2792090781898335,205452,56,2820,13365,100
2792090787031923,205452,56,2820,13365,100
2792090792150056,205452,56,2820,13365,100
2792090797273786,205452,56,2820,13365,100
2792090802391064,205452,56,2820,13365,100
2792090807508348,205452,56,2820,13365,100
2792090812625321,205452,56,2820,13365,100
2792090817744718,205452,56,2820,13365,100
2792090822864321,205452,56,2820,13365,100
2792090827981754,205452,56,2820,13365,100
2792090833117150,205452,56,2820,13365,100
2792090838235059,205452,56,2820,13365,100
2792090843351739,205452,56,2820,13365,100
2792090848468584,205452,56,2820,13365,100
2792090853585796,205452,56,2820,13365,100
2792090858702998,205452,56,2820,13365,100
2792090863822648,205452,56,2820,13365,100
2792090868941785,205452,56,2820,13365,100
2792090874065471,205452,56,2820,13365,100
2792090879183125,205452,56,2820,13365,100
2792090884300426,205452,56,2820,13365,100
2792090889417612,205452,56,2820,13365,100
2792090894534643,205452,56,2820,13365,100
2792090899652327,205452,56,2820,13365,100
2792090904769276,205452,56,2820,13365,100
2792090909888387,205452,56,2820,13365,100
2792090915024546,205452,56,2820,13365,100
2792090920145198,205452,56,2820,13365,100
2792090925262664,205452,56,2820,13365,100
2792090930379645,205452,56,2820,13365,100
2792090935497153,205452,56,2820,13365,100
2792090940614042,205452,56,2820,13365,100
2792090945732330,205452,56,2820,13365,100
2792090950849057,205452,56,2820,13365,100
2792090955965421,205452,56,2820,13365,100
2792090961082475,205452,56,2820,13365,100
2792090966199448,205452,56,2820,13365,100
2792090971318228,205452,56,2820,13365,100
2792090976435493,205452,56,2820,13365,100
2792090981553841,205452,56,2820,13365,100
2792090986671667,205452,56,2820,13365,100
2792090991789566,205452,56,2820,13365,100
2792090996911476,205452,56,2820,13365,100
2792091002050074,205452,56,2820,13365,100
2792091007160978,205452,56,2820,13365,100
2792091012278247,205452,56,2820,13365,100
2792091017397663,205452,56,2820,13365,100
2792091022516656,205452,56,2820,13365,100
2792091027633800,205452,56,2820,13365,100
2792091032750896,205452,56,2820,13365,100
2792091037867984,205452,56,2820,13365,100
2792091042985249,205452,56,2820,13365,100
2792091048127299,205452,56,2820,13365,100
2792091053244773,205452,56,2820,13365,100
2792091058362194,205452,56,2820,13365,100
2792091063479262,205452,56,2820,13365,100
2792091068596430,205452,56,2820,13365,100
2792091073714999,205452,56,2820,13365,100
2792091078834260,205452,56,2820,13365,100
2792091083951264,205452,56,2820,13365,100
2792091089085036,205452,56,2820,13365,100
2792091094202284,205452,56,2820,13365,100
2792091099319133,205452,56,2820,13365,100
2792091104436307,205278,56,2820,13365,100
2792091109556890,205278,56,2820,13365,100
2792091114674518,205278,56,2820,13365,100
2792091119791434,205278,56,2820,13365,100
2792091124910847,205278,56,2820,13365,100
2792091130028479,205278,56,2820,13365,100
2792091135145688,205278,56,2820,13365,100
2792091140262687,205278,56,2820,13365,100
2792091145382288,205278,56,2820,13365,100
2792091150500212,205278,56,2820,13365,100
2792091155617353,205278,56,2820,13365,100
2792091160734565,205278,56,2820,13365,100
2792091165851346,205278,56,2820,13365,100
2792091170969106,205278,56,2820,13365,100
2792091176103588,205278,56,2820,13365,100
2792091181221451,205278,56,2820,13365,100
2792091186338731,205278,56,2820,13365,100
2792091191456647,205278,56,2820,13365,100
2792091196573354,205278,56,2820,13365,100
2792091201690724,205278,56,2820,13365,100
2792091206808040,205278,56,2820,13365,100
2792091211927341,205278,56,2820,13365,100
2792091217044705,205278,56,2820,13365,100
2792091222161661,205278,56,2820,13365,100
2792091227280718,205278,56,2820,13365,100
2792091232397998,205278,56,2820,13365,100
2792091237515734,205278,56,2820,13365,100
2792091242635805,205278,56,2820,13365,100
2792091247752959,205278,56,2820,13365,100
2792091252870094,205278,56,2820,13365,100
2792091257988358,205278,56,2820,13365,100
2792091263118263,205278,56,2820,13365,100
2792091268235121,205278,56,2820,13365,100
2792091273351686,205278,56,2820,13365,100
2792091278470476,205278,56,2820,13365,100
2792091283587798,205278,56,2820,13365,100
2792091288705186,205278,56,2820,13365,100
2792091293824831,205278,56,2820,13365,100
2792091298941699,205278,56,2820,13365,100
2792091304058676,205278,56,2820,13365,100
2792091309175975,205278,56,2820,13365,100
2792091314292828,205278,56,2820,13365,100
2792091319409909,205278,56,2820,13365,100
2792091324527669,205278,56,2820,13365,100
2792091329647787,205278,56,2820,13365,100
2792091334765970,205278,56,2820,13365,100
2792091339882758,205278,56,2820,13365,100
2792091344999131,205278,56,2820,13365,100
2792091350134095,205278,56,2820,13365,100
2792091355248483,205278,56,2820,13365,100
2792091360362627,205278,56,2820,13365,100
2792091365476870,205278,56,2820,13365,100
2792091370594409,205278,56,2820,13365,100
2792091375708012,205278,56,2820,13365,100
2792091380824711,205278,56,2820,13365,100
2792091385937769,205278,56,2820,13365,100
2792091391050638,205278,56,2820,13365,100
2792091396163410,205278,56,2820,13365,100
2792091401277303,205278,56,2820,13365,100
2792091406403671,205278,56,2820,13365,100
2792091411516208,205278,56,2820,13365,100
2792091416629447,205278,56,2820,13365,100
2792091421741784,205278,56,2820,13365,100
2792091426854281,205278,56,2820,13365,100
2792091431968527,205278,56,2820,13365,100
2792091437094266,205278,56,2820,13365,100
2792091442207334,205278,56,2820,13365,100
2792091447320394,205278,56,2820,13365,100
2792091452433671,205278,56,2820,13365,100
2792091457547195,205278,56,2820,13365,100
2792091462660659,205278,56,2820,13365,100
2792091467776451,205278,56,2820,13365,100
2792091472890960,205278,56,2820,13365,100
2792091478023281,205278,56,2820,13365,100
2792091483140091,205278,56,2820,13365,100
2792091488254405,205278,56,2820,13365,100
2792091493368741,205278,56,2820,13365,100
2792091498483438,205278,56,2820,13365,100
2792091503597550,205278,56,2820,13365,100
2792091508712235,205278,56,2820,13365,100
2792091513829270,205278,56,2820,13365,100
2792091518944541,205278,56,2820,13365,100
2792091524060192,205278,56,2820,13365,100
2792091529176150,205278,56,2820,13365,100
2792091534294160,205278,56,2820,13365,100
2792091539410793,205278,56,2820,13365,100
2792091544528722,205278,56,2820,13365,100
2792091549646061,205278,56,2820,13365,100
2792091554762290,205278,56,2820,13365,100
2792091559878557,205278,56,2820,13365,100
2792091564994547,205278,56,2820,13365,100
2792091570144515,205278,56,2820,13365,100
2792091575262587,205278,56,2820,13365,100
2792091580379414,205278,56,2820,13365,100
2792091585498632,205278,56,2820,13365,100
2792091590615824,205278,56,2820,13365,100
2792091595733396,205278,56,2820,13365,100
2792091600852889,205278,56,2820,13365,100
2792091605970354,205351,56,2820,13365,100
2792091611088822,205351,56,2820,13365,100
2792091616205854,205351,56,2820,13365,100
2792091621322683,205351,56,2820,13365,100
2792091626441006,205351,56,2820,13365,100
2792091631559987,205351,56,2820,13365,100
2792091636679391,205351,56,2820,13365,100
2792091641796764,205351,56,2820,13365,100
2792091646914076,205351,56,2820,13365,100
2792091652031824,205351,56,2820,13365,100
2792091657149173,205351,56,2820,13365,100
2792091662268249,205351,56,2820,13365,100
2792091667387738,205351,56,2820,13365,100
2792091672506232,205351,56,2820,13365,100
2792091677625444,205351,56,2820,13365,100
2792091682744843,205351,56,2820,13365,100
2792091687867867,205351,56,2820,13365,100
2792091692987696,205351,56,2820,13365,100
2792091698127200,205351,56,2820,13365,100
2792091703244666,205351,56,2820,13365,100
2792091708363888,205351,56,2820,13365,100
2792091713483793,205351,56,2820,13365,100
2792091718602453,205351,56,2820,13365,100
2792091723721883,205351,56,2820,13365,100
2792091728840182,205351,56,2820,13365,100
2792091733958027,205351,56,2820,13365,100
2792091739077442,205351,56,2820,13365,100
2792091744213267,205351,56,2820,13365,100
2792091749330947,205351,56,2820,13365,100
2792091754450284,205351,56,2820,13365,100
2792091759568308,205351,56,2820,13365,100
2792091764686069,205351,56,2820,13365,100
2792091769803355,205351,56,2820,13365,100
2792091774920709,205351,56,2820,13365,100
2792091780037833,205351,56,2820,13365,100
2792091785154854,205351,56,2820,13365,100
2792091790276073,205351,56,2820,13365,100
2792091795393159,205351,56,2820,13365,100
2792091800510111,205351,56,2820,13365,100
2792091805627415,205351,56,2820,13365,100
2792091810745700,205351,56,2820,13365,100
2792091815863544,205351,56,2820,13365,100
2792091820983381,205351,56,2820,13365,100
2792091826126289,205351,56,2820,13365,100
2792091831244142,205351,56,2820,13365,100
2792091836361561,205351,56,2820,13365,100
2792091841480436,205351,56,2820,13365,100
2792091846597659,205351,56,2820,13365,100
2792091851715192,205351,56,2820,13365,100
2792091856834647,205351,56,2820,13365,100
2792091861951972,205351,56,2820,13365,100
2792091867069432,205351,56,2820,13365,100
2792091872186337,205351,56,2820,13365,100
2792091877303587,205351,56,2820,13365,100
2792091882420511,205351,56,2820,13365,100
2792091887539385,205351,56,2820,13365,100
2792091892658669,205351,56,2820,13365,100
2792091897775837,205351,56,2820,13365,100
2792091902892938,205351,56,2820,13365,100
2792091908032022,205351,56,2820,13365,100
2792091913150351,205351,56,2820,13365,100
2792091918267689,205351,56,2820,13365,100
2792091923384848,205351,56,2820,13365,100
2792091928502058,205351,56,2820,13365,100
2792091933619137,205351,56,2820,13365,100
2792091938736699,205351,56,2820,13365,100
2792091943857783,205351,56,2820,13365,100
2792091948975148,205351,56,2820,13365,100
2792091954092370,205351,56,2820,13365,100
2792091959209542,205351,56,2820,13365,100
2792091964326707,205351,56,2820,13365,100
2792091969443865,205351,56,2820,13365,100
2792091974562564,205351,56,2820,13365,100
2792091979679640,205351,56,2820,13365,100
2792091984797333,205351,56,2820,13365,100
2792091989915028,205351,56,2820,13365,100
2792091995034531,205351,56,2820,13365,100
2792092000152073,205351,56,2820,13365,100
2792092005269222,205351,56,2820,13365,100
2792092010388530,205351,56,2820,13365,100
2792092015505570,205351,56,2820,13365,100
2792092020623022,205351,56,2820,13365,100
2792092025740415,205351,56,2820,13365,100
2792092030858067,205351,56,2820,13365,100
2792092035975128,205351,56,2820,13365,100
2792092041094732,205351,56,2820,13365,100
2792092046213633,205351,56,2820,13365,100
2792092051330737,205351,56,2820,13365,100
2792092056447685,205351,56,2820,13365,100
2792092061565318,205351,56,2820,13365,100
2792092066682206,205351,56,2820,13365,100
2792092071799927,205351,56,2820,13365,100
2792092076919326,205351,56,2820,13365,100
2792092082036879,205351,56,2820,13365,100
2792092087154335,205351,56,2820,13365,100
2792092092286836,205351,56,2820,13365,100
2792092097405588,205351,56,2820,13365,100
2792092102522928,205412,56,2820,13365,100
2792092107643893,205412,56,2820,13365,100
2792092112761733,205412,56,2820,13365,100
2792092117878792,205412,56,2820,13365,100
2792092122997570,205412,56,2820,13365,100
2792092128132086,205412,56,2820,13365,100
2792092133249990,205412,56,2820,13365,100
2792092138367369,205412,56,2820,13365,100
2792092143484187,205412,56,2820,13365,100
2792092148602784,205412,56,2820,13365,100
2792092153720162,205412,56,2820,13365,100
2792092158839209,205412,56,2820,13365,100
2792092163956259,205412,56,2820,13365,100
2792092169073525,205412,56,2820,13365,100
2792092174190406,205412,56,2820,13365,100
2792092179307622,205412,56,2820,13365,100
2792092184425378,205412,56,2820,13365,100
2792092189544371,205412,56,2820,13365,100
2792092194661951,205412,56,2820,13365,100
2792092199780467,205412,56,2820,13365,100
2792092204897444,205412,56,2820,13365,100
2792092210036128,205412,56,2820,13365,100
2792092215153824,205412,56,2820,13365,100
2792092220270932,205412,56,2820,13365,100
2792092225387949,205412,56,2820,13365,100
2792092230505146,205412,56,2820,13365,100
2792092235622006,205412,56,2820,13365,100
2792092240738950,205412,56,2820,13365,100
2792092245856107,205412,56,2820,13365,100
2792092250974643,205412,56,2820,13365,100
2792092256092084,205412,56,2820,13365,100
2792092261209408,205412,56,2820,13365,100
2792092266326338,205412,56,2820,13365,100
2792092271443017,205412,56,2820,13365,100
2792092276561617,205412,56,2820,13365,100
2792092281678681,205412,56,2820,13365,100
2792092286795563,205412,56,2820,13365,100
2792092291912475,205412,56,2820,13365,100
2792092297030650,205412,56,2820,13365,100
2792092302149109,205412,56,2820,13365,100
2792092307266448,205412,56,2820,13365,100
2792092312383287,205412,56,2820,13365,100
2792092317500302,205412,56,2820,13365,100
2792092322617601,205412,56,2820,13365,100
2792092327734891,205412,56,2820,13365,100
2792092332852089,205412,56,2820,13365,100
2792092337969454,205412,56,2820,13365,100
2792092343088781,205412,56,2820,13365,100
2792092348205788,205412,56,2820,13365,100
2792092353324506,205412,56,2820,13365,100
2792092358441607,205412,56,2820,13365,100
2792092363558667,205412,56,2820,13365,100
2792092368675788,205412,56,2820,13365,100
2792092373794263,205412,56,2820,13365,100
2792092378912133,205412,56,2820,13365,100
2792092384029161,205412,56,2820,13365,100
2792092389146483,205412,56,2820,13365,100
2792092394263866,205412,56,2820,13365,100
2792092399398998,205412,56,2820,13365,100
2792092404517230,205412,56,2820,13365,100
2792092409636714,205412,56,2820,13365,100
2792092414754647,205412,56,2820,13365,100
2792092419872239,205412,56,2820,13365,100
2792092424989236,205412,56,2820,13365,100
2792092430129491,205412,56,2820,13365,100
2792092435246788,205412,56,2820,13365,100
2792092440363796,205412,56,2820,13365,100
2792092445481441,205412,56,2820,13365,100
2792092450612875,205412,56,2820,13365,100
2792092455731678,205412,56,2820,13365,100
2792092460848652,205412,56,2820,13365,100
2792092465965727,205412,56,2820,13365,100
2792092471083067,205412,56,2820,13365,100
2792092476200587,205412,56,2820,13365,100
2792092481317915,205412,56,2820,13365,100
2792092486435406,205412,56,2820,13365,100
2792092491554496,205412,56,2820,13365,100
2792092496672057,205412,56,2820,13365,100
2792092501789032,205412,56,2820,13365,100
2792092506908298,205412,56,2820,13365,100
2792092512025657,205412,56,2820,13365,100
2792092517142946,205412,56,2820,13365,100
2792092522260106,205412,56,2820,13365,100
2792092527377563,205412,56,2820,13365,100
2792092532494507,205412,56,2820,13365,100
2792092537611759,205412,56,2820,13365,100
2792092542729160,205412,56,2820,13365,100
2792092547846978,205412,56,2820,13365,100
2792092552964261,205412,56,2820,13365,100
2792092558095381,205412,56,2820,13365,100
2792092563212541,205412,56,2820,13365,100
2792092568329789,205412,56,2820,13365,100
2792092573446865,205412,56,2820,13365,100
2792092578564190,205412,56,2820,13365,100
2792092583681567,205412,56,2820,13365,100
2792092588810059,205412,56,2820,13365,100
2792092593927099,205412,56,2820,13365,100
2792092599044002,205412,56,2820,13365,100
2792092604161406,205510,56,2820,13365,100
2792092609282409,205510,56,2820,13365,100
2792092614399289,205510,56,2820,13365,100
2792092619516485,205510,56,2820,13365,100
2792092624633982,205510,56,2820,13365,100
2792092629750848,205510,56,2820,13365,100
2792092634867151,205510,56,2820,13365,100
2792092639983863,205510,56,2820,13365,100
2792092645168510,205510,56,2820,13365,100
2792092650285885,205510,56,2820,13365,100
2792092655403191,205510,56,2820,13365,100
2792092660522114,205510,56,2820,13365,100
2792092665639998,205510,56,2820,13365,100
2792092670758163,205510,56,2820,13365,100
2792092675877601,205510,56,2820,13365,100
2792092680994553,205510,56,2820,13365,100
2792092686130230,205510,56,2820,13365,100
2792092691247530,205510,56,2820,13365,100
2792092696365614,205510,56,2820,13365,100
2792092701485178,205510,56,2820,13365,100
2792092706603073,205510,56,2820,13365,100
2792092711723637,205510,56,2820,13365,100
2792092716842090,205510,56,2820,13365,100
2792092721960414,205510,56,2820,13365,100
2792092727079576,205510,56,2820,13365,100
2792092732233780,205510,56,2820,13365,100
2792092737327569,205510,56,2820,13365,100
2792092742419679,205510,56,2820,13365,100
2792092747501266,205510,56,2820,13365,100
2792092752596115,205510,56,2820,13365,100
2792092757697123,205510,56,2820,13365,100
2792092762799315,205510,56,2820,13365,100
2792092767901796,205510,56,2820,13365,100
2792092773012560,205510,56,2820,13365,100
2792092778118303,205510,56,2820,13365,100
2792092783220509,205510,56,2820,13365,100
2792092788336454,205510,56,2820,13365,100
2792092793452123,205510,56,2820,13365,100
2792092798567353,205510,56,2820,13365,100
2792092803682871,205510,56,2820,13365,100
2792092808798004,205510,56,2820,13365,100
2792092813916854,205510,56,2820,13365,100
2792092819035490,205510,56,2820,13365,100
2792092824152348,205510,56,2820,13365,100
2792092829269537,205510,56,2820,13365,100
2792092834386544,205510,56,2820,13365,100
2792092839503670,205510,56,2820,13365,100
2792092844621072,205510,56,2820,13365,100
2792092849740451,205510,56,2820,13365,100
2792092854860649,205510,56,2820,13365,100
2792092859976475,205510,56,2820,13365,100
2792092865094819,205510,56,2820,13365,100
2792092870211844,205510,56,2820,13365,100
2792092875329253,205510,56,2820,13365,100
2792092880446152,205510,56,2820,13365,100
2792092885564701,205510,56,2820,13365,100
2792092890681910,205510,56,2820,13365,100
2792092895798969,205510,56,2820,13365,100
2792092900916015,205510,56,2820,13365,100
2792092906033292,205510,56,2820,13365,100
2792092911150657,205510,56,2820,13365,100
2792092916271748,205510,56,2820,13365,100
2792092921388871,205510,56,2820,13365,100
2792092926506572,205510,56,2820,13365,100
2792092931624405,205510,56,2820,13365,100
2792092936742300,205510,56,2820,13365,100
2792092941859953,205510,56,2820,13365,100
2792092946977209,205510,56,2820,13365,100
2792092952095190,205510,56,2820,13365,100
2792092957212283,205510,56,2820,13365,100
2792092962329695,205510,56,2820,13365,100
2792092967448663,205510,56,2820,13365,100
2792092972566042,205510,56,2820,13365,100
2792092977684179,205510,56,2820,13365,100
2792092982803558,205510,56,2820,13365,100
2792092987920944,205510,56,2820,13365,100
2792092993054001,205510,56,2820,13365,100
2792092998171565,205510,56,2820,13365,100
2792093003289397,205510,56,2820,13365,100
2792093008409202,205510,56,2820,13365,100
2792093013527818,205510,56,2820,13365,100
2792093018648083,205510,56,2820,13365,100
2792093023767907,205510,56,2820,13365,100
2792093028884515,205510,56,2820,13365,100
2792093034021428,205510,56,2820,13365,100
2792093039139211,205510,56,2820,13365,100
2792093044256477,205510,56,2820,13365,100
2792093049373781,205510,56,2820,13365,100
2792093054510913,205510,56,2820,13365,100
2792093059628294,205510,56,2820,13365,100
2792093064745560,205510,56,2820,13365,100
2792093069866186,205510,56,2820,13365,100
2792093074983282,205510,56,2820,13365,100
2792093080120586,205510,56,2820,13365,100
2792093085237815,205510,56,2820,13365,100
2792093090355161,205510,56,2820,13365,100
2792093095472688,205510,56,2820,13365,100
2792093100590236,205510,56,2820,13365,100
2792093105707604,205521,56,2820,13365,100
2792093110827957,205521,56,2820,13365,100
2792093115945441,205521,56,2820,13365,100
2792093121064368,205521,56,2820,13365,100
2792093126181332,205521,56,2820,13365,100
2792093131298302,205521,56,2820,13365,100
2792093136416134,205521,56,2820,13365,100
2792093141534875,205521,56,2820,13365,100
2792093146652015,205521,56,2820,13365,100
2792093151769222,205521,56,2820,13365,100
2792093156886340,205521,56,2820,13365,100
2792093162024456,205521,56,2820,13365,100
2792093167142216,205521,56,2820,13365,100
2792093172260641,205521,56,2820,13365,100
2792093177377805,205521,56,2820,13365,100
2792093182494870,205521,56,2820,13365,100
2792093187611910,205521,56,2820,13365,100
2792093192730776,205521,56,2820,13365,100
2792093197848253,205521,56,2820,13365,100
2792093202966039,205521,56,2820,13365,100
2792093208083264,205521,56,2820,13365,100
2792093213200572,205521,56,2820,13365,100
2792093218317724,205521,56,2820,13365,100
2792093223436108,205521,56,2820,13365,100
2792093228555877,205521,56,2820,13365,100
2792093233673082,205521,56,2820,13365,100
2792093238801350,205521,56,2820,13365,100
2792093243918378,205521,56,2820,13365,100
2792093249036006,205521,56,2820,13365,100
2792093254155759,205521,56,2820,13365,100
2792093259272771,205521,56,2820,13365,100
2792093264390144,205521,56,2820,13365,100
2792093269507448,205521,56,2820,13365,100
2792093274626197,205521,56,2820,13365,100
2792093279743741,205521,56,2820,13365,100
2792093284861149,205521,56,2820,13365,100
2792093289978617,205521,56,2820,13365,100
2792093295095989,205521,56,2820,13365,100
2792093300213275,205521,56,2820,13365,100
2792093305330625,205521,56,2820,13365,100
2792093310448299,205521,56,2820,13365,100
2792093315565599,205521,56,2820,13365,100
2792093320683716,205521,56,2820,13365,100
2792093325804917,205521,56,2820,13365,100
2792093330922692,205521,56,2820,13365,100
2792093336039849,205521,56,2820,13365,100
2792093341157353,205521,56,2820,13365,100
2792093346275446,205521,56,2820,13365,100
2792093351392374,205521,56,2820,13365,100
2792093356510949,205521,56,2820,13365,100
2792093361628562,205521,56,2820,13365,100
2792093366745912,205521,56,2820,13365,100
2792093371864691,205521,56,2820,13365,100
2792093376986479,205521,56,2820,13365,100
2792093382124088,205521,56,2820,13365,100
2792093387241153,205521,56,2820,13365,100
2792093392358961,205521,56,2820,13365,100
2792093397476801,205521,56,2820,13365,100
2792093402594126,205521,56,2820,13365,100
2792093407711874,205521,56,2820,13365,100
2792093412830546,205521,56,2820,13365,100
2792093417948170,205521,56,2820,13365,100
2792093423065719,205521,56,2820,13365,100
2792093428184495,205521,56,2820,13365,100
2792093433301908,205521,56,2820,13365,100
2792093438419226,205521,56,2820,13365,100
2792093443538005,205521,56,2820,13365,100
2792093448655597,205521,56,2820,13365,100
2792093453772091,205521,56,2820,13365,100
2792093458889834,205521,56,2820,13365,100
2792093464028950,205521,56,2820,13365,100
2792093469147206,205521,56,2820,13365,100
2792093474264551,205521,56,2820,13365,100
2792093479384099,205521,56,2820,13365,100
2792093484501167,205521,56,2820,13365,100
2792093489618669,205521,56,2820,13365,100
2792093494735704,205521,56,2820,13365,100
2792093499854744,205521,56,2820,13365,100
2792093504971835,205521,56,2820,13365,100
2792093510088669,205521,56,2820,13365,100
2792093515206037,205521,56,2820,13365,100
2792093520323226,205521,56,2820,13365,100
2792093525440312,205521,56,2820,13365,100
2792093530560686,205521,56,2820,13365,100
2792093535678029,205521,56,2820,13365,100
2792093540795871,205521,56,2820,13365,100
2792093545912788,205521,56,2820,13365,100
2792093551030494,205521,56,2820,13365,100
2792093556147673,205521,56,2820,13365,100
2792093561267401,205521,56,2820,13365,100
2792093566384721,205521,56,2820,13365,100
2792093571502610,205521,56,2820,13365,100
2792093576619910,205521,56,2820,13365,100
2792093581738975,205521,56,2820,13365,100
2792093586856079,205521,56,2820,13365,100
2792093591974635,205521,56,2820,13365,100
2792093597094196,205521,56,2820,13365,100
2792093602211348,205445,56,2820,13365,100
2792093607330810,205445,56,2820,13365,100
2792093612447821,205445,56,2820,13365,100
2792093617564993,205445,56,2820,13365,100
2792093622681783,205445,56,2820,13365,100
2792093627801654,205445,56,2820,13365,100
2792093632920414,205445,56,2820,13365,100
2792093638037387,205445,56,2820,13365,100
2792093643154955,205445,56,2820,13365,100
2792093648272147,205445,56,2820,13365,100
2792093653389382,205445,56,2820,13365,100
2792093658506632,205445,56,2820,13365,100
2792093663635512,205445,56,2820,13365,100
2792093668753353,205445,56,2820,13365,100
2792093673870725,205445,56,2820,13365,100
2792093678987938,205445,56,2820,13365,100
2792093684130153,205445,56,2820,13365,100
2792093689247558,205445,56,2820,13365,100
2792093694364902,205445,56,2820,13365,100
2792093699482167,205445,56,2820,13365,100
2792093704599285,205445,56,2820,13365,100
2792093709733639,205445,56,2820,13365,100
2792093714853312,205445,56,2820,13365,100
2792093719970618,205445,56,2820,13365,100
2792093725087768,205445,56,2820,13365,100
2792093730205474,205445,56,2820,13365,100
2792093735326565,205445,56,2820,13365,100
2792093740443854,205445,56,2820,13365,100
2792093745560800,205445,56,2820,13365,100
2792093750678954,205445,56,2820,13365,100
2792093755795902,205445,56,2820,13365,100
2792093760913253,205445,56,2820,13365,100
2792093766030487,205445,56,2820,13365,100
2792093771147416,205445,56,2820,13365,100
2792093776264506,205445,56,2820,13365,100
2792093781373398,205445,56,2820,13365,100
2792093786492035,205445,56,2820,13365,100
2792093791609813,205445,56,2820,13365,100
2792093796727438,205445,56,2820,13365,100
2792093801847021,205445,56,2820,13365,100
2792093806963940,205445,56,2820,13365,100
2792093812080831,205445,56,2820,13365,100
2792093817198251,205445,56,2820,13365,100
2792093822315695,205445,56,2820,13365,100
2792093827433380,205445,56,2820,13365,100
2792093832552202,205445,56,2820,13365,100
2792093837670804,205445,56,2820,13365,100
2792093842788105,205445,56,2820,13365,100
2792093847905253,205445,56,2820,13365,100
2792093853022801,205445,56,2820,13365,100
2792093858139726,205445,56,2820,13365,100
2792093863257115,205445,56,2820,13365,100
2792093868376139,205445,56,2820,13365,100
2792093873493691,205445,56,2820,13365,100
2792093878610799,205445,56,2820,13365,100
2792093883728396,205445,56,2820,13365,100
2792093888846542,205445,56,2820,13365,100
2792093893964174,205445,56,2820,13365,100
2792093899083121,205445,56,2820,13365,100
2792093904200896,205445,56,2820,13365,100
2792093909317780,205445,56,2820,13365,100
2792093914434904,205445,56,2820,13365,100
2792093919551962,205445,56,2820,13365,100
2792093924668733,205445,56,2820,13365,100
2792093929785747,205445,56,2820,13365,100
2792093934905111,205445,56,2820,13365,100
2792093940023833,205445,56,2820,13365,100
2792093945140791,205445,56,2820,13365,100
2792093950257884,205445,56,2820,13365,100
2792093955375733,205445,56,2820,13365,100
2792093960500222,205445,56,2820,13365,100
2792093965619182,205445,56,2820,13365,100
2792093970736442,205445,56,2820,13365,100
2792093975853290,205445,56,2820,13365,100
2792093980970219,205445,56,2820,13365,100
2792093986087064,205445,56,2820,13365,100
2792093991205450,205445,56,2820,13365,100
2792093996324500,205445,56,2820,13365,100
2792094001441473,205445,56,2820,13365,100
2792094006558512,205445,56,2820,13365,100
2792094011675521,205445,56,2820,13365,100
2792094016792732,205445,56,2820,13365,100
2792094021909906,205445,56,2820,13365,100
2792094027027395,205445,56,2820,13365,100
2792094032145094,205445,56,2820,13365,100
2792094037262199,205445,56,2820,13365,100
2792094042380734,205445,56,2820,13365,100
2792094047497920,205445,56,2820,13365,100
2792094052614892,205445,56,2820,13365,100
2792094057731856,205445,56,2820,13365,100
2792094062851137,205445,56,2820,13365,100
2792094067968149,205445,56,2820,13365,100
2792094073085154,205445,56,2820,13365,100
2792094078202050,205445,56,2820,13365,100
2792094083318870,205445,56,2820,13365,100
2792094088435602,205445,56,2820,13365,100
2792094093555371,205445,56,2820,13365,100
2792094098672675,205445,56,2820,13365,100
2792094103789868,205504,56,2820,13365,100
2792094108908744,205504,56,2820,13365,100
2792094114025793,205504,56,2820,13365,100
2792094119118145,205504,56,2820,13365,100
2792094124221491,205504,56,2820,13365,100
2792094129324976,205504,56,2820,13365,100
2792094134428407,205504,56,2820,13365,100
2792094139529431,205504,56,2820,13365,100
2792094144633876,205504,56,2820,13365,100
2792094149738180,205504,56,2820,13365,100
2792094154843025,205504,56,2820,13365,100
2792094159945328,205504,56,2820,13365,100
2792094165062761,205504,56,2820,13365,100
2792094170180049,205504,56,2820,13365,100
2792094175297694,205504,56,2820,13365,100
2792094180415534,205504,56,2820,13365,100
2792094185533070,205504,56,2820,13365,100
2792094190650556,205504,56,2820,13365,100
2792094195770279,205504,56,2820,13365,100
2792094200864064,205504,56,2820,13365,100
2792094205966609,205504,56,2820,13365,100
2792094211048573,205504,56,2820,13365,100
2792094216152273,205504,56,2820,13365,100
2792094221254823,205504,56,2820,13365,100
2792094226358518,205504,56,2820,13365,100
2792094231462847,205504,56,2820,13365,100
2792094236582496,205504,56,2820,13365,100
2792094241699568,205504,56,2820,13365,100
2792094246817636,205504,56,2820,13365,100
2792094251934760,205504,56,2820,13365,100
2792094257052009,205504,56,2820,13365,100
2792094262169393,205504,56,2820,13365,100
2792094267288682,205504,56,2820,13365,100
2792094272405845,205504,56,2820,13365,100
2792094277523626,205504,56,2820,13365,100
2792094282641068,205504,56,2820,13365,100
2792094287757815,205504,56,2820,13365,100
2792094292874815,205504,56,2820,13365,100
2792094297992747,205504,56,2820,13365,100
2792094303134780,205504,56,2820,13365,100
2792094308251732,205504,56,2820,13365,100
2792094313368581,205504,56,2820,13365,100
2792094318486357,205504,56,2820,13365,100
2792094323603630,205504,56,2820,13365,100
2792094328721030,205504,56,2820,13365,100
2792094333840158,205504,56,2820,13365,100
2792094338957295,205504,56,2820,13365,100
2792094344074363,205504,56,2820,13365,100
2792094349192687,205504,56,2820,13365,100
2792094354309651,205504,56,2820,13365,100
2792094359426772,205504,56,2820,13365,100
2792094364562084,205504,56,2820,13365,100
2792094369678989,205504,56,2820,13365,100
2792094374796173,205504,56,2820,13365,100
2792094379912998,205504,56,2820,13365,100
2792094385030017,205504,56,2820,13365,100
2792094390146894,205504,56,2820,13365,100
2792094395264430,205504,56,2820,13365,100
2792094400383111,205504,56,2820,13365,100
2792094405500480,205504,56,2820,13365,100
2792094410617199,205504,56,2820,13365,100
2792094415736529,205504,56,2820,13365,100
2792094420853339,205504,56,2820,13365,100
2792094425970589,205504,56,2820,13365,100
2792094431089665,205504,56,2820,13365,100
2792094436206721,205504,56,2820,13365,100
2792094441323774,205504,56,2820,13365,100
2792094446441070,205504,56,2820,13365,100
2792094451559812,205504,56,2820,13365,100
2792094456676879,205504,56,2820,13365,100
2792094461796631,205504,56,2820,13365,100
2792094466914284,205504,56,2820,13365,100
2792094472046092,205504,56,2820,13365,100
2792094477163752,205504,56,2820,13365,100
2792094482280729,205504,56,2820,13365,100
2792094487397573,205504,56,2820,13365,100
2792094492514418,205504,56,2820,13365,100
2792094497631690,205504,56,2820,13365,100
2792094502750009,205504,56,2820,13365,100
2792094507867135,205504,56,2820,13365,100
2792094512984175,205504,56,2820,13365,100
2792094518125967,205504,56,2820,13365,100
2792094523242866,205504,56,2820,13365,100
2792094528359764,205504,56,2820,13365,100
2792094533476720,205504,56,2820,13365,100
2792094538593641,205504,56,2820,13365,100
2792094543710745,205504,56,2820,13365,100
2792094548830181,205504,56,2820,13365,100
2792094553948612,205504,56,2820,13365,100
2792094559065556,205504,56,2820,13365,100
2792094564182127,205504,56,2820,13365,100
2792094569298883,205504,56,2820,13365,100
2792094574415928,205504,56,2820,13365,100
2792094579536432,205504,56,2820,13365,100
2792094584653788,205504,56,2820,13365,100
2792094589771052,205504,56,2820,13365,100
2792094594888809,205504,56,2820,13365,100
2792094600064321,205504,56,2820,13365,100
2792094605183961,205411,56,2820,13365,100
2792094610302754,205411,56,2820,13365,100
2792094615420112,205411,56,2820,13365,100
2792094620558158,205411,56,2820,13365,100
2792094625677035,205411,56,2820,13365,100
2792094630795685,205411,56,2820,13365,100
2792094635913679,205411,56,2820,13365,100
2792094641029744,205411,56,2820,13365,100
2792094646146764,205411,56,2820,13365,100
2792094651242873,205411,56,2820,13365,100
2792094656361281,205411,56,2820,13365,100
2792094661478242,205411,56,2820,13365,100
2792094666595717,205411,56,2820,13365,100
2792094671712825,205411,56,2820,13365,100
2792094676829646,205411,56,2820,13365,100
2792094681946639,205411,56,2820,13365,100
2792094687063751,205411,56,2820,13365,100
2792094692180817,205411,56,2820,13365,100
2792094697300404,205411,56,2820,13365,100
2792094702417304,205411,56,2820,13365,100
2792094707535963,205411,56,2820,13365,100
2792094712653227,205411,56,2820,13365,100
2792094717769805,205411,56,2820,13365,100
2792094722887496,205411,56,2820,13365,100
2792094728028186,205411,56,2820,13365,100
2792094733146923,205411,56,2820,13365,100
2792094738264171,205411,56,2820,13365,100
2792094743381315,205411,56,2820,13365,100
2792094748498298,205411,56,2820,13365,100
2792094753615390,205411,56,2820,13365,100
2792094758733756,205411,56,2820,13365,100
2792094763853396,205411,56,2820,13365,100
2792094768970408,205411,56,2820,13365,100
2792094774088821,205411,56,2820,13365,100
2792094779205813,205411,56,2820,13365,100
2792094784323096,205411,56,2820,13365,100
2792094789440220,205411,56,2820,13365,100
2792094794560017,205411,56,2820,13365,100
2792094799677155,205411,56,2820,13365,100
2792094804794651,205411,56,2820,13365,100
2792094809913136,205411,56,2820,13365,100
2792094815030434,205411,56,2820,13365,100
2792094820147464,205411,56,2820,13365,100
2792094825264365,205411,56,2820,13365,100
2792094830383526,205411,56,2820,13365,100
2792094835500810,205411,56,2820,13365,100
2792094840618351,205411,56,2820,13365,100
2792094845735188,205411,56,2820,13365,100
2792094850852485,205411,56,2820,13365,100
2792094855969771,205411,56,2820,13365,100
2792094861090399,205411,56,2820,13365,100
2792094866207926,205411,56,2820,13365,100
2792094871293112,205411,56,2820,13365,100
2792094876376979,205411,56,2820,13365,100
2792094881471237,205411,56,2820,13365,100
2792094886576414,205411,56,2820,13365,100
2792094891680390,205411,56,2820,13365,100
2792094896782071,205411,56,2820,13365,100
2792094901888243,205411,56,2820,13365,100
2792094907029472,205411,56,2820,13365,100
2792094912155828,205411,56,2820,13365,100
2792094917276272,205411,56,2820,13365,100
2792094922396425,205411,56,2820,13365,100
2792094927518437,205411,56,2820,13365,100
2792094932639929,205411,56,2820,13365,100
2792094937763900,205411,56,2820,13365,100
2792094942887022,205411,56,2820,13365,100
2792094948028183,205411,56,2820,13365,100
2792094953153451,205411,56,2820,13365,100
2792094958278790,205411,56,2820,13365,100
2792094963405003,205411,56,2820,13365,100
2792094968530744,205411,56,2820,13365,100
2792094973658040,205411,56,2820,13365,100
2792094978784234,205411,56,2820,13365,100
2792094983910917,205411,56,2820,13365,100
2792094989039332,205411,56,2820,13365,100
2792094994168489,205411,56,2820,13365,100
2792094999297101,205411,56,2820,13365,100
2792095004418934,205411,56,2820,13365,100
2792095009523436,205411,56,2820,13365,100
2792095014630625,205411,56,2820,13365,100
2792095019765223,205411,56,2820,13365,100
2792095024875939,205411,56,2820,13365,100
2792095029986011,205411,56,2820,13365,100
2792095035137860,205411,56,2820,13365,100
2792095040264240,205411,56,2820,13365,100
2792095045390909,205411,56,2820,13365,100
2792095050518995,205411,56,2820,13365,100
2792095055647553,205411,56,2820,13365,100
2792095060773013,205411,56,2820,13365,100
2792095065897928,205411,56,2820,13365,100
2792095071023586,205411,56,2820,13365,100
2792095076147362,205411,56,2820,13365,100
2792095081286894,205411,56,2820,13365,100
2792095086407955,205411,56,2820,13365,100
2792095091628289,205411,56,2820,13365,100
2792095096749051,205411,56,2820,13365,100
2792095101870176,187579,54,2820,13365,0
2792095106994522,187579,54,2820,13365,0
2792095112130679,187579,54,2820,13365,0
2792095117251660,187579,54,2820,13365,0
2792095122371284,187579,54,2820,13365,0
2792095127491261,187579,54,2820,13365,0
2792095132612038,187579,54,2820,13365,0
2792095137732257,187579,54,2820,13365,0
2792095142852066,187579,54,2820,13365,0
2792095147970746,187579,54,2820,13365,0
2792095153089381,187579,54,2820,13365,0
2792095158268959,187579,54,2820,13365,0
2792095163386619,187579,54,2820,13365,0
2792095168504221,187579,54,2820,13365,0
