monotonic_ns,board_power_mw,temperature_c,graphics_clock_mhz,memory_clock_mhz,utilization_percent
2787014559880043,600013,87,2677,13365,100
2787014566333636,600013,87,2677,13365,100
2787014571447543,600013,87,2677,13365,100
2787014576569319,600013,87,2677,13365,100
2787014581662212,600013,87,2677,13365,100
2787014586780600,600013,87,2677,13365,100
2787014591899512,600013,87,2677,13365,100
2787014597033845,600013,87,2677,13365,100
2787014602154989,600013,87,2677,13365,100
2787014607277001,600013,87,2677,13365,100
2787014612401609,600013,87,2677,13365,100
2787014617528857,600013,87,2677,13365,100
2787014622649543,600013,87,2677,13365,100
2787014627771866,600013,87,2677,13365,100
2787014632897331,600013,87,2677,13365,100
2787014638030343,600013,87,2677,13365,100
2787014643158027,600013,87,2677,13365,100
2787014648282199,600013,87,2677,13365,100
2787014653414048,600013,87,2677,13365,100
2787014658541393,600013,87,2677,13365,100
2787014663670177,595264,87,2677,13365,82
2787014668801536,595264,87,2677,13365,82
2787014673931341,595264,87,2677,13365,82
2787014679057470,595264,87,2677,13365,82
2787014684180426,595264,87,2677,13365,82
2787014689306682,595264,87,2677,13365,82
2787014694433848,595264,87,2677,13365,82
2787014699563651,595264,87,2677,13365,82
2787014704690207,595264,87,2677,13365,82
2787014709797696,595264,87,2677,13365,82
2787014714923012,595264,87,2677,13365,82
2787014720049552,595264,87,2677,13365,82
2787014725175917,595264,87,2677,13365,82
2787014730304297,595264,87,2677,13365,82
2787014735428798,595264,87,2677,13365,82
2787014740553097,595264,87,2677,13365,82
2787014745678659,595264,87,2677,13365,82
2787014750804418,595264,87,2677,13365,82
2787014755933926,595264,87,2677,13365,82
2787014761066131,595264,87,2677,13365,82
2787014766200835,595264,87,2677,13365,82
2787014771333013,595264,87,2677,13365,82
2787014776461799,595264,87,2677,13365,82
2787014781593391,595264,87,2677,13365,82
2787014786725656,595264,87,2677,13365,82
2787014791857759,595264,87,2677,13365,82
2787014796989364,595264,87,2677,13365,82
2787014802141540,595264,87,2677,13365,82
2787014807273103,595264,87,2677,13365,82
2787014812406241,595264,87,2677,13365,82
2787014817543866,595264,87,2677,13365,82
2787014822672518,595264,87,2677,13365,82
2787014827800998,595264,87,2677,13365,82
2787014832934638,595264,87,2677,13365,82
2787014838032838,595264,87,2677,13365,82
2787014843166135,595264,87,2677,13365,82
2787014848295847,595264,87,2677,13365,82
2787014853432514,595264,87,2677,13365,82
2787014858565231,595264,87,2677,13365,82
2787014863695708,595264,87,2677,13365,82
2787014868841848,595264,87,2677,13365,82
2787014873970652,595264,87,2677,13365,82
2787014879096983,595264,87,2677,13365,82
2787014884232821,595264,87,2677,13365,82
2787014889351026,595264,87,2677,13365,82
2787014894468322,595264,87,2677,13365,82
2787014899585958,595264,87,2677,13365,82
2787014904703750,595264,87,2677,13365,82
2787014909821429,595264,87,2677,13365,82
2787014914938911,595264,87,2677,13365,82
2787014920058147,595264,87,2677,13365,82
2787014925175695,595264,87,2677,13365,82
2787014930293341,595264,87,2677,13365,82
2787014935410520,595264,87,2677,13365,82
2787014940527597,595264,87,2677,13365,82
2787014945644965,595264,87,2677,13365,82
2787014950762482,595264,87,2677,13365,82
2787014955880228,595264,87,2677,13365,82
2787014960998022,595264,87,2677,13365,82
2787014966133179,595264,87,2677,13365,82
2787014971252236,595264,87,2677,13365,82
2787014976369888,595264,87,2677,13365,82
2787014981487338,595264,87,2677,13365,82
2787014986604653,595264,87,2677,13365,82
2787014991722341,595264,87,2677,13365,82
2787014996840556,595264,87,2677,13365,82
2787015001958241,595264,87,2677,13365,82
2787015007076194,595264,87,2677,13365,82
2787015012193598,595264,87,2677,13365,82
2787015017311194,595264,87,2677,13365,82
2787015022430439,595264,87,2677,13365,82
2787015027548471,595264,87,2677,13365,82
2787015032665661,595264,87,2677,13365,82
2787015037783668,595264,87,2677,13365,82
2787015042901144,595264,87,2677,13365,82
2787015048020073,595264,87,2677,13365,82
2787015053138113,595264,87,2677,13365,82
2787015058255741,595264,87,2677,13365,82
2787015063373200,595264,87,2677,13365,82
2787015068490982,595264,87,2677,13365,82
2787015073609503,595264,87,2677,13365,82
2787015078726779,595264,87,2677,13365,82
2787015083843677,595264,87,2677,13365,82
2787015088980107,595264,87,2677,13365,82
2787015094120672,595264,87,2677,13365,82
2787015099237988,595264,87,2677,13365,82
2787015104355202,595264,87,2677,13365,82
2787015109480281,595264,87,2677,13365,82
2787015114597273,595264,87,2677,13365,82
2787015119732093,595264,87,2677,13365,82
2787015124851318,595264,87,2677,13365,82
2787015129968490,595264,87,2677,13365,82
2787015135085739,595264,87,2677,13365,82
2787015140202778,595264,87,2677,13365,82
2787015145320251,595264,87,2677,13365,82
2787015150437343,595264,87,2677,13365,82
2787015155554644,595264,87,2677,13365,82
2787015160671812,595264,87,2677,13365,82
2787015165789565,484643,86,2745,13365,100
2787015170906979,484643,86,2745,13365,100
2787015176025941,484643,86,2745,13365,100
2787015181143134,484643,86,2745,13365,100
2787015186260314,484643,86,2745,13365,100
2787015191377563,484643,86,2745,13365,100
2787015196494903,484643,86,2745,13365,100
2787015201612047,484643,86,2745,13365,100
2787015206729122,484643,86,2745,13365,100
2787015211846526,484643,86,2745,13365,100
2787015216964200,484643,86,2745,13365,100
2787015222082177,484643,86,2745,13365,100
2787015227200813,484643,86,2745,13365,100
2787015232318393,484643,86,2745,13365,100
2787015237435490,484643,86,2745,13365,100
2787015242552982,484643,86,2745,13365,100
2787015247670404,484643,86,2745,13365,100
2787015252787947,484643,86,2745,13365,100
2787015257905906,484643,86,2745,13365,100
2787015263023323,484643,86,2745,13365,100
2787015268140334,484643,86,2745,13365,100
2787015273257901,484643,86,2745,13365,100
2787015278376301,484643,86,2745,13365,100
2787015283493635,484643,86,2745,13365,100
2787015288611141,484643,86,2745,13365,100
2787015293728496,484643,86,2745,13365,100
2787015298845714,484643,86,2745,13365,100
2787015303963114,484643,86,2745,13365,100
2787015309080343,484643,86,2745,13365,100
2787015314197692,484643,86,2745,13365,100
2787015319315088,484643,86,2745,13365,100
2787015324433141,484643,86,2745,13365,100
2787015329551447,484643,86,2745,13365,100
2787015334668601,484643,86,2745,13365,100
2787015339785525,484643,86,2745,13365,100
2787015344902718,484643,86,2745,13365,100
2787015350020998,484643,86,2745,13365,100
2787015355148103,484643,86,2745,13365,100
2787015360265593,484643,86,2745,13365,100
2787015365383399,484643,86,2745,13365,100
2787015370500680,484643,86,2745,13365,100
2787015375618112,484643,86,2745,13365,100
2787015380736524,484643,86,2745,13365,100
2787015385854413,484643,86,2745,13365,100
2787015390971315,484643,86,2745,13365,100
2787015396088433,484643,86,2745,13365,100
2787015401206170,484643,86,2745,13365,100
2787015406323474,484643,86,2745,13365,100
2787015411440679,484643,86,2745,13365,100
2787015416558331,484643,86,2745,13365,100
2787015421676415,484643,86,2745,13365,100
2787015426807079,484643,86,2745,13365,100
2787015431925836,484643,86,2745,13365,100
2787015437043538,484643,86,2745,13365,100
2787015442166063,484643,86,2745,13365,100
2787015447282977,484643,86,2745,13365,100
2787015452400361,484643,86,2745,13365,100
2787015457517158,484643,86,2745,13365,100
2787015462634475,484643,86,2745,13365,100
2787015467752018,484643,86,2745,13365,100
2787015472869222,484643,86,2745,13365,100
2787015478024163,484643,86,2745,13365,100
2787015483143431,484643,86,2745,13365,100
2787015488261376,484643,86,2745,13365,100
2787015493378588,484643,86,2745,13365,100
2787015498515732,484643,86,2745,13365,100
2787015503632797,484643,86,2745,13365,100
2787015508750317,484643,86,2745,13365,100
2787015513867864,484643,86,2745,13365,100
2787015518985454,484643,86,2745,13365,100
2787015524121198,484643,86,2745,13365,100
2787015529238411,484643,86,2745,13365,100
2787015534356661,484643,86,2745,13365,100
2787015539474183,484643,86,2745,13365,100
2787015544591444,484643,86,2745,13365,100
2787015549708408,484643,86,2745,13365,100
2787015554826097,484643,86,2745,13365,100
2787015559943492,484643,86,2745,13365,100
2787015565060585,484643,86,2745,13365,100
2787015570177846,484643,86,2745,13365,100
2787015575295022,484643,86,2745,13365,100
2787015580414310,484643,86,2745,13365,100
2787015585533934,484643,86,2745,13365,100
2787015590651209,484643,86,2745,13365,100
2787015595768903,484643,86,2745,13365,100
2787015600885760,484643,86,2745,13365,100
2787015606024868,484643,86,2745,13365,100
2787015611142940,484643,86,2745,13365,100
2787015616260718,484643,86,2745,13365,100
2787015621377589,484643,86,2745,13365,100
2787015626494865,484643,86,2745,13365,100
2787015631611964,484643,86,2745,13365,100
2787015636730588,484643,86,2745,13365,100
2787015641847927,484643,86,2745,13365,100
2787015646965011,484643,86,2745,13365,100
2787015652082215,484643,86,2745,13365,100
2787015657199495,484643,86,2745,13365,100
2787015662316684,484643,86,2745,13365,100
2787015667434344,486221,87,2685,13365,100
2787015672552688,486221,87,2685,13365,100
2787015677670189,486221,87,2685,13365,100
2787015682787246,486221,87,2685,13365,100
2787015687905741,486221,87,2685,13365,100
2787015693022996,486221,87,2685,13365,100
2787015698140094,486221,87,2685,13365,100
2787015703283283,486221,87,2685,13365,100
2787015708400299,486221,87,2685,13365,100
2787015713517248,486221,87,2685,13365,100
2787015718634324,486221,87,2685,13365,100
2787015723751417,486221,87,2685,13365,100
2787015728868461,486221,87,2685,13365,100
2787015733985459,486221,87,2685,13365,100
2787015739125817,486221,87,2685,13365,100
2787015744243107,486221,87,2685,13365,100
2787015749359866,486221,87,2685,13365,100
2787015754477223,486221,87,2685,13365,100
2787015759594091,486221,87,2685,13365,100
2787015764711419,486221,87,2685,13365,100
2787015769828135,486221,87,2685,13365,100
2787015774962635,486221,87,2685,13365,100
2787015780079785,486221,87,2685,13365,100
2787015785197328,486221,87,2685,13365,100
2787015790316245,486221,87,2685,13365,100
2787015795433613,486221,87,2685,13365,100
2787015800550330,486221,87,2685,13365,100
2787015805667212,486221,87,2685,13365,100
2787015810784797,486221,87,2685,13365,100
2787015815902150,486221,87,2685,13365,100
2787015821023005,486221,87,2685,13365,100
2787015826140719,486221,87,2685,13365,100
2787015831258054,486221,87,2685,13365,100
2787015836375928,486221,87,2685,13365,100
2787015841494885,486221,87,2685,13365,100
2787015846612680,486221,87,2685,13365,100
2787015851729926,486221,87,2685,13365,100
2787015856847190,486221,87,2685,13365,100
2787015861964950,486221,87,2685,13365,100
2787015867083218,486221,87,2685,13365,100
2787015872200799,486221,87,2685,13365,100
2787015877318079,486221,87,2685,13365,100
2787015882435212,486221,87,2685,13365,100
2787015887553202,486221,87,2685,13365,100
2787015892672252,486221,87,2685,13365,100
2787015897789440,486221,87,2685,13365,100
2787015902911643,486221,87,2685,13365,100
2787015908029125,486221,87,2685,13365,100
2787015913146553,486221,87,2685,13365,100
2787015918264294,486221,87,2685,13365,100
2787015923381555,486221,87,2685,13365,100
2787015928498771,486221,87,2685,13365,100
2787015933616847,486221,87,2685,13365,100
2787015938734308,486221,87,2685,13365,100
2787015943853560,486221,87,2685,13365,100
2787015948970595,486221,87,2685,13365,100
2787015954088233,486221,87,2685,13365,100
2787015959205677,486221,87,2685,13365,100
2787015964323617,486221,87,2685,13365,100
2787015969441230,486221,87,2685,13365,100
2787015974558682,486221,87,2685,13365,100
2787015979676361,486221,87,2685,13365,100
2787015984794255,486221,87,2685,13365,100
2787015989912124,486221,87,2685,13365,100
2787015995031167,486221,87,2685,13365,100
2787016000148628,486221,87,2685,13365,100
2787016005265525,486221,87,2685,13365,100
2787016010383293,486221,87,2685,13365,100
2787016015500925,486221,87,2685,13365,100
2787016020629125,486221,87,2685,13365,100
2787016025746733,486221,87,2685,13365,100
2787016030864039,486221,87,2685,13365,100
2787016035981667,486221,87,2685,13365,100
2787016041121031,486221,87,2685,13365,100
2787016046240363,486221,87,2685,13365,100
2787016051357856,486221,87,2685,13365,100
2787016056475099,486221,87,2685,13365,100
2787016061592564,486221,87,2685,13365,100
2787016066710133,486221,87,2685,13365,100
2787016071830261,486221,87,2685,13365,100
2787016076947625,486221,87,2685,13365,100
2787016082064870,486221,87,2685,13365,100
2787016087188632,486221,87,2685,13365,100
2787016092305878,486221,87,2685,13365,100
2787016097425114,486221,87,2685,13365,100
2787016102542715,486221,87,2685,13365,100
2787016107660328,486221,87,2685,13365,100
2787016112778062,486221,87,2685,13365,100
2787016117895724,486221,87,2685,13365,100
2787016123036377,486221,87,2685,13365,100
2787016128153400,486221,87,2685,13365,100
2787016133270837,486221,87,2685,13365,100
2787016138388403,486221,87,2685,13365,100
2787016143505500,486221,87,2685,13365,100
2787016148624418,486221,87,2685,13365,100
2787016153742029,486221,87,2685,13365,100
2787016158859535,486221,87,2685,13365,100
2787016163977707,601748,87,2685,13365,100
2787016169095695,601748,87,2685,13365,100
2787016174213192,601748,87,2685,13365,100
2787016179331220,601748,87,2685,13365,100
2787016184448643,601748,87,2685,13365,100
2787016189566118,601748,87,2685,13365,100
2787016194683386,601748,87,2685,13365,100
2787016199802870,601748,87,2685,13365,100
2787016204920671,601748,87,2685,13365,100
2787016210038515,601748,87,2685,13365,100
2787016215156476,601748,87,2685,13365,100
2787016220274495,601748,87,2685,13365,100
2787016225392592,601748,87,2685,13365,100
2787016230510009,601748,87,2685,13365,100
2787016235627358,601748,87,2685,13365,100
2787016240744723,601748,87,2685,13365,100
2787016245862548,601748,87,2685,13365,100
2787016250981601,601748,87,2685,13365,100
2787016256120504,601748,87,2685,13365,100
2787016261238194,601748,87,2685,13365,100
2787016266355567,601748,87,2685,13365,100
2787016271472969,601748,87,2685,13365,100
2787016276590459,601748,87,2685,13365,100
2787016281708038,601748,87,2685,13365,100
2787016286825960,601748,87,2685,13365,100
2787016291943541,601748,87,2685,13365,100
2787016297060757,601748,87,2685,13365,100
2787016302180331,601748,87,2685,13365,100
2787016307297860,601748,87,2685,13365,100
2787016312415326,601748,87,2685,13365,100
2787016317532002,601748,87,2685,13365,100
2787016322649559,601748,87,2685,13365,100
2787016327766992,601748,87,2685,13365,100
2787016332884195,601748,87,2685,13365,100
2787016338023179,601748,87,2685,13365,100
2787016343140844,601748,87,2685,13365,100
2787016348258377,601748,87,2685,13365,100
2787016353377577,601748,87,2685,13365,100
2787016358495603,601748,87,2685,13365,100
2787016363613146,601748,87,2685,13365,100
2787016368731542,601748,87,2685,13365,100
2787016373849222,601748,87,2685,13365,100
2787016378966759,601748,87,2685,13365,100
2787016384084419,601748,87,2685,13365,100
2787016389201857,601748,87,2685,13365,100
2787016394319568,601748,87,2685,13365,100
2787016399437013,601748,87,2685,13365,100
2787016404558765,601748,87,2685,13365,100
2787016409676340,601748,87,2685,13365,100
2787016414793541,601748,87,2685,13365,100
2787016419910956,601748,87,2685,13365,100
2787016425028550,601748,87,2685,13365,100
2787016430210506,601748,87,2685,13365,100
2787016435329587,601748,87,2685,13365,100
2787016440447802,601748,87,2685,13365,100
2787016445565092,601748,87,2685,13365,100
2787016450682587,601748,87,2685,13365,100
2787016455801808,601748,87,2685,13365,100
2787016460918860,601748,87,2685,13365,100
2787016466036655,601748,87,2685,13365,100
2787016471154253,601748,87,2685,13365,100
2787016476271725,601748,87,2685,13365,100
2787016481389228,601748,87,2685,13365,100
2787016486506778,601748,87,2685,13365,100
2787016491624322,601748,87,2685,13365,100
2787016496741530,601748,87,2685,13365,100
2787016501858692,601748,87,2685,13365,100
2787016506977915,601748,87,2685,13365,100
2787016512095396,601748,87,2685,13365,100
2787016517213144,601748,87,2685,13365,100
2787016522330450,601748,87,2685,13365,100
2787016527447841,601748,87,2685,13365,100
2787016532564341,601748,87,2685,13365,100
2787016537681516,601748,87,2685,13365,100
2787016542800214,601748,87,2685,13365,100
2787016547917639,601748,87,2685,13365,100
2787016553034875,601748,87,2685,13365,100
2787016558153835,601748,87,2685,13365,100
2787016563271520,601748,87,2685,13365,100
2787016568389472,601748,87,2685,13365,100
2787016573507056,601748,87,2685,13365,100
2787016578624400,601748,87,2685,13365,100
2787016583741769,601748,87,2685,13365,100
2787016588859253,601748,87,2685,13365,100
2787016593976690,601748,87,2685,13365,100
2787016599092808,601748,87,2685,13365,100
2787016604210173,601748,87,2685,13365,100
2787016609330639,601748,87,2685,13365,100
2787016614449336,601748,87,2685,13365,100
2787016619567248,601748,87,2685,13365,100
2787016624685628,601748,87,2685,13365,100
2787016629803249,601748,87,2685,13365,100
2787016634921025,601748,87,2685,13365,100
2787016640038813,601748,87,2685,13365,100
2787016645155755,601748,87,2685,13365,100
2787016650271826,601748,87,2685,13365,100
2787016655387962,601748,87,2685,13365,100
2787016660506415,601748,87,2685,13365,100
2787016665623095,600010,87,2685,13365,100
2787016670739859,600010,87,2685,13365,100
2787016675855484,600010,87,2685,13365,100
2787016680971224,600010,87,2685,13365,100
2787016686086808,600010,87,2685,13365,100
2787016691203093,600010,87,2685,13365,100
2787016696319366,600010,87,2685,13365,100
2787016701436069,600010,87,2685,13365,100
2787016706552435,600010,87,2685,13365,100
2787016711670339,600010,87,2685,13365,100
2787016716787271,600010,87,2685,13365,100
2787016721904693,600010,87,2685,13365,100
2787016727021992,600010,87,2685,13365,100
2787016732139535,600010,87,2685,13365,100
2787016737257268,600010,87,2685,13365,100
2787016742374649,600010,87,2685,13365,100
2787016747492061,600010,87,2685,13365,100
2787016752609722,600010,87,2685,13365,100
2787016757726834,600010,87,2685,13365,100
2787016762846058,600010,87,2685,13365,100
2787016767963895,600010,87,2685,13365,100
2787016773081117,600010,87,2685,13365,100
2787016778198709,600010,87,2685,13365,100
2787016783316426,600010,87,2685,13365,100
2787016788433656,600010,87,2685,13365,100
2787016793550913,600010,87,2685,13365,100
2787016798668981,600010,87,2685,13365,100
2787016803785877,600010,87,2685,13365,100
2787016808903622,600010,87,2685,13365,100
2787016814022958,600010,87,2685,13365,100
2787016819140824,600010,87,2685,13365,100
2787016824258023,600010,87,2685,13365,100
2787016829375503,600010,87,2685,13365,100
2787016834493557,600010,87,2685,13365,100
2787016839611843,600010,87,2685,13365,100
2787016844729198,600010,87,2685,13365,100
2787016849846448,600010,87,2685,13365,100
2787016854964095,600010,87,2685,13365,100
2787016860081553,600010,87,2685,13365,100
2787016865201954,600010,87,2685,13365,100
2787016870320388,600010,87,2685,13365,100
2787016875437998,600010,87,2685,13365,100
2787016880555302,600010,87,2685,13365,100
2787016885673027,600010,87,2685,13365,100
2787016890790552,600010,87,2685,13365,100
2787016895908075,600010,87,2685,13365,100
2787016901025696,600010,87,2685,13365,100
2787016906143411,600010,87,2685,13365,100
2787016911260641,600010,87,2685,13365,100
2787016916380027,600010,87,2685,13365,100
2787016921497397,600010,87,2685,13365,100
2787016926614894,600010,87,2685,13365,100
2787016931732734,600010,87,2685,13365,100
2787016936850759,600010,87,2685,13365,100
2787016941968071,600010,87,2685,13365,100
2787016947085377,600010,87,2685,13365,100
2787016952203530,600010,87,2685,13365,100
2787016957320894,600010,87,2685,13365,100
2787016962438412,600010,87,2685,13365,100
2787016967558145,600010,87,2685,13365,100
2787016972675668,600010,87,2685,13365,100
2787016977793225,600010,87,2685,13365,100
2787016982910626,600010,87,2685,13365,100
2787016988027710,600010,87,2685,13365,100
2787016993144698,600010,87,2685,13365,100
2787016998262123,600010,87,2685,13365,100
2787017003379840,600010,87,2685,13365,100
2787017008497238,600010,87,2685,13365,100
2787017013614972,600010,87,2685,13365,100
2787017018746867,600010,87,2685,13365,100
2787017023864425,600010,87,2685,13365,100
2787017028981789,600010,87,2685,13365,100
2787017034123120,600010,87,2685,13365,100
2787017039240678,600010,87,2685,13365,100
2787017044358014,600010,87,2685,13365,100
2787017049475687,600010,87,2685,13365,100
2787017054592791,600010,87,2685,13365,100
2787017059710135,600010,87,2685,13365,100
2787017064828719,600010,87,2685,13365,100
2787017069947718,600010,87,2685,13365,100
2787017075065628,600010,87,2685,13365,100
2787017080183045,600010,87,2685,13365,100
2787017085319377,600010,87,2685,13365,100
2787017090436986,600010,87,2685,13365,100
2787017095553694,600010,87,2685,13365,100
2787017100670956,600010,87,2685,13365,100
2787017105788261,600010,87,2685,13365,100
2787017110905495,600010,87,2685,13365,100
2787017116022608,600010,87,2685,13365,100
2787017121141803,600010,87,2685,13365,100
2787017126258960,600010,87,2685,13365,100
2787017131376656,600010,87,2685,13365,100
2787017136494205,600010,87,2685,13365,100
2787017141611593,600010,87,2685,13365,100
2787017146728818,600010,87,2685,13365,100
2787017151846180,600010,87,2685,13365,100
2787017156964026,600010,87,2685,13365,100
2787017162081407,600010,87,2685,13365,100
2787017167198955,600025,87,2677,13365,100
2787017172318458,600025,87,2677,13365,100
2787017177435832,600025,87,2677,13365,100
2787017182553492,600025,87,2677,13365,100
2787017187670631,600025,87,2677,13365,100
2787017192788515,600025,87,2677,13365,100
2787017197905907,600025,87,2677,13365,100
2787017203023553,600025,87,2677,13365,100
2787017208141138,600025,87,2677,13365,100
2787017213258862,600025,87,2677,13365,100
2787017218376877,600025,87,2677,13365,100
2787017223496756,600025,87,2677,13365,100
2787017228614479,600025,87,2677,13365,100
2787017233731683,600025,87,2677,13365,100
2787017238849929,600025,87,2677,13365,100
2787017243967197,600025,87,2677,13365,100
2787017249084793,600025,87,2677,13365,100
2787017254203048,600025,87,2677,13365,100
2787017259320230,600025,87,2677,13365,100
2787017264437542,600025,87,2677,13365,100
2787017269555461,600025,87,2677,13365,100
2787017274674587,600025,87,2677,13365,100
2787017279792704,600025,87,2677,13365,100
2787017284910054,600025,87,2677,13365,100
2787017290028378,600025,87,2677,13365,100
2787017295145812,600025,87,2677,13365,100
2787017300262805,600025,87,2677,13365,100
2787017305380291,600025,87,2677,13365,100
2787017310497916,600025,87,2677,13365,100
2787017315615534,600025,87,2677,13365,100
2787017320733814,600025,87,2677,13365,100
2787017325852909,600025,87,2677,13365,100
2787017330970406,600025,87,2677,13365,100
2787017336091452,600025,87,2677,13365,100
2787017341208796,600025,87,2677,13365,100
2787017346326240,600025,87,2677,13365,100
2787017351451420,600025,87,2677,13365,100
2787017356568921,600025,87,2677,13365,100
2787017361686581,600025,87,2677,13365,100
2787017366803953,600025,87,2677,13365,100
2787017371921561,600025,87,2677,13365,100
2787017377041567,600025,87,2677,13365,100
2787017382159210,600025,87,2677,13365,100
2787017387276603,600025,87,2677,13365,100
2787017392393924,600025,87,2677,13365,100
2787017397511544,600025,87,2677,13365,100
2787017402640624,600025,87,2677,13365,100
2787017407758144,600025,87,2677,13365,100
2787017412875577,600025,87,2677,13365,100
2787017417993061,600025,87,2677,13365,100
2787017423131846,600025,87,2677,13365,100
2787017428250774,600025,87,2677,13365,100
2787017433367918,600025,87,2677,13365,100
2787017438485614,600025,87,2677,13365,100
2787017443603578,600025,87,2677,13365,100
2787017448720863,600025,87,2677,13365,100
2787017453838512,600025,87,2677,13365,100
2787017458955995,600025,87,2677,13365,100
2787017464073848,600025,87,2677,13365,100
2787017469191098,600025,87,2677,13365,100
2787017474308641,600025,87,2677,13365,100
2787017479427481,600025,87,2677,13365,100
2787017484545677,600025,87,2677,13365,100
2787017489663222,600025,87,2677,13365,100
2787017494780878,600025,87,2677,13365,100
2787017499898317,600025,87,2677,13365,100
2787017505034699,600025,87,2677,13365,100
2787017510152395,600025,87,2677,13365,100
2787017515269468,600025,87,2677,13365,100
2787017520387140,600025,87,2677,13365,100
2787017525504673,600025,87,2677,13365,100
2787017530623157,600025,87,2677,13365,100
2787017535740402,600025,87,2677,13365,100
2787017540858141,600025,87,2677,13365,100
2787017545975382,600025,87,2677,13365,100
2787017551092726,600025,87,2677,13365,100
2787017556210347,600025,87,2677,13365,100
2787017561327977,600025,87,2677,13365,100
2787017566445543,600025,87,2677,13365,100
2787017571563378,600025,87,2677,13365,100
2787017576680941,600025,87,2677,13365,100
2787017581799496,600025,87,2677,13365,100
2787017586916889,600025,87,2677,13365,100
2787017592034449,600025,87,2677,13365,100
2787017597151630,600025,87,2677,13365,100
2787017602268954,600025,87,2677,13365,100
2787017607386503,600025,87,2677,13365,100
2787017612504555,600025,87,2677,13365,100
2787017617622552,600025,87,2677,13365,100
2787017622739922,600025,87,2677,13365,100
2787017627857340,600025,87,2677,13365,100
2787017632976111,600025,87,2677,13365,100
2787017638094657,600025,87,2677,13365,100
2787017643212934,600025,87,2677,13365,100
2787017648330171,600025,87,2677,13365,100
2787017653447734,600025,87,2677,13365,100
2787017658565062,600025,87,2677,13365,100
2787017663682755,599968,87,2685,13365,100
2787017668800943,599968,87,2685,13365,100
2787017673918747,599968,87,2685,13365,100
2787017679037439,599968,87,2685,13365,100
2787017684178284,599968,87,2685,13365,100
2787017689295633,599968,87,2685,13365,100
2787017694412657,599968,87,2685,13365,100
2787017699529507,599968,87,2685,13365,100
2787017704646490,599968,87,2685,13365,100
2787017709763584,599968,87,2685,13365,100
2787017714879678,599968,87,2685,13365,100
2787017719995334,599968,87,2685,13365,100
2787017725130329,599968,87,2685,13365,100
2787017730245808,599968,87,2685,13365,100
2787017735362632,599968,87,2685,13365,100
2787017740494342,599968,87,2685,13365,100
2787017745609774,599968,87,2685,13365,100
2787017750726293,599968,87,2685,13365,100
2787017755843193,599968,87,2685,13365,100
2787017760960169,599968,87,2685,13365,100
2787017766076831,599968,87,2685,13365,100
2787017771194106,599968,87,2685,13365,100
2787017776310387,599968,87,2685,13365,100
2787017781426687,599968,87,2685,13365,100
2787017786544591,599968,87,2685,13365,100
2787017791660100,599968,87,2685,13365,100
2787017796783908,599968,87,2685,13365,100
2787017801899184,599968,87,2685,13365,100
2787017807076757,599968,87,2685,13365,100
2787017812193176,599968,87,2685,13365,100
2787017817309141,599968,87,2685,13365,100
2787017822424885,599968,87,2685,13365,100
2787017827540202,599968,87,2685,13365,100
2787017832656255,599968,87,2685,13365,100
2787017837773954,599968,87,2685,13365,100
2787017842891189,599968,87,2685,13365,100
2787017848020879,599968,87,2685,13365,100
2787017853138385,599968,87,2685,13365,100
2787017858255942,599968,87,2685,13365,100
2787017863374052,599968,87,2685,13365,100
2787017868491420,599968,87,2685,13365,100
2787017873608750,599968,87,2685,13365,100
2787017878726493,599968,87,2685,13365,100
2787017883844514,599968,87,2685,13365,100
2787017888963283,599968,87,2685,13365,100
2787017894080833,599968,87,2685,13365,100
2787017899215835,599968,87,2685,13365,100
2787017904333549,599968,87,2685,13365,100
2787017909450759,599968,87,2685,13365,100
2787017914567872,599968,87,2685,13365,100
2787017919685260,599968,87,2685,13365,100
2787017924802437,599968,87,2685,13365,100
2787017929919581,599968,87,2685,13365,100
2787017935037326,599968,87,2685,13365,100
2787017940156161,599968,87,2685,13365,100
2787017945273956,599968,87,2685,13365,100
2787017950391786,599968,87,2685,13365,100
2787017955509579,599968,87,2685,13365,100
2787017960626899,599968,87,2685,13365,100
2787017965744162,599968,87,2685,13365,100
2787017970861584,599968,87,2685,13365,100
2787017975978781,599968,87,2685,13365,100
2787017981096960,599968,87,2685,13365,100
2787017986214299,599968,87,2685,13365,100
2787017991332830,599968,87,2685,13365,100
2787017996450533,599968,87,2685,13365,100
2787018001567918,599968,87,2685,13365,100
2787018006685542,599968,87,2685,13365,100
2787018011803375,599968,87,2685,13365,100
2787018016920303,599968,87,2685,13365,100
2787018022033539,599968,87,2685,13365,100
2787018027142160,599968,87,2685,13365,100
2787018032259620,599968,87,2685,13365,100
2787018037377405,599968,87,2685,13365,100
2787018042496765,599968,87,2685,13365,100
2787018047614393,599968,87,2685,13365,100
2787018052732422,599968,87,2685,13365,100
2787018057849834,599968,87,2685,13365,100
2787018062966607,599968,87,2685,13365,100
2787018068083971,599968,87,2685,13365,100
2787018073201648,599968,87,2685,13365,100
2787018078319612,599968,87,2685,13365,100
2787018083437174,599968,87,2685,13365,100
2787018088554618,599968,87,2685,13365,100
2787018093673297,599968,87,2685,13365,100
2787018098790782,599968,87,2685,13365,100
2787018103908145,599968,87,2685,13365,100
2787018109026134,599968,87,2685,13365,100
2787018114143595,599968,87,2685,13365,100
2787018119260707,599968,87,2685,13365,100
2787018124377823,599968,87,2685,13365,100
2787018129494872,599968,87,2685,13365,100
2787018134612728,599968,87,2685,13365,100
2787018139730157,599968,87,2685,13365,100
2787018144848520,599968,87,2685,13365,100
2787018149965625,599968,87,2685,13365,100
2787018155082725,599968,87,2685,13365,100
2787018160200398,599968,87,2685,13365,100
2787018165317586,599977,87,2685,13365,100
2787018170435722,599977,87,2685,13365,100
2787018175553511,599977,87,2685,13365,100
2787018180670711,599977,87,2685,13365,100
2787018185788262,599977,87,2685,13365,100
2787018190905364,599977,87,2685,13365,100
2787018196024378,599977,87,2685,13365,100
2787018201141897,599977,87,2685,13365,100
2787018206259389,599977,87,2685,13365,100
2787018211376864,599977,87,2685,13365,100
2787018216511234,599977,87,2685,13365,100
2787018221628290,599977,87,2685,13365,100
2787018226745911,599977,87,2685,13365,100
2787018231864141,599977,87,2685,13365,100
2787018236982480,599977,87,2685,13365,100
2787018242120955,599977,87,2685,13365,100
2787018247239362,599977,87,2685,13365,100
2787018252356508,599977,87,2685,13365,100
2787018257473903,599977,87,2685,13365,100
2787018262591021,599977,87,2685,13365,100
2787018267708553,599977,87,2685,13365,100
2787018272826522,599977,87,2685,13365,100
2787018277944570,599977,87,2685,13365,100
2787018283062198,599977,87,2685,13365,100
2787018288179942,599977,87,2685,13365,100
2787018293297503,599977,87,2685,13365,100
2787018298417007,599977,87,2685,13365,100
2787018303534220,599977,87,2685,13365,100
2787018308651721,599977,87,2685,13365,100
2787018313769205,599977,87,2685,13365,100
2787018318886981,599977,87,2685,13365,100
2787018324021725,599977,87,2685,13365,100
2787018329139650,599977,87,2685,13365,100
2787018334257242,599977,87,2685,13365,100
2787018339374546,599977,87,2685,13365,100
2787018344492137,599977,87,2685,13365,100
2787018349611051,599977,87,2685,13365,100
2787018354729006,599977,87,2685,13365,100
2787018359848076,599977,87,2685,13365,100
2787018364965455,599977,87,2685,13365,100
2787018370082848,599977,87,2685,13365,100
2787018375200733,599977,87,2685,13365,100
2787018380318766,599977,87,2685,13365,100
2787018385436370,599977,87,2685,13365,100
2787018390553942,599977,87,2685,13365,100
2787018395689775,599977,87,2685,13365,100
2787018400809414,599977,87,2685,13365,100
2787018405926495,599977,87,2685,13365,100
2787018411043728,599977,87,2685,13365,100
2787018416161280,599977,87,2685,13365,100
2787018421279042,599977,87,2685,13365,100
2787018426396361,599977,87,2685,13365,100
2787018431514085,599977,87,2685,13365,100
2787018436631997,599977,87,2685,13365,100
2787018441749448,599977,87,2685,13365,100
2787018446866714,599977,87,2685,13365,100
2787018451985969,599977,87,2685,13365,100
2787018457127140,599977,87,2685,13365,100
2787018462244679,599977,87,2685,13365,100
2787018467362211,599977,87,2685,13365,100
2787018472479672,599977,87,2685,13365,100
2787018477597400,599977,87,2685,13365,100
2787018482714948,599977,87,2685,13365,100
2787018487832979,599977,87,2685,13365,100
2787018492950382,599977,87,2685,13365,100
2787018498067694,599977,87,2685,13365,100
2787018503187127,599977,87,2685,13365,100
2787018508304338,599977,87,2685,13365,100
2787018513421801,599977,87,2685,13365,100
2787018518539359,599977,87,2685,13365,100
2787018523656859,599977,87,2685,13365,100
2787018528774216,599977,87,2685,13365,100
2787018533892048,599977,87,2685,13365,100
2787018539030808,599977,87,2685,13365,100
2787018544157095,599977,87,2685,13365,100
2787018549274921,599977,87,2685,13365,100
2787018554393978,599977,87,2685,13365,100
2787018559511228,599977,87,2685,13365,100
2787018564628423,599977,87,2685,13365,100
2787018569746083,599977,87,2685,13365,100
2787018574864210,599977,87,2685,13365,100
2787018579981576,599977,87,2685,13365,100
2787018585116182,599977,87,2685,13365,100
2787018590233664,599977,87,2685,13365,100
2787018595351184,599977,87,2685,13365,100
2787018600468701,599977,87,2685,13365,100
2787018605586665,599977,87,2685,13365,100
2787018610704413,599977,87,2685,13365,100
2787018615823946,599977,87,2685,13365,100
2787018620941991,599977,87,2685,13365,100
2787018626059826,599977,87,2685,13365,100
2787018631177031,599977,87,2685,13365,100
2787018636295126,599977,87,2685,13365,100
2787018641412504,599977,87,2685,13365,100
2787018646532394,599977,87,2685,13365,100
2787018651650208,599977,87,2685,13365,100
2787018656768941,599977,87,2685,13365,100
2787018661886537,599977,87,2685,13365,100
2787018667026410,600006,87,2685,13365,100
2787018672144638,600006,87,2685,13365,100
2787018677262370,600006,87,2685,13365,100
2787018682386019,600006,87,2685,13365,100
2787018687502882,600006,87,2685,13365,100
2787018692620595,600006,87,2685,13365,100
2787018697738312,600006,87,2685,13365,100
2787018702855596,600006,87,2685,13365,100
2787018707974656,600006,87,2685,13365,100
2787018713092260,600006,87,2685,13365,100
2787018718209861,600006,87,2685,13365,100
2787018723327605,600006,87,2685,13365,100
2787018728445026,600006,87,2685,13365,100
2787018733561414,600006,87,2685,13365,100
2787018738679122,600006,87,2685,13365,100
2787018743796791,600006,87,2685,13365,100
2787018748914383,600006,87,2685,13365,100
2787018754031879,600006,87,2685,13365,100
2787018759150964,600006,87,2685,13365,100
2787018764268613,600006,87,2685,13365,100
2787018769386327,600006,87,2685,13365,100
2787018774503543,600006,87,2685,13365,100
2787018779621393,600006,87,2685,13365,100
2787018784738670,600006,87,2685,13365,100
2787018789856216,600006,87,2685,13365,100
2787018794973427,600006,87,2685,13365,100
2787018800090811,600006,87,2685,13365,100
2787018805208459,600006,87,2685,13365,100
2787018810327528,600006,87,2685,13365,100
2787018815444940,600006,87,2685,13365,100
2787018820562212,600006,87,2685,13365,100
2787018825679581,600006,87,2685,13365,100
2787018830797059,600006,87,2685,13365,100
2787018835914861,600006,87,2685,13365,100
2787018841032186,600006,87,2685,13365,100
2787018846150354,600006,87,2685,13365,100
2787018851283275,600006,87,2685,13365,100
2787018856400979,600006,87,2685,13365,100
2787018861520211,600006,87,2685,13365,100
2787018866637822,600006,87,2685,13365,100
2787018871756040,600006,87,2685,13365,100
2787018876873836,600006,87,2685,13365,100
2787018881991648,600006,87,2685,13365,100
2787018887141819,600006,87,2685,13365,100
2787018892259493,600006,87,2685,13365,100
2787018897377330,600006,87,2685,13365,100
2787018902494774,600006,87,2685,13365,100
2787018907612599,600006,87,2685,13365,100
2787018912731609,600006,87,2685,13365,100
2787018917849053,600006,87,2685,13365,100
2787018922966519,600006,87,2685,13365,100
2787018928084016,600006,87,2685,13365,100
2787018933201772,600006,87,2685,13365,100
2787018938319425,600006,87,2685,13365,100
2787018943436825,600006,87,2685,13365,100
2787018948553057,600006,87,2685,13365,100
2787018953670798,600006,87,2685,13365,100
2787018958788610,600006,87,2685,13365,100
2787018963908114,600006,87,2685,13365,100
2787018969025975,600006,87,2685,13365,100
2787018974143487,600006,87,2685,13365,100
2787018979260860,600006,87,2685,13365,100
2787018984378524,600006,87,2685,13365,100
2787018989495821,600006,87,2685,13365,100
2787018994613285,600006,87,2685,13365,100
2787018999730373,600006,87,2685,13365,100
2787019004847727,600006,87,2685,13365,100
2787019009964954,600006,87,2685,13365,100
2787019015084038,600006,87,2685,13365,100
2787019020201642,600006,87,2685,13365,100
2787019025319071,600006,87,2685,13365,100
2787019030436455,600006,87,2685,13365,100
2787019035554932,600006,87,2685,13365,100
2787019040672204,600006,87,2685,13365,100
2787019045789709,600006,87,2685,13365,100
2787019050924366,600006,87,2685,13365,100
2787019056042033,600006,87,2685,13365,100
2787019061159455,600006,87,2685,13365,100
2787019066279060,600006,87,2685,13365,100
2787019071400811,600006,87,2685,13365,100
2787019076518635,600006,87,2685,13365,100
2787019081635845,600006,87,2685,13365,100
2787019086753183,600006,87,2685,13365,100
2787019091870674,600006,87,2685,13365,100
2787019096987926,600006,87,2685,13365,100
2787019102129548,600006,87,2685,13365,100
2787019107246967,600006,87,2685,13365,100
2787019112364481,600006,87,2685,13365,100
2787019117484305,600006,87,2685,13365,100
2787019122602053,600006,87,2685,13365,100
2787019127719712,600006,87,2685,13365,100
2787019132837234,600006,87,2685,13365,100
2787019137954913,600006,87,2685,13365,100
2787019143072619,600006,87,2685,13365,100
2787019148190471,600006,87,2685,13365,100
2787019153308339,600006,87,2685,13365,100
2787019158425924,600006,87,2685,13365,100
2787019163543681,599977,87,2677,13365,100
2787019168662929,599977,87,2677,13365,100
2787019173780169,599977,87,2677,13365,100
2787019178897398,599977,87,2677,13365,100
2787019184033386,599977,87,2677,13365,100
2787019189151077,599977,87,2677,13365,100
2787019194268750,599977,87,2677,13365,100
2787019199386435,599977,87,2677,13365,100
2787019204503828,599977,87,2677,13365,100
2787019209621604,599977,87,2677,13365,100
2787019214739158,599977,87,2677,13365,100
2787019219859229,599977,87,2677,13365,100
2787019224976473,599977,87,2677,13365,100
2787019230093901,599977,87,2677,13365,100
2787019235211229,599977,87,2677,13365,100
2787019240328798,599977,87,2677,13365,100
2787019245446110,599977,87,2677,13365,100
2787019250562422,599977,87,2677,13365,100
2787019255680608,599977,87,2677,13365,100
2787019260798185,599977,87,2677,13365,100
2787019265915388,599977,87,2677,13365,100
2787019271034521,599977,87,2677,13365,100
2787019276151997,599977,87,2677,13365,100
2787019281269417,599977,87,2677,13365,100
2787019286387441,599977,87,2677,13365,100
2787019291505064,599977,87,2677,13365,100
2787019296622434,599977,87,2677,13365,100
2787019301740006,599977,87,2677,13365,100
2787019306857527,599977,87,2677,13365,100
2787019311974749,599977,87,2677,13365,100
2787019317092826,599977,87,2677,13365,100
2787019322212388,599977,87,2677,13365,100
2787019327330113,599977,87,2677,13365,100
2787019332447728,599977,87,2677,13365,100
2787019337564993,599977,87,2677,13365,100
2787019342682548,599977,87,2677,13365,100
2787019347800518,599977,87,2677,13365,100
2787019352918395,599977,87,2677,13365,100
2787019358036359,599977,87,2677,13365,100
2787019363153815,599977,87,2677,13365,100
2787019368272335,599977,87,2677,13365,100
2787019373391492,599977,87,2677,13365,100
2787019378508566,599977,87,2677,13365,100
2787019383626343,599977,87,2677,13365,100
2787019388744000,599977,87,2677,13365,100
2787019393861681,599977,87,2677,13365,100
2787019398979285,599977,87,2677,13365,100
2787019404097378,599977,87,2677,13365,100
2787019409214483,599977,87,2677,13365,100
2787019414331862,599977,87,2677,13365,100
2787019419449751,599977,87,2677,13365,100
2787019424568927,599977,87,2677,13365,100
2787019429686552,599977,87,2677,13365,100
2787019434804021,599977,87,2677,13365,100
2787019439921553,599977,87,2677,13365,100
2787019445039477,599977,87,2677,13365,100
2787019450156798,599977,87,2677,13365,100
2787019455273877,599977,87,2677,13365,100
2787019460391266,599977,87,2677,13365,100
2787019465507471,599977,87,2677,13365,100
2787019470624815,599977,87,2677,13365,100
2787019475744155,599977,87,2677,13365,100
2787019480861573,599977,87,2677,13365,100
2787019485979036,599977,87,2677,13365,100
2787019491096996,599977,87,2677,13365,100
2787019496234908,599977,87,2677,13365,100
2787019501352565,599977,87,2677,13365,100
2787019506469721,599977,87,2677,13365,100
2787019511586670,599977,87,2677,13365,100
2787019516703916,599977,87,2677,13365,100
2787019521821719,599977,87,2677,13365,100
2787019526940491,599977,87,2677,13365,100
2787019532058079,599977,87,2677,13365,100
2787019537175559,599977,87,2677,13365,100
2787019542293784,599977,87,2677,13365,100
2787019547411252,599977,87,2677,13365,100
2787019552529620,599977,87,2677,13365,100
2787019557647031,599977,87,2677,13365,100
2787019562764756,599977,87,2677,13365,100
2787019567882489,599977,87,2677,13365,100
2787019573023346,599977,87,2677,13365,100
2787019578143398,599977,87,2677,13365,100
2787019583260851,599977,87,2677,13365,100
2787019588378455,599977,87,2677,13365,100
2787019593495747,599977,87,2677,13365,100
2787019598613515,599977,87,2677,13365,100
2787019603731400,599977,87,2677,13365,100
2787019608848882,599977,87,2677,13365,100
2787019613966429,599977,87,2677,13365,100
2787019619083638,599977,87,2677,13365,100
2787019624201128,599977,87,2677,13365,100
2787019629320370,599977,87,2677,13365,100
2787019634437695,599977,87,2677,13365,100
2787019639554770,599977,87,2677,13365,100
2787019644672393,599977,87,2677,13365,100
2787019649789572,599977,87,2677,13365,100
2787019654906743,599977,87,2677,13365,100
2787019660024326,599977,87,2677,13365,100
2787019665141717,599996,87,2677,13365,100
2787019670259233,599996,87,2677,13365,100
2787019675377521,599996,87,2677,13365,100
2787019680496818,599996,87,2677,13365,100
2787019685613860,599996,87,2677,13365,100
2787019690731432,599996,87,2677,13365,100
2787019695848663,599996,87,2677,13365,100
2787019700966547,599996,87,2677,13365,100
2787019706123431,599996,87,2677,13365,100
2787019711241047,599996,87,2677,13365,100
2787019716358686,599996,87,2677,13365,100
2787019721476231,599996,87,2677,13365,100
2787019726593993,599996,87,2677,13365,100
2787019731713461,599996,87,2677,13365,100
2787019736830949,599996,87,2677,13365,100
2787019741948502,599996,87,2677,13365,100
2787019747065752,599996,87,2677,13365,100
2787019752183417,599996,87,2677,13365,100
2787019757300975,599996,87,2677,13365,100
2787019762418975,599996,87,2677,13365,100
2787019767535419,599996,87,2677,13365,100
2787019772653520,599996,87,2677,13365,100
2787019777770917,599996,87,2677,13365,100
2787019782889577,599996,87,2677,13365,100
2787019788061013,599996,87,2677,13365,100
2787019793178631,599996,87,2677,13365,100
2787019798296081,599996,87,2677,13365,100
2787019803413340,599996,87,2677,13365,100
2787019808530826,599996,87,2677,13365,100
2787019813648242,599996,87,2677,13365,100
2787019818757293,599996,87,2677,13365,100
2787019823874807,599996,87,2677,13365,100
2787019828992482,599996,87,2677,13365,100
2787019834129540,599996,87,2677,13365,100
2787019839247609,599996,87,2677,13365,100
2787019844365313,599996,87,2677,13365,100
2787019849482639,599996,87,2677,13365,100
2787019854600573,599996,87,2677,13365,100
2787019859718226,599996,87,2677,13365,100
2787019864836082,599996,87,2677,13365,100
2787019869955057,599996,87,2677,13365,100
2787019875073843,599996,87,2677,13365,100
2787019880192235,599996,87,2677,13365,100
2787019885311616,599996,87,2677,13365,100
2787019890427892,599996,87,2677,13365,100
2787019895545237,599996,87,2677,13365,100
2787019900660885,599996,87,2677,13365,100
2787019905777041,599996,87,2677,13365,100
2787019910893632,599996,87,2677,13365,100
2787019916030076,599996,87,2677,13365,100
2787019921146222,599996,87,2677,13365,100
2787019926281125,599996,87,2677,13365,100
2787019931396591,599996,87,2677,13365,100
2787019936515003,599996,87,2677,13365,100
2787019941631887,599996,87,2677,13365,100
2787019946748682,599996,87,2677,13365,100
2787019951865567,599996,87,2677,13365,100
2787019956981893,599996,87,2677,13365,100
2787019962127855,599996,87,2677,13365,100
2787019967244241,599996,87,2677,13365,100
2787019972360524,599996,87,2677,13365,100
2787019977476946,599996,87,2677,13365,100
2787019982594133,599996,87,2677,13365,100
2787019987713245,599996,87,2677,13365,100
2787019992831759,599996,87,2677,13365,100
2787019997950235,599996,87,2677,13365,100
2787020003068148,599996,87,2677,13365,100
2787020008186313,599996,87,2677,13365,100
2787020013304352,599996,87,2677,13365,100
2787020018420863,599996,87,2677,13365,100
2787020023536006,599996,87,2677,13365,100
2787020028652262,599996,87,2677,13365,100
2787020033769190,599996,87,2677,13365,100
2787020038886801,599996,87,2677,13365,100
2787020044019415,599996,87,2677,13365,100
2787020049135179,599996,87,2677,13365,100
2787020054250428,599996,87,2677,13365,100
2787020059364352,599996,87,2677,13365,100
2787020064479521,599996,87,2677,13365,100
2787020069593493,599996,87,2677,13365,100
2787020074707199,599996,87,2677,13365,100
2787020079823170,599996,87,2677,13365,100
2787020084938394,599996,87,2677,13365,100
2787020090055443,599996,87,2677,13365,100
2787020095210203,599996,87,2677,13365,100
2787020100326159,599996,87,2677,13365,100
2787020105440607,599996,87,2677,13365,100
2787020110555429,599996,87,2677,13365,100
2787020115669876,599996,87,2677,13365,100
2787020120786585,599996,87,2677,13365,100
2787020125902115,599996,87,2677,13365,100
2787020131033893,599996,87,2677,13365,100
2787020136149444,599996,87,2677,13365,100
2787020141267278,599996,87,2677,13365,100
2787020146406390,599996,87,2677,13365,100
2787020151522255,599996,87,2677,13365,100
2787020156636171,599996,87,2677,13365,100
2787020161751427,599996,87,2677,13365,100
2787020166866815,600011,87,2677,13365,100
2787020171982016,600011,87,2677,13365,100
2787020177114128,600011,87,2677,13365,100
2787020182229743,600011,87,2677,13365,100
2787020187345141,600011,87,2677,13365,100
2787020192461766,600011,87,2677,13365,100
2787020197577294,600011,87,2677,13365,100
2787020202692875,600011,87,2677,13365,100
2787020207808723,600011,87,2677,13365,100
2787020212926099,600011,87,2677,13365,100
2787020218043683,600011,87,2677,13365,100
2787020223161518,600011,87,2677,13365,100
2787020228279120,600011,87,2677,13365,100
2787020233396736,600011,87,2677,13365,100
2787020238514844,600011,87,2677,13365,100
2787020243635057,600011,87,2677,13365,100
2787020248752225,600011,87,2677,13365,100
2787020253870004,600011,87,2677,13365,100
2787020258988063,600011,87,2677,13365,100
2787020264129811,600011,87,2677,13365,100
2787020269247779,600011,87,2677,13365,100
2787020274365411,600011,87,2677,13365,100
2787020279482695,600011,87,2677,13365,100
2787020284600400,600011,87,2677,13365,100
2787020289717908,600011,87,2677,13365,100
2787020294838019,600011,87,2677,13365,100
2787020299955238,600011,87,2677,13365,100
2787020305072393,600011,87,2677,13365,100
2787020310207521,600011,87,2677,13365,100
2787020315327151,600011,87,2677,13365,100
2787020320444715,600011,87,2677,13365,100
2787020325562211,600011,87,2677,13365,100
2787020330680389,600011,87,2677,13365,100
2787020335797808,600011,87,2677,13365,100
2787020340915611,600011,87,2677,13365,100
2787020346035084,600011,87,2677,13365,100
2787020351166789,600011,87,2677,13365,100
2787020356284291,600011,87,2677,13365,100
2787020361420763,600011,87,2677,13365,100
2787020366538333,600011,87,2677,13365,100
2787020371655662,600011,87,2677,13365,100
2787020376773136,600011,87,2677,13365,100
2787020381890715,600011,87,2677,13365,100
2787020387030710,600011,87,2677,13365,100
2787020392148811,600011,87,2677,13365,100
2787020397268186,600011,87,2677,13365,100
2787020402385923,600011,87,2677,13365,100
2787020407503409,600011,87,2677,13365,100
2787020412620852,600011,87,2677,13365,100
2787020417738043,600011,87,2677,13365,100
2787020422855933,600011,87,2677,13365,100
2787020427973290,600011,87,2677,13365,100
2787020433090822,600011,87,2677,13365,100
2787020438208534,600011,87,2677,13365,100
2787020443326125,600011,87,2677,13365,100
2787020448445277,600011,87,2677,13365,100
2787020453562074,600011,87,2677,13365,100
2787020458680052,600011,87,2677,13365,100
2787020463797484,600011,87,2677,13365,100
2787020468915001,600011,87,2677,13365,100
2787020474032605,600011,87,2677,13365,100
2787020479149845,600011,87,2677,13365,100
2787020484267108,600011,87,2677,13365,100
2787020489385619,600011,87,2677,13365,100
2787020494503623,600011,87,2677,13365,100
2787020499622933,600011,87,2677,13365,100
2787020504740319,600011,87,2677,13365,100
2787020509858156,600011,87,2677,13365,100
2787020514975036,600011,87,2677,13365,100
2787020520093551,600011,87,2677,13365,100
2787020525211245,600011,87,2677,13365,100
2787020530329839,600011,87,2677,13365,100
2787020535447126,600011,87,2677,13365,100
2787020540564598,600011,87,2677,13365,100
2787020545682233,600011,87,2677,13365,100
2787020550801111,600011,87,2677,13365,100
2787020555918503,600011,87,2677,13365,100
2787020561037171,600011,87,2677,13365,100
2787020566155312,600011,87,2677,13365,100
2787020571272768,600011,87,2677,13365,100
2787020576390664,600011,87,2677,13365,100
2787020581508363,600011,87,2677,13365,100
2787020586626226,600011,87,2677,13365,100
2787020591744415,600011,87,2677,13365,100
2787020596862362,600011,87,2677,13365,100
2787020601982779,600011,87,2677,13365,100
2787020607119667,600011,87,2677,13365,100
2787020612237149,600011,87,2677,13365,100
2787020617354392,600011,87,2677,13365,100
2787020622472158,600011,87,2677,13365,100
2787020627589482,600011,87,2677,13365,100
2787020632707281,600011,87,2677,13365,100
2787020637826097,600011,87,2677,13365,100
2787020642943653,600011,87,2677,13365,100
2787020648061018,600011,87,2677,13365,100
2787020653180266,600011,87,2677,13365,100
2787020658297778,600011,87,2677,13365,100
2787020663416326,600011,87,2677,13365,100
2787020668534247,599985,87,2677,13365,100
2787020673652195,599985,87,2677,13365,100
2787020678769428,599985,87,2677,13365,100
2787020683886840,599985,87,2677,13365,100
2787020689021468,599985,87,2677,13365,100
2787020694139559,599985,87,2677,13365,100
2787020699257051,599985,87,2677,13365,100
2787020704376015,599985,87,2677,13365,100
2787020709493882,599985,87,2677,13365,100
2787020714610876,599985,87,2677,13365,100
2787020719728415,599985,87,2677,13365,100
2787020724847019,599985,87,2677,13365,100
2787020729964379,599985,87,2677,13365,100
2787020735081652,599985,87,2677,13365,100
2787020740199433,599985,87,2677,13365,100
2787020745316796,599985,87,2677,13365,100
2787020750434407,599985,87,2677,13365,100
2787020755553271,599985,87,2677,13365,100
2787020760670458,599985,87,2677,13365,100
2787020765787598,599985,87,2677,13365,100
2787020770904984,599985,87,2677,13365,100
2787020776022578,599985,87,2677,13365,100
2787020781140428,599985,87,2677,13365,100
2787020786258411,599985,87,2677,13365,100
2787020791376932,599985,87,2677,13365,100
2787020796494266,599985,87,2677,13365,100
2787020801611098,599985,87,2677,13365,100
2787020806728888,599985,87,2677,13365,100
2787020811845098,599985,87,2677,13365,100
2787020816960813,599985,87,2677,13365,100
2787020822077323,599985,87,2677,13365,100
2787020827193786,599985,87,2677,13365,100
2787020832310477,599985,87,2677,13365,100
2787020837428616,599985,87,2677,13365,100
2787020842545879,599985,87,2677,13365,100
2787020847663164,599985,87,2677,13365,100
2787020852780433,599985,87,2677,13365,100
2787020857900066,599985,87,2677,13365,100
2787020863036309,599985,87,2677,13365,100
2787020868154262,599985,87,2677,13365,100
2787020873271758,599985,87,2677,13365,100
2787020878389146,599985,87,2677,13365,100
2787020883506562,599985,87,2677,13365,100
2787020888624387,599985,87,2677,13365,100
2787020893741459,599985,87,2677,13365,100
2787020898859034,599985,87,2677,13365,100
2787020903976612,599985,87,2677,13365,100
2787020909095362,599985,87,2677,13365,100
2787020914212881,599985,87,2677,13365,100
2787020919330237,599985,87,2677,13365,100
2787020924447657,599985,87,2677,13365,100
2787020929564239,599985,87,2677,13365,100
2787020934681802,599985,87,2677,13365,100
2787020939798989,599985,87,2677,13365,100
2787020944916459,599985,87,2677,13365,100
2787020950033836,599985,87,2677,13365,100
2787020955151635,599985,87,2677,13365,100
2787020960270592,599985,87,2677,13365,100
2787020965388385,599985,87,2677,13365,100
2787020970506117,599985,87,2677,13365,100
2787020975623573,599985,87,2677,13365,100
2787020980740782,599985,87,2677,13365,100
2787020985858194,599985,87,2677,13365,100
2787020990976210,599985,87,2677,13365,100
2787020996094555,599985,87,2677,13365,100
2787021001212171,599985,87,2677,13365,100
2787021006330267,599985,87,2677,13365,100
2787021011449032,599985,87,2677,13365,100
2787021016584420,599985,87,2677,13365,100
2787021021702232,599985,87,2677,13365,100
2787021026819352,599985,87,2677,13365,100
2787021031937161,599985,87,2677,13365,100
2787021037055257,599985,87,2677,13365,100
2787021042172409,599985,87,2677,13365,100
2787021047290266,599985,87,2677,13365,100
2787021052408167,599985,87,2677,13365,100
2787021057525042,599985,87,2677,13365,100
2787021062644327,599985,87,2677,13365,100
2787021067761758,599985,87,2677,13365,100
2787021072879532,599985,87,2677,13365,100
2787021077997308,599985,87,2677,13365,100
2787021083138033,599985,87,2677,13365,100
2787021088255385,599985,87,2677,13365,100
2787021093372787,599985,87,2677,13365,100
2787021098490497,599985,87,2677,13365,100
2787021103608586,599985,87,2677,13365,100
2787021108737114,599985,87,2677,13365,100
2787021113856843,599985,87,2677,13365,100
2787021118974031,599985,87,2677,13365,100
2787021124091940,599985,87,2677,13365,100
2787021129209696,599985,87,2677,13365,100
2787021134327280,599985,87,2677,13365,100
2787021139444432,599985,87,2677,13365,100
2787021144560443,599985,87,2677,13365,100
2787021149696981,599985,87,2677,13365,100
2787021154836941,599985,87,2677,13365,100
2787021159954349,599985,87,2677,13365,100
2787021165073075,599980,87,2677,13365,100
2787021170190678,599980,87,2677,13365,100
2787021175308469,599980,87,2677,13365,100
2787021180426183,599980,87,2677,13365,100
2787021185543612,599980,87,2677,13365,100
2787021190666875,599980,87,2677,13365,100
2787021195784268,599980,87,2677,13365,100
2787021200901645,599980,87,2677,13365,100
2787021206037465,599980,87,2677,13365,100
2787021211155059,599980,87,2677,13365,100
2787021216274172,599980,87,2677,13365,100
2787021221391688,599980,87,2677,13365,100
2787021226509073,599980,87,2677,13365,100
2787021231626466,599980,87,2677,13365,100
2787021236744011,599980,87,2677,13365,100
2787021241861892,599980,87,2677,13365,100
2787021246979290,599980,87,2677,13365,100
2787021252097095,599980,87,2677,13365,100
2787021257214606,599980,87,2677,13365,100
2787021262332005,599980,87,2677,13365,100
2787021267451346,599980,87,2677,13365,100
2787021272568350,599980,87,2677,13365,100
2787021277685842,599980,87,2677,13365,100
2787021282803530,599980,87,2677,13365,100
2787021287920871,599980,87,2677,13365,100
2787021293038271,599980,87,2677,13365,100
2787021298155660,599980,87,2677,13365,100
2787021303273752,599980,87,2677,13365,100
2787021308390896,599980,87,2677,13365,100
2787021313508820,599980,87,2677,13365,100
2787021318628145,599980,87,2677,13365,100
2787021323745656,599980,87,2677,13365,100
2787021328863660,599980,87,2677,13365,100
2787021333981463,599980,87,2677,13365,100
2787021339127996,599980,87,2677,13365,100
2787021344245175,599980,87,2677,13365,100
2787021349362463,599980,87,2677,13365,100
2787021354480249,599980,87,2677,13365,100
2787021359597473,599980,87,2677,13365,100
2787021364714950,599980,87,2677,13365,100
2787021369834264,599980,87,2677,13365,100
2787021374952373,599980,87,2677,13365,100
2787021380069742,599980,87,2677,13365,100
2787021385187148,599980,87,2677,13365,100
2787021390304887,599980,87,2677,13365,100
2787021395422506,599980,87,2677,13365,100
2787021400539943,599980,87,2677,13365,100
2787021405657865,599980,87,2677,13365,100
2787021410775399,599980,87,2677,13365,100
2787021415893102,599980,87,2677,13365,100
2787021421034748,599980,87,2677,13365,100
2787021426152963,599980,87,2677,13365,100
2787021431270761,599980,87,2677,13365,100
2787021436388611,599980,87,2677,13365,100
2787021441506185,599980,87,2677,13365,100
2787021446623474,599980,87,2677,13365,100
2787021451741419,599980,87,2677,13365,100
2787021456858875,599980,87,2677,13365,100
2787021461976283,599980,87,2677,13365,100
2787021467093858,599980,87,2677,13365,100
2787021472212230,599980,87,2677,13365,100
2787021477329564,599980,87,2677,13365,100
2787021482446931,599980,87,2677,13365,100
2787021487564629,599980,87,2677,13365,100
2787021492682329,599980,87,2677,13365,100
2787021497799744,599980,87,2677,13365,100
2787021502916898,599980,87,2677,13365,100
2787021508034582,599980,87,2677,13365,100
2787021513152331,599980,87,2677,13365,100
2787021518269707,599980,87,2677,13365,100
2787021523388506,599980,87,2677,13365,100
2787021528505828,599980,87,2677,13365,100
2787021533623180,599980,87,2677,13365,100
2787021538740437,599980,87,2677,13365,100
2787021543856881,599980,87,2677,13365,100
2787021548974157,599980,87,2677,13365,100
2787021554091385,599980,87,2677,13365,100
2787021559209116,599980,87,2677,13365,100
2787021564326595,599980,87,2677,13365,100
2787021569443785,599980,87,2677,13365,100
2787021574573407,599980,87,2677,13365,100
2787021579691132,599980,87,2677,13365,100
2787021584808376,599980,87,2677,13365,100
2787021589925564,599980,87,2677,13365,100
2787021595043040,599980,87,2677,13365,100
2787021600160213,599980,87,2677,13365,100
2787021605278821,599980,87,2677,13365,100
2787021610412993,599980,87,2677,13365,100
2787021615530918,599980,87,2677,13365,100
2787021620628458,599980,87,2677,13365,100
2787021625746819,599980,87,2677,13365,100
2787021630864387,599980,87,2677,13365,100
2787021635981436,599980,87,2677,13365,100
2787021641114216,599980,87,2677,13365,100
2787021646229985,599980,87,2677,13365,100
2787021651359353,599980,87,2677,13365,100
2787021656476613,599980,87,2677,13365,100
2787021661591813,599980,87,2677,13365,100
2787021666707036,599974,87,2677,13365,100
2787021671839662,599974,87,2677,13365,100
2787021676956779,599974,87,2677,13365,100
2787021682072103,599974,87,2677,13365,100
2787021687187723,599974,87,2677,13365,100
2787021692303395,599974,87,2677,13365,100
2787021697419834,599974,87,2677,13365,100
2787021702535948,599974,87,2677,13365,100
2787021707652137,599974,87,2677,13365,100
2787021712768795,599974,87,2677,13365,100
2787021717886092,599974,87,2677,13365,100
2787021723022438,599974,87,2677,13365,100
2787021728141595,599974,87,2677,13365,100
2787021733259087,599974,87,2677,13365,100
2787021738376643,599974,87,2677,13365,100
2787021743494093,599974,87,2677,13365,100
2787021748611487,599974,87,2677,13365,100
2787021753728960,599974,87,2677,13365,100
2787021758847340,599974,87,2677,13365,100
2787021763964477,599974,87,2677,13365,100
2787021769081745,599974,87,2677,13365,100
2787021774199094,599974,87,2677,13365,100
2787021779317718,599974,87,2677,13365,100
2787021784435088,599974,87,2677,13365,100
2787021789552382,599974,87,2677,13365,100
2787021794669659,599974,87,2677,13365,100
2787021799787151,599974,87,2677,13365,100
2787021804905006,599974,87,2677,13365,100
2787021810022284,599974,87,2677,13365,100
2787021815140269,599974,87,2677,13365,100
2787021820257481,599974,87,2677,13365,100
2787021825375583,599974,87,2677,13365,100
2787021830494513,599974,87,2677,13365,100
2787021835611645,599974,87,2677,13365,100
2787021840729822,599974,87,2677,13365,100
2787021845847095,599974,87,2677,13365,100
2787021850964127,599974,87,2677,13365,100
2787021856081983,599974,87,2677,13365,100
2787021861208000,599974,87,2677,13365,100
2787021866326118,599974,87,2677,13365,100
2787021871443696,599974,87,2677,13365,100
2787021876561109,599974,87,2677,13365,100
2787021881679977,599974,87,2677,13365,100
2787021886798289,599974,87,2677,13365,100
2787021891915820,599974,87,2677,13365,100
2787021897047998,599974,87,2677,13365,100
2787021902165103,599974,87,2677,13365,100
2787021907282641,599974,87,2677,13365,100
2787021912400212,599974,87,2677,13365,100
2787021917517942,599974,87,2677,13365,100
2787021922635938,599974,87,2677,13365,100
2787021927753373,599974,87,2677,13365,100
2787021932871775,599974,87,2677,13365,100
2787021937989057,599974,87,2677,13365,100
2787021943130743,599974,87,2677,13365,100
2787021948247786,599974,87,2677,13365,100
2787021953366352,599974,87,2677,13365,100
2787021958484731,599974,87,2677,13365,100
2787021963602454,599974,87,2677,13365,100
2787021968719824,599974,87,2677,13365,100
2787021973837608,599974,87,2677,13365,100
2787021978955036,599974,87,2677,13365,100
2787021984073780,599974,87,2677,13365,100
2787021989190965,599974,87,2677,13365,100
2787021994308389,599974,87,2677,13365,100
2787021999426053,599974,87,2677,13365,100
2787022004544226,599974,87,2677,13365,100
2787022009661954,599974,87,2677,13365,100
2787022014778998,599974,87,2677,13365,100
2787022019896657,599974,87,2677,13365,100
2787022025034967,599974,87,2677,13365,100
2787022030152185,599974,87,2677,13365,100
2787022035270588,599974,87,2677,13365,100
2787022040388056,599974,87,2677,13365,100
2787022045505360,599974,87,2677,13365,100
2787022050623041,599974,87,2677,13365,100
2787022055740209,599974,87,2677,13365,100
2787022060857677,599974,87,2677,13365,100
2787022065975438,599974,87,2677,13365,100
2787022071092593,599974,87,2677,13365,100
2787022076209715,599974,87,2677,13365,100
2787022081327000,599974,87,2677,13365,100
2787022086445900,599974,87,2677,13365,100
2787022091563038,599974,87,2677,13365,100
2787022096680522,599974,87,2677,13365,100
2787022101797461,599974,87,2677,13365,100
2787022106914818,599974,87,2677,13365,100
2787022112032261,599974,87,2677,13365,100
2787022117149694,599974,87,2677,13365,100
2787022122266971,599974,87,2677,13365,100
2787022127384523,599974,87,2677,13365,100
2787022132502123,599974,87,2677,13365,100
2787022137621239,599974,87,2677,13365,100
2787022142738703,599974,87,2677,13365,100
2787022147856148,599974,87,2677,13365,100
2787022152973636,599974,87,2677,13365,100
2787022158091440,599974,87,2677,13365,100
2787022163209031,599974,87,2677,13365,100
2787022168326770,600035,87,2677,13365,100
2787022173444742,600035,87,2677,13365,100
2787022178562450,600035,87,2677,13365,100
2787022183680147,600035,87,2677,13365,100
2787022188798715,600035,87,2677,13365,100
2787022193915983,600035,87,2677,13365,100
2787022199033662,600035,87,2677,13365,100
2787022204150776,600035,87,2677,13365,100
2787022209266985,600035,87,2677,13365,100
2787022214384669,600035,87,2677,13365,100
2787022219502578,600035,87,2677,13365,100
2787022224620506,600035,87,2677,13365,100
2787022229737962,600035,87,2677,13365,100
2787022234855386,600035,87,2677,13365,100
2787022239974426,600035,87,2677,13365,100
2787022245092178,600035,87,2677,13365,100
2787022250209675,600035,87,2677,13365,100
2787022255326760,600035,87,2677,13365,100
2787022260444049,600035,87,2677,13365,100
2787022265561228,600035,87,2677,13365,100
2787022270678237,600035,87,2677,13365,100
2787022275796069,600035,87,2677,13365,100
2787022280913252,600035,87,2677,13365,100
2787022286030731,600035,87,2677,13365,100
2787022291150199,600035,87,2677,13365,100
2787022296267579,600035,87,2677,13365,100
2787022301385137,600035,87,2677,13365,100
2787022306502434,600035,87,2677,13365,100
2787022311620432,600035,87,2677,13365,100
2787022316738172,600035,87,2677,13365,100
2787022321855647,600035,87,2677,13365,100
2787022326990521,600035,87,2677,13365,100
2787022332131821,600035,87,2677,13365,100
2787022337249538,600035,87,2677,13365,100
2787022342368714,600035,87,2677,13365,100
2787022347486158,600035,87,2677,13365,100
2787022352604139,600035,87,2677,13365,100
2787022357721385,600035,87,2677,13365,100
2787022362838723,600035,87,2677,13365,100
2787022367956400,600035,87,2677,13365,100
2787022373074272,600035,87,2677,13365,100
2787022378191960,600035,87,2677,13365,100
2787022383309077,600035,87,2677,13365,100
2787022388426953,600035,87,2677,13365,100
2787022393545946,600035,87,2677,13365,100
2787022398663892,600035,87,2677,13365,100
2787022403781530,600035,87,2677,13365,100
2787022408898861,600035,87,2677,13365,100
2787022414037263,600035,87,2677,13365,100
2787022419154624,600035,87,2677,13365,100
2787022424272314,600035,87,2677,13365,100
2787022429389888,600035,87,2677,13365,100
2787022434507488,600035,87,2677,13365,100
2787022439625381,600035,87,2677,13365,100
2787022444744573,600035,87,2677,13365,100
2787022449862510,600035,87,2677,13365,100
2787022454979958,600035,87,2677,13365,100
2787022460115106,600035,87,2677,13365,100
2787022465232403,600035,87,2677,13365,100
2787022470349753,600035,87,2677,13365,100
2787022475467637,600035,87,2677,13365,100
2787022480584900,600035,87,2677,13365,100
2787022485702552,600035,87,2677,13365,100
2787022490820485,600035,87,2677,13365,100
2787022495939795,600035,87,2677,13365,100
2787022501057279,600035,87,2677,13365,100
2787022506174471,600035,87,2677,13365,100
2787022511291970,600035,87,2677,13365,100
2787022516409438,600035,87,2677,13365,100
2787022521527031,600035,87,2677,13365,100
2787022526644091,600035,87,2677,13365,100
2787022531761586,600035,87,2677,13365,100
2787022536889817,600035,87,2677,13365,100
2787022542028247,600035,87,2677,13365,100
2787022547147858,600035,87,2677,13365,100
2787022552265172,600035,87,2677,13365,100
2787022557382675,600035,87,2677,13365,100
2787022562499870,600035,87,2677,13365,100
2787022567617538,600035,87,2677,13365,100
2787022572735680,600035,87,2677,13365,100
2787022577852958,600035,87,2677,13365,100
2787022582970183,600035,87,2677,13365,100
2787022588087695,600035,87,2677,13365,100
2787022593205340,600035,87,2677,13365,100
2787022598324630,600035,87,2677,13365,100
2787022603442516,600035,87,2677,13365,100
2787022608569565,600035,87,2677,13365,100
2787022613686988,600035,87,2677,13365,100
2787022618805340,600035,87,2677,13365,100
2787022623922890,600035,87,2677,13365,100
2787022629040576,600035,87,2677,13365,100
2787022634158193,600035,87,2677,13365,100
2787022639276257,600035,87,2677,13365,100
2787022644393721,600035,87,2677,13365,100
2787022649512615,600035,87,2677,13365,100
2787022654630212,600035,87,2677,13365,100
2787022659748075,600035,87,2677,13365,100
2787022664865805,599998,87,2677,13365,100
2787022669983289,599998,87,2677,13365,100
2787022675123997,599998,87,2677,13365,100
2787022680248354,599998,87,2677,13365,100
2787022685366464,599998,87,2677,13365,100
2787022690484015,599998,87,2677,13365,100
2787022695601751,599998,87,2677,13365,100
2787022700720357,599998,87,2677,13365,100
2787022705838516,599998,87,2677,13365,100
2787022710956211,599998,87,2677,13365,100
2787022716074356,599998,87,2677,13365,100
2787022721192214,599998,87,2677,13365,100
2787022726309561,599998,87,2677,13365,100
2787022731426850,599998,87,2677,13365,100
2787022736543986,599998,87,2677,13365,100
2787022741661802,599998,87,2677,13365,100
2787022746779987,599998,87,2677,13365,100
2787022751898913,599998,87,2677,13365,100
2787022757036991,599998,87,2677,13365,100
2787022762154696,599998,87,2677,13365,100
2787022767272444,599998,87,2677,13365,100
2787022772389698,599998,87,2677,13365,100
2787022777507289,599998,87,2677,13365,100
2787022782624757,599998,87,2677,13365,100
2787022787742583,599998,87,2677,13365,100
2787022792860441,599998,87,2677,13365,100
2787022797978032,599998,87,2677,13365,100
2787022803096996,599998,87,2677,13365,100
2787022808214363,599998,87,2677,13365,100
2787022813337099,599998,87,2677,13365,100
2787022818454215,599998,87,2677,13365,100
2787022823571796,599998,87,2677,13365,100
2787022828688718,599998,87,2677,13365,100
2787022833806276,599998,87,2677,13365,100
2787022838923727,599998,87,2677,13365,100
2787022844041810,599998,87,2677,13365,100
2787022849159316,599998,87,2677,13365,100
2787022854278694,599998,87,2677,13365,100
2787022859395498,599998,87,2677,13365,100
2787022864512811,599998,87,2677,13365,100
2787022869630251,599998,87,2677,13365,100
2787022874747307,599998,87,2677,13365,100
2787022879864572,599998,87,2677,13365,100
2787022884981960,599998,87,2677,13365,100
2787022890121289,599998,87,2677,13365,100
2787022895238489,599998,87,2677,13365,100
2787022900355997,599998,87,2677,13365,100
2787022905477526,599998,87,2677,13365,100
2787022910594928,599998,87,2677,13365,100
2787022915712554,599998,87,2677,13365,100
2787022920829843,599998,87,2677,13365,100
2787022925947251,599998,87,2677,13365,100
2787022931064779,599998,87,2677,13365,100
2787022936182259,599998,87,2677,13365,100
2787022941299389,599998,87,2677,13365,100
2787022946416748,599998,87,2677,13365,100
2787022951533981,599998,87,2677,13365,100
2787022956653077,599998,87,2677,13365,100
2787022961770238,599998,87,2677,13365,100
2787022966887446,599998,87,2677,13365,100
2787022972028219,599998,87,2677,13365,100
2787022977145678,599998,87,2677,13365,100
2787022982280527,599998,87,2677,13365,100
2787022987397703,599998,87,2677,13365,100
2787022992514791,599998,87,2677,13365,100
2787022997632380,599998,87,2677,13365,100
2787023002749752,599998,87,2677,13365,100
2787023007869029,599998,87,2677,13365,100
2787023012986630,599998,87,2677,13365,100
2787023018122685,599998,87,2677,13365,100
2787023023240046,599998,87,2677,13365,100
2787023028357543,599998,87,2677,13365,100
2787023033475062,599998,87,2677,13365,100
2787023038592925,599998,87,2677,13365,100
2787023043710276,599998,87,2677,13365,100
2787023048828135,599998,87,2677,13365,100
2787023053945612,599998,87,2677,13365,100
2787023059064660,599998,87,2677,13365,100
2787023064182428,599998,87,2677,13365,100
2787023069299681,599998,87,2677,13365,100
2787023074416909,599998,87,2677,13365,100
2787023079534981,599998,87,2677,13365,100
2787023084652598,599998,87,2677,13365,100
2787023089769921,599998,87,2677,13365,100
2787023094887339,599998,87,2677,13365,100
2787023100025815,599998,87,2677,13365,100
2787023105143488,599998,87,2677,13365,100
2787023110262368,599998,87,2677,13365,100
2787023115380128,599998,87,2677,13365,100
2787023120497280,599998,87,2677,13365,100
2787023125634421,599998,87,2677,13365,100
2787023130764577,599998,87,2677,13365,100
2787023135881929,599998,87,2677,13365,100
2787023140999166,599998,87,2677,13365,100
2787023146134346,599998,87,2677,13365,100
2787023151252220,599998,87,2677,13365,100
2787023156369927,599998,87,2677,13365,100
2787023161488940,599998,87,2677,13365,100
2787023166606546,599954,87,2677,13365,100
2787023171724603,599954,87,2677,13365,100
2787023176842640,599954,87,2677,13365,100
2787023181959973,599954,87,2677,13365,100
2787023187077818,599954,87,2677,13365,100
2787023192195501,599954,87,2677,13365,100
2787023197312882,599954,87,2677,13365,100
2787023202430171,599954,87,2677,13365,100
2787023207547423,599954,87,2677,13365,100
2787023212666459,599954,87,2677,13365,100
2787023217783717,599954,87,2677,13365,100
2787023222901712,599954,87,2677,13365,100
2787023228024591,599954,87,2677,13365,100
2787023233142256,599954,87,2677,13365,100
2787023238259941,599954,87,2677,13365,100
2787023243377401,599954,87,2677,13365,100
2787023248494641,599954,87,2677,13365,100
2787023253612306,599954,87,2677,13365,100
2787023258729374,599954,87,2677,13365,100
2787023263848431,599954,87,2677,13365,100
2787023268965987,599954,87,2677,13365,100
2787023274084211,599954,87,2677,13365,100
2787023279201720,599954,87,2677,13365,100
2787023284319072,599954,87,2677,13365,100
2787023289436769,599954,87,2677,13365,100
2787023294554525,599954,87,2677,13365,100
2787023299671959,599954,87,2677,13365,100
2787023304789429,599954,87,2677,13365,100
2787023309907714,599954,87,2677,13365,100
2787023315027047,599954,87,2677,13365,100
2787023320152630,599954,87,2677,13365,100
2787023325270711,599954,87,2677,13365,100
2787023330388567,599954,87,2677,13365,100
2787023335506079,599954,87,2677,13365,100
2787023340624700,599954,87,2677,13365,100
2787023345742672,599954,87,2677,13365,100
2787023350859665,599954,87,2677,13365,100
2787023355977157,599954,87,2677,13365,100
2787023361094832,599954,87,2677,13365,100
2787023366214094,599954,87,2677,13365,100
2787023371331230,599954,87,2677,13365,100
2787023376448659,599954,87,2677,13365,100
2787023381565809,599954,87,2677,13365,100
2787023386683283,599954,87,2677,13365,100
2787023391800664,599954,87,2677,13365,100
2787023396918024,599954,87,2677,13365,100
2787023402036067,599954,87,2677,13365,100
2787023407153345,599954,87,2677,13365,100
2787023412270774,599954,87,2677,13365,100
2787023417390473,599954,87,2677,13365,100
2787023422508446,599954,87,2677,13365,100
2787023427625843,599954,87,2677,13365,100
2787023432743131,599954,87,2677,13365,100
2787023437860865,599954,87,2677,13365,100
2787023442978349,599954,87,2677,13365,100
2787023448095824,599954,87,2677,13365,100
2787023453213345,599954,87,2677,13365,100
2787023458330769,599954,87,2677,13365,100
2787023463448037,599954,87,2677,13365,100
2787023468567404,599954,87,2677,13365,100
2787023473685308,599954,87,2677,13365,100
2787023478803292,599954,87,2677,13365,100
2787023483920882,599954,87,2677,13365,100
2787023489038307,599954,87,2677,13365,100
2787023494156280,599954,87,2677,13365,100
2787023499273819,599954,87,2677,13365,100
2787023504391264,599954,87,2677,13365,100
2787023509508873,599954,87,2677,13365,100
2787023514626221,599954,87,2677,13365,100
2787023519745617,599954,87,2677,13365,100
2787023524863152,599954,87,2677,13365,100
2787023529980478,599954,87,2677,13365,100
2787023535119520,599954,87,2677,13365,100
2787023540237119,599954,87,2677,13365,100
2787023545354757,599954,87,2677,13365,100
2787023550472287,599954,87,2677,13365,100
2787023555589731,599954,87,2677,13365,100
2787023560707410,599954,87,2677,13365,100
2787023565825172,599954,87,2677,13365,100
2787023570944264,599954,87,2677,13365,100
2787023576062023,599954,87,2677,13365,100
2787023581179209,599954,87,2677,13365,100
2787023586296733,599954,87,2677,13365,100
2787023591414086,599954,87,2677,13365,100
2787023596531447,599954,87,2677,13365,100
2787023601649165,599954,87,2677,13365,100
2787023606766447,599954,87,2677,13365,100
2787023611883979,599954,87,2677,13365,100
2787023617022816,599954,87,2677,13365,100
2787023622141888,599954,87,2677,13365,100
2787023627259608,599954,87,2677,13365,100
2787023632377276,599954,87,2677,13365,100
2787023637512097,599954,87,2677,13365,100
2787023642629745,599954,87,2677,13365,100
2787023647747466,599954,87,2677,13365,100
2787023652868648,599954,87,2677,13365,100
2787023657985892,599954,87,2677,13365,100
2787023663120843,599954,87,2677,13365,100
2787023668238393,599988,87,2677,13365,100
2787023673357511,599988,87,2677,13365,100
2787023678475000,599988,87,2677,13365,100
2787023683592272,599988,87,2677,13365,100
2787023688709439,599988,87,2677,13365,100
2787023693827230,599988,87,2677,13365,100
2787023698944325,599988,87,2677,13365,100
2787023704061904,599988,87,2677,13365,100
2787023709179528,599988,87,2677,13365,100
2787023714297353,599988,87,2677,13365,100
2787023719414803,599988,87,2677,13365,100
2787023724534207,599988,87,2677,13365,100
2787023729652075,599988,87,2677,13365,100
2787023734769604,599988,87,2677,13365,100
2787023739887215,599988,87,2677,13365,100
2787023745026473,599988,87,2677,13365,100
2787023750143851,599988,87,2677,13365,100
2787023755260822,599988,87,2677,13365,100
2787023760378392,599988,87,2677,13365,100
2787023765495931,599988,87,2677,13365,100
2787023770613461,599988,87,2677,13365,100
2787023775732491,599988,87,2677,13365,100
2787023780849915,599988,87,2677,13365,100
2787023785967136,599988,87,2677,13365,100
2787023791085156,599988,87,2677,13365,100
2787023796203276,599988,87,2677,13365,100
2787023801320709,599988,87,2677,13365,100
2787023806438169,599988,87,2677,13365,100
2787023811556005,599988,87,2677,13365,100
2787023816674393,599988,87,2677,13365,100
2787023821791783,599988,87,2677,13365,100
2787023826910258,599988,87,2677,13365,100
2787023832027033,599988,87,2677,13365,100
2787023837143751,599988,87,2677,13365,100
2787023842260182,599988,87,2677,13365,100
2787023847375934,599988,87,2677,13365,100
2787023852492011,599988,87,2677,13365,100
2787023857608543,599988,87,2677,13365,100
2787023862725387,599988,87,2677,13365,100
2787023867842993,599988,87,2677,13365,100
2787023872960448,599988,87,2677,13365,100
2787023878079318,599988,87,2677,13365,100
2787023883196779,599988,87,2677,13365,100
2787023888314147,599988,87,2677,13365,100
2787023893431735,599988,87,2677,13365,100
2787023898549350,599988,87,2677,13365,100
2787023903666992,599988,87,2677,13365,100
2787023908784945,599988,87,2677,13365,100
2787023913902513,599988,87,2677,13365,100
2787023919019866,599988,87,2677,13365,100
2787023924137378,599988,87,2677,13365,100
2787023929256536,599988,87,2677,13365,100
2787023934374448,599988,87,2677,13365,100
2787023939492163,599988,87,2677,13365,100
2787023944609399,599988,87,2677,13365,100
2787023949726956,599988,87,2677,13365,100
2787023954843892,599988,87,2677,13365,100
2787023959961348,599988,87,2677,13365,100
2787023965079349,599988,87,2677,13365,100
2787023970196929,599988,87,2677,13365,100
2787023975314394,599988,87,2677,13365,100
2787023980433213,599988,87,2677,13365,100
2787023985550674,599988,87,2677,13365,100
2787023990683014,599988,87,2677,13365,100
2787023995800581,599988,87,2677,13365,100
2787024000918717,599988,87,2677,13365,100
2787024006036207,599988,87,2677,13365,100
2787024011154116,599988,87,2677,13365,100
2787024016271656,599988,87,2677,13365,100
2787024021389528,599988,87,2677,13365,100
2787024026507129,599988,87,2677,13365,100
2787024031626945,599988,87,2677,13365,100
2787024036744242,599988,87,2677,13365,100
2787024041863060,599988,87,2677,13365,100
2787024046981297,599988,87,2677,13365,100
2787024052123321,599988,87,2677,13365,100
2787024057240687,599988,87,2677,13365,100
2787024062358423,599988,87,2677,13365,100
2787024067476040,599988,87,2677,13365,100
2787024072593284,599988,87,2677,13365,100
2787024077710856,599988,87,2677,13365,100
2787024082830689,599988,87,2677,13365,100
2787024087948101,599988,87,2677,13365,100
2787024093065136,599988,87,2677,13365,100
2787024098182800,599988,87,2677,13365,100
2787024103300179,599988,87,2677,13365,100
2787024108417618,599988,87,2677,13365,100
2787024113535359,599988,87,2677,13365,100
2787024118652640,599988,87,2677,13365,100
2787024123770355,599988,87,2677,13365,100
2787024128887712,599988,87,2677,13365,100
2787024134028500,599988,87,2677,13365,100
2787024139146595,599988,87,2677,13365,100
2787024144264574,599988,87,2677,13365,100
2787024149381822,599988,87,2677,13365,100
2787024154499254,599988,87,2677,13365,100
2787024159617306,599988,87,2677,13365,100
2787024164735106,599984,87,2677,13365,100
2787024169853761,599984,87,2677,13365,100
2787024174971213,599984,87,2677,13365,100
2787024180088416,599984,87,2677,13365,100
2787024185207644,599984,87,2677,13365,100
2787024190325121,599984,87,2677,13365,100
2787024195442813,599984,87,2677,13365,100
2787024200559686,599984,87,2677,13365,100
2787024205677114,599984,87,2677,13365,100
2787024210794490,599984,87,2677,13365,100
2787024215911814,599984,87,2677,13365,100
2787024221029838,599984,87,2677,13365,100
2787024226147719,599984,87,2677,13365,100
2787024231265149,599984,87,2677,13365,100
2787024236383918,599984,87,2677,13365,100
2787024241501184,599984,87,2677,13365,100
2787024246619336,599984,87,2677,13365,100
2787024251737101,599984,87,2677,13365,100
2787024256854603,599984,87,2677,13365,100
2787024261972518,599984,87,2677,13365,100
2787024267090394,599984,87,2677,13365,100
2787024272208029,599984,87,2677,13365,100
2787024277325246,599984,87,2677,13365,100
2787024282442787,599984,87,2677,13365,100
2787024287561784,599984,87,2677,13365,100
2787024292696579,599984,87,2677,13365,100
2787024297814140,599984,87,2677,13365,100
2787024302932135,599984,87,2677,13365,100
2787024308049733,599984,87,2677,13365,100
2787024313167313,599984,87,2677,13365,100
2787024318284801,599984,87,2677,13365,100
2787024323402470,599984,87,2677,13365,100
2787024328520102,599984,87,2677,13365,100
2787024333637943,599984,87,2677,13365,100
2787024338756951,599984,87,2677,13365,100
2787024343874244,599984,87,2677,13365,100
2787024348992128,599984,87,2677,13365,100
2787024354149584,599984,87,2677,13365,100
2787024359266884,599984,87,2677,13365,100
2787024364384356,599984,87,2677,13365,100
2787024369501001,599984,87,2677,13365,100
2787024374618294,599984,87,2677,13365,100
2787024379735942,599984,87,2677,13365,100
2787024384853442,599984,87,2677,13365,100
2787024389972829,599984,87,2677,13365,100
2787024395090543,599984,87,2677,13365,100
2787024400208211,599984,87,2677,13365,100
2787024405328582,599984,87,2677,13365,100
2787024410446414,599984,87,2677,13365,100
2787024415563684,599984,87,2677,13365,100
2787024420680875,599984,87,2677,13365,100
2787024425798429,599984,87,2677,13365,100
2787024430915702,599984,87,2677,13365,100
2787024436033314,599984,87,2677,13365,100
2787024441152507,599984,87,2677,13365,100
2787024446270811,599984,87,2677,13365,100
2787024451388783,599984,87,2677,13365,100
2787024456506215,599984,87,2677,13365,100
2787024461623643,599984,87,2677,13365,100
2787024466741336,599984,87,2677,13365,100
2787024471858712,599984,87,2677,13365,100
2787024476975791,599984,87,2677,13365,100
2787024482093967,599984,87,2677,13365,100
2787024487211612,599984,87,2677,13365,100
2787024492330750,599984,87,2677,13365,100
2787024497448541,599984,87,2677,13365,100
2787024502567059,599984,87,2677,13365,100
2787024507684779,599984,87,2677,13365,100
2787024512802263,599984,87,2677,13365,100
2787024517919976,599984,87,2677,13365,100
2787024523037301,599984,87,2677,13365,100
2787024528154860,599984,87,2677,13365,100
2787024533272661,599984,87,2677,13365,100
2787024538389963,599984,87,2677,13365,100
2787024543509149,599984,87,2677,13365,100
2787024548627024,599984,87,2677,13365,100
2787024553745136,599984,87,2677,13365,100
2787024558862866,599984,87,2677,13365,100
2787024563980495,599984,87,2677,13365,100
2787024569119036,599984,87,2677,13365,100
2787024574236199,599984,87,2677,13365,100
2787024579353792,599984,87,2677,13365,100
2787024584471597,599984,87,2677,13365,100
2787024589589029,599984,87,2677,13365,100
2787024594708437,599984,87,2677,13365,100
2787024599826657,599984,87,2677,13365,100
2787024604944150,599984,87,2677,13365,100
2787024610061615,599984,87,2677,13365,100
2787024615179295,599984,87,2677,13365,100
2787024620296500,599984,87,2677,13365,100
2787024625413917,599984,87,2677,13365,100
2787024630532160,599984,87,2677,13365,100
2787024635649652,599984,87,2677,13365,100
2787024640767103,599984,87,2677,13365,100
2787024645886249,599984,87,2677,13365,100
2787024651025145,599984,87,2677,13365,100
2787024656143085,599984,87,2677,13365,100
2787024661260166,599984,87,2677,13365,100
2787024666377506,599898,87,2677,13365,100
2787024671494903,599898,87,2677,13365,100
2787024676612527,599898,87,2677,13365,100
2787024681730558,599898,87,2677,13365,100
2787024686848782,599898,87,2677,13365,100
2787024691966414,599898,87,2677,13365,100
2787024697085484,599898,87,2677,13365,100
2787024702202895,599898,87,2677,13365,100
2787024707320489,599898,87,2677,13365,100
2787024712438218,599898,87,2677,13365,100
2787024717555326,599898,87,2677,13365,100
2787024722694834,599898,87,2677,13365,100
2787024727812086,599898,87,2677,13365,100
2787024732929287,599898,87,2677,13365,100
2787024738046980,599898,87,2677,13365,100
2787024743164018,599898,87,2677,13365,100
2787024748282528,599898,87,2677,13365,100
2787024753400277,599898,87,2677,13365,100
2787024758517701,599898,87,2677,13365,100
2787024763634937,599898,87,2677,13365,100
2787024768752439,599898,87,2677,13365,100
2787024773869962,599898,87,2677,13365,100
2787024778987534,599898,87,2677,13365,100
2787024784127999,599898,87,2677,13365,100
2787024789245603,599898,87,2677,13365,100
2787024794363012,599898,87,2677,13365,100
2787024799482216,599898,87,2677,13365,100
2787024804599852,599898,87,2677,13365,100
2787024809717187,599898,87,2677,13365,100
2787024814834569,599898,87,2677,13365,100
2787024819952055,599898,87,2677,13365,100
2787024825069927,599898,87,2677,13365,100
2787024830187437,599898,87,2677,13365,100
2787024835304816,599898,87,2677,13365,100
2787024840422380,599898,87,2677,13365,100
2787024845539257,599898,87,2677,13365,100
2787024850658195,599898,87,2677,13365,100
2787024855776615,599898,87,2677,13365,100
2787024860893945,599898,87,2677,13365,100
2787024866032602,599898,87,2677,13365,100
2787024871150177,599898,87,2677,13365,100
2787024876267873,599898,87,2677,13365,100
2787024881385089,599898,87,2677,13365,100
2787024886503032,599898,87,2677,13365,100
2787024891620991,599898,87,2677,13365,100
2787024896738050,599898,87,2677,13365,100
2787024901857415,599898,87,2677,13365,100
2787024906975004,599898,87,2677,13365,100
2787024912092607,599898,87,2677,13365,100
2787024917210112,599898,87,2677,13365,100
2787024922327361,599898,87,2677,13365,100
2787024927444501,599898,87,2677,13365,100
2787024932562249,599898,87,2677,13365,100
2787024937679423,599898,87,2677,13365,100
2787024942796978,599898,87,2677,13365,100
2787024947931646,599898,87,2677,13365,100
2787024953050403,599898,87,2677,13365,100
2787024958167954,599898,87,2677,13365,100
2787024963285467,599898,87,2677,13365,100
2787024968403131,599898,87,2677,13365,100
2787024973521134,599898,87,2677,13365,100
2787024978640252,599898,87,2677,13365,100
2787024983758057,599898,87,2677,13365,100
2787024988875114,599898,87,2677,13365,100
2787024993992569,599898,87,2677,13365,100
2787024999127155,599898,87,2677,13365,100
2787025004245092,599898,87,2677,13365,100
2787025009360831,599898,87,2677,13365,100
2787025014476251,599898,87,2677,13365,100
2787025019592055,599898,87,2677,13365,100
2787025024708890,599898,87,2677,13365,100
2787025029825464,599898,87,2677,13365,100
2787025034942093,599898,87,2677,13365,100
2787025040059041,599898,87,2677,13365,100
2787025045176267,599898,87,2677,13365,100
2787025050293125,599898,87,2677,13365,100
2787025055412164,599898,87,2677,13365,100
2787025060529035,599898,87,2677,13365,100
2787025065645825,599898,87,2677,13365,100
2787025070763091,599898,87,2677,13365,100
2787025075880283,599898,87,2677,13365,100
2787025080997718,599898,87,2677,13365,100
2787025086136136,599898,87,2677,13365,100
2787025091253828,599898,87,2677,13365,100
2787025096371153,599898,87,2677,13365,100
2787025101488723,599898,87,2677,13365,100
2787025106607389,599898,87,2677,13365,100
2787025111725138,599898,87,2677,13365,100
2787025116843454,599898,87,2677,13365,100
2787025121961242,599898,87,2677,13365,100
2787025127078699,599898,87,2677,13365,100
2787025132195883,599898,87,2677,13365,100
2787025137313513,599898,87,2677,13365,100
2787025142431660,599898,87,2677,13365,100
2787025147548560,599898,87,2677,13365,100
2787025152666173,599898,87,2677,13365,100
2787025157785518,599898,87,2677,13365,100
2787025162903055,599898,87,2677,13365,100
2787025168020505,599936,87,2677,13365,100
2787025173138322,599936,87,2677,13365,100
2787025178255494,599936,87,2677,13365,100
2787025183373615,599936,87,2677,13365,100
2787025188491037,599936,87,2677,13365,100
2787025193608643,599936,87,2677,13365,100
2787025198726138,599936,87,2677,13365,100
2787025203844108,599936,87,2677,13365,100
2787025208963340,599936,87,2677,13365,100
2787025214081581,599936,87,2677,13365,100
2787025219199143,599936,87,2677,13365,100
2787025224317090,599936,87,2677,13365,100
2787025229434654,599936,87,2677,13365,100
2787025234552315,599936,87,2677,13365,100
2787025239669555,599936,87,2677,13365,100
2787025244798319,599936,87,2677,13365,100
2787025249916391,599936,87,2677,13365,100
2787025255033724,599936,87,2677,13365,100
2787025260152880,599936,87,2677,13365,100
2787025265270485,599936,87,2677,13365,100
2787025270387854,599936,87,2677,13365,100
2787025275505233,599936,87,2677,13365,100
2787025280623142,599936,87,2677,13365,100
2787025285740678,599936,87,2677,13365,100
2787025290858130,599936,87,2677,13365,100
2787025295975101,599936,87,2677,13365,100
2787025301092420,599936,87,2677,13365,100
2787025306209803,599936,87,2677,13365,100
2787025311329729,599936,87,2677,13365,100
2787025316446973,599936,87,2677,13365,100
2787025321564597,599936,87,2677,13365,100
2787025326681641,599936,87,2677,13365,100
2787025331799086,599936,87,2677,13365,100
2787025336916346,599936,87,2677,13365,100
2787025342046222,599936,87,2677,13365,100
2787025347164159,599936,87,2677,13365,100
2787025352281279,599936,87,2677,13365,100
2787025357398783,599936,87,2677,13365,100
2787025362517667,599936,87,2677,13365,100
2787025367634988,599936,87,2677,13365,100
2787025372752581,599936,87,2677,13365,100
2787025377870489,599936,87,2677,13365,100
2787025382988085,599936,87,2677,13365,100
2787025388130842,599936,87,2677,13365,100
2787025393248234,599936,87,2677,13365,100
2787025398365688,599936,87,2677,13365,100
2787025403483142,599936,87,2677,13365,100
2787025408600777,599936,87,2677,13365,100
2787025413719567,599936,87,2677,13365,100
2787025418837393,599936,87,2677,13365,100
2787025423954860,599936,87,2677,13365,100
2787025429071984,599936,87,2677,13365,100
2787025434189447,599936,87,2677,13365,100
2787025439306938,599936,87,2677,13365,100
2787025444424470,599936,87,2677,13365,100
2787025449541546,599936,87,2677,13365,100
2787025454658864,599936,87,2677,13365,100
2787025459776323,599936,87,2677,13365,100
2787025464895480,599936,87,2677,13365,100
2787025470035219,599936,87,2677,13365,100
2787025475152572,599936,87,2677,13365,100
2787025480269572,599936,87,2677,13365,100
2787025485386036,599936,87,2677,13365,100
2787025490501829,599936,87,2677,13365,100
2787025495617786,599936,87,2677,13365,100
2787025500734038,599936,87,2677,13365,100
2787025505849846,599936,87,2677,13365,100
2787025510966246,599936,87,2677,13365,100
2787025516084018,599936,87,2677,13365,100
2787025521200983,599936,87,2677,13365,100
2787025526318818,599936,87,2677,13365,100
2787025531435992,599936,87,2677,13365,100
2787025536552716,599936,87,2677,13365,100
2787025541684720,599936,87,2677,13365,100
2787025546841837,599936,87,2677,13365,100
2787025551959533,599936,87,2677,13365,100
2787025557077205,599936,87,2677,13365,100
2787025562194321,599936,87,2677,13365,100
2787025567313098,599936,87,2677,13365,100
2787025572431110,599936,87,2677,13365,100
2787025577548401,599936,87,2677,13365,100
2787025582665751,599936,87,2677,13365,100
2787025587783259,599936,87,2677,13365,100
2787025592901164,599936,87,2677,13365,100
2787025598036992,599936,87,2677,13365,100
2787025603171972,599936,87,2677,13365,100
2787025608305007,599936,87,2677,13365,100
2787025613422405,599936,87,2677,13365,100
2787025618542065,599936,87,2677,13365,100
2787025623659328,599936,87,2677,13365,100
2787025628776919,599936,87,2677,13365,100
2787025633894331,599936,87,2677,13365,100
2787025639028583,599936,87,2677,13365,100
2787025644145757,599936,87,2677,13365,100
2787025649263042,599936,87,2677,13365,100
2787025654380646,599936,87,2677,13365,100
2787025659498216,599936,87,2677,13365,100
2787025664615364,599974,87,2677,13365,100
2787025669734053,599974,87,2677,13365,100
2787025674851677,599974,87,2677,13365,100
2787025679969286,599974,87,2677,13365,100
2787025685086702,599974,87,2677,13365,100
2787025690225190,599974,87,2677,13365,100
2787025695342450,599974,87,2677,13365,100
2787025700460351,599974,87,2677,13365,100
2787025705577532,599974,87,2677,13365,100
2787025710694703,599974,87,2677,13365,100
2787025715812397,599974,87,2677,13365,100
2787025720931556,599974,87,2677,13365,100
2787025726048797,599974,87,2677,13365,100
2787025731166497,599974,87,2677,13365,100
2787025736284225,599974,87,2677,13365,100
2787025741401786,599974,87,2677,13365,100
2787025746519065,599974,87,2677,13365,100
2787025751636518,599974,87,2677,13365,100
2787025756754161,599974,87,2677,13365,100
2787025761871758,599974,87,2677,13365,100
2787025766989352,599974,87,2677,13365,100
2787025772130362,599974,87,2677,13365,100
2787025777247504,599974,87,2677,13365,100
2787025782365013,599974,87,2677,13365,100
2787025787482261,599974,87,2677,13365,100
2787025792599946,599974,87,2677,13365,100
2787025797717102,599974,87,2677,13365,100
2787025802835040,599974,87,2677,13365,100
2787025807952639,599974,87,2677,13365,100
2787025813069741,599974,87,2677,13365,100
2787025818186811,599974,87,2677,13365,100
2787025823305203,599974,87,2677,13365,100
2787025828422580,599974,87,2677,13365,100
2787025833539072,599974,87,2677,13365,100
2787025838656416,599974,87,2677,13365,100
2787025843773406,599974,87,2677,13365,100
2787025848891090,599974,87,2677,13365,100
2787025854038509,599974,87,2677,13365,100
2787025859156750,599974,87,2677,13365,100
2787025864274303,599974,87,2677,13365,100
2787025869392495,599974,87,2677,13365,100
2787025874512134,599974,87,2677,13365,100
2787025879630607,599974,87,2677,13365,100
2787025884748816,599974,87,2677,13365,100
2787025889867040,599974,87,2677,13365,100
2787025894984801,599974,87,2677,13365,100
2787025900119641,599974,87,2677,13365,100
2787025905237121,599974,87,2677,13365,100
2787025910354617,599974,87,2677,13365,100
2787025915472418,599974,87,2677,13365,100
2787025920590153,599974,87,2677,13365,100
2787025925708979,599974,87,2677,13365,100
2787025930826720,599974,87,2677,13365,100
2787025935944255,599974,87,2677,13365,100
2787025941062036,599974,87,2677,13365,100
2787025946179413,599974,87,2677,13365,100
2787025951297101,599974,87,2677,13365,100
2787025956414957,599974,87,2677,13365,100
2787025961531761,599974,87,2677,13365,100
2787025966648830,599974,87,2677,13365,100
2787025971766046,599974,87,2677,13365,100
2787025976884890,599974,87,2677,13365,100
2787025982023418,599974,87,2677,13365,100
2787025987140839,599974,87,2677,13365,100
2787025992258463,599974,87,2677,13365,100
2787025997375520,599974,87,2677,13365,100
2787026002493197,599974,87,2677,13365,100
2787026007611081,599974,87,2677,13365,100
2787026012728881,599974,87,2677,13365,100
2787026017846089,599974,87,2677,13365,100
2787026022963153,599974,87,2677,13365,100
2787026028082190,599974,87,2677,13365,100
2787026033199549,599974,87,2677,13365,100
2787026038317103,599974,87,2677,13365,100
2787026043434496,599974,87,2677,13365,100
2787026048551402,599974,87,2677,13365,100
2787026053668841,599974,87,2677,13365,100
2787026058786280,599974,87,2677,13365,100
2787026063903965,599974,87,2677,13365,100
2787026069021479,599974,87,2677,13365,100
2787026074138766,599974,87,2677,13365,100
2787026079257198,599974,87,2677,13365,100
2787026084375232,599974,87,2677,13365,100
2787026089492883,599974,87,2677,13365,100
2787026094610381,599974,87,2677,13365,100
2787026099727667,599974,87,2677,13365,100
2787026104845060,599974,87,2677,13365,100
2787026109962656,599974,87,2677,13365,100
2787026115079848,599974,87,2677,13365,100
2787026120197791,599974,87,2677,13365,100
2787026125315013,599974,87,2677,13365,100
2787026130433879,599974,87,2677,13365,100
2787026135551278,599974,87,2677,13365,100
2787026140668822,599974,87,2677,13365,100
2787026145786494,599974,87,2677,13365,100
2787026150904247,599974,87,2677,13365,100
2787026156022036,599974,87,2677,13365,100
2787026161139508,599974,87,2677,13365,100
2787026166257061,600024,87,2677,13365,100
2787026171398907,600024,87,2677,13365,100
2787026176516344,600024,87,2677,13365,100
2787026181634905,600024,87,2677,13365,100
2787026186752693,600024,87,2677,13365,100
2787026191870018,600024,87,2677,13365,100
2787026196987330,600024,87,2677,13365,100
2787026202123571,600024,87,2677,13365,100
2787026207241127,600024,87,2677,13365,100
2787026212358631,600024,87,2677,13365,100
2787026217475920,600024,87,2677,13365,100
2787026222594764,600024,87,2677,13365,100
2787026227712533,600024,87,2677,13365,100
2787026232832501,600024,87,2677,13365,100
2787026237949843,600024,87,2677,13365,100
2787026243067028,600024,87,2677,13365,100
2787026248184380,600024,87,2677,13365,100
2787026253301771,600024,87,2677,13365,100
2787026258436719,600024,87,2677,13365,100
2787026263554525,600024,87,2677,13365,100
2787026268672307,600024,87,2677,13365,100
2787026273789812,600024,87,2677,13365,100
2787026278907044,600024,87,2677,13365,100
2787026284025617,600024,87,2677,13365,100
2787026289143445,600024,87,2677,13365,100
2787026294261141,600024,87,2677,13365,100
2787026299378734,600024,87,2677,13365,100
2787026304496182,600024,87,2677,13365,100
2787026309613534,600024,87,2677,13365,100
2787026314731118,600024,87,2677,13365,100
2787026319848703,600024,87,2677,13365,100
2787026324966052,600024,87,2677,13365,100
2787026330083920,600024,87,2677,13365,100
2787026335202896,600024,87,2677,13365,100
2787026340320460,600024,87,2677,13365,100
2787026345438237,600024,87,2677,13365,100
2787026350555834,600024,87,2677,13365,100
2787026355673326,600024,87,2677,13365,100
2787026360790626,600024,87,2677,13365,100
2787026365907952,600024,87,2677,13365,100
2787026371025417,600024,87,2677,13365,100
2787026376142879,600024,87,2677,13365,100
2787026381261426,600024,87,2677,13365,100
2787026386381343,600024,87,2677,13365,100
2787026391496956,600024,87,2677,13365,100
2787026396612312,600024,87,2677,13365,100
2787026401728403,600024,87,2677,13365,100
2787026406844647,600024,87,2677,13365,100
2787026411960085,600024,87,2677,13365,100
2787026417075870,600024,87,2677,13365,100
2787026422191155,600024,87,2677,13365,100
2787026427306275,600024,87,2677,13365,100
2787026432421295,600024,87,2677,13365,100
2787026437537488,600024,87,2677,13365,100
2787026442652172,600024,87,2677,13365,100
2787026447766372,600024,87,2677,13365,100
2787026452879896,600024,87,2677,13365,100
2787026457994125,600024,87,2677,13365,100
2787026463129909,600024,87,2677,13365,100
2787026468251962,600024,87,2677,13365,100
2787026473365194,600024,87,2677,13365,100
2787026478478376,600024,87,2677,13365,100
2787026483611771,600024,87,2677,13365,100
2787026488727327,600024,87,2677,13365,100
2787026493841731,600024,87,2677,13365,100
2787026498955839,600024,87,2677,13365,100
2787026504069869,600024,87,2677,13365,100
2787026509184773,600024,87,2677,13365,100
2787026514299909,600024,87,2677,13365,100
2787026519414678,600024,87,2677,13365,100
2787026524530518,600024,87,2677,13365,100
2787026529645542,600024,87,2677,13365,100
2787026534760790,600024,87,2677,13365,100
2787026539877389,600024,87,2677,13365,100
2787026544992379,600024,87,2677,13365,100
2787026550130958,600024,87,2677,13365,100
2787026555246082,600024,87,2677,13365,100
2787026560361197,600024,87,2677,13365,100
2787026565476116,600024,87,2677,13365,100
2787026570591033,600024,87,2677,13365,100
2787026575710357,600024,87,2677,13365,100
2787026580826886,600024,87,2677,13365,100
2787026585943463,600024,87,2677,13365,100
2787026591061014,600024,87,2677,13365,100
2787026596176511,600024,87,2677,13365,100
2787026601292708,600024,87,2677,13365,100
2787026606409232,600024,87,2677,13365,100
2787026611525481,600024,87,2677,13365,100
2787026616642881,600024,87,2677,13365,100
2787026621759545,600024,87,2677,13365,100
2787026626876161,600024,87,2677,13365,100
2787026631992062,600024,87,2677,13365,100
2787026637127279,600024,87,2677,13365,100
2787026642244874,600024,87,2677,13365,100
2787026647359687,600024,87,2677,13365,100
2787026652478603,600024,87,2677,13365,100
2787026657593424,600024,87,2677,13365,100
2787026662709300,600024,87,2677,13365,100
2787026667824416,599950,87,2677,13365,100
2787026672939161,599950,87,2677,13365,100
2787026678054313,599950,87,2677,13365,100
2787026683170233,599950,87,2677,13365,100
2787026688286202,599950,87,2677,13365,100
2787026693403312,599950,87,2677,13365,100
2787026698519071,599950,87,2677,13365,100
2787026703634616,599950,87,2677,13365,100
2787026708750524,599950,87,2677,13365,100
2787026713867683,599950,87,2677,13365,100
2787026718984192,599950,87,2677,13365,100
2787026724121013,599950,87,2677,13365,100
2787026729237770,599950,87,2677,13365,100
2787026734354469,599950,87,2677,13365,100
2787026739471079,599950,87,2677,13365,100
2787026744590036,599950,87,2677,13365,100
2787026749707360,599950,87,2677,13365,100
2787026754825574,599950,87,2677,13365,100
2787026759943129,599950,87,2677,13365,100
2787026765060612,599950,87,2677,13365,100
2787026770177972,599950,87,2677,13365,100
2787026775295502,599950,87,2677,13365,100
2787026780413085,599950,87,2677,13365,100
2787026785530165,599950,87,2677,13365,100
2787026790647914,599950,87,2677,13365,100
2787026795767109,599950,87,2677,13365,100
2787026800884258,599950,87,2677,13365,100
2787026806023706,599950,87,2677,13365,100
2787026811142051,599950,87,2677,13365,100
2787026816259583,599950,87,2677,13365,100
2787026821377443,599950,87,2677,13365,100
2787026826495379,599950,87,2677,13365,100
2787026831612652,599950,87,2677,13365,100
2787026836730115,599950,87,2677,13365,100
2787026841848272,599950,87,2677,13365,100
2787026846967163,599950,87,2677,13365,100
2787026852084168,599950,87,2677,13365,100
2787026857207890,599950,87,2677,13365,100
2787026862324031,599950,87,2677,13365,100
2787026867439863,599950,87,2677,13365,100
2787026872555775,599950,87,2677,13365,100
2787026877671783,599950,87,2677,13365,100
2787026882788348,599950,87,2677,13365,100
2787026887906433,599950,87,2677,13365,100
2787026893024681,599950,87,2677,13365,100
2787026898143185,599950,87,2677,13365,100
2787026903259745,599950,87,2677,13365,100
2787026908376910,599950,87,2677,13365,100
2787026913511908,599950,87,2677,13365,100
2787026918629343,599950,87,2677,13365,100
2787026923747215,599950,87,2677,13365,100
2787026928865248,599950,87,2677,13365,100
2787026933983031,599950,87,2677,13365,100
2787026939124529,599950,87,2677,13365,100
2787026944241784,599950,87,2677,13365,100
2787026949360880,599950,87,2677,13365,100
2787026954479401,599950,87,2677,13365,100
2787026959596633,599950,87,2677,13365,100
2787026964713985,599950,87,2677,13365,100
2787026969832238,599950,87,2677,13365,100
2787026974950022,599950,87,2677,13365,100
2787026980067195,599950,87,2677,13365,100
2787026985184494,599950,87,2677,13365,100
2787026990316751,599950,87,2677,13365,100
2787026995434152,599950,87,2677,13365,100
2787027000552464,599950,87,2677,13365,100
2787027005669012,599950,87,2677,13365,100
2787027010786465,599950,87,2677,13365,100
2787027015903410,599950,87,2677,13365,100
2787027021020621,599950,87,2677,13365,100
2787027026138130,599950,87,2677,13365,100
2787027031255274,599950,87,2677,13365,100
2787027036372718,599950,87,2677,13365,100
2787027041491177,599950,87,2677,13365,100
2787027046608712,599950,87,2677,13365,100
2787027051727727,599950,87,2677,13365,100
2787027056845362,599950,87,2677,13365,100
2787027061962480,599950,87,2677,13365,100
2787027067079740,599950,87,2677,13365,100
2787027072197545,599950,87,2677,13365,100
2787027077315022,599950,87,2677,13365,100
2787027082432604,599950,87,2677,13365,100
2787027087549990,599950,87,2677,13365,100
2787027092667658,599950,87,2677,13365,100
2787027097785203,599950,87,2677,13365,100
2787027102904200,599950,87,2677,13365,100
2787027108022695,599950,87,2677,13365,100
2787027113140405,599950,87,2677,13365,100
2787027118257855,599950,87,2677,13365,100
2787027123375687,599950,87,2677,13365,100
2787027128493513,599950,87,2677,13365,100
2787027133611082,599950,87,2677,13365,100
2787027138729270,599950,87,2677,13365,100
2787027143846618,599950,87,2677,13365,100
2787027148963790,599950,87,2677,13365,100
2787027154082677,599950,87,2677,13365,100
2787027159200228,599950,87,2677,13365,100
2787027164318020,599997,87,2677,13365,100
2787027169435953,599997,87,2677,13365,100
2787027174553412,599997,87,2677,13365,100
2787027179671027,599997,87,2677,13365,100
2787027184788321,599997,87,2677,13365,100
2787027189905534,599997,87,2677,13365,100
2787027195023454,599997,87,2677,13365,100
2787027200141165,599997,87,2677,13365,100
2787027205260303,599997,87,2677,13365,100
2787027210377915,599997,87,2677,13365,100
2787027215495212,599997,87,2677,13365,100
2787027220612592,599997,87,2677,13365,100
2787027225730716,599997,87,2677,13365,100
2787027230848089,599997,87,2677,13365,100
2787027235967055,599997,87,2677,13365,100
2787027241084333,599997,87,2677,13365,100
2787027246201950,599997,87,2677,13365,100
2787027251319054,599997,87,2677,13365,100
2787027256438275,599997,87,2677,13365,100
2787027261556147,599997,87,2677,13365,100
2787027266673649,599997,87,2677,13365,100
2787027271792039,599997,87,2677,13365,100
2787027276909290,599997,87,2677,13365,100
2787027282027382,599997,87,2677,13365,100
2787027287145845,599997,87,2677,13365,100
2787027292263401,599997,87,2677,13365,100
2787027297380806,599997,87,2677,13365,100
2787027302499321,599997,87,2677,13365,100
2787027307618811,599997,87,2677,13365,100
2787027312736319,599997,87,2677,13365,100
2787027317854031,599997,87,2677,13365,100
2787027322971377,599997,87,2677,13365,100
2787027328088836,599997,87,2677,13365,100
2787027333206184,599997,87,2677,13365,100
2787027338324043,599997,87,2677,13365,100
2787027343442007,599997,87,2677,13365,100
2787027348559546,599997,87,2677,13365,100
2787027353676809,599997,87,2677,13365,100
2787027358795960,599997,87,2677,13365,100
2787027363913030,599997,87,2677,13365,100
2787027369030789,599997,87,2677,13365,100
2787027374148511,599997,87,2677,13365,100
2787027379265638,599997,87,2677,13365,100
2787027384400211,599997,87,2677,13365,100
2787027389517920,599997,87,2677,13365,100
2787027394635471,599997,87,2677,13365,100
2787027399752873,599997,87,2677,13365,100
2787027404870479,599997,87,2677,13365,100
2787027409989538,599997,87,2677,13365,100
2787027415128114,599997,87,2677,13365,100
2787027420245252,599997,87,2677,13365,100
2787027425362210,599997,87,2677,13365,100
2787027430479651,599997,87,2677,13365,100
2787027435597513,599997,87,2677,13365,100
2787027440714892,599997,87,2677,13365,100
2787027445832252,599997,87,2677,13365,100
2787027450949940,599997,87,2677,13365,100
2787027456067417,599997,87,2677,13365,100
2787027461186573,599997,87,2677,13365,100
2787027466304305,599997,87,2677,13365,100
2787027471421294,599997,87,2677,13365,100
2787027476538730,599997,87,2677,13365,100
2787027481656370,599997,87,2677,13365,100
2787027486773315,599997,87,2677,13365,100
2787027491890679,599997,87,2677,13365,100
2787027497031132,599997,87,2677,13365,100
2787027502148168,599997,87,2677,13365,100
2787027507266012,599997,87,2677,13365,100
2787027512385400,599997,87,2677,13365,100
2787027517502493,599997,87,2677,13365,100
2787027522620139,599997,87,2677,13365,100
2787027527759646,599997,87,2677,13365,100
2787027532877398,599997,87,2677,13365,100
2787027537995191,599997,87,2677,13365,100
2787027543130631,599997,87,2677,13365,100
2787027548248491,599997,87,2677,13365,100
2787027553366079,599997,87,2677,13365,100
2787027558483599,599997,87,2677,13365,100
2787027563602756,599997,87,2677,13365,100
2787027568737458,599997,87,2677,13365,100
2787027573855276,599997,87,2677,13365,100
2787027578972729,599997,87,2677,13365,100
2787027584090593,599997,87,2677,13365,100
2787027589208334,599997,87,2677,13365,100
2787027594325642,599997,87,2677,13365,100
2787027599443172,599997,87,2677,13365,100
2787027604559823,599997,87,2677,13365,100
2787027609677428,599997,87,2677,13365,100
2787027614796771,599997,87,2677,13365,100
2787027619914172,599997,87,2677,13365,100
2787027625031728,599997,87,2677,13365,100
2787027630149280,599997,87,2677,13365,100
2787027635266865,599997,87,2677,13365,100
2787027640384462,599997,87,2677,13365,100
2787027645502126,599997,87,2677,13365,100
2787027650619268,599997,87,2677,13365,100
2787027655736711,599997,87,2677,13365,100
2787027660854271,599997,87,2677,13365,100
2787027665973229,600083,87,2677,13365,100
2787027671092393,600083,87,2677,13365,100
2787027676209576,600083,87,2677,13365,100
2787027681327955,600083,87,2677,13365,100
2787027686445668,600083,87,2677,13365,100
2787027691562941,600083,87,2677,13365,100
2787027696681117,600083,87,2677,13365,100
2787027701798530,600083,87,2677,13365,100
2787027706916616,600083,87,2677,13365,100
2787027712033806,600083,87,2677,13365,100
2787027717190005,600083,87,2677,13365,100
2787027722307509,600083,87,2677,13365,100
2787027727425094,600083,87,2677,13365,100
2787027732542331,600083,87,2677,13365,100
2787027737659882,600083,87,2677,13365,100
2787027742777460,600083,87,2677,13365,100
2787027747895731,600083,87,2677,13365,100
2787027753036481,600083,87,2677,13365,100
2787027758167929,600083,87,2677,13365,100
2787027763286038,600083,87,2677,13365,100
2787027768404934,600083,87,2677,13365,100
2787027773522207,600083,87,2677,13365,100
2787027778639765,600083,87,2677,13365,100
2787027783757415,600083,87,2677,13365,100
2787027788875835,600083,87,2677,13365,100
2787027793993130,600083,87,2677,13365,100
2787027799143028,600083,87,2677,13365,100
2787027804260648,600083,87,2677,13365,100
2787027809378273,600083,87,2677,13365,100
2787027814495586,600083,87,2677,13365,100
2787027819614950,600083,87,2677,13365,100
2787027824732626,600083,87,2677,13365,100
2787027829849835,600083,87,2677,13365,100
2787027834967351,600083,87,2677,13365,100
2787027840084671,600083,87,2677,13365,100
2787027845202392,600083,87,2677,13365,100
2787027850320068,600083,87,2677,13365,100
2787027855437310,600083,87,2677,13365,100
2787027860554425,600083,87,2677,13365,100
2787027865673131,600083,87,2677,13365,100
2787027870792189,600083,87,2677,13365,100
2787027875909800,600083,87,2677,13365,100
2787027881027339,600083,87,2677,13365,100
2787027886144869,600083,87,2677,13365,100
2787027891262523,600083,87,2677,13365,100
2787027896379399,600083,87,2677,13365,100
2787027901496451,600083,87,2677,13365,100
2787027906614686,600083,87,2677,13365,100
2787027911732049,600083,87,2677,13365,100
2787027916849744,600083,87,2677,13365,100
2787027921968729,600083,87,2677,13365,100
2787027927085733,600083,87,2677,13365,100
2787027932204202,600083,87,2677,13365,100
2787027937321742,600083,87,2677,13365,100
2787027942439179,600083,87,2677,13365,100
2787027947556521,600083,87,2677,13365,100
2787027952673900,600083,87,2677,13365,100
2787027957805717,600083,87,2677,13365,100
2787027962923544,600083,87,2677,13365,100
2787027968041364,600083,87,2677,13365,100
2787027973160337,600083,87,2677,13365,100
2787027978277701,600083,87,2677,13365,100
2787027983395114,600083,87,2677,13365,100
2787027988512422,600083,87,2677,13365,100
2787027993629890,600083,87,2677,13365,100
2787027998747285,600083,87,2677,13365,100
2787028003864819,600083,87,2677,13365,100
2787028008982668,600083,87,2677,13365,100
2787028014121660,600083,87,2677,13365,100
2787028019239300,600083,87,2677,13365,100
2787028024358741,600083,87,2677,13365,100
2787028029476185,600083,87,2677,13365,100
2787028034593441,600083,87,2677,13365,100
2787028039711107,600083,87,2677,13365,100
2787028044828752,600083,87,2677,13365,100
2787028049945966,600083,87,2677,13365,100
2787028055064482,600083,87,2677,13365,100
2787028060182411,600083,87,2677,13365,100
2787028065299831,600083,87,2677,13365,100
2787028070417375,600083,87,2677,13365,100
2787028075536600,600083,87,2677,13365,100
2787028080654140,600083,87,2677,13365,100
2787028085771632,600083,87,2677,13365,100
2787028090890001,600083,87,2677,13365,100
2787028096028726,600083,87,2677,13365,100
2787028101146234,600083,87,2677,13365,100
2787028106263986,600083,87,2677,13365,100
2787028111381210,600083,87,2677,13365,100
2787028116498239,600083,87,2677,13365,100
2787028121615639,600083,87,2677,13365,100
2787028126734879,600083,87,2677,13365,100
2787028131852572,600083,87,2677,13365,100
2787028136970516,600083,87,2677,13365,100
2787028142087994,600083,87,2677,13365,100
2787028147205129,600083,87,2677,13365,100
2787028152322796,600083,87,2677,13365,100
2787028157440749,600083,87,2677,13365,100
2787028162557386,600083,87,2677,13365,100
2787028167674954,599962,87,2677,13365,100
2787028172792971,599962,87,2677,13365,100
2787028177911792,599962,87,2677,13365,100
2787028183029588,599962,87,2677,13365,100
2787028188147439,599962,87,2677,13365,100
2787028193264836,599962,87,2677,13365,100
2787028198382844,599962,87,2677,13365,100
2787028203500405,599962,87,2677,13365,100
2787028208617984,599962,87,2677,13365,100
2787028213735562,599962,87,2677,13365,100
2787028218853206,599962,87,2677,13365,100
2787028223989410,599962,87,2677,13365,100
2787028229133255,599962,87,2677,13365,100
2787028234250555,599962,87,2677,13365,100
2787028239367995,599962,87,2677,13365,100
2787028244492968,599962,87,2677,13365,100
2787028249610388,599962,87,2677,13365,100
2787028254727945,599962,87,2677,13365,100
2787028259845647,599962,87,2677,13365,100
2787028264963281,599962,87,2677,13365,100
2787028270081178,599962,87,2677,13365,100
2787028275198282,599962,87,2677,13365,100
2787028280317626,599962,87,2677,13365,100
2787028285435815,599962,87,2677,13365,100
2787028290553153,599962,87,2677,13365,100
2787028295670411,599962,87,2677,13365,100
2787028300787928,599962,87,2677,13365,100
2787028305905620,599962,87,2677,13365,100
2787028311022809,599962,87,2677,13365,100
2787028316141405,599962,87,2677,13365,100
2787028321259529,599962,87,2677,13365,100
2787028326376917,599962,87,2677,13365,100
2787028331495906,599962,87,2677,13365,100
2787028336613253,599962,87,2677,13365,100
2787028341731063,599962,87,2677,13365,100
2787028346848563,599962,87,2677,13365,100
2787028351965966,599962,87,2677,13365,100
2787028357083252,599962,87,2677,13365,100
2787028362201114,599962,87,2677,13365,100
2787028367318537,599962,87,2677,13365,100
2787028372436337,599962,87,2677,13365,100
2787028377553537,599962,87,2677,13365,100
2787028382673145,599962,87,2677,13365,100
2787028387790536,599962,87,2677,13365,100
2787028392908501,599962,87,2677,13365,100
2787028398026049,599962,87,2677,13365,100
2787028403143647,599962,87,2677,13365,100
2787028408261108,599962,87,2677,13365,100
2787028413378632,599962,87,2677,13365,100
2787028418496296,599962,87,2677,13365,100
2787028423614016,599962,87,2677,13365,100
2787028428731441,599962,87,2677,13365,100
2787028433851030,599962,87,2677,13365,100
2787028438968900,599962,87,2677,13365,100
2787028444086538,599962,87,2677,13365,100
2787028449204602,599962,87,2677,13365,100
2787028454322141,599962,87,2677,13365,100
2787028459439372,599962,87,2677,13365,100
2787028464556822,599962,87,2677,13365,100
2787028469674480,599962,87,2677,13365,100
2787028474791945,599962,87,2677,13365,100
2787028479909724,599962,87,2677,13365,100
2787028485028981,599962,87,2677,13365,100
2787028490146931,599962,87,2677,13365,100
2787028495264558,599962,87,2677,13365,100
2787028500382194,599962,87,2677,13365,100
2787028505499350,599962,87,2677,13365,100
2787028510617149,599962,87,2677,13365,100
2787028515734660,599962,87,2677,13365,100
2787028520852372,599962,87,2677,13365,100
2787028525969868,599962,87,2677,13365,100
2787028531087232,599962,87,2677,13365,100
2787028536206636,599962,87,2677,13365,100
2787028541323967,599962,87,2677,13365,100
2787028546441459,599962,87,2677,13365,100
2787028551559606,599962,87,2677,13365,100
2787028556677202,599962,87,2677,13365,100
2787028561794778,599962,87,2677,13365,100
2787028566912111,599962,87,2677,13365,100
2787028572029759,599962,87,2677,13365,100
2787028577147147,599962,87,2677,13365,100
2787028582265052,599962,87,2677,13365,100
2787028587384332,599962,87,2677,13365,100
2787028592501633,599962,87,2677,13365,100
2787028597619358,599962,87,2677,13365,100
2787028602736498,599962,87,2677,13365,100
2787028607854118,599962,87,2677,13365,100
2787028612971667,599962,87,2677,13365,100
2787028618089002,599962,87,2677,13365,100
2787028623206212,599962,87,2677,13365,100
2787028628323871,599962,87,2677,13365,100
2787028633441104,599962,87,2677,13365,100
2787028638559952,599962,87,2677,13365,100
2787028643677253,599962,87,2677,13365,100
2787028648794827,599962,87,2677,13365,100
2787028653913125,599962,87,2677,13365,100
2787028659030390,599962,87,2677,13365,100
2787028664148178,599937,87,2677,13365,100
2787028669285816,599937,87,2677,13365,100
2787028674403239,599937,87,2677,13365,100
2787028679520733,599937,87,2677,13365,100
2787028684637810,599937,87,2677,13365,100
2787028689756576,599937,87,2677,13365,100
2787028694874204,599937,87,2677,13365,100
2787028699991452,599937,87,2677,13365,100
2787028705130769,599937,87,2677,13365,100
2787028710248209,599937,87,2677,13365,100
2787028715365870,599937,87,2677,13365,100
2787028720483630,599937,87,2677,13365,100
2787028725600806,599937,87,2677,13365,100
2787028730718162,599937,87,2677,13365,100
2787028735836148,599937,87,2677,13365,100
2787028740955318,599937,87,2677,13365,100
2787028746072835,599937,87,2677,13365,100
2787028751189760,599937,87,2677,13365,100
2787028756306971,599937,87,2677,13365,100
2787028761424273,599937,87,2677,13365,100
2787028766542053,599937,87,2677,13365,100
2787028771659569,599937,87,2677,13365,100
2787028776776918,599937,87,2677,13365,100
2787028781894346,599937,87,2677,13365,100
2787028787035491,599937,87,2677,13365,100
2787028792154627,599937,87,2677,13365,100
2787028797272347,599937,87,2677,13365,100
2787028802389583,599937,87,2677,13365,100
2787028807507112,599937,87,2677,13365,100
2787028812624668,599937,87,2677,13365,100
2787028817742221,599937,87,2677,13365,100
2787028822860029,599937,87,2677,13365,100
2787028827977637,599937,87,2677,13365,100
2787028833095574,599937,87,2677,13365,100
2787028838212908,599937,87,2677,13365,100
2787028843331770,599937,87,2677,13365,100
2787028848449279,599937,87,2677,13365,100
2787028853565632,599937,87,2677,13365,100
2787028858682796,599937,87,2677,13365,100
2787028863800050,599937,87,2677,13365,100
2787028868917745,599937,87,2677,13365,100
2787028874035033,599937,87,2677,13365,100
2787028879169717,599937,87,2677,13365,100
2787028884287174,599937,87,2677,13365,100
2787028889405072,599937,87,2677,13365,100
2787028894524196,599937,87,2677,13365,100
2787028899642278,599937,87,2677,13365,100
2787028904759667,599937,87,2677,13365,100
2787028909877087,599937,87,2677,13365,100
2787028914995040,599937,87,2677,13365,100
2787028920130192,599937,87,2677,13365,100
2787028925247528,599937,87,2677,13365,100
2787028930365248,599937,87,2677,13365,100
2787028935482653,599937,87,2677,13365,100
2787028940600168,599937,87,2677,13365,100
2787028945719392,599937,87,2677,13365,100
2787028950837216,599937,87,2677,13365,100
2787028955954799,599937,87,2677,13365,100
2787028961071859,599937,87,2677,13365,100
2787028966189269,599937,87,2677,13365,100
2787028971306668,599937,87,2677,13365,100
2787028976424028,599937,87,2677,13365,100
2787028981541081,599937,87,2677,13365,100
2787028986658229,599937,87,2677,13365,100
2787028991775919,599937,87,2677,13365,100
2787028996895243,599937,87,2677,13365,100
2787029002033873,599937,87,2677,13365,100
2787029007152694,599937,87,2677,13365,100
2787029012270123,599937,87,2677,13365,100
2787029017387515,599937,87,2677,13365,100
2787029022504868,599937,87,2677,13365,100
2787029027622196,599937,87,2677,13365,100
2787029032739704,599937,87,2677,13365,100
2787029037857190,599937,87,2677,13365,100
2787029042974688,599937,87,2677,13365,100
2787029048094097,599937,87,2677,13365,100
2787029053211497,599937,87,2677,13365,100
2787029058329006,599937,87,2677,13365,100
2787029063446352,599937,87,2677,13365,100
2787029068563055,599937,87,2677,13365,100
2787029073680351,599937,87,2677,13365,100
2787029078797280,599937,87,2677,13365,100
2787029083915096,599937,87,2677,13365,100
2787029089032896,599937,87,2677,13365,100
2787029094150166,599937,87,2677,13365,100
2787029099269217,599937,87,2677,13365,100
2787029104401775,599937,87,2677,13365,100
2787029109519394,599937,87,2677,13365,100
2787029114636536,599937,87,2677,13365,100
2787029119753519,599937,87,2677,13365,100
2787029124870890,599937,87,2677,13365,100
2787029129988482,599937,87,2677,13365,100
2787029135128075,599937,87,2677,13365,100
2787029140245678,599937,87,2677,13365,100
2787029145363096,599937,87,2677,13365,100
2787029150482306,599937,87,2677,13365,100
2787029155599971,599937,87,2677,13365,100
2787029160717245,599937,87,2677,13365,100
2787029165835089,600018,87,2677,13365,100
2787029170960490,600018,87,2677,13365,100
2787029176078388,600018,87,2677,13365,100
2787029181195602,600018,87,2677,13365,100
2787029186313179,600018,87,2677,13365,100
2787029191430491,600018,87,2677,13365,100
2787029196548315,600018,87,2677,13365,100
2787029201667290,600018,87,2677,13365,100
2787029206784916,600018,87,2677,13365,100
2787029211902648,600018,87,2677,13365,100
2787029217020429,600018,87,2677,13365,100
2787029222137795,600018,87,2677,13365,100
2787029227255640,600018,87,2677,13365,100
2787029232373118,600018,87,2677,13365,100
2787029237490899,600018,87,2677,13365,100
2787029242619973,600018,87,2677,13365,100
2787029247738695,600018,87,2677,13365,100
2787029252857614,600018,87,2677,13365,100
2787029257974831,600018,87,2677,13365,100
2787029263093477,600018,87,2677,13365,100
2787029268211396,600018,87,2677,13365,100
2787029273329125,600018,87,2677,13365,100
2787029278446396,600018,87,2677,13365,100
2787029283564469,600018,87,2677,13365,100
2787029288682338,600018,87,2677,13365,100
2787029293799427,600018,87,2677,13365,100
2787029298916846,600018,87,2677,13365,100
2787029304035819,600018,87,2677,13365,100
2787029309153276,600018,87,2677,13365,100
2787029314271032,600018,87,2677,13365,100
2787029319388376,600018,87,2677,13365,100
2787029324506301,600018,87,2677,13365,100
2787029329624437,600018,87,2677,13365,100
2787029334741602,600018,87,2677,13365,100
2787029339859341,600018,87,2677,13365,100
2787029344976746,600018,87,2677,13365,100
2787029350094304,600018,87,2677,13365,100
2787029355213349,600018,87,2677,13365,100
2787029360331180,600018,87,2677,13365,100
2787029365449283,600018,87,2677,13365,100
2787029370567104,600018,87,2677,13365,100
2787029375684859,600018,87,2677,13365,100
2787029380802492,600018,87,2677,13365,100
2787029385920387,600018,87,2677,13365,100
2787029391037932,600018,87,2677,13365,100
2787029396155409,600018,87,2677,13365,100
2787029401272422,600018,87,2677,13365,100
2787029406391154,600018,87,2677,13365,100
2787029411508310,600018,87,2677,13365,100
2787029416625854,600018,87,2677,13365,100
2787029421742892,600018,87,2677,13365,100
2787029426860324,600018,87,2677,13365,100
2787029431978405,600018,87,2677,13365,100
2787029437096241,600018,87,2677,13365,100
2787029442213535,600018,87,2677,13365,100
2787029447331614,600018,87,2677,13365,100
2787029452448882,600018,87,2677,13365,100
2787029457568674,600018,87,2677,13365,100
2787029462685939,600018,87,2677,13365,100
2787029467804217,600018,87,2677,13365,100
2787029472921762,600018,87,2677,13365,100
2787029478039066,600018,87,2677,13365,100
2787029483165550,600018,87,2677,13365,100
2787029488281457,600018,87,2677,13365,100
2787029493397667,600018,87,2677,13365,100
2787029498512533,600018,87,2677,13365,100
2787029503627061,600018,87,2677,13365,100
2787029508742367,600018,87,2677,13365,100
2787029513864402,600018,87,2677,13365,100
2787029518978719,600018,87,2677,13365,100
2787029524093820,600018,87,2677,13365,100
2787029529252791,600018,87,2677,13365,100
2787029534384268,600018,87,2677,13365,100
2787029539499038,600018,87,2677,13365,100
2787029544613112,600018,87,2677,13365,100
2787029549728327,600018,87,2677,13365,100
2787029554864717,600018,87,2677,13365,100
2787029560035083,600018,87,2677,13365,100
2787029565151578,600018,87,2677,13365,100
2787029570267830,600018,87,2677,13365,100
2787029575384078,600018,87,2677,13365,100
2787029580499955,600018,87,2677,13365,100
2787029585616031,600018,87,2677,13365,100
2787029590732663,600018,87,2677,13365,100
2787029595850480,600018,87,2677,13365,100
2787029600967892,600018,87,2677,13365,100
2787029606085304,600018,87,2677,13365,100
2787029611217132,600018,87,2677,13365,100
2787029616334149,600018,87,2677,13365,100
2787029621451162,600018,87,2677,13365,100
2787029626568956,600018,87,2677,13365,100
2787029631686690,600018,87,2677,13365,100
2787029636804215,600018,87,2677,13365,100
2787029641921785,600018,87,2677,13365,100
2787029647040317,600018,87,2677,13365,100
2787029652158408,600018,87,2677,13365,100
2787029657275836,600018,87,2677,13365,100
2787029662395288,600018,87,2677,13365,100
2787029667512973,599961,87,2677,13365,100
2787029672631261,599961,87,2677,13365,100
2787029677748554,599961,87,2677,13365,100
2787029682866108,599961,87,2677,13365,100
2787029687983439,599961,87,2677,13365,100
2787029693125318,599961,87,2677,13365,100
2787029698255533,599961,87,2677,13365,100
2787029703373191,599961,87,2677,13365,100
2787029708490902,599961,87,2677,13365,100
2787029713609604,599961,87,2677,13365,100
2787029718727044,599961,87,2677,13365,100
2787029723845229,599961,87,2677,13365,100
2787029728962937,599961,87,2677,13365,100
2787029734080349,599961,87,2677,13365,100
2787029739197715,599961,87,2677,13365,100
2787029744314978,599961,87,2677,13365,100
2787029749432406,599961,87,2677,13365,100
2787029754550407,599961,87,2677,13365,100
2787029759667911,599961,87,2677,13365,100
2787029764786464,599961,87,2677,13365,100
2787029769903808,599961,87,2677,13365,100
2787029775021128,599961,87,2677,13365,100
2787029780138441,599961,87,2677,13365,100
2787029785256013,599961,87,2677,13365,100
2787029790374393,599961,87,2677,13365,100
2787029795493856,599961,87,2677,13365,100
2787029800611100,599961,87,2677,13365,100
2787029805728030,599961,87,2677,13365,100
2787029810845119,599961,87,2677,13365,100
2787029815963821,599961,87,2677,13365,100
2787029821082207,599961,87,2677,13365,100
2787029826199784,599961,87,2677,13365,100
2787029831317360,599961,87,2677,13365,100
2787029836434631,599961,87,2677,13365,100
2787029841552113,599961,87,2677,13365,100
2787029846669669,599961,87,2677,13365,100
2787029851787224,599961,87,2677,13365,100
2787029856905483,599961,87,2677,13365,100
2787029862023027,599961,87,2677,13365,100
2787029867142107,599961,87,2677,13365,100
2787029872259536,599961,87,2677,13365,100
2787029877459555,599961,87,2677,13365,100
2787029882576919,599961,87,2677,13365,100
2787029887694808,599961,87,2677,13365,100
2787029892810606,599961,87,2677,13365,100
2787029897927148,599961,87,2677,13365,100
2787029903044081,599961,87,2677,13365,100
2787029908160745,599961,87,2677,13365,100
2787029913302676,599961,87,2677,13365,100
2787029918419862,599961,87,2677,13365,100
2787029923562872,599961,87,2677,13365,100
2787029928681594,599961,87,2677,13365,100
2787029933799393,599961,87,2677,13365,100
2787029938917072,599961,87,2677,13365,100
2787029944034916,599961,87,2677,13365,100
2787029949152632,599961,87,2677,13365,100
2787029954270964,599961,87,2677,13365,100
2787029959388969,599961,87,2677,13365,100
2787029964506557,599961,87,2677,13365,100
2787029969624304,599961,87,2677,13365,100
2787029974742028,599961,87,2677,13365,100
2787029979861006,599961,87,2677,13365,100
2787029984979690,599961,87,2677,13365,100
2787029990130590,599961,87,2677,13365,100
2787029995248395,599961,87,2677,13365,100
2787030000366143,599961,87,2677,13365,100
2787030005484412,599961,87,2677,13365,100
2787030010602053,599961,87,2677,13365,100
2787030015720008,599961,87,2677,13365,100
2787030020838547,599961,87,2677,13365,100
2787030025956551,599961,87,2677,13365,100
2787030031076043,599961,87,2677,13365,100
2787030036193918,599961,87,2677,13365,100
2787030041311746,599961,87,2677,13365,100
2787030046429598,599961,87,2677,13365,100
2787030051546667,599961,87,2677,13365,100
2787030056664211,599961,87,2677,13365,100
2787030061781796,599961,87,2677,13365,100
2787030066899226,599961,87,2677,13365,100
2787030072037985,599961,87,2677,13365,100
2787030077156648,599961,87,2677,13365,100
2787030082276309,599961,87,2677,13365,100
2787030087394564,599961,87,2677,13365,100
2787030092511654,599961,87,2677,13365,100
2787030097629532,599961,87,2677,13365,100
2787030102747455,599961,87,2677,13365,100
2787030107865571,599961,87,2677,13365,100
2787030112983735,599961,87,2677,13365,100
2787030118119195,599961,87,2677,13365,100
2787030123236941,599961,87,2677,13365,100
2787030128354919,599961,87,2677,13365,100
2787030133474065,599961,87,2677,13365,100
2787030138591737,599961,87,2677,13365,100
2787030143709419,599961,87,2677,13365,100
2787030148827469,599961,87,2677,13365,100
2787030153945574,599961,87,2677,13365,100
2787030159063531,599961,87,2677,13365,100
2787030164181837,599988,87,2677,13365,100
2787030169299315,599988,88,2677,13365,100
2787030174417136,599988,88,2677,13365,100
2787030179534997,599988,88,2677,13365,100
2787030184654540,599988,88,2677,13365,100
2787030189799756,599988,88,2677,13365,100
2787030194917465,599988,88,2677,13365,100
2787030200035901,599988,88,2677,13365,100
2787030205153877,599988,88,2677,13365,100
2787030210272242,599988,88,2677,13365,100
2787030215389102,599988,88,2677,13365,100
2787030220506975,599988,88,2677,13365,100
2787030225623867,599988,88,2677,13365,100
2787030230741084,599988,88,2677,13365,100
2787030235858924,599988,88,2677,13365,100
2787030240975453,599988,88,2677,13365,100
2787030246091732,599988,88,2677,13365,100
2787030251207937,599988,88,2677,13365,100
2787030256323777,599988,88,2677,13365,100
2787030261440585,599988,88,2677,13365,100
2787030266557114,599988,88,2677,13365,100
2787030271673555,599988,88,2677,13365,100
2787030276789979,599988,88,2677,13365,100
2787030281905928,599988,88,2677,13365,100
2787030287023468,599988,88,2677,13365,100
2787030292139284,599988,88,2677,13365,100
2787030297254972,599988,88,2677,13365,100
2787030302371527,599988,88,2677,13365,100
2787030307498186,599988,88,2677,13365,100
2787030312615545,599988,88,2677,13365,100
2787030317733280,599988,88,2677,13365,100
2787030322850758,599988,88,2677,13365,100
2787030327968835,599988,88,2677,13365,100
2787030333086278,599988,88,2677,13365,100
2787030338205658,599988,88,2677,13365,100
2787030343340271,599988,88,2677,13365,100
2787030348458140,599988,88,2677,13365,100
2787030353576373,599988,88,2677,13365,100
2787030358694164,599988,88,2677,13365,100
2787030363812377,599988,88,2677,13365,100
2787030368930144,599988,88,2677,13365,100
2787030374048442,599988,88,2677,13365,100
2787030379166562,599988,88,2677,13365,100
2787030384284310,599988,88,2677,13365,100
2787030389403641,599988,88,2677,13365,100
2787030394521639,599988,88,2677,13365,100
2787030399639316,599988,88,2677,13365,100
2787030404756992,599988,88,2677,13365,100
2787030409874621,599988,88,2677,13365,100
2787030414992369,599988,88,2677,13365,100
2787030420132215,599988,88,2677,13365,100
2787030425258281,599988,88,2677,13365,100
2787030430376105,599988,88,2677,13365,100
2787030435493966,599988,88,2677,13365,100
2787030440613912,599988,88,2677,13365,100
2787030445731775,599988,88,2677,13365,100
2787030450850275,599988,88,2677,13365,100
2787030455968245,599988,88,2677,13365,100
2787030461086248,599988,88,2677,13365,100
2787030466204214,599988,88,2677,13365,100
2787030471322545,599988,88,2677,13365,100
2787030476440461,599988,88,2677,13365,100
2787030481557638,599988,88,2677,13365,100
2787030486675514,599988,88,2677,13365,100
2787030491794946,599988,88,2677,13365,100
2787030496912867,599988,88,2677,13365,100
2787030502030767,599988,88,2677,13365,100
2787030507148299,599988,88,2677,13365,100
2787030512265828,599988,88,2677,13365,100
2787030517383703,599988,88,2677,13365,100
2787030522501444,599988,88,2677,13365,100
2787030527619288,599988,88,2677,13365,100
2787030532737193,599988,88,2677,13365,100
2787030537855217,599988,88,2677,13365,100
2787030542974545,599988,88,2677,13365,100
2787030548091956,599988,88,2677,13365,100
2787030553209819,599988,88,2677,13365,100
2787030558327535,599988,88,2677,13365,100
2787030563445537,599988,88,2677,13365,100
2787030568563468,599988,88,2677,13365,100
2787030573681152,599988,88,2677,13365,100
2787030578799216,599988,88,2677,13365,100
2787030583917593,599988,88,2677,13365,100
2787030589035386,599988,88,2677,13365,100
2787030594154714,599988,88,2677,13365,100
2787030599272750,599988,88,2677,13365,100
2787030604391059,599988,88,2677,13365,100
2787030609509027,599988,88,2677,13365,100
2787030614627051,599988,88,2677,13365,100
2787030619745016,599988,88,2677,13365,100
2787030624862950,599988,88,2677,13365,100
2787030629981120,599988,88,2677,13365,100
2787030635119949,599988,88,2677,13365,100
2787030640237857,599988,88,2677,13365,100
2787030645357757,599988,88,2677,13365,100
2787030650476338,599988,88,2677,13365,100
2787030655594014,599988,88,2677,13365,100
2787030660711582,599988,88,2677,13365,100
2787030665829239,599992,88,2677,13365,100
2787030670947101,599992,88,2677,13365,100
2787030676064825,599992,88,2677,13365,100
2787030681182690,599992,88,2677,13365,100
2787030686300440,599992,88,2677,13365,100
2787030691418398,599992,88,2677,13365,100
2787030696537417,599992,88,2677,13365,100
2787030701655321,599992,88,2677,13365,100
2787030706773459,599992,88,2677,13365,100
2787030711891285,599992,88,2677,13365,100
2787030717025598,599992,88,2677,13365,100
2787030722143518,599992,88,2677,13365,100
2787030727260939,599992,88,2677,13365,100
2787030732378643,599992,88,2677,13365,100
2787030737496563,599992,88,2677,13365,100
2787030742624432,599992,88,2677,13365,100
2787030747743846,599992,88,2677,13365,100
2787030752861240,599992,88,2677,13365,100
2787030757978795,599992,88,2677,13365,100
2787030763096098,599992,88,2677,13365,100
2787030768214038,599992,88,2677,13365,100
2787030773331806,599992,88,2677,13365,100
2787030778449671,599992,88,2677,13365,100
2787030783567427,599992,88,2677,13365,100
2787030788685441,599992,88,2677,13365,100
2787030793803072,599992,88,2677,13365,100
2787030798922628,599992,88,2677,13365,100
2787030804041184,599992,88,2677,13365,100
2787030809158786,599992,88,2677,13365,100
2787030814276373,599992,88,2677,13365,100
2787030819394706,599992,88,2677,13365,100
2787030824523690,599992,88,2677,13365,100
2787030829641918,599992,88,2677,13365,100
2787030834759815,599992,88,2677,13365,100
2787030839877645,599992,88,2677,13365,100
2787030845069056,599992,88,2677,13365,100
2787030850188723,599992,88,2677,13365,100
2787030855306339,599992,88,2677,13365,100
2787030860424322,599992,88,2677,13365,100
2787030865541704,599992,88,2677,13365,100
2787030870659478,599992,88,2677,13365,100
2787030875777053,599992,88,2677,13365,100
2787030880894859,599992,88,2677,13365,100
2787030886029491,599992,88,2677,13365,100
2787030891147038,599992,88,2677,13365,100
2787030896265087,599992,88,2677,13365,100
2787030901397104,599992,88,2677,13365,100
2787030906514974,599992,88,2677,13365,100
2787030911632864,599992,88,2677,13365,100
2787030916750688,599992,88,2677,13365,100
2787030921868402,599992,88,2677,13365,100
2787030926985904,599992,88,2677,13365,100
2787030932120810,599992,88,2677,13365,100
2787030937238752,599992,88,2677,13365,100
2787030942356310,599992,88,2677,13365,100
2787030947474014,599992,88,2677,13365,100
2787030952593522,599992,88,2677,13365,100
2787030957711107,599992,88,2677,13365,100
2787030962828778,599992,88,2677,13365,100
2787030967946521,599992,88,2677,13365,100
2787030973064531,599992,88,2677,13365,100
2787030978181984,599992,88,2677,13365,100
2787030983299840,599992,88,2677,13365,100
2787030988418053,599992,88,2677,13365,100
2787030993535355,599992,88,2677,13365,100
2787030998653665,599992,88,2677,13365,100
2787031003773130,599992,88,2677,13365,100
2787031008891310,599992,88,2677,13365,100
2787031014032293,599992,88,2677,13365,100
2787031019149606,599992,88,2677,13365,100
2787031024266511,599992,88,2677,13365,100
2787031029382773,599992,88,2677,13365,100
2787031034499990,599992,88,2677,13365,100
2787031039617934,599992,88,2677,13365,100
2787031044735453,599992,88,2677,13365,100
2787031049852861,599992,88,2677,13365,100
2787031054972381,599992,88,2677,13365,100
2787031060090761,599992,88,2677,13365,100
2787031065208578,599992,88,2677,13365,100
2787031070326330,599992,88,2677,13365,100
2787031075443954,599992,88,2677,13365,100
2787031080561444,599992,88,2677,13365,100
2787031085679363,599992,88,2677,13365,100
2787031090797100,599992,88,2677,13365,100
2787031095914944,599992,88,2677,13365,100
2787031101033121,599992,88,2677,13365,100
2787031106152105,599992,88,2677,13365,100
2787031111269894,599992,88,2677,13365,100
2787031116387762,599992,88,2677,13365,100
2787031121505346,599992,88,2677,13365,100
2787031126623178,599992,88,2677,13365,100
2787031131740863,599992,88,2677,13365,100
2787031136858992,599992,88,2677,13365,100
2787031141976955,599992,88,2677,13365,100
2787031147094899,599992,88,2677,13365,100
2787031152212600,599992,88,2677,13365,100
2787031157332229,599992,88,2677,13365,100
2787031162449973,599992,88,2677,13365,100
2787031167622429,599986,87,2677,13365,100
2787031172740117,599986,87,2677,13365,100
2787031177856970,599986,87,2677,13365,100
2787031182975151,599986,87,2677,13365,100
2787031188093043,599986,87,2677,13365,100
2787031193210807,599986,87,2677,13365,100
2787031198328459,599986,87,2677,13365,100
2787031203446094,599986,87,2677,13365,100
2787031208565438,599986,87,2677,13365,100
2787031213683532,599986,87,2677,13365,100
2787031218801185,599986,87,2677,13365,100
2787031223919385,599986,87,2677,13365,100
2787031229037636,599986,87,2677,13365,100
2787031234155360,599986,87,2677,13365,100
2787031239273214,599986,87,2677,13365,100
2787031244390982,599986,87,2677,13365,100
2787031249509103,599986,87,2677,13365,100
2787031254626636,599986,87,2677,13365,100
2787031259767916,599986,87,2677,13365,100
2787031264885899,599986,87,2677,13365,100
2787031270022704,599986,87,2677,13365,100
2787031275140875,599986,87,2677,13365,100
2787031280259147,599986,87,2677,13365,100
2787031285377222,599986,87,2677,13365,100
2787031290495741,599986,87,2677,13365,100
2787031295613614,599986,87,2677,13365,100
2787031300731386,599986,87,2677,13365,100
2787031305849034,599986,87,2677,13365,100
2787031310968527,599986,87,2677,13365,100
2787031316086535,599986,87,2677,13365,100
2787031321205527,599986,87,2677,13365,100
2787031326323666,599986,87,2677,13365,100
2787031331441997,599986,87,2677,13365,100
2787031336560097,599986,87,2677,13365,100
2787031341678265,599986,87,2677,13365,100
2787031346796042,599986,87,2677,13365,100
2787031351914200,599986,87,2677,13365,100
2787031357032079,599986,87,2677,13365,100
2787031362151338,599986,87,2677,13365,100
2787031367268747,599986,87,2677,13365,100
2787031372386471,599986,87,2677,13365,100
2787031377503962,599986,87,2677,13365,100
2787031382621512,599986,87,2677,13365,100
2787031387739324,599986,87,2677,13365,100
2787031392857169,599986,87,2677,13365,100
2787031397975138,599986,87,2677,13365,100
2787031403092578,599986,87,2677,13365,100
2787031408210508,599986,87,2677,13365,100
2787031413330791,599986,87,2677,13365,100
2787031418449430,599986,87,2677,13365,100
2787031423567391,599986,87,2677,13365,100
2787031428685759,599986,87,2677,13365,100
2787031433803792,599986,87,2677,13365,100
2787031438921813,599986,87,2677,13365,100
2787031444039865,599986,87,2677,13365,100
2787031449158331,599986,87,2677,13365,100
2787031454276149,599986,87,2677,13365,100
2787031459394310,599986,87,2677,13365,100
2787031464513594,599986,87,2677,13365,100
2787031469631359,599986,87,2677,13365,100
2787031474749135,599986,87,2677,13365,100
2787031479867269,599986,87,2677,13365,100
2787031484985956,599986,87,2677,13365,100
2787031490127206,599986,87,2677,13365,100
2787031495244820,599986,87,2677,13365,100
2787031500379508,599986,87,2677,13365,100
2787031505497093,599986,87,2677,13365,100
2787031510614761,599986,87,2677,13365,100
2787031515734358,599986,87,2677,13365,100
2787031520852312,599986,87,2677,13365,100
2787031525970474,599986,87,2677,13365,100
2787031531087942,599986,87,2677,13365,100
2787031536205857,599986,87,2677,13365,100
2787031541323969,599986,87,2677,13365,100
2787031546442066,599986,87,2677,13365,100
2787031551561185,599986,87,2677,13365,100
2787031556678980,599986,87,2677,13365,100
2787031561797089,599986,87,2677,13365,100
2787031566916503,599986,87,2677,13365,100
2787031572034841,599986,87,2677,13365,100
2787031577152672,599986,87,2677,13365,100
2787031582278271,599986,87,2677,13365,100
2787031587396775,599986,87,2677,13365,100
2787031592514675,599986,87,2677,13365,100
2787031597632589,599986,87,2677,13365,100
2787031602750974,599986,87,2677,13365,100
2787031607869718,599986,87,2677,13365,100
2787031612988827,599986,87,2677,13365,100
2787031618127001,599986,87,2677,13365,100
2787031623244629,599986,87,2677,13365,100
2787031628366917,599986,87,2677,13365,100
2787031633484234,599986,87,2677,13365,100
2787031638600799,599986,87,2677,13365,100
2787031643717278,599986,87,2677,13365,100
2787031648833715,599986,87,2677,13365,100
2787031653948807,599986,87,2677,13365,100
2787031659064391,599986,87,2677,13365,100
2787031664180074,600001,87,2677,13365,100
2787031669296051,600001,88,2677,13365,100
2787031674411755,600001,88,2677,13365,100
2787031679527814,600001,88,2677,13365,100
2787031684643246,600001,88,2677,13365,100
2787031689758881,600001,88,2677,13365,100
2787031694875271,600001,88,2677,13365,100
2787031699990450,600001,88,2677,13365,100
2787031705125335,600001,88,2677,13365,100
2787031710240499,600001,88,2677,13365,100
2787031715356103,600001,88,2677,13365,100
2787031720473804,600001,88,2677,13365,100
2787031725590092,600001,88,2677,13365,100
2787031730706241,600001,88,2677,13365,100
2787031735823917,600001,88,2677,13365,100
2787031740941334,600001,88,2677,13365,100
2787031746058262,600001,88,2677,13365,100
2787031751175110,600001,88,2677,13365,100
2787031756292091,600001,88,2677,13365,100
2787031761409569,600001,88,2677,13365,100
2787031766527436,600001,88,2677,13365,100
2787031771647616,600001,88,2677,13365,100
2787031776765577,600001,88,2677,13365,100
2787031781883381,600001,88,2677,13365,100
2787031787018777,600001,88,2677,13365,100
2787031792137041,600001,88,2677,13365,100
2787031797254793,600001,88,2677,13365,100
2787031802372586,600001,88,2677,13365,100
2787031807490327,600001,88,2677,13365,100
2787031812608040,600001,88,2677,13365,100
2787031817726099,600001,88,2677,13365,100
2787031822845996,600001,88,2677,13365,100
2787031827963580,600001,88,2677,13365,100
2787031833081768,600001,88,2677,13365,100
2787031838199769,600001,88,2677,13365,100
2787031843317833,600001,88,2677,13365,100
2787031848435498,600001,88,2677,13365,100
2787031853553337,600001,88,2677,13365,100
2787031858671434,600001,88,2677,13365,100
2787031863790204,600001,88,2677,13365,100
2787031868908270,600001,88,2677,13365,100
2787031874027445,600001,88,2677,13365,100
2787031879145359,600001,88,2677,13365,100
2787031884263084,600001,88,2677,13365,100
2787031889380758,600001,88,2677,13365,100
2787031894499101,600001,88,2677,13365,100
2787031899616753,600001,88,2677,13365,100
2787031904734190,600001,88,2677,13365,100
2787031909852230,600001,88,2677,13365,100
2787031914970115,600001,88,2677,13365,100
2787031920087619,600001,88,2677,13365,100
2787031925207478,600001,88,2677,13365,100
2787031930325763,600001,88,2677,13365,100
2787031935443611,600001,88,2677,13365,100
2787031940561200,600001,88,2677,13365,100
2787031945679200,600001,88,2677,13365,100
2787031950796884,600001,88,2677,13365,100
2787031955915341,600001,88,2677,13365,100
2787031961033221,600001,88,2677,13365,100
2787031966152838,600001,88,2677,13365,100
2787031971271163,600001,88,2677,13365,100
2787031976390291,600001,88,2677,13365,100
2787031981507979,600001,88,2677,13365,100
2787031986626260,600001,88,2677,13365,100
2787031991744635,600001,88,2677,13365,100
2787031996862268,600001,88,2677,13365,100
2787032001980336,600001,88,2677,13365,100
2787032007123133,600001,88,2677,13365,100
2787032012240925,600001,88,2677,13365,100
2787032017358877,600001,88,2677,13365,100
2787032022476505,600001,88,2677,13365,100
2787032027595966,600001,88,2677,13365,100
2787032032713899,600001,88,2677,13365,100
2787032037831498,600001,88,2677,13365,100
2787032042949463,600001,88,2677,13365,100
2787032048067148,600001,88,2677,13365,100
2787032053185172,600001,88,2677,13365,100
2787032058303084,600001,88,2677,13365,100
2787032063420625,600001,88,2677,13365,100
2787032068539065,600001,88,2677,13365,100
2787032073657303,600001,88,2677,13365,100
2787032078777142,600001,88,2677,13365,100
2787032083894858,600001,88,2677,13365,100
2787032089028738,600001,88,2677,13365,100
2787032094147120,600001,88,2677,13365,100
2787032099264851,600001,88,2677,13365,100
2787032104382427,600001,88,2677,13365,100
2787032109499892,600001,88,2677,13365,100
2787032114617412,600001,88,2677,13365,100
2787032119735628,600001,88,2677,13365,100
2787032124853533,600001,88,2677,13365,100
2787032129972817,600001,88,2677,13365,100
2787032135090357,600001,88,2677,13365,100
2787032140208452,600001,88,2677,13365,100
2787032145326095,600001,88,2677,13365,100
2787032150444088,600001,88,2677,13365,100
2787032155579831,600001,88,2677,13365,100
2787032160697783,600001,88,2677,13365,100
2787032165815448,600010,88,2677,13365,100
2787032170933092,600010,88,2677,13365,100
2787032176050821,600010,88,2677,13365,100
2787032181170847,600010,88,2677,13365,100
2787032186288669,600010,88,2677,13365,100
2787032191406834,600010,88,2677,13365,100
2787032196524550,600010,88,2677,13365,100
2787032201642566,600010,88,2677,13365,100
2787032206760591,600010,88,2677,13365,100
2787032211878526,600010,88,2677,13365,100
2787032216996083,600010,88,2677,13365,100
2787032222135695,600010,88,2677,13365,100
2787032227254559,600010,88,2677,13365,100
2787032232374265,600010,88,2677,13365,100
2787032237492441,600010,88,2677,13365,100
2787032242610205,600010,88,2677,13365,100
2787032247728233,600010,88,2677,13365,100
2787032252846970,600010,88,2677,13365,100
2787032257964890,600010,88,2677,13365,100
2787032263082695,600010,88,2677,13365,100
2787032268200721,600010,88,2677,13365,100
2787032273318679,600010,88,2677,13365,100
2787032278436124,600010,88,2677,13365,100
2787032283556088,600010,88,2677,13365,100
2787032288673620,600010,88,2677,13365,100
2787032293791558,600010,88,2677,13365,100
2787032298909477,600010,88,2677,13365,100
2787032304027146,600010,88,2677,13365,100
2787032309144794,600010,88,2677,13365,100
2787032314262419,600010,88,2677,13365,100
2787032319380898,600010,88,2677,13365,100
2787032324498599,600010,88,2677,13365,100
2787032329616593,600010,88,2677,13365,100
2787032334736096,600010,88,2677,13365,100
2787032339854140,600010,88,2677,13365,100
2787032344971845,600010,88,2677,13365,100
2787032350090457,600010,88,2677,13365,100
2787032355208455,600010,88,2677,13365,100
2787032360326209,600010,88,2677,13365,100
2787032365444390,600010,88,2677,13365,100
2787032370562783,600010,88,2677,13365,100
2787032375682255,600010,88,2677,13365,100
2787032380801795,600010,88,2677,13365,100
2787032385920911,600010,88,2677,13365,100
2787032391039026,600010,88,2677,13365,100
2787032396167636,600010,88,2677,13365,100
2787032401282915,600010,88,2677,13365,100
2787032406398388,600010,88,2677,13365,100
2787032411514913,600010,88,2677,13365,100
2787032416631722,600010,88,2677,13365,100
2787032421777785,600010,88,2677,13365,100
2787032426894406,600010,88,2677,13365,100
2787032432028761,600010,88,2677,13365,100
2787032437148160,600010,88,2677,13365,100
2787032442266607,600010,88,2677,13365,100
2787032447384994,600010,88,2677,13365,100
2787032452503424,600010,88,2677,13365,100
2787032457620976,600010,88,2677,13365,100
2787032462738489,600010,88,2677,13365,100
2787032467878781,600010,88,2677,13365,100
2787032472995577,600010,88,2677,13365,100
2787032478132703,600010,88,2677,13365,100
2787032483249357,600010,88,2677,13365,100
2787032488368590,600010,88,2677,13365,100
2787032493484935,600010,88,2677,13365,100
2787032498602623,600010,88,2677,13365,100
2787032503740923,600010,88,2677,13365,100
2787032508857888,600010,88,2677,13365,100
2787032513974100,600010,88,2677,13365,100
2787032519090584,600010,88,2677,13365,100
2787032524205612,600010,88,2677,13365,100
2787032529336245,600010,88,2677,13365,100
2787032534451207,600010,88,2677,13365,100
2787032539566852,600010,88,2677,13365,100
2787032544682566,600010,88,2677,13365,100
2787032549798143,600010,88,2677,13365,100
2787032554914205,600010,88,2677,13365,100
2787032560028455,600010,88,2677,13365,100
2787032565144163,600010,88,2677,13365,100
2787032570259038,600010,88,2677,13365,100
2787032575373643,600010,88,2677,13365,100
2787032580487933,600010,88,2677,13365,100
2787032585603121,600010,88,2677,13365,100
2787032590727336,600010,88,2677,13365,100
2787032595843058,600010,88,2677,13365,100
2787032600956858,600010,88,2677,13365,100
2787032606070734,600010,88,2677,13365,100
2787032611184228,600010,88,2677,13365,100
2787032616297596,600010,88,2677,13365,100
2787032621410808,600010,88,2677,13365,100
2787032626525121,600010,88,2677,13365,100
2787032631639964,600010,88,2677,13365,100
2787032636754775,600010,88,2677,13365,100
2787032641869569,600010,88,2677,13365,100
2787032646983962,600010,88,2677,13365,100
2787032652111914,600010,88,2677,13365,100
2787032657224895,600010,88,2677,13365,100
2787032662338271,600010,88,2677,13365,100
2787032667453102,599980,88,2677,13365,100
2787032672567115,599980,88,2677,13365,100
2787032677681492,599980,88,2677,13365,100
2787032682786930,599980,88,2677,13365,100
2787032687873605,599980,88,2677,13365,100
2787032692966686,599980,88,2677,13365,100
2787032698034643,599980,88,2677,13365,100
2787032703208535,599980,88,2677,13365,100
2787032708320617,599980,88,2677,13365,100
2787032713433943,599980,88,2677,13365,100
2787032718546926,599980,88,2677,13365,100
2787032723658365,599980,88,2677,13365,100
2787032728769782,599980,88,2677,13365,100
2787032733883073,599980,88,2677,13365,100
2787032738995638,599980,88,2677,13365,100
2787032744137321,599980,88,2677,13365,100
2787032749250438,599980,88,2677,13365,100
2787032754364438,599980,88,2677,13365,100
2787032759478494,599980,88,2677,13365,100
2787032764592380,599980,88,2677,13365,100
2787032769706119,599980,88,2677,13365,100
2787032774820836,599980,88,2677,13365,100
2787032779934792,599980,88,2677,13365,100
2787032785067917,599980,88,2677,13365,100
2787032790182253,599980,88,2677,13365,100
2787032795297433,599980,88,2677,13365,100
2787032800411396,599980,88,2677,13365,100
2787032805526255,599980,88,2677,13365,100
2787032810658185,599980,88,2677,13365,100
2787032815772958,599980,88,2677,13365,100
2787032820887353,599980,88,2677,13365,100
2787032826034752,599980,88,2677,13365,100
2787032831150168,599980,88,2677,13365,100
2787032836264724,599980,88,2677,13365,100
2787032841379689,599980,88,2677,13365,100
2787032846495845,599980,88,2677,13365,100
2787032851610589,599980,88,2677,13365,100
2787032856724522,599980,88,2677,13365,100
2787032861839874,599980,88,2677,13365,100
2787032866953946,599980,88,2677,13365,100
2787032872069167,599980,88,2677,13365,100
2787032877184095,599980,88,2677,13365,100
2787032882299379,599980,88,2677,13365,100
2787032887415060,599980,88,2677,13365,100
2787032892532520,599980,88,2677,13365,100
2787032897649653,599980,88,2677,13365,100
2787032902764683,599980,88,2677,13365,100
2787032907887468,599980,88,2677,13365,100
2787032913020654,599980,88,2677,13365,100
2787032918135214,599980,88,2677,13365,100
2787032923249434,599980,88,2677,13365,100
2787032928363593,599980,88,2677,13365,100
2787032933478688,599980,88,2677,13365,100
2787032938593134,599980,88,2677,13365,100
2787032943708068,599980,88,2677,13365,100
2787032948825897,599980,88,2677,13365,100
2787032953941897,599980,88,2677,13365,100
2787032959057845,599980,88,2677,13365,100
2787032964174014,599980,88,2677,13365,100
2787032969290320,599980,88,2677,13365,100
2787032974407254,599980,88,2677,13365,100
2787032979524882,599980,88,2677,13365,100
2787032984641681,599980,88,2677,13365,100
2787032989758667,599980,88,2677,13365,100
2787032994875548,599980,88,2677,13365,100
2787032999994596,599980,88,2677,13365,100
2787033005135640,599980,88,2677,13365,100
2787033010252628,599980,88,2677,13365,100
2787033015369469,599980,88,2677,13365,100
2787033020486238,599980,88,2677,13365,100
2787033025603550,599980,88,2677,13365,100
2787033030720582,599980,88,2677,13365,100
2787033035837875,599980,88,2677,13365,100
2787033040955121,599980,88,2677,13365,100
2787033046073319,599980,88,2677,13365,100
2787033051192448,599980,88,2677,13365,100
2787033056310204,599980,88,2677,13365,100
2787033061428208,599980,88,2677,13365,100
2787033066545173,599980,88,2677,13365,100
2787033071663201,599980,88,2677,13365,100
2787033076780966,599980,88,2677,13365,100
2787033081898991,599980,88,2677,13365,100
2787033087037466,599980,88,2677,13365,100
2787033092156114,599980,88,2677,13365,100
2787033097274399,599980,88,2677,13365,100
2787033102394379,599980,88,2677,13365,100
2787033107512276,599980,88,2677,13365,100
2787033112630342,599980,88,2677,13365,100
2787033117747800,599980,88,2677,13365,100
2787033122866233,599980,88,2677,13365,100
2787033127984413,599980,88,2677,13365,100
2787033133121340,599980,88,2677,13365,100
2787033138238958,599980,88,2677,13365,100
2787033143357163,599980,88,2677,13365,100
2787033148475118,599980,88,2677,13365,100
2787033153594455,599980,88,2677,13365,100
2787033158712115,599980,88,2677,13365,100
2787033163830415,599980,88,2677,13365,100
2787033168965540,599964,88,2677,13365,100
2787033174083174,599964,88,2677,13365,100
2787033179201019,599964,88,2677,13365,100
2787033184318337,599964,88,2677,13365,100
2787033189436095,599964,88,2677,13365,100
2787033194553658,599964,88,2677,13365,100
2787033199671282,599964,88,2677,13365,100
2787033204790814,599964,88,2677,13365,100
2787033209908954,599964,88,2677,13365,100
2787033215026911,599964,88,2677,13365,100
2787033220144923,599964,88,2677,13365,100
2787033225262778,599964,88,2677,13365,100
2787033230381157,599964,88,2677,13365,100
2787033235499825,599964,88,2677,13365,100
2787033240635169,599964,88,2677,13365,100
2787033245753109,599964,88,2677,13365,100
2787033250870758,599964,88,2677,13365,100
2787033255990078,599964,88,2677,13365,100
2787033261130903,599964,88,2677,13365,100
2787033266248447,599964,88,2677,13365,100
2787033271366275,599964,88,2677,13365,100
2787033276484616,599964,88,2677,13365,100
2787033281602446,599964,88,2677,13365,100
2787033286719930,599964,88,2677,13365,100
2787033291837404,599964,88,2677,13365,100
2787033296955572,599964,88,2677,13365,100
2787033302073523,599964,88,2677,13365,100
2787033307192795,599964,88,2677,13365,100
2787033312310166,599964,88,2677,13365,100
2787033317428482,599964,88,2677,13365,100
2787033322546374,599964,88,2677,13365,100
2787033327664158,599964,88,2677,13365,100
2787033332782164,599964,88,2677,13365,100
2787033337900754,599964,88,2677,13365,100
2787033343032636,599964,88,2677,13365,100
2787033348150977,599964,88,2677,13365,100
2787033353269009,599964,88,2677,13365,100
2787033358388281,599964,88,2677,13365,100
2787033363505861,599964,88,2677,13365,100
2787033368623670,599964,88,2677,13365,100
2787033373741594,599964,88,2677,13365,100
2787033378859038,599964,88,2677,13365,100
2787033383976631,599964,88,2677,13365,100
2787033389094503,599964,88,2677,13365,100
2787033394212271,599964,88,2677,13365,100
2787033399329972,599964,88,2677,13365,100
2787033404447645,599964,88,2677,13365,100
2787033409566643,599964,88,2677,13365,100
2787033414684294,599964,88,2677,13365,100
2787033419802242,599964,88,2677,13365,100
2787033424919881,599964,88,2677,13365,100
2787033430037707,599964,88,2677,13365,100
2787033435155264,599964,88,2677,13365,100
2787033440273134,599964,88,2677,13365,100
2787033445391135,599964,88,2677,13365,100
2787033450509012,599964,88,2677,13365,100
2787033455627272,599964,88,2677,13365,100
2787033460746219,599964,88,2677,13365,100
2787033465882501,599964,88,2677,13365,100
2787033470999902,599964,88,2677,13365,100
2787033476135241,599964,88,2677,13365,100
2787033481252885,599964,88,2677,13365,100
2787033486382870,599964,88,2677,13365,100
2787033491500526,599964,88,2677,13365,100
2787033496618682,599964,88,2677,13365,100
2787033501735968,599964,88,2677,13365,100
2787033506853647,599964,88,2677,13365,100
2787033511972940,599964,88,2677,13365,100
2787033517092320,599964,88,2677,13365,100
2787033522209945,599964,88,2677,13365,100
2787033527328205,599964,88,2677,13365,100
2787033532445561,599964,88,2677,13365,100
2787033537563357,599964,88,2677,13365,100
2787033542681742,599964,88,2677,13365,100
2787033547799562,599964,88,2677,13365,100
2787033552917217,599964,88,2677,13365,100
2787033558035421,599964,88,2677,13365,100
2787033563155199,599964,88,2677,13365,100
2787033568273030,599964,88,2677,13365,100
2787033573390973,599964,88,2677,13365,100
2787033578508488,599964,88,2677,13365,100
2787033583626483,599964,88,2677,13365,100
2787033588744868,599964,88,2677,13365,100
2787033593863145,599964,88,2677,13365,100
2787033598980676,599964,88,2677,13365,100
2787033604120030,599964,88,2677,13365,100
2787033609237794,599964,88,2677,13365,100
2787033614356763,599964,88,2677,13365,100
2787033619474714,599964,88,2677,13365,100
2787033624592532,599964,88,2677,13365,100
2787033629709832,599964,88,2677,13365,100
2787033634827932,599964,88,2677,13365,100
2787033639945801,599964,88,2677,13365,100
2787033645063929,599964,88,2677,13365,100
2787033650181369,599964,88,2677,13365,100
2787033655299430,599964,88,2677,13365,100
2787033660416814,599964,88,2677,13365,100
2787033665535927,599970,88,2677,13365,100
2787033670653755,599970,88,2677,13365,100
2787033675771389,599970,88,2677,13365,100
2787033680888739,599970,88,2677,13365,100
2787033686027852,599970,88,2677,13365,100
2787033691146409,599970,88,2677,13365,100
2787033696264421,599970,88,2677,13365,100
2787033701382801,599970,88,2677,13365,100
2787033706500710,599970,88,2677,13365,100
2787033711618460,599970,88,2677,13365,100
2787033716737515,599970,88,2677,13365,100
2787033721855775,599970,88,2677,13365,100
2787033726973447,599970,88,2677,13365,100
2787033732110663,599970,88,2677,13365,100
2787033737228512,599970,88,2677,13365,100
2787033742346320,599970,88,2677,13365,100
2787033747463930,599970,88,2677,13365,100
2787033752581700,599970,88,2677,13365,100
2787033757699496,599970,88,2677,13365,100
2787033762816929,599970,88,2677,13365,100
2787033767935890,599970,88,2677,13365,100
2787033773053542,599970,88,2677,13365,100
2787033778171287,599970,88,2677,13365,100
2787033783288879,599970,88,2677,13365,100
2787033788406392,599970,88,2677,13365,100
2787033793524295,599970,88,2677,13365,100
2787033798641516,599970,88,2677,13365,100
2787033803759049,599970,88,2677,13365,100
2787033808876655,599970,88,2677,13365,100
2787033813994085,599970,88,2677,13365,100
2787033819173449,599970,88,2677,13365,100
2787033824291328,599970,88,2677,13365,100
2787033829408702,599970,88,2677,13365,100
2787033834526795,599970,88,2677,13365,100
2787033839644641,599970,88,2677,13365,100
2787033844762411,599970,88,2677,13365,100
2787033849880675,599970,88,2677,13365,100
2787033854998443,599970,88,2677,13365,100
2787033860133808,599970,88,2677,13365,100
2787033865251204,599970,88,2677,13365,100
2787033870370329,599970,88,2677,13365,100
2787033875487759,599970,88,2677,13365,100
2787033880605789,599970,88,2677,13365,100
2787033885730053,599970,88,2677,13365,100
2787033890847878,599970,88,2677,13365,100
2787033895965502,599970,88,2677,13365,100
2787033901083767,599970,88,2677,13365,100
2787033906201567,599970,88,2677,13365,100
2787033911320171,599970,88,2677,13365,100
2787033916438066,599970,88,2677,13365,100
2787033921557050,599970,88,2677,13365,100
2787033926675028,599970,88,2677,13365,100
2787033931793177,599970,88,2677,13365,100
2787033936910742,599970,88,2677,13365,100
2787033942028910,599970,88,2677,13365,100
2787033947147462,599970,88,2677,13365,100
2787033952265106,599970,88,2677,13365,100
2787033957382835,599970,88,2677,13365,100
2787033962500120,599970,88,2677,13365,100
2787033967618078,599970,88,2677,13365,100
2787033972737160,599970,88,2677,13365,100
2787033977855997,599970,88,2677,13365,100
2787033982973976,599970,88,2677,13365,100
2787033988091985,599970,88,2677,13365,100
2787033993209794,599970,88,2677,13365,100
2787033998328096,599970,88,2677,13365,100
2787034003446018,599970,88,2677,13365,100
2787034008568031,599970,88,2677,13365,100
2787034013687931,599970,88,2677,13365,100
2787034018805952,599970,88,2677,13365,100
2787034023924747,599970,88,2677,13365,100
2787034029042697,599970,88,2677,13365,100
2787034034160127,599970,88,2677,13365,100
2787034039277691,599970,88,2677,13365,100
2787034044395765,599970,88,2677,13365,100
2787034049513689,599970,88,2677,13365,100
2787034054631744,599970,88,2677,13365,100
2787034059749418,599970,88,2677,13365,100
2787034064867600,599970,88,2677,13365,100
2787034070031177,599970,88,2677,13365,100
2787034075150199,599970,88,2677,13365,100
2787034080267746,599970,88,2677,13365,100
2787034085385284,599970,88,2677,13365,100
2787034090502768,599970,88,2677,13365,100
2787034095620412,599970,88,2677,13365,100
2787034100738957,599970,88,2677,13365,100
2787034105857287,599970,88,2677,13365,100
2787034110975174,599970,88,2677,13365,100
2787034116092998,599970,88,2677,13365,100
2787034121260542,599970,88,2677,13365,100
2787034126379550,599970,88,2677,13365,100
2787034131496935,599970,88,2677,13365,100
2787034136613843,599970,88,2677,13365,100
2787034141731891,599970,88,2677,13365,100
2787034146849722,599970,88,2677,13365,100
2787034151967634,599970,88,2677,13365,100
2787034157085524,599970,88,2677,13365,100
2787034162203389,599970,88,2677,13365,100
2787034167321109,600010,88,2677,13365,100
2787034172438897,600010,88,2677,13365,100
2787034177558008,600010,88,2677,13365,100
2787034182676162,600010,88,2677,13365,100
2787034187794063,600010,88,2677,13365,100
2787034192912076,600010,88,2677,13365,100
2787034198030335,600010,88,2677,13365,100
2787034203148170,600010,88,2677,13365,100
2787034208266294,600010,88,2677,13365,100
2787034213384179,600010,88,2677,13365,100
2787034218501913,600010,88,2677,13365,100
2787034223619621,600010,88,2677,13365,100
2787034228738900,600010,88,2677,13365,100
2787034233857732,600010,88,2677,13365,100
2787034238976063,600010,88,2677,13365,100
2787034244093799,600010,88,2677,13365,100
2787034249212051,600010,88,2677,13365,100
2787034254330179,600010,88,2677,13365,100
2787034259447988,600010,88,2677,13365,100
2787034264565770,600010,88,2677,13365,100
2787034269683920,600010,88,2677,13365,100
2787034274801585,600010,88,2677,13365,100
2787034279920516,600010,88,2677,13365,100
2787034285031562,600010,88,2677,13365,100
2787034290149254,600010,88,2677,13365,100
2787034295267203,600010,88,2677,13365,100
2787034300385783,600010,88,2677,13365,100
2787034305503236,600010,88,2677,13365,100
2787034310620704,600010,88,2677,13365,100
2787034315738540,600010,88,2677,13365,100
2787034320856065,600010,88,2677,13365,100
2787034325973755,600010,88,2677,13365,100
2787034331093579,600010,88,2677,13365,100
2787034336211813,600010,88,2677,13365,100
2787034341329902,600010,88,2677,13365,100
2787034346447658,600010,88,2677,13365,100
2787034351565730,600010,88,2677,13365,100
2787034356683547,600010,88,2677,13365,100
2787034361801666,600010,88,2677,13365,100
2787034366919512,600010,88,2677,13365,100
2787034372037780,600010,88,2677,13365,100
2787034377155497,600010,88,2677,13365,100
2787034382274769,600010,88,2677,13365,100
2787034387393067,600010,88,2677,13365,100
2787034392510872,600010,88,2677,13365,100
2787034397630986,600010,88,2677,13365,100
2787034402754562,600010,88,2677,13365,100
2787034407872463,600010,88,2677,13365,100
2787034412990429,600010,88,2677,13365,100
2787034418131948,600010,88,2677,13365,100
2787034423250380,600010,88,2677,13365,100
2787034428368340,600010,88,2677,13365,100
2787034433487756,600010,88,2677,13365,100
2787034438605825,600010,88,2677,13365,100
2787034443723635,600010,88,2677,13365,100
2787034448841680,600010,88,2677,13365,100
2787034453960154,600010,88,2677,13365,100
2787034459078023,600010,88,2677,13365,100
2787034464195415,600010,88,2677,13365,100
2787034469313207,600010,88,2677,13365,100
2787034474430881,600010,88,2677,13365,100
2787034479549595,600010,88,2677,13365,100
2787034484685760,600010,88,2677,13365,100
2787034489803762,600010,88,2677,13365,100
2787034494921368,600010,88,2677,13365,100
2787034500039673,600010,88,2677,13365,100
2787034505157262,600010,88,2677,13365,100
2787034510275220,600010,88,2677,13365,100
2787034515392931,600010,88,2677,13365,100
2787034520510850,600010,88,2677,13365,100
2787034525628835,600010,88,2677,13365,100
2787034530746599,600010,88,2677,13365,100
2787034535865841,600010,88,2677,13365,100
2787034540983580,600010,88,2677,13365,100
2787034546124900,600010,88,2677,13365,100
2787034551242701,600010,88,2677,13365,100
2787034556363311,600010,88,2677,13365,100
2787034561481155,600010,88,2677,13365,100
2787034566599369,600010,88,2677,13365,100
2787034571717654,600010,88,2677,13365,100
2787034576835423,600010,88,2677,13365,100
2787034581953375,600010,88,2677,13365,100
2787034587072437,600010,88,2677,13365,100
2787034592190231,600010,88,2677,13365,100
2787034597306724,600010,88,2677,13365,100
2787034602424368,600010,88,2677,13365,100
2787034607542329,600010,88,2677,13365,100
2787034612660199,600010,88,2677,13365,100
2787034617778313,600010,88,2677,13365,100
2787034622896497,600010,88,2677,13365,100
2787034628035425,600010,88,2677,13365,100
2787034633153810,600010,88,2677,13365,100
2787034638273583,600010,88,2677,13365,100
2787034643391451,600010,88,2677,13365,100
2787034648509404,600010,88,2677,13365,100
2787034653626480,600010,88,2677,13365,100
2787034658744480,600010,88,2677,13365,100
2787034663863097,600010,88,2677,13365,100
2787034668981275,599991,88,2677,13365,100
2787034674117005,599991,88,2677,13365,100
2787034679235485,599991,88,2677,13365,100
2787034684353138,599991,88,2677,13365,100
2787034689472894,599991,88,2677,13365,100
2787034694590671,599991,88,2677,13365,100
2787034699712086,599991,88,2677,13365,100
2787034704832505,599991,88,2677,13365,100
2787034709950524,599991,88,2677,13365,100
2787034715068416,599991,88,2677,13365,100
2787034720186345,599991,88,2677,13365,100
2787034725304075,599991,88,2677,13365,100
2787034730422254,599991,88,2677,13365,100
2787034735539897,599991,88,2677,13365,100
2787034740659210,599991,88,2677,13365,100
2787034745777110,599991,88,2677,13365,100
2787034750895206,599991,88,2677,13365,100
2787034756029807,599991,88,2677,13365,100
2787034761147207,599991,88,2677,13365,100
2787034766265172,599991,88,2677,13365,100
2787034771382848,599991,88,2677,13365,100
2787034776518094,599991,88,2677,13365,100
2787034781622577,599991,88,2677,13365,100
2787034786740033,599991,88,2677,13365,100
2787034791859859,599991,88,2677,13365,100
2787034796977362,599991,88,2677,13365,100
2787034802095214,599991,88,2677,13365,100
2787034807212905,599991,88,2677,13365,100
2787034812330682,599991,88,2677,13365,100
2787034817448481,599991,88,2677,13365,100
2787034822566147,599991,88,2677,13365,100
2787034827683840,599991,88,2677,13365,100
2787034832801932,599991,88,2677,13365,100
2787034837919800,599991,88,2677,13365,100
2787034843039655,599991,88,2677,13365,100
2787034848157429,599991,88,2677,13365,100
2787034853275438,599991,88,2677,13365,100
2787034858393318,599991,88,2677,13365,100
2787034863520000,599991,88,2677,13365,100
2787034868637737,599991,88,2677,13365,100
2787034873755689,599991,88,2677,13365,100
2787034878873624,599991,88,2677,13365,100
2787034883991983,599991,88,2677,13365,100
2787034889176820,599991,88,2677,13365,100
2787034894296438,599991,88,2677,13365,100
2787034899414212,599991,88,2677,13365,100
2787034904532247,599991,88,2677,13365,100
2787034909649661,599991,88,2677,13365,100
2787034914770656,599991,88,2677,13365,100
2787034919900754,599991,88,2677,13365,100
2787034925022113,599991,88,2677,13365,100
2787034930140887,599991,88,2677,13365,100
2787034935262259,599991,88,2677,13365,100
2787034940383051,599991,88,2677,13365,100
2787034945506222,599991,88,2677,13365,100
2787034950626994,599991,88,2677,13365,100
2787034955747768,599991,88,2677,13365,100
2787034960865544,599991,88,2677,13365,100
2787034965986646,599991,88,2677,13365,100
2787034971125283,599991,88,2677,13365,100
2787034976246333,599991,88,2677,13365,100
2787034981366834,599991,88,2677,13365,100
2787034986489335,599991,88,2677,13365,100
2787034991608086,599991,88,2677,13365,100
2787034996730411,599991,88,2677,13365,100
2787035001850989,599991,88,2677,13365,100
2787035006972199,599991,88,2677,13365,100
2787035012094208,599991,88,2677,13365,100
2787035017216524,599991,88,2677,13365,100
2787035022339027,599991,88,2677,13365,100
2787035027461033,599991,88,2677,13365,100
2787035032583145,599991,88,2677,13365,100
2787035037705542,599991,88,2677,13365,100
2787035042827584,599991,88,2677,13365,100
2787035047951563,599991,88,2677,13365,100
2787035053073219,599991,88,2677,13365,100
2787035058195835,599991,88,2677,13365,100
2787035063318111,599991,88,2677,13365,100
2787035068445875,599991,88,2677,13365,100
2787035073568030,599991,88,2677,13365,100
2787035078690474,599991,88,2677,13365,100
2787035083813659,599991,88,2677,13365,100
2787035088937053,599991,88,2677,13365,100
2787035094060877,599991,88,2677,13365,100
2787035099188961,599991,88,2677,13365,100
2787035104312098,599991,88,2677,13365,100
2787035109432424,599991,88,2677,13365,100
2787035114555538,599991,88,2677,13365,100
2787035119679347,599991,88,2677,13365,100
2787035124803127,599991,88,2677,13365,100
2787035129924447,599991,88,2677,13365,100
2787035135050301,599991,88,2677,13365,100
2787035140173076,599991,88,2677,13365,100
2787035145297213,599991,88,2677,13365,100
2787035150422675,599991,88,2677,13365,100
2787035155545967,599991,88,2677,13365,100
2787035160670597,599991,88,2677,13365,100
2787035165794262,526022,80,2782,13365,0
2787035170917866,526022,80,2782,13365,0
2787035176041659,526022,80,2782,13365,0
2787035181165381,526022,80,2782,13365,0
2787035186288707,526022,80,2782,13365,0
2787035191419795,526022,80,2782,13365,0
2787035196543435,526022,80,2782,13365,0
2787035201668944,526022,80,2782,13365,0
2787035206792605,526022,80,2782,13365,0
