monotonic_ns,board_power_mw,temperature_c,graphics_clock_mhz,memory_clock_mhz,utilization_percent
2791215782629510,347358,70,2805,13365,100
2791215789107702,347358,70,2805,13365,100
2791215794212062,347358,70,2805,13365,100
2791215799328642,347358,70,2805,13365,100
2791215804442823,347358,70,2805,13365,100
2791215809558603,347358,70,2805,13365,100
2791215814673025,347358,70,2805,13365,100
2791215819790044,347358,70,2805,13365,100
2791215824907946,347358,70,2805,13365,100
2791215830022438,347358,70,2805,13365,100
2791215835137965,347358,70,2805,13365,100
2791215840268000,347358,70,2805,13365,100
2791215845379093,347358,70,2805,13365,100
2791215850497456,347358,70,2805,13365,100
2791215855611660,347358,70,2805,13365,100
2791215860727083,347358,70,2805,13365,100
2791215865847260,347358,70,2805,13365,100
2791215870961315,347358,70,2805,13365,100
2791215876075040,347358,70,2805,13365,100
2791215881189002,347358,70,2805,13365,100
2791215886310245,347358,70,2805,13365,100
2791215891427033,347358,70,2805,13365,100
2791215896541217,347358,70,2805,13365,100
2791215901656659,347358,70,2805,13365,100
2791215906776476,347358,70,2805,13365,100
2791215911890748,347358,70,2805,13365,100
2791215917020945,347358,70,2805,13365,100
2791215922135035,347358,70,2805,13365,100
2791215927247347,347358,70,2805,13365,100
2791215932361358,347358,70,2805,13365,100
2791215937474140,347358,70,2805,13365,100
2791215942587852,347358,70,2805,13365,100
2791215947703077,347358,70,2805,13365,100
2791215952816756,347358,70,2805,13365,100
2791215957932710,347358,70,2805,13365,100
2791215963046450,347358,70,2805,13365,100
2791215968160729,347358,70,2805,13365,100
2791215973274907,347358,70,2805,13365,100
2791215978396791,347358,70,2805,13365,100
2791215983508191,347358,70,2805,13365,100
2791215988623854,347358,70,2805,13365,100
2791215993737589,347358,70,2805,13365,100
2791215998850793,347358,70,2805,13365,100
2791216003962494,347358,70,2805,13365,100
2791216009075058,347358,70,2805,13365,100
2791216014188798,347358,70,2805,13365,100
2791216019302938,347358,70,2805,13365,100
2791216024417611,347358,70,2805,13365,100
2791216029532600,347358,70,2805,13365,100
2791216034644012,347358,70,2805,13365,100
2791216039764104,347358,70,2805,13365,100
2791216044884688,347358,70,2805,13365,100
2791216050021337,347358,70,2805,13365,100
2791216055135328,347358,70,2805,13365,100
2791216060250230,347358,70,2805,13365,100
2791216065362394,347358,70,2805,13365,100
2791216070474231,347358,70,2805,13365,100
2791216075585934,290377,64,2805,13365,0
2791216080701647,290377,64,2805,13365,0
2791216085815332,290377,64,2805,13365,0
2791216090928034,290377,64,2805,13365,0
2791216096039153,290377,64,2805,13365,0
2791216101150556,290377,64,2805,13365,0
2791216106262097,290377,64,2805,13365,0
2791216111373365,290377,64,2805,13365,0
2791216116484354,290377,64,2805,13365,0
2791216121596930,290377,64,2805,13365,0
2791216126708253,290377,64,2805,13365,0
2791216131819439,290377,64,2805,13365,0
2791216136930380,290377,64,2805,13365,0
2791216142042980,290377,64,2805,13365,0
2791216147154423,290377,64,2805,13365,0
2791216152267301,290377,64,2805,13365,0
2791216157378501,290377,64,2805,13365,0
2791216162489705,290377,64,2805,13365,0
2791216167600974,290377,64,2805,13365,0
2791216172712434,290377,64,2805,13365,0
2791216177823911,290377,64,2805,13365,0
2791216182935043,290377,64,2805,13365,0
2791216188047876,290377,64,2805,13365,0
2791216193160812,290377,64,2805,13365,0
2791216198272105,290377,64,2805,13365,0
2791216203383479,290377,64,2805,13365,0
2791216208494225,290377,64,2805,13365,0
2791216213605646,290377,64,2805,13365,0
2791216218721554,290377,64,2805,13365,0
2791216223832618,290377,64,2805,13365,0
2791216228943099,290377,64,2805,13365,0
2791216234054687,290377,64,2805,13365,0
2791216239165852,290377,64,2805,13365,0
2791216244278300,290377,64,2805,13365,0
2791216249389217,290377,64,2805,13365,0
2791216254500501,290377,64,2805,13365,0
2791216259612240,290377,64,2805,13365,0
2791216264723910,290377,64,2805,13365,0
2791216269834638,290377,64,2805,13365,0
2791216274945835,290377,64,2805,13365,0
2791216280056383,290377,64,2805,13365,0
2791216285168851,290377,64,2805,13365,0
2791216290280706,290377,64,2805,13365,0
2791216295393151,290377,64,2805,13365,0
2791216300503583,290377,64,2805,13365,0
2791216305614621,290377,64,2805,13365,0
2791216310726338,290377,64,2805,13365,0
2791216315838562,290377,64,2805,13365,0
2791216320949282,290377,64,2805,13365,0
2791216326060032,290377,64,2805,13365,0
2791216331170891,290377,64,2805,13365,0
2791216336281679,290377,64,2805,13365,0
2791216341392565,290377,64,2805,13365,0
2791216346505241,290377,64,2805,13365,0
2791216351616093,290377,64,2805,13365,0
2791216356727089,290377,64,2805,13365,0
2791216361838090,290377,64,2805,13365,0
2791216366949082,290377,64,2805,13365,0
2791216372059657,290377,64,2805,13365,0
2791216377170789,290377,64,2805,13365,0
2791216382282873,290377,64,2805,13365,0
2791216387393792,290377,64,2805,13365,0
2791216392504748,290377,64,2805,13365,0
2791216397617081,290377,64,2805,13365,0
2791216402728303,290377,64,2805,13365,0
2791216407839034,290377,64,2805,13365,0
2791216412951340,290377,64,2805,13365,0
2791216418062171,290377,64,2805,13365,0
2791216423173094,290377,64,2805,13365,0
2791216428283925,290377,64,2805,13365,0
2791216433394819,290377,64,2805,13365,0
2791216438505434,290377,64,2805,13365,0
2791216443616261,290377,64,2805,13365,0
2791216448730157,290377,64,2805,13365,0
2791216453840957,290377,64,2805,13365,0
2791216458951820,290377,64,2805,13365,0
2791216464062670,290377,64,2805,13365,0
2791216469173548,290377,64,2805,13365,0
2791216474284639,290377,64,2805,13365,0
2791216479411499,290377,64,2805,13365,0
2791216484521988,290377,64,2805,13365,0
2791216489632933,290377,64,2805,13365,0
2791216494760085,290377,64,2805,13365,0
2791216499872533,290377,64,2805,13365,0
2791216504983265,290377,64,2805,13365,0
2791216510116425,290377,64,2805,13365,0
2791216515227468,290377,64,2805,13365,0
2791216520338199,290377,64,2805,13365,0
2791216525449283,290377,64,2805,13365,0
2791216530559955,290377,64,2805,13365,0
2791216535670727,290377,64,2805,13365,0
2791216540782832,290377,64,2805,13365,0
2791216545893540,290377,64,2805,13365,0
2791216551021809,290377,64,2805,13365,0
2791216556133085,290377,64,2805,13365,0
2791216561243989,290377,64,2805,13365,0
2791216566355226,290377,64,2805,13365,0
2791216571466238,278943,64,2805,13365,100
2791216576577801,278943,69,2805,13365,100
2791216581689187,278943,69,2805,13365,100
2791216586801422,278943,69,2805,13365,100
2791216591916106,278943,69,2805,13365,100
2791216597027160,278943,69,2805,13365,100
2791216602139509,278943,69,2805,13365,100
2791216607250573,278943,69,2805,13365,100
2791216612361314,278943,69,2805,13365,100
2791216617472703,278943,69,2805,13365,100
2791216622596547,278943,69,2805,13365,100
2791216627708579,278943,69,2805,13365,100
2791216632819367,278943,69,2805,13365,100
2791216637931488,278943,69,2805,13365,100
2791216643043264,278943,69,2805,13365,100
2791216648155628,278943,69,2805,13365,100
2791216653269999,278943,69,2805,13365,100
2791216658381837,278943,69,2805,13365,100
2791216663494042,278943,69,2805,13365,100
2791216668606486,278943,69,2805,13365,100
2791216673723337,278943,69,2805,13365,100
2791216678836459,278943,69,2805,13365,100
2791216683948224,278943,69,2805,13365,100
2791216689060716,278943,69,2805,13365,100
2791216694173556,278943,69,2805,13365,100
2791216699286404,278943,69,2805,13365,100
2791216704400298,278943,69,2805,13365,100
2791216709513233,278943,69,2805,13365,100
2791216714625010,278943,69,2805,13365,100
2791216719737106,278943,69,2805,13365,100
2791216724848895,278943,69,2805,13365,100
2791216729960727,278943,69,2805,13365,100
2791216735071828,278943,69,2805,13365,100
2791216740184524,278943,69,2805,13365,100
2791216745295913,278943,69,2805,13365,100
2791216750406911,278943,69,2805,13365,100
2791216755519117,278943,69,2805,13365,100
2791216760629892,278943,69,2805,13365,100
2791216765740931,278943,69,2805,13365,100
2791216770852081,278943,69,2805,13365,100
2791216775965094,278943,69,2805,13365,100
2791216781076203,278943,69,2805,13365,100
2791216786187212,278943,69,2805,13365,100
2791216791297918,278943,69,2805,13365,100
2791216796408848,278943,69,2805,13365,100
2791216801519521,278943,69,2805,13365,100
2791216806633646,278943,69,2805,13365,100
2791216811745109,278943,69,2805,13365,100
2791216816856230,278943,69,2805,13365,100
2791216821967290,278943,69,2805,13365,100
2791216827078643,278943,69,2805,13365,100
2791216832189619,278943,69,2805,13365,100
2791216837301487,278943,69,2805,13365,100
2791216842412844,278943,69,2805,13365,100
2791216847523620,278943,69,2805,13365,100
2791216852634737,278943,69,2805,13365,100
2791216857747321,278943,69,2805,13365,100
2791216862857713,278943,69,2805,13365,100
2791216867968938,278943,69,2805,13365,100
2791216873081309,278943,69,2805,13365,100
2791216878192191,278943,69,2805,13365,100
2791216883302938,278943,69,2805,13365,100
2791216888413672,278943,69,2805,13365,100
2791216893524500,278943,69,2805,13365,100
2791216898635361,278943,69,2805,13365,100
2791216903747033,278943,69,2805,13365,100
2791216908859802,278943,69,2805,13365,100
2791216913970802,278943,69,2805,13365,100
2791216919092114,278943,69,2805,13365,100
2791216924203741,278943,69,2805,13365,100
2791216929314543,278943,69,2805,13365,100
2791216934426851,278943,69,2805,13365,100
2791216939538192,278943,69,2805,13365,100
2791216944649093,278943,69,2805,13365,100
2791216949759957,278943,69,2805,13365,100
2791216954871229,278943,69,2805,13365,100
2791216959983757,278943,69,2805,13365,100
2791216965112187,278943,69,2805,13365,100
2791216970223031,278943,69,2805,13365,100
2791216975333659,278943,69,2805,13365,100
2791216980444591,278943,69,2805,13365,100
2791216985555664,278943,69,2805,13365,100
2791216990666444,278943,69,2805,13365,100
2791216995778969,278943,69,2805,13365,100
2791217000889569,278943,69,2805,13365,100
2791217006018583,278943,69,2805,13365,100
2791217011132095,278943,69,2805,13365,100
2791217016242714,278943,69,2805,13365,100
2791217021353362,278943,69,2805,13365,100
2791217026463859,278943,69,2805,13365,100
2791217031575079,278943,69,2805,13365,100
2791217036685757,278943,69,2805,13365,100
2791217041798434,278943,69,2805,13365,100
2791217046909453,278943,69,2805,13365,100
2791217052020413,278943,69,2805,13365,100
2791217057131117,278943,69,2805,13365,100
2791217062243498,278943,69,2805,13365,100
2791217067354384,278943,69,2805,13365,100
2791217072465668,321640,70,2805,13365,100
2791217077577451,321640,70,2805,13365,100
2791217082688315,321640,70,2805,13365,100
2791217087798832,321640,70,2805,13365,100
2791217092909508,321640,70,2805,13365,100
2791217098020181,321640,70,2805,13365,100
2791217103130733,321640,70,2805,13365,100
2791217108243274,321640,70,2805,13365,100
2791217113355946,321640,70,2805,13365,100
2791217118466610,321640,70,2805,13365,100
2791217123577387,321640,70,2805,13365,100
2791217128688155,321640,70,2805,13365,100
2791217133799036,321640,70,2805,13365,100
2791217138909951,321640,70,2805,13365,100
2791217144020757,321640,70,2805,13365,100
2791217149147740,321640,70,2805,13365,100
2791217154258339,321640,70,2805,13365,100
2791217159369505,321640,70,2805,13365,100
2791217164481670,321640,70,2805,13365,100
2791217169592814,321640,70,2805,13365,100
2791217174705197,321640,70,2805,13365,100
2791217179815803,321640,70,2805,13365,100
2791217184926480,321640,70,2805,13365,100
2791217190037876,321640,70,2805,13365,100
2791217195160900,321640,70,2805,13365,100
2791217200271704,321640,70,2805,13365,100
2791217205383610,321640,70,2805,13365,100
2791217210494518,321640,70,2805,13365,100
2791217215606844,321640,70,2805,13365,100
2791217220717258,321640,70,2805,13365,100
2791217225827959,321640,70,2805,13365,100
2791217230938823,321640,70,2805,13365,100
2791217236049611,321640,70,2805,13365,100
2791217241160746,321640,70,2805,13365,100
2791217246271564,321640,70,2805,13365,100
2791217251382688,321640,70,2805,13365,100
2791217256493825,321640,70,2805,13365,100
2791217261604214,321640,70,2805,13365,100
2791217266716783,321640,70,2805,13365,100
2791217271829222,321640,70,2805,13365,100
2791217276939759,321640,70,2805,13365,100
2791217282050695,321640,70,2805,13365,100
2791217287161519,321640,70,2805,13365,100
2791217292272240,321640,70,2805,13365,100
2791217297383184,321640,70,2805,13365,100
2791217302494393,321640,70,2805,13365,100
2791217307605077,321640,70,2805,13365,100
2791217312715796,321640,70,2805,13365,100
2791217317828106,321640,70,2805,13365,100
2791217322939047,321640,70,2805,13365,100
2791217328049609,321640,70,2805,13365,100
2791217333160786,321640,70,2805,13365,100
2791217338272730,321640,70,2805,13365,100
2791217343383333,321640,70,2805,13365,100
2791217348494152,321640,70,2805,13365,100
2791217353605138,321640,70,2805,13365,100
2791217358715790,321640,70,2805,13365,100
2791217363826498,321640,70,2805,13365,100
2791217368938717,321640,70,2805,13365,100
2791217374049531,321640,70,2805,13365,100
2791217379160380,321640,70,2805,13365,100
2791217384271156,321640,70,2805,13365,100
2791217389381774,321640,70,2805,13365,100
2791217394492337,321640,70,2805,13365,100
2791217399611013,321640,70,2805,13365,100
2791217404721950,321640,70,2805,13365,100
2791217409832726,321640,70,2805,13365,100
2791217414943238,321640,70,2805,13365,100
2791217420055687,321640,70,2805,13365,100
2791217425166147,321640,70,2805,13365,100
2791217430276928,321640,70,2805,13365,100
2791217435389094,321640,70,2805,13365,100
2791217440499804,321640,70,2805,13365,100
2791217445610661,321640,70,2805,13365,100
2791217450721841,321640,70,2805,13365,100
2791217455832438,321640,70,2805,13365,100
2791217460943394,321640,70,2805,13365,100
2791217466055328,321640,70,2805,13365,100
2791217471167565,321640,70,2805,13365,100
2791217476278159,321640,70,2805,13365,100
2791217481388914,321640,70,2805,13365,100
2791217486499736,321640,70,2805,13365,100
2791217491610350,321640,70,2805,13365,100
2791217496720969,321640,70,2805,13365,100
2791217501831752,321640,70,2805,13365,100
2791217506943430,321640,70,2805,13365,100
2791217512054602,321640,70,2805,13365,100
2791217517165511,321640,70,2805,13365,100
2791217522277999,321640,70,2805,13365,100
2791217527388923,321640,70,2805,13365,100
2791217532501436,321640,70,2805,13365,100
2791217537611917,321640,70,2805,13365,100
2791217542722753,321640,70,2805,13365,100
2791217547833651,321640,70,2805,13365,100
2791217552944390,321640,70,2805,13365,100
2791217558055450,321640,70,2805,13365,100
2791217563175319,321640,70,2805,13365,100
2791217568293551,321640,70,2805,13365,100
2791217573406779,346712,70,2805,13365,100
2791217578518478,346712,70,2805,13365,100
2791217583629368,346712,70,2805,13365,100
2791217588740301,346712,70,2805,13365,100
2791217593851205,346712,70,2805,13365,100
2791217598962450,346712,70,2805,13365,100
2791217604075038,346712,70,2805,13365,100
2791217609185898,346712,70,2805,13365,100
2791217614296747,346712,70,2805,13365,100
2791217619407393,346712,70,2805,13365,100
2791217624519612,346712,70,2805,13365,100
2791217629640856,346712,70,2805,13365,100
2791217634752736,346712,70,2805,13365,100
2791217639863320,346712,70,2805,13365,100
2791217644974105,346712,70,2805,13365,100
2791217650086469,346712,70,2805,13365,100
2791217655197317,346712,70,2805,13365,100
2791217660307750,346712,70,2805,13365,100
2791217665418798,346712,70,2805,13365,100
2791217670529910,346712,70,2805,13365,100
2791217675642143,346712,70,2805,13365,100
2791217680752968,346712,70,2805,13365,100
2791217685863744,346712,70,2805,13365,100
2791217690974355,346712,70,2805,13365,100
2791217696086767,346712,70,2805,13365,100
2791217701199373,346712,70,2805,13365,100
2791217706311854,346712,70,2805,13365,100
2791217711423738,346712,70,2805,13365,100
2791217716535555,346712,70,2805,13365,100
2791217721657721,346712,70,2805,13365,100
2791217726771767,346712,70,2805,13365,100
2791217731898432,346712,70,2805,13365,100
2791217737023088,346712,70,2805,13365,100
2791217742135126,346712,70,2805,13365,100
2791217747247625,346712,70,2805,13365,100
2791217752359717,346712,70,2805,13365,100
2791217757471372,346712,70,2805,13365,100
2791217762583591,346712,70,2805,13365,100
2791217767695701,346712,70,2805,13365,100
2791217772808299,346712,70,2805,13365,100
2791217777921979,346712,70,2805,13365,100
2791217783034040,346712,70,2805,13365,100
2791217788146236,346712,70,2805,13365,100
2791217793257723,346712,70,2805,13365,100
2791217798373293,346712,70,2805,13365,100
2791217803501631,346712,70,2805,13365,100
2791217808611996,346712,70,2805,13365,100
2791217813722440,346712,70,2805,13365,100
2791217818833267,346712,70,2805,13365,100
2791217823943859,346712,70,2805,13365,100
2791217829056035,346712,70,2805,13365,100
2791217834166800,346712,70,2805,13365,100
2791217839278356,346712,70,2805,13365,100
2791217844389325,346712,70,2805,13365,100
2791217849500184,346712,70,2805,13365,100
2791217854610985,346712,70,2805,13365,100
2791217859721480,346712,70,2805,13365,100
2791217864832166,346712,70,2805,13365,100
2791217869945149,346712,70,2805,13365,100
2791217875055691,346712,70,2805,13365,100
2791217880167532,346712,70,2805,13365,100
2791217885278142,346712,70,2805,13365,100
2791217890388800,346712,70,2805,13365,100
2791217895499337,346712,70,2805,13365,100
2791217900611397,346712,70,2805,13365,100
2791217905722189,346712,70,2805,13365,100
2791217910833137,346712,70,2805,13365,100
2791217915943923,346712,70,2805,13365,100
2791217921110091,346712,70,2805,13365,100
2791217926221090,346712,70,2805,13365,100
2791217931333536,346712,70,2805,13365,100
2791217936445765,346712,70,2805,13365,100
2791217941556310,346712,70,2805,13365,100
2791217946666949,346712,70,2805,13365,100
2791217951777701,346712,70,2805,13365,100
2791217956888109,346712,70,2805,13365,100
2791217961998310,346712,70,2805,13365,100
2791217967131522,346712,70,2805,13365,100
2791217972242211,346712,70,2805,13365,100
2791217977352794,346712,70,2805,13365,100
2791217982464940,346712,70,2805,13365,100
2791217987575436,346712,70,2805,13365,100
2791217992686196,346712,70,2805,13365,100
2791217997798688,346712,70,2805,13365,100
2791218002909357,346712,70,2805,13365,100
2791218008020063,346712,70,2805,13365,100
2791218013131021,346712,70,2805,13365,100
2791218018242036,346712,70,2805,13365,100
2791218023352750,346712,70,2805,13365,100
2791218028465185,346712,70,2805,13365,100
2791218033577219,346712,70,2805,13365,100
2791218038688142,346712,70,2805,13365,100
2791218043805133,346712,70,2805,13365,100
2791218048916043,346712,70,2805,13365,100
2791218054026901,346712,70,2805,13365,100
2791218059137866,346712,70,2805,13365,100
2791218064249638,346712,70,2805,13365,100
2791218069360370,346712,70,2805,13365,100
2791218074471038,346748,70,2805,13365,100
2791218079582687,346748,70,2805,13365,100
2791218084694920,346748,70,2805,13365,100
2791218089812896,346748,70,2805,13365,100
2791218094925644,346748,70,2805,13365,100
2791218100036436,346748,70,2805,13365,100
2791218105147119,346748,70,2805,13365,100
2791218110257989,346748,70,2805,13365,100
2791218115369038,346748,70,2805,13365,100
2791218120480066,346748,70,2805,13365,100
2791218125591817,346748,70,2805,13365,100
2791218130703319,346748,70,2805,13365,100
2791218135816572,346748,70,2805,13365,100
2791218140927332,346748,70,2805,13365,100
2791218146037892,346748,70,2805,13365,100
2791218151148365,346748,70,2805,13365,100
2791218156259034,346748,70,2805,13365,100
2791218161370098,346748,70,2805,13365,100
2791218166482714,346748,70,2805,13365,100
2791218171593598,346748,70,2805,13365,100
2791218176704166,346748,70,2805,13365,100
2791218181815225,346748,70,2805,13365,100
2791218186927360,346748,70,2805,13365,100
2791218192038201,346748,70,2805,13365,100
2791218197149140,346748,70,2805,13365,100
2791218202259777,346748,70,2805,13365,100
2791218207370380,346748,70,2805,13365,100
2791218212481212,346748,70,2805,13365,100
2791218217591822,346748,70,2805,13365,100
2791218222702661,346748,70,2805,13365,100
2791218227813851,346748,70,2805,13365,100
2791218232925967,346748,70,2805,13365,100
2791218238037914,346748,70,2805,13365,100
2791218243148629,346748,70,2805,13365,100
2791218248259295,346748,70,2805,13365,100
2791218253370129,346748,70,2805,13365,100
2791218258480817,346748,70,2805,13365,100
2791218263592642,346748,70,2805,13365,100
2791218268703418,346748,70,2805,13365,100
2791218273814307,346748,70,2805,13365,100
2791218278925101,346748,70,2805,13365,100
2791218284036695,346748,70,2805,13365,100
2791218289148740,346748,70,2805,13365,100
2791218294259340,346748,70,2805,13365,100
2791218299370165,346748,70,2805,13365,100
2791218304481324,346748,70,2805,13365,100
2791218309592097,346748,70,2805,13365,100
2791218314703102,346748,70,2805,13365,100
2791218319814299,346748,70,2805,13365,100
2791218324924835,346748,70,2805,13365,100
2791218330037479,346748,70,2805,13365,100
2791218335148408,346748,70,2805,13365,100
2791218340260620,346748,70,2805,13365,100
2791218345371525,346748,70,2805,13365,100
2791218350482361,346748,70,2805,13365,100
2791218355593502,346748,70,2805,13365,100
2791218360706438,346748,70,2805,13365,100
2791218365817391,346748,70,2805,13365,100
2791218370927795,346748,70,2805,13365,100
2791218376038513,346748,70,2805,13365,100
2791218381149084,346748,70,2805,13365,100
2791218386259834,346748,70,2805,13365,100
2791218391371664,346748,70,2805,13365,100
2791218396484177,346748,70,2805,13365,100
2791218401595073,346748,70,2805,13365,100
2791218406728432,346748,70,2805,13365,100
2791218411839178,346748,70,2805,13365,100
2791218416950634,346748,70,2805,13365,100
2791218422061371,346748,70,2805,13365,100
2791218427173331,346748,70,2805,13365,100
2791218432284294,346748,70,2805,13365,100
2791218437395032,346748,70,2805,13365,100
2791218442506881,346748,70,2805,13365,100
2791218447617369,346748,70,2805,13365,100
2791218452727961,346748,70,2805,13365,100
2791218457854736,346748,70,2805,13365,100
2791218462967258,346748,70,2805,13365,100
2791218468077952,346748,70,2805,13365,100
2791218473188879,346748,70,2805,13365,100
2791218478299875,346748,70,2805,13365,100
2791218483410371,346748,70,2805,13365,100
2791218488521080,346748,70,2805,13365,100
2791218493634081,346748,70,2805,13365,100
2791218498744997,346748,70,2805,13365,100
2791218503855797,346748,70,2805,13365,100
2791218508967249,346748,70,2805,13365,100
2791218514077750,346748,70,2805,13365,100
2791218519189011,346748,70,2805,13365,100
2791218524299603,346748,70,2805,13365,100
2791218529410647,346748,70,2805,13365,100
2791218534521504,346748,70,2805,13365,100
2791218539632156,346748,70,2805,13365,100
2791218544744477,346748,70,2805,13365,100
2791218549855273,346748,70,2805,13365,100
2791218554966140,346748,70,2805,13365,100
2791218560078977,346748,70,2805,13365,100
2791218565189369,346748,70,2805,13365,100
2791218570300319,346748,70,2805,13365,100
2791218575410657,346663,70,2805,13365,100
2791218580522260,346663,70,2805,13365,100
2791218585632716,346663,70,2805,13365,100
2791218590744900,346663,70,2805,13365,100
2791218595856875,346663,70,2805,13365,100
2791218600968139,346663,70,2805,13365,100
2791218606078758,346663,70,2805,13365,100
2791218611189338,346663,70,2805,13365,100
2791218616300480,346663,70,2805,13365,100
2791218621410715,346663,70,2805,13365,100
2791218626521422,346663,70,2805,13365,100
2791218631632188,346663,70,2805,13365,100
2791218636743110,346663,70,2805,13365,100
2791218641853893,346663,70,2805,13365,100
2791218646966109,346663,70,2805,13365,100
2791218652076882,346663,70,2805,13365,100
2791218657188818,346663,70,2805,13365,100
2791218662299582,346663,70,2805,13365,100
2791218667410571,346663,70,2805,13365,100
2791218672521401,346663,70,2805,13365,100
2791218677632495,346663,70,2805,13365,100
2791218682743128,346663,70,2805,13365,100
2791218687854575,346663,70,2805,13365,100
2791218692965505,346663,70,2805,13365,100
2791218698077898,346663,70,2805,13365,100
2791218703188406,346663,70,2805,13365,100
2791218708299410,346663,70,2805,13365,100
2791218713410095,346663,70,2805,13365,100
2791218718520743,346663,70,2805,13365,100
2791218723633104,346663,70,2805,13365,100
2791218728743856,346663,70,2805,13365,100
2791218733854868,346663,70,2805,13365,100
2791218738965484,346663,70,2805,13365,100
2791218744077121,346663,70,2805,13365,100
2791218749189189,346663,70,2805,13365,100
2791218754300132,346663,70,2805,13365,100
2791218759412146,346663,70,2805,13365,100
2791218764522614,346663,70,2805,13365,100
2791218769633591,346663,70,2805,13365,100
2791218774744199,346663,70,2805,13365,100
2791218779855196,346663,70,2805,13365,100
2791218784965932,346663,70,2805,13365,100
2791218790076577,346663,70,2805,13365,100
2791218795188509,346663,70,2805,13365,100
2791218800300666,346663,70,2805,13365,100
2791218805411386,346663,70,2805,13365,100
2791218810522182,346663,70,2805,13365,100
2791218815632911,346663,70,2805,13365,100
2791218820743751,346663,70,2805,13365,100
2791218825855634,346663,70,2805,13365,100
2791218830966484,346663,70,2805,13365,100
2791218836076892,346663,70,2805,13365,100
2791218841187609,346663,70,2805,13365,100
2791218846298439,346663,70,2805,13365,100
2791218851410842,346663,70,2805,13365,100
2791218856522400,346663,70,2805,13365,100
2791218861633030,346663,70,2805,13365,100
2791218866743863,346663,70,2805,13365,100
2791218871854507,346663,70,2805,13365,100
2791218876965433,346663,70,2805,13365,100
2791218882076088,346663,70,2805,13365,100
2791218887186953,346663,70,2805,13365,100
2791218892299017,346663,70,2805,13365,100
2791218897409718,346663,70,2805,13365,100
2791218902521768,346663,70,2805,13365,100
2791218907632684,346663,70,2805,13365,100
2791218912743555,346663,70,2805,13365,100
2791218917854567,346663,70,2805,13365,100
2791218922965847,346663,70,2805,13365,100
2791218928076682,346663,70,2805,13365,100
2791218933187445,346663,70,2805,13365,100
2791218938298884,346663,70,2805,13365,100
2791218943409935,346663,70,2805,13365,100
2791218948521011,346663,70,2805,13365,100
2791218953633166,346663,70,2805,13365,100
2791218958743970,346663,70,2805,13365,100
2791218963854707,346663,70,2805,13365,100
2791218968965497,346663,70,2805,13365,100
2791218974076920,346663,70,2805,13365,100
2791218979187668,346663,70,2805,13365,100
2791218984298453,346663,70,2805,13365,100
2791218989409135,346663,70,2805,13365,100
2791218994520033,346663,70,2805,13365,100
2791218999630697,346663,70,2805,13365,100
2791219004744448,346663,70,2805,13365,100
2791219009855167,346663,70,2805,13365,100
2791219014965807,346663,70,2805,13365,100
2791219020076371,346663,70,2805,13365,100
2791219025187384,346663,70,2805,13365,100
2791219030298156,346663,70,2805,13365,100
2791219035410341,346663,70,2805,13365,100
2791219040520773,346663,70,2805,13365,100
2791219045649304,346663,70,2805,13365,100
2791219050760198,346663,70,2805,13365,100
2791219055872032,346663,70,2805,13365,100
2791219060983171,346663,70,2805,13365,100
2791219066116215,346663,70,2805,13365,100
2791219071227131,346663,70,2805,13365,100
2791219076337988,346562,70,2805,13365,100
2791219081449624,346562,70,2805,13365,100
2791219086561152,346562,70,2805,13365,100
2791219091672863,346562,70,2805,13365,100
2791219096785597,346562,70,2805,13365,100
2791219101897742,346562,70,2805,13365,100
2791219107026551,346562,70,2805,13365,100
2791219112153582,346562,70,2805,13365,100
2791219117263995,346562,70,2805,13365,100
2791219122374579,346562,70,2805,13365,100
2791219127485703,346562,70,2805,13365,100
2791219132596116,346562,70,2805,13365,100
2791219137706917,346562,70,2805,13365,100
2791219142819001,346562,70,2805,13365,100
2791219147930321,346562,70,2805,13365,100
2791219153041896,346562,70,2805,13365,100
2791219158154246,346562,70,2805,13365,100
2791219163265163,346562,70,2805,13365,100
2791219168375707,346562,70,2805,13365,100
2791219173488043,346562,70,2805,13365,100
2791219178598724,346562,70,2805,13365,100
2791219183710420,346562,70,2805,13365,100
2791219188821629,346562,70,2805,13365,100
2791219193932481,346562,70,2805,13365,100
2791219199043250,346562,70,2805,13365,100
2791219204154038,346562,70,2805,13365,100
2791219209266566,346562,70,2805,13365,100
2791219214377338,346562,70,2805,13365,100
2791219219488093,346562,70,2805,13365,100
2791219224598712,346562,70,2805,13365,100
2791219229709635,346562,70,2805,13365,100
2791219234820276,346562,70,2805,13365,100
2791219239933265,346562,70,2805,13365,100
2791219245044053,346562,70,2805,13365,100
2791219250154709,346562,70,2805,13365,100
2791219255265274,346562,70,2805,13365,100
2791219260377756,346562,70,2805,13365,100
2791219265488586,346562,70,2805,13365,100
2791219270599167,346562,70,2805,13365,100
2791219275709776,346562,70,2805,13365,100
2791219280820336,346562,70,2805,13365,100
2791219285931138,346562,70,2805,13365,100
2791219291041693,346562,70,2805,13365,100
2791219296152173,346562,70,2805,13365,100
2791219301262650,346562,70,2805,13365,100
2791219306374386,346562,70,2805,13365,100
2791219311487027,346562,70,2805,13365,100
2791219316597675,346562,70,2805,13365,100
2791219321708456,346562,70,2805,13365,100
2791219326819044,346562,70,2805,13365,100
2791219331929956,346562,70,2805,13365,100
2791219337042383,346562,70,2805,13365,100
2791219342152999,346562,70,2805,13365,100
2791219347263697,346562,70,2805,13365,100
2791219352374478,346562,70,2805,13365,100
2791219357484946,346562,70,2805,13365,100
2791219362597290,346562,70,2805,13365,100
2791219367709791,346562,70,2805,13365,100
2791219372821720,346562,70,2805,13365,100
2791219377932710,346562,70,2805,13365,100
2791219383043235,346562,70,2805,13365,100
2791219388174659,346562,70,2805,13365,100
2791219393285358,346562,70,2805,13365,100
2791219398396115,346562,70,2805,13365,100
2791219403508158,346562,70,2805,13365,100
2791219408618795,346562,70,2805,13365,100
2791219413731123,346562,70,2805,13365,100
2791219418841680,346562,70,2805,13365,100
2791219423952290,346562,70,2805,13365,100
2791219429062924,346562,70,2805,13365,100
2791219434173504,346562,70,2805,13365,100
2791219439284049,346562,70,2805,13365,100
2791219444394617,346562,70,2805,13365,100
2791219449505554,346562,70,2805,13365,100
2791219454616178,346562,70,2805,13365,100
2791219459727119,346562,70,2805,13365,100
2791219464839339,346562,70,2805,13365,100
2791219469951544,346562,70,2805,13365,100
2791219475062128,346562,70,2805,13365,100
2791219480173004,346562,70,2805,13365,100
2791219485283963,346562,70,2805,13365,100
2791219490394785,346562,70,2805,13365,100
2791219495506310,346562,70,2805,13365,100
2791219500618229,346562,70,2805,13365,100
2791219505730341,346562,70,2805,13365,100
2791219510841927,346562,70,2805,13365,100
2791219515954463,346562,70,2805,13365,100
2791219521066847,346562,70,2805,13365,100
2791219526189328,346562,70,2805,13365,100
2791219531301008,346562,70,2805,13365,100
2791219536413145,346562,70,2805,13365,100
2791219541525133,346562,70,2805,13365,100
2791219546637038,346562,70,2805,13365,100
2791219551748253,346562,70,2805,13365,100
2791219556860647,346562,70,2805,13365,100
2791219561972759,346562,70,2805,13365,100
2791219567086367,346562,70,2805,13365,100
2791219572198587,346637,70,2805,13365,100
2791219577311472,346637,70,2805,13365,100
2791219582423967,346637,70,2805,13365,100
2791219587535611,346637,70,2805,13365,100
2791219592647273,346637,70,2805,13365,100
2791219597759509,346637,70,2805,13365,100
2791219602872294,346637,70,2805,13365,100
2791219607982887,346637,70,2805,13365,100
2791219613112553,346637,70,2805,13365,100
2791219618225457,346637,70,2805,13365,100
2791219623336311,346637,70,2805,13365,100
2791219628447126,346637,70,2805,13365,100
2791219633558011,346637,70,2805,13365,100
2791219638668755,346637,70,2805,13365,100
2791219643781179,346637,70,2805,13365,100
2791219648892626,346637,70,2805,13365,100
2791219654019618,346637,70,2805,13365,100
2791219659131460,346637,70,2805,13365,100
2791219664242491,346637,70,2805,13365,100
2791219669354571,346637,70,2805,13365,100
2791219674465432,346637,70,2805,13365,100
2791219679575970,346637,70,2805,13365,100
2791219684686833,346637,70,2805,13365,100
2791219689799429,346637,70,2805,13365,100
2791219694921642,346637,70,2805,13365,100
2791219700032748,346637,70,2805,13365,100
2791219705143442,346637,70,2805,13365,100
2791219710254286,346637,70,2805,13365,100
2791219715365311,346637,70,2805,13365,100
2791219720478579,346637,70,2805,13365,100
2791219725589423,346637,70,2805,13365,100
2791219730699784,346637,70,2805,13365,100
2791219735810817,346637,70,2805,13365,100
2791219740921545,346637,70,2805,13365,100
2791219746032722,346637,70,2805,13365,100
2791219751144082,346637,70,2805,13365,100
2791219756256778,346637,70,2805,13365,100
2791219761367490,346637,70,2805,13365,100
2791219766494191,346637,70,2805,13365,100
2791219771606404,346637,70,2805,13365,100
2791219776717047,346637,70,2805,13365,100
2791219781827804,346637,70,2805,13365,100
2791219786940437,346637,70,2805,13365,100
2791219792051297,346637,70,2805,13365,100
2791219797162372,346637,70,2805,13365,100
2791219802273264,346637,70,2805,13365,100
2791219807384235,346637,70,2805,13365,100
2791219812494945,346637,70,2805,13365,100
2791219817605671,346637,70,2805,13365,100
2791219822720176,346637,70,2805,13365,100
2791219827831228,346637,70,2805,13365,100
2791219832941952,346637,70,2805,13365,100
2791219838052536,346637,70,2805,13365,100
2791219843163391,346637,70,2805,13365,100
2791219848274781,346637,70,2805,13365,100
2791219853385770,346637,70,2805,13365,100
2791219858496554,346637,70,2805,13365,100
2791219863607349,346637,70,2805,13365,100
2791219868734543,346637,70,2805,13365,100
2791219873848200,346637,70,2805,13365,100
2791219878960444,346637,70,2805,13365,100
2791219884075116,346637,70,2805,13365,100
2791219889195337,346637,70,2805,13365,100
2791219894307130,346637,70,2805,13365,100
2791219899419162,346637,70,2805,13365,100
2791219904531617,346637,70,2805,13365,100
2791219909644082,346637,70,2805,13365,100
2791219914756502,346637,70,2805,13365,100
2791219919868875,346637,70,2805,13365,100
2791219924982835,346637,70,2805,13365,100
2791219930107528,346637,70,2805,13365,100
2791219935219850,346637,70,2805,13365,100
2791219940332668,346637,70,2805,13365,100
2791219945445021,346637,70,2805,13365,100
2791219950557529,346637,70,2805,13365,100
2791219955669702,346637,70,2805,13365,100
2791219960782173,346637,70,2805,13365,100
2791219965913066,346637,70,2805,13365,100
2791219971024529,346637,70,2805,13365,100
2791219976138395,346637,70,2805,13365,100
2791219981250550,346637,70,2805,13365,100
2791219986362264,346637,70,2805,13365,100
2791219991474712,346637,70,2805,13365,100
2791219996586729,346637,70,2805,13365,100
2791220001697966,346637,70,2805,13365,100
2791220006790326,346637,70,2805,13365,100
2791220011883946,346637,70,2805,13365,100
2791220016991875,346637,70,2805,13365,100
2791220022094226,346637,70,2805,13365,100
2791220027191330,346637,70,2805,13365,100
2791220032290084,346637,70,2805,13365,100
2791220037386813,346637,70,2805,13365,100
2791220042517130,346637,70,2805,13365,100
2791220047630126,346637,70,2805,13365,100
2791220052741274,346637,70,2805,13365,100
2791220057856699,346637,70,2805,13365,100
2791220062969089,346637,70,2805,13365,100
2791220068080531,346637,70,2805,13365,100
2791220073227032,346812,70,2805,13365,100
2791220078342502,346812,70,2805,13365,100
2791220083455760,346812,70,2805,13365,100
2791220088567212,346812,70,2805,13365,100
2791220093679022,346812,70,2805,13365,100
2791220098791694,346812,70,2805,13365,100
2791220103904590,346812,70,2805,13365,100
2791220109017794,346812,70,2805,13365,100
2791220114124594,346812,70,2805,13365,100
2791220119236327,346812,70,2805,13365,100
2791220124348219,346812,70,2805,13365,100
2791220129462320,346812,70,2805,13365,100
2791220134575230,346812,70,2805,13365,100
2791220139688115,346812,70,2805,13365,100
2791220144800865,346812,70,2805,13365,100
2791220149912310,346812,70,2805,13365,100
2791220155028448,346812,70,2805,13365,100
2791220160139010,346812,70,2805,13365,100
2791220165249729,346812,70,2805,13365,100
2791220170360088,346812,70,2805,13365,100
2791220175472367,346812,70,2805,13365,100
2791220180584456,346812,70,2805,13365,100
2791220185695907,346812,70,2805,13365,100
2791220190806709,346812,70,2805,13365,100
2791220195917443,346812,70,2805,13365,100
2791220201028554,346812,70,2805,13365,100
2791220206140930,346812,70,2805,13365,100
2791220211252842,346812,70,2805,13365,100
2791220216363251,346812,70,2805,13365,100
2791220221474098,346812,70,2805,13365,100
2791220226585351,346812,70,2805,13365,100
2791220231698360,346812,70,2805,13365,100
2791220236809004,346812,70,2805,13365,100
2791220241921588,346812,70,2805,13365,100
2791220247032780,346812,70,2805,13365,100
2791220252143434,346812,70,2805,13365,100
2791220257254182,346812,70,2805,13365,100
2791220262365099,346812,70,2805,13365,100
2791220267476203,346812,70,2805,13365,100
2791220272588716,346812,70,2805,13365,100
2791220277700274,346812,70,2805,13365,100
2791220282812644,346812,70,2805,13365,100
2791220287923661,346812,70,2805,13365,100
2791220293034613,346812,70,2805,13365,100
2791220298145437,346812,70,2805,13365,100
2791220303256222,346812,70,2805,13365,100
2791220308369267,346812,70,2805,13365,100
2791220313480127,346812,70,2805,13365,100
2791220318590947,346812,70,2805,13365,100
2791220323701479,346812,70,2805,13365,100
2791220328812352,346812,70,2805,13365,100
2791220333924793,346812,70,2805,13365,100
2791220339037349,346812,70,2805,13365,100
2791220344148437,346812,70,2805,13365,100
2791220349259168,346812,70,2805,13365,100
2791220354369942,346812,70,2805,13365,100
2791220359480777,346812,70,2805,13365,100
2791220364591847,346812,70,2805,13365,100
2791220369702408,346812,70,2805,13365,100
2791220374814210,346812,70,2805,13365,100
2791220379925028,346812,70,2805,13365,100
2791220385039008,346812,70,2805,13365,100
2791220390149817,346812,70,2805,13365,100
2791220395260413,346812,70,2805,13365,100
2791220400371202,346812,70,2805,13365,100
2791220405484070,346812,70,2805,13365,100
2791220410594927,346812,70,2805,13365,100
2791220415706055,346812,70,2805,13365,100
2791220420833299,346812,70,2805,13365,100
2791220425944452,346812,70,2805,13365,100
2791220431055493,346812,70,2805,13365,100
2791220436168937,346812,70,2805,13365,100
2791220441279862,346812,70,2805,13365,100
2791220446390666,346812,70,2805,13365,100
2791220451501690,346812,70,2805,13365,100
2791220456612495,346812,70,2805,13365,100
2791220461723258,346812,70,2805,13365,100
2791220466834244,346812,70,2805,13365,100
2791220471946358,346812,70,2805,13365,100
2791220477057040,346812,70,2805,13365,100
2791220482167628,346812,70,2805,13365,100
2791220487280457,346812,70,2805,13365,100
2791220492391105,346812,70,2805,13365,100
2791220497501834,346812,70,2805,13365,100
2791220502614002,346812,70,2805,13365,100
2791220507725054,346812,70,2805,13365,100
2791220512836099,346812,70,2805,13365,100
2791220517946735,346812,70,2805,13365,100
2791220523057152,346812,70,2805,13365,100
2791220528168122,346812,70,2805,13365,100
2791220533278567,346812,70,2805,13365,100
2791220538391429,346812,70,2805,13365,100
2791220543502261,346812,70,2805,13365,100
2791220548613018,346812,70,2805,13365,100
2791220553723872,346812,70,2805,13365,100
2791220558834877,346812,70,2805,13365,100
2791220563945339,346812,70,2805,13365,100
2791220569057231,346812,70,2805,13365,100
2791220574168940,346733,69,2805,13365,100
2791220579280665,346733,69,2805,13365,100
2791220584391451,346733,69,2805,13365,100
2791220589503533,346733,69,2805,13365,100
2791220594614134,346733,69,2805,13365,100
2791220599724770,346733,69,2805,13365,100
2791220604836983,346733,69,2805,13365,100
2791220609947946,346733,69,2805,13365,100
2791220615058627,346733,69,2805,13365,100
2791220620170904,346733,69,2805,13365,100
2791220625281985,346733,69,2805,13365,100
2791220630394084,346733,69,2805,13365,100
2791220635505105,346733,69,2805,13365,100
2791220640617405,346733,69,2805,13365,100
2791220645728233,346733,69,2805,13365,100
2791220650838978,346733,69,2805,13365,100
2791220655949871,346733,69,2805,13365,100
2791220661060730,346733,69,2805,13365,100
2791220666171776,346733,69,2805,13365,100
2791220671282432,346733,69,2805,13365,100
2791220676393160,346733,69,2805,13365,100
2791220681503808,346733,69,2805,13365,100
2791220686614797,346733,69,2805,13365,100
2791220691727102,346733,69,2805,13365,100
2791220696839196,346733,69,2805,13365,100
2791220701950831,346733,69,2805,13365,100
2791220707067497,346733,69,2805,13365,100
2791220712178936,346733,69,2805,13365,100
2791220717290291,346733,69,2805,13365,100
2791220722401603,346733,69,2805,13365,100
2791220727513913,346733,69,2805,13365,100
2791220732624548,346733,69,2805,13365,100
2791220737735293,346733,69,2805,13365,100
2791220742847810,346733,69,2805,13365,100
2791220747958542,346733,69,2805,13365,100
2791220753069439,346733,69,2805,13365,100
2791220758180327,346733,69,2805,13365,100
2791220763291653,346733,69,2805,13365,100
2791220768402499,346733,69,2805,13365,100
2791220773513464,346733,69,2805,13365,100
2791220778624592,346733,69,2805,13365,100
2791220783735373,346733,69,2805,13365,100
2791220788853573,346733,69,2805,13365,100
2791220793967846,346733,69,2805,13365,100
2791220799078696,346733,69,2805,13365,100
2791220804189474,346733,69,2805,13365,100
2791220809300278,346733,69,2805,13365,100
2791220814411099,346733,69,2805,13365,100
2791220819521934,346733,69,2805,13365,100
2791220824633820,346733,69,2805,13365,100
2791220829744556,346733,69,2805,13365,100
2791220834855361,346733,69,2805,13365,100
2791220839966341,346733,69,2805,13365,100
2791220845078454,346733,69,2805,13365,100
2791220850189554,346733,69,2805,13365,100
2791220855300514,346733,69,2805,13365,100
2791220860413084,346733,69,2805,13365,100
2791220865523828,346733,69,2805,13365,100
2791220870634892,346733,69,2805,13365,100
2791220875745790,346733,69,2805,13365,100
2791220880856817,346733,69,2805,13365,100
2791220885967585,346733,69,2805,13365,100
2791220891079789,346733,69,2805,13365,100
2791220896192248,346733,69,2805,13365,100
2791220901303025,346733,69,2805,13365,100
2791220906414151,346733,69,2805,13365,100
2791220911525275,346733,69,2805,13365,100
2791220916636084,346733,69,2805,13365,100
2791220921747488,346733,69,2805,13365,100
2791220926860080,346733,69,2805,13365,100
2791220931970901,346733,69,2805,13365,100
2791220937081665,346733,69,2805,13365,100
2791220942192288,346733,69,2805,13365,100
2791220947304742,346733,69,2805,13365,100
2791220952415915,346733,69,2805,13365,100
2791220957528387,346733,69,2805,13365,100
2791220962655623,346733,69,2805,13365,100
2791220967766940,346733,69,2805,13365,100
2791220972877820,346733,69,2805,13365,100
2791220977988384,346733,69,2805,13365,100
2791220983116195,346733,69,2805,13365,100
2791220988226614,346733,69,2805,13365,100
2791220993337208,346733,69,2805,13365,100
2791220998449588,346733,69,2805,13365,100
2791221003560518,346733,69,2805,13365,100
2791221008671863,346733,69,2805,13365,100
2791221013784447,346733,69,2805,13365,100
2791221018895504,346733,69,2805,13365,100
2791221024024110,346733,69,2805,13365,100
2791221029135442,346733,69,2805,13365,100
2791221034246069,346733,69,2805,13365,100
2791221039356584,346733,69,2805,13365,100
2791221044467457,346733,69,2805,13365,100
2791221049579702,346733,69,2805,13365,100
2791221054690795,346733,69,2805,13365,100
2791221059802949,346733,69,2805,13365,100
2791221064913775,346733,69,2805,13365,100
2791221070025390,346733,69,2805,13365,100
2791221075154274,346388,69,2805,13365,100
2791221080267359,346388,69,2805,13365,100
2791221085379345,346388,69,2805,13365,100
2791221090491708,346388,69,2805,13365,100
2791221095604741,346388,69,2805,13365,100
2791221100718331,346388,69,2805,13365,100
2791221105830479,346388,69,2805,13365,100
2791221110942519,346388,69,2805,13365,100
2791221116055597,346388,69,2805,13365,100
2791221121168083,346388,69,2805,13365,100
2791221126279100,346388,69,2805,13365,100
2791221131389897,346388,69,2805,13365,100
2791221136501081,346388,69,2805,13365,100
2791221141612041,346388,69,2805,13365,100
2791221146725010,346388,69,2805,13365,100
2791221151838290,346388,69,2805,13365,100
2791221156950198,346388,69,2805,13365,100
2791221162061523,346388,69,2805,13365,100
2791221167172876,346388,69,2805,13365,100
2791221172283460,346388,69,2805,13365,100
2791221177395597,346388,69,2805,13365,100
2791221182507741,346388,69,2805,13365,100
2791221187618277,346388,69,2805,13365,100
2791221192729001,346388,69,2805,13365,100
2791221197839862,346388,69,2805,13365,100
2791221202951987,346388,69,2805,13365,100
2791221208062619,346388,69,2805,13365,100
2791221213175239,346388,69,2805,13365,100
2791221218285896,346388,69,2805,13365,100
2791221223396604,346388,69,2805,13365,100
2791221228507256,346388,69,2805,13365,100
2791221233618384,346388,69,2805,13365,100
2791221238729065,346388,69,2805,13365,100
2791221243841820,346388,69,2805,13365,100
2791221248953023,346388,69,2805,13365,100
2791221254065522,346388,69,2805,13365,100
2791221259176147,346388,69,2805,13365,100
2791221264286896,346388,69,2805,13365,100
2791221269398035,346388,69,2805,13365,100
2791221274508920,346388,69,2805,13365,100
2791221279621700,346388,69,2805,13365,100
2791221284732485,346388,69,2805,13365,100
2791221289843620,346388,69,2805,13365,100
2791221294954124,346388,69,2805,13365,100
2791221300066469,346388,69,2805,13365,100
2791221305179827,346388,69,2805,13365,100
2791221310292511,346388,69,2805,13365,100
2791221315403369,346388,69,2805,13365,100
2791221320514064,346388,69,2805,13365,100
2791221325625044,346388,69,2805,13365,100
2791221330735841,346388,69,2805,13365,100
2791221335846919,346388,69,2805,13365,100
2791221340957373,346388,69,2805,13365,100
2791221346068988,346388,69,2805,13365,100
2791221351179898,346388,69,2805,13365,100
2791221356292270,346388,69,2805,13365,100
2791221361403200,346388,69,2805,13365,100
2791221366514166,346388,69,2805,13365,100
2791221371624688,346388,69,2805,13365,100
2791221376737504,346388,69,2805,13365,100
2791221381848053,346388,69,2805,13365,100
2791221386958942,346388,69,2805,13365,100
2791221392069588,346388,69,2805,13365,100
2791221397180554,346388,69,2805,13365,100
2791221402291326,346388,69,2805,13365,100
2791221407405627,346388,69,2805,13365,100
2791221412517180,346388,69,2805,13365,100
2791221417627796,346388,69,2805,13365,100
2791221422738674,346388,69,2805,13365,100
2791221427849205,346388,69,2805,13365,100
2791221432960473,346388,69,2805,13365,100
2791221438071568,346388,69,2805,13365,100
2791221443183570,346388,69,2805,13365,100
2791221448294466,346388,69,2805,13365,100
2791221453405489,346388,69,2805,13365,100
2791221458517980,346388,69,2805,13365,100
2791221463628857,346388,69,2805,13365,100
2791221468739532,346388,69,2805,13365,100
2791221473851797,346388,69,2805,13365,100
2791221478962533,346388,69,2805,13365,100
2791221484074167,346388,69,2805,13365,100
2791221489185214,346388,69,2805,13365,100
2791221494296050,346388,69,2805,13365,100
2791221499407199,346388,69,2805,13365,100
2791221504519771,346388,69,2805,13365,100
2791221509632210,346388,69,2805,13365,100
2791221514743702,346388,69,2805,13365,100
2791221519854572,346388,69,2805,13365,100
2791221524965536,346388,69,2805,13365,100
2791221530076365,346388,69,2805,13365,100
2791221535187192,346388,69,2805,13365,100
2791221540298354,346388,69,2805,13365,100
2791221545408970,346388,69,2805,13365,100
2791221550519598,346388,69,2805,13365,100
2791221555630639,346388,69,2805,13365,100
2791221560743259,346388,69,2805,13365,100
2791221565854384,346388,69,2805,13365,100
2791221570966948,346388,69,2805,13365,100
2791221576078036,346213,69,2805,13365,100
2791221581189769,346213,69,2805,13365,100
2791221586300709,346213,69,2805,13365,100
2791221591411630,346213,69,2805,13365,100
2791221596522410,346213,69,2805,13365,100
2791221601633691,346213,69,2805,13365,100
2791221606744427,346213,69,2805,13365,100
2791221611856572,346213,69,2805,13365,100
2791221616967402,346213,69,2805,13365,100
2791221622078272,346213,69,2805,13365,100
2791221627189111,346213,69,2805,13365,100
2791221632300317,346213,69,2805,13365,100
2791221637412142,346213,69,2805,13365,100
2791221642524822,346213,69,2805,13365,100
2791221647637862,346213,69,2805,13365,100
2791221652749586,346213,69,2805,13365,100
2791221657862016,346213,69,2805,13365,100
2791221662976084,346213,69,2805,13365,100
2791221668088812,346213,69,2805,13365,100
2791221673201373,346213,69,2805,13365,100
2791221678314148,346213,69,2805,13365,100
2791221683426925,346213,69,2805,13365,100
2791221688538722,346213,69,2805,13365,100
2791221693651922,346213,69,2805,13365,100
2791221698763442,346213,69,2805,13365,100
2791221703875115,346213,69,2805,13365,100
2791221708986840,346213,69,2805,13365,100
2791221714118606,346213,69,2805,13365,100
2791221719229696,346213,69,2805,13365,100
2791221724340153,346213,69,2805,13365,100
2791221729466792,346213,69,2805,13365,100
2791221734578733,346213,69,2805,13365,100
2791221739691406,346213,69,2805,13365,100
2791221744803292,346213,69,2805,13365,100
2791221749914999,346213,69,2805,13365,100
2791221755025587,346213,69,2805,13365,100
2791221760137380,346213,69,2805,13365,100
2791221765249792,346213,69,2805,13365,100
2791221770362600,346213,69,2805,13365,100
2791221775473457,346213,69,2805,13365,100
2791221780584263,346213,69,2805,13365,100
2791221785694846,346213,69,2805,13365,100
2791221790805954,346213,69,2805,13365,100
2791221795916650,346213,69,2805,13365,100
2791221801028759,346213,69,2805,13365,100
2791221806140079,346213,69,2805,13365,100
2791221811251855,346213,69,2805,13365,100
2791221816364527,346213,69,2805,13365,100
2791221821475088,346213,69,2805,13365,100
2791221826585829,346213,69,2805,13365,100
2791221831696737,346213,69,2805,13365,100
2791221836809337,346213,69,2805,13365,100
2791221841920286,346213,69,2805,13365,100
2791221847031459,346213,69,2805,13365,100
2791221852142191,346213,69,2805,13365,100
2791221857253423,346213,69,2805,13365,100
2791221862364028,346213,69,2805,13365,100
2791221867477544,346213,69,2805,13365,100
2791221872608177,346213,69,2805,13365,100
2791221877718821,346213,69,2805,13365,100
2791221882829601,346213,69,2805,13365,100
2791221887940214,346213,69,2805,13365,100
2791221893050930,346213,69,2805,13365,100
2791221898161725,346213,69,2805,13365,100
2791221903274402,346213,69,2805,13365,100
2791221908385179,346213,69,2805,13365,100
2791221913496312,346213,69,2805,13365,100
2791221918608432,346213,69,2805,13365,100
2791221923719267,346213,69,2805,13365,100
2791221928830541,346213,69,2805,13365,100
2791221933941197,346213,69,2805,13365,100
2791221939052969,346213,69,2805,13365,100
2791221944164166,346213,69,2805,13365,100
2791221949274889,346213,69,2805,13365,100
2791221954385931,346213,69,2805,13365,100
2791221959496716,346213,69,2805,13365,100
2791221964607600,346213,69,2805,13365,100
2791221969721501,346213,69,2805,13365,100
2791221974832093,346213,69,2805,13365,100
2791221979942613,346213,69,2805,13365,100
2791221985053418,346213,69,2805,13365,100
2791221990163992,346213,69,2805,13365,100
2791221995274743,346213,69,2805,13365,100
2791222000387286,346213,69,2805,13365,100
2791222005497992,346213,69,2805,13365,100
2791222010608542,346213,69,2805,13365,100
2791222015719396,346213,69,2805,13365,100
2791222020831565,346213,69,2805,13365,100
2791222025942485,346213,69,2805,13365,100
2791222031053329,346213,69,2805,13365,100
2791222036165104,346213,69,2805,13365,100
2791222041276022,346213,69,2805,13365,100
2791222046386378,346213,69,2805,13365,100
2791222051497123,346213,69,2805,13365,100
2791222056608181,346213,69,2805,13365,100
2791222061719019,346213,69,2805,13365,100
2791222066831352,346213,69,2805,13365,100
2791222071943644,346074,69,2805,13365,100
2791222077055419,346074,69,2805,13365,100
2791222082166213,346074,69,2805,13365,100
2791222087276798,346074,69,2805,13365,100
2791222092387738,346074,69,2805,13365,100
2791222097500231,346074,69,2805,13365,100
2791222102611031,346074,69,2805,13365,100
2791222107722331,346074,69,2805,13365,100
2791222112834052,346074,69,2805,13365,100
2791222117945468,346074,69,2805,13365,100
2791222123058388,346074,69,2805,13365,100
2791222128169763,346074,69,2805,13365,100
2791222133281446,346074,69,2805,13365,100
2791222138392272,346074,69,2805,13365,100
2791222143503198,346074,69,2805,13365,100
2791222148614063,346074,69,2805,13365,100
2791222153725265,346074,69,2805,13365,100
2791222158836284,346074,69,2805,13365,100
2791222163949022,346074,69,2805,13365,100
2791222169059857,346074,69,2805,13365,100
2791222174171477,346074,69,2805,13365,100
2791222179282093,346074,69,2805,13365,100
2791222184392872,346074,69,2805,13365,100
2791222189503838,346074,69,2805,13365,100
2791222194616494,346074,69,2805,13365,100
2791222199727087,346074,69,2805,13365,100
2791222204837895,346074,69,2805,13365,100
2791222209948748,346074,69,2805,13365,100
2791222215059506,346074,69,2805,13365,100
2791222220170177,346074,69,2805,13365,100
2791222225283029,346074,69,2805,13365,100
2791222230394646,346074,69,2805,13365,100
2791222235506282,346074,69,2805,13365,100
2791222240616859,346074,69,2805,13365,100
2791222245727714,346074,69,2805,13365,100
2791222250838559,346074,69,2805,13365,100
2791222255951254,346074,69,2805,13365,100
2791222261062346,346074,69,2805,13365,100
2791222266178032,346074,69,2805,13365,100
2791222271288669,346074,69,2805,13365,100
2791222276401397,346074,69,2805,13365,100
2791222281512290,346074,69,2805,13365,100
2791222286624933,346074,69,2805,13365,100
2791222291735972,346074,69,2805,13365,100
2791222296846951,346074,69,2805,13365,100
2791222301957503,346074,69,2805,13365,100
2791222307068211,346074,69,2805,13365,100
2791222312178972,346074,69,2805,13365,100
2791222317291467,346074,69,2805,13365,100
2791222322402371,346074,69,2805,13365,100
2791222327514683,346074,69,2805,13365,100
2791222332625808,346074,69,2805,13365,100
2791222337736499,346074,69,2805,13365,100
2791222342854754,346074,69,2805,13365,100
2791222347965491,346074,69,2805,13365,100
2791222353078345,346074,69,2805,13365,100
2791222358189084,346074,69,2805,13365,100
2791222363299780,346074,69,2805,13365,100
2791222368410393,346074,69,2805,13365,100
2791222373521021,346074,69,2805,13365,100
2791222378633254,346074,69,2805,13365,100
2791222383757190,346074,69,2805,13365,100
2791222388867978,346074,69,2805,13365,100
2791222393978522,346074,69,2805,13365,100
2791222399089047,346074,69,2805,13365,100
2791222404202262,346074,69,2805,13365,100
2791222409312900,346074,69,2805,13365,100
2791222414422790,346074,69,2805,13365,100
2791222419533468,346074,69,2805,13365,100
2791222424643945,346074,69,2805,13365,100
2791222429756264,346074,69,2805,13365,100
2791222434867198,346074,69,2805,13365,100
2791222439978032,346074,69,2805,13365,100
2791222445089003,346074,69,2805,13365,100
2791222450200067,346074,69,2805,13365,100
2791222455311084,346074,69,2805,13365,100
2791222460421484,346074,69,2805,13365,100
2791222465532420,346074,69,2805,13365,100
2791222470643381,346074,69,2805,13365,100
2791222475754153,346074,69,2805,13365,100
2791222480867477,346074,69,2805,13365,100
2791222485978230,346074,69,2805,13365,100
2791222491089026,346074,69,2805,13365,100
2791222496199935,346074,69,2805,13365,100
2791222501310699,346074,69,2805,13365,100
2791222506421632,346074,69,2805,13365,100
2791222511534344,346074,69,2805,13365,100
2791222516644958,346074,69,2805,13365,100
2791222521755771,346074,69,2805,13365,100
2791222526866357,346074,69,2805,13365,100
2791222531978434,346074,69,2805,13365,100
2791222537089406,346074,69,2805,13365,100
2791222542200554,346074,69,2805,13365,100
2791222547311107,346074,69,2805,13365,100
2791222552421563,346074,69,2805,13365,100
2791222557532256,346074,69,2805,13365,100
2791222562642717,346074,69,2805,13365,100
2791222567753565,346074,69,2805,13365,100
2791222572864577,345978,69,2805,13365,100
2791222577985305,345978,69,2805,13365,100
2791222583115576,345978,69,2805,13365,100
2791222588226250,345978,69,2805,13365,100
2791222593341105,345978,69,2805,13365,100
2791222598452323,345978,69,2805,13365,100
2791222603563443,345978,69,2805,13365,100
2791222608674572,345978,69,2805,13365,100
2791222613786740,345978,69,2805,13365,100
2791222618897649,345978,69,2805,13365,100
2791222624025813,345978,69,2805,13365,100
2791222629136956,345978,69,2805,13365,100
2791222634249149,345978,69,2805,13365,100
2791222639359874,345978,69,2805,13365,100
2791222644470735,345978,69,2805,13365,100
2791222649563155,345978,69,2805,13365,100
2791222654673740,345978,69,2805,13365,100
2791222659787032,345978,69,2805,13365,100
2791222664898136,345978,69,2805,13365,100
2791222670024600,345978,69,2805,13365,100
2791222675135621,345978,69,2805,13365,100
2791222680246582,345978,69,2805,13365,100
2791222685358738,345978,69,2805,13365,100
2791222690469998,345978,69,2805,13365,100
2791222695582142,345978,69,2805,13365,100
2791222700695387,345978,69,2805,13365,100
2791222705807691,345978,69,2805,13365,100
2791222710919556,345978,69,2805,13365,100
2791222716032484,345978,69,2805,13365,100
2791222721143948,345978,69,2805,13365,100
2791222726254953,345978,69,2805,13365,100
2791222731365764,345978,69,2805,13365,100
2791222736479258,345978,69,2805,13365,100
2791222741590422,345978,69,2805,13365,100
2791222746701851,345978,69,2805,13365,100
2791222751812967,345978,69,2805,13365,100
2791222756924375,345978,69,2805,13365,100
2791222762035205,345978,69,2805,13365,100
2791222767146160,345978,69,2805,13365,100
2791222772257347,345978,69,2805,13365,100
2791222777368029,345978,69,2805,13365,100
2791222782480746,345978,69,2805,13365,100
2791222787592946,345978,69,2805,13365,100
2791222792703719,345978,69,2805,13365,100
2791222797814187,345978,69,2805,13365,100
2791222802924844,345978,69,2805,13365,100
2791222808035856,345978,69,2805,13365,100
2791222813148235,345978,69,2805,13365,100
2791222818259201,345978,69,2805,13365,100
2791222823369841,345978,69,2805,13365,100
2791222828480601,345978,69,2805,13365,100
2791222833591082,345978,69,2805,13365,100
2791222838703866,345978,69,2805,13365,100
2791222843814655,345978,69,2805,13365,100
2791222848925431,345978,69,2805,13365,100
2791222854036139,345978,69,2805,13365,100
2791222859146914,345978,69,2805,13365,100
2791222864257792,345978,69,2805,13365,100
2791222869368683,345978,69,2805,13365,100
2791222874481113,345978,69,2805,13365,100
2791222879591874,345978,69,2805,13365,100
2791222884702756,345978,69,2805,13365,100
2791222889815059,345978,69,2805,13365,100
2791222894926133,345978,69,2805,13365,100
2791222900036824,345978,69,2805,13365,100
2791222905148147,345978,69,2805,13365,100
2791222910259112,345978,69,2805,13365,100
2791222915369696,345978,69,2805,13365,100
2791222920480657,345978,69,2805,13365,100
2791222925608919,345978,69,2805,13365,100
2791222930720490,345978,69,2805,13365,100
2791222935831558,345978,69,2805,13365,100
2791222940945634,345978,69,2805,13365,100
2791222946056617,345978,69,2805,13365,100
2791222951168723,345978,69,2805,13365,100
2791222956279212,345978,69,2805,13365,100
2791222961389617,345978,69,2805,13365,100
2791222966500456,345978,69,2805,13365,100
2791222971611349,345978,69,2805,13365,100
2791222976722243,345978,69,2805,13365,100
2791222981832686,345978,69,2805,13365,100
2791222986945490,345978,69,2805,13365,100
2791222992057537,345978,69,2805,13365,100
2791222997168408,345978,69,2805,13365,100
2791223002279560,345978,69,2805,13365,100
2791223007390402,345978,69,2805,13365,100
2791223012501227,345978,69,2805,13365,100
2791223017613653,345978,69,2805,13365,100
2791223022724437,345978,69,2805,13365,100
2791223027835806,345978,69,2805,13365,100
2791223032946614,345978,69,2805,13365,100
2791223038072967,345978,69,2805,13365,100
2791223043185159,345978,69,2805,13365,100
2791223048296191,345978,69,2805,13365,100
2791223053406802,345978,69,2805,13365,100
2791223058517481,345978,69,2805,13365,100
2791223063628453,345978,69,2805,13365,100
2791223068739237,345978,69,2805,13365,100
2791223073849919,345770,69,2805,13365,100
2791223078961750,345770,69,2805,13365,100
2791223084073568,345770,69,2805,13365,100
2791223089184113,345770,69,2805,13365,100
2791223094296563,345770,69,2805,13365,100
2791223099407451,345770,69,2805,13365,100
2791223104518146,345770,69,2805,13365,100
2791223109629004,345770,69,2805,13365,100
2791223114740744,345770,69,2805,13365,100
2791223119852034,345770,69,2805,13365,100
2791223124963793,345770,69,2805,13365,100
2791223130076166,345770,69,2805,13365,100
2791223135187213,345770,69,2805,13365,100
2791223140298199,345770,69,2805,13365,100
2791223145410787,345770,69,2805,13365,100
2791223150521873,345770,69,2805,13365,100
2791223155632576,345770,69,2805,13365,100
2791223160744036,345770,69,2805,13365,100
2791223165855193,345770,69,2805,13365,100
2791223170966265,345770,69,2805,13365,100
2791223176077237,345770,69,2805,13365,100
2791223181188187,345770,69,2805,13365,100
2791223186299122,345770,69,2805,13365,100
2791223191410254,345770,69,2805,13365,100
2791223196523944,345770,69,2805,13365,100
2791223201634648,345770,69,2805,13365,100
2791223206745460,345770,69,2805,13365,100
2791223211856204,345770,69,2805,13365,100
2791223216967091,345770,69,2805,13365,100
2791223222077677,345770,69,2805,13365,100
2791223227189586,345770,69,2805,13365,100
2791223232300406,345770,69,2805,13365,100
2791223237411354,345770,69,2805,13365,100
2791223242522003,345770,69,2805,13365,100
2791223247634477,345770,69,2805,13365,100
2791223252745296,345770,69,2805,13365,100
2791223257856333,345770,69,2805,13365,100
2791223262967297,345770,69,2805,13365,100
2791223268078122,345770,69,2805,13365,100
2791223273188917,345770,69,2805,13365,100
2791223278299796,345770,69,2805,13365,100
2791223283410606,345770,69,2805,13365,100
2791223288521234,345770,69,2805,13365,100
2791223293633563,345770,69,2805,13365,100
2791223298745952,345770,69,2805,13365,100
2791223303856572,345770,69,2805,13365,100
2791223308967043,345770,69,2805,13365,100
2791223314077887,345770,69,2805,13365,100
2791223319188521,345770,69,2805,13365,100
2791223324300596,345770,69,2805,13365,100
2791223329411260,345770,69,2805,13365,100
2791223334522004,345770,69,2805,13365,100
2791223339650779,345770,69,2805,13365,100
2791223344761671,345770,69,2805,13365,100
2791223349873951,345770,69,2805,13365,100
2791223354984948,345770,69,2805,13365,100
2791223360118116,345770,69,2805,13365,100
2791223365228880,345770,69,2805,13365,100
2791223370339653,345770,69,2805,13365,100
2791223375450460,345770,69,2805,13365,100
2791223380561044,345770,69,2805,13365,100
2791223385671931,345770,69,2805,13365,100
2791223390783907,345770,69,2805,13365,100
2791223395894737,345770,69,2805,13365,100
2791223401024547,345770,69,2805,13365,100
2791223406135654,345770,69,2805,13365,100
2791223411246880,345770,69,2805,13365,100
2791223416357961,345770,69,2805,13365,100
2791223421468785,345770,69,2805,13365,100
2791223426579710,345770,69,2805,13365,100
2791223431690588,345770,69,2805,13365,100
2791223436803122,345770,69,2805,13365,100
2791223441913839,345770,69,2805,13365,100
2791223447024936,345770,69,2805,13365,100
2791223452137472,345770,69,2805,13365,100
2791223457248508,345770,69,2805,13365,100
2791223462359340,345770,69,2805,13365,100
2791223467471213,345770,69,2805,13365,100
2791223472582209,345770,69,2805,13365,100
2791223477693036,345770,69,2805,13365,100
2791223482803802,345770,69,2805,13365,100
2791223487914515,345770,69,2805,13365,100
2791223493025383,345770,69,2805,13365,100
2791223498136248,345770,69,2805,13365,100
2791223503249778,345770,69,2805,13365,100
2791223508360280,345770,69,2805,13365,100
2791223513471425,345770,69,2805,13365,100
2791223518582831,345770,69,2805,13365,100
2791223523693797,345770,69,2805,13365,100
2791223528804586,345770,69,2805,13365,100
2791223533916946,345770,69,2805,13365,100
2791223539027439,345770,69,2805,13365,100
2791223544138559,345770,69,2805,13365,100
2791223549249464,345770,69,2805,13365,100
2791223554361820,345770,69,2805,13365,100
2791223559474648,345770,69,2805,13365,100
2791223564585733,345770,69,2805,13365,100
2791223569696881,345770,69,2805,13365,100
2791223574807550,345616,69,2805,13365,100
2791223579919251,345616,69,2805,13365,100
2791223585030341,345616,69,2805,13365,100
2791223590142299,345616,69,2805,13365,100
2791223595253079,345616,69,2805,13365,100
2791223600363754,345616,69,2805,13365,100
2791223605476138,345616,69,2805,13365,100
2791223610586756,345616,69,2805,13365,100
2791223615697921,345616,69,2805,13365,100
2791223620808786,345616,69,2805,13365,100
2791223625920524,345616,69,2805,13365,100
2791223631031940,345616,69,2805,13365,100
2791223636142765,345616,69,2805,13365,100
2791223641253831,345616,69,2805,13365,100
2791223646364276,345616,69,2805,13365,100
2791223651474958,345616,69,2805,13365,100
2791223656588904,345616,69,2805,13365,100
2791223661699516,345616,69,2805,13365,100
2791223666810526,345616,69,2805,13365,100
2791223671921229,345616,69,2805,13365,100
2791223677032194,345616,69,2805,13365,100
2791223682142654,345616,69,2805,13365,100
2791223687253462,345616,69,2805,13365,100
2791223692380035,345616,69,2805,13365,100
2791223697490980,345616,69,2805,13365,100
2791223702601870,345616,69,2805,13365,100
2791223707713834,345616,69,2805,13365,100
2791223712825013,345616,69,2805,13365,100
2791223717936030,345616,69,2805,13365,100
2791223723048000,345616,69,2805,13365,100
2791223728163614,345616,69,2805,13365,100
2791223733274503,345616,69,2805,13365,100
2791223738385047,345616,69,2805,13365,100
2791223743496147,345616,69,2805,13365,100
2791223748607108,345616,69,2805,13365,100
2791223753719328,345616,69,2805,13365,100
2791223758831964,345616,69,2805,13365,100
2791223763942948,345616,69,2805,13365,100
2791223769054054,345616,69,2805,13365,100
2791223774164578,345616,69,2805,13365,100
2791223779275190,345616,69,2805,13365,100
2791223784386179,345616,69,2805,13365,100
2791223789498047,345616,69,2805,13365,100
2791223794608936,345616,69,2805,13365,100
2791223799719488,345616,69,2805,13365,100
2791223804830349,345616,69,2805,13365,100
2791223809942595,345616,69,2805,13365,100
2791223815053329,345616,69,2805,13365,100
2791223820165267,345616,69,2805,13365,100
2791223825276218,345616,69,2805,13365,100
2791223830386922,345616,69,2805,13365,100
2791223835497643,345616,69,2805,13365,100
2791223840608507,345616,69,2805,13365,100
2791223845719335,345616,69,2805,13365,100
2791223850830052,345616,69,2805,13365,100
2791223855942077,345616,69,2805,13365,100
2791223861054379,345616,69,2805,13365,100
2791223866165465,345616,69,2805,13365,100
2791223871276295,345616,69,2805,13365,100
2791223876387166,345616,69,2805,13365,100
2791223881497946,345616,69,2805,13365,100
2791223886610155,345616,69,2805,13365,100
2791223891720671,345616,69,2805,13365,100
2791223896831870,345616,69,2805,13365,100
2791223901942624,345616,69,2805,13365,100
2791223907054145,345616,69,2805,13365,100
2791223912166651,345616,69,2805,13365,100
2791223917277941,345616,69,2805,13365,100
2791223922389532,345616,69,2805,13365,100
2791223927500566,345616,69,2805,13365,100
2791223932611443,345616,69,2805,13365,100
2791223937721920,345616,69,2805,13365,100
2791223942833843,345616,69,2805,13365,100
2791223947944784,345616,69,2805,13365,100
2791223953057064,345616,69,2805,13365,100
2791223958167716,345616,69,2805,13365,100
2791223963280153,345616,69,2805,13365,100
2791223968391097,345616,69,2805,13365,100
2791223973501726,345616,69,2805,13365,100
2791223978612990,345616,69,2805,13365,100
2791223983725265,345616,69,2805,13365,100
2791223988836195,345616,69,2805,13365,100
2791223993947047,345616,69,2805,13365,100
2791223999057784,345616,69,2805,13365,100
2791224004168397,345616,69,2805,13365,100
2791224009279240,345616,69,2805,13365,100
2791224014391817,345616,69,2805,13365,100
2791224019503449,345616,69,2805,13365,100
2791224024614334,345616,69,2805,13365,100
2791224029725159,345616,69,2805,13365,100
2791224034836111,345616,69,2805,13365,100
2791224039946596,345616,69,2805,13365,100
2791224045057204,345616,69,2805,13365,100
2791224050169028,345616,69,2805,13365,100
2791224055279815,345616,69,2805,13365,100
2791224060390511,345616,69,2805,13365,100
2791224065502649,345616,69,2805,13365,100
2791224070613398,345616,69,2805,13365,100
2791224075724292,345914,69,2805,13365,100
2791224080838075,345914,69,2805,13365,100
2791224085949411,345914,69,2805,13365,100
2791224091060267,345914,69,2805,13365,100
2791224096170810,345914,69,2805,13365,100
2791224101281465,345914,69,2805,13365,100
2791224106391969,345914,69,2805,13365,100
2791224111502775,345914,69,2805,13365,100
2791224116617293,345914,69,2805,13365,100
2791224121728094,345914,69,2805,13365,100
2791224126839122,345914,69,2805,13365,100
2791224131949783,345914,69,2805,13365,100
2791224137060172,345914,69,2805,13365,100
2791224142170530,345914,69,2805,13365,100
2791224147282566,345914,69,2805,13365,100
2791224152393331,345914,69,2805,13365,100
2791224157503961,345914,69,2805,13365,100
2791224162614918,345914,69,2805,13365,100
2791224167727177,345914,69,2805,13365,100
2791224172838178,345914,69,2805,13365,100
2791224177949095,345914,69,2805,13365,100
2791224183060595,345914,69,2805,13365,100
2791224188171467,345914,69,2805,13365,100
2791224193282166,345914,69,2805,13365,100
2791224198393180,345914,69,2805,13365,100
2791224203504541,345914,69,2805,13365,100
2791224208615801,345914,69,2805,13365,100
2791224213728166,345914,69,2805,13365,100
2791224218840582,345914,69,2805,13365,100
2791224223951454,345914,69,2805,13365,100
2791224229062347,345914,69,2805,13365,100
2791224234173207,345914,69,2805,13365,100
2791224239283675,345914,69,2805,13365,100
2791224244395988,345914,69,2805,13365,100
2791224249506689,345914,69,2805,13365,100
2791224254617452,345914,69,2805,13365,100
2791224259730029,345914,69,2805,13365,100
2791224264841710,345914,69,2805,13365,100
2791224269954158,345914,69,2805,13365,100
2791224275064990,345914,69,2805,13365,100
2791224280176101,345914,69,2805,13365,100
2791224285287940,345914,69,2805,13365,100
2791224290398904,345914,69,2805,13365,100
2791224295509928,345914,69,2805,13365,100
2791224300620986,345914,69,2805,13365,100
2791224305731793,345914,69,2805,13365,100
2791224310842726,345914,69,2805,13365,100
2791224315954922,345914,69,2805,13365,100
2791224321067298,345914,69,2805,13365,100
2791224326178489,345914,69,2805,13365,100
2791224331290859,345914,69,2805,13365,100
2791224336402299,345914,69,2805,13365,100
2791224341513324,345914,69,2805,13365,100
2791224346640506,345914,69,2805,13365,100
2791224351751656,345914,69,2805,13365,100
2791224356862507,345914,69,2805,13365,100
2791224361973857,345914,69,2805,13365,100
2791224367085230,345914,69,2805,13365,100
2791224372198710,345914,69,2805,13365,100
2791224377309751,345914,69,2805,13365,100
2791224382420691,345914,69,2805,13365,100
2791224387531207,345914,69,2805,13365,100
2791224392642018,345914,69,2805,13365,100
2791224397752923,345914,69,2805,13365,100
2791224402865397,345914,69,2805,13365,100
2791224407976273,345914,69,2805,13365,100
2791224413087076,345914,69,2805,13365,100
2791224418198315,345914,69,2805,13365,100
2791224423310639,345914,69,2805,13365,100
2791224428421749,345914,69,2805,13365,100
2791224433532435,345914,69,2805,13365,100
2791224438645147,345914,69,2805,13365,100
2791224443756784,345914,69,2805,13365,100
2791224448867816,345914,69,2805,13365,100
2791224453979493,345914,69,2805,13365,100
2791224459090376,345914,69,2805,13365,100
2791224464201349,345914,69,2805,13365,100
2791224469313799,345914,69,2805,13365,100
2791224474426189,345914,69,2805,13365,100
2791224479536853,345914,69,2805,13365,100
2791224484647647,345914,69,2805,13365,100
2791224489758922,345914,69,2805,13365,100
2791224494870012,345914,69,2805,13365,100
2791224499981164,345914,69,2805,13365,100
2791224505092975,345914,69,2805,13365,100
2791224510203860,345914,69,2805,13365,100
2791224515314842,345914,69,2805,13365,100
2791224520425707,345914,69,2805,13365,100
2791224525538213,345914,69,2805,13365,100
2791224530649177,345914,69,2805,13365,100
2791224535761648,345914,69,2805,13365,100
2791224540872568,345914,69,2805,13365,100
2791224545983369,345914,69,2805,13365,100
2791224551111089,345914,69,2805,13365,100
2791224556222069,345914,69,2805,13365,100
2791224561333171,345914,69,2805,13365,100
2791224566444250,345914,69,2805,13365,100
2791224571554827,345914,69,2805,13365,100
2791224576667297,345978,69,2805,13365,100
2791224581780869,345978,69,2805,13365,100
2791224586891808,345978,69,2805,13365,100
2791224592018983,345978,69,2805,13365,100
2791224597130420,345978,69,2805,13365,100
2791224602241277,345978,69,2805,13365,100
2791224607351921,345978,69,2805,13365,100
2791224612462942,345978,69,2805,13365,100
2791224617573512,345978,69,2805,13365,100
2791224622684695,345978,69,2805,13365,100
2791224627798959,345978,69,2805,13365,100
2791224632909907,345978,69,2805,13365,100
2791224638020895,345978,69,2805,13365,100
2791224643131779,345978,69,2805,13365,100
2791224648242668,345978,69,2805,13365,100
2791224653353429,345978,69,2805,13365,100
2791224658466317,345978,69,2805,13365,100
2791224663577205,345978,69,2805,13365,100
2791224668687871,345978,69,2805,13365,100
2791224673798690,345978,69,2805,13365,100
2791224678911051,345978,69,2805,13365,100
2791224684022239,345978,69,2805,13365,100
2791224689132876,345978,69,2805,13365,100
2791224694245908,345978,69,2805,13365,100
2791224699356696,345978,69,2805,13365,100
2791224704467597,345978,69,2805,13365,100
2791224709578506,345978,69,2805,13365,100
2791224714689209,345978,69,2805,13365,100
2791224719800170,345978,69,2805,13365,100
2791224724912299,345978,69,2805,13365,100
2791224730024859,345978,69,2805,13365,100
2791224735135876,345978,69,2805,13365,100
2791224740246572,345978,69,2805,13365,100
2791224745357672,345978,69,2805,13365,100
2791224750468373,345978,69,2805,13365,100
2791224755579006,345978,69,2805,13365,100
2791224760690885,345978,69,2805,13365,100
2791224765802002,345978,69,2805,13365,100
2791224770912890,345978,69,2805,13365,100
2791224776023927,345978,69,2805,13365,100
2791224781136423,345978,69,2805,13365,100
2791224786247260,345978,69,2805,13365,100
2791224791359657,345978,69,2805,13365,100
2791224796470641,345978,69,2805,13365,100
2791224801581349,345978,69,2805,13365,100
2791224806692089,345978,69,2805,13365,100
2791224811802826,345978,69,2805,13365,100
2791224816915114,345978,69,2805,13365,100
2791224822026307,345978,69,2805,13365,100
2791224827137259,345978,69,2805,13365,100
2791224832249432,345978,69,2805,13365,100
2791224837360540,345978,69,2805,13365,100
2791224842471207,345978,69,2805,13365,100
2791224847581837,345978,69,2805,13365,100
2791224852692845,345978,69,2805,13365,100
2791224857803586,345978,69,2805,13365,100
2791224862915518,345978,69,2805,13365,100
2791224868026572,345978,69,2805,13365,100
2791224873137431,345978,69,2805,13365,100
2791224878248432,345978,69,2805,13365,100
2791224883360964,345978,69,2805,13365,100
2791224888471928,345978,69,2805,13365,100
2791224893584040,345978,69,2805,13365,100
2791224898694937,345978,69,2805,13365,100
2791224903805969,345978,69,2805,13365,100
2791224908916753,345978,69,2805,13365,100
2791224914027978,345978,69,2805,13365,100
2791224919139375,345978,69,2805,13365,100
2791224924254143,345978,69,2805,13365,100
2791224929365935,345978,69,2805,13365,100
2791224934478656,345978,69,2805,13365,100
2791224939589276,345978,69,2805,13365,100
2791224944700277,345978,69,2805,13365,100
2791224949811317,345978,69,2805,13365,100
2791224954924031,345978,69,2805,13365,100
2791224960035070,345978,69,2805,13365,100
2791224965167427,345978,69,2805,13365,100
2791224970278175,345978,69,2805,13365,100
2791224975389199,345978,69,2805,13365,100
2791224980500020,345978,69,2805,13365,100
2791224985613978,345978,69,2805,13365,100
2791224990725112,345978,69,2805,13365,100
2791224995835853,345978,69,2805,13365,100
2791225000962501,345978,69,2805,13365,100
2791225006073277,345978,69,2805,13365,100
2791225011184490,345978,69,2805,13365,100
2791225016297171,345978,69,2805,13365,100
2791225021407763,345978,69,2805,13365,100
2791225026518679,345978,69,2805,13365,100
2791225031629455,345978,69,2805,13365,100
2791225036742136,345978,69,2805,13365,100
2791225041853033,345978,69,2805,13365,100
2791225046963748,345978,69,2805,13365,100
2791225052075705,345978,69,2805,13365,100
2791225057186597,345978,69,2805,13365,100
2791225062297486,345978,69,2805,13365,100
2791225067408080,345978,69,2805,13365,100
2791225072518934,345784,69,2805,13365,100
2791225077630579,345784,69,2805,13365,100
2791225082742243,345784,69,2805,13365,100
2791225087854904,345784,69,2805,13365,100
2791225092966008,345784,69,2805,13365,100
2791225098076987,345784,69,2805,13365,100
2791225103187646,345784,69,2805,13365,100
2791225108298609,345784,69,2805,13365,100
2791225113410118,345784,69,2805,13365,100
2791225118520903,345784,69,2805,13365,100
2791225123632069,345784,69,2805,13365,100
2791225128743403,345784,69,2805,13365,100
2791225133854751,345784,69,2805,13365,100
2791225138967852,345784,69,2805,13365,100
2791225144080281,345784,69,2805,13365,100
2791225149191549,345784,69,2805,13365,100
2791225154303189,345784,69,2805,13365,100
2791225159413730,345784,69,2805,13365,100
2791225164524844,345784,69,2805,13365,100
2791225169635998,345784,69,2805,13365,100
2791225174746971,345784,69,2805,13365,100
2791225179858387,345784,69,2805,13365,100
2791225184969755,345784,69,2805,13365,100
2791225190081988,345784,69,2805,13365,100
2791225195192985,345784,69,2805,13365,100
2791225200303533,345784,69,2805,13365,100
2791225205414418,345784,69,2805,13365,100
2791225210526638,345784,69,2805,13365,100
2791225215637167,345784,69,2805,13365,100
2791225220748079,345784,69,2805,13365,100
2791225225858927,345784,69,2805,13365,100
2791225230969711,345784,69,2805,13365,100
2791225236080684,345784,69,2805,13365,100
2791225241194415,345784,69,2805,13365,100
2791225246305195,345784,69,2805,13365,100
2791225251415949,345784,69,2805,13365,100
2791225256526482,345784,69,2805,13365,100
2791225261637448,345784,69,2805,13365,100
2791225266748173,345784,69,2805,13365,100
2791225271858937,345784,69,2805,13365,100
2791225276971321,345784,69,2805,13365,100
2791225282081966,345784,69,2805,13365,100
2791225287192564,345784,69,2805,13365,100
2791225292304714,345784,69,2805,13365,100
2791225297415527,345784,69,2805,13365,100
2791225302526277,345784,69,2805,13365,100
2791225307638736,345784,69,2805,13365,100
2791225312750172,345784,69,2805,13365,100
2791225317861199,345784,69,2805,13365,100
2791225322981215,345784,69,2805,13365,100
2791225328092691,345784,69,2805,13365,100
2791225333203403,345784,69,2805,13365,100
2791225338316220,345784,69,2805,13365,100
2791225343428381,345784,69,2805,13365,100
2791225348539269,345784,69,2805,13365,100
2791225353649988,345784,69,2805,13365,100
2791225358760950,345784,69,2805,13365,100
2791225363871864,345784,69,2805,13365,100
2791225368984663,345784,69,2805,13365,100
2791225374112123,345784,69,2805,13365,100
2791225379223108,345784,69,2805,13365,100
2791225384334067,345784,69,2805,13365,100
2791225389444857,345784,69,2805,13365,100
2791225394557257,345784,69,2805,13365,100
2791225399668667,345784,69,2805,13365,100
2791225404789526,345784,69,2805,13365,100
2791225409900389,345784,69,2805,13365,100
2791225415026910,345784,69,2805,13365,100
2791225420138552,345784,69,2805,13365,100
2791225425249383,345784,69,2805,13365,100
2791225430360179,345784,69,2805,13365,100
2791225435470968,345784,69,2805,13365,100
2791225440581902,345784,69,2805,13365,100
2791225445694196,345784,69,2805,13365,100
2791225450806139,345784,69,2805,13365,100
2791225455916821,345784,69,2805,13365,100
2791225461028080,345784,69,2805,13365,100
2791225466139018,345784,69,2805,13365,100
2791225471250391,345784,69,2805,13365,100
2791225476362211,345784,69,2805,13365,100
2791225481473187,345784,69,2805,13365,100
2791225486583972,345784,69,2805,13365,100
2791225491714636,345784,69,2805,13365,100
2791225496826973,345784,69,2805,13365,100
2791225501937675,345784,69,2805,13365,100
2791225507048642,345784,69,2805,13365,100
2791225512160918,345784,69,2805,13365,100
2791225517271538,345784,69,2805,13365,100
2791225522382346,345784,69,2805,13365,100
2791225527493439,345784,69,2805,13365,100
2791225532604111,345784,69,2805,13365,100
2791225537715221,345784,69,2805,13365,100
2791225542827129,345784,69,2805,13365,100
2791225547939465,345784,69,2805,13365,100
2791225553050379,345784,69,2805,13365,100
2791225558161118,345784,69,2805,13365,100
2791225563272198,345784,69,2805,13365,100
2791225568383098,345784,69,2805,13365,100
2791225573493777,345967,69,2805,13365,100
2791225578606502,345967,69,2805,13365,100
2791225583717560,345967,69,2805,13365,100
2791225588828292,345967,69,2805,13365,100
2791225593939342,345967,69,2805,13365,100
2791225599051489,345967,69,2805,13365,100
2791225604162233,345967,69,2805,13365,100
2791225609274650,345967,69,2805,13365,100
2791225614385232,345967,69,2805,13365,100
2791225619496337,345967,69,2805,13365,100
2791225624607963,345967,69,2805,13365,100
2791225629719879,345967,69,2805,13365,100
2791225634831070,345967,69,2805,13365,100
2791225639942200,345967,69,2805,13365,100
2791225645053261,345967,69,2805,13365,100
2791225650165433,345967,69,2805,13365,100
2791225655292737,345967,69,2805,13365,100
2791225660403674,345967,69,2805,13365,100
2791225665514246,345967,69,2805,13365,100
2791225670624935,345967,69,2805,13365,100
2791225675735771,345967,69,2805,13365,100
2791225680846676,345967,69,2805,13365,100
2791225685957584,345967,69,2805,13365,100
2791225691068193,345967,69,2805,13365,100
2791225696180332,345967,69,2805,13365,100
2791225701292609,345967,69,2805,13365,100
2791225706405012,345967,69,2805,13365,100
2791225711515546,345967,69,2805,13365,100
2791225716626359,345967,69,2805,13365,100
2791225721737131,345967,69,2805,13365,100
2791225726849108,345967,69,2805,13365,100
2791225731960087,345967,69,2805,13365,100
2791225737070978,345967,69,2805,13365,100
2791225742182021,345967,69,2805,13365,100
2791225747293115,345967,69,2805,13365,100
2791225752404985,345967,69,2805,13365,100
2791225757515536,345967,69,2805,13365,100
2791225762626435,345967,69,2805,13365,100
2791225767737285,345967,69,2805,13365,100
2791225772848167,345967,69,2805,13365,100
2791225777959228,345967,69,2805,13365,100
2791225783069932,345967,69,2805,13365,100
2791225788180697,345967,69,2805,13365,100
2791225793292793,345967,69,2805,13365,100
2791225798403445,345967,69,2805,13365,100
2791225803515414,345967,69,2805,13365,100
2791225808626454,345967,69,2805,13365,100
2791225813737394,345967,69,2805,13365,100
2791225818848447,345967,69,2805,13365,100
2791225823960527,345967,69,2805,13365,100
2791225829071387,345967,69,2805,13365,100
2791225834182124,345967,69,2805,13365,100
2791225839293172,345967,69,2805,13365,100
2791225844404313,345967,69,2805,13365,100
2791225849515349,345967,69,2805,13365,100
2791225854627706,345967,69,2805,13365,100
2791225859739570,345967,69,2805,13365,100
2791225864850878,345967,69,2805,13365,100
2791225869961699,345967,69,2805,13365,100
2791225875072678,345967,69,2805,13365,100
2791225880183375,345967,69,2805,13365,100
2791225885293976,345967,69,2805,13365,100
2791225890406129,345967,69,2805,13365,100
2791225895517209,345967,69,2805,13365,100
2791225900628245,345967,69,2805,13365,100
2791225905740258,345967,69,2805,13365,100
2791225910851094,345967,69,2805,13365,100
2791225915962482,345967,69,2805,13365,100
2791225921073708,345967,69,2805,13365,100
2791225926184584,345967,69,2805,13365,100
2791225931295760,345967,69,2805,13365,100
2791225936407260,345967,69,2805,13365,100
2791225941517921,345967,69,2805,13365,100
2791225946628697,345967,69,2805,13365,100
2791225951739242,345967,69,2805,13365,100
2791225956852672,345967,69,2805,13365,100
2791225961963626,345967,69,2805,13365,100
2791225967074451,345967,69,2805,13365,100
2791225972185260,345967,69,2805,13365,100
2791225977296175,345967,69,2805,13365,100
2791225982406744,345967,69,2805,13365,100
2791225987518709,345967,69,2805,13365,100
2791225992629717,345967,69,2805,13365,100
2791225997740405,345967,69,2805,13365,100
2791226002851034,345967,69,2805,13365,100
2791226007963027,345967,69,2805,13365,100
2791226013074210,345967,69,2805,13365,100
2791226018184629,345967,69,2805,13365,100
2791226023297004,345967,69,2805,13365,100
2791226028408024,345967,69,2805,13365,100
2791226033519322,345967,69,2805,13365,100
2791226038630139,345967,69,2805,13365,100
2791226043740903,345967,69,2805,13365,100
2791226048851657,345967,69,2805,13365,100
2791226053963706,345967,69,2805,13365,100
2791226059076171,345967,69,2805,13365,100
2791226064187109,345967,69,2805,13365,100
2791226069297911,345967,69,2805,13365,100
2791226074408676,346091,69,2805,13365,100
2791226079520764,346091,69,2805,13365,100
2791226084631624,346091,69,2805,13365,100
2791226089742801,346091,69,2805,13365,100
2791226094853457,346091,69,2805,13365,100
2791226099964385,346091,69,2805,13365,100
2791226105075531,346091,69,2805,13365,100
2791226110197421,346091,69,2805,13365,100
2791226115308285,346091,69,2805,13365,100
2791226120421035,346091,69,2805,13365,100
2791226125531628,346091,69,2805,13365,100
2791226130641996,346091,69,2805,13365,100
2791226135752656,346091,69,2805,13365,100
2791226140864349,346091,69,2805,13365,100
2791226145975166,346091,69,2805,13365,100
2791226151088154,346091,69,2805,13365,100
2791226156198775,346091,69,2805,13365,100
2791226161310599,346091,69,2805,13365,100
2791226166421399,346091,69,2805,13365,100
2791226171532034,346091,69,2805,13365,100
2791226176642638,346091,69,2805,13365,100
2791226181753303,346091,69,2805,13365,100
2791226186865476,346091,69,2805,13365,100
2791226191976285,346091,69,2805,13365,100
2791226197087061,346091,69,2805,13365,100
2791226202197686,346091,69,2805,13365,100
2791226207308423,346091,69,2805,13365,100
2791226212420542,346091,69,2805,13365,100
2791226217532947,346091,69,2805,13365,100
2791226222643372,346091,69,2805,13365,100
2791226227754410,346091,69,2805,13365,100
2791226232865254,346091,69,2805,13365,100
2791226237976209,346091,69,2805,13365,100
2791226243087085,346091,69,2805,13365,100
2791226248197874,346091,69,2805,13365,100
2791226253308494,346091,69,2805,13365,100
2791226258419038,346091,69,2805,13365,100
2791226263531041,346091,69,2805,13365,100
2791226268641898,346091,69,2805,13365,100
2791226273752690,346091,69,2805,13365,100
2791226278863660,346091,69,2805,13365,100
2791226283976029,346091,69,2805,13365,100
2791226289086685,346091,69,2805,13365,100
2791226294197554,346091,69,2805,13365,100
2791226299308477,346091,69,2805,13365,100
2791226304419227,346091,69,2805,13365,100
2791226309553258,346091,69,2805,13365,100
2791226314666765,346091,69,2805,13365,100
2791226319777900,346091,69,2805,13365,100
2791226324888779,346091,69,2805,13365,100
2791226329999945,346091,69,2805,13365,100
2791226335127909,346091,69,2805,13365,100
2791226340238449,346091,69,2805,13365,100
2791226345349213,346091,69,2805,13365,100
2791226350460014,346091,69,2805,13365,100
2791226355570554,346091,69,2805,13365,100
2791226360681439,346091,69,2805,13365,100
2791226365794871,346091,69,2805,13365,100
2791226370905260,346091,69,2805,13365,100
2791226376029876,346091,69,2805,13365,100
2791226381141504,346091,69,2805,13365,100
2791226386252328,346091,69,2805,13365,100
2791226391362843,346091,69,2805,13365,100
2791226396473842,346091,69,2805,13365,100
2791226401584445,346091,69,2805,13365,100
2791226406695426,346091,69,2805,13365,100
2791226411806239,346091,69,2805,13365,100
2791226416918445,346091,69,2805,13365,100
2791226422029252,346091,69,2805,13365,100
2791226427139994,346091,69,2805,13365,100
2791226432250617,346091,69,2805,13365,100
2791226437361471,346091,69,2805,13365,100
2791226442473202,346091,69,2805,13365,100
2791226447584214,346091,69,2805,13365,100
2791226452695086,346091,69,2805,13365,100
2791226457805726,346091,69,2805,13365,100
2791226462916758,346091,69,2805,13365,100
2791226468028884,346091,69,2805,13365,100
2791226473140063,346091,69,2805,13365,100
2791226478252284,346091,69,2805,13365,100
2791226483363063,346091,69,2805,13365,100
2791226488473906,346091,69,2805,13365,100
2791226493584706,346091,69,2805,13365,100
2791226498695634,346091,69,2805,13365,100
2791226503806542,346091,69,2805,13365,100
2791226508917305,346091,69,2805,13365,100
2791226514029423,346091,69,2805,13365,100
2791226519141983,346091,69,2805,13365,100
2791226524252768,346091,69,2805,13365,100
2791226529363728,346091,69,2805,13365,100
2791226534474225,346091,69,2805,13365,100
2791226539585237,346091,69,2805,13365,100
2791226544697838,346091,69,2805,13365,100
2791226549809053,346091,69,2805,13365,100
2791226554919594,346091,69,2805,13365,100
2791226560030531,346091,69,2805,13365,100
2791226565141523,346091,69,2805,13365,100
2791226570253400,346091,69,2805,13365,100
2791226575365002,346137,69,2805,13365,100
2791226580476954,346137,69,2805,13365,100
2791226585588405,346137,69,2805,13365,100
2791226590699523,346137,69,2805,13365,100
2791226595810573,346137,69,2805,13365,100
2791226600921622,346137,69,2805,13365,100
2791226606032854,346137,69,2805,13365,100
2791226611144643,346137,69,2805,13365,100
2791226616255403,346137,69,2805,13365,100
2791226621367371,346137,69,2805,13365,100
2791226626478466,346137,69,2805,13365,100
2791226631589693,346137,69,2805,13365,100
2791226636700688,346137,69,2805,13365,100
2791226641813140,346137,69,2805,13365,100
2791226646925186,346137,69,2805,13365,100
2791226652037406,346137,69,2805,13365,100
2791226657149691,346137,69,2805,13365,100
2791226662262332,346137,69,2805,13365,100
2791226667375002,346137,69,2805,13365,100
2791226672488228,346137,69,2805,13365,100
2791226677600310,346137,69,2805,13365,100
2791226682712913,346137,69,2805,13365,100
2791226687825613,346137,69,2805,13365,100
2791226692938438,346137,69,2805,13365,100
2791226698051138,346137,69,2805,13365,100
2791226703163066,346137,69,2805,13365,100
2791226708274423,346137,69,2805,13365,100
2791226713386295,346137,69,2805,13365,100
2791226718497655,346137,69,2805,13365,100
2791226723611072,346137,69,2805,13365,100
2791226728723156,346137,69,2805,13365,100
2791226733845593,346137,69,2805,13365,100
2791226738995556,346137,69,2805,13365,100
2791226744125721,346137,69,2805,13365,100
2791226749249141,346137,69,2805,13365,100
2791226754360146,346137,69,2805,13365,100
2791226759470654,346137,69,2805,13365,100
2791226764581698,346137,69,2805,13365,100
2791226769692624,346137,69,2805,13365,100
2791226774807263,346137,69,2805,13365,100
2791226779918300,346137,69,2805,13365,100
2791226785029476,346137,69,2805,13365,100
2791226790140361,346137,69,2805,13365,100
2791226795251453,346137,69,2805,13365,100
2791226800362285,346137,69,2805,13365,100
2791226805474954,346137,69,2805,13365,100
2791226810585925,346137,69,2805,13365,100
2791226815697171,346137,69,2805,13365,100
2791226820808081,346137,69,2805,13365,100
2791226825927778,346137,69,2805,13365,100
2791226831039044,346137,69,2805,13365,100
2791226836149912,346137,69,2805,13365,100
2791226841261179,346137,69,2805,13365,100
2791226846372169,346137,69,2805,13365,100
2791226851482946,346137,69,2805,13365,100
2791226856594424,346137,69,2805,13365,100
2791226861705382,346137,69,2805,13365,100
2791226866816313,346137,69,2805,13365,100
2791226871928812,346137,69,2805,13365,100
2791226877041184,346137,69,2805,13365,100
2791226882151986,346137,69,2805,13365,100
2791226887262677,346137,69,2805,13365,100
2791226892373201,346137,69,2805,13365,100
2791226897484080,346137,69,2805,13365,100
2791226902595837,346137,69,2805,13365,100
2791226907706502,346137,69,2805,13365,100
2791226912817702,346137,69,2805,13365,100
2791226917928743,346137,69,2805,13365,100
2791226923039762,346137,69,2805,13365,100
2791226928152220,346137,69,2805,13365,100
2791226933263604,346137,69,2805,13365,100
2791226938374997,346137,69,2805,13365,100
2791226943485789,346137,69,2805,13365,100
2791226948610711,346137,69,2805,13365,100
2791226953722166,346137,69,2805,13365,100
2791226958833247,346137,69,2805,13365,100
2791226963960015,346137,69,2805,13365,100
2791226969072647,346137,69,2805,13365,100
2791226974183575,346137,69,2805,13365,100
2791226979295910,346137,69,2805,13365,100
2791226984406728,346137,69,2805,13365,100
2791226989517361,346137,69,2805,13365,100
2791226994628021,346137,69,2805,13365,100
2791226999739641,346137,69,2805,13365,100
2791227004850798,346137,69,2805,13365,100
2791227009963398,346137,69,2805,13365,100
2791227015075690,346137,69,2805,13365,100
2791227020186487,346137,69,2805,13365,100
2791227025307977,346137,69,2805,13365,100
2791227030420124,346137,69,2805,13365,100
2791227035531186,346137,69,2805,13365,100
2791227040642157,346137,69,2805,13365,100
2791227045752921,346137,69,2805,13365,100
2791227050877497,346137,69,2805,13365,100
2791227055988389,346137,69,2805,13365,100
2791227061117795,346137,69,2805,13365,100
2791227066228919,346137,69,2805,13365,100
2791227071339763,346137,69,2805,13365,100
2791227076450327,345870,69,2805,13365,100
2791227081563712,345870,69,2805,13365,100
2791227086674402,345870,69,2805,13365,100
2791227091786693,345870,69,2805,13365,100
2791227096897366,345870,69,2805,13365,100
2791227102023811,345870,69,2805,13365,100
2791227107134834,345870,69,2805,13365,100
2791227112245618,345870,69,2805,13365,100
2791227117356491,345870,69,2805,13365,100
2791227122467288,345870,69,2805,13365,100
2791227127578303,345870,69,2805,13365,100
2791227132690482,345870,69,2805,13365,100
2791227137802712,345870,69,2805,13365,100
2791227142913364,345870,69,2805,13365,100
2791227148024350,345870,69,2805,13365,100
2791227153135094,345870,69,2805,13365,100
2791227158246364,345870,69,2805,13365,100
2791227163357498,345870,69,2805,13365,100
2791227168468855,345870,69,2805,13365,100
2791227173579792,345870,69,2805,13365,100
2791227178691100,345870,69,2805,13365,100
2791227183803881,345870,69,2805,13365,100
2791227188914836,345870,69,2805,13365,100
2791227194025717,345870,69,2805,13365,100
2791227199136578,345870,69,2805,13365,100
2791227204248924,345870,69,2805,13365,100
2791227209359363,345870,69,2805,13365,100
2791227214470086,345870,69,2805,13365,100
2791227219580547,345870,69,2805,13365,100
2791227224691083,345870,69,2805,13365,100
2791227229801652,345870,69,2805,13365,100
2791227234915380,345870,69,2805,13365,100
2791227240026584,345870,69,2805,13365,100
2791227245137549,345870,69,2805,13365,100
2791227250248357,345870,69,2805,13365,100
2791227255359262,345870,69,2805,13365,100
2791227260470251,345870,69,2805,13365,100
2791227265581030,345870,69,2805,13365,100
2791227270693227,345870,69,2805,13365,100
2791227275804395,345870,69,2805,13365,100
2791227280915280,345870,69,2805,13365,100
2791227286027333,345870,69,2805,13365,100
2791227291138192,345870,69,2805,13365,100
2791227296248789,345870,69,2805,13365,100
2791227301360542,345870,69,2805,13365,100
2791227306471180,345870,69,2805,13365,100
2791227311582046,345870,69,2805,13365,100
2791227316692515,345870,69,2805,13365,100
2791227321803875,345870,69,2805,13365,100
2791227326914790,345870,69,2805,13365,100
2791227332025860,345870,69,2805,13365,100
2791227337138179,345870,69,2805,13365,100
2791227342248916,345870,69,2805,13365,100
2791227347359548,345870,69,2805,13365,100
2791227352470512,345870,69,2805,13365,100
2791227357581175,345870,69,2805,13365,100
2791227362692281,345870,69,2805,13365,100
2791227367804259,345870,69,2805,13365,100
2791227372915037,345870,69,2805,13365,100
2791227378026020,345870,69,2805,13365,100
2791227383136812,345870,69,2805,13365,100
2791227388249196,345870,69,2805,13365,100
2791227393359822,345870,69,2805,13365,100
2791227398472306,345870,69,2805,13365,100
2791227403582702,345870,69,2805,13365,100
2791227408693314,345870,69,2805,13365,100
2791227413804295,345870,69,2805,13365,100
2791227418915224,345870,69,2805,13365,100
2791227424026654,345870,69,2805,13365,100
2791227429137436,345870,69,2805,13365,100
2791227434271392,345870,69,2805,13365,100
2791227439384109,345870,69,2805,13365,100
2791227444494917,345870,69,2805,13365,100
2791227449605765,345870,69,2805,13365,100
2791227454716548,345870,69,2805,13365,100
2791227459827792,345870,69,2805,13365,100
2791227464939187,345870,69,2805,13365,100
2791227470050007,345870,69,2805,13365,100
2791227475160747,345870,69,2805,13365,100
2791227480271392,345870,69,2805,13365,100
2791227485382269,345870,69,2805,13365,100
2791227490494529,345870,69,2805,13365,100
2791227495605390,345870,69,2805,13365,100
2791227500716070,345870,69,2805,13365,100
2791227505826970,345870,69,2805,13365,100
2791227510937916,345870,69,2805,13365,100
2791227516048827,345870,69,2805,13365,100
2791227521159467,345870,69,2805,13365,100
2791227526270548,345870,69,2805,13365,100
2791227531383076,345870,69,2805,13365,100
2791227536493931,345870,69,2805,13365,100
2791227541606365,345870,69,2805,13365,100
2791227546717094,345870,69,2805,13365,100
2791227551827766,345870,69,2805,13365,100
2791227556939030,345870,69,2805,13365,100
2791227562051882,345870,69,2805,13365,100
2791227567162772,345870,69,2805,13365,100
2791227572273651,345546,69,2805,13365,100
2791227577385464,345546,69,2805,13365,100
2791227582496431,345546,69,2805,13365,100
2791227587607209,345546,69,2805,13365,100
2791227592719833,345546,69,2805,13365,100
2791227597831424,345546,69,2805,13365,100
2791227602942190,345546,69,2805,13365,100
2791227608052751,345546,69,2805,13365,100
2791227613163783,345546,69,2805,13365,100
2791227618290381,345546,69,2805,13365,100
2791227623401044,345546,69,2805,13365,100
2791227628513364,345546,69,2805,13365,100
2791227633624200,345546,69,2805,13365,100
2791227638734905,345546,69,2805,13365,100
2791227643847482,345546,69,2805,13365,100
2791227648958314,345546,69,2805,13365,100
2791227654068947,345546,69,2805,13365,100
2791227659179722,345546,69,2805,13365,100
2791227664291195,345546,69,2805,13365,100
2791227669402267,345546,69,2805,13365,100
2791227674512848,345546,69,2805,13365,100
2791227679623702,345546,69,2805,13365,100
2791227684734601,345546,69,2805,13365,100
2791227689845589,345546,69,2805,13365,100
2791227694959337,345546,69,2805,13365,100
2791227700071772,345546,69,2805,13365,100
2791227705184475,345546,69,2805,13365,100
2791227710299310,345546,69,2805,13365,100
2791227715410773,345546,69,2805,13365,100
2791227720522190,345546,69,2805,13365,100
2791227725633816,345546,69,2805,13365,100
2791227730744692,345546,69,2805,13365,100
2791227735855909,345546,69,2805,13365,100
2791227740968617,345546,69,2805,13365,100
2791227746080792,345546,69,2805,13365,100
2791227751191698,345546,69,2805,13365,100
2791227756302479,345546,69,2805,13365,100
2791227761413423,345546,69,2805,13365,100
2791227766524275,345546,69,2805,13365,100
2791227771635307,345546,69,2805,13365,100
2791227776746473,345546,69,2805,13365,100
2791227781857381,345546,69,2805,13365,100
2791227786968353,345546,69,2805,13365,100
2791227792079072,345546,69,2805,13365,100
2791227797191356,345546,69,2805,13365,100
2791227802302520,345546,69,2805,13365,100
2791227807415110,345546,69,2805,13365,100
2791227812526031,345546,69,2805,13365,100
2791227817636735,345546,69,2805,13365,100
2791227822747624,345546,69,2805,13365,100
2791227827858262,345546,69,2805,13365,100
2791227832968893,345546,69,2805,13365,100
2791227838081257,345546,69,2805,13365,100
2791227843192221,345546,69,2805,13365,100
2791227848304580,345546,69,2805,13365,100
2791227853415283,345546,69,2805,13365,100
2791227858525869,345546,69,2805,13365,100
2791227863640923,345546,69,2805,13365,100
2791227868751478,345546,69,2805,13365,100
2791227873863620,345546,69,2805,13365,100
2791227878974476,345546,69,2805,13365,100
2791227884085145,345546,69,2805,13365,100
2791227889196069,345546,69,2805,13365,100
2791227894307069,345546,69,2805,13365,100
2791227899421004,345546,69,2805,13365,100
2791227904532227,345546,69,2805,13365,100
2791227909643179,345546,69,2805,13365,100
2791227914753677,345546,69,2805,13365,100
2791227919865135,345546,69,2805,13365,100
2791227924975794,345546,69,2805,13365,100
2791227930109985,345546,69,2805,13365,100
2791227935221735,345546,69,2805,13365,100
2791227940332993,345546,69,2805,13365,100
2791227945444193,345546,69,2805,13365,100
2791227950556586,345546,69,2805,13365,100
2791227955667435,345546,69,2805,13365,100
2791227960777979,345546,69,2805,13365,100
2791227965890187,345546,69,2805,13365,100
2791227971017526,345546,69,2805,13365,100
2791227976129016,345546,69,2805,13365,100
2791227981241113,345546,69,2805,13365,100
2791227986352659,345546,69,2805,13365,100
2791227991463361,345546,69,2805,13365,100
2791227996574028,345546,69,2805,13365,100
2791228001686498,345546,69,2805,13365,100
2791228006799250,345546,69,2805,13365,100
2791228011915039,345546,69,2805,13365,100
2791228017025724,345546,69,2805,13365,100
2791228022136197,345546,69,2805,13365,100
2791228027247024,345546,69,2805,13365,100
2791228032357861,345546,69,2805,13365,100
2791228037470341,345546,69,2805,13365,100
2791228042581346,345546,69,2805,13365,100
2791228047692212,345546,69,2805,13365,100
2791228052804866,345546,69,2805,13365,100
2791228057916119,345546,69,2805,13365,100
2791228063027371,345546,69,2805,13365,100
2791228068142523,345546,69,2805,13365,100
2791228073254132,345646,69,2805,13365,100
2791228078365873,345646,69,2805,13365,100
2791228083476849,345646,69,2805,13365,100
2791228088588161,345646,69,2805,13365,100
2791228093698941,345646,69,2805,13365,100
2791228098809810,345646,69,2805,13365,100
2791228103923582,345646,69,2805,13365,100
2791228109034391,345646,69,2805,13365,100
2791228114145403,345646,69,2805,13365,100
2791228119260019,345646,69,2805,13365,100
2791228124372606,345646,69,2805,13365,100
2791228129484888,345646,69,2805,13365,100
2791228134595840,345646,69,2805,13365,100
2791228139706986,345646,69,2805,13365,100
2791228144817834,345646,69,2805,13365,100
2791228149949954,345646,69,2805,13365,100
2791228155062894,345646,69,2805,13365,100
2791228160175349,345646,69,2805,13365,100
2791228165286803,345646,69,2805,13365,100
2791228170398700,345646,69,2805,13365,100
2791228175510395,345646,69,2805,13365,100
2791228180621445,345646,69,2805,13365,100
2791228185732349,345646,69,2805,13365,100
2791228190843315,345646,69,2805,13365,100
2791228195956107,345646,69,2805,13365,100
2791228201066937,345646,69,2805,13365,100
2791228206179489,345646,69,2805,13365,100
2791228211290538,345646,69,2805,13365,100
2791228216406219,345646,69,2805,13365,100
2791228221517002,345646,69,2805,13365,100
2791228226629672,345646,69,2805,13365,100
2791228231740500,345646,69,2805,13365,100
2791228236851425,345646,69,2805,13365,100
2791228241962369,345646,69,2805,13365,100
2791228247072930,345646,69,2805,13365,100
2791228252183838,345646,69,2805,13365,100
2791228257296162,345646,69,2805,13365,100
2791228262407870,345646,69,2805,13365,100
2791228267518943,345646,69,2805,13365,100
2791228272645646,345646,69,2805,13365,100
2791228277756444,345646,69,2805,13365,100
2791228282867364,345646,69,2805,13365,100
2791228287978345,345646,69,2805,13365,100
2791228293090857,345646,69,2805,13365,100
2791228298212997,345646,69,2805,13365,100
2791228303323552,345646,69,2805,13365,100
2791228308435910,345646,69,2805,13365,100
2791228313546711,345646,69,2805,13365,100
2791228318657715,345646,69,2805,13365,100
2791228323770170,345646,69,2805,13365,100
2791228328880844,345646,69,2805,13365,100
2791228333991537,345646,69,2805,13365,100
2791228339119716,345646,69,2805,13365,100
2791228344232167,345646,69,2805,13365,100
2791228349342846,345646,69,2805,13365,100
2791228354453676,345646,69,2805,13365,100
2791228359566350,345646,69,2805,13365,100
2791228364677075,345646,69,2805,13365,100
2791228369787728,345646,69,2805,13365,100
2791228374898862,345646,69,2805,13365,100
2791228380025653,345646,69,2805,13365,100
2791228385136703,345646,69,2805,13365,100
2791228390247473,345646,69,2805,13365,100
2791228395358050,345646,69,2805,13365,100
2791228400468862,345646,69,2805,13365,100
2791228405579888,345646,69,2805,13365,100
2791228410692187,345646,69,2805,13365,100
2791228415804995,345646,69,2805,13365,100
2791228420915836,345646,69,2805,13365,100
2791228426026968,345646,69,2805,13365,100
2791228431137820,345646,69,2805,13365,100
2791228436248776,345646,69,2805,13365,100
2791228441359453,345646,69,2805,13365,100
2791228446471105,345646,69,2805,13365,100
2791228451581768,345646,69,2805,13365,100
2791228456692630,345646,69,2805,13365,100
2791228461817975,345646,69,2805,13365,100
2791228466928919,345646,69,2805,13365,100
2791228472039756,345646,69,2805,13365,100
2791228477150660,345646,69,2805,13365,100
2791228482261825,345646,69,2805,13365,100
2791228487372433,345646,69,2805,13365,100
2791228492482957,345646,69,2805,13365,100
2791228497593789,345646,69,2805,13365,100
2791228502704786,345646,69,2805,13365,100
2791228507815678,345646,69,2805,13365,100
2791228512928739,345646,69,2805,13365,100
2791228518039576,345646,69,2805,13365,100
2791228523150775,345646,69,2805,13365,100
2791228528261600,345646,69,2805,13365,100
2791228533372109,345646,69,2805,13365,100
2791228538484145,345646,69,2805,13365,100
2791228543595209,345646,69,2805,13365,100
2791228548706124,345646,69,2805,13365,100
2791228553817186,345646,69,2805,13365,100
2791228558928071,345646,69,2805,13365,100
2791228564040487,345646,69,2805,13365,100
2791228569152135,345646,69,2805,13365,100
2791228574262928,345685,69,2805,13365,100
2791228579374490,345685,69,2805,13365,100
2791228584485053,345685,69,2805,13365,100
2791228589595901,345685,69,2805,13365,100
2791228594706531,345685,69,2805,13365,100
2791228599817354,345685,69,2805,13365,100
2791228604928340,345685,69,2805,13365,100
2791228610039046,345685,69,2805,13365,100
2791228615151631,345685,69,2805,13365,100
2791228620262524,345685,69,2805,13365,100
2791228625373492,345685,69,2805,13365,100
2791228630484188,345685,69,2805,13365,100
2791228635596359,345685,69,2805,13365,100
2791228640706825,345685,69,2805,13365,100
2791228645817846,345685,69,2805,13365,100
2791228650928570,345685,69,2805,13365,100
2791228656039446,345685,69,2805,13365,100
2791228661150051,345685,69,2805,13365,100
2791228666263407,345685,69,2805,13365,100
2791228671376318,345685,69,2805,13365,100
2791228676486914,345685,69,2805,13365,100
2791228681597937,345685,69,2805,13365,100
2791228686708865,345685,69,2805,13365,100
2791228691819528,345685,69,2805,13365,100
2791228696930298,345685,69,2805,13365,100
2791228702041126,345685,69,2805,13365,100
2791228707152103,345685,69,2805,13365,100
2791228712263299,345685,69,2805,13365,100
2791228717375637,345685,69,2805,13365,100
2791228722486834,345685,69,2805,13365,100
2791228727597646,345685,69,2805,13365,100
2791228732710289,345685,69,2805,13365,100
2791228737821277,345685,69,2805,13365,100
2791228742931910,345685,69,2805,13365,100
2791228748042842,345685,69,2805,13365,100
2791228753172895,345685,69,2805,13365,100
2791228758283898,345685,69,2805,13365,100
2791228763394763,345685,69,2805,13365,100
2791228768507404,345685,69,2805,13365,100
2791228773618271,345685,69,2805,13365,100
2791228778729216,345685,69,2805,13365,100
2791228783840509,345685,69,2805,13365,100
2791228788951233,345685,69,2805,13365,100
2791228794061854,345685,69,2805,13365,100
2791228799172580,345685,69,2805,13365,100
2791228804283345,345685,69,2805,13365,100
2791228809394027,345685,69,2805,13365,100
2791228814505075,345685,69,2805,13365,100
2791228819617180,345685,69,2805,13365,100
2791228824728042,345685,69,2805,13365,100
2791228829840056,345685,69,2805,13365,100
2791228834950909,345685,69,2805,13365,100
2791228840061821,345685,69,2805,13365,100
2791228845172782,345685,69,2805,13365,100
2791228850283938,345685,69,2805,13365,100
2791228855394775,345685,69,2805,13365,100
2791228860506673,345685,69,2805,13365,100
2791228865617678,345685,69,2805,13365,100
2791228870730171,345685,69,2805,13365,100
2791228875841225,345685,69,2805,13365,100
2791228880951969,345685,69,2805,13365,100
2791228886063045,345685,69,2805,13365,100
2791228891173698,345685,69,2805,13365,100
2791228896284404,345685,69,2805,13365,100
2791228901395214,345685,69,2805,13365,100
2791228906505867,345685,69,2805,13365,100
2791228911616955,345685,69,2805,13365,100
2791228916727720,345685,69,2805,13365,100
2791228921840556,345685,69,2805,13365,100
2791228926969036,345685,69,2805,13365,100
2791228932080697,345685,69,2805,13365,100
2791228937191629,345685,69,2805,13365,100
2791228942324965,345685,69,2805,13365,100
2791228947436316,345685,69,2805,13365,100
2791228952546752,345685,69,2805,13365,100
2791228957659170,345685,69,2805,13365,100
2791228962769871,345685,69,2805,13365,100
2791228967880971,345685,69,2805,13365,100
2791228972993408,345685,69,2805,13365,100
2791228978121512,345685,69,2805,13365,100
2791228983232521,345685,69,2805,13365,100
2791228988343421,345685,69,2805,13365,100
2791228993454046,345685,69,2805,13365,100
2791228998565074,345685,69,2805,13365,100
2791229003676018,345685,69,2805,13365,100
2791229008787270,345685,69,2805,13365,100
2791229013898200,345685,69,2805,13365,100
2791229019026639,345685,69,2805,13365,100
2791229024139663,345685,69,2805,13365,100
2791229029250457,345685,69,2805,13365,100
2791229034361305,345685,69,2805,13365,100
2791229039472221,345685,69,2805,13365,100
2791229044583097,345685,69,2805,13365,100
2791229049694169,345685,69,2805,13365,100
2791229054806199,345685,69,2805,13365,100
2791229059920311,345685,69,2805,13365,100
2791229065031264,345685,69,2805,13365,100
2791229070142116,345685,69,2805,13365,100
2791229075254620,345530,69,2805,13365,100
2791229080366061,345530,69,2805,13365,100
2791229085477416,345530,69,2805,13365,100
2791229090588653,345530,69,2805,13365,100
2791229095698922,345530,69,2805,13365,100
2791229100809834,345530,69,2805,13365,100
2791229105920699,345530,69,2805,13365,100
2791229111031711,345530,69,2805,13365,100
2791229116142313,345530,69,2805,13365,100
2791229121254687,345530,69,2805,13365,100
2791229126367292,345530,69,2805,13365,100
2791229131478356,345530,69,2805,13365,100
2791229136589337,345530,69,2805,13365,100
2791229141700137,345530,69,2805,13365,100
2791229146811202,345530,69,2805,13365,100
2791229151923579,345530,69,2805,13365,100
2791229157034687,345530,69,2805,13365,100
2791229162145131,345530,69,2805,13365,100
2791229167255863,345530,69,2805,13365,100
2791229172366702,345530,69,2805,13365,100
2791229177479306,345530,69,2805,13365,100
2791229182590151,345530,69,2805,13365,100
2791229187702555,345530,69,2805,13365,100
2791229192813433,345530,69,2805,13365,100
2791229197924337,345530,69,2805,13365,100
2791229203035210,345530,69,2805,13365,100
2791229208146286,345530,69,2805,13365,100
2791229213257052,345530,69,2805,13365,100
2791229218368756,345530,69,2805,13365,100
2791229223479834,345530,69,2805,13365,100
2791229228592436,345530,69,2805,13365,100
2791229233703453,345530,69,2805,13365,100
2791229238814469,345530,69,2805,13365,100
2791229243925433,345530,69,2805,13365,100
2791229249036550,345530,69,2805,13365,100
2791229254147491,345530,69,2805,13365,100
2791229259258407,345530,69,2805,13365,100
2791229264369036,345530,69,2805,13365,100
2791229269479980,345530,69,2805,13365,100
2791229274590890,345530,69,2805,13365,100
2791229279711673,345530,69,2805,13365,100
2791229284823772,345530,69,2805,13365,100
2791229289934433,345530,69,2805,13365,100
2791229295044948,345530,69,2805,13365,100
2791229300155512,345530,69,2805,13365,100
2791229305266839,345530,69,2805,13365,100
2791229310377559,345530,69,2805,13365,100
2791229315489904,345530,69,2805,13365,100
2791229320601228,345530,69,2805,13365,100
2791229325712442,345530,69,2805,13365,100
2791229330824597,345530,69,2805,13365,100
2791229335935533,345530,69,2805,13365,100
2791229341046290,345530,69,2805,13365,100
2791229346156965,345530,69,2805,13365,100
2791229351267756,345530,69,2805,13365,100
2791229356378495,345530,69,2805,13365,100
2791229361489444,345530,69,2805,13365,100
2791229366600044,345530,69,2805,13365,100
2791229371712804,345530,69,2805,13365,100
2791229376823846,345530,69,2805,13365,100
2791229381936403,345530,69,2805,13365,100
2791229387047287,345530,69,2805,13365,100
2791229392157981,345530,69,2805,13365,100
2791229397268918,345530,69,2805,13365,100
2791229402380659,345530,69,2805,13365,100
2791229407491518,345530,69,2805,13365,100
2791229412602963,345530,69,2805,13365,100
2791229417713842,345530,69,2805,13365,100
2791229422824828,345530,69,2805,13365,100
2791229427935517,345530,69,2805,13365,100
2791229433047735,345530,69,2805,13365,100
2791229438159806,345530,69,2805,13365,100
2791229443270726,345530,69,2805,13365,100
2791229448381695,345530,69,2805,13365,100
2791229453492727,345530,69,2805,13365,100
2791229458603631,345530,69,2805,13365,100
2791229463714463,345530,69,2805,13365,100
2791229468826600,345530,69,2805,13365,100
2791229473937603,345530,69,2805,13365,100
2791229479048673,345530,69,2805,13365,100
2791229484160709,345530,69,2805,13365,100
2791229489280554,345530,69,2805,13365,100
2791229494391454,345530,69,2805,13365,100
2791229499502119,345530,69,2805,13365,100
2791229504614589,345530,69,2805,13365,100
2791229509725631,345530,69,2805,13365,100
2791229514836618,345530,69,2805,13365,100
2791229519947208,345530,69,2805,13365,100
2791229525058232,345530,69,2805,13365,100
2791229530168931,345530,69,2805,13365,100
2791229535282875,345530,69,2805,13365,100
2791229540393200,345530,69,2805,13365,100
2791229545504018,345530,69,2805,13365,100
2791229550614716,345530,69,2805,13365,100
2791229555725466,345530,69,2805,13365,100
2791229560836459,345530,69,2805,13365,100
2791229565947436,345530,69,2805,13365,100
2791229571059026,345530,69,2805,13365,100
2791229576169884,345568,69,2805,13365,100
2791229581297421,345568,69,2805,13365,100
2791229586409627,345568,69,2805,13365,100
2791229591520322,345568,69,2805,13365,100
2791229596631068,345568,69,2805,13365,100
2791229601743278,345568,69,2805,13365,100
2791229606853859,345568,69,2805,13365,100
2791229611965649,345568,69,2805,13365,100
2791229617076735,345568,69,2805,13365,100
2791229622187329,345568,69,2805,13365,100
2791229627298253,345568,69,2805,13365,100
2791229632410105,345568,69,2805,13365,100
2791229637522511,345568,69,2805,13365,100
2791229642633218,345568,69,2805,13365,100
2791229647744107,345568,69,2805,13365,100
2791229652854946,345568,69,2805,13365,100
2791229657966003,345568,69,2805,13365,100
2791229663077046,345568,69,2805,13365,100
2791229668188200,345568,69,2805,13365,100
2791229673298748,345568,69,2805,13365,100
2791229678409507,345568,69,2805,13365,100
2791229683520697,345568,69,2805,13365,100
2791229688632741,345568,69,2805,13365,100
2791229693743742,345568,69,2805,13365,100
2791229698855950,345568,69,2805,13365,100
2791229703966731,345568,69,2805,13365,100
2791229709077664,345568,69,2805,13365,100
2791229714188479,345568,69,2805,13365,100
2791229719310764,345568,69,2805,13365,100
2791229724421388,345568,69,2805,13365,100
2791229729533581,345568,69,2805,13365,100
2791229734644427,345568,69,2805,13365,100
2791229739756610,345568,69,2805,13365,100
2791229744867610,345568,69,2805,13365,100
2791229749978783,345568,69,2805,13365,100
2791229755089427,345568,69,2805,13365,100
2791229760200504,345568,69,2805,13365,100
2791229765311354,345568,69,2805,13365,100
2791229770422280,345568,69,2805,13365,100
2791229775533143,345568,69,2805,13365,100
2791229780643913,345568,69,2805,13365,100
2791229785754561,345568,69,2805,13365,100
2791229790866682,345568,69,2805,13365,100
2791229795978735,345568,69,2805,13365,100
2791229801089525,345568,69,2805,13365,100
2791229806199999,345568,69,2805,13365,100
2791229811310723,345568,69,2805,13365,100
2791229816421840,345568,69,2805,13365,100
2791229821532388,345568,69,2805,13365,100
2791229826643616,345568,69,2805,13365,100
2791229831754449,345568,69,2805,13365,100
2791229836865163,345568,69,2805,13365,100
2791229841977146,345568,69,2805,13365,100
2791229847088478,345568,69,2805,13365,100
2791229852199057,345568,69,2805,13365,100
2791229857309728,345568,69,2805,13365,100
2791229862422212,345568,69,2805,13365,100
2791229867532996,345568,69,2805,13365,100
2791229872643954,345568,69,2805,13365,100
2791229877754813,345568,69,2805,13365,100
2791229882865530,345568,69,2805,13365,100
2791229887976514,345568,69,2805,13365,100
2791229893089730,345568,69,2805,13365,100
2791229898200558,345568,69,2805,13365,100
2791229903311659,345568,69,2805,13365,100
2791229908422320,345568,69,2805,13365,100
2791229913533196,345568,69,2805,13365,100
2791229918643765,345568,69,2805,13365,100
2791229923754585,345568,69,2805,13365,100
2791229928865837,345568,69,2805,13365,100
2791229933977282,345568,69,2805,13365,100
2791229939088102,345568,69,2805,13365,100
2791229944201149,345568,69,2805,13365,100
2791229949311947,345568,69,2805,13365,100
2791229954422957,345568,69,2805,13365,100
2791229959535964,345568,69,2805,13365,100
2791229964646632,345568,69,2805,13365,100
2791229969757558,345568,69,2805,13365,100
2791229974878068,345568,69,2805,13365,100
2791229979989161,345568,69,2805,13365,100
2791229985117938,345568,69,2805,13365,100
2791229990228456,345568,69,2805,13365,100
2791229995340442,345568,69,2805,13365,100
2791230000467703,345568,69,2805,13365,100
2791230005578511,345568,69,2805,13365,100
2791230010689113,345568,69,2805,13365,100
2791230015801823,345568,69,2805,13365,100
2791230020912216,345568,69,2805,13365,100
2791230026022945,345568,69,2805,13365,100
2791230031133645,345568,69,2805,13365,100
2791230036244335,345568,69,2805,13365,100
2791230041355092,345568,69,2805,13365,100
2791230046467842,345568,69,2805,13365,100
2791230051578571,345568,69,2805,13365,100
2791230056689359,345568,69,2805,13365,100
2791230061800363,345568,69,2805,13365,100
2791230066910908,345568,69,2805,13365,100
2791230072021884,345654,69,2805,13365,100
2791230077133533,345654,69,2805,13365,100
2791230082246057,345654,69,2805,13365,100
2791230087357174,345654,69,2805,13365,100
2791230092468254,345654,69,2805,13365,100
2791230097580201,345654,69,2805,13365,100
2791230102690971,345654,69,2805,13365,100
2791230107801683,345654,69,2805,13365,100
2791230112913714,345654,69,2805,13365,100
2791230118024284,345654,69,2805,13365,100
2791230123135401,345654,69,2805,13365,100
2791230128246321,345654,69,2805,13365,100
2791230133357070,345654,69,2805,13365,100
2791230138467910,345654,69,2805,13365,100
2791230143578721,345654,69,2805,13365,100
2791230148692567,345654,69,2805,13365,100
2791230153804263,345654,69,2805,13365,100
2791230158917712,345654,69,2805,13365,100
2791230164030280,345654,69,2805,13365,100
2791230169142201,345654,69,2805,13365,100
2791230174258801,345654,69,2805,13365,100
2791230179371553,345654,69,2805,13365,100
2791230184484705,345654,69,2805,13365,100
2791230189596346,345654,69,2805,13365,100
2791230194707832,345654,69,2805,13365,100
2791230199821282,345654,69,2805,13365,100
2791230204934151,345654,69,2805,13365,100
2791230210070591,345654,69,2805,13365,100
2791230215183035,345654,69,2805,13365,100
2791230220295356,345654,69,2805,13365,100
2791230225406773,345654,69,2805,13365,100
2791230230518369,345654,69,2805,13365,100
2791230235646640,345654,69,2805,13365,100
2791230240757910,345654,69,2805,13365,100
2791230245870246,345654,69,2805,13365,100
2791230250983553,345654,69,2805,13365,100
2791230256108883,345654,69,2805,13365,100
2791230261221563,345654,69,2805,13365,100
2791230266332128,345654,69,2805,13365,100
2791230271442984,345654,69,2805,13365,100
2791230276553904,345654,69,2805,13365,100
2791230281665389,345654,69,2805,13365,100
2791230286776351,345654,69,2805,13365,100
2791230291888916,345654,69,2805,13365,100
2791230296999652,345654,69,2805,13365,100
2791230302130535,345654,69,2805,13365,100
2791230307241111,345654,69,2805,13365,100
2791230312351906,345654,69,2805,13365,100
2791230317462498,345654,69,2805,13365,100
2791230322573404,345654,69,2805,13365,100
2791230327684119,345654,69,2805,13365,100
2791230332796183,345654,69,2805,13365,100
2791230337907022,345654,69,2805,13365,100
2791230343020898,345654,69,2805,13365,100
2791230348131554,345654,69,2805,13365,100
2791230353243443,345654,69,2805,13365,100
2791230358353840,345654,69,2805,13365,100
2791230363464963,345654,69,2805,13365,100
2791230368575616,345654,69,2805,13365,100
2791230373686388,345654,69,2805,13365,100
2791230378797129,345654,69,2805,13365,100
2791230383907885,345654,69,2805,13365,100
2791230389018458,345654,69,2805,13365,100
2791230394129318,345654,69,2805,13365,100
2791230399240055,345654,69,2805,13365,100
2791230404352199,345654,69,2805,13365,100
2791230409462828,345654,69,2805,13365,100
2791230414573832,345654,69,2805,13365,100
2791230419684716,345654,69,2805,13365,100
2791230424795612,345654,69,2805,13365,100
2791230429907635,345654,69,2805,13365,100
2791230435019026,345654,69,2805,13365,100
2791230440129844,345654,69,2805,13365,100
2791230445240766,345654,69,2805,13365,100
2791230450351612,345654,69,2805,13365,100
2791230455463743,345654,69,2805,13365,100
2791230460575127,345654,69,2805,13365,100
2791230465685864,345654,69,2805,13365,100
2791230470796882,345654,69,2805,13365,100
2791230475907594,345654,69,2805,13365,100
2791230481038039,345654,69,2805,13365,100
2791230486148736,345654,69,2805,13365,100
2791230491259440,345654,69,2805,13365,100
2791230496371562,345654,69,2805,13365,100
2791230501482335,345654,69,2805,13365,100
2791230506594315,345654,69,2805,13365,100
2791230511705491,345654,69,2805,13365,100
2791230516816335,345654,69,2805,13365,100
2791230521927160,345654,69,2805,13365,100
2791230527039280,345654,69,2805,13365,100
2791230532149993,345654,69,2805,13365,100
2791230537260647,345654,69,2805,13365,100
2791230542371118,345654,69,2805,13365,100
2791230547481896,345654,69,2805,13365,100
2791230552592653,345654,69,2805,13365,100
2791230557704825,345654,69,2805,13365,100
2791230562816868,345654,69,2805,13365,100
2791230567934286,345654,69,2805,13365,100
2791230573044965,345451,69,2805,13365,100
2791230578156517,345451,69,2805,13365,100
2791230583267201,345451,69,2805,13365,100
2791230588378153,345451,69,2805,13365,100
2791230593489946,345451,69,2805,13365,100
2791230598600746,345451,69,2805,13365,100
2791230603711775,345451,69,2805,13365,100
2791230608823941,345451,69,2805,13365,100
2791230613934724,345451,69,2805,13365,100
2791230619045344,345451,69,2805,13365,100
2791230624157037,345451,69,2805,13365,100
2791230629268632,345451,69,2805,13365,100
2791230634379331,345451,69,2805,13365,100
2791230639490426,345451,69,2805,13365,100
2791230644601071,345451,69,2805,13365,100
2791230649711783,345451,69,2805,13365,100
2791230654822276,345451,69,2805,13365,100
2791230659933700,345451,69,2805,13365,100
2791230665044364,345451,69,2805,13365,100
2791230670154914,345451,69,2805,13365,100
2791230675266213,345451,69,2805,13365,100
2791230680377277,345451,69,2805,13365,100
2791230685487908,345451,69,2805,13365,100
2791230690598730,345451,69,2805,13365,100
2791230695710886,345451,69,2805,13365,100
2791230700821799,345451,69,2805,13365,100
2791230705932764,345451,69,2805,13365,100
2791230711045204,345451,69,2805,13365,100
2791230716155769,345451,69,2805,13365,100
2791230721266286,345451,69,2805,13365,100
2791230726378496,345451,69,2805,13365,100
2791230731489437,345451,69,2805,13365,100
2791230736600272,345451,69,2805,13365,100
2791230741711242,345451,69,2805,13365,100
2791230746822394,345451,69,2805,13365,100
2791230751933099,345451,69,2805,13365,100
2791230757046055,345451,69,2805,13365,100
2791230762158600,345451,69,2805,13365,100
2791230767269628,345451,69,2805,13365,100
2791230772380197,345451,69,2805,13365,100
2791230777491069,345451,69,2805,13365,100
2791230782602112,345451,69,2805,13365,100
2791230787712966,345451,69,2805,13365,100
2791230792825095,345451,69,2805,13365,100
2791230797935819,345451,69,2805,13365,100
2791230803046729,345451,69,2805,13365,100
2791230808157614,345451,69,2805,13365,100
2791230813269884,345451,69,2805,13365,100
2791230818380723,345451,69,2805,13365,100
2791230823492533,345451,69,2805,13365,100
2791230828603281,345451,69,2805,13365,100
2791230833713965,345451,69,2805,13365,100
2791230838824782,345451,69,2805,13365,100
2791230843935567,345451,69,2805,13365,100
2791230849046555,345451,69,2805,13365,100
2791230854157387,345451,69,2805,13365,100
2791230859268032,345451,69,2805,13365,100
2791230864380396,345451,69,2805,13365,100
2791230869491261,345451,69,2805,13365,100
2791230874601785,345451,69,2805,13365,100
2791230879712696,345451,69,2805,13365,100
2791230884823646,345451,69,2805,13365,100
2791230889951738,345451,69,2805,13365,100
2791230895062498,345451,69,2805,13365,100
2791230900173703,345451,69,2805,13365,100
2791230905284767,345451,69,2805,13365,100
2791230910395544,345451,69,2805,13365,100
2791230915507696,345451,69,2805,13365,100
2791230920620320,345451,69,2805,13365,100
2791230925731195,345451,69,2805,13365,100
2791230930842294,345451,69,2805,13365,100
2791230935953726,345451,69,2805,13365,100
2791230941064578,345451,69,2805,13365,100
2791230946175419,345451,69,2805,13365,100
2791230951286307,345451,69,2805,13365,100
2791230956398387,345451,69,2805,13365,100
2791230961509486,345451,69,2805,13365,100
2791230966623409,345451,69,2805,13365,100
2791230971735404,345451,69,2805,13365,100
2791230976846425,345451,69,2805,13365,100
2791230981956778,345451,69,2805,13365,100
2791230987067510,345451,69,2805,13365,100
2791230992178233,345451,69,2805,13365,100
2791230997288990,345451,69,2805,13365,100
2791231002401627,345451,69,2805,13365,100
2791231007512159,345451,69,2805,13365,100
2791231012622976,345451,69,2805,13365,100
2791231017735524,345451,69,2805,13365,100
2791231022846261,345451,69,2805,13365,100
2791231027957165,345451,69,2805,13365,100
2791231033067802,345451,69,2805,13365,100
2791231038179267,345451,69,2805,13365,100
2791231043290066,345451,69,2805,13365,100
2791231048400619,345451,69,2805,13365,100
2791231053511595,345451,69,2805,13365,100
2791231058622083,345451,69,2805,13365,100
2791231063733000,345451,69,2805,13365,100
2791231068845281,345451,69,2805,13365,100
2791231073955958,345226,69,2805,13365,100
2791231079067595,345226,69,2805,13365,100
2791231084178565,345226,69,2805,13365,100
2791231089289157,345226,69,2805,13365,100
2791231094400075,345226,69,2805,13365,100
2791231099512635,345226,69,2805,13365,100
2791231104623310,345226,69,2805,13365,100
2791231109734188,345226,69,2805,13365,100
2791231114844759,345226,69,2805,13365,100
2791231119956723,345226,69,2805,13365,100
2791231125067661,345226,69,2805,13365,100
2791231130179341,345226,69,2805,13365,100
2791231135289938,345226,69,2805,13365,100
2791231140400863,345226,69,2805,13365,100
2791231145511839,345226,69,2805,13365,100
2791231150622643,345226,69,2805,13365,100
2791231155733307,345226,69,2805,13365,100
2791231160844266,345226,69,2805,13365,100
2791231165958152,345226,69,2805,13365,100
2791231171070477,345226,69,2805,13365,100
2791231176181986,345226,69,2805,13365,100
2791231181293570,345226,69,2805,13365,100
2791231186404986,345226,69,2805,13365,100
2791231191516778,345226,69,2805,13365,100
2791231196630167,345226,69,2805,13365,100
2791231201741114,345226,69,2805,13365,100
2791231206852098,345226,69,2805,13365,100
2791231211963148,345226,69,2805,13365,100
2791231217073949,345226,69,2805,13365,100
2791231222186359,345226,69,2805,13365,100
2791231227297236,345226,69,2805,13365,100
2791231232408646,345226,69,2805,13365,100
2791231237519045,345226,69,2805,13365,100
2791231242630122,345226,69,2805,13365,100
2791231247740661,345226,69,2805,13365,100
2791231252851691,345226,69,2805,13365,100
2791231257962310,345226,69,2805,13365,100
2791231263075040,345226,69,2805,13365,100
2791231268185625,345226,69,2805,13365,100
2791231273298209,345226,69,2805,13365,100
2791231278409482,345226,69,2805,13365,100
2791231283520412,345226,69,2805,13365,100
2791231288631149,345226,69,2805,13365,100
2791231293742821,345226,69,2805,13365,100
2791231298853839,345226,69,2805,13365,100
2791231303964462,345226,69,2805,13365,100
2791231309075308,345226,69,2805,13365,100
2791231314186257,345226,69,2805,13365,100
2791231319297195,345226,69,2805,13365,100
2791231324409394,345226,69,2805,13365,100
2791231329520522,345226,69,2805,13365,100
2791231334631448,345226,69,2805,13365,100
2791231339742175,345226,69,2805,13365,100
2791231344853023,345226,69,2805,13365,100
2791231349963720,345226,69,2805,13365,100
2791231355076264,345226,69,2805,13365,100
2791231360187069,345226,69,2805,13365,100
2791231365297985,345226,69,2805,13365,100
2791231370408818,345226,69,2805,13365,100
2791231375521286,345226,69,2805,13365,100
2791231380632383,345226,69,2805,13365,100
2791231385744071,345226,69,2805,13365,100
2791231390855639,345226,69,2805,13365,100
2791231395966307,345226,69,2805,13365,100
2791231401077172,345226,69,2805,13365,100
2791231406187872,345226,69,2805,13365,100
2791231411298697,345226,69,2805,13365,100
2791231416409487,345226,69,2805,13365,100
2791231421521793,345226,69,2805,13365,100
2791231426633818,345226,69,2805,13365,100
2791231431744750,345226,69,2805,13365,100
2791231436855190,345226,69,2805,13365,100
2791231441966107,345226,69,2805,13365,100
2791231447076906,345226,69,2805,13365,100
2791231452189570,345226,69,2805,13365,100
2791231457300349,345226,69,2805,13365,100
2791231462411352,345226,69,2805,13365,100
2791231467521921,345226,69,2805,13365,100
2791231472632448,345226,69,2805,13365,100
2791231477744860,345226,69,2805,13365,100
2791231482856978,345226,69,2805,13365,100
2791231487968035,345226,69,2805,13365,100
2791231493078443,345226,69,2805,13365,100
2791231498189312,345226,69,2805,13365,100
2791231503299934,345226,69,2805,13365,100
2791231508410593,345226,69,2805,13365,100
2791231513521337,345226,69,2805,13365,100
2791231518633689,345226,69,2805,13365,100
2791231523744526,345226,69,2805,13365,100
2791231528856762,345226,69,2805,13365,100
2791231533967883,345226,69,2805,13365,100
2791231539078999,345226,69,2805,13365,100
2791231544206448,345226,69,2805,13365,100
2791231549328816,345226,69,2805,13365,100
2791231554439416,345226,69,2805,13365,100
2791231559551677,345226,69,2805,13365,100
2791231564662501,345226,69,2805,13365,100
2791231569773361,345226,69,2805,13365,100
2791231574884222,344905,69,2805,13365,100
2791231579997694,344905,69,2805,13365,100
2791231585134359,344905,69,2805,13365,100
2791231590245038,344905,69,2805,13365,100
2791231595355875,344905,69,2805,13365,100
2791231600466832,344905,69,2805,13365,100
2791231605577795,344905,69,2805,13365,100
2791231610689867,344905,69,2805,13365,100
2791231615800711,344905,69,2805,13365,100
2791231620911303,344905,69,2805,13365,100
2791231626022362,344905,69,2805,13365,100
2791231631134774,344905,69,2805,13365,100
2791231636245489,344905,69,2805,13365,100
2791231641358326,344905,69,2805,13365,100
2791231646471311,344905,69,2805,13365,100
2791231651583668,344905,69,2805,13365,100
2791231656696244,344905,69,2805,13365,100
2791231661808665,344905,69,2805,13365,100
2791231666920068,344905,69,2805,13365,100
2791231672033093,344905,69,2805,13365,100
2791231677146272,344905,69,2805,13365,100
2791231682259054,344905,69,2805,13365,100
2791231687371662,344905,69,2805,13365,100
2791231692483487,344905,69,2805,13365,100
2791231697595700,344905,69,2805,13365,100
2791231702707408,344905,69,2805,13365,100
2791231707819452,344905,69,2805,13365,100
2791231712931055,344905,69,2805,13365,100
2791231718042489,344905,69,2805,13365,100
2791231723153833,344905,69,2805,13365,100
2791231728264746,344905,69,2805,13365,100
2791231733378992,344905,69,2805,13365,100
2791231738489986,344905,69,2805,13365,100
2791231743600781,344905,69,2805,13365,100
2791231748711488,344905,69,2805,13365,100
2791231753822212,344905,69,2805,13365,100
2791231758932936,344905,69,2805,13365,100
2791231764045248,344905,69,2805,13365,100
2791231769156169,344905,69,2805,13365,100
2791231774266757,344905,69,2805,13365,100
2791231779377586,344905,69,2805,13365,100
2791231784489917,344905,69,2805,13365,100
2791231789600734,344905,69,2805,13365,100
2791231794711595,344905,69,2805,13365,100
2791231799840368,344905,69,2805,13365,100
2791231804950920,344905,69,2805,13365,100
2791231810061433,344905,69,2805,13365,100
2791231815173052,344905,69,2805,13365,100
2791231820283817,344905,69,2805,13365,100
2791231825394770,344905,69,2805,13365,100
2791231830506791,344905,69,2805,13365,100
2791231835619135,344905,69,2805,13365,100
2791231840729844,344905,69,2805,13365,100
2791231845856815,344905,69,2805,13365,100
2791231850967560,344905,69,2805,13365,100
2791231856078826,344905,69,2805,13365,100
2791231861191805,344905,69,2805,13365,100
2791231866302625,344905,69,2805,13365,100
2791231871415245,344905,69,2805,13365,100
2791231876526165,344905,69,2805,13365,100
2791231881637126,344905,69,2805,13365,100
2791231886749510,344905,69,2805,13365,100
2791231891860359,344905,69,2805,13365,100
2791231896971203,344905,69,2805,13365,100
2791231902083684,344905,69,2805,13365,100
2791231907195216,344905,69,2805,13365,100
2791231912305969,344905,69,2805,13365,100
2791231917416985,344905,69,2805,13365,100
2791231922527950,344905,69,2805,13365,100
2791231927638774,344905,69,2805,13365,100
2791231932749718,344905,69,2805,13365,100
2791231937862658,344905,69,2805,13365,100
2791231942973221,344905,69,2805,13365,100
2791231948084218,344905,69,2805,13365,100
2791231953194950,344905,69,2805,13365,100
2791231958305921,344905,69,2805,13365,100
2791231963416217,344905,69,2805,13365,100
2791231968528874,344905,69,2805,13365,100
2791231973639802,344905,69,2805,13365,100
2791231978750562,344905,69,2805,13365,100
2791231983861578,344905,69,2805,13365,100
2791231988973707,344905,69,2805,13365,100
2791231994084479,344905,69,2805,13365,100
2791231999196435,344905,69,2805,13365,100
2791232004307480,344905,69,2805,13365,100
2791232009418340,344905,69,2805,13365,100
2791232014529225,344905,69,2805,13365,100
2791232019640218,344905,69,2805,13365,100
2791232024750944,344905,69,2805,13365,100
2791232029861538,344905,69,2805,13365,100
2791232034973799,344905,69,2805,13365,100
2791232040086043,344905,69,2805,13365,100
2791232045196855,344905,69,2805,13365,100
2791232050307419,344905,69,2805,13365,100
2791232055418410,344905,69,2805,13365,100
2791232060529104,344905,69,2805,13365,100
2791232065641613,344905,69,2805,13365,100
2791232070752617,344905,69,2805,13365,100
2791232075863506,344631,69,2805,13365,100
2791232080975212,344631,69,2805,13365,100
2791232086095783,344631,69,2805,13365,100
2791232091208711,344631,69,2805,13365,100
2791232096319280,344631,69,2805,13365,100
2791232101430204,344631,69,2805,13365,100
2791232106542613,344631,69,2805,13365,100
2791232111653456,344631,69,2805,13365,100
2791232116764091,344631,69,2805,13365,100
2791232121875257,344631,69,2805,13365,100
2791232126985986,344631,69,2805,13365,100
2791232132113978,344631,69,2805,13365,100
2791232137224995,344631,69,2805,13365,100
2791232142337315,344631,69,2805,13365,100
2791232147448190,344631,69,2805,13365,100
2791232152558882,344631,69,2805,13365,100
2791232157669553,344631,69,2805,13365,100
2791232162782003,344631,69,2805,13365,100
2791232167892895,344631,69,2805,13365,100
2791232173021865,344631,69,2805,13365,100
2791232178133286,344631,69,2805,13365,100
2791232183244342,344631,69,2805,13365,100
2791232188355045,344631,69,2805,13365,100
2791232193467584,344631,69,2805,13365,100
2791232198616263,344631,69,2805,13365,100
2791232203727360,344631,69,2805,13365,100
2791232208839140,344631,69,2805,13365,100
2791232213950105,344631,69,2805,13365,100
2791232219060901,344631,69,2805,13365,100
2791232224171585,344631,69,2805,13365,100
2791232229282240,344631,69,2805,13365,100
2791232234392774,344631,69,2805,13365,100
2791232239504018,344631,69,2805,13365,100
2791232244616187,344631,69,2805,13365,100
2791232249726980,344631,69,2805,13365,100
2791232254837604,344631,69,2805,13365,100
2791232259948261,344631,69,2805,13365,100
2791232265059589,344631,69,2805,13365,100
2791232270170165,344631,69,2805,13365,100
2791232275282640,344631,69,2805,13365,100
2791232280393242,344631,69,2805,13365,100
2791232285503998,344631,69,2805,13365,100
2791232290614543,344631,69,2805,13365,100
2791232295726912,344631,69,2805,13365,100
2791232300837467,344631,69,2805,13365,100
2791232305949352,344631,69,2805,13365,100
2791232311060331,344631,69,2805,13365,100
2791232316171133,344631,69,2805,13365,100
2791232321282060,344631,69,2805,13365,100
2791232326393213,344631,69,2805,13365,100
2791232331503806,344631,69,2805,13365,100
2791232336614400,344631,69,2805,13365,100
2791232341726523,344631,69,2805,13365,100
2791232346838795,344631,69,2805,13365,100
2791232351949415,344631,69,2805,13365,100
2791232357060132,344631,69,2805,13365,100
2791232362171041,344631,69,2805,13365,100
2791232367281547,344631,69,2805,13365,100
2791232372393813,344631,69,2805,13365,100
2791232377505528,344631,69,2805,13365,100
2791232382618007,344631,69,2805,13365,100
2791232387730135,344631,69,2805,13365,100
2791232392842241,344631,69,2805,13365,100
2791232397965664,344631,69,2805,13365,100
2791232403077872,344631,69,2805,13365,100
2791232408224142,344631,69,2805,13365,100
2791232413336268,344631,69,2805,13365,100
2791232418448549,344631,69,2805,13365,100
2791232423560906,344631,69,2805,13365,100
2791232428673239,344631,69,2805,13365,100
2791232433785796,344631,69,2805,13365,100
2791232438897930,344631,69,2805,13365,100
2791232444024351,344631,69,2805,13365,100
2791232449139423,344631,69,2805,13365,100
2791232454273661,344631,69,2805,13365,100
2791232459385907,344631,69,2805,13365,100
2791232464497496,344631,69,2805,13365,100
2791232469609354,344631,69,2805,13365,100
2791232474722025,344631,69,2805,13365,100
2791232479834509,344631,69,2805,13365,100
2791232484946393,344631,69,2805,13365,100
2791232490061544,344631,69,2805,13365,100
2791232495173827,344631,69,2805,13365,100
2791232500286846,344631,69,2805,13365,100
2791232505377612,344631,69,2805,13365,100
2791232510467658,344631,69,2805,13365,100
2791232515559820,344631,69,2805,13365,100
2791232520651371,344631,69,2805,13365,100
2791232525750218,344631,69,2805,13365,100
2791232530847806,344631,69,2805,13365,100
2791232535947865,344631,69,2805,13365,100
2791232541067919,344631,69,2805,13365,100
2791232546217968,344631,69,2805,13365,100
2791232551332040,344631,69,2805,13365,100
2791232556445408,344631,69,2805,13365,100
2791232561557866,344631,69,2805,13365,100
2791232566670165,344631,69,2805,13365,100
2791232571782597,344631,69,2805,13365,100
2791232576895574,344571,69,2805,13365,100
2791232582028702,344571,69,2805,13365,100
2791232587141403,344571,69,2805,13365,100
2791232592254126,344571,69,2805,13365,100
2791232597366139,344571,69,2805,13365,100
2791232602480871,344571,69,2805,13365,100
2791232607592400,344571,69,2805,13365,100
2791232612704016,344571,69,2805,13365,100
2791232617816817,344571,69,2805,13365,100
2791232622929513,344571,69,2805,13365,100
2791232628042226,344571,69,2805,13365,100
2791232633154814,344571,69,2805,13365,100
2791232638273782,344571,69,2805,13365,100
2791232643386566,344571,69,2805,13365,100
2791232648500491,344571,69,2805,13365,100
2791232653614059,344571,69,2805,13365,100
2791232658727004,344571,69,2805,13365,100
2791232663838864,344571,69,2805,13365,100
2791232668951652,344571,69,2805,13365,100
2791232674063363,344571,69,2805,13365,100
2791232679174106,344571,69,2805,13365,100
2791232684285002,344571,69,2805,13365,100
2791232689395917,344571,69,2805,13365,100
2791232694506967,344571,69,2805,13365,100
2791232699622140,344571,69,2805,13365,100
2791232704736392,344571,69,2805,13365,100
2791232709849260,344571,69,2805,13365,100
2791232714960777,344571,69,2805,13365,100
2791232720072429,344571,69,2805,13365,100
2791232725183206,344571,69,2805,13365,100
2791232730294774,344571,69,2805,13365,100
2791232735406431,344571,69,2805,13365,100
2791232740517366,344571,69,2805,13365,100
2791232745630099,344571,69,2805,13365,100
2791232750741184,344571,69,2805,13365,100
2791232755853636,344571,69,2805,13365,100
2791232760964360,344571,69,2805,13365,100
2791232766074857,344571,69,2805,13365,100
2791232771185487,344571,69,2805,13365,100
2791232776298352,344571,69,2805,13365,100
2791232781409730,344571,69,2805,13365,100
2791232786520381,344571,69,2805,13365,100
2791232791631091,344571,69,2805,13365,100
2791232796741847,344571,69,2805,13365,100
2791232801856568,344571,69,2805,13365,100
2791232806968778,344571,69,2805,13365,100
2791232812081272,344571,69,2805,13365,100
2791232817192109,344571,69,2805,13365,100
2791232822302637,344571,69,2805,13365,100
2791232827413485,344571,69,2805,13365,100
2791232832524010,344571,69,2805,13365,100
2791232837634447,344571,69,2805,13365,100
2791232842747187,344571,69,2805,13365,100
2791232847858628,344571,69,2805,13365,100
2791232852980464,344571,69,2805,13365,100
2791232858093860,344571,69,2805,13365,100
2791232863204636,344571,69,2805,13365,100
2791232868315857,344571,69,2805,13365,100
2791232873426890,344571,69,2805,13365,100
2791232878537418,344571,69,2805,13365,100
2791232883648058,344571,69,2805,13365,100
2791232888760556,344571,69,2805,13365,100
2791232893871467,344571,69,2805,13365,100
2791232898982107,344571,69,2805,13365,100
2791232904113056,344571,69,2805,13365,100
2791232909225492,344571,69,2805,13365,100
2791232914336676,344571,69,2805,13365,100
2791232919447453,344571,69,2805,13365,100
2791232924558294,344571,69,2805,13365,100
2791232929669204,344571,69,2805,13365,100
2791232934793434,344571,69,2805,13365,100
2791232939904733,344571,69,2805,13365,100
2791232945030347,344571,69,2805,13365,100
2791232950143104,344571,69,2805,13365,100
2791232955254072,344571,69,2805,13365,100
2791232960366456,344571,69,2805,13365,100
2791232965477108,344571,69,2805,13365,100
2791232970587449,344571,69,2805,13365,100
2791232975698264,344571,69,2805,13365,100
2791232980810876,344571,69,2805,13365,100
2791232985921202,344571,69,2805,13365,100
2791232991032430,344571,69,2805,13365,100
2791232996143091,344571,69,2805,13365,100
2791233001254446,344571,69,2805,13365,100
2791233006365239,344571,69,2805,13365,100
2791233011478940,344571,69,2805,13365,100
2791233016589741,344571,69,2805,13365,100
2791233021700617,344571,69,2805,13365,100
2791233026811568,344571,69,2805,13365,100
2791233031922634,344571,69,2805,13365,100
2791233037033590,344571,69,2805,13365,100
2791233042144130,344571,69,2805,13365,100
2791233047256271,344571,69,2805,13365,100
2791233052367103,344571,69,2805,13365,100
2791233057477688,344571,69,2805,13365,100
2791233062589652,344571,69,2805,13365,100
2791233067700616,344571,69,2805,13365,100
2791233072811773,344536,69,2805,13365,100
2791233077922266,344536,69,2805,13365,100
2791233083016269,344536,69,2805,13365,100
2791233088119401,344536,69,2805,13365,100
2791233093230215,344536,69,2805,13365,100
2791233098340670,344536,69,2805,13365,100
2791233103451452,344536,69,2805,13365,100
2791233108562417,344536,69,2805,13365,100
2791233113675929,344536,69,2805,13365,100
2791233118786555,344536,69,2805,13365,100
2791233123898759,344536,69,2805,13365,100
2791233129023914,344536,69,2805,13365,100
2791233134134722,344536,69,2805,13365,100
2791233139245274,344536,69,2805,13365,100
2791233144355935,344536,69,2805,13365,100
2791233149466936,344536,69,2805,13365,100
2791233154577598,344536,69,2805,13365,100
2791233159688281,344536,69,2805,13365,100
2791233164801153,344536,69,2805,13365,100
2791233169920497,344536,69,2805,13365,100
2791233175031654,344536,69,2805,13365,100
2791233180142398,344536,69,2805,13365,100
2791233185253692,344536,69,2805,13365,100
2791233190364809,344536,69,2805,13365,100
2791233195476963,344536,69,2805,13365,100
2791233200587567,344536,69,2805,13365,100
2791233205698468,344536,69,2805,13365,100
2791233210809074,344536,69,2805,13365,100
2791233215921178,344536,69,2805,13365,100
2791233221032025,344536,69,2805,13365,100
2791233226143909,344536,69,2805,13365,100
2791233231254818,344536,69,2805,13365,100
2791233236365518,344536,69,2805,13365,100
2791233241476386,344536,69,2805,13365,100
2791233246586771,344536,69,2805,13365,100
2791233251697520,344536,69,2805,13365,100
2791233256808312,344536,69,2805,13365,100
2791233261920304,344536,69,2805,13365,100
2791233267032523,344536,69,2805,13365,100
2791233272143749,344536,69,2805,13365,100
2791233277254554,344536,69,2805,13365,100
2791233282365129,344536,69,2805,13365,100
2791233287475679,344536,69,2805,13365,100
2791233292587459,344536,69,2805,13365,100
2791233297698244,344536,69,2805,13365,100
2791233302809200,344536,69,2805,13365,100
2791233307920031,344536,69,2805,13365,100
2791233313030824,344536,69,2805,13365,100
2791233318143329,344536,69,2805,13365,100
2791233323254353,344536,69,2805,13365,100
2791233328365443,344536,69,2805,13365,100
2791233333476418,344536,69,2805,13365,100
2791233338587287,344536,69,2805,13365,100
2791233343698055,344536,69,2805,13365,100
2791233348809452,344536,69,2805,13365,100
2791233353920305,344536,69,2805,13365,100
2791233359032749,344536,69,2805,13365,100
2791233364143521,344536,69,2805,13365,100
2791233369255785,344536,69,2805,13365,100
2791233374366958,344536,69,2805,13365,100
2791233379477474,344536,69,2805,13365,100
2791233384588263,344536,69,2805,13365,100
2791233389700380,344536,69,2805,13365,100
2791233394811319,344536,69,2805,13365,100
2791233399922284,344536,69,2805,13365,100
2791233405032904,344536,69,2805,13365,100
2791233410143568,344536,69,2805,13365,100
2791233415254478,344536,69,2805,13365,100
2791233420366782,344536,69,2805,13365,100
2791233425477402,344536,69,2805,13365,100
2791233430587718,344536,69,2805,13365,100
2791233435698103,344536,69,2805,13365,100
2791233440808967,344536,69,2805,13365,100
2791233445920219,344536,69,2805,13365,100
2791233451031124,344536,69,2805,13365,100
2791233456142041,344536,69,2805,13365,100
2791233461252965,344536,69,2805,13365,100
2791233466363987,344536,69,2805,13365,100
2791233471476054,344536,69,2805,13365,100
2791233476587091,344536,69,2805,13365,100
2791233481697841,344536,69,2805,13365,100
2791233486809155,344536,69,2805,13365,100
2791233491920104,344536,69,2805,13365,100
2791233497031367,344536,69,2805,13365,100
2791233502142213,344536,69,2805,13365,100
2791233507268672,344536,69,2805,13365,100
2791233512379601,344536,69,2805,13365,100
2791233517490681,344536,69,2805,13365,100
2791233522604716,344536,69,2805,13365,100
2791233527715735,344536,69,2805,13365,100
2791233532826699,344536,69,2805,13365,100
2791233537937783,344536,69,2805,13365,100
2791233543048555,344536,69,2805,13365,100
2791233548159258,344536,69,2805,13365,100
2791233553269842,344536,69,2805,13365,100
2791233558380465,344536,69,2805,13365,100
2791233563491171,344536,69,2805,13365,100
2791233568601990,344536,69,2805,13365,100
2791233573714594,344489,69,2805,13365,100
2791233578825958,344489,69,2805,13365,100
2791233583937815,344489,69,2805,13365,100
2791233589051023,344489,69,2805,13365,100
2791233594161858,344489,69,2805,13365,100
2791233599272442,344489,69,2805,13365,100
2791233604382927,344489,69,2805,13365,100
2791233609493605,344489,69,2805,13365,100
2791233614605717,344489,69,2805,13365,100
2791233619716387,344489,69,2805,13365,100
2791233624828586,344489,69,2805,13365,100
2791233629939734,344489,69,2805,13365,100
2791233635050500,344489,69,2805,13365,100
2791233640161372,344489,69,2805,13365,100
2791233645272372,344489,69,2805,13365,100
2791233650384356,344489,69,2805,13365,100
2791233655495309,344489,69,2805,13365,100
2791233660605901,344489,69,2805,13365,100
2791233665717042,344489,69,2805,13365,100
2791233670827854,344489,69,2805,13365,100
2791233675939996,344489,69,2805,13365,100
2791233681052120,344489,69,2805,13365,100
2791233686162791,344489,69,2805,13365,100
2791233691273551,344489,69,2805,13365,100
2791233696384284,344489,69,2805,13365,100
2791233701506176,344489,69,2805,13365,100
2791233706616869,344489,69,2805,13365,100
2791233711728089,344489,69,2805,13365,100
2791233716839873,344489,69,2805,13365,100
2791233721950928,344489,69,2805,13365,100
2791233727063087,344489,69,2805,13365,100
2791233732173839,344489,69,2805,13365,100
2791233737284443,344489,69,2805,13365,100
2791233742394988,344489,69,2805,13365,100
2791233747506720,344489,69,2805,13365,100
2791233752617320,344489,69,2805,13365,100
2791233757727785,344489,69,2805,13365,100
2791233762838358,344489,69,2805,13365,100
2791233767949537,344489,69,2805,13365,100
2791233773060538,344489,69,2805,13365,100
2791233778172622,344489,69,2805,13365,100
2791233783283481,344489,69,2805,13365,100
2791233788393966,344489,69,2805,13365,100
2791233793504692,344489,69,2805,13365,100
2791233798615214,344489,69,2805,13365,100
2791233803726225,344489,69,2805,13365,100
2791233808836645,344489,69,2805,13365,100
2791233813948282,344489,69,2805,13365,100
2791233819059062,344489,69,2805,13365,100
2791233824170018,344489,69,2805,13365,100
2791233829281961,344489,69,2805,13365,100
2791233834393007,344489,69,2805,13365,100
2791233839503790,344489,69,2805,13365,100
2791233844615822,344489,69,2805,13365,100
2791233849726480,344489,69,2805,13365,100
2791233854836933,344489,69,2805,13365,100
2791233859947861,344489,69,2805,13365,100
2791233865058534,344489,69,2805,13365,100
2791233870169246,344489,69,2805,13365,100
2791233875280030,344489,69,2805,13365,100
2791233880392019,344489,69,2805,13365,100
2791233885502829,344489,69,2805,13365,100
2791233890613512,344489,69,2805,13365,100
2791233895724432,344489,69,2805,13365,100
2791233900835512,344489,69,2805,13365,100
2791233905946405,344489,69,2805,13365,100
2791233911058625,344489,69,2805,13365,100
2791233916169169,344489,69,2805,13365,100
2791233921280154,344489,69,2805,13365,100
2791233926391059,344489,69,2805,13365,100
2791233931503027,344489,69,2805,13365,100
2791233936614188,344489,69,2805,13365,100
2791233941726848,344489,69,2805,13365,100
2791233946837908,344489,69,2805,13365,100
2791233951949001,344489,69,2805,13365,100
2791233957060021,344489,69,2805,13365,100
2791233962170841,344489,69,2805,13365,100
2791233967281553,344489,69,2805,13365,100
2791233972392154,344489,69,2805,13365,100
2791233977505162,344489,69,2805,13365,100
2791233982617168,344489,69,2805,13365,100
2791233987728267,344489,69,2805,13365,100
2791233992838968,344489,69,2805,13365,100
2791233997949840,344489,69,2805,13365,100
2791234003060671,344489,69,2805,13365,100
2791234008173265,344489,69,2805,13365,100
2791234013284198,344489,69,2805,13365,100
2791234018394654,344489,69,2805,13365,100
2791234023505371,344489,69,2805,13365,100
2791234028616023,344489,69,2805,13365,100
2791234033727807,344489,69,2805,13365,100
2791234038838948,344489,69,2805,13365,100
2791234043950826,344489,69,2805,13365,100
2791234049061391,344489,69,2805,13365,100
2791234054171897,344489,69,2805,13365,100
2791234059282460,344489,69,2805,13365,100
2791234064393304,344489,69,2805,13365,100
2791234069504230,344489,69,2805,13365,100
2791234074629782,344569,69,2805,13365,100
2791234079741510,344569,69,2805,13365,100
2791234084853522,344569,69,2805,13365,100
2791234089964359,344569,69,2805,13365,100
2791234095075325,344569,69,2805,13365,100
2791234100186029,344569,69,2805,13365,100
2791234105297454,344569,69,2805,13365,100
2791234110408126,344569,69,2805,13365,100
2791234115519010,344569,69,2805,13365,100
2791234120629671,344569,69,2805,13365,100
2791234125740463,344569,69,2805,13365,100
2791234130851683,344569,69,2805,13365,100
2791234135963713,344569,69,2805,13365,100
2791234141076345,344569,69,2805,13365,100
2791234146187028,344569,69,2805,13365,100
2791234151297941,344569,69,2805,13365,100
2791234156408798,344569,69,2805,13365,100
2791234161535274,344569,69,2805,13365,100
2791234166645706,344569,69,2805,13365,100
2791234171756117,344569,69,2805,13365,100
2791234176866935,344569,69,2805,13365,100
2791234181977580,344569,69,2805,13365,100
2791234187090028,344569,69,2805,13365,100
2791234192200684,344569,69,2805,13365,100
2791234197311801,344569,69,2805,13365,100
2791234202423085,344569,69,2805,13365,100
2791234207535949,344569,69,2805,13365,100
2791234212647725,344569,69,2805,13365,100
2791234217759831,344569,69,2805,13365,100
2791234222872246,344569,69,2805,13365,100
2791234227983119,344569,69,2805,13365,100
2791234233110791,344569,69,2805,13365,100
2791234238222712,344569,69,2805,13365,100
2791234243333320,344569,69,2805,13365,100
2791234248444228,344569,69,2805,13365,100
2791234253554869,344569,69,2805,13365,100
2791234258665792,344569,69,2805,13365,100
2791234263778238,344569,69,2805,13365,100
2791234268888902,344569,69,2805,13365,100
2791234274017185,344569,69,2805,13365,100
2791234279128769,344569,69,2805,13365,100
2791234284239847,344569,69,2805,13365,100
2791234289351871,344569,69,2805,13365,100
2791234294463577,344569,69,2805,13365,100
2791234299574749,344569,69,2805,13365,100
2791234304685597,344569,69,2805,13365,100
2791234309796623,344569,69,2805,13365,100
2791234314907600,344569,69,2805,13365,100
2791234320018566,344569,69,2805,13365,100
2791234325129047,344569,69,2805,13365,100
2791234330241259,344569,69,2805,13365,100
2791234335352172,344569,69,2805,13365,100
2791234340464542,344569,69,2805,13365,100
2791234345575380,344569,69,2805,13365,100
2791234350685960,344569,69,2805,13365,100
2791234355796775,344569,69,2805,13365,100
2791234360908298,344569,69,2805,13365,100
2791234366018974,344569,69,2805,13365,100
2791234371131474,344569,69,2805,13365,100
2791234376242431,344569,69,2805,13365,100
2791234381355455,344569,69,2805,13365,100
2791234386466162,344569,69,2805,13365,100
2791234391578256,344569,69,2805,13365,100
2791234396689433,344569,69,2805,13365,100
2791234401800263,344569,69,2805,13365,100
2791234406911654,344569,69,2805,13365,100
2791234412034406,344569,69,2805,13365,100
2791234417145013,344569,69,2805,13365,100
2791234422256882,344569,69,2805,13365,100
2791234427368783,344569,69,2805,13365,100
2791234432479640,344569,69,2805,13365,100
2791234437590335,344569,69,2805,13365,100
2791234442702160,344569,69,2805,13365,100
2791234447812848,344569,69,2805,13365,100
2791234452923609,344569,69,2805,13365,100
2791234458035893,344569,69,2805,13365,100
2791234463146756,344569,69,2805,13365,100
2791234468257422,344569,69,2805,13365,100
2791234473368226,344569,69,2805,13365,100
2791234478478820,344569,69,2805,13365,100
2791234483589700,344569,69,2805,13365,100
2791234488700258,344569,69,2805,13365,100
2791234493813100,344569,69,2805,13365,100
2791234498924139,344569,69,2805,13365,100
2791234504035158,344569,69,2805,13365,100
2791234509146222,344569,69,2805,13365,100
2791234514257205,344569,69,2805,13365,100
2791234519367931,344569,69,2805,13365,100
2791234524480350,344569,69,2805,13365,100
2791234529591319,344569,69,2805,13365,100
2791234534702410,344569,69,2805,13365,100
2791234539812900,344569,69,2805,13365,100
2791234544925152,344569,69,2805,13365,100
2791234550036056,344569,69,2805,13365,100
2791234555148387,344569,69,2805,13365,100
2791234560259218,344569,69,2805,13365,100
2791234565369976,344569,69,2805,13365,100
2791234570481879,344569,69,2805,13365,100
2791234575593255,344765,69,2805,13365,100
2791234580706389,344765,69,2805,13365,100
2791234585818496,344765,69,2805,13365,100
2791234590930328,344765,69,2805,13365,100
2791234596044077,344765,69,2805,13365,100
2791234601156629,344765,69,2805,13365,100
2791234606270218,344765,69,2805,13365,100
2791234611381302,344765,69,2805,13365,100
2791234616492242,344765,69,2805,13365,100
2791234621608954,344765,69,2805,13365,100
2791234626719857,344765,69,2805,13365,100
2791234631831983,344765,69,2805,13365,100
2791234636944184,344765,69,2805,13365,100
2791234642056452,344765,69,2805,13365,100
2791234647169793,344765,69,2805,13365,100
2791234652280905,344765,69,2805,13365,100
2791234657393094,344765,69,2805,13365,100
2791234662504590,344765,69,2805,13365,100
2791234667615658,344765,69,2805,13365,100
2791234672744082,344765,69,2805,13365,100
2791234677857339,344765,69,2805,13365,100
2791234682970012,344765,69,2805,13365,100
2791234688080896,344765,69,2805,13365,100
2791234693191488,344765,69,2805,13365,100
2791234698303645,344765,69,2805,13365,100
2791234703414517,344765,69,2805,13365,100
2791234708525418,344765,69,2805,13365,100
2791234713637584,344765,69,2805,13365,100
2791234718748898,344765,69,2805,13365,100
2791234723859953,344765,69,2805,13365,100
2791234728970597,344765,69,2805,13365,100
2791234734081491,344765,69,2805,13365,100
2791234739192114,344765,69,2805,13365,100
2791234744302780,344765,69,2805,13365,100
2791234749416949,344765,69,2805,13365,100
2791234754528169,344765,69,2805,13365,100
2791234759639050,344765,69,2805,13365,100
2791234764750310,344765,69,2805,13365,100
2791234769861338,344765,69,2805,13365,100
2791234774972447,344765,69,2805,13365,100
2791234780084911,344765,69,2805,13365,100
2791234785195686,344765,69,2805,13365,100
2791234790306640,344765,69,2805,13365,100
2791234795418048,344765,69,2805,13365,100
2791234800530407,344765,69,2805,13365,100
2791234805641131,344765,69,2805,13365,100
2791234810752070,344765,69,2805,13365,100
2791234815880686,344765,69,2805,13365,100
2791234820991635,344765,69,2805,13365,100
2791234826121287,344765,69,2805,13365,100
2791234831232091,344765,69,2805,13365,100
2791234836342999,344765,69,2805,13365,100
2791234841453756,344765,69,2805,13365,100
2791234846564513,344765,69,2805,13365,100
2791234851676851,344765,69,2805,13365,100
2791234856789481,344765,69,2805,13365,100
2791234861900432,344765,69,2805,13365,100
2791234867027026,344765,69,2805,13365,100
2791234872138583,344765,69,2805,13365,100
2791234877249159,344765,69,2805,13365,100
2791234882359659,344765,69,2805,13365,100
2791234887470352,344765,69,2805,13365,100
2791234892581173,344765,69,2805,13365,100
2791234897692117,344765,69,2805,13365,100
2791234902805749,344765,69,2805,13365,100
2791234907916613,344765,69,2805,13365,100
2791234913027965,344765,69,2805,13365,100
2791234918138900,344765,69,2805,13365,100
2791234923249918,344765,69,2805,13365,100
2791234928361743,344765,69,2805,13365,100
2791234933474195,344765,69,2805,13365,100
2791234938585656,344765,69,2805,13365,100
2791234943696730,344765,69,2805,13365,100
2791234948807605,344765,69,2805,13365,100
2791234953919501,344765,69,2805,13365,100
2791234959030454,344765,69,2805,13365,100
2791234964141282,344765,69,2805,13365,100
2791234969252606,344765,69,2805,13365,100
2791234974363338,344765,69,2805,13365,100
2791234979474243,344765,69,2805,13365,100
2791234984585151,344765,69,2805,13365,100
2791234989696068,344765,69,2805,13365,100
2791234994806636,344765,69,2805,13365,100
2791234999919365,344765,69,2805,13365,100
2791235005031425,344765,69,2805,13365,100
2791235010142198,344765,69,2805,13365,100
2791235015252950,344765,69,2805,13365,100
2791235020363709,344765,69,2805,13365,100
2791235025474167,344765,69,2805,13365,100
2791235030584863,344765,69,2805,13365,100
2791235035696582,344765,69,2805,13365,100
2791235040807781,344765,69,2805,13365,100
2791235045918420,344765,69,2805,13365,100
2791235051029195,344765,69,2805,13365,100
2791235056141593,344765,69,2805,13365,100
2791235061252392,344765,69,2805,13365,100
2791235066364398,344765,69,2805,13365,100
2791235071474946,344765,69,2805,13365,100
2791235076585591,344613,69,2805,13365,100
2791235081696900,344613,69,2805,13365,100
2791235086807744,344613,69,2805,13365,100
2791235091918570,344613,69,2805,13365,100
2791235097030782,344613,69,2805,13365,100
2791235102141689,344613,69,2805,13365,100
2791235107253977,344613,69,2805,13365,100
2791235112364754,344613,69,2805,13365,100
2791235117475598,344613,69,2805,13365,100
2791235122586703,344613,69,2805,13365,100
2791235127697671,344613,69,2805,13365,100
2791235132810013,344613,69,2805,13365,100
2791235137920860,344613,69,2805,13365,100
2791235143031777,344613,69,2805,13365,100
2791235148142605,344613,69,2805,13365,100
2791235153272049,344613,69,2805,13365,100
2791235158384361,344613,69,2805,13365,100
2791235163496806,344613,69,2805,13365,100
2791235168607937,344613,69,2805,13365,100
2791235173718723,344613,69,2805,13365,100
2791235178829519,344613,69,2805,13365,100
2791235183940017,344613,69,2805,13365,100
2791235189051014,344613,69,2805,13365,100
2791235194161841,344613,69,2805,13365,100
2791235199272681,344613,69,2805,13365,100
2791235204383401,344613,69,2805,13365,100
2791235209495972,344613,69,2805,13365,100
2791235214606831,344613,69,2805,13365,100
2791235219717634,344613,69,2805,13365,100
2791235224828318,344613,69,2805,13365,100
2791235229949769,344613,69,2805,13365,100
2791235235060494,344613,69,2805,13365,100
2791235240171392,344613,69,2805,13365,100
2791235245288001,344613,69,2805,13365,100
2791235250398981,344613,69,2805,13365,100
2791235255509839,344613,69,2805,13365,100
2791235260623785,344613,69,2805,13365,100
2791235265734478,344613,69,2805,13365,100
2791235270845498,344613,69,2805,13365,100
2791235275956619,344613,69,2805,13365,100
2791235281067596,344613,69,2805,13365,100
2791235286178540,344613,69,2805,13365,100
2791235291289496,344613,69,2805,13365,100
2791235296401469,344613,69,2805,13365,100
2791235301512141,344613,69,2805,13365,100
2791235306622885,344613,69,2805,13365,100
2791235311735198,344613,69,2805,13365,100
2791235316845772,344613,69,2805,13365,100
2791235321956607,344613,69,2805,13365,100
2791235327069381,344613,69,2805,13365,100
2791235332180387,344613,69,2805,13365,100
2791235337291148,344613,69,2805,13365,100
2791235342402152,344613,69,2805,13365,100
2791235347512953,344613,69,2805,13365,100
2791235352623915,344613,69,2805,13365,100
2791235357734698,344613,69,2805,13365,100
2791235362848538,344613,69,2805,13365,100
2791235367959214,344613,69,2805,13365,100
2791235373069847,344613,69,2805,13365,100
2791235378181019,344613,69,2805,13365,100
2791235383291940,344613,69,2805,13365,100
2791235388403026,344613,69,2805,13365,100
2791235393514533,344613,69,2805,13365,100
2791235398625761,344613,69,2805,13365,100
2791235403736262,344613,69,2805,13365,100
2791235408847578,344613,69,2805,13365,100
2791235413960008,344613,69,2805,13365,100
2791235419070580,344613,69,2805,13365,100
2791235424184432,344613,69,2805,13365,100
2791235429295242,344613,69,2805,13365,100
2791235434405859,344613,69,2805,13365,100
2791235439516780,344613,69,2805,13365,100
2791235444627601,344613,69,2805,13365,100
2791235449738439,344613,69,2805,13365,100
2791235454849426,344613,69,2805,13365,100
2791235459961456,344613,69,2805,13365,100
2791235465073673,344613,69,2805,13365,100
2791235470200255,344613,69,2805,13365,100
2791235475310795,344613,69,2805,13365,100
2791235480421640,344613,69,2805,13365,100
2791235485532468,344613,69,2805,13365,100
2791235490644855,344613,69,2805,13365,100
2791235495755485,344613,69,2805,13365,100
2791235500866398,344613,69,2805,13365,100
2791235505977068,344613,69,2805,13365,100
2791235511088114,344613,69,2805,13365,100
2791235516200397,344613,69,2805,13365,100
2791235521312269,344613,69,2805,13365,100
2791235526423106,344613,69,2805,13365,100
2791235531534084,344613,69,2805,13365,100
2791235536644884,344613,69,2805,13365,100
2791235541755701,344613,69,2805,13365,100
2791235546866303,344613,69,2805,13365,100
2791235551977586,344613,69,2805,13365,100
2791235557088402,344613,69,2805,13365,100
2791235562199122,344613,69,2805,13365,100
2791235567311723,344613,69,2805,13365,100
2791235572422465,344344,69,2805,13365,100
2791235577534292,344344,69,2805,13365,100
2791235582644824,344344,69,2805,13365,100
2791235587756818,344344,69,2805,13365,100
2791235592867385,344344,69,2805,13365,100
2791235597978547,344344,69,2805,13365,100
2791235603089312,344344,69,2805,13365,100
2791235608200310,344344,69,2805,13365,100
2791235613311286,344344,69,2805,13365,100
2791235618424823,344344,69,2805,13365,100
2791235623536763,344344,69,2805,13365,100
2791235628648479,344344,69,2805,13365,100
2791235633759520,344344,69,2805,13365,100
2791235638870501,344344,69,2805,13365,100
2791235643981401,344344,69,2805,13365,100
2791235649092437,344344,69,2805,13365,100
2791235654203436,344344,69,2805,13365,100
2791235659314310,344344,69,2805,13365,100
2791235664425127,344344,69,2805,13365,100
2791235669537219,344344,69,2805,13365,100
2791235674648143,344344,69,2805,13365,100
2791235679760778,344344,69,2805,13365,100
2791235684871502,344344,69,2805,13365,100
2791235689982201,344344,69,2805,13365,100
2791235695109019,344344,69,2805,13365,100
2791235700220334,344344,69,2805,13365,100
2791235705331154,344344,69,2805,13365,100
2791235710442130,344344,69,2805,13365,100
2791235715553183,344344,69,2805,13365,100
2791235720665667,344344,69,2805,13365,100
2791235725777778,344344,69,2805,13365,100
2791235730889175,344344,69,2805,13365,100
2791235736016644,344344,69,2805,13365,100
2791235741128484,344344,69,2805,13365,100
2791235746239223,344344,69,2805,13365,100
2791235751350158,344344,69,2805,13365,100
2791235756461024,344344,69,2805,13365,100
2791235761571530,344344,69,2805,13365,100
2791235766682482,344344,69,2805,13365,100
2791235771796551,344344,69,2805,13365,100
2791235776907409,344344,69,2805,13365,100
2791235782018326,344344,69,2805,13365,100
2791235787129451,344344,69,2805,13365,100
2791235792240009,344344,69,2805,13365,100
2791235797350689,344344,69,2805,13365,100
2791235802462753,344344,69,2805,13365,100
2791235807573268,344344,69,2805,13365,100
2791235812683953,344344,69,2805,13365,100
2791235817794577,344344,69,2805,13365,100
2791235822906711,344344,69,2805,13365,100
2791235828017884,344344,69,2805,13365,100
2791235833128576,344344,69,2805,13365,100
2791235838241060,344344,69,2805,13365,100
2791235843351579,344344,69,2805,13365,100
2791235848462664,344344,69,2805,13365,100
2791235853573006,344344,69,2805,13365,100
2791235858683570,344344,69,2805,13365,100
2791235863794186,344344,69,2805,13365,100
2791235868906021,344344,69,2805,13365,100
2791235874035907,344344,69,2805,13365,100
2791235879147270,344344,69,2805,13365,100
2791235884257829,344344,69,2805,13365,100
2791235889368579,344344,69,2805,13365,100
2791235894479485,344344,69,2805,13365,100
2791235899590828,344344,69,2805,13365,100
2791235904702185,344344,69,2805,13365,100
2791235909813026,344344,69,2805,13365,100
2791235914923683,344344,69,2805,13365,100
2791235920035075,344344,69,2805,13365,100
2791235925147312,344344,69,2805,13365,100
2791235930258220,344344,69,2805,13365,100
2791235935370148,344344,69,2805,13365,100
2791235940481932,344344,69,2805,13365,100
2791235945592753,344344,69,2805,13365,100
2791235950703826,344344,69,2805,13365,100
2791235955814298,344344,69,2805,13365,100
2791235960925514,344344,69,2805,13365,100
2791235966037147,344344,69,2805,13365,100
2791235971147897,344344,69,2805,13365,100
2791235976260439,344344,69,2805,13365,100
2791235981371712,344344,69,2805,13365,100
2791235986482763,344344,69,2805,13365,100
2791235991593409,344344,69,2805,13365,100
2791235996704381,344344,69,2805,13365,100
2791236001815029,344344,69,2805,13365,100
2791236006925611,344344,69,2805,13365,100
2791236012038243,344344,69,2805,13365,100
2791236017149119,344344,69,2805,13365,100
2791236022259863,344344,69,2805,13365,100
2791236027372336,344344,69,2805,13365,100
2791236032483040,344344,69,2805,13365,100
2791236037593794,344344,69,2805,13365,100
2791236042705705,344344,69,2805,13365,100
2791236047816683,344344,69,2805,13365,100
2791236052927214,344344,69,2805,13365,100
2791236058038226,344344,69,2805,13365,100
2791236063148889,344344,69,2805,13365,100
2791236068259671,344344,69,2805,13365,100
2791236073369972,344295,69,2805,13365,100
2791236078483372,344295,69,2805,13365,100
2791236083594186,344295,69,2805,13365,100
2791236088705057,344295,69,2805,13365,100
2791236093815805,344295,69,2805,13365,100
2791236098926527,344295,69,2805,13365,100
2791236104037530,344295,69,2805,13365,100
2791236109150043,344295,69,2805,13365,100
2791236114260707,344295,69,2805,13365,100
2791236119371597,344295,69,2805,13365,100
2791236124497922,344295,69,2805,13365,100
2791236129610356,344295,69,2805,13365,100
2791236134721153,344295,69,2805,13365,100
2791236139833561,344295,69,2805,13365,100
2791236144944481,344295,69,2805,13365,100
2791236150057206,344295,69,2805,13365,100
2791236155170128,344295,69,2805,13365,100
2791236160281871,344295,69,2805,13365,100
2791236165393515,344295,69,2805,13365,100
2791236170506407,344295,69,2805,13365,100
2791236175618044,344295,69,2805,13365,100
2791236180731364,344295,69,2805,13365,100
2791236185848682,344295,69,2805,13365,100
2791236190960901,344295,69,2805,13365,100
2791236196072873,344295,69,2805,13365,100
2791236201185061,344295,69,2805,13365,100
2791236206332850,344295,69,2805,13365,100
2791236211445206,344295,69,2805,13365,100
2791236216557410,344295,69,2805,13365,100
2791236221670051,344295,69,2805,13365,100
2791236226788651,344295,69,2805,13365,100
2791236231903520,344295,69,2805,13365,100
2791236237030518,344295,69,2805,13365,100
2791236242143392,344295,69,2805,13365,100
2791236247256735,344295,69,2805,13365,100
2791236252372201,344295,69,2805,13365,100
2791236257488514,344295,69,2805,13365,100
2791236262603868,344295,69,2805,13365,100
2791236267718918,344295,69,2805,13365,100
2791236272833538,344295,69,2805,13365,100
2791236277946303,344295,69,2805,13365,100
2791236283063338,344295,69,2805,13365,100
2791236288178044,344295,69,2805,13365,100
2791236293293036,344295,69,2805,13365,100
2791236298408498,344295,69,2805,13365,100
2791236303527285,344295,69,2805,13365,100
2791236308649409,344295,69,2805,13365,100
2791236313767150,344295,69,2805,13365,100
2791236318882546,344295,69,2805,13365,100
2791236323997633,344295,69,2805,13365,100
2791236329129707,344295,69,2805,13365,100
2791236334249716,344295,69,2805,13365,100
2791236339367380,344295,69,2805,13365,100
2791236344488223,344295,69,2805,13365,100
2791236349607049,344295,69,2805,13365,100
2791236354721701,344295,69,2805,13365,100
2791236359837336,344295,69,2805,13365,100
2791236364956857,344295,69,2805,13365,100
2791236370072282,344295,69,2805,13365,100
2791236375187615,344295,69,2805,13365,100
2791236380303070,344295,69,2805,13365,100
2791236385420175,344295,69,2805,13365,100
2791236390536144,344295,69,2805,13365,100
2791236395651076,344295,69,2805,13365,100
2791236400766808,344295,69,2805,13365,100
2791236405867152,344295,69,2805,13365,100
2791236410987075,344295,69,2805,13365,100
2791236416117833,344295,69,2805,13365,100
2791236421217443,344295,69,2805,13365,100
2791236426334526,344295,69,2805,13365,100
2791236431454964,344295,69,2805,13365,100
2791236436571638,344295,69,2805,13365,100
2791236441686763,344295,69,2805,13365,100
2791236446804697,344295,69,2805,13365,100
2791236451924208,344295,69,2805,13365,100
