
Fatbin elf code:
================
arch = sm_120
code version = [1,8]
host = linux
compile_size = 64bit

	code for sm_120
	.target	sm_120


Fatbin elf code:
================
arch = sm_120
code version = [1,8]
host = linux
compile_size = 64bit

	code for sm_120
	.target	sm_120

		Function : _Z14energy_fixtureILi1ELi24ELi4ELi12EEvPKjPjj
	.headerflags	@"EF_CUDA_SM120 EF_CUDA_VIRTUAL_SM(EF_CUDA_SM120)"
        /*0000*/                   LDC R1, c[0x0][0x37c] ;                               /* 0x0000df00ff017b82 */
                                                                                         /* 0x000fe20000000800 */
        /*0010*/                   S2R R7, SR_TID.X ;                                    /* 0x0000000000077919 */
                                                                                         /* 0x000e2e0000002100 */
        /*0020*/                   S2UR UR4, SR_CTAID.X ;                                /* 0x00000000000479c3 */
                                                                                         /* 0x000e220000002500 */
        /*0030*/                   LDCU UR8, c[0x0][0x390] ;                             /* 0x00007200ff0877ac */
                                                                                         /* 0x000e620008000800 */
        /*0040*/                   BSSY.RECONVERGENT B0, 0x6d0 ;                         /* 0x0000068000007945 */
                                                                                         /* 0x000fe20003800200 */
        /*0050*/                   HFMA2 R0, -RZ, RZ, 0, 0 ;                             /* 0x00000000ff007431 */
                                                                                         /* 0x000fe200000001ff */
        /*0060*/                   MOV R9, RZ ;                                          /* 0x000000ff00097202 */
                                                                                         /* 0x000fe20000000f00 */
        /*0070*/                   LDCU.64 UR6, c[0x0][0x358] ;                          /* 0x00006b00ff0677ac */
                                                                                         /* 0x000ea60008000a00 */
        /*0080*/                   LDC R4, c[0x0][0x360] ;                               /* 0x0000d800ff047b82 */
                                                                                         /* 0x000e240000000800 */
        /*0090*/                   IMAD R4, R4, UR4, R7 ;                                /* 0x0000000404047c24 */
                                                                                         /* 0x001fca000f8e0207 */
        /*00a0*/                   ISETP.GE.U32.AND P0, PT, R4, UR8, PT ;                /* 0x0000000804007c0c */
                                                                                         /* 0x002fe2000bf06070 */
        /*00b0*/                   MOV R10, R4 ;                                         /* 0x00000004000a7202 */
                                                                                         /* 0x000fd80000000f00 */
        /*00c0*/               @P0 BRA 0x6c0 ;                                           /* 0x00000004007c0947 */
                                                                                         /* 0x000fea0003800000 */
        /*00d0*/                   S2UR UR5, SR_CgaCtaId ;                               /* 0x00000000000579c3 */
                                                                                         /* 0x000e220000008800 */
        /*00e0*/                   UMOV UR4, 0x400 ;                                     /* 0x0000040000047882 */
                                                                                         /* 0x000fe20000000000 */
        /*00f0*/                   BSSY.RECONVERGENT B1, 0x680 ;                         /* 0x0000058000017945 */
                                                                                         /* 0x000fe20003800200 */
        /*0100*/                   MOV R0, RZ ;                                          /* 0x000000ff00007202 */
                                                                                         /* 0x000fe20000000f00 */
        /*0110*/                   MOV R10, R4.reuse ;                                   /* 0x00000004000a7202 */
                                                                                         /* 0x080fe20000000f00 */
        /*0120*/                   MOV R5, R4 ;                                          /* 0x0000000400057202 */
                                                                                         /* 0x000fc60000000f00 */
        /*0130*/                   LDC.64 R2, c[0x0][0x380] ;                            /* 0x0000e000ff027b82 */
                                                                                         /* 0x000e620000000a00 */
        /*0140*/                   ULEA UR4, UR5, UR4, 0x18 ;                            /* 0x0000000405047291 */
                                                                                         /* 0x001fcc000f8ec0ff */
        /*0150*/                   LEA R6, R7, UR4, 0x2 ;                                /* 0x0000000407067c11 */
                                                                                         /* 0x004fce000f8e10ff */
        /*0160*/                   IMAD.WIDE.U32 R8, R5, 0x4, R2 ;                       /* 0x0000000405087825 */
                                                                                         /* 0x002fca00078e0002 */
        /*0170*/                   LDG.E.STRONG.GPU R7, desc[UR6][R8.64] ;               /* 0x0000000608077981 */
                                                                                         /* 0x005ea2000c1ef900 */
        /*0180*/                   IADD R5, R5, 0xbc00 ;                                 /* 0x0000bc0005057835 */
                                                                                         /* 0x000fca00078e0000 */
        /*0190*/                   ISETP.GE.U32.AND P0, PT, R5, UR8, PT ;                /* 0x0000000805007c0c */
                                                                                         /* 0x000fe2000bf06070 */
        /*01a0*/                   LOP3.LUT R11, R10, R7, RZ, 0x3c, !PT ;                /* 0x000000070a0b7212 */
                                                                                         /* 0x00cfca00078e3cff */
        /*01b0*/                   IADD R11, R11, R10 ;                                  /* 0x0000000a0b0b7235 */
                                                                                         /* 0x000fca00078e0000 */
        /*01c0*/                   STS [R6], R11 ;                                       /* 0x0000000b06007388 */
                                                                                         /* 0x000fe80000000800 */
        /*01d0*/                   LDS R10, [R6] ;                                       /* 0x00000000060a7984 */
                                                                                         /* 0x000e240000000800 */
        /*01e0*/                   LOP3.LUT R13, R10, R7, RZ, 0x3c, !PT ;                /* 0x000000070a0d7212 */
                                                                                         /* 0x001fca00078e3cff */
        /*01f0*/                   IADD R13, R10, R13 ;                                  /* 0x0000000d0a0d7235 */
                                                                                         /* 0x000fca00078e0000 */
        /*0200*/                   STS [R6], R13 ;                                       /* 0x0000000d06007388 */
                                                                                         /* 0x000fe80000000800 */
        /*0210*/                   LDS R10, [R6] ;                                       /* 0x00000000060a7984 */
                                                                                         /* 0x000e240000000800 */
        /*0220*/                   LOP3.LUT R15, R10, R7, RZ, 0x3c, !PT ;                /* 0x000000070a0f7212 */
                                                                                         /* 0x001fca00078e3cff */
        /*0230*/                   IADD R15, R10, R15 ;                                  /* 0x0000000f0a0f7235 */
                                                                                         /* 0x000fca00078e0000 */
        /*0240*/                   STS [R6], R15 ;                                       /* 0x0000000f06007388 */
                                                                                         /* 0x000fe80000000800 */
        /*0250*/                   LDS R8, [R6] ;                                        /* 0x0000000006087984 */
                                                                                         /* 0x000e240000000800 */
        /*0260*/                   LOP3.LUT R9, R8, R7, RZ, 0x3c, !PT ;                  /* 0x0000000708097212 */
                                                                                         /* 0x001fca00078e3cff */
        /*0270*/                   IADD R9, R8, R9 ;                                     /* 0x0000000908097235 */
                                                                                         /* 0x000fca00078e0000 */
        /*0280*/                   STS [R6], R9 ;                                        /* 0x0000000906007388 */
                                                                                         /* 0x000fe80000000800 */
        /*0290*/                   LDS R8, [R6] ;                                        /* 0x0000000006087984 */
                                                                                         /* 0x000e240000000800 */
        /*02a0*/                   LOP3.LUT R11, R8, R7, RZ, 0x3c, !PT ;                 /* 0x00000007080b7212 */
                                                                                         /* 0x001fca00078e3cff */
        /*02b0*/                   IADD R11, R8, R11 ;                                   /* 0x0000000b080b7235 */
                                                                                         /* 0x000fca00078e0000 */
        /*02c0*/                   STS [R6], R11 ;                                       /* 0x0000000b06007388 */
                                                                                         /* 0x000fe80000000800 */
        /*02d0*/                   LDS R8, [R6] ;                                        /* 0x0000000006087984 */
                                                                                         /* 0x000e240000000800 */
        /*02e0*/                   LOP3.LUT R13, R8, R7, RZ, 0x3c, !PT ;                 /* 0x00000007080d7212 */
                                                                                         /* 0x001fca00078e3cff */
        /*02f0*/                   IADD R13, R8, R13 ;                                   /* 0x0000000d080d7235 */
                                                                                         /* 0x000fca00078e0000 */
        /*0300*/                   STS [R6], R13 ;                                       /* 0x0000000d06007388 */
                                                                                         /* 0x000fe80000000800 */
        /*0310*/                   LDS R8, [R6] ;                                        /* 0x0000000006087984 */
                                                                                         /* 0x000e240000000800 */
        /*0320*/                   LOP3.LUT R15, R8, R7, RZ, 0x3c, !PT ;                 /* 0x00000007080f7212 */
                                                                                         /* 0x001fca00078e3cff */
        /*0330*/                   IADD R15, R8, R15 ;                                   /* 0x0000000f080f7235 */
                                                                                         /* 0x000fca00078e0000 */
        /*0340*/                   STS [R6], R15 ;                                       /* 0x0000000f06007388 */
                                                                                         /* 0x000fe80000000800 */
        /*0350*/                   LDS R8, [R6] ;                                        /* 0x0000000006087984 */
                                                                                         /* 0x000e240000000800 */
        /*0360*/                   LOP3.LUT R9, R8, R7, RZ, 0x3c, !PT ;                  /* 0x0000000708097212 */
                                                                                         /* 0x001fca00078e3cff */
        /*0370*/                   IADD R9, R8, R9 ;                                     /* 0x0000000908097235 */
                                                                                         /* 0x000fca00078e0000 */
        /*0380*/                   STS [R6], R9 ;                                        /* 0x0000000906007388 */
                                                                                         /* 0x000fe80000000800 */
        /*0390*/                   LDS R8, [R6] ;                                        /* 0x0000000006087984 */
                                                                                         /* 0x000e240000000800 */
        /*03a0*/                   LOP3.LUT R11, R8, R7, RZ, 0x3c, !PT ;                 /* 0x00000007080b7212 */
                                                                                         /* 0x001fca00078e3cff */
        /*03b0*/                   IADD R11, R8, R11 ;                                   /* 0x0000000b080b7235 */
                                                                                         /* 0x000fca00078e0000 */
        /*03c0*/                   STS [R6], R11 ;                                       /* 0x0000000b06007388 */
                                                                                         /* 0x0001e80000000800 */
        /*03d0*/                   LDS R8, [R6] ;                                        /* 0x0000000006087984 */
                                                                                         /* 0x000e620000000800 */
        /*03e0*/                   MOV R11, 0x19660d ;                                   /* 0x0019660d000b7802 */
                                                                                         /* 0x001fca0000000f00 */
        /*03f0*/                   IMAD R11, R0, R11, 0x3c6ef35f ;                       /* 0x3c6ef35f000b7424 */
                                                                                         /* 0x000fe200078e020b */
        /*0400*/                   LOP3.LUT R13, R8, R7, RZ, 0x3c, !PT ;                 /* 0x00000007080d7212 */
                                                                                         /* 0x002fca00078e3cff */
        /*0410*/                   IADD R13, R8, R13 ;                                   /* 0x0000000d080d7235 */
                                                                                         /* 0x000fe200078e0000 */
        /*0420*/                   HFMA2 R8, -RZ, RZ, 1.8740234375, -2 ;                 /* 0x3f7fc000ff087431 */
                                                                                         /* 0x000fc800000001ff */
        /*0430*/                   STS [R6], R13 ;                                       /* 0x0000000d06007388 */
                                                                                         /* 0x000fe20000000800 */
        /*0440*/                   FFMA R9, R7, R8, 0.0009765625 ;                       /* 0x3a80000007097423 */
                                                                                         /* 0x000fc60000000008 */
        /*0450*/                   LDS R10, [R6] ;                                       /* 0x00000000060a7984 */
                                                                                         /* 0x000e220000000800 */
        /*0460*/                   FFMA R9, R9, R8, 0.0009765625 ;                       /* 0x3a80000009097423 */
                                                                                         /* 0x000fc80000000008 */
        /*0470*/                   FFMA R9, R9, R8, 0.0009765625 ;                       /* 0x3a80000009097423 */
                                                                                         /* 0x000fc80000000008 */
        /*0480*/                   FFMA R9, R9, R8, 0.0009765625 ;                       /* 0x3a80000009097423 */
                                                                                         /* 0x000fc80000000008 */
        /*0490*/                   FFMA R9, R9, R8, 0.0009765625 ;                       /* 0x3a80000009097423 */
                                                                                         /* 0x000fc80000000008 */
        /*04a0*/                   FFMA R9, R9, R8, 0.0009765625 ;                       /* 0x3a80000009097423 */
                                                                                         /* 0x000fc80000000008 */
        /*04b0*/                   FFMA R9, R9, R8, 0.0009765625 ;                       /* 0x3a80000009097423 */
                                                                                         /* 0x000fc80000000008 */
        /*04c0*/                   FFMA R9, R9, R8, 0.0009765625 ;                       /* 0x3a80000009097423 */
                                                                                         /* 0x000fc80000000008 */
        /*04d0*/                   FFMA R9, R9, R8, 0.0009765625 ;                       /* 0x3a80000009097423 */
                                                                                         /* 0x000fc80000000008 */
        /*04e0*/                   FFMA R9, R9, R8, 0.0009765625 ;                       /* 0x3a80000009097423 */
                                                                                         /* 0x000fc80000000008 */
        /*04f0*/                   FFMA R9, R9, R8, 0.0009765625 ;                       /* 0x3a80000009097423 */
                                                                                         /* 0x000fe20000000008 */
        /*0500*/                   LOP3.LUT R15, R10, R7, RZ, 0x3c, !PT ;                /* 0x000000070a0f7212 */
                                                                                         /* 0x001fc600078e3cff */
        /*0510*/                   FFMA R9, R9, R8.reuse, 0.0009765625 ;                 /* 0x3a80000009097423 */
                                                                                         /* 0x080fe40000000008 */
        /*0520*/                   IADD R15, R10, R15 ;                                  /* 0x0000000f0a0f7235 */
                                                                                         /* 0x000fe400078e0000 */
        /*0530*/                   FFMA R9, R9, R8, 0.0009765625 ;                       /* 0x3a80000009097423 */
                                                                                         /* 0x000fc60000000008 */
        /*0540*/                   STS [R6], R15 ;                                       /* 0x0000000f06007388 */
                                                                                         /* 0x000fe20000000800 */
        /*0550*/                   FFMA R9, R9, R8, 0.0009765625 ;                       /* 0x3a80000009097423 */
                                                                                         /* 0x000fc60000000008 */
        /*0560*/                   LDS R10, [R6] ;                                       /* 0x00000000060a7984 */
                                                                                         /* 0x000e220000000800 */
        /*0570*/                   FFMA R9, R9, R8, 0.0009765625 ;                       /* 0x3a80000009097423 */
                                                                                         /* 0x000fc80000000008 */
        /*0580*/                   FFMA R9, R9, R8, 0.0009765625 ;                       /* 0x3a80000009097423 */
                                                                                         /* 0x000fc80000000008 */
        /*0590*/                   FFMA R9, R9, R8, 0.0009765625 ;                       /* 0x3a80000009097423 */
                                                                                         /* 0x000fc80000000008 */
        /*05a0*/                   FFMA R9, R9, R8, 0.0009765625 ;                       /* 0x3a80000009097423 */
                                                                                         /* 0x000fc80000000008 */
        /*05b0*/                   FFMA R9, R9, R8, 0.0009765625 ;                       /* 0x3a80000009097423 */
                                                                                         /* 0x000fc80000000008 */
        /*05c0*/                   FFMA R9, R9, R8, 0.0009765625 ;                       /* 0x3a80000009097423 */
                                                                                         /* 0x000fc80000000008 */
        /*05d0*/                   FFMA R9, R9, R8, 0.0009765625 ;                       /* 0x3a80000009097423 */
                                                                                         /* 0x000fc80000000008 */
        /*05e0*/                   FFMA R9, R9, R8, 0.0009765625 ;                       /* 0x3a80000009097423 */
                                                                                         /* 0x000fc80000000008 */
        /*05f0*/                   FFMA R9, R9, R8, 0.0009765625 ;                       /* 0x3a80000009097423 */
                                                                                         /* 0x000fc80000000008 */
        /*0600*/                   FFMA R8, R9, R8, 0.0009765625 ;                       /* 0x3a80000009087423 */
                                                                                         /* 0x000fe20000000008 */
        /*0610*/                   LOP3.LUT R7, R10, R7, RZ, 0x3c, !PT ;                 /* 0x000000070a077212 */
                                                                                         /* 0x001fc800078e3cff */
        /*0620*/                   LOP3.LUT R0, R11, R8, RZ, 0x3c, !PT ;                 /* 0x000000080b007212 */
                                                                                         /* 0x000fe200078e3cff */
        /*0630*/                   IADD R7, R10, R7 ;                                    /* 0x000000070a077235 */
                                                                                         /* 0x000fca00078e0000 */
        /*0640*/                   STS [R6], R7 ;                                        /* 0x0000000706007388 */
                                                                                         /* 0x0001e80000000800 */
        /*0650*/                   LDS R10, [R6] ;                                       /* 0x00000000060a7984 */
                                                                                         /* 0x0004e20000000800 */
        /*0660*/              @!P0 BRA 0x160 ;                                           /* 0xfffffff800bc8947 */
                                                                                         /* 0x000fea000383ffff */
        /*0670*/                   BSYNC.RECONVERGENT B1 ;                               /* 0x0000000000017941 */
                                                                                         /* 0x000fea0003800200 */
        /*0680*/                   MUFU.EX2 R8, -R8 ;                                    /* 0x8000000800087308 */
                                                                                         /* 0x000e640000000800 */
        /*0690*/                   MUFU.EX2 R2, -R8 ;                                    /* 0x8000000800027308 */
                                                                                         /* 0x002e640000000800 */
        /*06a0*/                   MUFU.EX2 R2, -R2 ;                                    /* 0x8000000200027308 */
                                                                                         /* 0x002e640000000800 */
        /*06b0*/                   MUFU.EX2 R9, -R2 ;                                    /* 0x8000000200097308 */
                                                                                         /* 0x0023240000000800 */
        /*06c0*/                   BSYNC.RECONVERGENT B0 ;                               /* 0x0000000000007941 */
                                                                                         /* 0x004fea0003800200 */
        /*06d0*/                   LDC.64 R6, c[0x0][0x388] ;                            /* 0x0000e200ff067b82 */
                                                                                         /* 0x001e620000000a00 */
        /*06e0*/                   IMAD R3, R4, 0x3, RZ ;                                /* 0x0000000304037824 */
                                                                                         /* 0x000fca00078e02ff */
        /*06f0*/                   IADD R5, R3.reuse, 0x1 ;                              /* 0x0000000103057835 */
                                                                                         /* 0x040fe200078e0000 */
        /*0700*/                   IADD R11, R3.reuse, 0x2 ;                             /* 0x00000002030b7835 */
                                                                                         /* 0x040fe200078e0000 */
        /*0710*/                   IMAD.WIDE.U32 R2, R3, 0x4, R6 ;                       /* 0x0000000403027825 */
                                                                                         /* 0x002fc800078e0006 */
        /*0720*/                   IMAD.WIDE.U32 R4, R5, 0x4, R6.reuse ;                 /* 0x0000000405047825 */
                                                                                         /* 0x100fe200078e0006 */
        /*0730*/                   STG.E desc[UR6][R2.64], R0 ;                          /* 0x0000000002007986 */
                                                                                         /* 0x000fe6000c101906 */
        /*0740*/                   IMAD.WIDE.U32 R6, R11, 0x4, R6 ;                      /* 0x000000040b067825 */
                                                                                         /* 0x000fe200078e0006 */
        /*0750*/                   STG.E desc[UR6][R4.64], R10 ;                         /* 0x0000000a04007986 */
                                                                                         /* 0x008fe8000c101906 */
        /*0760*/                   STG.E desc[UR6][R6.64], R9 ;                          /* 0x0000000906007986 */
                                                                                         /* 0x010fe2000c101906 */
        /*0770*/                   EXIT ;                                                /* 0x000000000000794d */
                                                                                         /* 0x000fea0003800000 */
        /*0780*/                   BRA 0x780;                                            /* 0xfffffffc00fc7947 */
                                                                                         /* 0x000fc0000383ffff */
        /*0790*/                   NOP;                                                  /* 0x0000000000007918 */
                                                                                         /* 0x000fc00000000000 */
        /*07a0*/                   NOP;                                                  /* 0x0000000000007918 */
                                                                                         /* 0x000fc00000000000 */
        /*07b0*/                   NOP;                                                  /* 0x0000000000007918 */
                                                                                         /* 0x000fc00000000000 */
        /*07c0*/                   NOP;                                                  /* 0x0000000000007918 */
                                                                                         /* 0x000fc00000000000 */
        /*07d0*/                   NOP;                                                  /* 0x0000000000007918 */
                                                                                         /* 0x000fc00000000000 */
        /*07e0*/                   NOP;                                                  /* 0x0000000000007918 */
                                                                                         /* 0x000fc00000000000 */
        /*07f0*/                   NOP;                                                  /* 0x0000000000007918 */
                                                                                         /* 0x000fc00000000000 */
        /*0800*/                   NOP;                                                  /* 0x0000000000007918 */
                                                                                         /* 0x000fc00000000000 */
        /*0810*/                   NOP;                                                  /* 0x0000000000007918 */
                                                                                         /* 0x000fc00000000000 */
        /*0820*/                   NOP;                                                  /* 0x0000000000007918 */
                                                                                         /* 0x000fc00000000000 */
        /*0830*/                   NOP;                                                  /* 0x0000000000007918 */
                                                                                         /* 0x000fc00000000000 */
        /*0840*/                   NOP;                                                  /* 0x0000000000007918 */
                                                                                         /* 0x000fc00000000000 */
        /*0850*/                   NOP;                                                  /* 0x0000000000007918 */
                                                                                         /* 0x000fc00000000000 */
        /*0860*/                   NOP;                                                  /* 0x0000000000007918 */
                                                                                         /* 0x000fc00000000000 */
        /*0870*/                   NOP;                                                  /* 0x0000000000007918 */
                                                                                         /* 0x000fc00000000000 */
		..........


		Function : _Z14energy_fixtureILi1ELi8ELi8ELi8EEvPKjPjj
	.headerflags	@"EF_CUDA_SM120 EF_CUDA_VIRTUAL_SM(EF_CUDA_SM120)"
        /*0000*/                   LDC R1, c[0x0][0x37c] ;                               /* 0x0000df00ff017b82 */
                                                                                         /* 0x000fe20000000800 */
        /*0010*/                   S2R R9, SR_TID.X ;                                    /* 0x0000000000097919 */
                                                                                         /* 0x000e2e0000002100 */
        /*0020*/                   S2UR UR4, SR_CTAID.X ;                                /* 0x00000000000479c3 */
                                                                                         /* 0x000e220000002500 */
        /*0030*/                   LDCU UR8, c[0x0][0x390] ;                             /* 0x00007200ff0877ac */
                                                                                         /* 0x000e620008000800 */
        /*0040*/                   BSSY.RECONVERGENT B0, 0x510 ;                         /* 0x000004c000007945 */
                                                                                         /* 0x000fe20003800200 */
        /*0050*/                   HFMA2 R0, -RZ, RZ, 0, 0 ;                             /* 0x00000000ff007431 */
                                                                                         /* 0x000fe200000001ff */
        /*0060*/                   MOV R11, RZ ;                                         /* 0x000000ff000b7202 */
                                                                                         /* 0x000fe20000000f00 */
        /*0070*/                   LDCU.64 UR6, c[0x0][0x358] ;                          /* 0x00006b00ff0677ac */
                                                                                         /* 0x000ea60008000a00 */
        /*0080*/                   LDC R4, c[0x0][0x360] ;                               /* 0x0000d800ff047b82 */
                                                                                         /* 0x000e240000000800 */
        /*0090*/                   IMAD R4, R4, UR4, R9 ;                                /* 0x0000000404047c24 */
                                                                                         /* 0x001fca000f8e0209 */
        /*00a0*/                   ISETP.GE.U32.AND P0, PT, R4, UR8, PT ;                /* 0x0000000804007c0c */
                                                                                         /* 0x002fe2000bf06070 */
        /*00b0*/                   MOV R7, R4 ;                                          /* 0x0000000400077202 */
                                                                                         /* 0x000fd80000000f00 */
        /*00c0*/               @P0 BRA 0x500 ;                                           /* 0x00000004000c0947 */
                                                                                         /* 0x000fea0003800000 */
        /*00d0*/                   S2UR UR5, SR_CgaCtaId ;                               /* 0x00000000000579c3 */
                                                                                         /* 0x000e220000008800 */
        /*00e0*/                   UMOV UR4, 0x400 ;                                     /* 0x0000040000047882 */
                                                                                         /* 0x000fe20000000000 */
        /*00f0*/                   BSSY.RECONVERGENT B1, 0x480 ;                         /* 0x0000038000017945 */
                                                                                         /* 0x000fe20003800200 */
        /*0100*/                   MOV R0, RZ ;                                          /* 0x000000ff00007202 */
                                                                                         /* 0x000fe20000000f00 */
        /*0110*/                   MOV R7, R4.reuse ;                                    /* 0x0000000400077202 */
                                                                                         /* 0x080fe20000000f00 */
        /*0120*/                   MOV R5, R4 ;                                          /* 0x0000000400057202 */
                                                                                         /* 0x000fc60000000f00 */
        /*0130*/                   LDC.64 R2, c[0x0][0x380] ;                            /* 0x0000e000ff027b82 */
                                                                                         /* 0x000e620000000a00 */
        /*0140*/                   ULEA UR4, UR5, UR4, 0x18 ;                            /* 0x0000000405047291 */
                                                                                         /* 0x001fcc000f8ec0ff */
        /*0150*/                   LEA R6, R9, UR4, 0x2 ;                                /* 0x0000000409067c11 */
                                                                                         /* 0x004fce000f8e10ff */
        /*0160*/                   IMAD.WIDE.U32 R8, R5, 0x4, R2 ;                       /* 0x0000000405087825 */
                                                                                         /* 0x003fcc00078e0002 */
        /*0170*/                   LDG.E.STRONG.GPU R8, desc[UR6][R8.64] ;               /* 0x0000000608087981 */
                                                                                         /* 0x004ea2000c1ef900 */
        /*0180*/                   HFMA2 R15, -RZ, RZ, 1.8740234375, -2 ;                /* 0x3f7fc000ff0f7431 */
                                                                                         /* 0x000fe200000001ff */
        /*0190*/                   IADD R5, R5, 0xbc00 ;                                 /* 0x0000bc0005057835 */
                                                                                         /* 0x000fca00078e0000 */
        /*01a0*/                   ISETP.GE.U32.AND P0, PT, R5, UR8, PT ;                /* 0x0000000805007c0c */
                                                                                         /* 0x000fe2000bf06070 */
        /*01b0*/                   LOP3.LUT R10, R7, R8, RZ, 0x3c, !PT ;                 /* 0x00000008070a7212 */
                                                                                         /* 0x00cfca00078e3cff */
        /*01c0*/                   IADD R7, R10, R7 ;                                    /* 0x000000070a077235 */
                                                                                         /* 0x000fca00078e0000 */
        /*01d0*/                   STS [R6], R7 ;                                        /* 0x0000000706007388 */
                                                                                         /* 0x000fe80000000800 */
        /*01e0*/                   LDS R11, [R6] ;                                       /* 0x00000000060b7984 */
                                                                                         /* 0x000e240000000800 */
        /*01f0*/                   LOP3.LUT R10, R11, R8, RZ, 0x3c, !PT ;                /* 0x000000080b0a7212 */
                                                                                         /* 0x001fca00078e3cff */
        /*0200*/                   IADD R11, R11, R10 ;                                  /* 0x0000000a0b0b7235 */
                                                                                         /* 0x000fca00078e0000 */
        /*0210*/                   STS [R6], R11 ;                                       /* 0x0000000b06007388 */
                                                                                         /* 0x000fe80000000800 */
        /*0220*/                   LDS R13, [R6] ;                                       /* 0x00000000060d7984 */
                                                                                         /* 0x000e240000000800 */
        /*0230*/                   LOP3.LUT R10, R13, R8, RZ, 0x3c, !PT ;                /* 0x000000080d0a7212 */
                                                                                         /* 0x001fca00078e3cff */
        /*0240*/                   IADD R13, R13, R10 ;                                  /* 0x0000000a0d0d7235 */
                                                                                         /* 0x000fca00078e0000 */
        /*0250*/                   STS [R6], R13 ;                                       /* 0x0000000d06007388 */
                                                                                         /* 0x000fe80000000800 */
        /*0260*/                   LDS R9, [R6] ;                                        /* 0x0000000006097984 */
                                                                                         /* 0x000e240000000800 */
        /*0270*/                   LOP3.LUT R10, R9, R8, RZ, 0x3c, !PT ;                 /* 0x00000008090a7212 */
                                                                                         /* 0x001fca00078e3cff */
        /*0280*/                   IADD R9, R9, R10 ;                                    /* 0x0000000a09097235 */
                                                                                         /* 0x000fca00078e0000 */
        /*0290*/                   STS [R6], R9 ;                                        /* 0x0000000906007388 */
                                                                                         /* 0x000fe80000000800 */
        /*02a0*/                   LDS R7, [R6] ;                                        /* 0x0000000006077984 */
                                                                                         /* 0x000e240000000800 */
        /*02b0*/                   LOP3.LUT R10, R7, R8, RZ, 0x3c, !PT ;                 /* 0x00000008070a7212 */
                                                                                         /* 0x001fca00078e3cff */
        /*02c0*/                   IADD R7, R7, R10 ;                                    /* 0x0000000a07077235 */
                                                                                         /* 0x000fca00078e0000 */
        /*02d0*/                   STS [R6], R7 ;                                        /* 0x0000000706007388 */
                                                                                         /* 0x000fe80000000800 */
        /*02e0*/                   LDS R11, [R6] ;                                       /* 0x00000000060b7984 */
                                                                                         /* 0x000e240000000800 */
        /*02f0*/                   LOP3.LUT R10, R11, R8, RZ, 0x3c, !PT ;                /* 0x000000080b0a7212 */
                                                                                         /* 0x001fca00078e3cff */
        /*0300*/                   IADD R11, R11, R10 ;                                  /* 0x0000000a0b0b7235 */
                                                                                         /* 0x000fca00078e0000 */
        /*0310*/                   STS [R6], R11 ;                                       /* 0x0000000b06007388 */
                                                                                         /* 0x0001e80000000800 */
        /*0320*/                   LDS R13, [R6] ;                                       /* 0x00000000060d7984 */
                                                                                         /* 0x000e620000000800 */
        /*0330*/                   MOV R11, 0x19660d ;                                   /* 0x0019660d000b7802 */
                                                                                         /* 0x001fca0000000f00 */
        /*0340*/                   IMAD R11, R0, R11, 0x3c6ef35f ;                       /* 0x3c6ef35f000b7424 */
                                                                                         /* 0x000fe200078e020b */
        /*0350*/                   LOP3.LUT R10, R13, R8, RZ, 0x3c, !PT ;                /* 0x000000080d0a7212 */
                                                                                         /* 0x002fca00078e3cff */
        /*0360*/                   IADD R13, R13, R10 ;                                  /* 0x0000000a0d0d7235 */
                                                                                         /* 0x000fca00078e0000 */
        /*0370*/                   STS [R6], R13 ;                                       /* 0x0000000d06007388 */
                                                                                         /* 0x000fe80000000800 */
        /*0380*/                   LDS R9, [R6] ;                                        /* 0x0000000006097984 */
                                                                                         /* 0x000e240000000800 */
        /*0390*/                   LOP3.LUT R10, R9, R8, RZ, 0x3c, !PT ;                 /* 0x00000008090a7212 */
                                                                                         /* 0x001fe200078e3cff */
        /*03a0*/                   FFMA R8, R8, R15, 0.0009765625 ;                      /* 0x3a80000008087423 */
                                                                                         /* 0x000fc8000000000f */
        /*03b0*/                   IADD R9, R9, R10 ;                                    /* 0x0000000a09097235 */
                                                                                         /* 0x000fe200078e0000 */
        /*03c0*/                   FFMA R8, R8, R15, 0.0009765625 ;                      /* 0x3a80000008087423 */
                                                                                         /* 0x000fc8000000000f */
        /*03d0*/                   STS [R6], R9 ;                                        /* 0x0000000906007388 */
                                                                                         /* 0x0001e20000000800 */
        /*03e0*/                   FFMA R8, R8, R15, 0.0009765625 ;                      /* 0x3a80000008087423 */
                                                                                         /* 0x000fc6000000000f */
        /*03f0*/                   LDS R7, [R6] ;                                        /* 0x0000000006077984 */
                                                                                         /* 0x0004e20000000800 */
        /*0400*/                   FFMA R8, R8, R15, 0.0009765625 ;                      /* 0x3a80000008087423 */
                                                                                         /* 0x000fc8000000000f */
        /*0410*/                   FFMA R8, R8, R15, 0.0009765625 ;                      /* 0x3a80000008087423 */
                                                                                         /* 0x000fc8000000000f */
        /*0420*/                   FFMA R8, R8, R15, 0.0009765625 ;                      /* 0x3a80000008087423 */
                                                                                         /* 0x000fc8000000000f */
        /*0430*/                   FFMA R8, R8, R15, 0.0009765625 ;                      /* 0x3a80000008087423 */
                                                                                         /* 0x000fc8000000000f */
        /*0440*/                   FFMA R8, R8, R15, 0.0009765625 ;                      /* 0x3a80000008087423 */
                                                                                         /* 0x000fca000000000f */
        /*0450*/                   LOP3.LUT R0, R11, R8, RZ, 0x3c, !PT ;                 /* 0x000000080b007212 */
                                                                                         /* 0x000fe200078e3cff */
        /*0460*/              @!P0 BRA 0x160 ;                                           /* 0xfffffffc003c8947 */
                                                                                         /* 0x000fec000383ffff */
        /*0470*/                   BSYNC.RECONVERGENT B1 ;                               /* 0x0000000000017941 */
                                                                                         /* 0x000fea0003800200 */
        /*0480*/                   MUFU.EX2 R8, -R8 ;                                    /* 0x8000000800087308 */
                                                                                         /* 0x000e640000000800 */
        /*0490*/                   MUFU.EX2 R2, -R8 ;                                    /* 0x8000000800027308 */
                                                                                         /* 0x002e640000000800 */
        /*04a0*/                   MUFU.EX2 R2, -R2 ;                                    /* 0x8000000200027308 */
                                                                                         /* 0x002e640000000800 */
        /*04b0*/                   MUFU.EX2 R3, -R2 ;                                    /* 0x8000000200037308 */
                                                                                         /* 0x002e640000000800 */
        /*04c0*/                   MUFU.EX2 R3, -R3 ;                                    /* 0x8000000300037308 */
                                                                                         /* 0x002e640000000800 */
        /*04d0*/                   MUFU.EX2 R5, -R3 ;                                    /* 0x8000000300057308 */
                                                                                         /* 0x002e640000000800 */
        /*04e0*/                   MUFU.EX2 R5, -R5 ;                                    /* 0x8000000500057308 */
                                                                                         /* 0x002e640000000800 */
        /*04f0*/                   MUFU.EX2 R11, -R5 ;                                   /* 0x80000005000b7308 */
                                                                                         /* 0x0023240000000800 */
        /*0500*/                   BSYNC.RECONVERGENT B0 ;                               /* 0x0000000000007941 */
                                                                                         /* 0x004fea0003800200 */
        /*0510*/                   LDC.64 R8, c[0x0][0x388] ;                            /* 0x0000e200ff087b82 */
                                                                                         /* 0x001e220000000a00 */
        /*0520*/                   IMAD R3, R4, 0x3, RZ ;                                /* 0x0000000304037824 */
                                                                                         /* 0x000fca00078e02ff */
        /*0530*/                   IADD R5, R3.reuse, 0x1 ;                              /* 0x0000000103057835 */
                                                                                         /* 0x042fe200078e0000 */
        /*0540*/                   IADD R13, R3.reuse, 0x2 ;                             /* 0x00000002030d7835 */
                                                                                         /* 0x040fe200078e0000 */
        /*0550*/                   IMAD.WIDE.U32 R2, R3, 0x4, R8 ;                       /* 0x0000000403027825 */
                                                                                         /* 0x001fc800078e0008 */
        /*0560*/                   IMAD.WIDE.U32 R4, R5, 0x4, R8.reuse ;                 /* 0x0000000405047825 */
                                                                                         /* 0x100fe200078e0008 */
        /*0570*/                   STG.E desc[UR6][R2.64], R0 ;                          /* 0x0000000002007986 */
                                                                                         /* 0x000fe6000c101906 */
        /*0580*/                   IMAD.WIDE.U32 R8, R13, 0x4, R8 ;                      /* 0x000000040d087825 */
                                                                                         /* 0x000fe200078e0008 */
        /*0590*/                   STG.E desc[UR6][R4.64], R7 ;                          /* 0x0000000704007986 */
                                                                                         /* 0x008fe8000c101906 */
        /*05a0*/                   STG.E desc[UR6][R8.64], R11 ;                         /* 0x0000000b08007986 */
                                                                                         /* 0x010fe2000c101906 */
        /*05b0*/                   EXIT ;                                                /* 0x000000000000794d */
                                                                                         /* 0x000fea0003800000 */
        /*05c0*/                   BRA 0x5c0;                                            /* 0xfffffffc00fc7947 */
                                                                                         /* 0x000fc0000383ffff */
        /*05d0*/                   NOP;                                                  /* 0x0000000000007918 */
                                                                                         /* 0x000fc00000000000 */
        /*05e0*/                   NOP;                                                  /* 0x0000000000007918 */
                                                                                         /* 0x000fc00000000000 */
        /*05f0*/                   NOP;                                                  /* 0x0000000000007918 */
                                                                                         /* 0x000fc00000000000 */
        /*0600*/                   NOP;                                                  /* 0x0000000000007918 */
                                                                                         /* 0x000fc00000000000 */
        /*0610*/                   NOP;                                                  /* 0x0000000000007918 */
                                                                                         /* 0x000fc00000000000 */
        /*0620*/                   NOP;                                                  /* 0x0000000000007918 */
                                                                                         /* 0x000fc00000000000 */
        /*0630*/                   NOP;                                                  /* 0x0000000000007918 */
                                                                                         /* 0x000fc00000000000 */
        /*0640*/                   NOP;                                                  /* 0x0000000000007918 */
                                                                                         /* 0x000fc00000000000 */
        /*0650*/                   NOP;                                                  /* 0x0000000000007918 */
                                                                                         /* 0x000fc00000000000 */
        /*0660*/                   NOP;                                                  /* 0x0000000000007918 */
                                                                                         /* 0x000fc00000000000 */
        /*0670*/                   NOP;                                                  /* 0x0000000000007918 */
                                                                                         /* 0x000fc00000000000 */
		..........


		Function : _Z14energy_fixtureILi1ELi0ELi0ELi64EEvPKjPjj
	.headerflags	@"EF_CUDA_SM120 EF_CUDA_VIRTUAL_SM(EF_CUDA_SM120)"
        /*0000*/                   LDC R1, c[0x0][0x37c] ;                               /* 0x0000df00ff017b82 */
                                                                                         /* 0x000fe20000000800 */
        /*0010*/                   S2R R0, SR_TID.X ;                                    /* 0x0000000000007919 */
                                                                                         /* 0x000e2e0000002100 */
        /*0020*/                   S2UR UR4, SR_CTAID.X ;                                /* 0x00000000000479c3 */
                                                                                         /* 0x000e220000002500 */
        /*0030*/                   LDCU UR8, c[0x0][0x390] ;                             /* 0x00007200ff0877ac */
                                                                                         /* 0x000e620008000800 */
        /*0040*/                   BSSY.RECONVERGENT B0, 0x1230 ;                        /* 0x000011e000007945 */
                                                                                         /* 0x000fe20003800200 */
        /*0050*/                   HFMA2 R11, -RZ, RZ, 0, 0 ;                            /* 0x00000000ff0b7431 */
                                                                                         /* 0x000fe200000001ff */
        /*0060*/                   LDCU.64 UR6, c[0x0][0x358] ;                          /* 0x00006b00ff0677ac */
                                                                                         /* 0x000ea80008000a00 */
        /*0070*/                   LDC R13, c[0x0][0x360] ;                              /* 0x0000d800ff0d7b82 */
                                                                                         /* 0x000e300000000800 */
        /*0080*/                   LDC.64 R6, c[0x0][0x388] ;                            /* 0x0000e200ff067b82 */
                                                                                         /* 0x000ee20000000a00 */
        /*0090*/                   IMAD R13, R13, UR4, R0 ;                              /* 0x000000040d0d7c24 */
                                                                                         /* 0x001fc8000f8e0200 */
        /*00a0*/                   IMAD R3, R13.reuse, 0x3, RZ ;                         /* 0x000000030d037824 */
                                                                                         /* 0x040fe200078e02ff */
        /*00b0*/                   ISETP.GE.U32.AND P0, PT, R13, UR8, PT ;               /* 0x000000080d007c0c */
                                                                                         /* 0x002fe2000bf06070 */
        /*00c0*/                   MOV R17, R13 ;                                        /* 0x0000000d00117202 */
                                                                                         /* 0x000fc60000000f00 */
        /*00d0*/                   IADD R5, R3.reuse, 0x1 ;                              /* 0x0000000103057835 */
                                                                                         /* 0x040fe200078e0000 */
        /*00e0*/                   IADD R9, R3.reuse, 0x2 ;                              /* 0x0000000203097835 */
                                                                                         /* 0x040fe200078e0000 */
        /*00f0*/                   IMAD.WIDE.U32 R2, R3, 0x4, R6 ;                       /* 0x0000000403027825 */
                                                                                         /* 0x008fc800078e0006 */
        /*0100*/                   IMAD.WIDE.U32 R4, R5, 0x4, R6 ;                       /* 0x0000000405047825 */
                                                                                         /* 0x000fc800078e0006 */
        /*0110*/                   IMAD.WIDE.U32 R6, R9, 0x4, R6 ;                       /* 0x0000000409067825 */
                                                                                         /* 0x000fe200078e0006 */
        /*0120*/               @P0 BRA 0x1220 ;                                          /* 0x00000010003c0947 */
                                                                                         /* 0x000fec0003800000 */
        /*0130*/                   S2UR UR5, SR_CgaCtaId ;                               /* 0x00000000000579c3 */
                                                                                         /* 0x000e220000008800 */
        /*0140*/                   UMOV UR4, 0x400 ;                                     /* 0x0000040000047882 */
                                                                                         /* 0x000fe20000000000 */
        /*0150*/                   MOV R17, R13 ;                                        /* 0x0000000d00117202 */
                                                                                         /* 0x000fe20000000f00 */
        /*0160*/                   MOV R11, RZ ;                                         /* 0x000000ff000b7202 */
                                                                                         /* 0x000fca0000000f00 */
        /*0170*/                   LDC.64 R8, c[0x0][0x380] ;                            /* 0x0000e000ff087b82 */
                                                                                         /* 0x000e620000000a00 */
        /*0180*/                   ULEA UR4, UR5, UR4, 0x18 ;                            /* 0x0000000405047291 */
                                                                                         /* 0x001fcc000f8ec0ff */
        /*0190*/                   LEA R0, R0, UR4, 0x2 ;                                /* 0x0000000400007c11 */
                                                                                         /* 0x004fce000f8e10ff */
        /*01a0*/                   IMAD.WIDE.U32 R14, R13, 0x4, R8 ;                     /* 0x000000040d0e7825 */
                                                                                         /* 0x003fca00078e0008 */
        /*01b0*/                   LDG.E.STRONG.GPU R10, desc[UR6][R14.64] ;             /* 0x000000060e0a7981 */
                                                                                         /* 0x000ea2000c1ef900 */
        /*01c0*/                   IADD R13, R13, 0xbc00 ;                               /* 0x0000bc000d0d7835 */
                                                                                         /* 0x000fca00078e0000 */
        /*01d0*/                   ISETP.GE.U32.AND P0, PT, R13, UR8, PT ;               /* 0x000000080d007c0c */
                                                                                         /* 0x000fe2000bf06070 */
        /*01e0*/                   LOP3.LUT R12, R17, R10, RZ, 0x3c, !PT ;               /* 0x0000000a110c7212 */
                                                                                         /* 0x014fca00078e3cff */
        /*01f0*/                   IADD R17, R12, R17 ;                                  /* 0x000000110c117235 */
                                                                                         /* 0x000fca00078e0000 */
        /*0200*/                   STS [R0], R17 ;                                       /* 0x0000001100007388 */
                                                                                         /* 0x000fe80000000800 */
        /*0210*/                   LDS R19, [R0] ;                                       /* 0x0000000000137984 */
                                                                                         /* 0x000e240000000800 */
        /*0220*/                   LOP3.LUT R12, R19, R10, RZ, 0x3c, !PT ;               /* 0x0000000a130c7212 */
                                                                                         /* 0x001fca00078e3cff */
        /*0230*/                   IADD R19, R19, R12 ;                                  /* 0x0000000c13137235 */
                                                                                         /* 0x000fca00078e0000 */
        /*0240*/                   STS [R0], R19 ;                                       /* 0x0000001300007388 */
                                                                                         /* 0x000fe80000000800 */
        /*0250*/                   LDS R21, [R0] ;                                       /* 0x0000000000157984 */
                                                                                         /* 0x000e240000000800 */
        /*0260*/                   LOP3.LUT R12, R21, R10, RZ, 0x3c, !PT ;               /* 0x0000000a150c7212 */
                                                                                         /* 0x001fca00078e3cff */
        /*0270*/                   IADD R21, R21, R12 ;                                  /* 0x0000000c15157235 */
                                                                                         /* 0x000fca00078e0000 */
        /*0280*/                   STS [R0], R21 ;                                       /* 0x0000001500007388 */
                                                                                         /* 0x000fe80000000800 */
        /*0290*/                   LDS R15, [R0] ;                                       /* 0x00000000000f7984 */
                                                                                         /* 0x000e240000000800 */
        /*02a0*/                   LOP3.LUT R12, R15, R10, RZ, 0x3c, !PT ;               /* 0x0000000a0f0c7212 */
                                                                                         /* 0x001fca00078e3cff */
        /*02b0*/                   IADD R15, R15, R12 ;                                  /* 0x0000000c0f0f7235 */
                                                                                         /* 0x000fca00078e0000 */
        /*02c0*/                   STS [R0], R15 ;                                       /* 0x0000000f00007388 */
                                                                                         /* 0x000fe80000000800 */
        /*02d0*/                   LDS R17, [R0] ;                                       /* 0x0000000000117984 */
                                                                                         /* 0x000e240000000800 */
        /*02e0*/                   LOP3.LUT R12, R17, R10, RZ, 0x3c, !PT ;               /* 0x0000000a110c7212 */
                                                                                         /* 0x001fca00078e3cff */
        /*02f0*/                   IADD R17, R17, R12 ;                                  /* 0x0000000c11117235 */
                                                                                         /* 0x000fca00078e0000 */
        /*0300*/                   STS [R0], R17 ;                                       /* 0x0000001100007388 */
                                                                                         /* 0x000fe80000000800 */
        /*0310*/                   LDS R19, [R0] ;                                       /* 0x0000000000137984 */
                                                                                         /* 0x000e240000000800 */
        /*0320*/                   LOP3.LUT R12, R19, R10, RZ, 0x3c, !PT ;               /* 0x0000000a130c7212 */
                                                                                         /* 0x001fca00078e3cff */
        /*0330*/                   IADD R19, R19, R12 ;                                  /* 0x0000000c13137235 */
                                                                                         /* 0x000fca00078e0000 */
        /*0340*/                   STS [R0], R19 ;                                       /* 0x0000001300007388 */
                                                                                         /* 0x000fe80000000800 */
        /*0350*/                   LDS R21, [R0] ;                                       /* 0x0000000000157984 */
                                                                                         /* 0x000e240000000800 */
        /*0360*/                   LOP3.LUT R12, R21, R10, RZ, 0x3c, !PT ;               /* 0x0000000a150c7212 */
                                                                                         /* 0x001fca00078e3cff */
        /*0370*/                   IADD R21, R21, R12 ;                                  /* 0x0000000c15157235 */
                                                                                         /* 0x000fca00078e0000 */
        /*0380*/                   STS [R0], R21 ;                                       /* 0x0000001500007388 */
                                                                                         /* 0x000fe80000000800 */
        /*0390*/                   LDS R15, [R0] ;                                       /* 0x00000000000f7984 */
                                                                                         /* 0x000e240000000800 */
        /*03a0*/                   LOP3.LUT R12, R15, R10, RZ, 0x3c, !PT ;               /* 0x0000000a0f0c7212 */
                                                                                         /* 0x001fca00078e3cff */
        /*03b0*/                   IADD R15, R15, R12 ;                                  /* 0x0000000c0f0f7235 */
                                                                                         /* 0x000fca00078e0000 */
        /*03c0*/                   STS [R0], R15 ;                                       /* 0x0000000f00007388 */
                                                                                         /* 0x000fe80000000800 */
        /*03d0*/                   LDS R17, [R0] ;                                       /* 0x0000000000117984 */
                                                                                         /* 0x000e240000000800 */
        /*03e0*/                   LOP3.LUT R12, R17, R10, RZ, 0x3c, !PT ;               /* 0x0000000a110c7212 */
                                                                                         /* 0x001fca00078e3cff */
        /*03f0*/                   IADD R17, R17, R12 ;                                  /* 0x0000000c11117235 */
                                                                                         /* 0x000fca00078e0000 */
        /*0400*/                   STS [R0], R17 ;                                       /* 0x0000001100007388 */
                                                                                         /* 0x000fe80000000800 */
        /*0410*/                   LDS R19, [R0] ;                                       /* 0x0000000000137984 */
                                                                                         /* 0x000e240000000800 */
        /*0420*/                   LOP3.LUT R12, R19, R10, RZ, 0x3c, !PT ;               /* 0x0000000a130c7212 */
                                                                                         /* 0x001fca00078e3cff */
        /*0430*/                   IADD R19, R19, R12 ;                                  /* 0x0000000c13137235 */
                                                                                         /* 0x000fca00078e0000 */
        /*0440*/                   STS [R0], R19 ;                                       /* 0x0000001300007388 */
                                                                                         /* 0x000fe80000000800 */
        /*0450*/                   LDS R21, [R0] ;                                       /* 0x0000000000157984 */
                                                                                         /* 0x000e240000000800 */
        /*0460*/                   LOP3.LUT R12, R21, R10, RZ, 0x3c, !PT ;               /* 0x0000000a150c7212 */
                                                                                         /* 0x001fca00078e3cff */
        /*0470*/                   IADD R21, R21, R12 ;                                  /* 0x0000000c15157235 */
                                                                                         /* 0x000fca00078e0000 */
        /*0480*/                   STS [R0], R21 ;                                       /* 0x0000001500007388 */
                                                                                         /* 0x000fe80000000800 */
        /*0490*/                   LDS R15, [R0] ;                                       /* 0x00000000000f7984 */
                                                                                         /* 0x000e240000000800 */
        /*04a0*/                   LOP3.LUT R12, R15, R10, RZ, 0x3c, !PT ;               /* 0x0000000a0f0c7212 */
                                                                                         /* 0x001fca00078e3cff */
        /*04b0*/                   IADD R15, R15, R12 ;                                  /* 0x0000000c0f0f7235 */
                                                                                         /* 0x000fca00078e0000 */
        /*04c0*/                   STS [R0], R15 ;                                       /* 0x0000000f00007388 */
                                                                                         /* 0x000fe80000000800 */
        /*04d0*/                   LDS R17, [R0] ;                                       /* 0x0000000000117984 */
                                                                                         /* 0x000e240000000800 */
        /*04e0*/                   LOP3.LUT R12, R17, R10, RZ, 0x3c, !PT ;               /* 0x0000000a110c7212 */
                                                                                         /* 0x001fca00078e3cff */
        /*04f0*/                   IADD R17, R17, R12 ;                                  /* 0x0000000c11117235 */
                                                                                         /* 0x000fca00078e0000 */
        /*0500*/                   STS [R0], R17 ;                                       /* 0x0000001100007388 */
                                                                                         /* 0x000fe80000000800 */
        /*0510*/                   LDS R19, [R0] ;                                       /* 0x0000000000137984 */
                                                                                         /* 0x000e240000000800 */
        /*0520*/                   LOP3.LUT R12, R19, R10, RZ, 0x3c, !PT ;               /* 0x0000000a130c7212 */
                                                                                         /* 0x001fca00078e3cff */
        /*0530*/                   IADD R19, R19, R12 ;                                  /* 0x0000000c13137235 */
                                                                                         /* 0x000fca00078e0000 */
        /*0540*/                   STS [R0], R19 ;                                       /* 0x0000001300007388 */
                                                                                         /* 0x000fe80000000800 */
        /*0550*/                   LDS R21, [R0] ;                                       /* 0x0000000000157984 */
                                                                                         /* 0x000e240000000800 */
        /*0560*/                   LOP3.LUT R12, R21, R10, RZ, 0x3c, !PT ;               /* 0x0000000a150c7212 */
                                                                                         /* 0x001fca00078e3cff */
        /*0570*/                   IADD R21, R21, R12 ;                                  /* 0x0000000c15157235 */
                                                                                         /* 0x000fca00078e0000 */
        /*0580*/                   STS [R0], R21 ;                                       /* 0x0000001500007388 */
                                                                                         /* 0x000fe80000000800 */
        /*0590*/                   LDS R15, [R0] ;                                       /* 0x00000000000f7984 */
                                                                                         /* 0x000e240000000800 */
        /*05a0*/                   LOP3.LUT R12, R15, R10, RZ, 0x3c, !PT ;               /* 0x0000000a0f0c7212 */
                                                                                         /* 0x001fca00078e3cff */
        /*05b0*/                   IADD R15, R15, R12 ;                                  /* 0x0000000c0f0f7235 */
                                                                                         /* 0x000fca00078e0000 */
        /*05c0*/                   STS [R0], R15 ;                                       /* 0x0000000f00007388 */
                                                                                         /* 0x000fe80000000800 */
        /*05d0*/                   LDS R17, [R0] ;                                       /* 0x0000000000117984 */
                                                                                         /* 0x000e240000000800 */
        /*05e0*/                   LOP3.LUT R12, R17, R10, RZ, 0x3c, !PT ;               /* 0x0000000a110c7212 */
                                                                                         /* 0x001fca00078e3cff */
        /*05f0*/                   IADD R17, R17, R12 ;                                  /* 0x0000000c11117235 */
                                                                                         /* 0x000fca00078e0000 */
        /*0600*/                   STS [R0], R17 ;                                       /* 0x0000001100007388 */
                                                                                         /* 0x000fe80000000800 */
        /*0610*/                   LDS R19, [R0] ;                                       /* 0x0000000000137984 */
                                                                                         /* 0x000e240000000800 */
        /*0620*/                   LOP3.LUT R12, R19, R10, RZ, 0x3c, !PT ;               /* 0x0000000a130c7212 */
                                                                                         /* 0x001fca00078e3cff */
        /*0630*/                   IADD R19, R19, R12 ;                                  /* 0x0000000c13137235 */
                                                                                         /* 0x000fca00078e0000 */
        /*0640*/                   STS [R0], R19 ;                                       /* 0x0000001300007388 */
                                                                                         /* 0x000fe80000000800 */
        /*0650*/                   LDS R21, [R0] ;                                       /* 0x0000000000157984 */
                                                                                         /* 0x000e240000000800 */
        /*0660*/                   LOP3.LUT R12, R21, R10, RZ, 0x3c, !PT ;               /* 0x0000000a150c7212 */
                                                                                         /* 0x001fca00078e3cff */
        /*0670*/                   IADD R21, R21, R12 ;                                  /* 0x0000000c15157235 */
                                                                                         /* 0x000fca00078e0000 */
        /*0680*/                   STS [R0], R21 ;                                       /* 0x0000001500007388 */
                                                                                         /* 0x000fe80000000800 */
        /*0690*/                   LDS R15, [R0] ;                                       /* 0x00000000000f7984 */
                                                                                         /* 0x000e240000000800 */
        /*06a0*/                   LOP3.LUT R12, R15, R10, RZ, 0x3c, !PT ;               /* 0x0000000a0f0c7212 */
                                                                                         /* 0x001fca00078e3cff */
        /*06b0*/                   IADD R15, R15, R12 ;                                  /* 0x0000000c0f0f7235 */
                                                                                         /* 0x000fca00078e0000 */
        /*06c0*/                   STS [R0], R15 ;                                       /* 0x0000000f00007388 */
                                                                                         /* 0x000fe80000000800 */
        /*06d0*/                   LDS R17, [R0] ;                                       /* 0x0000000000117984 */
                                                                                         /* 0x000e240000000800 */
        /*06e0*/                   LOP3.LUT R12, R17, R10, RZ, 0x3c, !PT ;               /* 0x0000000a110c7212 */
                                                                                         /* 0x001fca00078e3cff */
        /*06f0*/                   IADD R17, R17, R12 ;                                  /* 0x0000000c11117235 */
                                                                                         /* 0x000fca00078e0000 */
        /*0700*/                   STS [R0], R17 ;                                       /* 0x0000001100007388 */
                                                                                         /* 0x000fe80000000800 */
        /*0710*/                   LDS R19, [R0] ;                                       /* 0x0000000000137984 */
                                                                                         /* 0x000e240000000800 */
        /*0720*/                   LOP3.LUT R12, R19, R10, RZ, 0x3c, !PT ;               /* 0x0000000a130c7212 */
                                                                                         /* 0x001fca00078e3cff */
        /*0730*/                   IADD R19, R19, R12 ;                                  /* 0x0000000c13137235 */
                                                                                         /* 0x000fca00078e0000 */
        /*0740*/                   STS [R0], R19 ;                                       /* 0x0000001300007388 */
                                                                                         /* 0x000fe80000000800 */
        /*0750*/                   LDS R21, [R0] ;                                       /* 0x0000000000157984 */
                                                                                         /* 0x000e240000000800 */
        /*0760*/                   LOP3.LUT R12, R21, R10, RZ, 0x3c, !PT ;               /* 0x0000000a150c7212 */
                                                                                         /* 0x001fca00078e3cff */
        /*0770*/                   IADD R21, R21, R12 ;                                  /* 0x0000000c15157235 */
                                                                                         /* 0x000fca00078e0000 */
        /*0780*/                   STS [R0], R21 ;                                       /* 0x0000001500007388 */
                                                                                         /* 0x000fe80000000800 */
        /*0790*/                   LDS R15, [R0] ;                                       /* 0x00000000000f7984 */
                                                                                         /* 0x000e240000000800 */
        /*07a0*/                   LOP3.LUT R12, R15, R10, RZ, 0x3c, !PT ;               /* 0x0000000a0f0c7212 */
                                                                                         /* 0x001fca00078e3cff */
        /*07b0*/                   IADD R15, R15, R12 ;                                  /* 0x0000000c0f0f7235 */
                                                                                         /* 0x000fca00078e0000 */
        /*07c0*/                   STS [R0], R15 ;                                       /* 0x0000000f00007388 */
                                                                                         /* 0x000fe80000000800 */
        /*07d0*/                   LDS R17, [R0] ;                                       /* 0x0000000000117984 */
                                                                                         /* 0x000e240000000800 */
        /*07e0*/                   LOP3.LUT R12, R17, R10, RZ, 0x3c, !PT ;               /* 0x0000000a110c7212 */
                                                                                         /* 0x001fca00078e3cff */
        /*07f0*/                   IADD R17, R17, R12 ;                                  /* 0x0000000c11117235 */
                                                                                         /* 0x000fca00078e0000 */
        /*0800*/                   STS [R0], R17 ;                                       /* 0x0000001100007388 */
                                                                                         /* 0x000fe80000000800 */
        /*0810*/                   LDS R19, [R0] ;                                       /* 0x0000000000137984 */
                                                                                         /* 0x000e240000000800 */
        /*0820*/                   LOP3.LUT R12, R19, R10, RZ, 0x3c, !PT ;               /* 0x0000000a130c7212 */
                                                                                         /* 0x001fca00078e3cff */
        /*0830*/                   IADD R19, R19, R12 ;                                  /* 0x0000000c13137235 */
                                                                                         /* 0x000fca00078e0000 */
        /*0840*/                   STS [R0], R19 ;                                       /* 0x0000001300007388 */
                                                                                         /* 0x000fe80000000800 */
        /*0850*/                   LDS R21, [R0] ;                                       /* 0x0000000000157984 */
                                                                                         /* 0x000e240000000800 */
        /*0860*/                   LOP3.LUT R12, R21, R10, RZ, 0x3c, !PT ;               /* 0x0000000a150c7212 */
                                                                                         /* 0x001fca00078e3cff */
        /*0870*/                   IADD R21, R21, R12 ;                                  /* 0x0000000c15157235 */
                                                                                         /* 0x000fca00078e0000 */
        /*0880*/                   STS [R0], R21 ;                                       /* 0x0000001500007388 */
                                                                                         /* 0x000fe80000000800 */
        /*0890*/                   LDS R15, [R0] ;                                       /* 0x00000000000f7984 */
                                                                                         /* 0x000e240000000800 */
        /*08a0*/                   LOP3.LUT R12, R15, R10, RZ, 0x3c, !PT ;               /* 0x0000000a0f0c7212 */
                                                                                         /* 0x001fca00078e3cff */
        /*08b0*/                   IADD R15, R15, R12 ;                                  /* 0x0000000c0f0f7235 */
                                                                                         /* 0x000fca00078e0000 */
        /*08c0*/                   STS [R0], R15 ;                                       /* 0x0000000f00007388 */
                                                                                         /* 0x000fe80000000800 */
        /*08d0*/                   LDS R17, [R0] ;                                       /* 0x0000000000117984 */
                                                                                         /* 0x000e240000000800 */
        /*08e0*/                   LOP3.LUT R12, R17, R10, RZ, 0x3c, !PT ;               /* 0x0000000a110c7212 */
                                                                                         /* 0x001fca00078e3cff */
        /*08f0*/                   IADD R17, R17, R12 ;                                  /* 0x0000000c11117235 */
                                                                                         /* 0x000fca00078e0000 */
        /*0900*/                   STS [R0], R17 ;                                       /* 0x0000001100007388 */
                                                                                         /* 0x000fe80000000800 */
        /*0910*/                   LDS R19, [R0] ;                                       /* 0x0000000000137984 */
                                                                                         /* 0x000e240000000800 */
        /*0920*/                   LOP3.LUT R12, R19, R10, RZ, 0x3c, !PT ;               /* 0x0000000a130c7212 */
                                                                                         /* 0x001fca00078e3cff */
        /*0930*/                   IADD R19, R19, R12 ;                                  /* 0x0000000c13137235 */
                                                                                         /* 0x000fca00078e0000 */
        /*0940*/                   STS [R0], R19 ;                                       /* 0x0000001300007388 */
                                                                                         /* 0x000fe80000000800 */
        /*0950*/                   LDS R21, [R0] ;                                       /* 0x0000000000157984 */
                                                                                         /* 0x000e240000000800 */
        /*0960*/                   LOP3.LUT R12, R21, R10, RZ, 0x3c, !PT ;               /* 0x0000000a150c7212 */
                                                                                         /* 0x001fca00078e3cff */
        /*0970*/                   IADD R21, R21, R12 ;                                  /* 0x0000000c15157235 */
                                                                                         /* 0x000fca00078e0000 */
        /*0980*/                   STS [R0], R21 ;                                       /* 0x0000001500007388 */
                                                                                         /* 0x000fe80000000800 */
        /*0990*/                   LDS R15, [R0] ;                                       /* 0x00000000000f7984 */
                                                                                         /* 0x000e240000000800 */
        /*09a0*/                   LOP3.LUT R12, R15, R10, RZ, 0x3c, !PT ;               /* 0x0000000a0f0c7212 */
                                                                                         /* 0x001fca00078e3cff */
        /*09b0*/                   IADD R15, R15, R12 ;                                  /* 0x0000000c0f0f7235 */
                                                                                         /* 0x000fca00078e0000 */
        /*09c0*/                   STS [R0], R15 ;                                       /* 0x0000000f00007388 */
                                                                                         /* 0x000fe80000000800 */
        /*09d0*/                   LDS R17, [R0] ;                                       /* 0x0000000000117984 */
                                                                                         /* 0x000e240000000800 */
        /*09e0*/                   LOP3.LUT R12, R17, R10, RZ, 0x3c, !PT ;               /* 0x0000000a110c7212 */
                                                                                         /* 0x001fca00078e3cff */
        /*09f0*/                   IADD R17, R17, R12 ;                                  /* 0x0000000c11117235 */
                                                                                         /* 0x000fca00078e0000 */
        /*0a00*/                   STS [R0], R17 ;                                       /* 0x0000001100007388 */
                                                                                         /* 0x000fe80000000800 */
        /*0a10*/                   LDS R19, [R0] ;                                       /* 0x0000000000137984 */
                                                                                         /* 0x000e240000000800 */
        /*0a20*/                   LOP3.LUT R12, R19, R10, RZ, 0x3c, !PT ;               /* 0x0000000a130c7212 */
                                                                                         /* 0x001fca00078e3cff */
        /*0a30*/                   IADD R19, R19, R12 ;                                  /* 0x0000000c13137235 */
                                                                                         /* 0x000fca00078e0000 */
        /*0a40*/                   STS [R0], R19 ;                                       /* 0x0000001300007388 */
                                                                                         /* 0x000fe80000000800 */
        /*0a50*/                   LDS R21, [R0] ;                                       /* 0x0000000000157984 */
                                                                                         /* 0x000e240000000800 */
        /*0a60*/                   LOP3.LUT R12, R21, R10, RZ, 0x3c, !PT ;               /* 0x0000000a150c7212 */
                                                                                         /* 0x001fca00078e3cff */
        /*0a70*/                   IADD R21, R21, R12 ;                                  /* 0x0000000c15157235 */
                                                                                         /* 0x000fca00078e0000 */
        /*0a80*/                   STS [R0], R21 ;                                       /* 0x0000001500007388 */
                                                                                         /* 0x000fe80000000800 */
        /*0a90*/                   LDS R15, [R0] ;                                       /* 0x00000000000f7984 */
                                                                                         /* 0x000e240000000800 */
        /*0aa0*/                   LOP3.LUT R12, R15, R10, RZ, 0x3c, !PT ;               /* 0x0000000a0f0c7212 */
                                                                                         /* 0x001fca00078e3cff */
        /*0ab0*/                   IADD R15, R15, R12 ;                                  /* 0x0000000c0f0f7235 */
                                                                                         /* 0x000fca00078e0000 */
        /*0ac0*/                   STS [R0], R15 ;                                       /* 0x0000000f00007388 */
                                                                                         /* 0x000fe80000000800 */
        /*0ad0*/                   LDS R17, [R0] ;                                       /* 0x0000000000117984 */
                                                                                         /* 0x000e240000000800 */
        /*0ae0*/                   LOP3.LUT R12, R17, R10, RZ, 0x3c, !PT ;               /* 0x0000000a110c7212 */
                                                                                         /* 0x001fca00078e3cff */
        /*0af0*/                   IADD R17, R17, R12 ;                                  /* 0x0000000c11117235 */
                                                                                         /* 0x000fca00078e0000 */
        /*0b00*/                   STS [R0], R17 ;                                       /* 0x0000001100007388 */
                                                                                         /* 0x000fe80000000800 */
        /*0b10*/                   LDS R19, [R0] ;                                       /* 0x0000000000137984 */
                                                                                         /* 0x000e240000000800 */
        /*0b20*/                   LOP3.LUT R12, R19, R10, RZ, 0x3c, !PT ;               /* 0x0000000a130c7212 */
                                                                                         /* 0x001fca00078e3cff */
        /*0b30*/                   IADD R19, R19, R12 ;                                  /* 0x0000000c13137235 */
                                                                                         /* 0x000fca00078e0000 */
        /*0b40*/                   STS [R0], R19 ;                                       /* 0x0000001300007388 */
                                                                                         /* 0x000fe80000000800 */
        /*0b50*/                   LDS R21, [R0] ;                                       /* 0x0000000000157984 */
                                                                                         /* 0x000e240000000800 */
        /*0b60*/                   LOP3.LUT R12, R21, R10, RZ, 0x3c, !PT ;               /* 0x0000000a150c7212 */
                                                                                         /* 0x001fca00078e3cff */
        /*0b70*/                   IADD R21, R21, R12 ;                                  /* 0x0000000c15157235 */
                                                                                         /* 0x000fca00078e0000 */
        /*0b80*/                   STS [R0], R21 ;                                       /* 0x0000001500007388 */
                                                                                         /* 0x000fe80000000800 */
        /*0b90*/                   LDS R15, [R0] ;                                       /* 0x00000000000f7984 */
                                                                                         /* 0x000e240000000800 */
        /*0ba0*/                   LOP3.LUT R12, R15, R10, RZ, 0x3c, !PT ;               /* 0x0000000a0f0c7212 */
                                                                                         /* 0x001fca00078e3cff */
        /*0bb0*/                   IADD R15, R15, R12 ;                                  /* 0x0000000c0f0f7235 */
                                                                                         /* 0x000fca00078e0000 */
        /*0bc0*/                   STS [R0], R15 ;                                       /* 0x0000000f00007388 */
                                                                                         /* 0x000fe80000000800 */
        /*0bd0*/                   LDS R17, [R0] ;                                       /* 0x0000000000117984 */
                                                                                         /* 0x000e240000000800 */
        /*0be0*/                   LOP3.LUT R12, R17, R10, RZ, 0x3c, !PT ;               /* 0x0000000a110c7212 */
                                                                                         /* 0x001fca00078e3cff */
        /*0bf0*/                   IADD R17, R17, R12 ;                                  /* 0x0000000c11117235 */
                                                                                         /* 0x000fca00078e0000 */
        /*0c00*/                   STS [R0], R17 ;                                       /* 0x0000001100007388 */
                                                                                         /* 0x000fe80000000800 */
        /*0c10*/                   LDS R19, [R0] ;                                       /* 0x0000000000137984 */
                                                                                         /* 0x000e240000000800 */
        /*0c20*/                   LOP3.LUT R12, R19, R10, RZ, 0x3c, !PT ;               /* 0x0000000a130c7212 */
                                                                                         /* 0x001fca00078e3cff */
        /*0c30*/                   IADD R19, R19, R12 ;                                  /* 0x0000000c13137235 */
                                                                                         /* 0x000fca00078e0000 */
        /*0c40*/                   STS [R0], R19 ;                                       /* 0x0000001300007388 */
                                                                                         /* 0x000fe80000000800 */
        /*0c50*/                   LDS R21, [R0] ;                                       /* 0x0000000000157984 */
                                                                                         /* 0x000e240000000800 */
        /*0c60*/                   LOP3.LUT R12, R21, R10, RZ, 0x3c, !PT ;               /* 0x0000000a150c7212 */
                                                                                         /* 0x001fca00078e3cff */
        /*0c70*/                   IADD R21, R21, R12 ;                                  /* 0x0000000c15157235 */
                                                                                         /* 0x000fca00078e0000 */
        /*0c80*/                   STS [R0], R21 ;                                       /* 0x0000001500007388 */
                                                                                         /* 0x000fe80000000800 */
        /*0c90*/                   LDS R15, [R0] ;                                       /* 0x00000000000f7984 */
                                                                                         /* 0x000e240000000800 */
        /*0ca0*/                   LOP3.LUT R12, R15, R10, RZ, 0x3c, !PT ;               /* 0x0000000a0f0c7212 */
                                                                                         /* 0x001fca00078e3cff */
        /*0cb0*/                   IADD R15, R15, R12 ;                                  /* 0x0000000c0f0f7235 */
                                                                                         /* 0x000fca00078e0000 */
        /*0cc0*/                   STS [R0], R15 ;                                       /* 0x0000000f00007388 */
                                                                                         /* 0x000fe80000000800 */
        /*0cd0*/                   LDS R17, [R0] ;                                       /* 0x0000000000117984 */
                                                                                         /* 0x000e240000000800 */
        /*0ce0*/                   LOP3.LUT R12, R17, R10, RZ, 0x3c, !PT ;               /* 0x0000000a110c7212 */
                                                                                         /* 0x001fca00078e3cff */
        /*0cf0*/                   IADD R17, R17, R12 ;                                  /* 0x0000000c11117235 */
                                                                                         /* 0x000fca00078e0000 */
        /*0d00*/                   STS [R0], R17 ;                                       /* 0x0000001100007388 */
                                                                                         /* 0x000fe80000000800 */
        /*0d10*/                   LDS R19, [R0] ;                                       /* 0x0000000000137984 */
                                                                                         /* 0x000e240000000800 */
        /*0d20*/                   LOP3.LUT R12, R19, R10, RZ, 0x3c, !PT ;               /* 0x0000000a130c7212 */
                                                                                         /* 0x001fca00078e3cff */
        /*0d30*/                   IADD R19, R19, R12 ;                                  /* 0x0000000c13137235 */
                                                                                         /* 0x000fca00078e0000 */
        /*0d40*/                   STS [R0], R19 ;                                       /* 0x0000001300007388 */
                                                                                         /* 0x000fe80000000800 */
        /*0d50*/                   LDS R21, [R0] ;                                       /* 0x0000000000157984 */
                                                                                         /* 0x000e240000000800 */
        /*0d60*/                   LOP3.LUT R12, R21, R10, RZ, 0x3c, !PT ;               /* 0x0000000a150c7212 */
                                                                                         /* 0x001fca00078e3cff */
        /*0d70*/                   IADD R21, R21, R12 ;                                  /* 0x0000000c15157235 */
                                                                                         /* 0x000fca00078e0000 */
        /*0d80*/                   STS [R0], R21 ;                                       /* 0x0000001500007388 */
                                                                                         /* 0x000fe80000000800 */
        /*0d90*/                   LDS R15, [R0] ;                                       /* 0x00000000000f7984 */
                                                                                         /* 0x000e240000000800 */
        /*0da0*/                   LOP3.LUT R12, R15, R10, RZ, 0x3c, !PT ;               /* 0x0000000a0f0c7212 */
                                                                                         /* 0x001fca00078e3cff */
        /*0db0*/                   IADD R15, R15, R12 ;                                  /* 0x0000000c0f0f7235 */
                                                                                         /* 0x000fca00078e0000 */
        /*0dc0*/                   STS [R0], R15 ;                                       /* 0x0000000f00007388 */
                                                                                         /* 0x000fe80000000800 */
        /*0dd0*/                   LDS R17, [R0] ;                                       /* 0x0000000000117984 */
                                                                                         /* 0x000e240000000800 */
        /*0de0*/                   LOP3.LUT R12, R17, R10, RZ, 0x3c, !PT ;               /* 0x0000000a110c7212 */
                                                                                         /* 0x001fca00078e3cff */
        /*0df0*/                   IADD R17, R17, R12 ;                                  /* 0x0000000c11117235 */
                                                                                         /* 0x000fca00078e0000 */
        /*0e00*/                   STS [R0], R17 ;                                       /* 0x0000001100007388 */
                                                                                         /* 0x000fe80000000800 */
        /*0e10*/                   LDS R19, [R0] ;                                       /* 0x0000000000137984 */
                                                                                         /* 0x000e240000000800 */
        /*0e20*/                   LOP3.LUT R12, R19, R10, RZ, 0x3c, !PT ;               /* 0x0000000a130c7212 */
                                                                                         /* 0x001fca00078e3cff */
        /*0e30*/                   IADD R19, R19, R12 ;                                  /* 0x0000000c13137235 */
                                                                                         /* 0x000fca00078e0000 */
        /*0e40*/                   STS [R0], R19 ;                                       /* 0x0000001300007388 */
                                                                                         /* 0x000fe80000000800 */
        /*0e50*/                   LDS R21, [R0] ;                                       /* 0x0000000000157984 */
                                                                                         /* 0x000e240000000800 */
        /*0e60*/                   LOP3.LUT R12, R21, R10, RZ, 0x3c, !PT ;               /* 0x0000000a150c7212 */
                                                                                         /* 0x001fca00078e3cff */
        /*0e70*/                   IADD R21, R21, R12 ;                                  /* 0x0000000c15157235 */
                                                                                         /* 0x000fca00078e0000 */
        /*0e80*/                   STS [R0], R21 ;                                       /* 0x0000001500007388 */
                                                                                         /* 0x000fe80000000800 */
        /*0e90*/                   LDS R15, [R0] ;                                       /* 0x00000000000f7984 */
                                                                                         /* 0x000e240000000800 */
        /*0ea0*/                   LOP3.LUT R12, R15, R10, RZ, 0x3c, !PT ;               /* 0x0000000a0f0c7212 */
                                                                                         /* 0x001fca00078e3cff */
        /*0eb0*/                   IADD R15, R15, R12 ;                                  /* 0x0000000c0f0f7235 */
                                                                                         /* 0x000fca00078e0000 */
        /*0ec0*/                   STS [R0], R15 ;                                       /* 0x0000000f00007388 */
                                                                                         /* 0x000fe80000000800 */
        /*0ed0*/                   LDS R17, [R0] ;                                       /* 0x0000000000117984 */
                                                                                         /* 0x000e240000000800 */
        /*0ee0*/                   LOP3.LUT R12, R17, R10, RZ, 0x3c, !PT ;               /* 0x0000000a110c7212 */
                                                                                         /* 0x001fca00078e3cff */
        /*0ef0*/                   IADD R17, R17, R12 ;                                  /* 0x0000000c11117235 */
                                                                                         /* 0x000fca00078e0000 */
        /*0f00*/                   STS [R0], R17 ;                                       /* 0x0000001100007388 */
                                                                                         /* 0x000fe80000000800 */
        /*0f10*/                   LDS R19, [R0] ;                                       /* 0x0000000000137984 */
                                                                                         /* 0x000e240000000800 */
        /*0f20*/                   LOP3.LUT R12, R19, R10, RZ, 0x3c, !PT ;               /* 0x0000000a130c7212 */
                                                                                         /* 0x001fca00078e3cff */
        /*0f30*/                   IADD R19, R19, R12 ;                                  /* 0x0000000c13137235 */
                                                                                         /* 0x000fca00078e0000 */
        /*0f40*/                   STS [R0], R19 ;                                       /* 0x0000001300007388 */
                                                                                         /* 0x000fe80000000800 */
        /*0f50*/                   LDS R21, [R0] ;                                       /* 0x0000000000157984 */
                                                                                         /* 0x000e240000000800 */
        /*0f60*/                   LOP3.LUT R12, R21, R10, RZ, 0x3c, !PT ;               /* 0x0000000a150c7212 */
                                                                                         /* 0x001fca00078e3cff */
        /*0f70*/                   IADD R21, R21, R12 ;                                  /* 0x0000000c15157235 */
                                                                                         /* 0x000fca00078e0000 */
        /*0f80*/                   STS [R0], R21 ;                                       /* 0x0000001500007388 */
                                                                                         /* 0x000fe80000000800 */
        /*0f90*/                   LDS R15, [R0] ;                                       /* 0x00000000000f7984 */
                                                                                         /* 0x000e240000000800 */
        /*0fa0*/                   LOP3.LUT R12, R15, R10, RZ, 0x3c, !PT ;               /* 0x0000000a0f0c7212 */
                                                                                         /* 0x001fca00078e3cff */
        /*0fb0*/                   IADD R15, R15, R12 ;                                  /* 0x0000000c0f0f7235 */
                                                                                         /* 0x000fca00078e0000 */
        /*0fc0*/                   STS [R0], R15 ;                                       /* 0x0000000f00007388 */
                                                                                         /* 0x000fe80000000800 */
        /*0fd0*/                   LDS R17, [R0] ;                                       /* 0x0000000000117984 */
                                                                                         /* 0x000e240000000800 */
        /*0fe0*/                   LOP3.LUT R12, R17, R10, RZ, 0x3c, !PT ;               /* 0x0000000a110c7212 */
                                                                                         /* 0x001fca00078e3cff */
        /*0ff0*/                   IADD R17, R17, R12 ;                                  /* 0x0000000c11117235 */
                                                                                         /* 0x000fca00078e0000 */
        /*1000*/                   STS [R0], R17 ;                                       /* 0x0000001100007388 */
                                                                                         /* 0x000fe80000000800 */
        /*1010*/                   LDS R19, [R0] ;                                       /* 0x0000000000137984 */
                                                                                         /* 0x000e240000000800 */
        /*1020*/                   LOP3.LUT R12, R19, R10, RZ, 0x3c, !PT ;               /* 0x0000000a130c7212 */
                                                                                         /* 0x001fca00078e3cff */
        /*1030*/                   IADD R19, R19, R12 ;                                  /* 0x0000000c13137235 */
                                                                                         /* 0x000fca00078e0000 */
        /*1040*/                   STS [R0], R19 ;                                       /* 0x0000001300007388 */
                                                                                         /* 0x000fe80000000800 */
        /*1050*/                   LDS R21, [R0] ;                                       /* 0x0000000000157984 */
                                                                                         /* 0x000e240000000800 */
        /*1060*/                   LOP3.LUT R12, R21, R10, RZ, 0x3c, !PT ;               /* 0x0000000a150c7212 */
                                                                                         /* 0x001fca00078e3cff */
        /*1070*/                   IADD R21, R21, R12 ;                                  /* 0x0000000c15157235 */
                                                                                         /* 0x000fca00078e0000 */
        /*1080*/                   STS [R0], R21 ;                                       /* 0x0000001500007388 */
                                                                                         /* 0x000fe80000000800 */
        /*1090*/                   LDS R15, [R0] ;                                       /* 0x00000000000f7984 */
                                                                                         /* 0x000e240000000800 */
        /*10a0*/                   LOP3.LUT R12, R15, R10, RZ, 0x3c, !PT ;               /* 0x0000000a0f0c7212 */
                                                                                         /* 0x001fca00078e3cff */
        /*10b0*/                   IADD R15, R15, R12 ;                                  /* 0x0000000c0f0f7235 */
                                                                                         /* 0x000fca00078e0000 */
        /*10c0*/                   STS [R0], R15 ;                                       /* 0x0000000f00007388 */
                                                                                         /* 0x000fe80000000800 */
        /*10d0*/                   LDS R17, [R0] ;                                       /* 0x0000000000117984 */
                                                                                         /* 0x000e240000000800 */
        /*10e0*/                   LOP3.LUT R12, R17, R10, RZ, 0x3c, !PT ;               /* 0x0000000a110c7212 */
                                                                                         /* 0x001fca00078e3cff */
        /*10f0*/                   IADD R17, R17, R12 ;                                  /* 0x0000000c11117235 */
                                                                                         /* 0x000fca00078e0000 */
        /*1100*/                   STS [R0], R17 ;                                       /* 0x0000001100007388 */
                                                                                         /* 0x000fe80000000800 */
        /*1110*/                   LDS R19, [R0] ;                                       /* 0x0000000000137984 */
                                                                                         /* 0x000e240000000800 */
        /*1120*/                   LOP3.LUT R12, R19, R10, RZ, 0x3c, !PT ;               /* 0x0000000a130c7212 */
                                                                                         /* 0x001fca00078e3cff */
        /*1130*/                   IADD R19, R19, R12 ;                                  /* 0x0000000c13137235 */
                                                                                         /* 0x000fca00078e0000 */
        /*1140*/                   STS [R0], R19 ;                                       /* 0x0000001300007388 */
                                                                                         /* 0x000fe80000000800 */
        /*1150*/                   LDS R21, [R0] ;                                       /* 0x0000000000157984 */
                                                                                         /* 0x000e240000000800 */
        /*1160*/                   LOP3.LUT R12, R21, R10, RZ, 0x3c, !PT ;               /* 0x0000000a150c7212 */
                                                                                         /* 0x001fca00078e3cff */
        /*1170*/                   IADD R21, R21, R12 ;                                  /* 0x0000000c15157235 */
                                                                                         /* 0x000fca00078e0000 */
        /*1180*/                   STS [R0], R21 ;                                       /* 0x0000001500007388 */
                                                                                         /* 0x000fe80000000800 */
        /*1190*/                   LDS R15, [R0] ;                                       /* 0x00000000000f7984 */
                                                                                         /* 0x000e240000000800 */
        /*11a0*/                   LOP3.LUT R12, R15, R10, RZ, 0x3c, !PT ;               /* 0x0000000a0f0c7212 */
                                                                                         /* 0x001fca00078e3cff */
        /*11b0*/                   IADD R15, R15, R12 ;                                  /* 0x0000000c0f0f7235 */
                                                                                         /* 0x000fe200078e0000 */
        /*11c0*/                   HFMA2 R12, -RZ, RZ, 1.490116119384765625e-06, 1549 ;  /* 0x0019660dff0c7431 */
                                                                                         /* 0x000fc800000001ff */
        /*11d0*/                   STS [R0], R15 ;                                       /* 0x0000000f00007388 */
                                                                                         /* 0x0001e20000000800 */
        /*11e0*/                   IMAD R11, R11, R12, 0x3c6ef35f ;                      /* 0x3c6ef35f0b0b7424 */
                                                                                         /* 0x000fc600078e020c */
        /*11f0*/                   LDS R17, [R0] ;                                       /* 0x0000000000117984 */
                                                                                         /* 0x0087240000000800 */
        /*1200*/                   LOP3.LUT R11, R10, R11, RZ, 0x3c, !PT ;               /* 0x0000000b0a0b7212 */
                                                                                         /* 0x000fe200078e3cff */
        /*1210*/              @!P0 BRA 0x1a0 ;                                           /* 0xffffffec00e08947 */
                                                                                         /* 0x000fec000383ffff */
        /*1220*/                   BSYNC.RECONVERGENT B0 ;                               /* 0x0000000000007941 */
                                                                                         /* 0x004fea0003800200 */
        /*1230*/                   STG.E desc[UR6][R2.64], R11 ;                         /* 0x0000000b02007986 */
                                                                                         /* 0x000fe8000c101906 */
        /*1240*/                   STG.E desc[UR6][R4.64], R17 ;                         /* 0x0000001104007986 */
                                                                                         /* 0x010fe8000c101906 */
        /*1250*/                   STG.E desc[UR6][R6.64], RZ ;                          /* 0x000000ff06007986 */
                                                                                         /* 0x000fe2000c101906 */
        /*1260*/                   EXIT ;                                                /* 0x000000000000794d */
                                                                                         /* 0x000fea0003800000 */
        /*1270*/                   BRA 0x1270;                                           /* 0xfffffffc00fc7947 */
                                                                                         /* 0x000fc0000383ffff */
        /*1280*/                   NOP;                                                  /* 0x0000000000007918 */
                                                                                         /* 0x000fc00000000000 */
        /*1290*/                   NOP;                                                  /* 0x0000000000007918 */
                                                                                         /* 0x000fc00000000000 */
        /*12a0*/                   NOP;                                                  /* 0x0000000000007918 */
                                                                                         /* 0x000fc00000000000 */
        /*12b0*/                   NOP;                                                  /* 0x0000000000007918 */
                                                                                         /* 0x000fc00000000000 */
        /*12c0*/                   NOP;                                                  /* 0x0000000000007918 */
                                                                                         /* 0x000fc00000000000 */
        /*12d0*/                   NOP;                                                  /* 0x0000000000007918 */
                                                                                         /* 0x000fc00000000000 */
        /*12e0*/                   NOP;                                                  /* 0x0000000000007918 */
                                                                                         /* 0x000fc00000000000 */
        /*12f0*/                   NOP;                                                  /* 0x0000000000007918 */
                                                                                         /* 0x000fc00000000000 */
		..........


		Function : _Z14energy_fixtureILi1ELi0ELi0ELi16EEvPKjPjj
	.headerflags	@"EF_CUDA_SM120 EF_CUDA_VIRTUAL_SM(EF_CUDA_SM120)"
        /*0000*/                   LDC R1, c[0x0][0x37c] ;                               /* 0x0000df00ff017b82 */
                                                                                         /* 0x000fe20000000800 */
        /*0010*/                   S2R R0, SR_TID.X ;                                    /* 0x0000000000007919 */
                                                                                         /* 0x000e2e0000002100 */
        /*0020*/                   S2UR UR4, SR_CTAID.X ;                                /* 0x00000000000479c3 */
                                                                                         /* 0x000e220000002500 */
        /*0030*/                   LDCU UR8, c[0x0][0x390] ;                             /* 0x00007200ff0877ac */
                                                                                         /* 0x000e620008000800 */
        /*0040*/                   BSSY.RECONVERGENT B0, 0x630 ;                         /* 0x000005e000007945 */
                                                                                         /* 0x000fe20003800200 */
        /*0050*/                   HFMA2 R11, -RZ, RZ, 0, 0 ;                            /* 0x00000000ff0b7431 */
                                                                                         /* 0x000fe200000001ff */
        /*0060*/                   LDCU.64 UR6, c[0x0][0x358] ;                          /* 0x00006b00ff0677ac */
                                                                                         /* 0x000ea80008000a00 */
        /*0070*/                   LDC R13, c[0x0][0x360] ;                              /* 0x0000d800ff0d7b82 */
                                                                                         /* 0x000e300000000800 */
        /*0080*/                   LDC.64 R6, c[0x0][0x388] ;                            /* 0x0000e200ff067b82 */
                                                                                         /* 0x000ee20000000a00 */
        /*0090*/                   IMAD R13, R13, UR4, R0 ;                              /* 0x000000040d0d7c24 */
                                                                                         /* 0x001fc8000f8e0200 */
        /*00a0*/                   IMAD R3, R13.reuse, 0x3, RZ ;                         /* 0x000000030d037824 */
                                                                                         /* 0x040fe200078e02ff */
        /*00b0*/                   ISETP.GE.U32.AND P0, PT, R13, UR8, PT ;               /* 0x000000080d007c0c */
                                                                                         /* 0x002fe2000bf06070 */
        /*00c0*/                   MOV R17, R13 ;                                        /* 0x0000000d00117202 */
                                                                                         /* 0x000fc60000000f00 */
        /*00d0*/                   IADD R5, R3.reuse, 0x1 ;                              /* 0x0000000103057835 */
                                                                                         /* 0x040fe200078e0000 */
        /*00e0*/                   IADD R9, R3.reuse, 0x2 ;                              /* 0x0000000203097835 */
                                                                                         /* 0x040fe200078e0000 */
        /*00f0*/                   IMAD.WIDE.U32 R2, R3, 0x4, R6 ;                       /* 0x0000000403027825 */
                                                                                         /* 0x008fc800078e0006 */
        /*0100*/                   IMAD.WIDE.U32 R4, R5, 0x4, R6 ;                       /* 0x0000000405047825 */
                                                                                         /* 0x000fc800078e0006 */
        /*0110*/                   IMAD.WIDE.U32 R6, R9, 0x4, R6 ;                       /* 0x0000000409067825 */
                                                                                         /* 0x000fe200078e0006 */
        /*0120*/               @P0 BRA 0x620 ;                                           /* 0x00000004003c0947 */
                                                                                         /* 0x000fec0003800000 */
        /*0130*/                   S2UR UR5, SR_CgaCtaId ;                               /* 0x00000000000579c3 */
                                                                                         /* 0x000e220000008800 */
        /*0140*/                   UMOV UR4, 0x400 ;                                     /* 0x0000040000047882 */
                                                                                         /* 0x000fe20000000000 */
        /*0150*/                   MOV R17, R13 ;                                        /* 0x0000000d00117202 */
                                                                                         /* 0x000fe20000000f00 */
        /*0160*/                   MOV R11, RZ ;                                         /* 0x000000ff000b7202 */
                                                                                         /* 0x000fca0000000f00 */
        /*0170*/                   LDC.64 R8, c[0x0][0x380] ;                            /* 0x0000e000ff087b82 */
                                                                                         /* 0x000e620000000a00 */
        /*0180*/                   ULEA UR4, UR5, UR4, 0x18 ;                            /* 0x0000000405047291 */
                                                                                         /* 0x001fcc000f8ec0ff */
        /*0190*/                   LEA R0, R0, UR4, 0x2 ;                                /* 0x0000000400007c11 */
                                                                                         /* 0x004fce000f8e10ff */
        /*01a0*/                   IMAD.WIDE.U32 R14, R13, 0x4, R8 ;                     /* 0x000000040d0e7825 */
                                                                                         /* 0x003fca00078e0008 */
        /*01b0*/                   LDG.E.STRONG.GPU R10, desc[UR6][R14.64] ;             /* 0x000000060e0a7981 */
                                                                                         /* 0x000ea2000c1ef900 */
        /*01c0*/                   IADD R13, R13, 0xbc00 ;                               /* 0x0000bc000d0d7835 */
                                                                                         /* 0x000fca00078e0000 */
        /*01d0*/                   ISETP.GE.U32.AND P0, PT, R13, UR8, PT ;               /* 0x000000080d007c0c */
                                                                                         /* 0x000fe2000bf06070 */
        /*01e0*/                   LOP3.LUT R12, R17, R10, RZ, 0x3c, !PT ;               /* 0x0000000a110c7212 */
                                                                                         /* 0x014fca00078e3cff */
        /*01f0*/                   IADD R17, R12, R17 ;                                  /* 0x000000110c117235 */
                                                                                         /* 0x000fca00078e0000 */
        /*0200*/                   STS [R0], R17 ;                                       /* 0x0000001100007388 */
                                                                                         /* 0x000fe80000000800 */
        /*0210*/                   LDS R19, [R0] ;                                       /* 0x0000000000137984 */
                                                                                         /* 0x000e240000000800 */
        /*0220*/                   LOP3.LUT R12, R19, R10, RZ, 0x3c, !PT ;               /* 0x0000000a130c7212 */
                                                                                         /* 0x001fca00078e3cff */
        /*0230*/                   IADD R19, R19, R12 ;                                  /* 0x0000000c13137235 */
                                                                                         /* 0x000fca00078e0000 */
        /*0240*/                   STS [R0], R19 ;                                       /* 0x0000001300007388 */
                                                                                         /* 0x000fe80000000800 */
        /*0250*/                   LDS R21, [R0] ;                                       /* 0x0000000000157984 */
                                                                                         /* 0x000e240000000800 */
        /*0260*/                   LOP3.LUT R12, R21, R10, RZ, 0x3c, !PT ;               /* 0x0000000a150c7212 */
                                                                                         /* 0x001fca00078e3cff */
        /*0270*/                   IADD R21, R21, R12 ;                                  /* 0x0000000c15157235 */
                                                                                         /* 0x000fca00078e0000 */
        /*0280*/                   STS [R0], R21 ;                                       /* 0x0000001500007388 */
                                                                                         /* 0x000fe80000000800 */
        /*0290*/                   LDS R15, [R0] ;                                       /* 0x00000000000f7984 */
                                                                                         /* 0x000e240000000800 */
        /*02a0*/                   LOP3.LUT R12, R15, R10, RZ, 0x3c, !PT ;               /* 0x0000000a0f0c7212 */
                                                                                         /* 0x001fca00078e3cff */
        /*02b0*/                   IADD R15, R15, R12 ;                                  /* 0x0000000c0f0f7235 */
                                                                                         /* 0x000fca00078e0000 */
        /*02c0*/                   STS [R0], R15 ;                                       /* 0x0000000f00007388 */
                                                                                         /* 0x000fe80000000800 */
        /*02d0*/                   LDS R17, [R0] ;                                       /* 0x0000000000117984 */
                                                                                         /* 0x000e240000000800 */
        /*02e0*/                   LOP3.LUT R12, R17, R10, RZ, 0x3c, !PT ;               /* 0x0000000a110c7212 */
                                                                                         /* 0x001fca00078e3cff */
        /*02f0*/                   IADD R17, R17, R12 ;                                  /* 0x0000000c11117235 */
                                                                                         /* 0x000fca00078e0000 */
        /*0300*/                   STS [R0], R17 ;                                       /* 0x0000001100007388 */
                                                                                         /* 0x000fe80000000800 */
        /*0310*/                   LDS R19, [R0] ;                                       /* 0x0000000000137984 */
                                                                                         /* 0x000e240000000800 */
        /*0320*/                   LOP3.LUT R12, R19, R10, RZ, 0x3c, !PT ;               /* 0x0000000a130c7212 */
                                                                                         /* 0x001fca00078e3cff */
        /*0330*/                   IADD R19, R19, R12 ;                                  /* 0x0000000c13137235 */
                                                                                         /* 0x000fca00078e0000 */
        /*0340*/                   STS [R0], R19 ;                                       /* 0x0000001300007388 */
                                                                                         /* 0x000fe80000000800 */
        /*0350*/                   LDS R21, [R0] ;                                       /* 0x0000000000157984 */
                                                                                         /* 0x000e240000000800 */
        /*0360*/                   LOP3.LUT R12, R21, R10, RZ, 0x3c, !PT ;               /* 0x0000000a150c7212 */
                                                                                         /* 0x001fca00078e3cff */
        /*0370*/                   IADD R21, R21, R12 ;                                  /* 0x0000000c15157235 */
                                                                                         /* 0x000fca00078e0000 */
        /*0380*/                   STS [R0], R21 ;                                       /* 0x0000001500007388 */
                                                                                         /* 0x000fe80000000800 */
        /*0390*/                   LDS R15, [R0] ;                                       /* 0x00000000000f7984 */
                                                                                         /* 0x000e240000000800 */
        /*03a0*/                   LOP3.LUT R12, R15, R10, RZ, 0x3c, !PT ;               /* 0x0000000a0f0c7212 */
                                                                                         /* 0x001fca00078e3cff */
        /*03b0*/                   IADD R15, R15, R12 ;                                  /* 0x0000000c0f0f7235 */
                                                                                         /* 0x000fca00078e0000 */
        /*03c0*/                   STS [R0], R15 ;                                       /* 0x0000000f00007388 */
                                                                                         /* 0x000fe80000000800 */
        /*03d0*/                   LDS R17, [R0] ;                                       /* 0x0000000000117984 */
                                                                                         /* 0x000e240000000800 */
        /*03e0*/                   LOP3.LUT R12, R17, R10, RZ, 0x3c, !PT ;               /* 0x0000000a110c7212 */
                                                                                         /* 0x001fca00078e3cff */
        /*03f0*/                   IADD R17, R17, R12 ;                                  /* 0x0000000c11117235 */
                                                                                         /* 0x000fca00078e0000 */
        /*0400*/                   STS [R0], R17 ;                                       /* 0x0000001100007388 */
                                                                                         /* 0x000fe80000000800 */
        /*0410*/                   LDS R19, [R0] ;                                       /* 0x0000000000137984 */
                                                                                         /* 0x000e240000000800 */
        /*0420*/                   LOP3.LUT R12, R19, R10, RZ, 0x3c, !PT ;               /* 0x0000000a130c7212 */
                                                                                         /* 0x001fca00078e3cff */
        /*0430*/                   IADD R19, R19, R12 ;                                  /* 0x0000000c13137235 */
                                                                                         /* 0x000fca00078e0000 */
        /*0440*/                   STS [R0], R19 ;                                       /* 0x0000001300007388 */
                                                                                         /* 0x000fe80000000800 */
        /*0450*/                   LDS R21, [R0] ;                                       /* 0x0000000000157984 */
                                                                                         /* 0x000e240000000800 */
        /*0460*/                   LOP3.LUT R12, R21, R10, RZ, 0x3c, !PT ;               /* 0x0000000a150c7212 */
                                                                                         /* 0x001fca00078e3cff */
        /*0470*/                   IADD R21, R21, R12 ;                                  /* 0x0000000c15157235 */
                                                                                         /* 0x000fca00078e0000 */
        /*0480*/                   STS [R0], R21 ;                                       /* 0x0000001500007388 */
                                                                                         /* 0x000fe80000000800 */
        /*0490*/                   LDS R15, [R0] ;                                       /* 0x00000000000f7984 */
                                                                                         /* 0x000e240000000800 */
        /*04a0*/                   LOP3.LUT R12, R15, R10, RZ, 0x3c, !PT ;               /* 0x0000000a0f0c7212 */
                                                                                         /* 0x001fca00078e3cff */
        /*04b0*/                   IADD R15, R15, R12 ;                                  /* 0x0000000c0f0f7235 */
                                                                                         /* 0x000fca00078e0000 */
        /*04c0*/                   STS [R0], R15 ;                                       /* 0x0000000f00007388 */
                                                                                         /* 0x000fe80000000800 */
        /*04d0*/                   LDS R17, [R0] ;                                       /* 0x0000000000117984 */
                                                                                         /* 0x000e240000000800 */
        /*04e0*/                   LOP3.LUT R12, R17, R10, RZ, 0x3c, !PT ;               /* 0x0000000a110c7212 */
                                                                                         /* 0x001fca00078e3cff */
        /*04f0*/                   IADD R17, R17, R12 ;                                  /* 0x0000000c11117235 */
                                                                                         /* 0x000fca00078e0000 */
        /*0500*/                   STS [R0], R17 ;                                       /* 0x0000001100007388 */
                                                                                         /* 0x000fe80000000800 */
        /*0510*/                   LDS R19, [R0] ;                                       /* 0x0000000000137984 */
                                                                                         /* 0x000e240000000800 */
        /*0520*/                   LOP3.LUT R12, R19, R10, RZ, 0x3c, !PT ;               /* 0x0000000a130c7212 */
                                                                                         /* 0x001fca00078e3cff */
        /*0530*/                   IADD R19, R19, R12 ;                                  /* 0x0000000c13137235 */
                                                                                         /* 0x000fca00078e0000 */
        /*0540*/                   STS [R0], R19 ;                                       /* 0x0000001300007388 */
                                                                                         /* 0x000fe80000000800 */
        /*0550*/                   LDS R21, [R0] ;                                       /* 0x0000000000157984 */
                                                                                         /* 0x000e240000000800 */
        /*0560*/                   LOP3.LUT R12, R21, R10, RZ, 0x3c, !PT ;               /* 0x0000000a150c7212 */
                                                                                         /* 0x001fca00078e3cff */
        /*0570*/                   IADD R21, R21, R12 ;                                  /* 0x0000000c15157235 */
                                                                                         /* 0x000fca00078e0000 */
        /*0580*/                   STS [R0], R21 ;                                       /* 0x0000001500007388 */
                                                                                         /* 0x000fe80000000800 */
        /*0590*/                   LDS R15, [R0] ;                                       /* 0x00000000000f7984 */
                                                                                         /* 0x000e240000000800 */
        /*05a0*/                   LOP3.LUT R12, R15, R10, RZ, 0x3c, !PT ;               /* 0x0000000a0f0c7212 */
                                                                                         /* 0x001fca00078e3cff */
        /*05b0*/                   IADD R15, R15, R12 ;                                  /* 0x0000000c0f0f7235 */
                                                                                         /* 0x000fe200078e0000 */
        /*05c0*/                   HFMA2 R12, -RZ, RZ, 1.490116119384765625e-06, 1549 ;  /* 0x0019660dff0c7431 */
                                                                                         /* 0x000fc800000001ff */
        /*05d0*/                   STS [R0], R15 ;                                       /* 0x0000000f00007388 */
                                                                                         /* 0x0001e20000000800 */
        /*05e0*/                   IMAD R11, R11, R12, 0x3c6ef35f ;                      /* 0x3c6ef35f0b0b7424 */
                                                                                         /* 0x000fc600078e020c */
        /*05f0*/                   LDS R17, [R0] ;                                       /* 0x0000000000117984 */
                                                                                         /* 0x0087240000000800 */
        /*0600*/                   LOP3.LUT R11, R10, R11, RZ, 0x3c, !PT ;               /* 0x0000000b0a0b7212 */
                                                                                         /* 0x000fe200078e3cff */
        /*0610*/              @!P0 BRA 0x1a0 ;                                           /* 0xfffffff800e08947 */
                                                                                         /* 0x000fec000383ffff */
        /*0620*/                   BSYNC.RECONVERGENT B0 ;                               /* 0x0000000000007941 */
                                                                                         /* 0x004fea0003800200 */
        /*0630*/                   STG.E desc[UR6][R2.64], R11 ;                         /* 0x0000000b02007986 */
                                                                                         /* 0x000fe8000c101906 */
        /*0640*/                   STG.E desc[UR6][R4.64], R17 ;                         /* 0x0000001104007986 */
                                                                                         /* 0x010fe8000c101906 */
        /*0650*/                   STG.E desc[UR6][R6.64], RZ ;                          /* 0x000000ff06007986 */
                                                                                         /* 0x000fe2000c101906 */
        /*0660*/                   EXIT ;                                                /* 0x000000000000794d */
                                                                                         /* 0x000fea0003800000 */
        /*0670*/                   BRA 0x670;                                            /* 0xfffffffc00fc7947 */
                                                                                         /* 0x000fc0000383ffff */
        /*0680*/                   NOP;                                                  /* 0x0000000000007918 */
                                                                                         /* 0x000fc00000000000 */
        /*0690*/                   NOP;                                                  /* 0x0000000000007918 */
                                                                                         /* 0x000fc00000000000 */
        /*06a0*/                   NOP;                                                  /* 0x0000000000007918 */
                                                                                         /* 0x000fc00000000000 */
        /*06b0*/                   NOP;                                                  /* 0x0000000000007918 */
                                                                                         /* 0x000fc00000000000 */
        /*06c0*/                   NOP;                                                  /* 0x0000000000007918 */
                                                                                         /* 0x000fc00000000000 */
        /*06d0*/                   NOP;                                                  /* 0x0000000000007918 */
                                                                                         /* 0x000fc00000000000 */
        /*06e0*/                   NOP;                                                  /* 0x0000000000007918 */
                                                                                         /* 0x000fc00000000000 */
        /*06f0*/                   NOP;                                                  /* 0x0000000000007918 */
                                                                                         /* 0x000fc00000000000 */
		..........


		Function : _Z14energy_fixtureILi1ELi0ELi64ELi0EEvPKjPjj
	.headerflags	@"EF_CUDA_SM120 EF_CUDA_VIRTUAL_SM(EF_CUDA_SM120)"
        /*0000*/                   LDC R1, c[0x0][0x37c] ;                               /* 0x0000df00ff017b82 */
                                                                                         /* 0x000fe20000000800 */
        /*0010*/                   S2R R3, SR_TID.X ;                                    /* 0x0000000000037919 */
                                                                                         /* 0x000e2e0000002100 */
        /*0020*/                   S2UR UR6, SR_CTAID.X ;                                /* 0x00000000000679c3 */
                                                                                         /* 0x000e220000002500 */
        /*0030*/                   LDCU UR7, c[0x0][0x390] ;                             /* 0x00007200ff0777ac */
                                                                                         /* 0x000e620008000800 */
        /*0040*/                   BSSY.RECONVERGENT B0, 0x590 ;                         /* 0x0000054000007945 */
                                                                                         /* 0x000fe20003800200 */
        /*0050*/                   LDCU.64 UR4, c[0x0][0x358] ;                          /* 0x00006b00ff0477ac */
                                                                                         /* 0x000eaa0008000a00 */
        /*0060*/                   LDC R0, c[0x0][0x360] ;                               /* 0x0000d800ff007b82 */
                                                                                         /* 0x000e240000000800 */
        /*0070*/                   IMAD R0, R0, UR6, R3 ;                                /* 0x0000000600007c24 */
                                                                                         /* 0x001fe2000f8e0203 */
        /*0080*/                   CS2R R2, SRZ ;                                        /* 0x0000000000027805 */
                                                                                         /* 0x000fc8000001ff00 */
        /*0090*/                   ISETP.GE.U32.AND P0, PT, R0, UR7, PT ;                /* 0x0000000700007c0c */
                                                                                         /* 0x002fda000bf06070 */
        /*00a0*/               @P0 BRA 0x580 ;                                           /* 0x0000000400340947 */
                                                                                         /* 0x000fea0003800000 */
        /*00b0*/                   LDC.64 R6, c[0x0][0x380] ;                            /* 0x0000e000ff067b82 */
                                                                                         /* 0x000e220000000a00 */
        /*00c0*/                   HFMA2 R2, -RZ, RZ, 0, 0 ;                             /* 0x00000000ff027431 */
                                                                                         /* 0x000fe200000001ff */
        /*00d0*/                   BSSY.RECONVERGENT B1, 0x180 ;                         /* 0x000000a000017945 */
                                                                                         /* 0x000fe20003800200 */
        /*00e0*/                   MOV R3, R0 ;                                          /* 0x0000000000037202 */
                                                                                         /* 0x004fce0000000f00 */
        /*00f0*/                   IMAD.WIDE.U32 R4, R3, 0x4, R6 ;                       /* 0x0000000403047825 */
                                                                                         /* 0x001fcc00078e0006 */
        /*0100*/                   LDG.E.STRONG.GPU R4, desc[UR4][R4.64] ;               /* 0x0000000404047981 */
                                                                                         /* 0x000ea2000c1ef900 */
        /*0110*/                   IADD R3, R3, 0xbc00 ;                                 /* 0x0000bc0003037835 */
                                                                                         /* 0x000fe200078e0000 */
        /*0120*/                   MOV R9, 0x19660d ;                                    /* 0x0019660d00097802 */
                                                                                         /* 0x000fc80000000f00 */
        /*0130*/                   ISETP.GE.U32.AND P0, PT, R3, UR7, PT ;                /* 0x0000000703007c0c */
                                                                                         /* 0x000fe2000bf06070 */
        /*0140*/                   IMAD R9, R2, R9, 0x3c6ef35f ;                         /* 0x3c6ef35f02097424 */
                                                                                         /* 0x000fca00078e0209 */
        /*0150*/                   LOP3.LUT R2, R4, R9, RZ, 0x3c, !PT ;                  /* 0x0000000904027212 */
                                                                                         /* 0x004fce00078e3cff */
        /*0160*/              @!P0 BRA 0xf0 ;                                            /* 0xfffffffc00e08947 */
                                                                                         /* 0x000fea000383ffff */
        /*0170*/                   BSYNC.RECONVERGENT B1 ;                               /* 0x0000000000017941 */
                                                                                         /* 0x000fea0003800200 */
        /*0180*/                   MUFU.EX2 R4, -R4 ;                                    /* 0x8000000400047308 */
                                                                                         /* 0x000e240000000800 */
        /*0190*/                   MUFU.EX2 R3, -R4 ;                                    /* 0x8000000400037308 */
                                                                                         /* 0x001e240000000800 */
        /*01a0*/                   MUFU.EX2 R3, -R3 ;                                    /* 0x8000000300037308 */
                                                                                         /* 0x001e240000000800 */
        /*01b0*/                   MUFU.EX2 R5, -R3 ;                                    /* 0x8000000300057308 */
                                                                                         /* 0x001e240000000800 */
        /*01c0*/                   MUFU.EX2 R5, -R5 ;                                    /* 0x8000000500057308 */
                                                                                         /* 0x001e240000000800 */
        /*01d0*/                   MUFU.EX2 R6, -R5 ;                                    /* 0x8000000500067308 */
                                                                                         /* 0x001e240000000800 */
        /*01e0*/                   MUFU.EX2 R6, -R6 ;                                    /* 0x8000000600067308 */
                                                                                         /* 0x001e240000000800 */
        /*01f0*/                   MUFU.EX2 R7, -R6 ;                                    /* 0x8000000600077308 */
                                                                                         /* 0x001e240000000800 */
        /*0200*/                   MUFU.EX2 R7, -R7 ;                                    /* 0x8000000700077308 */
                                                                                         /* 0x001e240000000800 */
        /*0210*/                   MUFU.EX2 R8, -R7 ;                                    /* 0x8000000700087308 */
                                                                                         /* 0x001e240000000800 */
        /*0220*/                   MUFU.EX2 R8, -R8 ;                                    /* 0x8000000800087308 */
                                                                                         /* 0x001e240000000800 */
        /*0230*/                   MUFU.EX2 R9, -R8 ;                                    /* 0x8000000800097308 */
                                                                                         /* 0x001e240000000800 */
        /*0240*/                   MUFU.EX2 R9, -R9 ;                                    /* 0x8000000900097308 */
                                                                                         /* 0x001e240000000800 */
        /*0250*/                   MUFU.EX2 R4, -R9 ;                                    /* 0x8000000900047308 */
                                                                                         /* 0x001e240000000800 */
        /*0260*/                   MUFU.EX2 R4, -R4 ;                                    /* 0x8000000400047308 */
                                                                                         /* 0x001e240000000800 */
        /*0270*/                   MUFU.EX2 R3, -R4 ;                                    /* 0x8000000400037308 */
                                                                                         /* 0x001e240000000800 */
        /*0280*/                   MUFU.EX2 R3, -R3 ;                                    /* 0x8000000300037308 */
                                                                                         /* 0x001e240000000800 */
        /*0290*/                   MUFU.EX2 R5, -R3 ;                                    /* 0x8000000300057308 */
                                                                                         /* 0x001e240000000800 */
        /*02a0*/                   MUFU.EX2 R5, -R5 ;                                    /* 0x8000000500057308 */
                                                                                         /* 0x001e240000000800 */
        /*02b0*/                   MUFU.EX2 R6, -R5 ;                                    /* 0x8000000500067308 */
                                                                                         /* 0x001e240000000800 */
        /*02c0*/                   MUFU.EX2 R6, -R6 ;                                    /* 0x8000000600067308 */
                                                                                         /* 0x001e240000000800 */
        /*02d0*/                   MUFU.EX2 R7, -R6 ;                                    /* 0x8000000600077308 */
                                                                                         /* 0x001e240000000800 */
        /*02e0*/                   MUFU.EX2 R7, -R7 ;                                    /* 0x8000000700077308 */
                                                                                         /* 0x001e240000000800 */
        /*02f0*/                   MUFU.EX2 R8, -R7 ;                                    /* 0x8000000700087308 */
                                                                                         /* 0x001e240000000800 */
        /*0300*/                   MUFU.EX2 R8, -R8 ;                                    /* 0x8000000800087308 */
                                                                                         /* 0x001e240000000800 */
        /*0310*/                   MUFU.EX2 R9, -R8 ;                                    /* 0x8000000800097308 */
                                                                                         /* 0x001e240000000800 */
        /*0320*/                   MUFU.EX2 R9, -R9 ;                                    /* 0x8000000900097308 */
                                                                                         /* 0x001e240000000800 */
        /*0330*/                   MUFU.EX2 R4, -R9 ;                                    /* 0x8000000900047308 */
                                                                                         /* 0x001e240000000800 */
        /*0340*/                   MUFU.EX2 R4, -R4 ;                                    /* 0x8000000400047308 */
                                                                                         /* 0x001e240000000800 */
        /*0350*/                   MUFU.EX2 R3, -R4 ;                                    /* 0x8000000400037308 */
                                                                                         /* 0x001e240000000800 */
        /*0360*/                   MUFU.EX2 R3, -R3 ;                                    /* 0x8000000300037308 */
                                                                                         /* 0x001e240000000800 */
        /*0370*/                   MUFU.EX2 R5, -R3 ;                                    /* 0x8000000300057308 */
                                                                                         /* 0x001e240000000800 */
        /*0380*/                   MUFU.EX2 R5, -R5 ;                                    /* 0x8000000500057308 */
                                                                                         /* 0x001e240000000800 */
        /*0390*/                   MUFU.EX2 R6, -R5 ;                                    /* 0x8000000500067308 */
                                                                                         /* 0x001e240000000800 */
        /*03a0*/                   MUFU.EX2 R6, -R6 ;                                    /* 0x8000000600067308 */
                                                                                         /* 0x001e240000000800 */
        /*03b0*/                   MUFU.EX2 R7, -R6 ;                                    /* 0x8000000600077308 */
                                                                                         /* 0x001e240000000800 */
        /*03c0*/                   MUFU.EX2 R7, -R7 ;                                    /* 0x8000000700077308 */
                                                                                         /* 0x001e240000000800 */
        /*03d0*/                   MUFU.EX2 R8, -R7 ;                                    /* 0x8000000700087308 */
                                                                                         /* 0x001e240000000800 */
        /*03e0*/                   MUFU.EX2 R8, -R8 ;                                    /* 0x8000000800087308 */
                                                                                         /* 0x001e240000000800 */
        /*03f0*/                   MUFU.EX2 R9, -R8 ;                                    /* 0x8000000800097308 */
                                                                                         /* 0x001e240000000800 */
        /*0400*/                   MUFU.EX2 R9, -R9 ;                                    /* 0x8000000900097308 */
                                                                                         /* 0x001e240000000800 */
        /*0410*/                   MUFU.EX2 R4, -R9 ;                                    /* 0x8000000900047308 */
                                                                                         /* 0x001e240000000800 */
        /*0420*/                   MUFU.EX2 R4, -R4 ;                                    /* 0x8000000400047308 */
                                                                                         /* 0x001e240000000800 */
        /*0430*/                   MUFU.EX2 R3, -R4 ;                                    /* 0x8000000400037308 */
                                                                                         /* 0x001e240000000800 */
        /*0440*/                   MUFU.EX2 R3, -R3 ;                                    /* 0x8000000300037308 */
                                                                                         /* 0x001e240000000800 */
        /*0450*/                   MUFU.EX2 R5, -R3 ;                                    /* 0x8000000300057308 */
                                                                                         /* 0x001e240000000800 */
        /*0460*/                   MUFU.EX2 R5, -R5 ;                                    /* 0x8000000500057308 */
                                                                                         /* 0x001e240000000800 */
        /*0470*/                   MUFU.EX2 R6, -R5 ;                                    /* 0x8000000500067308 */
                                                                                         /* 0x001e240000000800 */
        /*0480*/                   MUFU.EX2 R6, -R6 ;                                    /* 0x8000000600067308 */
                                                                                         /* 0x001e240000000800 */
        /*0490*/                   MUFU.EX2 R7, -R6 ;                                    /* 0x8000000600077308 */
                                                                                         /* 0x001e240000000800 */
        /*04a0*/                   MUFU.EX2 R7, -R7 ;                                    /* 0x8000000700077308 */
                                                                                         /* 0x001e240000000800 */
        /*04b0*/                   MUFU.EX2 R8, -R7 ;                                    /* 0x8000000700087308 */
                                                                                         /* 0x001e240000000800 */
        /*04c0*/                   MUFU.EX2 R8, -R8 ;                                    /* 0x8000000800087308 */
                                                                                         /* 0x001e240000000800 */
        /*04d0*/                   MUFU.EX2 R9, -R8 ;                                    /* 0x8000000800097308 */
                                                                                         /* 0x001e240000000800 */
        /*04e0*/                   MUFU.EX2 R9, -R9 ;                                    /* 0x8000000900097308 */
                                                                                         /* 0x001e240000000800 */
        /*04f0*/                   MUFU.EX2 R4, -R9 ;                                    /* 0x8000000900047308 */
                                                                                         /* 0x001e240000000800 */
        /*0500*/                   MUFU.EX2 R4, -R4 ;                                    /* 0x8000000400047308 */
                                                                                         /* 0x001e240000000800 */
        /*0510*/                   MUFU.EX2 R10, -R4 ;                                   /* 0x80000004000a7308 */
                                                                                         /* 0x001e240000000800 */
        /*0520*/                   MUFU.EX2 R10, -R10 ;                                  /* 0x8000000a000a7308 */
                                                                                         /* 0x001e240000000800 */
        /*0530*/                   MUFU.EX2 R5, -R10 ;                                   /* 0x8000000a00057308 */
                                                                                         /* 0x001e240000000800 */
        /*0540*/                   MUFU.EX2 R5, -R5 ;                                    /* 0x8000000500057308 */
                                                                                         /* 0x001e240000000800 */
        /*0550*/                   MUFU.EX2 R6, -R5 ;                                    /* 0x8000000500067308 */
                                                                                         /* 0x001e240000000800 */
        /*0560*/                   MUFU.EX2 R6, -R6 ;                                    /* 0x8000000600067308 */
                                                                                         /* 0x001e240000000800 */
        /*0570*/                   MUFU.EX2 R3, -R6 ;                                    /* 0x8000000600037308 */
                                                                                         /* 0x0010640000000800 */
        /*0580*/                   BSYNC.RECONVERGENT B0 ;                               /* 0x0000000000007941 */
                                                                                         /* 0x004fea0003800200 */
        /*0590*/                   LDC.64 R8, c[0x0][0x388] ;                            /* 0x0000e200ff087b82 */
                                                                                         /* 0x000ea20000000a00 */
        /*05a0*/                   IMAD R5, R0, 0x3, RZ ;                                /* 0x0000000300057824 */
                                                                                         /* 0x000fca00078e02ff */
        /*05b0*/                   IADD R7, R5.reuse, 0x1 ;                              /* 0x0000000105077835 */
                                                                                         /* 0x040fe200078e0000 */
        /*05c0*/                   IADD R11, R5.reuse, 0x2 ;                             /* 0x00000002050b7835 */
                                                                                         /* 0x040fe200078e0000 */
        /*05d0*/                   IMAD.WIDE.U32 R4, R5, 0x4, R8 ;                       /* 0x0000000405047825 */
                                                                                         /* 0x004fc800078e0008 */
        /*05e0*/                   IMAD.WIDE.U32 R6, R7, 0x4, R8.reuse ;                 /* 0x0000000407067825 */
                                                                                         /* 0x101fe200078e0008 */
        /*05f0*/                   STG.E desc[UR4][R4.64], R2 ;                          /* 0x0000000204007986 */
                                                                                         /* 0x000fe6000c101904 */
        /*0600*/                   IMAD.WIDE.U32 R8, R11, 0x4, R8 ;                      /* 0x000000040b087825 */
                                                                                         /* 0x000fe200078e0008 */
        /*0610*/                   STG.E desc[UR4][R6.64], R0 ;                          /* 0x0000000006007986 */
                                                                                         /* 0x000fe8000c101904 */
        /*0620*/                   STG.E desc[UR4][R8.64], R3 ;                          /* 0x0000000308007986 */
                                                                                         /* 0x002fe2000c101904 */
        /*0630*/                   EXIT ;                                                /* 0x000000000000794d */
                                                                                         /* 0x000fea0003800000 */
        /*0640*/                   BRA 0x640;                                            /* 0xfffffffc00fc7947 */
                                                                                         /* 0x000fc0000383ffff */
        /*0650*/                   NOP;                                                  /* 0x0000000000007918 */
                                                                                         /* 0x000fc00000000000 */
        /*0660*/                   NOP;                                                  /* 0x0000000000007918 */
                                                                                         /* 0x000fc00000000000 */
        /*0670*/                   NOP;                                                  /* 0x0000000000007918 */
                                                                                         /* 0x000fc00000000000 */
        /*0680*/                   NOP;                                                  /* 0x0000000000007918 */
                                                                                         /* 0x000fc00000000000 */
        /*0690*/                   NOP;                                                  /* 0x0000000000007918 */
                                                                                         /* 0x000fc00000000000 */
        /*06a0*/                   NOP;                                                  /* 0x0000000000007918 */
                                                                                         /* 0x000fc00000000000 */
        /*06b0*/                   NOP;                                                  /* 0x0000000000007918 */
                                                                                         /* 0x000fc00000000000 */
        /*06c0*/                   NOP;                                                  /* 0x0000000000007918 */
                                                                                         /* 0x000fc00000000000 */
        /*06d0*/                   NOP;                                                  /* 0x0000000000007918 */
                                                                                         /* 0x000fc00000000000 */
        /*06e0*/                   NOP;                                                  /* 0x0000000000007918 */
                                                                                         /* 0x000fc00000000000 */
        /*06f0*/                   NOP;                                                  /* 0x0000000000007918 */
                                                                                         /* 0x000fc00000000000 */
		..........


		Function : _Z14energy_fixtureILi1ELi0ELi16ELi0EEvPKjPjj
	.headerflags	@"EF_CUDA_SM120 EF_CUDA_VIRTUAL_SM(EF_CUDA_SM120)"
        /*0000*/                   LDC R1, c[0x0][0x37c] ;                               /* 0x0000df00ff017b82 */
                                                                                         /* 0x000fe20000000800 */
        /*0010*/                   S2R R0, SR_TID.X ;                                    /* 0x0000000000007919 */
                                                                                         /* 0x000e2e0000002100 */
        /*0020*/                   S2UR UR6, SR_CTAID.X ;                                /* 0x00000000000679c3 */
                                                                                         /* 0x000e220000002500 */
        /*0030*/                   LDCU UR7, c[0x0][0x390] ;                             /* 0x00007200ff0777ac */
                                                                                         /* 0x000e620008000800 */
        /*0040*/                   BSSY.RECONVERGENT B0, 0x2a0 ;                         /* 0x0000025000007945 */
                                                                                         /* 0x000fe20003800200 */
        /*0050*/                   HFMA2 R11, -RZ, RZ, 0, 0 ;                            /* 0x00000000ff0b7431 */
                                                                                         /* 0x000fe200000001ff */
        /*0060*/                   MOV R13, RZ ;                                         /* 0x000000ff000d7202 */
                                                                                         /* 0x000fe20000000f00 */
        /*0070*/                   LDCU.64 UR4, c[0x0][0x358] ;                          /* 0x00006b00ff0477ac */
                                                                                         /* 0x000ea60008000a00 */
        /*0080*/                   LDC R9, c[0x0][0x360] ;                               /* 0x0000d800ff097b82 */
                                                                                         /* 0x000e240000000800 */
        /*0090*/                   IMAD R9, R9, UR6, R0 ;                                /* 0x0000000609097c24 */
                                                                                         /* 0x001fca000f8e0200 */
        /*00a0*/                   ISETP.GE.U32.AND P0, PT, R9, UR7, PT ;                /* 0x0000000709007c0c */
                                                                                         /* 0x002fda000bf06070 */
        /*00b0*/               @P0 BRA 0x290 ;                                           /* 0x0000000000740947 */
                                                                                         /* 0x000fea0003800000 */
        /*00c0*/                   LDC.64 R4, c[0x0][0x380] ;                            /* 0x0000e000ff047b82 */
                                                                                         /* 0x000e220000000a00 */
        /*00d0*/                   BSSY.RECONVERGENT B1, 0x190 ;                         /* 0x000000b000017945 */
                                                                                         /* 0x000fe20003800200 */
        /*00e0*/                   MOV R11, RZ ;                                         /* 0x000000ff000b7202 */
                                                                                         /* 0x000fe20000000f00 */
        /*00f0*/                   MOV R7, R9 ;                                          /* 0x0000000900077202 */
                                                                                         /* 0x004fce0000000f00 */
        /*0100*/                   IMAD.WIDE.U32 R2, R7, 0x4, R4 ;                       /* 0x0000000407027825 */
                                                                                         /* 0x001fcc00078e0004 */
        /*0110*/                   LDG.E.STRONG.GPU R2, desc[UR4][R2.64] ;               /* 0x0000000402027981 */
                                                                                         /* 0x000ea2000c1ef900 */
        /*0120*/                   IADD R7, R7, 0xbc00 ;                                 /* 0x0000bc0007077835 */
                                                                                         /* 0x000fe200078e0000 */
        /*0130*/                   HFMA2 R0, -RZ, RZ, 1.490116119384765625e-06, 1549 ;   /* 0x0019660dff007431 */
                                                                                         /* 0x000fc800000001ff */
        /*0140*/                   ISETP.GE.U32.AND P0, PT, R7, UR7, PT ;                /* 0x0000000707007c0c */
                                                                                         /* 0x000fe2000bf06070 */
        /*0150*/                   IMAD R11, R11, R0, 0x3c6ef35f ;                       /* 0x3c6ef35f0b0b7424 */
                                                                                         /* 0x000fca00078e0200 */
        /*0160*/                   LOP3.LUT R11, R2, R11, RZ, 0x3c, !PT ;                /* 0x0000000b020b7212 */
                                                                                         /* 0x004fce00078e3cff */
        /*0170*/              @!P0 BRA 0x100 ;                                           /* 0xfffffffc00e08947 */
                                                                                         /* 0x000fea000383ffff */
        /*0180*/                   BSYNC.RECONVERGENT B1 ;                               /* 0x0000000000017941 */
                                                                                         /* 0x000fea0003800200 */
        /*0190*/                   MUFU.EX2 R2, -R2 ;                                    /* 0x8000000200027308 */
                                                                                         /* 0x000e240000000800 */
        /*01a0*/                   MUFU.EX2 R0, -R2 ;                                    /* 0x8000000200007308 */
                                                                                         /* 0x001e240000000800 */
        /*01b0*/                   MUFU.EX2 R0, -R0 ;                                    /* 0x8000000000007308 */
                                                                                         /* 0x001e240000000800 */
        /*01c0*/                   MUFU.EX2 R3, -R0 ;                                    /* 0x8000000000037308 */
                                                                                         /* 0x001e240000000800 */
        /*01d0*/                   MUFU.EX2 R3, -R3 ;                                    /* 0x8000000300037308 */
                                                                                         /* 0x001e240000000800 */
        /*01e0*/                   MUFU.EX2 R4, -R3 ;                                    /* 0x8000000300047308 */
                                                                                         /* 0x001e240000000800 */
        /*01f0*/                   MUFU.EX2 R4, -R4 ;                                    /* 0x8000000400047308 */
                                                                                         /* 0x001e240000000800 */
        /*0200*/                   MUFU.EX2 R5, -R4 ;                                    /* 0x8000000400057308 */
                                                                                         /* 0x001e240000000800 */
        /*0210*/                   MUFU.EX2 R5, -R5 ;                                    /* 0x8000000500057308 */
                                                                                         /* 0x001e240000000800 */
        /*0220*/                   MUFU.EX2 R6, -R5 ;                                    /* 0x8000000500067308 */
                                                                                         /* 0x001e240000000800 */
        /*0230*/                   MUFU.EX2 R6, -R6 ;                                    /* 0x8000000600067308 */
                                                                                         /* 0x001e240000000800 */
        /*0240*/                   MUFU.EX2 R7, -R6 ;                                    /* 0x8000000600077308 */
                                                                                         /* 0x001e240000000800 */
        /*0250*/                   MUFU.EX2 R7, -R7 ;                                    /* 0x8000000700077308 */
                                                                                         /* 0x001e240000000800 */
        /*0260*/                   MUFU.EX2 R2, -R7 ;                                    /* 0x8000000700027308 */
                                                                                         /* 0x001e240000000800 */
        /*0270*/                   MUFU.EX2 R2, -R2 ;                                    /* 0x8000000200027308 */
                                                                                         /* 0x001e240000000800 */
        /*0280*/                   MUFU.EX2 R13, -R2 ;                                   /* 0x80000002000d7308 */
                                                                                         /* 0x0010640000000800 */
        /*0290*/                   BSYNC.RECONVERGENT B0 ;                               /* 0x0000000000007941 */
                                                                                         /* 0x004fea0003800200 */
        /*02a0*/                   LDC.64 R6, c[0x0][0x388] ;                            /* 0x0000e200ff067b82 */
                                                                                         /* 0x000e220000000a00 */
        /*02b0*/                   IMAD R3, R9, 0x3, RZ ;                                /* 0x0000000309037824 */
                                                                                         /* 0x000fca00078e02ff */
        /*02c0*/                   IADD R5, R3.reuse, 0x1 ;                              /* 0x0000000103057835 */
                                                                                         /* 0x040fe200078e0000 */
        /*02d0*/                   IADD R15, R3.reuse, 0x2 ;                             /* 0x00000002030f7835 */
                                                                                         /* 0x040fe200078e0000 */
        /*02e0*/                   IMAD.WIDE.U32 R2, R3, 0x4, R6 ;                       /* 0x0000000403027825 */
                                                                                         /* 0x001fc800078e0006 */
        /*02f0*/                   IMAD.WIDE.U32 R4, R5, 0x4, R6.reuse ;                 /* 0x0000000405047825 */
                                                                                         /* 0x100fe200078e0006 */
        /*0300*/                   STG.E desc[UR4][R2.64], R11 ;                         /* 0x0000000b02007986 */
                                                                                         /* 0x000fe6000c101904 */
        /*0310*/                   IMAD.WIDE.U32 R6, R15, 0x4, R6 ;                      /* 0x000000040f067825 */
                                                                                         /* 0x000fe200078e0006 */
        /*0320*/                   STG.E desc[UR4][R4.64], R9 ;                          /* 0x0000000904007986 */
                                                                                         /* 0x000fe8000c101904 */
        /*0330*/                   STG.E desc[UR4][R6.64], R13 ;                         /* 0x0000000d06007986 */
                                                                                         /* 0x002fe2000c101904 */
        /*0340*/                   EXIT ;                                                /* 0x000000000000794d */
                                                                                         /* 0x000fea0003800000 */
        /*0350*/                   BRA 0x350;                                            /* 0xfffffffc00fc7947 */
                                                                                         /* 0x000fc0000383ffff */
        /*0360*/                   NOP;                                                  /* 0x0000000000007918 */
                                                                                         /* 0x000fc00000000000 */
        /*0370*/                   NOP;                                                  /* 0x0000000000007918 */
                                                                                         /* 0x000fc00000000000 */
        /*0380*/                   NOP;                                                  /* 0x0000000000007918 */
                                                                                         /* 0x000fc00000000000 */
        /*0390*/                   NOP;                                                  /* 0x0000000000007918 */
                                                                                         /* 0x000fc00000000000 */
        /*03a0*/                   NOP;                                                  /* 0x0000000000007918 */
                                                                                         /* 0x000fc00000000000 */
        /*03b0*/                   NOP;                                                  /* 0x0000000000007918 */
                                                                                         /* 0x000fc00000000000 */
        /*03c0*/                   NOP;                                                  /* 0x0000000000007918 */
                                                                                         /* 0x000fc00000000000 */
        /*03d0*/                   NOP;                                                  /* 0x0000000000007918 */
                                                                                         /* 0x000fc00000000000 */
        /*03e0*/                   NOP;                                                  /* 0x0000000000007918 */
                                                                                         /* 0x000fc00000000000 */
        /*03f0*/                   NOP;                                                  /* 0x0000000000007918 */
                                                                                         /* 0x000fc00000000000 */
		..........


		Function : _Z14energy_fixtureILi1ELi64ELi0ELi0EEvPKjPjj
	.headerflags	@"EF_CUDA_SM120 EF_CUDA_VIRTUAL_SM(EF_CUDA_SM120)"
        /*0000*/                   LDC R1, c[0x0][0x37c] ;                               /* 0x0000df00ff017b82 */
                                                                                         /* 0x000fe20000000800 */
        /*0010*/                   S2R R0, SR_TID.X ;                                    /* 0x0000000000007919 */
                                                                                         /* 0x000e2e0000002100 */
        /*0020*/                   S2UR UR4, SR_CTAID.X ;                                /* 0x00000000000479c3 */
                                                                                         /* 0x000e220000002500 */
        /*0030*/                   LDCU UR6, c[0x0][0x390] ;                             /* 0x00007200ff0677ac */
                                                                                         /* 0x000e620008000800 */
        /*0040*/                   BSSY.RECONVERGENT B0, 0x5f0 ;                         /* 0x000005a000007945 */
                                                                                         /* 0x000fe20003800200 */
        /*0050*/                   HFMA2 R13, -RZ, RZ, 0, 0 ;                            /* 0x00000000ff0d7431 */
                                                                                         /* 0x000fca00000001ff */
        /*0060*/                   LDC R11, c[0x0][0x360] ;                              /* 0x0000d800ff0b7b82 */
                                                                                         /* 0x000e300000000800 */
        /*0070*/                   LDC.64 R6, c[0x0][0x388] ;                            /* 0x0000e200ff067b82 */
                                                                                         /* 0x000ea20000000a00 */
        /*0080*/                   IMAD R11, R11, UR4, R0 ;                              /* 0x000000040b0b7c24 */
                                                                                         /* 0x001fe2000f8e0200 */
        /*0090*/                   LDCU.64 UR4, c[0x0][0x358] ;                          /* 0x00006b00ff0477ac */
                                                                                         /* 0x000e280008000a00 */
        /*00a0*/                   ISETP.GE.U32.AND P0, PT, R11.reuse, UR6, PT ;         /* 0x000000060b007c0c */
                                                                                         /* 0x042fe2000bf06070 */
        /*00b0*/                   LEA R3, R11, R11, 0x1 ;                               /* 0x0000000b0b037211 */
                                                                                         /* 0x000fca00078e08ff */
        /*00c0*/                   IADD R5, R3.reuse, 0x1 ;                              /* 0x0000000103057835 */
                                                                                         /* 0x040fe200078e0000 */
        /*00d0*/                   IADD R9, R3.reuse, 0x2 ;                              /* 0x0000000203097835 */
                                                                                         /* 0x040fe200078e0000 */
        /*00e0*/                   IMAD.WIDE.U32 R2, R3, 0x4, R6 ;                       /* 0x0000000403027825 */
                                                                                         /* 0x004fc800078e0006 */
        /*00f0*/                   IMAD.WIDE.U32 R4, R5, 0x4, R6 ;                       /* 0x0000000405047825 */
                                                                                         /* 0x000fc800078e0006 */
        /*0100*/                   IMAD.WIDE.U32 R6, R9, 0x4, R6 ;                       /* 0x0000000409067825 */
                                                                                         /* 0x000fe200078e0006 */
        /*0110*/               @P0 BRA 0x5e0 ;                                           /* 0x0000000400300947 */
                                                                                         /* 0x000fec0003800000 */
        /*0120*/                   LDC.64 R8, c[0x0][0x380] ;                            /* 0x0000e000ff087b82 */
                                                                                         /* 0x000e620000000a00 */
        /*0130*/                   MOV R13, RZ ;                                         /* 0x000000ff000d7202 */
                                                                                         /* 0x000fe20000000f00 */
        /*0140*/                   MOV R15, R11 ;                                        /* 0x0000000b000f7202 */
                                                                                         /* 0x001fce0000000f00 */
        /*0150*/                   IMAD.WIDE.U32 R16, R15, 0x4, R8 ;                     /* 0x000000040f107825 */
                                                                                         /* 0x002fcc00078e0008 */
        /*0160*/                   LDG.E.STRONG.GPU R17, desc[UR4][R16.64] ;             /* 0x0000000410117981 */
                                                                                         /* 0x000ea2000c1ef900 */
        /*0170*/                   MOV R0, 0x3f7fc000 ;                                  /* 0x3f7fc00000007802 */
                                                                                         /* 0x000fe20000000f00 */
        /*0180*/                   IADD R15, R15, 0xbc00 ;                               /* 0x0000bc000f0f7835 */
                                                                                         /* 0x000fe200078e0000 */
        /*0190*/                   HFMA2 R10, -RZ, RZ, 1.490116119384765625e-06, 1549 ;  /* 0x0019660dff0a7431 */
                                                                                         /* 0x000fc800000001ff */
        /*01a0*/                   ISETP.GE.U32.AND P0, PT, R15, UR6, PT ;               /* 0x000000060f007c0c */
                                                                                         /* 0x000fe2000bf06070 */
        /*01b0*/                   IMAD R10, R13, R10, 0x3c6ef35f ;                      /* 0x3c6ef35f0d0a7424 */
                                                                                         /* 0x000fe400078e020a */
        /*01c0*/                   FFMA R19, R17, R0, 0.0009765625 ;                     /* 0x3a80000011137423 */
                                                                                         /* 0x004fc80000000000 */
        /*01d0*/                   FFMA R19, R19, R0, 0.0009765625 ;                     /* 0x3a80000013137423 */
                                                                                         /* 0x000fc80000000000 */
        /*01e0*/                   FFMA R19, R19, R0, 0.0009765625 ;                     /* 0x3a80000013137423 */
                                                                                         /* 0x000fc80000000000 */
        /*01f0*/                   FFMA R19, R19, R0, 0.0009765625 ;                     /* 0x3a80000013137423 */
                                                                                         /* 0x000fc80000000000 */
        /*0200*/                   FFMA R19, R19, R0, 0.0009765625 ;                     /* 0x3a80000013137423 */
                                                                                         /* 0x000fc80000000000 */
        /*0210*/                   FFMA R19, R19, R0, 0.0009765625 ;                     /* 0x3a80000013137423 */
                                                                                         /* 0x000fc80000000000 */
        /*0220*/                   FFMA R19, R19, R0, 0.0009765625 ;                     /* 0x3a80000013137423 */
                                                                                         /* 0x000fc80000000000 */
        /*0230*/                   FFMA R19, R19, R0, 0.0009765625 ;                     /* 0x3a80000013137423 */
                                                                                         /* 0x000fc80000000000 */
        /*0240*/                   FFMA R19, R19, R0, 0.0009765625 ;                     /* 0x3a80000013137423 */
                                                                                         /* 0x000fc80000000000 */
        /*0250*/                   FFMA R19, R19, R0, 0.0009765625 ;                     /* 0x3a80000013137423 */
                                                                                         /* 0x000fc80000000000 */
        /*0260*/                   FFMA R19, R19, R0, 0.0009765625 ;                     /* 0x3a80000013137423 */
                                                                                         /* 0x000fc80000000000 */
        /*0270*/                   FFMA R19, R19, R0, 0.0009765625 ;                     /* 0x3a80000013137423 */
                                                                                         /* 0x000fc80000000000 */
        /*0280*/                   FFMA R19, R19, R0, 0.0009765625 ;                     /* 0x3a80000013137423 */
                                                                                         /* 0x000fc80000000000 */
        /*0290*/                   FFMA R19, R19, R0, 0.0009765625 ;                     /* 0x3a80000013137423 */
                                                                                         /* 0x000fc80000000000 */
        /*02a0*/                   FFMA R19, R19, R0, 0.0009765625 ;                     /* 0x3a80000013137423 */
                                                                                         /* 0x000fc80000000000 */
        /*02b0*/                   FFMA R19, R19, R0, 0.0009765625 ;                     /* 0x3a80000013137423 */
                                                                                         /* 0x000fc80000000000 */
        /*02c0*/                   FFMA R19, R19, R0, 0.0009765625 ;                     /* 0x3a80000013137423 */
                                                                                         /* 0x000fc80000000000 */
        /*02d0*/                   FFMA R19, R19, R0, 0.0009765625 ;                     /* 0x3a80000013137423 */
                                                                                         /* 0x000fc80000000000 */
        /*02e0*/                   FFMA R19, R19, R0, 0.0009765625 ;                     /* 0x3a80000013137423 */
                                                                                         /* 0x000fc80000000000 */
        /*02f0*/                   FFMA R19, R19, R0, 0.0009765625 ;                     /* 0x3a80000013137423 */
                                                                                         /* 0x000fc80000000000 */
        /*0300*/                   FFMA R19, R19, R0, 0.0009765625 ;                     /* 0x3a80000013137423 */
                                                                                         /* 0x000fc80000000000 */
        /*0310*/                   FFMA R19, R19, R0, 0.0009765625 ;                     /* 0x3a80000013137423 */
                                                                                         /* 0x000fc80000000000 */
        /*0320*/                   FFMA R19, R19, R0, 0.0009765625 ;                     /* 0x3a80000013137423 */
                                                                                         /* 0x000fc80000000000 */
        /*0330*/                   FFMA R19, R19, R0, 0.0009765625 ;                     /* 0x3a80000013137423 */
                                                                                         /* 0x000fc80000000000 */
        /*0340*/                   FFMA R19, R19, R0, 0.0009765625 ;                     /* 0x3a80000013137423 */
                                                                                         /* 0x000fc80000000000 */
        /*0350*/                   FFMA R19, R19, R0, 0.0009765625 ;                     /* 0x3a80000013137423 */
                                                                                         /* 0x000fc80000000000 */
        /*0360*/                   FFMA R19, R19, R0, 0.0009765625 ;                     /* 0x3a80000013137423 */
                                                                                         /* 0x000fc80000000000 */
        /*0370*/                   FFMA R19, R19, R0, 0.0009765625 ;                     /* 0x3a80000013137423 */
                                                                                         /* 0x000fc80000000000 */
        /*0380*/                   FFMA R19, R19, R0, 0.0009765625 ;                     /* 0x3a80000013137423 */
                                                                                         /* 0x000fc80000000000 */
        /*0390*/                   FFMA R19, R19, R0, 0.0009765625 ;                     /* 0x3a80000013137423 */
                                                                                         /* 0x000fc80000000000 */
        /*03a0*/                   FFMA R19, R19, R0, 0.0009765625 ;                     /* 0x3a80000013137423 */
                                                                                         /* 0x000fc80000000000 */
        /*03b0*/                   FFMA R19, R19, R0, 0.0009765625 ;                     /* 0x3a80000013137423 */
                                                                                         /* 0x000fc80000000000 */
        /*03c0*/                   FFMA R19, R19, R0, 0.0009765625 ;                     /* 0x3a80000013137423 */
                                                                                         /* 0x000fc80000000000 */
        /*03d0*/                   FFMA R19, R19, R0, 0.0009765625 ;                     /* 0x3a80000013137423 */
                                                                                         /* 0x000fc80000000000 */
        /*03e0*/                   FFMA R19, R19, R0, 0.0009765625 ;                     /* 0x3a80000013137423 */
                                                                                         /* 0x000fc80000000000 */
        /*03f0*/                   FFMA R19, R19, R0, 0.0009765625 ;                     /* 0x3a80000013137423 */
                                                                                         /* 0x000fc80000000000 */
        /*0400*/                   FFMA R19, R19, R0, 0.0009765625 ;                     /* 0x3a80000013137423 */
                                                                                         /* 0x000fc80000000000 */
        /*0410*/                   FFMA R19, R19, R0, 0.0009765625 ;                     /* 0x3a80000013137423 */
                                                                                         /* 0x000fc80000000000 */
        /*0420*/                   FFMA R19, R19, R0, 0.0009765625 ;                     /* 0x3a80000013137423 */
                                                                                         /* 0x000fc80000000000 */
        /*0430*/                   FFMA R19, R19, R0, 0.0009765625 ;                     /* 0x3a80000013137423 */
                                                                                         /* 0x000fc80000000000 */
        /*0440*/                   FFMA R19, R19, R0, 0.0009765625 ;                     /* 0x3a80000013137423 */
                                                                                         /* 0x000fc80000000000 */
        /*0450*/                   FFMA R19, R19, R0, 0.0009765625 ;                     /* 0x3a80000013137423 */
                                                                                         /* 0x000fc80000000000 */
        /*0460*/                   FFMA R19, R19, R0, 0.0009765625 ;                     /* 0x3a80000013137423 */
                                                                                         /* 0x000fc80000000000 */
        /*0470*/                   FFMA R19, R19, R0, 0.0009765625 ;                     /* 0x3a80000013137423 */
                                                                                         /* 0x000fc80000000000 */
        /*0480*/                   FFMA R19, R19, R0, 0.0009765625 ;                     /* 0x3a80000013137423 */
                                                                                         /* 0x000fc80000000000 */
        /*0490*/                   FFMA R19, R19, R0, 0.0009765625 ;                     /* 0x3a80000013137423 */
                                                                                         /* 0x000fc80000000000 */
        /*04a0*/                   FFMA R19, R19, R0, 0.0009765625 ;                     /* 0x3a80000013137423 */
                                                                                         /* 0x000fc80000000000 */
        /*04b0*/                   FFMA R19, R19, R0, 0.0009765625 ;                     /* 0x3a80000013137423 */
                                                                                         /* 0x000fc80000000000 */
        /*04c0*/                   FFMA R19, R19, R0, 0.0009765625 ;                     /* 0x3a80000013137423 */
                                                                                         /* 0x000fc80000000000 */
        /*04d0*/                   FFMA R19, R19, R0, 0.0009765625 ;                     /* 0x3a80000013137423 */
                                                                                         /* 0x000fc80000000000 */
        /*04e0*/                   FFMA R19, R19, R0, 0.0009765625 ;                     /* 0x3a80000013137423 */
                                                                                         /* 0x000fc80000000000 */
        /*04f0*/                   FFMA R19, R19, R0, 0.0009765625 ;                     /* 0x3a80000013137423 */
                                                                                         /* 0x000fc80000000000 */
        /*0500*/                   FFMA R19, R19, R0, 0.0009765625 ;                     /* 0x3a80000013137423 */
                                                                                         /* 0x000fc80000000000 */
        /*0510*/                   FFMA R19, R19, R0, 0.0009765625 ;                     /* 0x3a80000013137423 */
                                                                                         /* 0x000fc80000000000 */
        /*0520*/                   FFMA R19, R19, R0, 0.0009765625 ;                     /* 0x3a80000013137423 */
                                                                                         /* 0x000fc80000000000 */
        /*0530*/                   FFMA R19, R19, R0, 0.0009765625 ;                     /* 0x3a80000013137423 */
                                                                                         /* 0x000fc80000000000 */
        /*0540*/                   FFMA R19, R19, R0, 0.0009765625 ;                     /* 0x3a80000013137423 */
                                                                                         /* 0x000fc80000000000 */
        /*0550*/                   FFMA R19, R19, R0, 0.0009765625 ;                     /* 0x3a80000013137423 */
                                                                                         /* 0x000fc80000000000 */
        /*0560*/                   FFMA R19, R19, R0, 0.0009765625 ;                     /* 0x3a80000013137423 */
                                                                                         /* 0x000fc80000000000 */
        /*0570*/                   FFMA R19, R19, R0, 0.0009765625 ;                     /* 0x3a80000013137423 */
                                                                                         /* 0x000fc80000000000 */
        /*0580*/                   FFMA R19, R19, R0, 0.0009765625 ;                     /* 0x3a80000013137423 */
                                                                                         /* 0x000fc80000000000 */
        /*0590*/                   FFMA R19, R19, R0, 0.0009765625 ;                     /* 0x3a80000013137423 */
                                                                                         /* 0x000fc80000000000 */
        /*05a0*/                   FFMA R19, R19, R0, 0.0009765625 ;                     /* 0x3a80000013137423 */
                                                                                         /* 0x000fc80000000000 */
        /*05b0*/                   FFMA R19, R19, R0, 0.0009765625 ;                     /* 0x3a80000013137423 */
                                                                                         /* 0x000fca0000000000 */
        /*05c0*/                   LOP3.LUT R13, R10, R19, RZ, 0x3c, !PT ;               /* 0x000000130a0d7212 */
                                                                                         /* 0x000fe200078e3cff */
        /*05d0*/              @!P0 BRA 0x150 ;                                           /* 0xfffffff800dc8947 */
                                                                                         /* 0x000fec000383ffff */
        /*05e0*/                   BSYNC.RECONVERGENT B0 ;                               /* 0x0000000000007941 */
                                                                                         /* 0x001fea0003800200 */
        /*05f0*/                   STG.E desc[UR4][R2.64], R13 ;                         /* 0x0000000d02007986 */
                                                                                         /* 0x000fe8000c101904 */
        /*0600*/                   STG.E desc[UR4][R4.64], R11 ;                         /* 0x0000000b04007986 */
                                                                                         /* 0x000fe8000c101904 */
        /*0610*/                   STG.E desc[UR4][R6.64], RZ ;                          /* 0x000000ff06007986 */
                                                                                         /* 0x000fe2000c101904 */
        /*0620*/                   EXIT ;                                                /* 0x000000000000794d */
                                                                                         /* 0x000fea0003800000 */
        /*0630*/                   BRA 0x630;                                            /* 0xfffffffc00fc7947 */
                                                                                         /* 0x000fc0000383ffff */
        /*0640*/                   NOP;                                                  /* 0x0000000000007918 */
                                                                                         /* 0x000fc00000000000 */
        /*0650*/                   NOP;                                                  /* 0x0000000000007918 */
                                                                                         /* 0x000fc00000000000 */
        /*0660*/                   NOP;                                                  /* 0x0000000000007918 */
                                                                                         /* 0x000fc00000000000 */
        /*0670*/                   NOP;                                                  /* 0x0000000000007918 */
                                                                                         /* 0x000fc00000000000 */
        /*0680*/                   NOP;                                                  /* 0x0000000000007918 */
                                                                                         /* 0x000fc00000000000 */
        /*0690*/                   NOP;                                                  /* 0x0000000000007918 */
                                                                                         /* 0x000fc00000000000 */
        /*06a0*/                   NOP;                                                  /* 0x0000000000007918 */
                                                                                         /* 0x000fc00000000000 */
        /*06b0*/                   NOP;                                                  /* 0x0000000000007918 */
                                                                                         /* 0x000fc00000000000 */
        /*06c0*/                   NOP;                                                  /* 0x0000000000007918 */
                                                                                         /* 0x000fc00000000000 */
        /*06d0*/                   NOP;                                                  /* 0x0000000000007918 */
                                                                                         /* 0x000fc00000000000 */
        /*06e0*/                   NOP;                                                  /* 0x0000000000007918 */
                                                                                         /* 0x000fc00000000000 */
        /*06f0*/                   NOP;                                                  /* 0x0000000000007918 */
                                                                                         /* 0x000fc00000000000 */
		..........


		Function : _Z14energy_fixtureILi1ELi16ELi0ELi0EEvPKjPjj
	.headerflags	@"EF_CUDA_SM120 EF_CUDA_VIRTUAL_SM(EF_CUDA_SM120)"
        /*0000*/                   LDC R1, c[0x0][0x37c] ;                               /* 0x0000df00ff017b82 */
                                                                                         /* 0x000fe20000000800 */
        /*0010*/                   S2R R0, SR_TID.X ;                                    /* 0x0000000000007919 */
                                                                                         /* 0x000e2e0000002100 */
        /*0020*/                   S2UR UR4, SR_CTAID.X ;                                /* 0x00000000000479c3 */
                                                                                         /* 0x000e220000002500 */
        /*0030*/                   LDCU UR6, c[0x0][0x390] ;                             /* 0x00007200ff0677ac */
                                                                                         /* 0x000e620008000800 */
        /*0040*/                   BSSY.RECONVERGENT B0, 0x2f0 ;                         /* 0x000002a000007945 */
                                                                                         /* 0x000fe20003800200 */
        /*0050*/                   HFMA2 R15, -RZ, RZ, 0, 0 ;                            /* 0x00000000ff0f7431 */
                                                                                         /* 0x000fca00000001ff */
        /*0060*/                   LDC R11, c[0x0][0x360] ;                              /* 0x0000d800ff0b7b82 */
                                                                                         /* 0x000e300000000800 */
        /*0070*/                   LDC.64 R6, c[0x0][0x388] ;                            /* 0x0000e200ff067b82 */
                                                                                         /* 0x000ea20000000a00 */
        /*0080*/                   IMAD R11, R11, UR4, R0 ;                              /* 0x000000040b0b7c24 */
                                                                                         /* 0x001fe2000f8e0200 */
        /*0090*/                   LDCU.64 UR4, c[0x0][0x358] ;                          /* 0x00006b00ff0477ac */
                                                                                         /* 0x000e280008000a00 */
        /*00a0*/                   ISETP.GE.U32.AND P0, PT, R11.reuse, UR6, PT ;         /* 0x000000060b007c0c */
                                                                                         /* 0x042fe2000bf06070 */
        /*00b0*/                   LEA R3, R11, R11, 0x1 ;                               /* 0x0000000b0b037211 */
                                                                                         /* 0x000fca00078e08ff */
        /*00c0*/                   IADD R5, R3.reuse, 0x1 ;                              /* 0x0000000103057835 */
                                                                                         /* 0x040fe200078e0000 */
        /*00d0*/                   IADD R9, R3.reuse, 0x2 ;                              /* 0x0000000203097835 */
                                                                                         /* 0x040fe200078e0000 */
        /*00e0*/                   IMAD.WIDE.U32 R2, R3, 0x4, R6 ;                       /* 0x0000000403027825 */
                                                                                         /* 0x004fc800078e0006 */
        /*00f0*/                   IMAD.WIDE.U32 R4, R5, 0x4, R6 ;                       /* 0x0000000405047825 */
                                                                                         /* 0x000fc800078e0006 */
        /*0100*/                   IMAD.WIDE.U32 R6, R9, 0x4, R6 ;                       /* 0x0000000409067825 */
                                                                                         /* 0x000fe200078e0006 */
        /*0110*/               @P0 BRA 0x2e0 ;                                           /* 0x0000000000700947 */
                                                                                         /* 0x000fec0003800000 */
        /*0120*/                   LDC.64 R8, c[0x0][0x380] ;                            /* 0x0000e000ff087b82 */
                                                                                         /* 0x000e620000000a00 */
        /*0130*/                   MOV R15, RZ ;                                         /* 0x000000ff000f7202 */
                                                                                         /* 0x000fe20000000f00 */
        /*0140*/                   MOV R17, R11 ;                                        /* 0x0000000b00117202 */
                                                                                         /* 0x001fce0000000f00 */
        /*0150*/                   IMAD.WIDE.U32 R12, R17, 0x4, R8 ;                     /* 0x00000004110c7825 */
                                                                                         /* 0x002fcc00078e0008 */
        /*0160*/                   LDG.E.STRONG.GPU R12, desc[UR4][R12.64] ;             /* 0x000000040c0c7981 */
                                                                                         /* 0x000ea2000c1ef900 */
        /*0170*/                   MOV R19, 0x3f7fc000 ;                                 /* 0x3f7fc00000137802 */
                                                                                         /* 0x000fe20000000f00 */
        /*0180*/                   IADD R17, R17, 0xbc00 ;                               /* 0x0000bc0011117835 */
                                                                                         /* 0x000fe200078e0000 */
        /*0190*/                   HFMA2 R10, -RZ, RZ, 1.490116119384765625e-06, 1549 ;  /* 0x0019660dff0a7431 */
                                                                                         /* 0x000fc800000001ff */
        /*01a0*/                   ISETP.GE.U32.AND P0, PT, R17, UR6, PT ;               /* 0x0000000611007c0c */
                                                                                         /* 0x000fe2000bf06070 */
        /*01b0*/                   IMAD R15, R15, R10, 0x3c6ef35f ;                      /* 0x3c6ef35f0f0f7424 */
                                                                                         /* 0x000fe400078e020a */
        /*01c0*/                   FFMA R0, R12, R19, 0.0009765625 ;                     /* 0x3a8000000c007423 */
                                                                                         /* 0x004fc80000000013 */
        /*01d0*/                   FFMA R0, R0, R19, 0.0009765625 ;                      /* 0x3a80000000007423 */
                                                                                         /* 0x000fc80000000013 */
        /*01e0*/                   FFMA R0, R0, R19, 0.0009765625 ;                      /* 0x3a80000000007423 */
                                                                                         /* 0x000fc80000000013 */
        /*01f0*/                   FFMA R0, R0, R19, 0.0009765625 ;                      /* 0x3a80000000007423 */
                                                                                         /* 0x000fc80000000013 */
        /*0200*/                   FFMA R0, R0, R19, 0.0009765625 ;                      /* 0x3a80000000007423 */
                                                                                         /* 0x000fc80000000013 */
        /*0210*/                   FFMA R0, R0, R19, 0.0009765625 ;                      /* 0x3a80000000007423 */
                                                                                         /* 0x000fc80000000013 */
        /*0220*/                   FFMA R0, R0, R19, 0.0009765625 ;                      /* 0x3a80000000007423 */
                                                                                         /* 0x000fc80000000013 */
        /*0230*/                   FFMA R0, R0, R19, 0.0009765625 ;                      /* 0x3a80000000007423 */
                                                                                         /* 0x000fc80000000013 */
        /*0240*/                   FFMA R0, R0, R19, 0.0009765625 ;                      /* 0x3a80000000007423 */
                                                                                         /* 0x000fc80000000013 */
        /*0250*/                   FFMA R0, R0, R19, 0.0009765625 ;                      /* 0x3a80000000007423 */
                                                                                         /* 0x000fc80000000013 */
        /*0260*/                   FFMA R0, R0, R19, 0.0009765625 ;                      /* 0x3a80000000007423 */
                                                                                         /* 0x000fc80000000013 */
        /*0270*/                   FFMA R0, R0, R19, 0.0009765625 ;                      /* 0x3a80000000007423 */
                                                                                         /* 0x000fc80000000013 */
        /*0280*/                   FFMA R0, R0, R19, 0.0009765625 ;                      /* 0x3a80000000007423 */
                                                                                         /* 0x000fc80000000013 */
        /*0290*/                   FFMA R0, R0, R19, 0.0009765625 ;                      /* 0x3a80000000007423 */
                                                                                         /* 0x000fc80000000013 */
        /*02a0*/                   FFMA R0, R0, R19, 0.0009765625 ;                      /* 0x3a80000000007423 */
                                                                                         /* 0x000fc80000000013 */
        /*02b0*/                   FFMA R0, R0, R19, 0.0009765625 ;                      /* 0x3a80000000007423 */
                                                                                         /* 0x000fca0000000013 */
        /*02c0*/                   LOP3.LUT R15, R15, R0, RZ, 0x3c, !PT ;                /* 0x000000000f0f7212 */
                                                                                         /* 0x000fe200078e3cff */
        /*02d0*/              @!P0 BRA 0x150 ;                                           /* 0xfffffffc009c8947 */
                                                                                         /* 0x000fec000383ffff */
        /*02e0*/                   BSYNC.RECONVERGENT B0 ;                               /* 0x0000000000007941 */
                                                                                         /* 0x001fea0003800200 */
        /*02f0*/                   STG.E desc[UR4][R2.64], R15 ;                         /* 0x0000000f02007986 */
                                                                                         /* 0x000fe8000c101904 */
        /*0300*/                   STG.E desc[UR4][R4.64], R11 ;                         /* 0x0000000b04007986 */
                                                                                         /* 0x000fe8000c101904 */
        /*0310*/                   STG.E desc[UR4][R6.64], RZ ;                          /* 0x000000ff06007986 */
                                                                                         /* 0x000fe2000c101904 */
        /*0320*/                   EXIT ;                                                /* 0x000000000000794d */
                                                                                         /* 0x000fea0003800000 */
        /*0330*/                   BRA 0x330;                                            /* 0xfffffffc00fc7947 */
                                                                                         /* 0x000fc0000383ffff */
        /*0340*/                   NOP;                                                  /* 0x0000000000007918 */
                                                                                         /* 0x000fc00000000000 */
        /*0350*/                   NOP;                                                  /* 0x0000000000007918 */
                                                                                         /* 0x000fc00000000000 */
        /*0360*/                   NOP;                                                  /* 0x0000000000007918 */
                                                                                         /* 0x000fc00000000000 */
        /*0370*/                   NOP;                                                  /* 0x0000000000007918 */
                                                                                         /* 0x000fc00000000000 */
        /*0380*/                   NOP;                                                  /* 0x0000000000007918 */
                                                                                         /* 0x000fc00000000000 */
        /*0390*/                   NOP;                                                  /* 0x0000000000007918 */
                                                                                         /* 0x000fc00000000000 */
        /*03a0*/                   NOP;                                                  /* 0x0000000000007918 */
                                                                                         /* 0x000fc00000000000 */
        /*03b0*/                   NOP;                                                  /* 0x0000000000007918 */
                                                                                         /* 0x000fc00000000000 */
        /*03c0*/                   NOP;                                                  /* 0x0000000000007918 */
                                                                                         /* 0x000fc00000000000 */
        /*03d0*/                   NOP;                                                  /* 0x0000000000007918 */
                                                                                         /* 0x000fc00000000000 */
        /*03e0*/                   NOP;                                                  /* 0x0000000000007918 */
                                                                                         /* 0x000fc00000000000 */
        /*03f0*/                   NOP;                                                  /* 0x0000000000007918 */
                                                                                         /* 0x000fc00000000000 */
		..........


		Function : _Z14energy_fixtureILi64ELi0ELi0ELi0EEvPKjPjj
	.headerflags	@"EF_CUDA_SM120 EF_CUDA_VIRTUAL_SM(EF_CUDA_SM120)"
        /*0000*/                   LDC R1, c[0x0][0x37c] ;                               /* 0x0000df00ff017b82 */
                                                                                         /* 0x000fe20000000800 */
        /*0010*/                   S2R R0, SR_TID.X ;                                    /* 0x0000000000007919 */
                                                                                         /* 0x000e2e0000002100 */
        /*0020*/                   S2UR UR4, SR_CTAID.X ;                                /* 0x00000000000479c3 */
                                                                                         /* 0x000e220000002500 */
        /*0030*/                   LDCU UR6, c[0x0][0x390] ;                             /* 0x00007200ff0677ac */
                                                                                         /* 0x000e620008000800 */
        /*0040*/                   BSSY.RECONVERGENT B0, 0xdb0 ;                         /* 0x00000d6000007945 */
                                                                                         /* 0x000fe20003800200 */
        /*0050*/                   HFMA2 R35, -RZ, RZ, 0, 0 ;                            /* 0x00000000ff237431 */
                                                                                         /* 0x000fca00000001ff */
        /*0060*/                   LDC R11, c[0x0][0x360] ;                              /* 0x0000d800ff0b7b82 */
                                                                                         /* 0x000e300000000800 */
        /*0070*/                   LDC.64 R6, c[0x0][0x388] ;                            /* 0x0000e200ff067b82 */
                                                                                         /* 0x000ea20000000a00 */
        /*0080*/                   IMAD R11, R11, UR4, R0 ;                              /* 0x000000040b0b7c24 */
                                                                                         /* 0x001fe2000f8e0200 */
        /*0090*/                   LDCU.64 UR4, c[0x0][0x358] ;                          /* 0x00006b00ff0477ac */
                                                                                         /* 0x000e260008000a00 */
        /*00a0*/                   IMAD R3, R11.reuse, 0x3, RZ ;                         /* 0x000000030b037824 */
                                                                                         /* 0x040fe200078e02ff */
        /*00b0*/                   ISETP.GE.U32.AND P0, PT, R11, UR6, PT ;               /* 0x000000060b007c0c */
                                                                                         /* 0x002fc8000bf06070 */
        /*00c0*/                   IADD R5, R3.reuse, 0x1 ;                              /* 0x0000000103057835 */
                                                                                         /* 0x040fe200078e0000 */
        /*00d0*/                   IADD R9, R3.reuse, 0x2 ;                              /* 0x0000000203097835 */
                                                                                         /* 0x040fe200078e0000 */
        /*00e0*/                   IMAD.WIDE.U32 R2, R3, 0x4, R6 ;                       /* 0x0000000403027825 */
                                                                                         /* 0x004fc800078e0006 */
        /*00f0*/                   IMAD.WIDE.U32 R4, R5, 0x4, R6 ;                       /* 0x0000000405047825 */
                                                                                         /* 0x000fc800078e0006 */
        /*0100*/                   IMAD.WIDE.U32 R6, R9, 0x4, R6 ;                       /* 0x0000000409067825 */
                                                                                         /* 0x000fe200078e0006 */
        /*0110*/               @P0 BRA 0xda0 ;                                           /* 0x0000000c00200947 */
                                                                                         /* 0x000fec0003800000 */
        /*0120*/                   MOV R35, RZ ;                                         /* 0x000000ff00237202 */
                                                                                         /* 0x000fe20000000f00 */
        /*0130*/                   MOV R0, R11 ;                                         /* 0x0000000b00007202 */
                                                                                         /* 0x001fce0000000f00 */
        /*0140*/                   LDC.64 R8, c[0x0][0x380] ;                            /* 0x0000e000ff087b82 */
                                                                                         /* 0x000e240000000a00 */
        /*0150*/                   IMAD.WIDE.U32 R8, R0, 0x4, R8 ;                       /* 0x0000000400087825 */
                                                                                         /* 0x001fca00078e0008 */
        /*0160*/                   LDG.E.STRONG.GPU R12, desc[UR4][R8.64] ;              /* 0x00000004080c7981 */
                                                                                         /* 0x000ea8000c1ef900 */
        /*0170*/                   LDG.E.STRONG.GPU R13, desc[UR4][R8.64+0x4] ;          /* 0x00000404080d7981 */
                                                                                         /* 0x000ee8000c1ef900 */
        /*0180*/                   LDG.E.STRONG.GPU R14, desc[UR4][R8.64+0x8] ;          /* 0x00000804080e7981 */
                                                                                         /* 0x000f28000c1ef900 */
        /*0190*/                   LDG.E.STRONG.GPU R15, desc[UR4][R8.64+0xc] ;          /* 0x00000c04080f7981 */
                                                                                         /* 0x000f68000c1ef900 */
        /*01a0*/                   LDG.E.STRONG.GPU R16, desc[UR4][R8.64+0x10] ;         /* 0x0000100408107981 */
                                                                                         /* 0x000f68000c1ef900 */
        /*01b0*/                   LDG.E.STRONG.GPU R17, desc[UR4][R8.64+0x14] ;         /* 0x0000140408117981 */
                                                                                         /* 0x000f68000c1ef900 */
        /*01c0*/                   LDG.E.STRONG.GPU R18, desc[UR4][R8.64+0x18] ;         /* 0x0000180408127981 */
                                                                                         /* 0x000f68000c1ef900 */
        /*01d0*/                   LDG.E.STRONG.GPU R19, desc[UR4][R8.64+0x1c] ;         /* 0x00001c0408137981 */
                                                                                         /* 0x000f68000c1ef900 */
        /*01e0*/                   LDG.E.STRONG.GPU R20, desc[UR4][R8.64+0x20] ;         /* 0x0000200408147981 */
                                                                                         /* 0x000f68000c1ef900 */
        /*01f0*/                   LDG.E.STRONG.GPU R21, desc[UR4][R8.64+0x24] ;         /* 0x0000240408157981 */
                                                                                         /* 0x000f68000c1ef900 */
        /*0200*/                   LDG.E.STRONG.GPU R22, desc[UR4][R8.64+0x28] ;         /* 0x0000280408167981 */
                                                                                         /* 0x000f68000c1ef900 */
        /*0210*/                   LDG.E.STRONG.GPU R23, desc[UR4][R8.64+0x2c] ;         /* 0x00002c0408177981 */
                                                                                         /* 0x000f68000c1ef900 */
        /*0220*/                   LDG.E.STRONG.GPU R24, desc[UR4][R8.64+0x30] ;         /* 0x0000300408187981 */
                                                                                         /* 0x000f68000c1ef900 */
        /*0230*/                   LDG.E.STRONG.GPU R25, desc[UR4][R8.64+0x34] ;         /* 0x0000340408197981 */
                                                                                         /* 0x000f68000c1ef900 */
        /*0240*/                   LDG.E.STRONG.GPU R26, desc[UR4][R8.64+0x38] ;         /* 0x00003804081a7981 */
                                                                                         /* 0x000f68000c1ef900 */
        /*0250*/                   LDG.E.STRONG.GPU R27, desc[UR4][R8.64+0x3c] ;         /* 0x00003c04081b7981 */
                                                                                         /* 0x000f68000c1ef900 */
        /*0260*/                   LDG.E.STRONG.GPU R28, desc[UR4][R8.64+0x40] ;         /* 0x00004004081c7981 */
                                                                                         /* 0x000f68000c1ef900 */
        /*0270*/                   LDG.E.STRONG.GPU R30, desc[UR4][R8.64+0x44] ;         /* 0x00004404081e7981 */
                                                                                         /* 0x000f68000c1ef900 */
        /*0280*/                   LDG.E.STRONG.GPU R31, desc[UR4][R8.64+0x48] ;         /* 0x00004804081f7981 */
                                                                                         /* 0x000f68000c1ef900 */
        /*0290*/                   LDG.E.STRONG.GPU R32, desc[UR4][R8.64+0x4c] ;         /* 0x00004c0408207981 */
                                                                                         /* 0x000f68000c1ef900 */
        /*02a0*/                   LDG.E.STRONG.GPU R33, desc[UR4][R8.64+0x50] ;         /* 0x0000500408217981 */
                                                                                         /* 0x000f62000c1ef900 */
        /*02b0*/                   MOV R10, 0x19660d ;                                   /* 0x0019660d000a7802 */
                                                                                         /* 0x000fc60000000f00 */
        /*02c0*/                   LDG.E.STRONG.GPU R29, desc[UR4][R8.64+0x54] ;         /* 0x00005404081d7981 */
                                                                                         /* 0x000f64000c1ef900 */
        /*02d0*/                   IMAD R35, R35, R10, 0x3c6ef35f ;                      /* 0x3c6ef35f23237424 */
                                                                                         /* 0x000fca00078e020a */
        /*02e0*/                   LOP3.LUT R35, R12, R35, RZ, 0x3c, !PT ;               /* 0x000000230c237212 */
                                                                                         /* 0x004fe400078e3cff */
        /*02f0*/                   LDG.E.STRONG.GPU R12, desc[UR4][R8.64+0x58] ;         /* 0x00005804080c7981 */
                                                                                         /* 0x000ea6000c1ef900 */
        /*0300*/                   IMAD R34, R35, R10, 0x3c6ef35f ;                      /* 0x3c6ef35f23227424 */
                                                                                         /* 0x000fca00078e020a */
        /*0310*/                   LOP3.LUT R35, R13, R34, RZ, 0x3c, !PT ;               /* 0x000000220d237212 */
                                                                                         /* 0x008fe400078e3cff */
        /*0320*/                   LDG.E.STRONG.GPU R13, desc[UR4][R8.64+0x5c] ;         /* 0x00005c04080d7981 */
                                                                                         /* 0x000ee6000c1ef900 */
        /*0330*/                   IMAD R35, R35, R10, 0x3c6ef35f ;                      /* 0x3c6ef35f23237424 */
                                                                                         /* 0x000fca00078e020a */
        /*0340*/                   LOP3.LUT R35, R14, R35, RZ, 0x3c, !PT ;               /* 0x000000230e237212 */
                                                                                         /* 0x010fe400078e3cff */
        /*0350*/                   LDG.E.STRONG.GPU R14, desc[UR4][R8.64+0x60] ;         /* 0x00006004080e7981 */
                                                                                         /* 0x000f26000c1ef900 */
        /*0360*/                   IMAD R34, R35, R10, 0x3c6ef35f ;                      /* 0x3c6ef35f23227424 */
                                                                                         /* 0x000fca00078e020a */
        /*0370*/                   LOP3.LUT R35, R15, R34, RZ, 0x3c, !PT ;               /* 0x000000220f237212 */
                                                                                         /* 0x020fe400078e3cff */
        /*0380*/                   LDG.E.STRONG.GPU R15, desc[UR4][R8.64+0x64] ;         /* 0x00006404080f7981 */
                                                                                         /* 0x000f66000c1ef900 */
        /*0390*/                   IMAD R35, R35, R10, 0x3c6ef35f ;                      /* 0x3c6ef35f23237424 */
                                                                                         /* 0x000fca00078e020a */
        /*03a0*/                   LOP3.LUT R35, R16, R35, RZ, 0x3c, !PT ;               /* 0x0000002310237212 */
                                                                                         /* 0x000fe400078e3cff */
        /*03b0*/                   LDG.E.STRONG.GPU R16, desc[UR4][R8.64+0x68] ;         /* 0x0000680408107981 */
                                                                                         /* 0x000f66000c1ef900 */
        /*03c0*/                   IMAD R34, R35, R10, 0x3c6ef35f ;                      /* 0x3c6ef35f23227424 */
                                                                                         /* 0x000fca00078e020a */
        /*03d0*/                   LOP3.LUT R35, R17, R34, RZ, 0x3c, !PT ;               /* 0x0000002211237212 */
                                                                                         /* 0x000fe400078e3cff */
        /*03e0*/                   LDG.E.STRONG.GPU R17, desc[UR4][R8.64+0x6c] ;         /* 0x00006c0408117981 */
                                                                                         /* 0x000f66000c1ef900 */
        /*03f0*/                   IMAD R35, R35, R10, 0x3c6ef35f ;                      /* 0x3c6ef35f23237424 */
                                                                                         /* 0x000fca00078e020a */
        /*0400*/                   LOP3.LUT R35, R18, R35, RZ, 0x3c, !PT ;               /* 0x0000002312237212 */
                                                                                         /* 0x000fe400078e3cff */
        /*0410*/                   LDG.E.STRONG.GPU R18, desc[UR4][R8.64+0x70] ;         /* 0x0000700408127981 */
                                                                                         /* 0x000f66000c1ef900 */
        /*0420*/                   IMAD R34, R35, R10, 0x3c6ef35f ;                      /* 0x3c6ef35f23227424 */
                                                                                         /* 0x000fca00078e020a */
        /*0430*/                   LOP3.LUT R35, R19, R34, RZ, 0x3c, !PT ;               /* 0x0000002213237212 */
                                                                                         /* 0x000fe400078e3cff */
        /*0440*/                   LDG.E.STRONG.GPU R19, desc[UR4][R8.64+0x74] ;         /* 0x0000740408137981 */
                                                                                         /* 0x000f66000c1ef900 */
        /*0450*/                   IMAD R35, R35, R10, 0x3c6ef35f ;                      /* 0x3c6ef35f23237424 */
                                                                                         /* 0x000fca00078e020a */
        /*0460*/                   LOP3.LUT R35, R20, R35, RZ, 0x3c, !PT ;               /* 0x0000002314237212 */
                                                                                         /* 0x000fe400078e3cff */
        /*0470*/                   LDG.E.STRONG.GPU R20, desc[UR4][R8.64+0x78] ;         /* 0x0000780408147981 */
                                                                                         /* 0x000f66000c1ef900 */
        /*0480*/                   IMAD R34, R35, R10, 0x3c6ef35f ;                      /* 0x3c6ef35f23227424 */
                                                                                         /* 0x000fca00078e020a */
        /*0490*/                   LOP3.LUT R35, R21, R34, RZ, 0x3c, !PT ;               /* 0x0000002215237212 */
                                                                                         /* 0x000fe400078e3cff */
        /*04a0*/                   LDG.E.STRONG.GPU R21, desc[UR4][R8.64+0x7c] ;         /* 0x00007c0408157981 */
                                                                                         /* 0x000f66000c1ef900 */
        /*04b0*/                   IMAD R35, R35, R10, 0x3c6ef35f ;                      /* 0x3c6ef35f23237424 */
                                                                                         /* 0x000fca00078e020a */
        /*04c0*/                   LOP3.LUT R35, R22, R35, RZ, 0x3c, !PT ;               /* 0x0000002316237212 */
                                                                                         /* 0x000fe400078e3cff */
        /*04d0*/                   LDG.E.STRONG.GPU R22, desc[UR4][R8.64+0x80] ;         /* 0x0000800408167981 */
                                                                                         /* 0x000f66000c1ef900 */
        /*04e0*/                   IMAD R34, R35, R10, 0x3c6ef35f ;                      /* 0x3c6ef35f23227424 */
                                                                                         /* 0x000fca00078e020a */
        /*04f0*/                   LOP3.LUT R35, R23, R34, RZ, 0x3c, !PT ;               /* 0x0000002217237212 */
                                                                                         /* 0x000fe400078e3cff */
        /*0500*/                   LDG.E.STRONG.GPU R23, desc[UR4][R8.64+0x84] ;         /* 0x0000840408177981 */
                                                                                         /* 0x000f66000c1ef900 */
        /*0510*/                   IMAD R35, R35, R10, 0x3c6ef35f ;                      /* 0x3c6ef35f23237424 */
                                                                                         /* 0x000fca00078e020a */
        /*0520*/                   LOP3.LUT R35, R24, R35, RZ, 0x3c, !PT ;               /* 0x0000002318237212 */
                                                                                         /* 0x000fe400078e3cff */
        /*0530*/                   LDG.E.STRONG.GPU R24, desc[UR4][R8.64+0x88] ;         /* 0x0000880408187981 */
                                                                                         /* 0x000f66000c1ef900 */
        /*0540*/                   IMAD R34, R35, R10, 0x3c6ef35f ;                      /* 0x3c6ef35f23227424 */
                                                                                         /* 0x000fca00078e020a */
        /*0550*/                   LOP3.LUT R35, R25, R34, RZ, 0x3c, !PT ;               /* 0x0000002219237212 */
                                                                                         /* 0x000fe400078e3cff */
        /*0560*/                   LDG.E.STRONG.GPU R25, desc[UR4][R8.64+0x8c] ;         /* 0x00008c0408197981 */
                                                                                         /* 0x000f66000c1ef900 */
        /*0570*/                   IMAD R35, R35, R10, 0x3c6ef35f ;                      /* 0x3c6ef35f23237424 */
                                                                                         /* 0x000fca00078e020a */
        /*0580*/                   LOP3.LUT R35, R26, R35, RZ, 0x3c, !PT ;               /* 0x000000231a237212 */
                                                                                         /* 0x000fe400078e3cff */
        /*0590*/                   LDG.E.STRONG.GPU R26, desc[UR4][R8.64+0x90] ;         /* 0x00009004081a7981 */
                                                                                         /* 0x000f66000c1ef900 */
        /*05a0*/                   IMAD R34, R35, R10, 0x3c6ef35f ;                      /* 0x3c6ef35f23227424 */
                                                                                         /* 0x000fca00078e020a */
        /*05b0*/                   LOP3.LUT R35, R27, R34, RZ, 0x3c, !PT ;               /* 0x000000221b237212 */
                                                                                         /* 0x000fe400078e3cff */
        /*05c0*/                   LDG.E.STRONG.GPU R27, desc[UR4][R8.64+0x94] ;         /* 0x00009404081b7981 */
                                                                                         /* 0x000f66000c1ef900 */
        /*05d0*/                   IMAD R35, R35, R10, 0x3c6ef35f ;                      /* 0x3c6ef35f23237424 */
                                                                                         /* 0x000fca00078e020a */
        /*05e0*/                   LOP3.LUT R35, R28, R35, RZ, 0x3c, !PT ;               /* 0x000000231c237212 */
                                                                                         /* 0x000fe400078e3cff */
        /*05f0*/                   LDG.E.STRONG.GPU R28, desc[UR4][R8.64+0x98] ;         /* 0x00009804081c7981 */
                                                                                         /* 0x000f66000c1ef900 */
        /*0600*/                   IMAD R35, R35, R10, 0x3c6ef35f ;                      /* 0x3c6ef35f23237424 */
                                                                                         /* 0x000fca00078e020a */
        /*0610*/                   LOP3.LUT R35, R30, R35, RZ, 0x3c, !PT ;               /* 0x000000231e237212 */
                                                                                         /* 0x000fe400078e3cff */
        /*0620*/                   LDG.E.STRONG.GPU R30, desc[UR4][R8.64+0x9c] ;         /* 0x00009c04081e7981 */
                                                                                         /* 0x000f66000c1ef900 */
        /*0630*/                   IMAD R34, R35, R10, 0x3c6ef35f ;                      /* 0x3c6ef35f23227424 */
                                                                                         /* 0x000fca00078e020a */
        /*0640*/                   LOP3.LUT R35, R31, R34, RZ, 0x3c, !PT ;               /* 0x000000221f237212 */
                                                                                         /* 0x000fe400078e3cff */
        /*0650*/                   LDG.E.STRONG.GPU R31, desc[UR4][R8.64+0xa0] ;         /* 0x0000a004081f7981 */
                                                                                         /* 0x000f66000c1ef900 */
        /*0660*/                   IMAD R35, R35, R10, 0x3c6ef35f ;                      /* 0x3c6ef35f23237424 */
                                                                                         /* 0x000fca00078e020a */
        /*0670*/                   LOP3.LUT R35, R32, R35, RZ, 0x3c, !PT ;               /* 0x0000002320237212 */
                                                                                         /* 0x000fe400078e3cff */
        /*0680*/                   LDG.E.STRONG.GPU R32, desc[UR4][R8.64+0xa4] ;         /* 0x0000a40408207981 */
                                                                                         /* 0x000f66000c1ef900 */
        /*0690*/                   IMAD R34, R35, R10, 0x3c6ef35f ;                      /* 0x3c6ef35f23227424 */
                                                                                         /* 0x000fca00078e020a */
        /*06a0*/                   LOP3.LUT R35, R33, R34, RZ, 0x3c, !PT ;               /* 0x0000002221237212 */
                                                                                         /* 0x000fe400078e3cff */
        /*06b0*/                   LDG.E.STRONG.GPU R33, desc[UR4][R8.64+0xa8] ;         /* 0x0000a80408217981 */
                                                                                         /* 0x000f66000c1ef900 */
        /*06c0*/                   IMAD R34, R35, R10, 0x3c6ef35f ;                      /* 0x3c6ef35f23227424 */
                                                                                         /* 0x000fca00078e020a */
        /*06d0*/                   LOP3.LUT R35, R29, R34, RZ, 0x3c, !PT ;               /* 0x000000221d237212 */
                                                                                         /* 0x000fe400078e3cff */
        /*06e0*/                   LDG.E.STRONG.GPU R29, desc[UR4][R8.64+0xac] ;         /* 0x0000ac04081d7981 */
                                                                                         /* 0x000f66000c1ef900 */
        /*06f0*/                   IMAD R35, R35, R10, 0x3c6ef35f ;                      /* 0x3c6ef35f23237424 */
                                                                                         /* 0x000fca00078e020a */
        /*0700*/                   LOP3.LUT R35, R12, R35, RZ, 0x3c, !PT ;               /* 0x000000230c237212 */
                                                                                         /* 0x004fe400078e3cff */
        /*0710*/                   LDG.E.STRONG.GPU R12, desc[UR4][R8.64+0xb0] ;         /* 0x0000b004080c7981 */
                                                                                         /* 0x000ea6000c1ef900 */
        /*0720*/                   IMAD R34, R35, R10, 0x3c6ef35f ;                      /* 0x3c6ef35f23227424 */
                                                                                         /* 0x000fca00078e020a */
        /*0730*/                   LOP3.LUT R35, R13, R34, RZ, 0x3c, !PT ;               /* 0x000000220d237212 */
                                                                                         /* 0x008fe400078e3cff */
        /*0740*/                   LDG.E.STRONG.GPU R13, desc[UR4][R8.64+0xb4] ;         /* 0x0000b404080d7981 */
                                                                                         /* 0x000ee6000c1ef900 */
        /*0750*/                   IMAD R35, R35, R10, 0x3c6ef35f ;                      /* 0x3c6ef35f23237424 */
                                                                                         /* 0x000fca00078e020a */
        /*0760*/                   LOP3.LUT R35, R14, R35, RZ, 0x3c, !PT ;               /* 0x000000230e237212 */
                                                                                         /* 0x010fe400078e3cff */
        /*0770*/                   LDG.E.STRONG.GPU R14, desc[UR4][R8.64+0xb8] ;         /* 0x0000b804080e7981 */
                                                                                         /* 0x000f26000c1ef900 */
        /*0780*/                   IMAD R34, R35, R10, 0x3c6ef35f ;                      /* 0x3c6ef35f23227424 */
                                                                                         /* 0x000fca00078e020a */
        /*0790*/                   LOP3.LUT R35, R15, R34, RZ, 0x3c, !PT ;               /* 0x000000220f237212 */
                                                                                         /* 0x020fe400078e3cff */
        /*07a0*/                   LDG.E.STRONG.GPU R15, desc[UR4][R8.64+0xbc] ;         /* 0x0000bc04080f7981 */
                                                                                         /* 0x000f66000c1ef900 */
        /*07b0*/                   IMAD R35, R35, R10, 0x3c6ef35f ;                      /* 0x3c6ef35f23237424 */
                                                                                         /* 0x000fca00078e020a */
        /*07c0*/                   LOP3.LUT R35, R16, R35, RZ, 0x3c, !PT ;               /* 0x0000002310237212 */
                                                                                         /* 0x000fe400078e3cff */
        /*07d0*/                   LDG.E.STRONG.GPU R16, desc[UR4][R8.64+0xc0] ;         /* 0x0000c00408107981 */
                                                                                         /* 0x000f66000c1ef900 */
        /*07e0*/                   IMAD R34, R35, R10, 0x3c6ef35f ;                      /* 0x3c6ef35f23227424 */
                                                                                         /* 0x000fca00078e020a */
        /*07f0*/                   LOP3.LUT R35, R17, R34, RZ, 0x3c, !PT ;               /* 0x0000002211237212 */
                                                                                         /* 0x000fe400078e3cff */
        /*0800*/                   LDG.E.STRONG.GPU R17, desc[UR4][R8.64+0xc4] ;         /* 0x0000c40408117981 */
                                                                                         /* 0x000f66000c1ef900 */
        /*0810*/                   IMAD R35, R35, R10, 0x3c6ef35f ;                      /* 0x3c6ef35f23237424 */
                                                                                         /* 0x000fca00078e020a */
        /*0820*/                   LOP3.LUT R35, R18, R35, RZ, 0x3c, !PT ;               /* 0x0000002312237212 */
                                                                                         /* 0x000fe400078e3cff */
        /*0830*/                   LDG.E.STRONG.GPU R18, desc[UR4][R8.64+0xc8] ;         /* 0x0000c80408127981 */
                                                                                         /* 0x000f66000c1ef900 */
        /*0840*/                   IMAD R34, R35, R10, 0x3c6ef35f ;                      /* 0x3c6ef35f23227424 */
                                                                                         /* 0x000fca00078e020a */
        /*0850*/                   LOP3.LUT R35, R19, R34, RZ, 0x3c, !PT ;               /* 0x0000002213237212 */
                                                                                         /* 0x000fe400078e3cff */
        /*0860*/                   LDG.E.STRONG.GPU R19, desc[UR4][R8.64+0xcc] ;         /* 0x0000cc0408137981 */
                                                                                         /* 0x000f66000c1ef900 */
        /*0870*/                   IMAD R35, R35, R10, 0x3c6ef35f ;                      /* 0x3c6ef35f23237424 */
                                                                                         /* 0x000fca00078e020a */
        /*0880*/                   LOP3.LUT R35, R20, R35, RZ, 0x3c, !PT ;               /* 0x0000002314237212 */
                                                                                         /* 0x000fe400078e3cff */
        /*0890*/                   LDG.E.STRONG.GPU R20, desc[UR4][R8.64+0xd0] ;         /* 0x0000d00408147981 */
                                                                                         /* 0x000f66000c1ef900 */
        /*08a0*/                   IMAD R34, R35, R10, 0x3c6ef35f ;                      /* 0x3c6ef35f23227424 */
                                                                                         /* 0x000fca00078e020a */
        /*08b0*/                   LOP3.LUT R35, R21, R34, RZ, 0x3c, !PT ;               /* 0x0000002215237212 */
                                                                                         /* 0x000fe400078e3cff */
        /*08c0*/                   LDG.E.STRONG.GPU R21, desc[UR4][R8.64+0xd4] ;         /* 0x0000d40408157981 */
                                                                                         /* 0x000f66000c1ef900 */
        /*08d0*/                   IMAD R35, R35, R10, 0x3c6ef35f ;                      /* 0x3c6ef35f23237424 */
                                                                                         /* 0x000fca00078e020a */
        /*08e0*/                   LOP3.LUT R35, R22, R35, RZ, 0x3c, !PT ;               /* 0x0000002316237212 */
                                                                                         /* 0x000fe400078e3cff */
        /*08f0*/                   LDG.E.STRONG.GPU R22, desc[UR4][R8.64+0xd8] ;         /* 0x0000d80408167981 */
                                                                                         /* 0x000f66000c1ef900 */
        /*0900*/                   IMAD R34, R35, R10, 0x3c6ef35f ;                      /* 0x3c6ef35f23227424 */
                                                                                         /* 0x000fca00078e020a */
        /*0910*/                   LOP3.LUT R35, R23, R34, RZ, 0x3c, !PT ;               /* 0x0000002217237212 */
                                                                                         /* 0x000fe400078e3cff */
        /*0920*/                   LDG.E.STRONG.GPU R23, desc[UR4][R8.64+0xdc] ;         /* 0x0000dc0408177981 */
                                                                                         /* 0x000f66000c1ef900 */
        /*0930*/                   IMAD R35, R35, R10, 0x3c6ef35f ;                      /* 0x3c6ef35f23237424 */
                                                                                         /* 0x000fca00078e020a */
        /*0940*/                   LOP3.LUT R35, R24, R35, RZ, 0x3c, !PT ;               /* 0x0000002318237212 */
                                                                                         /* 0x000fe400078e3cff */
        /*0950*/                   LDG.E.STRONG.GPU R24, desc[UR4][R8.64+0xe0] ;         /* 0x0000e00408187981 */
                                                                                         /* 0x000f66000c1ef900 */
        /*0960*/                   IMAD R34, R35, R10, 0x3c6ef35f ;                      /* 0x3c6ef35f23227424 */
                                                                                         /* 0x000fca00078e020a */
        /*0970*/                   LOP3.LUT R35, R25, R34, RZ, 0x3c, !PT ;               /* 0x0000002219237212 */
                                                                                         /* 0x000fe400078e3cff */
        /*0980*/                   LDG.E.STRONG.GPU R25, desc[UR4][R8.64+0xe4] ;         /* 0x0000e40408197981 */
                                                                                         /* 0x000f66000c1ef900 */
        /*0990*/                   IMAD R35, R35, R10, 0x3c6ef35f ;                      /* 0x3c6ef35f23237424 */
                                                                                         /* 0x000fca00078e020a */
        /*09a0*/                   LOP3.LUT R35, R26, R35, RZ, 0x3c, !PT ;               /* 0x000000231a237212 */
                                                                                         /* 0x000fe400078e3cff */
        /*09b0*/                   LDG.E.STRONG.GPU R26, desc[UR4][R8.64+0xe8] ;         /* 0x0000e804081a7981 */
                                                                                         /* 0x000f66000c1ef900 */
        /*09c0*/                   IMAD R34, R35, R10, 0x3c6ef35f ;                      /* 0x3c6ef35f23227424 */
                                                                                         /* 0x000fca00078e020a */
        /*09d0*/                   LOP3.LUT R35, R27, R34, RZ, 0x3c, !PT ;               /* 0x000000221b237212 */
                                                                                         /* 0x000fe400078e3cff */
        /*09e0*/                   LDG.E.STRONG.GPU R27, desc[UR4][R8.64+0xec] ;         /* 0x0000ec04081b7981 */
                                                                                         /* 0x000f66000c1ef900 */
        /*09f0*/                   IMAD R35, R35, R10, 0x3c6ef35f ;                      /* 0x3c6ef35f23237424 */
                                                                                         /* 0x000fca00078e020a */
        /*0a00*/                   LOP3.LUT R35, R28, R35, RZ, 0x3c, !PT ;               /* 0x000000231c237212 */
                                                                                         /* 0x000fe400078e3cff */
        /*0a10*/                   LDG.E.STRONG.GPU R28, desc[UR4][R8.64+0xf0] ;         /* 0x0000f004081c7981 */
                                                                                         /* 0x000f66000c1ef900 */
        /*0a20*/                   IMAD R35, R35, R10, 0x3c6ef35f ;                      /* 0x3c6ef35f23237424 */
                                                                                         /* 0x000fca00078e020a */
        /*0a30*/                   LOP3.LUT R35, R30, R35, RZ, 0x3c, !PT ;               /* 0x000000231e237212 */
                                                                                         /* 0x000fe400078e3cff */
        /*0a40*/                   LDG.E.STRONG.GPU R30, desc[UR4][R8.64+0xf4] ;         /* 0x0000f404081e7981 */
                                                                                         /* 0x000f66000c1ef900 */
        /*0a50*/                   IMAD R34, R35, R10, 0x3c6ef35f ;                      /* 0x3c6ef35f23227424 */
                                                                                         /* 0x000fca00078e020a */
        /*0a60*/                   LOP3.LUT R35, R31, R34, RZ, 0x3c, !PT ;               /* 0x000000221f237212 */
                                                                                         /* 0x000fe400078e3cff */
        /*0a70*/                   LDG.E.STRONG.GPU R31, desc[UR4][R8.64+0xf8] ;         /* 0x0000f804081f7981 */
                                                                                         /* 0x000f68000c1ef900 */
        /*0a80*/                   LDG.E.STRONG.GPU R34, desc[UR4][R8.64+0xfc] ;         /* 0x0000fc0408227981 */
                                                                                         /* 0x000162000c1ef900 */
        /*0a90*/                   IMAD R35, R35, R10, 0x3c6ef35f ;                      /* 0x3c6ef35f23237424 */
                                                                                         /* 0x000fe200078e020a */
        /*0aa0*/                   IADD R0, R0, 0xbc00 ;                                 /* 0x0000bc0000007835 */
                                                                                         /* 0x000fc800078e0000 */
        /*0ab0*/                   LOP3.LUT R35, R32, R35, RZ, 0x3c, !PT ;               /* 0x0000002320237212 */
                                                                                         /* 0x000fe200078e3cff */
        /*0ac0*/                   ISETP.GE.U32.AND P0, PT, R0, UR6, PT ;                /* 0x0000000600007c0c */
                                                                                         /* 0x000fc8000bf06070 */
        /*0ad0*/                   IMAD R32, R35, R10, 0x3c6ef35f ;                      /* 0x3c6ef35f23207424 */
                                                                                         /* 0x000fca00078e020a */
        /*0ae0*/                   LOP3.LUT R33, R33, R32, RZ, 0x3c, !PT ;               /* 0x0000002021217212 */
                                                                                         /* 0x000fca00078e3cff */
        /*0af0*/                   IMAD R32, R33, R10, 0x3c6ef35f ;                      /* 0x3c6ef35f21207424 */
                                                                                         /* 0x000fca00078e020a */
        /*0b00*/                   LOP3.LUT R29, R29, R32, RZ, 0x3c, !PT ;               /* 0x000000201d1d7212 */
                                                                                         /* 0x000fca00078e3cff */
        /*0b10*/                   IMAD R29, R29, R10, 0x3c6ef35f ;                      /* 0x3c6ef35f1d1d7424 */
                                                                                         /* 0x000fca00078e020a */
        /*0b20*/                   LOP3.LUT R29, R12, R29, RZ, 0x3c, !PT ;               /* 0x0000001d0c1d7212 */
                                                                                         /* 0x004fca00078e3cff */
        /*0b30*/                   IMAD R12, R29, R10, 0x3c6ef35f ;                      /* 0x3c6ef35f1d0c7424 */
                                                                                         /* 0x000fca00078e020a */
        /*0b40*/                   LOP3.LUT R13, R13, R12, RZ, 0x3c, !PT ;               /* 0x0000000c0d0d7212 */
                                                                                         /* 0x008fca00078e3cff */
        /*0b50*/                   IMAD R13, R13, R10, 0x3c6ef35f ;                      /* 0x3c6ef35f0d0d7424 */
                                                                                         /* 0x000fca00078e020a */
        /*0b60*/                   LOP3.LUT R13, R14, R13, RZ, 0x3c, !PT ;               /* 0x0000000d0e0d7212 */
                                                                                         /* 0x010fca00078e3cff */
        /*0b70*/                   IMAD R8, R13, R10, 0x3c6ef35f ;                       /* 0x3c6ef35f0d087424 */
                                                                                         /* 0x001fca00078e020a */
        /*0b80*/                   LOP3.LUT R15, R15, R8, RZ, 0x3c, !PT ;                /* 0x000000080f0f7212 */
                                                                                         /* 0x020fca00078e3cff */
        /*0b90*/                   IMAD R15, R15, R10, 0x3c6ef35f ;                      /* 0x3c6ef35f0f0f7424 */
                                                                                         /* 0x000fca00078e020a */
        /*0ba0*/                   LOP3.LUT R15, R16, R15, RZ, 0x3c, !PT ;               /* 0x0000000f100f7212 */
                                                                                         /* 0x000fca00078e3cff */
        /*0bb0*/                   IMAD R8, R15, R10, 0x3c6ef35f ;                       /* 0x3c6ef35f0f087424 */
                                                                                         /* 0x000fca00078e020a */
        /*0bc0*/                   LOP3.LUT R17, R17, R8, RZ, 0x3c, !PT ;                /* 0x0000000811117212 */
                                                                                         /* 0x000fca00078e3cff */
        /*0bd0*/                   IMAD R17, R17, R10, 0x3c6ef35f ;                      /* 0x3c6ef35f11117424 */
                                                                                         /* 0x000fca00078e020a */
        /*0be0*/                   LOP3.LUT R17, R18, R17, RZ, 0x3c, !PT ;               /* 0x0000001112117212 */
                                                                                         /* 0x000fca00078e3cff */
        /*0bf0*/                   IMAD R8, R17, R10, 0x3c6ef35f ;                       /* 0x3c6ef35f11087424 */
                                                                                         /* 0x000fca00078e020a */
        /*0c00*/                   LOP3.LUT R19, R19, R8, RZ, 0x3c, !PT ;                /* 0x0000000813137212 */
                                                                                         /* 0x000fca00078e3cff */
        /*0c10*/                   IMAD R19, R19, R10, 0x3c6ef35f ;                      /* 0x3c6ef35f13137424 */
                                                                                         /* 0x000fca00078e020a */
        /*0c20*/                   LOP3.LUT R19, R20, R19, RZ, 0x3c, !PT ;               /* 0x0000001314137212 */
                                                                                         /* 0x000fca00078e3cff */
        /*0c30*/                   IMAD R8, R19, R10, 0x3c6ef35f ;                       /* 0x3c6ef35f13087424 */
                                                                                         /* 0x000fca00078e020a */
        /*0c40*/                   LOP3.LUT R21, R21, R8, RZ, 0x3c, !PT ;                /* 0x0000000815157212 */
                                                                                         /* 0x000fca00078e3cff */
        /*0c50*/                   IMAD R21, R21, R10, 0x3c6ef35f ;                      /* 0x3c6ef35f15157424 */
                                                                                         /* 0x000fca00078e020a */
        /*0c60*/                   LOP3.LUT R21, R22, R21, RZ, 0x3c, !PT ;               /* 0x0000001516157212 */
                                                                                         /* 0x000fca00078e3cff */
        /*0c70*/                   IMAD R8, R21, R10, 0x3c6ef35f ;                       /* 0x3c6ef35f15087424 */
                                                                                         /* 0x000fca00078e020a */
        /*0c80*/                   LOP3.LUT R23, R23, R8, RZ, 0x3c, !PT ;                /* 0x0000000817177212 */
                                                                                         /* 0x000fca00078e3cff */
        /*0c90*/                   IMAD R23, R23, R10, 0x3c6ef35f ;                      /* 0x3c6ef35f17177424 */
                                                                                         /* 0x000fca00078e020a */
        /*0ca0*/                   LOP3.LUT R23, R24, R23, RZ, 0x3c, !PT ;               /* 0x0000001718177212 */
                                                                                         /* 0x000fca00078e3cff */
        /*0cb0*/                   IMAD R8, R23, R10, 0x3c6ef35f ;                       /* 0x3c6ef35f17087424 */
                                                                                         /* 0x000fca00078e020a */
        /*0cc0*/                   LOP3.LUT R25, R25, R8, RZ, 0x3c, !PT ;                /* 0x0000000819197212 */
                                                                                         /* 0x000fca00078e3cff */
        /*0cd0*/                   IMAD R25, R25, R10, 0x3c6ef35f ;                      /* 0x3c6ef35f19197424 */
                                                                                         /* 0x000fca00078e020a */
        /*0ce0*/                   LOP3.LUT R25, R26, R25, RZ, 0x3c, !PT ;               /* 0x000000191a197212 */
                                                                                         /* 0x000fca00078e3cff */
        /*0cf0*/                   IMAD R8, R25, R10, 0x3c6ef35f ;                       /* 0x3c6ef35f19087424 */
                                                                                         /* 0x000fca00078e020a */
        /*0d00*/                   LOP3.LUT R27, R27, R8, RZ, 0x3c, !PT ;                /* 0x000000081b1b7212 */
                                                                                         /* 0x000fca00078e3cff */
        /*0d10*/                   IMAD R27, R27, R10, 0x3c6ef35f ;                      /* 0x3c6ef35f1b1b7424 */
                                                                                         /* 0x000fca00078e020a */
        /*0d20*/                   LOP3.LUT R27, R28, R27, RZ, 0x3c, !PT ;               /* 0x0000001b1c1b7212 */
                                                                                         /* 0x000fca00078e3cff */
        /*0d30*/                   IMAD R27, R27, R10, 0x3c6ef35f ;                      /* 0x3c6ef35f1b1b7424 */
                                                                                         /* 0x000fca00078e020a */
        /*0d40*/                   LOP3.LUT R27, R30, R27, RZ, 0x3c, !PT ;               /* 0x0000001b1e1b7212 */
                                                                                         /* 0x000fca00078e3cff */
        /*0d50*/                   IMAD R8, R27, R10, 0x3c6ef35f ;                       /* 0x3c6ef35f1b087424 */
                                                                                         /* 0x000fca00078e020a */
        /*0d60*/                   LOP3.LUT R31, R31, R8, RZ, 0x3c, !PT ;                /* 0x000000081f1f7212 */
                                                                                         /* 0x000fca00078e3cff */
        /*0d70*/                   IMAD R31, R31, R10, 0x3c6ef35f ;                      /* 0x3c6ef35f1f1f7424 */
                                                                                         /* 0x000fca00078e020a */
        /*0d80*/                   LOP3.LUT R35, R34, R31, RZ, 0x3c, !PT ;               /* 0x0000001f22237212 */
                                                                                         /* 0x000fe200078e3cff */
        /*0d90*/              @!P0 BRA 0x140 ;                                           /* 0xfffffff000e88947 */
                                                                                         /* 0x000fec000383ffff */
        /*0da0*/                   BSYNC.RECONVERGENT B0 ;                               /* 0x0000000000007941 */
                                                                                         /* 0x001fea0003800200 */
        /*0db0*/                   STG.E desc[UR4][R2.64], R35 ;                         /* 0x0000002302007986 */
                                                                                         /* 0x000fe8000c101904 */
        /*0dc0*/                   STG.E desc[UR4][R4.64], R11 ;                         /* 0x0000000b04007986 */
                                                                                         /* 0x000fe8000c101904 */
        /*0dd0*/                   STG.E desc[UR4][R6.64], RZ ;                          /* 0x000000ff06007986 */
                                                                                         /* 0x000fe2000c101904 */
        /*0de0*/                   EXIT ;                                                /* 0x000000000000794d */
                                                                                         /* 0x000fea0003800000 */
        /*0df0*/                   BRA 0xdf0;                                            /* 0xfffffffc00fc7947 */
                                                                                         /* 0x000fc0000383ffff */
        /*0e00*/                   NOP;                                                  /* 0x0000000000007918 */
                                                                                         /* 0x000fc00000000000 */
        /*0e10*/                   NOP;                                                  /* 0x0000000000007918 */
                                                                                         /* 0x000fc00000000000 */
        /*0e20*/                   NOP;                                                  /* 0x0000000000007918 */
                                                                                         /* 0x000fc00000000000 */
        /*0e30*/                   NOP;                                                  /* 0x0000000000007918 */
                                                                                         /* 0x000fc00000000000 */
        /*0e40*/                   NOP;                                                  /* 0x0000000000007918 */
                                                                                         /* 0x000fc00000000000 */
        /*0e50*/                   NOP;                                                  /* 0x0000000000007918 */
                                                                                         /* 0x000fc00000000000 */
        /*0e60*/                   NOP;                                                  /* 0x0000000000007918 */
                                                                                         /* 0x000fc00000000000 */
        /*0e70*/                   NOP;                                                  /* 0x0000000000007918 */
                                                                                         /* 0x000fc00000000000 */
		..........


		Function : _Z14energy_fixtureILi16ELi0ELi0ELi0EEvPKjPjj
	.headerflags	@"EF_CUDA_SM120 EF_CUDA_VIRTUAL_SM(EF_CUDA_SM120)"
        /*0000*/                   LDC R1, c[0x0][0x37c] ;                               /* 0x0000df00ff017b82 */
                                                                                         /* 0x000fe20000000800 */
        /*0010*/                   S2R R0, SR_TID.X ;                                    /* 0x0000000000007919 */
                                                                                         /* 0x000e2e0000002100 */
        /*0020*/                   S2UR UR4, SR_CTAID.X ;                                /* 0x00000000000479c3 */
                                                                                         /* 0x000e220000002500 */
        /*0030*/                   LDCU UR6, c[0x0][0x390] ;                             /* 0x00007200ff0677ac */
                                                                                         /* 0x000e620008000800 */
        /*0040*/                   BSSY.RECONVERGENT B0, 0x4b0 ;                         /* 0x0000046000007945 */
                                                                                         /* 0x000fe20003800200 */
        /*0050*/                   HFMA2 R23, -RZ, RZ, 0, 0 ;                            /* 0x00000000ff177431 */
                                                                                         /* 0x000fca00000001ff */
        /*0060*/                   LDC R11, c[0x0][0x360] ;                              /* 0x0000d800ff0b7b82 */
                                                                                         /* 0x000e300000000800 */
        /*0070*/                   LDC.64 R6, c[0x0][0x388] ;                            /* 0x0000e200ff067b82 */
                                                                                         /* 0x000ea20000000a00 */
        /*0080*/                   IMAD R11, R11, UR4, R0 ;                              /* 0x000000040b0b7c24 */
                                                                                         /* 0x001fe2000f8e0200 */
        /*0090*/                   LDCU.64 UR4, c[0x0][0x358] ;                          /* 0x00006b00ff0477ac */
                                                                                         /* 0x000e260008000a00 */
        /*00a0*/                   IMAD R3, R11.reuse, 0x3, RZ ;                         /* 0x000000030b037824 */
                                                                                         /* 0x040fe200078e02ff */
        /*00b0*/                   ISETP.GE.U32.AND P0, PT, R11, UR6, PT ;               /* 0x000000060b007c0c */
                                                                                         /* 0x002fc8000bf06070 */
        /*00c0*/                   IADD R5, R3.reuse, 0x1 ;                              /* 0x0000000103057835 */
                                                                                         /* 0x040fe200078e0000 */
        /*00d0*/                   IADD R9, R3.reuse, 0x2 ;                              /* 0x0000000203097835 */
                                                                                         /* 0x040fe200078e0000 */
        /*00e0*/                   IMAD.WIDE.U32 R2, R3, 0x4, R6 ;                       /* 0x0000000403027825 */
                                                                                         /* 0x004fc800078e0006 */
        /*00f0*/                   IMAD.WIDE.U32 R4, R5, 0x4, R6 ;                       /* 0x0000000405047825 */
                                                                                         /* 0x000fc800078e0006 */
        /*0100*/                   IMAD.WIDE.U32 R6, R9, 0x4, R6 ;                       /* 0x0000000409067825 */
                                                                                         /* 0x000fe200078e0006 */
        /*0110*/               @P0 BRA 0x4a0 ;                                           /* 0x0000000000e00947 */
                                                                                         /* 0x000fec0003800000 */
        /*0120*/                   MOV R23, RZ ;                                         /* 0x000000ff00177202 */
                                                                                         /* 0x000fe20000000f00 */
        /*0130*/                   MOV R0, R11 ;                                         /* 0x0000000b00007202 */
                                                                                         /* 0x001fce0000000f00 */
        /*0140*/                   LDC.64 R8, c[0x0][0x380] ;                            /* 0x0000e000ff087b82 */
                                                                                         /* 0x000e240000000a00 */
        /*0150*/                   IMAD.WIDE.U32 R8, R0, 0x4, R8 ;                       /* 0x0000000400087825 */
                                                                                         /* 0x001fca00078e0008 */
        /*0160*/                   LDG.E.STRONG.GPU R24, desc[UR4][R8.64] ;              /* 0x0000000408187981 */
                                                                                         /* 0x000ea8000c1ef900 */
        /*0170*/                   LDG.E.STRONG.GPU R25, desc[UR4][R8.64+0x4] ;          /* 0x0000040408197981 */
                                                                                         /* 0x000ee8000c1ef900 */
        /*0180*/                   LDG.E.STRONG.GPU R26, desc[UR4][R8.64+0x8] ;          /* 0x00000804081a7981 */
                                                                                         /* 0x000f28000c1ef900 */
        /*0190*/                   LDG.E.STRONG.GPU R27, desc[UR4][R8.64+0xc] ;          /* 0x00000c04081b7981 */
                                                                                         /* 0x000f68000c1ef900 */
        /*01a0*/                   LDG.E.STRONG.GPU R28, desc[UR4][R8.64+0x10] ;         /* 0x00001004081c7981 */
                                                                                         /* 0x000f68000c1ef900 */
        /*01b0*/                   LDG.E.STRONG.GPU R20, desc[UR4][R8.64+0x14] ;         /* 0x0000140408147981 */
                                                                                         /* 0x000f68000c1ef900 */
        /*01c0*/                   LDG.E.STRONG.GPU R19, desc[UR4][R8.64+0x18] ;         /* 0x0000180408137981 */
                                                                                         /* 0x000f68000c1ef900 */
        /*01d0*/                   LDG.E.STRONG.GPU R18, desc[UR4][R8.64+0x1c] ;         /* 0x00001c0408127981 */
                                                                                         /* 0x000f68000c1ef900 */
        /*01e0*/                   LDG.E.STRONG.GPU R17, desc[UR4][R8.64+0x20] ;         /* 0x0000200408117981 */
                                                                                         /* 0x000f68000c1ef900 */
        /*01f0*/                   LDG.E.STRONG.GPU R16, desc[UR4][R8.64+0x24] ;         /* 0x0000240408107981 */
                                                                                         /* 0x000f68000c1ef900 */
        /*0200*/                   LDG.E.STRONG.GPU R15, desc[UR4][R8.64+0x28] ;         /* 0x00002804080f7981 */
                                                                                         /* 0x000f68000c1ef900 */
        /*0210*/                   LDG.E.STRONG.GPU R14, desc[UR4][R8.64+0x2c] ;         /* 0x00002c04080e7981 */
                                                                                         /* 0x000f68000c1ef900 */
        /*0220*/                   LDG.E.STRONG.GPU R13, desc[UR4][R8.64+0x30] ;         /* 0x00003004080d7981 */
                                                                                         /* 0x000f68000c1ef900 */
        /*0230*/                   LDG.E.STRONG.GPU R12, desc[UR4][R8.64+0x34] ;         /* 0x00003404080c7981 */
                                                                                         /* 0x000f68000c1ef900 */
        /*0240*/                   LDG.E.STRONG.GPU R10, desc[UR4][R8.64+0x38] ;         /* 0x00003804080a7981 */
                                                                                         /* 0x000f68000c1ef900 */
        /*0250*/                   LDG.E.STRONG.GPU R21, desc[UR4][R8.64+0x3c] ;         /* 0x00003c0408157981 */
                                                                                         /* 0x000162000c1ef900 */
        /*0260*/                   MOV R22, 0x19660d ;                                   /* 0x0019660d00167802 */
                                                                                         /* 0x000fe20000000f00 */
        /*0270*/                   IADD R0, R0, 0xbc00 ;                                 /* 0x0000bc0000007835 */
                                                                                         /* 0x000fc800078e0000 */
        /*0280*/                   IMAD R23, R23, R22, 0x3c6ef35f ;                      /* 0x3c6ef35f17177424 */
                                                                                         /* 0x000fe200078e0216 */
        /*0290*/                   ISETP.GE.U32.AND P0, PT, R0, UR6, PT ;                /* 0x0000000600007c0c */
                                                                                         /* 0x000fc8000bf06070 */
        /*02a0*/                   LOP3.LUT R23, R24, R23, RZ, 0x3c, !PT ;               /* 0x0000001718177212 */
                                                                                         /* 0x004fca00078e3cff */
        /*02b0*/                   IMAD R24, R23, R22, 0x3c6ef35f ;                      /* 0x3c6ef35f17187424 */
                                                                                         /* 0x000fca00078e0216 */
        /*02c0*/                   LOP3.LUT R25, R25, R24, RZ, 0x3c, !PT ;               /* 0x0000001819197212 */
                                                                                         /* 0x008fca00078e3cff */
        /*02d0*/                   IMAD R25, R25, R22, 0x3c6ef35f ;                      /* 0x3c6ef35f19197424 */
                                                                                         /* 0x000fca00078e0216 */
        /*02e0*/                   LOP3.LUT R25, R26, R25, RZ, 0x3c, !PT ;               /* 0x000000191a197212 */
                                                                                         /* 0x010fca00078e3cff */
        /*02f0*/                   IMAD R24, R25, R22, 0x3c6ef35f ;                      /* 0x3c6ef35f19187424 */
                                                                                         /* 0x000fca00078e0216 */
        /*0300*/                   LOP3.LUT R27, R27, R24, RZ, 0x3c, !PT ;               /* 0x000000181b1b7212 */
                                                                                         /* 0x020fca00078e3cff */
        /*0310*/                   IMAD R27, R27, R22, 0x3c6ef35f ;                      /* 0x3c6ef35f1b1b7424 */
                                                                                         /* 0x000fca00078e0216 */
        /*0320*/                   LOP3.LUT R27, R28, R27, RZ, 0x3c, !PT ;               /* 0x0000001b1c1b7212 */
                                                                                         /* 0x000fca00078e3cff */
        /*0330*/                   IMAD R27, R27, R22, 0x3c6ef35f ;                      /* 0x3c6ef35f1b1b7424 */
                                                                                         /* 0x000fca00078e0216 */
        /*0340*/                   LOP3.LUT R27, R20, R27, RZ, 0x3c, !PT ;               /* 0x0000001b141b7212 */
                                                                                         /* 0x000fca00078e3cff */
        /*0350*/                   IMAD R8, R27, R22, 0x3c6ef35f ;                       /* 0x3c6ef35f1b087424 */
                                                                                         /* 0x001fca00078e0216 */
        /*0360*/                   LOP3.LUT R19, R19, R8, RZ, 0x3c, !PT ;                /* 0x0000000813137212 */
                                                                                         /* 0x000fca00078e3cff */
        /*0370*/                   IMAD R19, R19, R22, 0x3c6ef35f ;                      /* 0x3c6ef35f13137424 */
                                                                                         /* 0x000fca00078e0216 */
        /*0380*/                   LOP3.LUT R19, R18, R19, RZ, 0x3c, !PT ;               /* 0x0000001312137212 */
                                                                                         /* 0x000fca00078e3cff */
        /*0390*/                   IMAD R8, R19, R22, 0x3c6ef35f ;                       /* 0x3c6ef35f13087424 */
                                                                                         /* 0x000fca00078e0216 */
        /*03a0*/                   LOP3.LUT R17, R17, R8, RZ, 0x3c, !PT ;                /* 0x0000000811117212 */
                                                                                         /* 0x000fca00078e3cff */
        /*03b0*/                   IMAD R17, R17, R22, 0x3c6ef35f ;                      /* 0x3c6ef35f11117424 */
                                                                                         /* 0x000fca00078e0216 */
        /*03c0*/                   LOP3.LUT R17, R16, R17, RZ, 0x3c, !PT ;               /* 0x0000001110117212 */
                                                                                         /* 0x000fca00078e3cff */
        /*03d0*/                   IMAD R8, R17, R22, 0x3c6ef35f ;                       /* 0x3c6ef35f11087424 */
                                                                                         /* 0x000fca00078e0216 */
        /*03e0*/                   LOP3.LUT R15, R15, R8, RZ, 0x3c, !PT ;                /* 0x000000080f0f7212 */
                                                                                         /* 0x000fca00078e3cff */
        /*03f0*/                   IMAD R15, R15, R22, 0x3c6ef35f ;                      /* 0x3c6ef35f0f0f7424 */
                                                                                         /* 0x000fca00078e0216 */
        /*0400*/                   LOP3.LUT R15, R14, R15, RZ, 0x3c, !PT ;               /* 0x0000000f0e0f7212 */
                                                                                         /* 0x000fca00078e3cff */
        /*0410*/                   IMAD R8, R15, R22, 0x3c6ef35f ;                       /* 0x3c6ef35f0f087424 */
                                                                                         /* 0x000fca00078e0216 */
        /*0420*/                   LOP3.LUT R13, R13, R8, RZ, 0x3c, !PT ;                /* 0x000000080d0d7212 */
                                                                                         /* 0x000fca00078e3cff */
        /*0430*/                   IMAD R13, R13, R22, 0x3c6ef35f ;                      /* 0x3c6ef35f0d0d7424 */
                                                                                         /* 0x000fca00078e0216 */
        /*0440*/                   LOP3.LUT R13, R12, R13, RZ, 0x3c, !PT ;               /* 0x0000000d0c0d7212 */
                                                                                         /* 0x000fca00078e3cff */
        /*0450*/                   IMAD R13, R13, R22, 0x3c6ef35f ;                      /* 0x3c6ef35f0d0d7424 */
                                                                                         /* 0x000fca00078e0216 */
        /*0460*/                   LOP3.LUT R13, R10, R13, RZ, 0x3c, !PT ;               /* 0x0000000d0a0d7212 */
                                                                                         /* 0x000fca00078e3cff */
        /*0470*/                   IMAD R22, R13, R22, 0x3c6ef35f ;                      /* 0x3c6ef35f0d167424 */
                                                                                         /* 0x000fca00078e0216 */
        /*0480*/                   LOP3.LUT R23, R21, R22, RZ, 0x3c, !PT ;               /* 0x0000001615177212 */
                                                                                         /* 0x000fe200078e3cff */
        /*0490*/              @!P0 BRA 0x140 ;                                           /* 0xfffffffc00288947 */
                                                                                         /* 0x000fec000383ffff */
        /*04a0*/                   BSYNC.RECONVERGENT B0 ;                               /* 0x0000000000007941 */
                                                                                         /* 0x001fea0003800200 */
        /*04b0*/                   STG.E desc[UR4][R2.64], R23 ;                         /* 0x0000001702007986 */
                                                                                         /* 0x000fe8000c101904 */
        /*04c0*/                   STG.E desc[UR4][R4.64], R11 ;                         /* 0x0000000b04007986 */
                                                                                         /* 0x000fe8000c101904 */
        /*04d0*/                   STG.E desc[UR4][R6.64], RZ ;                          /* 0x000000ff06007986 */
                                                                                         /* 0x000fe2000c101904 */
        /*04e0*/                   EXIT ;                                                /* 0x000000000000794d */
                                                                                         /* 0x000fea0003800000 */
        /*04f0*/                   BRA 0x4f0;                                            /* 0xfffffffc00fc7947 */
                                                                                         /* 0x000fc0000383ffff */
        /*0500*/                   NOP;                                                  /* 0x0000000000007918 */
                                                                                         /* 0x000fc00000000000 */
        /*0510*/                   NOP;                                                  /* 0x0000000000007918 */
                                                                                         /* 0x000fc00000000000 */
        /*0520*/                   NOP;                                                  /* 0x0000000000007918 */
                                                                                         /* 0x000fc00000000000 */
        /*0530*/                   NOP;                                                  /* 0x0000000000007918 */
                                                                                         /* 0x000fc00000000000 */
        /*0540*/                   NOP;                                                  /* 0x0000000000007918 */
                                                                                         /* 0x000fc00000000000 */
        /*0550*/                   NOP;                                                  /* 0x0000000000007918 */
                                                                                         /* 0x000fc00000000000 */
        /*0560*/                   NOP;                                                  /* 0x0000000000007918 */
                                                                                         /* 0x000fc00000000000 */
        /*0570*/                   NOP;                                                  /* 0x0000000000007918 */
                                                                                         /* 0x000fc00000000000 */
		..........



Fatbin ptx code:
================
arch = sm_120
code version = [9,2]
host = linux
compile_size = 64bit
compressed
ptxasOptions = -v  
