monotonic_ns,board_power_mw,temperature_c,graphics_clock_mhz,memory_clock_mhz,utilization_percent
2793191240959528,600494,89,2745,13365,100
2793191247478341,600494,89,2745,13365,100
2793191252593865,600494,89,2745,13365,100
2793191257709271,600494,89,2745,13365,100
2793191262825177,600494,89,2745,13365,100
2793191267940909,600494,89,2745,13365,100
2793191273056370,600494,89,2745,13365,100
2793191278172689,600494,89,2745,13365,100
2793191283288381,600494,89,2745,13365,100
2793191288404076,600494,89,2745,13365,100
2793191293521451,600494,89,2745,13365,100
2793191298637196,600494,89,2745,13365,100
2793191303774024,600494,89,2745,13365,100
2793191308890224,600494,89,2745,13365,100
2793191314020829,600494,89,2745,13365,100
2793191319138757,600494,89,2745,13365,100
2793191324252461,600494,89,2745,13365,100
2793191329367806,600494,89,2745,13365,100
2793191334483624,600494,89,2745,13365,100
2793191339598907,600494,89,2745,13365,100
2793191344713240,600494,89,2745,13365,100
2793191349828877,600494,89,2745,13365,100
2793191354941252,600494,89,2745,13365,100
2793191360057056,600494,89,2745,13365,100
2793191365170432,600494,89,2745,13365,100
2793191370286013,600494,89,2745,13365,100
2793191375400218,600494,89,2745,13365,100
2793191380515762,600494,89,2745,13365,100
2793191385630766,600494,89,2745,13365,100
2793191390746107,547886,79,2745,13365,0
2793191395863163,547886,79,2745,13365,0
2793191400978343,547886,79,2745,13365,0
2793191406079883,547886,79,2745,13365,0
2793191411190232,547886,79,2745,13365,0
2793191416302520,547886,79,2745,13365,0
2793191421415241,547886,79,2745,13365,0
2793191426530701,547886,79,2745,13365,0
2793191431643454,547886,79,2745,13365,0
2793191436759319,547886,79,2745,13365,0
2793191441875014,547886,79,2745,13365,0
2793191446992039,547886,79,2745,13365,0
2793191452125212,547886,79,2745,13365,0
2793191457240431,547886,79,2745,13365,0
2793191462357300,547886,79,2745,13365,0
2793191467472745,547886,79,2745,13365,0
2793191472588981,547886,79,2745,13365,0
2793191477704486,547886,79,2745,13365,0
2793191482829082,547886,79,2745,13365,0
2793191487946121,547886,79,2745,13365,0
2793191493063126,547886,79,2745,13365,0
2793191498180670,547886,79,2745,13365,0
2793191503296523,547886,79,2745,13365,0
2793191508413208,547886,79,2745,13365,0
2793191513529396,547886,79,2745,13365,0
2793191518645980,547886,79,2745,13365,0
2793191523762292,547886,79,2745,13365,0
2793191528878533,547886,79,2745,13365,0
2793191533995102,547886,79,2745,13365,0
2793191539132470,547886,79,2745,13365,0
2793191544235325,547886,79,2745,13365,0
2793191549348928,547886,79,2745,13365,0
2793191554462507,547886,79,2745,13365,0
2793191559575464,547886,79,2745,13365,0
2793191564688476,547886,79,2745,13365,0
2793191569801444,547886,79,2745,13365,0
2793191574913925,547886,79,2745,13365,0
2793191580026653,547886,79,2745,13365,0
2793191585139332,547886,79,2745,13365,0
2793191590252065,547886,79,2745,13365,0
2793191595364739,547886,79,2745,13365,0
2793191600479074,547886,79,2745,13365,0
2793191605591777,547886,79,2745,13365,0
2793191610704435,547886,79,2745,13365,0
2793191615816698,547886,79,2745,13365,0
2793191620928590,547886,79,2745,13365,0
2793191626041125,547886,79,2745,13365,0
2793191631153771,547886,79,2745,13365,0
2793191636266201,547886,79,2745,13365,0
2793191641395389,547886,79,2745,13365,0
2793191646507886,547886,79,2745,13365,0
2793191651622314,547886,79,2745,13365,0
2793191656734867,547886,79,2745,13365,0
2793191661847519,547886,79,2745,13365,0
2793191666960075,547886,79,2745,13365,0
2793191672073184,547886,79,2745,13365,0
2793191677185740,547886,79,2745,13365,0
2793191682298353,547886,79,2745,13365,0
2793191687410321,547886,79,2745,13365,0
2793191692519109,547886,79,2745,13365,0
2793191697628818,547886,79,2745,13365,0
2793191702743282,547886,79,2745,13365,0
2793191707856087,547886,79,2745,13365,0
2793191712968836,547886,79,2745,13365,0
2793191718081936,547886,79,2745,13365,0
2793191723194624,547886,79,2745,13365,0
2793191728301461,547886,79,2745,13365,0
2793191733414381,547886,79,2745,13365,0
2793191738527478,547886,79,2745,13365,0
2793191743639481,547886,79,2745,13365,0
2793191748752500,547886,79,2745,13365,0
2793191753866295,547886,79,2745,13365,0
2793191758979621,547886,79,2745,13365,0
2793191764092364,547886,79,2745,13365,0
2793191769205396,547886,79,2745,13365,0
2793191774312136,547886,79,2745,13365,0
2793191779424508,547886,79,2745,13365,0
2793191784537102,547886,79,2745,13365,0
2793191789641688,547886,79,2745,13365,0
2793191794744062,547886,79,2745,13365,0
2793191799852050,547886,79,2745,13365,0
2793191804965740,547886,79,2745,13365,0
2793191810077991,547886,79,2745,13365,0
2793191815190068,547886,79,2745,13365,0
2793191820302024,547886,79,2745,13365,0
2793191825414597,547886,79,2745,13365,0
2793191830526969,547886,79,2745,13365,0
2793191835638966,547886,79,2745,13365,0
2793191840750985,547886,79,2745,13365,0
2793191845863370,547886,79,2745,13365,0
2793191850975801,547886,79,2745,13365,0
2793191856089975,547886,79,2745,13365,0
2793191861202923,547886,79,2745,13365,0
2793191866315200,547886,79,2745,13365,0
2793191871427646,547886,79,2745,13365,0
2793191876540012,547886,79,2745,13365,0
2793191881652729,547886,79,2745,13365,0
2793191886752906,547886,79,2745,13365,0
2793191891859446,461603,88,2752,13365,100
2793191896971588,461603,88,2752,13365,100
2793191902083659,461603,88,2752,13365,100
2793191907197809,461603,88,2752,13365,100
2793191912310020,461603,88,2752,13365,100
2793191917423048,461603,88,2752,13365,100
2793191922535090,461603,88,2752,13365,100
2793191927647547,461603,88,2752,13365,100
2793191932759779,461603,88,2752,13365,100
2793191937872145,461603,88,2752,13365,100
2793191942984310,461603,88,2752,13365,100
2793191948115190,461603,88,2752,13365,100
2793191953227663,461603,88,2752,13365,100
2793191958341391,461603,88,2752,13365,100
2793191963453998,461603,88,2752,13365,100
2793191968566442,461603,88,2752,13365,100
2793191973679356,461603,88,2752,13365,100
2793191978792029,461603,88,2752,13365,100
2793191983904721,461603,88,2752,13365,100
2793191989034620,461603,88,2752,13365,100
2793191994151162,461603,88,2752,13365,100
2793191999264002,461603,88,2752,13365,100
2793192004376219,461603,88,2752,13365,100
2793192009489671,461603,88,2752,13365,100
2793192014601704,461603,88,2752,13365,100
2793192019713894,461603,88,2752,13365,100
2793192024826896,461603,88,2752,13365,100
2793192029939033,461603,88,2752,13365,100
2793192035051279,461603,88,2752,13365,100
2793192040163129,461603,88,2752,13365,100
2793192045275730,461603,88,2752,13365,100
2793192050387942,461603,88,2752,13365,100
2793192055500765,461603,88,2752,13365,100
2793192060614283,461603,88,2752,13365,100
2793192065726580,461603,88,2752,13365,100
2793192070838804,461603,88,2752,13365,100
2793192075951195,461603,88,2752,13365,100
2793192081063307,461603,88,2752,13365,100
2793192086175325,461603,88,2752,13365,100
2793192091287941,461603,88,2752,13365,100
2793192096399878,461603,88,2752,13365,100
2793192101512062,461603,88,2752,13365,100
2793192106624129,461603,88,2752,13365,100
2793192111737591,461603,88,2752,13365,100
2793192116849732,461603,88,2752,13365,100
2793192121962288,461603,88,2752,13365,100
2793192127074284,461603,88,2752,13365,100
2793192132186416,461603,88,2752,13365,100
2793192137298326,461603,88,2752,13365,100
2793192142410581,461603,88,2752,13365,100
2793192147522551,461603,88,2752,13365,100
2793192152633839,461603,88,2752,13365,100
2793192157738807,461603,88,2752,13365,100
2793192162849504,461603,88,2752,13365,100
2793192167962080,461603,88,2752,13365,100
2793192173075277,461603,88,2752,13365,100
2793192178188441,461603,88,2752,13365,100
2793192183322073,461603,88,2752,13365,100
2793192188426621,461603,88,2752,13365,100
2793192193539910,461603,88,2752,13365,100
2793192198653114,461603,88,2752,13365,100
2793192203753594,461603,88,2752,13365,100
2793192208862687,461603,88,2752,13365,100
2793192213972205,461603,88,2752,13365,100
2793192219082888,461603,88,2752,13365,100
2793192224200263,461603,88,2752,13365,100
2793192229307213,461603,88,2752,13365,100
2793192234418521,461603,88,2752,13365,100
2793192239530874,461603,88,2752,13365,100
2793192244643922,461603,88,2752,13365,100
2793192249749907,461603,88,2752,13365,100
2793192254869158,461603,88,2752,13365,100
2793192259982428,461603,88,2752,13365,100
2793192265120096,461603,88,2752,13365,100
2793192270233432,461603,88,2752,13365,100
2793192275346752,461603,88,2752,13365,100
2793192280460125,461603,88,2752,13365,100
2793192285573381,461603,88,2752,13365,100
2793192290685889,461603,88,2752,13365,100
2793192295815286,461603,88,2752,13365,100
2793192300927198,461603,88,2752,13365,100
2793192306040067,461603,88,2752,13365,100
2793192311146072,461603,88,2752,13365,100
2793192316256309,461603,88,2752,13365,100
2793192321368776,461603,88,2752,13365,100
2793192326481300,461603,88,2752,13365,100
2793192331593269,461603,88,2752,13365,100
2793192336705693,461603,88,2752,13365,100
2793192341818642,461603,88,2752,13365,100
2793192346931398,461603,88,2752,13365,100
2793192352043574,461603,88,2752,13365,100
2793192357153951,461603,88,2752,13365,100
2793192362266816,461603,88,2752,13365,100
2793192367380615,461603,88,2752,13365,100
2793192372493020,461603,88,2752,13365,100
2793192377605084,461603,88,2752,13365,100
2793192382717153,461603,88,2752,13365,100
2793192387829189,461603,88,2752,13365,100
2793192392942037,481631,89,2752,13365,100
2793192398054325,481631,89,2752,13365,100
2793192403166238,481631,89,2752,13365,100
2793192408278690,481631,89,2752,13365,100
2793192413391019,481631,89,2752,13365,100
2793192418504808,481631,89,2752,13365,100
2793192423618122,481631,89,2752,13365,100
2793192428730944,481631,89,2752,13365,100
2793192433843141,481631,89,2752,13365,100
2793192438956341,481631,89,2752,13365,100
2793192444068517,481631,89,2752,13365,100
2793192449180802,481631,89,2752,13365,100
2793192454292839,481631,89,2752,13365,100
2793192459405051,481631,89,2752,13365,100
2793192464517975,481631,89,2752,13365,100
2793192469631248,481631,89,2752,13365,100
2793192474743904,481631,89,2752,13365,100
2793192479856745,481631,89,2752,13365,100
2793192484968813,481631,89,2752,13365,100
2793192490080781,481631,89,2752,13365,100
2793192495192930,481631,89,2752,13365,100
2793192500319350,481631,89,2752,13365,100
2793192505432385,481631,89,2752,13365,100
2793192510544647,481631,89,2752,13365,100
2793192515656995,481631,89,2752,13365,100
2793192520770543,481631,89,2752,13365,100
2793192525888564,481631,89,2752,13365,100
2793192530991448,481631,89,2752,13365,100
2793192536116317,481631,89,2752,13365,100
2793192541228197,481631,89,2752,13365,100
2793192546340598,481631,89,2752,13365,100
2793192551452742,481631,89,2752,13365,100
2793192556565018,481631,89,2752,13365,100
2793192561677255,481631,89,2752,13365,100
2793192566791437,481631,89,2752,13365,100
2793192571905104,481631,89,2752,13365,100
2793192577034176,481631,89,2752,13365,100
2793192582150545,481631,89,2752,13365,100
2793192587263013,481631,89,2752,13365,100
2793192592375253,481631,89,2752,13365,100
2793192597487102,481631,89,2752,13365,100
2793192602599594,481631,89,2752,13365,100
2793192607711573,481631,89,2752,13365,100
2793192612824699,481631,89,2752,13365,100
2793192617936569,481631,89,2752,13365,100
2793192623050980,481631,89,2752,13365,100
2793192628163112,481631,89,2752,13365,100
2793192633275436,481631,89,2752,13365,100
2793192638387721,481631,89,2752,13365,100
2793192643499629,481631,89,2752,13365,100
2793192648611435,481631,89,2752,13365,100
2793192653723502,481631,89,2752,13365,100
2793192658835995,481631,89,2752,13365,100
2793192663948059,481631,89,2752,13365,100
2793192669060144,481631,89,2752,13365,100
2793192674173715,481631,89,2752,13365,100
2793192679285724,481631,89,2752,13365,100
2793192684398224,481631,89,2752,13365,100
2793192689507419,481631,89,2752,13365,100
2793192694605108,481631,89,2752,13365,100
2793192699708168,481631,89,2752,13365,100
2793192704815599,481631,89,2752,13365,100
2793192709914422,481631,89,2752,13365,100
2793192715048366,481631,89,2752,13365,100
2793192720151970,481631,89,2752,13365,100
2793192725251548,481631,89,2752,13365,100
2793192730347583,481631,89,2752,13365,100
2793192735449093,481631,89,2752,13365,100
2793192740558922,481631,89,2752,13365,100
2793192745671790,481631,89,2752,13365,100
2793192750779595,481631,89,2752,13365,100
2793192755875045,481631,89,2752,13365,100
2793192760981555,481631,89,2752,13365,100
2793192766121363,481631,89,2752,13365,100
2793192771229836,481631,89,2752,13365,100
2793192776344200,481631,89,2752,13365,100
2793192781457149,481631,89,2752,13365,100
2793192786570342,481631,89,2752,13365,100
2793192791682461,481631,89,2752,13365,100
2793192796794986,481631,89,2752,13365,100
2793192801907710,481631,89,2752,13365,100
2793192807019979,481631,89,2752,13365,100
2793192812132387,481631,89,2752,13365,100
2793192817244483,481631,89,2752,13365,100
2793192822357000,481631,89,2752,13365,100
2793192827471156,481631,89,2752,13365,100
2793192832583173,481631,89,2752,13365,100
2793192837695921,481631,89,2752,13365,100
2793192842808396,481631,89,2752,13365,100
2793192847920824,481631,89,2752,13365,100
2793192853033045,481631,89,2752,13365,100
2793192858145295,481631,89,2752,13365,100
2793192863257443,481631,89,2752,13365,100
2793192868371583,481631,89,2752,13365,100
2793192873483800,481631,89,2752,13365,100
2793192878597912,481631,89,2752,13365,100
2793192883710401,481631,89,2752,13365,100
2793192888822749,601737,89,2752,13365,100
2793192893928129,601737,89,2752,13365,100
2793192899052114,601737,89,2752,13365,100
2793192904164318,601737,89,2752,13365,100
2793192909276573,601737,89,2752,13365,100
2793192914388851,601737,89,2752,13365,100
2793192919501251,601737,89,2752,13365,100
2793192924612640,601737,89,2752,13365,100
2793192929726460,601737,89,2752,13365,100
2793192934838748,601737,89,2752,13365,100
2793192939951045,601737,89,2752,13365,100
2793192945063104,601737,89,2752,13365,100
2793192950192338,601737,89,2752,13365,100
2793192955304407,601737,89,2752,13365,100
2793192960416579,601737,89,2752,13365,100
2793192965528931,601737,89,2752,13365,100
2793192970641220,601737,89,2752,13365,100
2793192975753800,601737,89,2752,13365,100
2793192980867629,601737,89,2752,13365,100
2793192985972685,601737,89,2752,13365,100
2793192991081798,601737,89,2752,13365,100
2793192996194014,601737,89,2752,13365,100
2793193001306232,601737,89,2752,13365,100
2793193006418535,601737,89,2752,13365,100
2793193011530931,601737,89,2752,13365,100
2793193016643187,601737,89,2752,13365,100
2793193021755372,601737,89,2752,13365,100
2793193026867404,601737,89,2752,13365,100
2793193031981089,601737,89,2752,13365,100
2793193037093841,601737,89,2752,13365,100
2793193042206068,601737,89,2752,13365,100
2793193047318180,601737,89,2752,13365,100
2793193052430330,601737,89,2752,13365,100
2793193057542566,601737,89,2752,13365,100
2793193062654575,601737,89,2752,13365,100
2793193067768139,601737,89,2752,13365,100
2793193072880762,601737,89,2752,13365,100
2793193077983121,601737,89,2752,13365,100
2793193083092276,601737,89,2752,13365,100
2793193088204357,601737,89,2752,13365,100
2793193093316470,601737,89,2752,13365,100
2793193098428389,601737,89,2752,13365,100
2793193103553559,601737,89,2752,13365,100
2793193108665673,601737,89,2752,13365,100
2793193113777757,601737,89,2752,13365,100
2793193118890127,601737,89,2752,13365,100
2793193124019963,601737,89,2752,13365,100
2793193129135837,601737,89,2752,13365,100
2793193134249294,601737,89,2752,13365,100
2793193139361377,601737,89,2752,13365,100
2793193144473610,601737,89,2752,13365,100
2793193149586014,601737,89,2752,13365,100
2793193154698184,601737,89,2752,13365,100
2793193159810527,601737,89,2752,13365,100
2793193164922919,601737,89,2752,13365,100
2793193170035587,601737,89,2752,13365,100
2793193175147848,601737,89,2752,13365,100
2793193180260268,601737,89,2752,13365,100
2793193185374065,601737,89,2752,13365,100
2793193190485805,601737,89,2752,13365,100
2793193195598065,601737,89,2752,13365,100
2793193200710290,601737,89,2752,13365,100
2793193205822034,601737,89,2752,13365,100
2793193210934073,601737,89,2752,13365,100
2793193216046527,601737,89,2752,13365,100
2793193221158456,601737,89,2752,13365,100
2793193226270620,601737,89,2752,13365,100
2793193231382749,601737,89,2752,13365,100
2793193236496488,601737,89,2752,13365,100
2793193241609021,601737,89,2752,13365,100
2793193246720978,601737,89,2752,13365,100
2793193251833226,601737,89,2752,13365,100
2793193256945382,601737,89,2752,13365,100
2793193262057403,601737,89,2752,13365,100
2793193267169823,601737,89,2752,13365,100
2793193272282279,601737,89,2752,13365,100
2793193277394320,601737,89,2752,13365,100
2793193282506644,601737,89,2752,13365,100
2793193287620432,601737,89,2752,13365,100
2793193292732703,601737,89,2752,13365,100
2793193297844930,601737,89,2752,13365,100
2793193302956778,601737,89,2752,13365,100
2793193308069090,601737,89,2752,13365,100
2793193313181421,601737,89,2752,13365,100
2793193318293546,601737,89,2752,13365,100
2793193323406024,601737,89,2752,13365,100
2793193328518160,601737,89,2752,13365,100
2793193333630359,601737,89,2752,13365,100
2793193338743996,601737,89,2752,13365,100
2793193343856602,601737,89,2752,13365,100
2793193348968690,601737,89,2752,13365,100
2793193354080776,601737,89,2752,13365,100
2793193359192830,601737,89,2752,13365,100
2793193364304915,601737,89,2752,13365,100
2793193369417239,601737,89,2752,13365,100
2793193374529472,601737,89,2752,13365,100
2793193379641596,601737,89,2752,13365,100
2793193384753532,601737,89,2752,13365,100
2793193389867560,602196,89,2752,13365,100
2793193394980052,602196,89,2752,13365,100
2793193400088071,602196,89,2752,13365,100
2793193405198175,602196,89,2752,13365,100
2793193410310354,602196,89,2752,13365,100
2793193415422159,602196,89,2752,13365,100
2793193420534308,602196,89,2752,13365,100
2793193425647052,602196,89,2752,13365,100
2793193430758910,602196,89,2752,13365,100
2793193435871756,602196,89,2752,13365,100
2793193440985946,602196,89,2752,13365,100
2793193446119089,602196,89,2752,13365,100
2793193451231233,602196,89,2752,13365,100
2793193456343219,602196,89,2752,13365,100
2793193461454991,602196,89,2752,13365,100
2793193466567963,602196,89,2752,13365,100
2793193471680191,602196,89,2752,13365,100
2793193476792744,602196,89,2752,13365,100
2793193481905472,602196,89,2752,13365,100
2793193487034560,602196,89,2752,13365,100
2793193492170773,602196,89,2752,13365,100
2793193497283561,602196,89,2752,13365,100
2793193502395864,602196,89,2752,13365,100
2793193507508130,602196,89,2752,13365,100
2793193512620280,602196,89,2752,13365,100
2793193517732599,602196,89,2752,13365,100
2793193522845243,602196,89,2752,13365,100
2793193527957464,602196,89,2752,13365,100
2793193533069765,602196,89,2752,13365,100
2793193538186875,602196,89,2752,13365,100
2793193543304288,602196,89,2752,13365,100
2793193548416803,602196,89,2752,13365,100
2793193553529157,602196,89,2752,13365,100
2793193558641226,602196,89,2752,13365,100
2793193563753326,602196,89,2752,13365,100
2793193568865311,602196,89,2752,13365,100
2793193573978011,602196,89,2752,13365,100
2793193579090075,602196,89,2752,13365,100
2793193584202456,602196,89,2752,13365,100
2793193589315181,602196,89,2752,13365,100
2793193594428833,602196,89,2752,13365,100
2793193599541295,602196,89,2752,13365,100
2793193604670201,602196,89,2752,13365,100
2793193609782262,602196,89,2752,13365,100
2793193614887092,602196,89,2752,13365,100
2793193619995683,602196,89,2752,13365,100
2793193625138803,602196,89,2752,13365,100
2793193630245923,602196,89,2752,13365,100
2793193635358132,602196,89,2752,13365,100
2793193640470262,602196,89,2752,13365,100
2793193645584221,602196,89,2752,13365,100
2793193650696973,602196,89,2752,13365,100
2793193655809383,602196,89,2752,13365,100
2793193660917869,602196,89,2752,13365,100
2793193666029820,602196,89,2752,13365,100
2793193671150363,602196,89,2752,13365,100
2793193676266423,602196,89,2752,13365,100
2793193681373231,602196,89,2752,13365,100
2793193686486016,602196,89,2752,13365,100
2793193691598032,602196,89,2752,13365,100
2793193696712160,602196,89,2752,13365,100
2793193701842453,602196,89,2752,13365,100
2793193706953994,602196,89,2752,13365,100
2793193712066602,602196,89,2752,13365,100
2793193717179154,602196,89,2752,13365,100
2793193722291291,602196,89,2752,13365,100
2793193727403552,602196,89,2752,13365,100
2793193732515944,602196,89,2752,13365,100
2793193737627980,602196,89,2752,13365,100
2793193742740560,602196,89,2752,13365,100
2793193747854617,602196,89,2752,13365,100
2793193752967285,602196,89,2752,13365,100
2793193758079333,602196,89,2752,13365,100
2793193763192061,602196,89,2752,13365,100
2793193768304147,602196,89,2752,13365,100
2793193773417197,602196,89,2752,13365,100
2793193778529375,602196,89,2752,13365,100
2793193783641435,602196,89,2752,13365,100
2793193788753776,602196,89,2752,13365,100
2793193793865982,602196,89,2752,13365,100
2793193798979819,602196,89,2752,13365,100
2793193804092357,602196,89,2752,13365,100
2793193809205190,602196,89,2752,13365,100
2793193814317214,602196,89,2752,13365,100
2793193819429139,602196,89,2752,13365,100
2793193824541147,602196,89,2752,13365,100
2793193829653320,602196,89,2752,13365,100
2793193834765384,602196,89,2752,13365,100
2793193839878312,602196,89,2752,13365,100
2793193844990328,602196,89,2752,13365,100
2793193850114169,602196,89,2752,13365,100
2793193855222247,602196,89,2752,13365,100
2793193860334370,602196,89,2752,13365,100
2793193865446776,602196,89,2752,13365,100
2793193870559155,602196,89,2752,13365,100
2793193875671603,602196,89,2752,13365,100
2793193880785003,602196,89,2752,13365,100
2793193885898016,602196,89,2752,13365,100
2793193891030956,601172,89,2752,13365,100
2793193896147962,601172,89,2752,13365,100
2793193901262647,601172,89,2752,13365,100
2793193906376193,601172,89,2752,13365,100
2793193911489116,601172,89,2752,13365,100
2793193916602328,601172,89,2752,13365,100
2793193921715384,601172,89,2752,13365,100
2793193926828258,601172,89,2752,13365,100
2793193931941195,601172,89,2752,13365,100
2793193937054778,601172,89,2752,13365,100
2793193942168615,601172,89,2752,13365,100
2793193947282840,601172,89,2752,13365,100
2793193952398129,601172,89,2752,13365,100
2793193957512297,601172,89,2752,13365,100
2793193962626185,601172,89,2752,13365,100
2793193967739892,601172,89,2752,13365,100
2793193972853330,601172,89,2752,13365,100
2793193977966859,601172,89,2752,13365,100
2793193983080677,601172,89,2752,13365,100
2793193988194602,601172,89,2752,13365,100
2793193993308519,601172,89,2752,13365,100
2793193998422760,601172,89,2752,13365,100
2793194003538344,601172,89,2752,13365,100
2793194008653529,601172,89,2752,13365,100
2793194013769249,601172,89,2752,13365,100
2793194018884016,601172,89,2752,13365,100
2793194023998774,601172,89,2752,13365,100
2793194029125418,601172,89,2752,13365,100
2793194034235574,601172,89,2752,13365,100
2793194039350939,601172,89,2752,13365,100
2793194044465316,601172,89,2752,13365,100
2793194049591594,601172,89,2752,13365,100
2793194054713137,601172,89,2752,13365,100
2793194059828789,601172,89,2752,13365,100
2793194064944053,601172,89,2752,13365,100
2793194070059894,601172,89,2752,13365,100
2793194075223050,601172,89,2752,13365,100
2793194080338162,601172,89,2752,13365,100
2793194085453919,601172,89,2752,13365,100
2793194090574155,601172,89,2752,13365,100
2793194095690547,601172,89,2752,13365,100
2793194100806580,601172,89,2752,13365,100
2793194105924450,601172,89,2752,13365,100
2793194111040321,601172,89,2752,13365,100
2793194116156445,601172,89,2752,13365,100
2793194121273525,601172,89,2752,13365,100
2793194126390353,601172,89,2752,13365,100
2793194131507710,601172,89,2752,13365,100
2793194136624698,601172,89,2752,13365,100
2793194141741906,601172,89,2752,13365,100
2793194146859210,601172,89,2752,13365,100
2793194151976601,601172,89,2752,13365,100
2793194157095664,601172,89,2752,13365,100
2793194162213852,601172,89,2752,13365,100
2793194167331580,601172,89,2752,13365,100
2793194172449219,601172,89,2752,13365,100
2793194177567301,601172,89,2752,13365,100
2793194182685468,601172,89,2752,13365,100
2793194187803422,601172,89,2752,13365,100
2793194192922294,601172,89,2752,13365,100
2793194198041161,601172,89,2752,13365,100
2793194203160405,601172,89,2752,13365,100
2793194208280551,601172,89,2752,13365,100
2793194213399632,601172,89,2752,13365,100
2793194218518364,601172,89,2752,13365,100
2793194223637437,601172,89,2752,13365,100
2793194228756769,601172,89,2752,13365,100
2793194233876211,601172,89,2752,13365,100
2793194238995249,601172,89,2752,13365,100
2793194244131091,601172,89,2752,13365,100
2793194249245730,601172,89,2752,13365,100
2793194254364782,601172,89,2752,13365,100
2793194259503382,601172,89,2752,13365,100
2793194264622479,601172,89,2752,13365,100
2793194269741407,601172,89,2752,13365,100
2793194274860594,601172,89,2752,13365,100
2793194279979300,601172,89,2752,13365,100
2793194285097980,601172,89,2752,13365,100
2793194290216693,601172,89,2752,13365,100
2793194295335662,601172,89,2752,13365,100
2793194300454361,601172,89,2752,13365,100
2793194305573045,601172,89,2752,13365,100
2793194310693106,601172,89,2752,13365,100
2793194315811830,601172,89,2752,13365,100
2793194320930779,601172,89,2752,13365,100
2793194326050075,601172,89,2752,13365,100
2793194331168888,601172,89,2752,13365,100
2793194336288192,601172,89,2752,13365,100
2793194341407052,601172,89,2752,13365,100
2793194346541716,601172,89,2752,13365,100
2793194351661009,601172,89,2752,13365,100
2793194356780014,601172,89,2752,13365,100
2793194361900260,601172,89,2752,13365,100
2793194367041858,601172,89,2752,13365,100
2793194372156900,601172,89,2752,13365,100
2793194377272747,601172,89,2752,13365,100
2793194382391627,601172,89,2752,13365,100
2793194387510643,601172,89,2752,13365,100
2793194392629360,600400,89,2745,13365,100
2793194397747920,600400,89,2745,13365,100
2793194402867060,600400,89,2745,13365,100
2793194407986212,600400,89,2745,13365,100
2793194413129073,600400,89,2745,13365,100
2793194418247681,600400,89,2745,13365,100
2793194423366800,600400,89,2745,13365,100
2793194428485718,600400,89,2745,13365,100
2793194433604721,600400,89,2745,13365,100
2793194438723663,600400,89,2745,13365,100
2793194443842269,600400,89,2745,13365,100
2793194448960200,600400,89,2745,13365,100
2793194454069264,600400,89,2745,13365,100
2793194459183845,600400,89,2745,13365,100
2793194464304580,600400,89,2745,13365,100
2793194469423385,600400,89,2745,13365,100
2793194474542214,600400,89,2745,13365,100
2793194479661313,600400,89,2745,13365,100
2793194484780584,600400,89,2745,13365,100
2793194489899471,600400,89,2745,13365,100
2793194495037067,600400,89,2745,13365,100
2793194500160939,600400,89,2745,13365,100
2793194505279982,600400,89,2745,13365,100
2793194510401306,600400,89,2745,13365,100
2793194515521956,600400,89,2745,13365,100
2793194520641460,600400,89,2745,13365,100
2793194525760565,600400,89,2745,13365,100
2793194530880029,600400,89,2745,13365,100
2793194535998890,600400,89,2745,13365,100
2793194541132654,600400,89,2745,13365,100
2793194546248826,600400,89,2745,13365,100
2793194551367954,600400,89,2745,13365,100
2793194556487079,600400,89,2745,13365,100
2793194561606088,600400,89,2745,13365,100
2793194566727492,600400,89,2745,13365,100
2793194571847198,600400,89,2745,13365,100
2793194576966263,600400,89,2745,13365,100
2793194582085507,600400,89,2745,13365,100
2793194587204357,600400,89,2745,13365,100
2793194592323761,600400,89,2745,13365,100
2793194597443210,600400,89,2745,13365,100
2793194602561346,600400,89,2745,13365,100
2793194607680287,600400,89,2745,13365,100
2793194612799879,600400,89,2745,13365,100
2793194617920765,600400,89,2745,13365,100
2793194623040235,600400,89,2745,13365,100
2793194628159116,600400,89,2745,13365,100
2793194633278020,600400,89,2745,13365,100
2793194638397103,600400,89,2745,13365,100
2793194643516293,600400,89,2745,13365,100
2793194648635853,600400,89,2745,13365,100
2793194653756818,600400,89,2745,13365,100
2793194658875894,600400,89,2745,13365,100
2793194663995223,600400,89,2745,13365,100
2793194669134497,600400,89,2745,13365,100
2793194674251703,600400,89,2745,13365,100
2793194679370328,600400,89,2745,13365,100
2793194684489796,600400,89,2745,13365,100
2793194689608977,600400,89,2745,13365,100
2793194694727763,600400,89,2745,13365,100
2793194699846355,600400,89,2745,13365,100
2793194704981157,600400,89,2745,13365,100
2793194710111220,600400,89,2745,13365,100
2793194715226500,600400,89,2745,13365,100
2793194720347134,600400,89,2745,13365,100
2793194725466498,600400,89,2745,13365,100
2793194730585393,600400,89,2745,13365,100
2793194735704067,600400,89,2745,13365,100
2793194740822624,600400,89,2745,13365,100
2793194745941520,600400,89,2745,13365,100
2793194751060396,600400,89,2745,13365,100
2793194756179429,600400,89,2745,13365,100
2793194761298321,600400,89,2745,13365,100
2793194766418009,600400,89,2745,13365,100
2793194771538658,600400,89,2745,13365,100
2793194776657627,600400,89,2745,13365,100
2793194781776610,600400,89,2745,13365,100
2793194786895571,600400,89,2745,13365,100
2793194792040205,600400,89,2745,13365,100
2793194797152315,600400,89,2745,13365,100
2793194802267152,600400,89,2745,13365,100
2793194807386372,600400,89,2745,13365,100
2793194812505449,600400,89,2745,13365,100
2793194817630557,600400,89,2745,13365,100
2793194822751061,600400,89,2745,13365,100
2793194827870509,600400,89,2745,13365,100
2793194832989415,600400,89,2745,13365,100
2793194838128759,600400,89,2745,13365,100
2793194843247771,600400,89,2745,13365,100
2793194848380891,600400,89,2745,13365,100
2793194853500032,600400,89,2745,13365,100
2793194858619236,600400,89,2745,13365,100
2793194863738048,600400,89,2745,13365,100
2793194868857240,600400,89,2745,13365,100
2793194873967365,600400,89,2745,13365,100
2793194879084245,600400,89,2745,13365,100
2793194884197603,600400,89,2745,13365,100
2793194889315906,600056,89,2745,13365,100
2793194894430731,600056,89,2745,13365,100
2793194899522467,600056,89,2745,13365,100
2793194904623041,600056,89,2745,13365,100
2793194909722013,600056,89,2745,13365,100
2793194914834589,600056,89,2745,13365,100
2793194919947035,600056,89,2745,13365,100
2793194925065919,600056,89,2745,13365,100
2793194930183097,600056,89,2745,13365,100
2793194935300981,600056,89,2745,13365,100
2793194940420826,600056,89,2745,13365,100
2793194945541777,600056,89,2745,13365,100
2793194950659103,600056,89,2745,13365,100
2793194955776175,600056,89,2745,13365,100
2793194960892170,600056,89,2745,13365,100
2793194966030120,600056,89,2745,13365,100
2793194971143780,600056,89,2745,13365,100
2793194976258203,600056,89,2745,13365,100
2793194981374769,600056,89,2745,13365,100
2793194986491290,600056,89,2745,13365,100
2793194991607994,600056,89,2745,13365,100
2793194996713192,600056,89,2745,13365,100
2793195001812074,600056,89,2745,13365,100
2793195006913479,600056,89,2745,13365,100
2793195012024009,600056,89,2745,13365,100
2793195017144652,600056,89,2745,13365,100
2793195022264164,600056,89,2745,13365,100
2793195027381601,600056,89,2745,13365,100
2793195032489953,600056,89,2745,13365,100
2793195037589989,600056,89,2745,13365,100
2793195042697363,600056,89,2745,13365,100
2793195047803605,600056,89,2745,13365,100
2793195052904459,600056,89,2745,13365,100
2793195058020199,600056,89,2745,13365,100
2793195063129929,600056,89,2745,13365,100
2793195068240814,600056,89,2745,13365,100
2793195073339736,600056,89,2745,13365,100
2793195078438947,600056,89,2745,13365,100
2793195083538786,600056,89,2745,13365,100
2793195088637746,600056,89,2745,13365,100
2793195093741949,600056,89,2745,13365,100
2793195098840870,600056,89,2745,13365,100
2793195103945529,600056,89,2745,13365,100
2793195109056368,600056,89,2745,13365,100
2793195114159765,600056,89,2745,13365,100
2793195119253412,600056,89,2745,13365,100
2793195124347214,600056,89,2745,13365,100
2793195129451612,600056,89,2745,13365,100
2793195134550042,600056,89,2745,13365,100
2793195139642512,600056,89,2745,13365,100
2793195144741606,600056,89,2745,13365,100
2793195149852450,600056,89,2745,13365,100
2793195154959187,600056,89,2745,13365,100
2793195160070355,600056,89,2745,13365,100
2793195165181213,600056,89,2745,13365,100
2793195170295421,600056,89,2745,13365,100
2793195175401106,600056,89,2745,13365,100
2793195180512163,600056,89,2745,13365,100
2793195185625215,600056,89,2745,13365,100
2793195190739571,600056,89,2745,13365,100
2793195195853807,600056,89,2745,13365,100
2793195200968506,600056,89,2745,13365,100
2793195206082903,600056,89,2745,13365,100
2793195211198389,600056,89,2745,13365,100
2793195216313093,600056,89,2745,13365,100
2793195221428466,600056,89,2745,13365,100
2793195226544050,600056,89,2745,13365,100
2793195231660994,600056,89,2745,13365,100
2793195236776139,600056,89,2745,13365,100
2793195241890639,600056,89,2745,13365,100
2793195247025087,600056,89,2745,13365,100
2793195252137194,600056,89,2745,13365,100
2793195257251447,600056,89,2745,13365,100
2793195262367037,600056,89,2745,13365,100
2793195267482993,600056,89,2745,13365,100
2793195272598760,600056,89,2745,13365,100
2793195277714784,600056,89,2745,13365,100
2793195282833562,600056,89,2745,13365,100
2793195287950300,600056,89,2745,13365,100
2793195293066567,600056,89,2745,13365,100
2793195298183095,600056,89,2745,13365,100
2793195303299308,600056,89,2745,13365,100
2793195308416224,600056,89,2745,13365,100
2793195313533344,600056,89,2745,13365,100
2793195318650289,600056,89,2745,13365,100
2793195323766753,600056,89,2745,13365,100
2793195328883730,600056,89,2745,13365,100
2793195334024592,600056,89,2745,13365,100
2793195339135282,600056,89,2745,13365,100
2793195344247841,600056,89,2745,13365,100
2793195349365633,600056,89,2745,13365,100
2793195354483088,600056,89,2745,13365,100
2793195359601307,600056,89,2745,13365,100
2793195364719872,600056,89,2745,13365,100
2793195369839952,600056,89,2745,13365,100
2793195374957893,600056,89,2745,13365,100
2793195380076681,600056,89,2745,13365,100
2793195385197510,600056,89,2745,13365,100
2793195390316342,599913,89,2752,13365,100
2793195395435443,599913,89,2752,13365,100
2793195400555391,599913,89,2752,13365,100
2793195405674479,599913,89,2752,13365,100
2793195410793540,599913,89,2752,13365,100
2793195415912808,599913,89,2752,13365,100
2793195421031586,599913,89,2752,13365,100
2793195426150471,599913,89,2752,13365,100
2793195431256211,599913,89,2752,13365,100
2793195436370345,599913,89,2752,13365,100
2793195441488922,599913,89,2752,13365,100
2793195446607996,599913,89,2752,13365,100
2793195451727113,599913,89,2752,13365,100
2793195456846311,599913,89,2752,13365,100
2793195461966021,599913,89,2752,13365,100
2793195467085971,599913,89,2752,13365,100
2793195472205423,599913,89,2752,13365,100
2793195477324254,599913,89,2752,13365,100
2793195482443306,599913,89,2752,13365,100
2793195487563721,599913,89,2752,13365,100
2793195492682942,599913,89,2752,13365,100
2793195497802765,599913,89,2752,13365,100
2793195502921882,599913,89,2752,13365,100
2793195508041023,599913,89,2752,13365,100
2793195513160363,599913,89,2752,13365,100
2793195518279463,599913,89,2752,13365,100
2793195523386975,599913,89,2752,13365,100
2793195528500523,599913,89,2752,13365,100
2793195533619732,599913,89,2752,13365,100
2793195538740147,599913,89,2752,13365,100
2793195543859486,599913,89,2752,13365,100
2793195548978457,599913,89,2752,13365,100
2793195554097954,599913,89,2752,13365,100
2793195559216990,599913,89,2752,13365,100
2793195564336187,599913,89,2752,13365,100
2793195569473722,599913,89,2752,13365,100
2793195574592507,599913,89,2752,13365,100
2793195579711411,599913,89,2752,13365,100
2793195584830766,599913,89,2752,13365,100
2793195589951764,599913,89,2752,13365,100
2793195595071217,599913,89,2752,13365,100
2793195600189977,599913,89,2752,13365,100
2793195605308662,599913,89,2752,13365,100
2793195610427802,599913,89,2752,13365,100
2793195615546338,599913,89,2752,13365,100
2793195620665115,599913,89,2752,13365,100
2793195625784030,599913,89,2752,13365,100
2793195630902787,599913,89,2752,13365,100
2793195636021930,599913,89,2752,13365,100
2793195641142972,599913,89,2752,13365,100
2793195646262233,599913,89,2752,13365,100
2793195651381322,599913,89,2752,13365,100
2793195656500169,599913,89,2752,13365,100
2793195661636173,599913,89,2752,13365,100
2793195666754845,599913,89,2752,13365,100
2793195671873418,599913,89,2752,13365,100
2793195676992392,599913,89,2752,13365,100
2793195682125863,599913,89,2752,13365,100
2793195687239319,599913,89,2752,13365,100
2793195692359792,599913,89,2752,13365,100
2793195697478936,599913,89,2752,13365,100
2793195702598180,599913,89,2752,13365,100
2793195707717089,599913,89,2752,13365,100
2793195712835964,599913,89,2752,13365,100
2793195717957533,599913,89,2752,13365,100
2793195723080184,599913,89,2752,13365,100
2793195728205928,599913,89,2752,13365,100
2793195733324866,599913,89,2752,13365,100
2793195738443650,599913,89,2752,13365,100
2793195743564294,599913,89,2752,13365,100
2793195748682103,599913,89,2752,13365,100
2793195753799832,599913,89,2752,13365,100
2793195758917344,599913,89,2752,13365,100
2793195764034808,599913,89,2752,13365,100
2793195769205600,599913,89,2752,13365,100
2793195774322966,599913,89,2752,13365,100
2793195779441117,599913,89,2752,13365,100
2793195784558937,599913,89,2752,13365,100
2793195789678509,599913,89,2752,13365,100
2793195794799183,599913,89,2752,13365,100
2793195799918747,599913,89,2752,13365,100
2793195805038953,599913,89,2752,13365,100
2793195810158603,599913,89,2752,13365,100
2793195815279056,599913,89,2752,13365,100
2793195820398668,599913,89,2752,13365,100
2793195825517668,599913,89,2752,13365,100
2793195830636795,599913,89,2752,13365,100
2793195835755852,599913,89,2752,13365,100
2793195840875022,599913,89,2752,13365,100
2793195845995422,599913,89,2752,13365,100
2793195851140382,599913,89,2752,13365,100
2793195856259791,599913,89,2752,13365,100
2793195861378801,599913,89,2752,13365,100
2793195866497978,599913,89,2752,13365,100
2793195871616783,599913,89,2752,13365,100
2793195876736714,599913,89,2752,13365,100
2793195881855368,599913,89,2752,13365,100
2793195886974596,599913,89,2752,13365,100
2793195892093349,599806,89,2752,13365,100
2793195897213825,599806,89,2752,13365,100
2793195902332849,599806,89,2752,13365,100
2793195907451306,599806,89,2752,13365,100
2793195912571130,599806,89,2752,13365,100
2793195917690129,599806,89,2752,13365,100
2793195922809011,599806,89,2752,13365,100
2793195927928156,599806,89,2752,13365,100
2793195933047209,599806,89,2752,13365,100
2793195938166079,599806,89,2752,13365,100
2793195943285378,599806,89,2752,13365,100
2793195948406324,599806,89,2752,13365,100
2793195953525565,599806,89,2752,13365,100
2793195958644818,599806,89,2752,13365,100
2793195963764077,599806,89,2752,13365,100
2793195968883040,599806,89,2752,13365,100
2793195974027146,599806,89,2752,13365,100
2793195979150290,599806,89,2752,13365,100
2793195984269443,599806,89,2752,13365,100
2793195989380775,599806,89,2752,13365,100
2793195994500407,599806,89,2752,13365,100
2793195999620898,599806,89,2752,13365,100
2793196004740423,599806,89,2752,13365,100
2793196009860313,599806,89,2752,13365,100
2793196014979441,599806,89,2752,13365,100
2793196020118590,599806,89,2752,13365,100
2793196025237449,599806,89,2752,13365,100
2793196030356944,599806,89,2752,13365,100
2793196035476271,599806,89,2752,13365,100
2793196040595513,599806,89,2752,13365,100
2793196045714611,599806,89,2752,13365,100
2793196050836211,599806,89,2752,13365,100
2793196055955208,599806,89,2752,13365,100
2793196061074405,599806,89,2752,13365,100
2793196066205700,599806,89,2752,13365,100
2793196071324545,599806,89,2752,13365,100
2793196076443481,599806,89,2752,13365,100
2793196081563470,599806,89,2752,13365,100
2793196086682758,599806,89,2752,13365,100
2793196091801882,599806,89,2752,13365,100
2793196096907397,599806,89,2752,13365,100
2793196102043119,599806,89,2752,13365,100
2793196107167250,599806,89,2752,13365,100
2793196112288063,599806,89,2752,13365,100
2793196117409084,599806,89,2752,13365,100
2793196122528570,599806,89,2752,13365,100
2793196127647560,599806,89,2752,13365,100
2793196132766619,599806,89,2752,13365,100
2793196137885976,599806,89,2752,13365,100
2793196143019758,599806,89,2752,13365,100
2793196148140079,599806,89,2752,13365,100
2793196153260887,599806,89,2752,13365,100
2793196158380159,599806,89,2752,13365,100
2793196163498963,599806,89,2752,13365,100
2793196168618002,599806,89,2752,13365,100
2793196173736916,599806,89,2752,13365,100
2793196178855480,599806,89,2752,13365,100
2793196183974337,599806,89,2752,13365,100
2793196189093609,599806,89,2752,13365,100
2793196194212435,599806,89,2752,13365,100
2793196199331588,599806,89,2752,13365,100
2793196204452062,599806,89,2752,13365,100
2793196209569746,599806,89,2752,13365,100
2793196214678501,599806,89,2752,13365,100
2793196219787763,599806,89,2752,13365,100
2793196224913399,599806,89,2752,13365,100
2793196230033324,599806,89,2752,13365,100
2793196235174506,599806,89,2752,13365,100
2793196240293972,599806,89,2752,13365,100
2793196245412797,599806,89,2752,13365,100
2793196250531817,599806,89,2752,13365,100
2793196255652165,599806,89,2752,13365,100
2793196260771046,599806,89,2752,13365,100
2793196265890339,599806,89,2752,13365,100
2793196271028182,599806,89,2752,13365,100
2793196276146315,599806,89,2752,13365,100
2793196281263387,599806,89,2752,13365,100
2793196286382200,599806,89,2752,13365,100
2793196291501296,599806,89,2752,13365,100
2793196296620149,599806,89,2752,13365,100
2793196301739081,599806,89,2752,13365,100
2793196306859994,599806,89,2752,13365,100
2793196311979017,599806,89,2752,13365,100
2793196317097661,599806,89,2752,13365,100
2793196322216830,599806,89,2752,13365,100
2793196327335431,599806,89,2752,13365,100
2793196332454503,599806,89,2752,13365,100
2793196337573045,599806,89,2752,13365,100
2793196342691624,599806,89,2752,13365,100
2793196347810520,599806,89,2752,13365,100
2793196352930112,599806,89,2752,13365,100
2793196358050549,599806,89,2752,13365,100
2793196363169461,599806,89,2752,13365,100
2793196368288126,599806,89,2752,13365,100
2793196373406998,599806,89,2752,13365,100
2793196378524702,599806,89,2752,13365,100
2793196383643783,599806,89,2752,13365,100
2793196388762911,599814,89,2752,13365,100
2793196393882188,599814,89,2752,13365,100
2793196399025045,599814,89,2752,13365,100
2793196404135992,599814,89,2752,13365,100
2793196409251348,599814,89,2752,13365,100
2793196414370469,599814,89,2752,13365,100
2793196419489517,599814,89,2752,13365,100
2793196424608445,599814,89,2752,13365,100
2793196429727793,599814,89,2752,13365,100
2793196434846702,599814,89,2752,13365,100
2793196439965834,599814,89,2752,13365,100
2793196445085075,599814,89,2752,13365,100
2793196450204181,599814,89,2752,13365,100
2793196455315813,599814,89,2752,13365,100
2793196460436496,599814,89,2752,13365,100
2793196465555928,599814,89,2752,13365,100
2793196470675033,599814,89,2752,13365,100
2793196475794031,599814,89,2752,13365,100
2793196480912809,599814,89,2752,13365,100
2793196486032258,599814,89,2752,13365,100
2793196491151146,599814,89,2752,13365,100
2793196496269786,599814,89,2752,13365,100
2793196501388858,599814,89,2752,13365,100
2793196506507484,599814,89,2752,13365,100
2793196511627663,599814,89,2752,13365,100
2793196516772571,599814,89,2752,13365,100
2793196521892122,599814,89,2752,13365,100
2793196527037086,599814,89,2752,13365,100
2793196532154796,599814,89,2752,13365,100
2793196537272045,599814,89,2752,13365,100
2793196542390781,599814,89,2752,13365,100
2793196547509993,599814,89,2752,13365,100
2793196552629006,599814,89,2752,13365,100
2793196557747926,599814,89,2752,13365,100
2793196562869010,599814,89,2752,13365,100
2793196567987909,599814,89,2752,13365,100
2793196573127840,599814,89,2752,13365,100
2793196578246764,599814,89,2752,13365,100
2793196583358122,599814,89,2752,13365,100
2793196588476653,599814,89,2752,13365,100
2793196593595805,599814,89,2752,13365,100
2793196598722842,599814,89,2752,13365,100
2793196603842150,599814,89,2752,13365,100
2793196608961322,599814,89,2752,13365,100
2793196614081714,599814,89,2752,13365,100
2793196619200499,599814,89,2752,13365,100
2793196624319379,599814,89,2752,13365,100
2793196629439012,599814,89,2752,13365,100
2793196634558276,599814,89,2752,13365,100
2793196639677382,599814,89,2752,13365,100
2793196644796325,599814,89,2752,13365,100
2793196649915400,599814,89,2752,13365,100
2793196655034475,599814,89,2752,13365,100
2793196660153734,599814,89,2752,13365,100
2793196665274454,599814,89,2752,13365,100
2793196670393728,599814,89,2752,13365,100
2793196675512726,599814,89,2752,13365,100
2793196680624943,599814,89,2752,13365,100
2793196685741422,599814,89,2752,13365,100
2793196690861115,599814,89,2752,13365,100
2793196695980284,599814,89,2752,13365,100
2793196701125940,599814,89,2752,13365,100
2793196706246379,599814,89,2752,13365,100
2793196711368789,599814,89,2752,13365,100
2793196716488257,599814,89,2752,13365,100
2793196721601894,599814,89,2752,13365,100
2793196726712319,599814,89,2752,13365,100
2793196731827141,599814,89,2752,13365,100
2793196736939763,599814,89,2752,13365,100
2793196742052792,599814,89,2752,13365,100
2793196747160662,599814,89,2752,13365,100
2793196752263898,599814,89,2752,13365,100
2793196757380205,599814,89,2752,13365,100
2793196762496835,599814,89,2752,13365,100
2793196767614773,599814,89,2752,13365,100
2793196772731994,599814,89,2752,13365,100
2793196777849648,599814,89,2752,13365,100
2793196782967499,599814,89,2752,13365,100
2793196788085351,599814,89,2752,13365,100
2793196793198835,599814,89,2752,13365,100
2793196798316771,599814,89,2752,13365,100
2793196803434882,599814,89,2752,13365,100
2793196808552872,599814,89,2752,13365,100
2793196813670849,599814,89,2752,13365,100
2793196818787493,599814,89,2752,13365,100
2793196823901362,599814,89,2752,13365,100
2793196829021486,599814,89,2752,13365,100
2793196834140214,599814,89,2752,13365,100
2793196839259467,599814,89,2752,13365,100
2793196844378310,599814,89,2752,13365,100
2793196849497651,599814,89,2752,13365,100
2793196854616793,599814,89,2752,13365,100
2793196859735844,599814,89,2752,13365,100
2793196864854824,599814,89,2752,13365,100
2793196869975687,599814,89,2752,13365,100
2793196875094865,599814,89,2752,13365,100
2793196880227726,599814,89,2752,13365,100
2793196885347141,599814,89,2752,13365,100
2793196890466242,600145,89,2745,13365,100
2793196895585270,600145,89,2745,13365,100
2793196900703879,600145,89,2745,13365,100
2793196905822839,600145,89,2745,13365,100
2793196910942088,600145,89,2745,13365,100
2793196916061728,600145,89,2745,13365,100
2793196921182717,600145,89,2745,13365,100
2793196926301561,600145,89,2745,13365,100
2793196931420961,600145,89,2745,13365,100
2793196936539289,600145,89,2745,13365,100
2793196941651131,600145,89,2745,13365,100
2793196946767070,600145,89,2745,13365,100
2793196951885996,600145,89,2745,13365,100
2793196957023862,600145,89,2745,13365,100
2793196962147103,600145,89,2745,13365,100
2793196967265923,600145,89,2745,13365,100
2793196972386735,600145,89,2745,13365,100
2793196977505618,600145,89,2745,13365,100
2793196982625049,600145,89,2745,13365,100
2793196987744049,600145,89,2745,13365,100
2793196992863789,600145,89,2745,13365,100
2793196997982826,600145,89,2745,13365,100
2793197003124465,600145,89,2745,13365,100
2793197008243986,600145,89,2745,13365,100
2793197013362950,600145,89,2745,13365,100
2793197018481983,600145,89,2745,13365,100
2793197023602328,600145,89,2745,13365,100
2793197028721703,600145,89,2745,13365,100
2793197033841491,600145,89,2745,13365,100
2793197038961096,600145,89,2745,13365,100
2793197044080309,600145,89,2745,13365,100
2793197049199701,600145,89,2745,13365,100
2793197054318541,600145,89,2745,13365,100
2793197059437554,600145,89,2745,13365,100
2793197064555602,600145,89,2745,13365,100
2793197069674816,600145,89,2745,13365,100
2793197074795391,600145,89,2745,13365,100
2793197079914575,600145,89,2745,13365,100
2793197085033807,600145,89,2745,13365,100
2793197090152756,600145,89,2745,13365,100
2793197095271718,600145,89,2745,13365,100
2793197100390928,600145,89,2745,13365,100
2793197105510573,600145,89,2745,13365,100
2793197110614207,600145,89,2745,13365,100
2793197115725281,600145,89,2745,13365,100
2793197120842994,600145,89,2745,13365,100
2793197125961839,600145,89,2745,13365,100
2793197131080443,600145,89,2745,13365,100
2793197136246998,600145,89,2745,13365,100
2793197141363063,600145,89,2745,13365,100
2793197146479007,600145,89,2745,13365,100
2793197151594308,600145,89,2745,13365,100
2793197156710221,600145,89,2745,13365,100
2793197161824625,600145,89,2745,13365,100
2793197166939470,600145,89,2745,13365,100
2793197172054838,600145,89,2745,13365,100
2793197177171250,600145,89,2745,13365,100
2793197182286445,600145,89,2745,13365,100
2793197187400317,600145,89,2745,13365,100
2793197192514131,600145,89,2745,13365,100
2793197197627725,600145,89,2745,13365,100
2793197202738420,600145,89,2745,13365,100
2793197207843480,600145,89,2745,13365,100
2793197212954121,600145,89,2745,13365,100
2793197218067717,600145,89,2745,13365,100
2793197223181680,600145,89,2745,13365,100
2793197228297486,600145,89,2745,13365,100
2793197233411731,600145,89,2745,13365,100
2793197238526891,600145,89,2745,13365,100
2793197243641987,600145,89,2745,13365,100
2793197248756880,600145,89,2745,13365,100
2793197253872632,600145,89,2745,13365,100
2793197258988258,600145,89,2745,13365,100
2793197264118755,600145,89,2745,13365,100
2793197269231393,600145,89,2745,13365,100
2793197274347144,600145,89,2745,13365,100
2793197279464302,600145,89,2745,13365,100
2793197284580807,600145,89,2745,13365,100
2793197289696924,600145,89,2745,13365,100
2793197294813696,600145,89,2745,13365,100
2793197299930086,600145,89,2745,13365,100
2793197305046888,600145,89,2745,13365,100
2793197310163128,600145,89,2745,13365,100
2793197315280081,600145,89,2745,13365,100
2793197320401116,600145,89,2745,13365,100
2793197325519427,600145,89,2745,13365,100
2793197330638057,600145,89,2745,13365,100
2793197335755746,600145,89,2745,13365,100
2793197340872750,600145,89,2745,13365,100
2793197345989718,600145,89,2745,13365,100
2793197351124705,600145,89,2745,13365,100
2793197356240047,600145,89,2745,13365,100
2793197361356992,600145,89,2745,13365,100
2793197366474392,600145,89,2745,13365,100
2793197371591409,600145,89,2745,13365,100
2793197376708725,600145,89,2745,13365,100
2793197381828257,600145,89,2745,13365,100
2793197386945447,600145,89,2745,13365,100
2793197392062654,600257,89,2752,13365,100
2793197397180718,600257,89,2752,13365,100
2793197402298867,600257,89,2752,13365,100
2793197407416371,600257,89,2752,13365,100
2793197412534827,600257,89,2752,13365,100
2793197417653188,600257,89,2752,13365,100
2793197422771484,600257,89,2752,13365,100
2793197427889337,600257,89,2752,13365,100
2793197433033488,600257,89,2752,13365,100
2793197438146435,600257,89,2752,13365,100
2793197443260928,600257,89,2752,13365,100
2793197448379466,600257,89,2752,13365,100
2793197453498791,600257,89,2752,13365,100
2793197458617930,600257,89,2752,13365,100
2793197463736903,600257,89,2752,13365,100
2793197468858010,600257,89,2752,13365,100
2793197473977248,600257,89,2752,13365,100
2793197479097012,600257,89,2752,13365,100
2793197484217352,600257,89,2752,13365,100
2793197489336327,600257,89,2752,13365,100
2793197494455571,600257,89,2752,13365,100
2793197499575609,600257,89,2752,13365,100
2793197504694434,600257,89,2752,13365,100
2793197509813586,600257,89,2752,13365,100
2793197514932947,600257,89,2752,13365,100
2793197520051767,600257,89,2752,13365,100
2793197525170707,600257,89,2752,13365,100
2793197530289596,600257,89,2752,13365,100
2793197535460199,600257,89,2752,13365,100
2793197540578992,600257,89,2752,13365,100
2793197545697848,600257,89,2752,13365,100
2793197550817059,600257,89,2752,13365,100
2793197555926533,600257,89,2752,13365,100
2793197561041228,600257,89,2752,13365,100
2793197566160150,600257,89,2752,13365,100
2793197571279071,600257,89,2752,13365,100
2793197576397670,600257,89,2752,13365,100
2793197581516503,600257,89,2752,13365,100
2793197586635595,600257,89,2752,13365,100
2793197591754394,600257,89,2752,13365,100
2793197596873638,600257,89,2752,13365,100
2793197601992788,600257,89,2752,13365,100
2793197607132376,600257,89,2752,13365,100
2793197612251709,600257,89,2752,13365,100
2793197617370696,600257,89,2752,13365,100
2793197622489893,600257,89,2752,13365,100
2793197627608690,600257,89,2752,13365,100
2793197632728258,600257,89,2752,13365,100
2793197637848631,600257,89,2752,13365,100
2793197642967619,600257,89,2752,13365,100
2793197648095691,600257,89,2752,13365,100
2793197653212412,600257,89,2752,13365,100
2793197658331792,600257,89,2752,13365,100
2793197663450481,600257,89,2752,13365,100
2793197668569719,600257,89,2752,13365,100
2793197673688913,600257,89,2752,13365,100
2793197678808368,600257,89,2752,13365,100
2793197683927367,600257,89,2752,13365,100
2793197689048226,600257,89,2752,13365,100
2793197694167650,600257,89,2752,13365,100
2793197699286963,600257,89,2752,13365,100
2793197704405775,600257,89,2752,13365,100
2793197709524374,600257,89,2752,13365,100
2793197714643304,600257,89,2752,13365,100
2793197719762212,600257,89,2752,13365,100
2793197724881150,600257,89,2752,13365,100
2793197730023241,600257,89,2752,13365,100
2793197735133467,600257,89,2752,13365,100
2793197740248390,600257,89,2752,13365,100
2793197745379286,600257,89,2752,13365,100
2793197750498178,600257,89,2752,13365,100
2793197755618060,600257,89,2752,13365,100
2793197760736952,600257,89,2752,13365,100
2793197765851877,600257,89,2752,13365,100
2793197770962596,600257,89,2752,13365,100
2793197776077905,600257,89,2752,13365,100
2793197781195995,600257,89,2752,13365,100
2793197786314385,600257,89,2752,13365,100
2793197791433671,600257,89,2752,13365,100
2793197796551676,600257,89,2752,13365,100
2793197801670127,600257,89,2752,13365,100
2793197806788799,600257,89,2752,13365,100
2793197811906835,600257,89,2752,13365,100
2793197817024668,600257,89,2752,13365,100
2793197822143270,600257,89,2752,13365,100
2793197827262432,600257,89,2752,13365,100
2793197832374179,600257,89,2752,13365,100
2793197837491401,600257,89,2752,13365,100
2793197842609766,600257,89,2752,13365,100
2793197847727341,600257,89,2752,13365,100
2793197852843911,600257,89,2752,13365,100
2793197857966750,600257,89,2752,13365,100
2793197863083211,600257,89,2752,13365,100
2793197868205691,600257,89,2752,13365,100
2793197873320894,600257,89,2752,13365,100
2793197878430031,600257,89,2752,13365,100
2793197883533301,600257,89,2752,13365,100
2793197888642397,600004,89,2752,13365,100
2793197893758613,600004,89,2752,13365,100
2793197898873369,600004,89,2752,13365,100
2793197903988920,600004,89,2752,13365,100
2793197909134154,600004,89,2752,13365,100
2793197914248523,600004,89,2752,13365,100
2793197919363179,600004,89,2752,13365,100
2793197924478659,600004,89,2752,13365,100
2793197929593615,600004,89,2752,13365,100
2793197934708261,600004,89,2752,13365,100
2793197939824184,600004,89,2752,13365,100
2793197944940043,600004,89,2752,13365,100
2793197950063655,600004,89,2752,13365,100
2793197955175330,600004,89,2752,13365,100
2793197960290330,600004,89,2752,13365,100
2793197965405591,600004,89,2752,13365,100
2793197970520617,600004,89,2752,13365,100
2793197975636239,600004,89,2752,13365,100
2793197980751864,600004,89,2752,13365,100
2793197985868984,600004,89,2752,13365,100
2793197990985216,600004,89,2752,13365,100
2793197996120661,600004,89,2752,13365,100
2793198001236073,600004,89,2752,13365,100
2793198006352342,600004,89,2752,13365,100
2793198011468538,600004,89,2752,13365,100
2793198016584951,600004,89,2752,13365,100
2793198021701130,600004,89,2752,13365,100
2793198026817313,600004,89,2752,13365,100
2793198031935629,600004,89,2752,13365,100
2793198037053096,600004,89,2752,13365,100
2793198042170080,600004,89,2752,13365,100
2793198047288892,600004,89,2752,13365,100
2793198052406907,600004,89,2752,13365,100
2793198057524989,600004,89,2752,13365,100
2793198062643674,600004,89,2752,13365,100
2793198067784493,600004,89,2752,13365,100
2793198072903406,600004,89,2752,13365,100
2793198078022668,600004,89,2752,13365,100
2793198083141462,600004,89,2752,13365,100
2793198088260671,600004,89,2752,13365,100
2793198093379647,600004,89,2752,13365,100
2793198098501103,600004,89,2752,13365,100
2793198103620052,600004,89,2752,13365,100
2793198108739128,600004,89,2752,13365,100
2793198113857904,600004,89,2752,13365,100
2793198118976913,600004,89,2752,13365,100
2793198124095721,600004,89,2752,13365,100
2793198129215280,600004,89,2752,13365,100
2793198134334451,600004,89,2752,13365,100
2793198139453350,600004,89,2752,13365,100
2793198144572303,600004,89,2752,13365,100
2793198149692668,600004,89,2752,13365,100
2793198154811508,600004,89,2752,13365,100
2793198159932473,600004,89,2752,13365,100
2793198165052361,600004,89,2752,13365,100
2793198170183407,600004,89,2752,13365,100
2793198175302137,600004,89,2752,13365,100
2793198180420754,600004,89,2752,13365,100
2793198185539818,600004,89,2752,13365,100
2793198190676999,600004,89,2752,13365,100
2793198195796382,600004,89,2752,13365,100
2793198200916867,600004,89,2752,13365,100
2793198206036000,600004,89,2752,13365,100
2793198211154627,600004,89,2752,13365,100
2793198216273399,600004,89,2752,13365,100
2793198221392660,600004,89,2752,13365,100
2793198226512075,600004,89,2752,13365,100
2793198231631212,600004,89,2752,13365,100
2793198236750129,600004,89,2752,13365,100
2793198241869202,600004,89,2752,13365,100
2793198246987826,600004,89,2752,13365,100
2793198252119594,600004,89,2752,13365,100
2793198257232347,600004,89,2752,13365,100
2793198262351595,600004,89,2752,13365,100
2793198267470428,600004,89,2752,13365,100
2793198272589344,600004,89,2752,13365,100
2793198277708486,600004,89,2752,13365,100
2793198282828112,600004,89,2752,13365,100
2793198287947047,600004,89,2752,13365,100
2793198293065786,600004,89,2752,13365,100
2793198298185190,600004,89,2752,13365,100
2793198303305542,600004,89,2752,13365,100
2793198308424239,600004,89,2752,13365,100
2793198313543058,600004,89,2752,13365,100
2793198318662508,600004,89,2752,13365,100
2793198323781299,600004,89,2752,13365,100
2793198328900328,600004,89,2752,13365,100
2793198334042166,600004,89,2752,13365,100
2793198339164180,600004,89,2752,13365,100
2793198344283144,600004,89,2752,13365,100
2793198349402219,600004,89,2752,13365,100
2793198354522526,600004,89,2752,13365,100
2793198359641337,600004,89,2752,13365,100
2793198364760758,600004,89,2752,13365,100
2793198369880106,600004,89,2752,13365,100
2793198374999027,600004,89,2752,13365,100
2793198380135357,600004,89,2752,13365,100
2793198385252511,600004,89,2752,13365,100
2793198390364120,599900,89,2745,13365,100
2793198395483113,599900,89,2745,13365,100
2793198400602885,599900,89,2745,13365,100
2793198405723213,599900,89,2745,13365,100
2793198410842526,599900,89,2745,13365,100
2793198415961736,599900,89,2745,13365,100
2793198421080680,599900,89,2745,13365,100
2793198426199699,599900,89,2745,13365,100
2793198431319223,599900,89,2745,13365,100
2793198436438231,599900,89,2745,13365,100
2793198441557305,599900,89,2745,13365,100
2793198446675675,599900,89,2745,13365,100
2793198451794981,599900,89,2745,13365,100
2793198456904814,599900,89,2745,13365,100
2793198462039765,599900,89,2745,13365,100
2793198467165233,599900,89,2745,13365,100
2793198472285329,599900,89,2745,13365,100
2793198477404382,599900,89,2745,13365,100
2793198482523687,599900,89,2745,13365,100
2793198487642591,599900,89,2745,13365,100
2793198492761701,599900,89,2745,13365,100
2793198497880720,599900,89,2745,13365,100
2793198503019384,599900,89,2745,13365,100
2793198508139069,599900,89,2745,13365,100
2793198513256148,599900,89,2745,13365,100
2793198518375952,599900,89,2745,13365,100
2793198523499181,599900,89,2745,13365,100
2793198528617812,599900,89,2745,13365,100
2793198533736789,599900,89,2745,13365,100
2793198538855820,599900,89,2745,13365,100
2793198543974859,599900,89,2745,13365,100
2793198549093557,599900,89,2745,13365,100
2793198554212953,599900,89,2745,13365,100
2793198559333892,599900,89,2745,13365,100
2793198564452695,599900,89,2745,13365,100
2793198569571845,599900,89,2745,13365,100
2793198574690571,599900,89,2745,13365,100
2793198579809777,599900,89,2745,13365,100
2793198584928333,599900,89,2745,13365,100
2793198590047130,599900,89,2745,13365,100
2793198595165626,599900,89,2745,13365,100
2793198600284727,599900,89,2745,13365,100
2793198605404070,599900,89,2745,13365,100
2793198610524787,599900,89,2745,13365,100
2793198615644008,599900,89,2745,13365,100
2793198620763132,599900,89,2745,13365,100
2793198625882324,599900,89,2745,13365,100
2793198631028077,599900,89,2745,13365,100
2793198636138397,599900,89,2745,13365,100
2793198641252417,599900,89,2745,13365,100
2793198646371852,599900,89,2745,13365,100
2793198651490674,599900,89,2745,13365,100
2793198656610202,599900,89,2745,13365,100
2793198661731259,599900,89,2745,13365,100
2793198666852023,599900,89,2745,13365,100
2793198671971103,599900,89,2745,13365,100
2793198677089784,599900,89,2745,13365,100
2793198682208868,599900,89,2745,13365,100
2793198687327680,599900,89,2745,13365,100
2793198692446825,599900,89,2745,13365,100
2793198697565870,599900,89,2745,13365,100
2793198702684962,599900,89,2745,13365,100
2793198707804012,599900,89,2745,13365,100
2793198712912049,599900,89,2745,13365,100
2793198718025911,599900,89,2745,13365,100
2793198723145179,599900,89,2745,13365,100
2793198728264027,599900,89,2745,13365,100
2793198733383059,599900,89,2745,13365,100
2793198738502285,599900,89,2745,13365,100
2793198743621449,599900,89,2745,13365,100
2793198748740077,599900,89,2745,13365,100
2793198753858937,599900,89,2745,13365,100
2793198758978081,599900,89,2745,13365,100
2793198764098430,599900,89,2745,13365,100
2793198769228958,599900,89,2745,13365,100
2793198774350708,599900,89,2745,13365,100
2793198779469883,599900,89,2745,13365,100
2793198784588837,599900,89,2745,13365,100
2793198789707908,599900,89,2745,13365,100
2793198794827036,599900,89,2745,13365,100
2793198799938265,599900,89,2745,13365,100
2793198805052681,599900,89,2745,13365,100
2793198810171905,599900,89,2745,13365,100
2793198815292285,599900,89,2745,13365,100
2793198820411198,599900,89,2745,13365,100
2793198825529890,599900,89,2745,13365,100
2793198830648909,599900,89,2745,13365,100
2793198835767903,599900,89,2745,13365,100
2793198840886603,599900,89,2745,13365,100
2793198846025702,599900,89,2745,13365,100
2793198851144699,599900,89,2745,13365,100
2793198856263565,599900,89,2745,13365,100
2793198861382701,599900,89,2745,13365,100
2793198866503117,599900,89,2745,13365,100
2793198871622229,599900,89,2745,13365,100
2793198876741537,599900,89,2745,13365,100
2793198881860846,599900,89,2745,13365,100
2793198886979715,599900,89,2745,13365,100
2793198892119056,599820,89,2745,13365,100
2793198897236315,599820,89,2745,13365,100
2793198902355588,599820,89,2745,13365,100
2793198907474623,599820,89,2745,13365,100
2793198912593658,599820,89,2745,13365,100
2793198917714168,599820,89,2745,13365,100
2793198922833640,599820,89,2745,13365,100
2793198927952741,599820,89,2745,13365,100
2793198933071814,599820,89,2745,13365,100
2793198938190494,599820,89,2745,13365,100
2793198943309303,599820,89,2745,13365,100
2793198948428503,599820,89,2745,13365,100
2793198953546367,599820,89,2745,13365,100
2793198958665432,599820,89,2745,13365,100
2793198963784651,599820,89,2745,13365,100
2793198968905741,599820,89,2745,13365,100
2793198974025185,599820,89,2745,13365,100
2793198979144664,599820,89,2745,13365,100
2793198984263361,599820,89,2745,13365,100
2793198989382249,599820,89,2745,13365,100
2793198994501590,599820,89,2745,13365,100
2793198999620886,599820,89,2745,13365,100
2793199004739995,599820,89,2745,13365,100
2793199009859021,599820,89,2745,13365,100
2793199014978391,599820,89,2745,13365,100
2793199020084409,599820,89,2745,13365,100
2793199025197074,599820,89,2745,13365,100
2793199030316212,599820,89,2745,13365,100
2793199035435441,599820,89,2745,13365,100
2793199040554677,599820,89,2745,13365,100
2793199045674190,599820,89,2745,13365,100
2793199050794194,599820,89,2745,13365,100
2793199055913315,599820,89,2745,13365,100
2793199061032598,599820,89,2745,13365,100
2793199066151387,599820,89,2745,13365,100
2793199071272752,599820,89,2745,13365,100
2793199076391772,599820,89,2745,13365,100
2793199081510261,599820,89,2745,13365,100
2793199086630014,599820,89,2745,13365,100
2793199091748881,599820,89,2745,13365,100
2793199096867845,599820,89,2745,13365,100
2793199101986846,599820,89,2745,13365,100
2793199107123954,599820,89,2745,13365,100
2793199112239830,599820,89,2745,13365,100
2793199117358991,599820,89,2745,13365,100
2793199122479727,599820,89,2745,13365,100
2793199127598887,599820,89,2745,13365,100
2793199132718172,599820,89,2745,13365,100
2793199137839200,599820,89,2745,13365,100
2793199142957744,599820,89,2745,13365,100
2793199148076999,599820,89,2745,13365,100
2793199153196109,599820,89,2745,13365,100
2793199158315068,599820,89,2745,13365,100
2793199163433926,599820,89,2745,13365,100
2793199168553051,599820,89,2745,13365,100
2793199173673754,599820,89,2745,13365,100
2793199178792683,599820,89,2745,13365,100
2793199183911569,599820,89,2745,13365,100
2793199189030788,599820,89,2745,13365,100
2793199194149760,599820,89,2745,13365,100
2793199199269052,599820,89,2745,13365,100
2793199204388085,599820,89,2745,13365,100
2793199209507341,599820,89,2745,13365,100
2793199214626305,599820,89,2745,13365,100
2793199219745248,599820,89,2745,13365,100
2793199224865918,599820,89,2745,13365,100
2793199229984889,599820,89,2745,13365,100
2793199235116379,599820,89,2745,13365,100
2793199240232039,599820,89,2745,13365,100
2793199245351236,599820,89,2745,13365,100
2793199250470216,599820,89,2745,13365,100
2793199255589140,599820,89,2745,13365,100
2793199260707853,599820,89,2745,13365,100
2793199265827032,599820,89,2745,13365,100
2793199270946277,599820,89,2745,13365,100
2793199276066902,599820,89,2745,13365,100
2793199281186166,599820,89,2745,13365,100
2793199286305202,599820,89,2745,13365,100
2793199291417627,599820,89,2745,13365,100
2793199296537285,599820,89,2745,13365,100
2793199301656252,599820,89,2745,13365,100
2793199306775056,599820,89,2745,13365,100
2793199311893436,599820,89,2745,13365,100
2793199317025592,599820,89,2745,13365,100
2793199322142695,599820,89,2745,13365,100
2793199327264502,599820,89,2745,13365,100
2793199332384983,599820,89,2745,13365,100
2793199337501846,599820,89,2745,13365,100
2793199342617874,599820,89,2745,13365,100
2793199347734095,599820,89,2745,13365,100
2793199352849863,599820,89,2745,13365,100
2793199357965325,599820,89,2745,13365,100
2793199363081175,599820,89,2745,13365,100
2793199368199614,599820,89,2745,13365,100
2793199373318273,599820,89,2745,13365,100
2793199378435089,599820,89,2745,13365,100
2793199383550358,599820,89,2745,13365,100
2793199388664670,599820,89,2745,13365,100
2793199393790498,600100,89,2745,13365,100
2793199398905815,600100,89,2745,13365,100
2793199404021947,600100,89,2745,13365,100
2793199409137616,600100,89,2745,13365,100
2793199414255532,600100,89,2745,13365,100
2793199419376736,600100,89,2745,13365,100
2793199424492994,600100,89,2745,13365,100
2793199429611059,600100,89,2745,13365,100
2793199434727078,600100,89,2745,13365,100
2793199439843906,600100,89,2745,13365,100
2793199444961212,600100,89,2745,13365,100
2793199450080056,600100,89,2745,13365,100
2793199455198221,600100,89,2745,13365,100
2793199460316815,600100,89,2745,13365,100
2793199465435844,600100,89,2745,13365,100
2793199470555261,600100,89,2745,13365,100
2793199475674224,600100,89,2745,13365,100
2793199480795624,600100,89,2745,13365,100
2793199485915316,600100,89,2745,13365,100
2793199491041421,600100,89,2745,13365,100
2793199496160450,600100,89,2745,13365,100
2793199501297980,600100,89,2745,13365,100
2793199506417484,600100,89,2745,13365,100
2793199511524885,600100,89,2745,13365,100
2793199516638355,600100,89,2745,13365,100
2793199521757292,600100,89,2745,13365,100
2793199526876131,600100,89,2745,13365,100
2793199531996992,600100,89,2745,13365,100
2793199537139790,600100,89,2745,13365,100
2793199542259468,600100,89,2745,13365,100
2793199547378167,600100,89,2745,13365,100
2793199552497281,600100,89,2745,13365,100
2793199557616248,600100,89,2745,13365,100
2793199562735525,600100,89,2745,13365,100
2793199567855216,600100,89,2745,13365,100
2793199572974161,600100,89,2745,13365,100
2793199578093295,600100,89,2745,13365,100
2793199583214131,600100,89,2745,13365,100
2793199588332896,600100,89,2745,13365,100
2793199593452036,600100,89,2745,13365,100
2793199598570904,600100,89,2745,13365,100
2793199603690633,600100,89,2745,13365,100
2793199608809745,600100,89,2745,13365,100
2793199613928556,600100,89,2745,13365,100
2793199619047494,600100,89,2745,13365,100
2793199624166084,600100,89,2745,13365,100
2793199629285111,600100,89,2745,13365,100
2793199634406201,600100,89,2745,13365,100
2793199639525551,600100,89,2745,13365,100
2793199644644415,600100,89,2745,13365,100
2793199649771092,600100,89,2745,13365,100
2793199654890444,600100,89,2745,13365,100
2793199660033700,600100,89,2745,13365,100
2793199665156827,600100,89,2745,13365,100
2793199670276265,600100,89,2745,13365,100
2793199675395473,600100,89,2745,13365,100
2793199680514592,600100,89,2745,13365,100
2793199685635386,600100,89,2745,13365,100
2793199690754510,600100,89,2745,13365,100
2793199695874173,600100,89,2745,13365,100
2793199700993279,600100,89,2745,13365,100
2793199706134663,600100,89,2745,13365,100
2793199711253848,600100,89,2745,13365,100
2793199716373372,600100,89,2745,13365,100
2793199721483209,600100,89,2745,13365,100
2793199726601797,600100,89,2745,13365,100
2793199731720729,600100,89,2745,13365,100
2793199736840494,600100,89,2745,13365,100
2793199741958434,600100,89,2745,13365,100
2793199747076483,600100,89,2745,13365,100
2793199752195279,600100,89,2745,13365,100
2793199757314932,600100,89,2745,13365,100
2793199762434184,600100,89,2745,13365,100
2793199767553240,600100,89,2745,13365,100
2793199772672340,600100,89,2745,13365,100
2793199777791523,600100,89,2745,13365,100
2793199782910297,600100,89,2745,13365,100
2793199788031573,600100,89,2745,13365,100
2793199793170590,600100,89,2745,13365,100
2793199798289382,600100,89,2745,13365,100
2793199803408437,600100,89,2745,13365,100
2793199808527359,600100,89,2745,13365,100
2793199813646695,600100,89,2745,13365,100
2793199818770899,600100,89,2745,13365,100
2793199823890012,600100,89,2745,13365,100
2793199829032358,600100,89,2745,13365,100
2793199834144925,600100,89,2745,13365,100
2793199839261385,600100,89,2745,13365,100
2793199844380266,600100,89,2745,13365,100
2793199849499081,600100,89,2745,13365,100
2793199854614595,600100,89,2745,13365,100
2793199859731552,600100,89,2745,13365,100
2793199864846611,600100,89,2745,13365,100
2793199869939843,600100,89,2745,13365,100
2793199875054667,600100,89,2745,13365,100
2793199880172116,600100,89,2745,13365,100
2793199885290156,600100,89,2745,13365,100
2793199890409531,600152,89,2745,13365,100
2793199895526573,600152,89,2745,13365,100
2793199900643947,600152,89,2745,13365,100
2793199905761444,600152,89,2745,13365,100
2793199910879788,600152,89,2745,13365,100
2793199915998000,600152,89,2745,13365,100
2793199921144445,600152,89,2745,13365,100
2793199926261103,600152,89,2745,13365,100
2793199931380319,600152,89,2745,13365,100
2793199936498136,600152,89,2745,13365,100
2793199941618484,600152,89,2745,13365,100
2793199946737521,600152,89,2745,13365,100
2793199951855391,600152,89,2745,13365,100
2793199956973542,600152,89,2745,13365,100
2793199962094572,600152,89,2745,13365,100
2793199967217086,600152,89,2745,13365,100
2793199972336170,600152,89,2745,13365,100
2793199977455083,600152,89,2745,13365,100
2793199982573863,600152,89,2745,13365,100
2793199987692981,600152,89,2745,13365,100
2793199992813791,600152,89,2745,13365,100
2793199997933720,600152,89,2745,13365,100
2793200003052808,600152,89,2745,13365,100
2793200008172285,600152,89,2745,13365,100
2793200013291629,600152,89,2745,13365,100
2793200018400841,600152,89,2745,13365,100
2793200023512134,600152,89,2745,13365,100
2793200028629527,600152,89,2745,13365,100
2793200033749011,600152,89,2745,13365,100
2793200038868423,600152,89,2745,13365,100
2793200043988862,600152,89,2745,13365,100
2793200049131639,600152,89,2745,13365,100
2793200054250928,600152,89,2745,13365,100
2793200059369634,600152,89,2745,13365,100
2793200064488499,600152,89,2745,13365,100
2793200069607637,600152,89,2745,13365,100
2793200074726946,600152,89,2745,13365,100
2793200079846332,600152,89,2745,13365,100
2793200084965406,600152,89,2745,13365,100
2793200090084086,600152,89,2745,13365,100
2793200095204871,600152,89,2745,13365,100
2793200100324104,600152,89,2745,13365,100
2793200105443147,600152,89,2745,13365,100
2793200110561724,600152,89,2745,13365,100
2793200115680628,600152,89,2745,13365,100
2793200120792340,600152,89,2745,13365,100
2793200125911347,600152,89,2745,13365,100
2793200131030303,600152,89,2745,13365,100
2793200136149669,600152,89,2745,13365,100
2793200141268592,600152,89,2745,13365,100
2793200146389491,600152,89,2745,13365,100
2793200151508823,600152,89,2745,13365,100
2793200156646863,600152,89,2745,13365,100
2793200161765835,600152,89,2745,13365,100
2793200166885316,600152,89,2745,13365,100
2793200172023124,600152,89,2745,13365,100
2793200177146324,600152,89,2745,13365,100
2793200182265273,600152,89,2745,13365,100
2793200187384361,600152,89,2745,13365,100
2793200192503362,600152,89,2745,13365,100
2793200197624000,600152,89,2745,13365,100
2793200202743136,600152,89,2745,13365,100
2793200207862715,600152,89,2745,13365,100
2793200212981883,600152,89,2745,13365,100
2793200218120104,600152,89,2745,13365,100
2793200223239234,600152,89,2745,13365,100
2793200228358248,600152,89,2745,13365,100
2793200233478052,600152,89,2745,13365,100
2793200238597345,600152,89,2745,13365,100
2793200243716364,600152,89,2745,13365,100
2793200248837661,600152,89,2745,13365,100
2793200253956909,600152,89,2745,13365,100
2793200259075599,600152,89,2745,13365,100
2793200264194482,600152,89,2745,13365,100
2793200269313475,600152,89,2745,13365,100
2793200274432551,600152,89,2745,13365,100
2793200279552031,600152,89,2745,13365,100
2793200284671056,600152,89,2745,13365,100
2793200289790056,600152,89,2745,13365,100
2793200294908973,600152,89,2745,13365,100
2793200300029441,600152,89,2745,13365,100
2793200305148503,600152,89,2745,13365,100
2793200310267608,600152,89,2745,13365,100
2793200315386510,600152,89,2745,13365,100
2793200320505515,600152,89,2745,13365,100
2793200325624015,600152,89,2745,13365,100
2793200330742767,600152,89,2745,13365,100
2793200335861759,600152,89,2745,13365,100
2793200340980802,600152,89,2745,13365,100
2793200346114868,600152,89,2745,13365,100
2793200351230743,600152,89,2745,13365,100
2793200356342801,600152,89,2745,13365,100
2793200361461793,600152,89,2745,13365,100
2793200366580489,600152,89,2745,13365,100
2793200371699286,600152,89,2745,13365,100
2793200376818406,600152,89,2745,13365,100
2793200381937433,600152,89,2745,13365,100
2793200387056695,600152,89,2745,13365,100
2793200392176085,600218,89,2745,13365,100
2793200397295311,600218,89,2745,13365,100
2793200402415812,600218,89,2745,13365,100
2793200407534696,600218,89,2745,13365,100
2793200412653815,600218,89,2745,13365,100
2793200417772674,600218,89,2745,13365,100
2793200422890511,600218,89,2745,13365,100
2793200428033637,600218,89,2745,13365,100
2793200433145850,600218,89,2745,13365,100
2793200438260404,600218,89,2745,13365,100
2793200443379454,600218,89,2745,13365,100
2793200448498531,600218,89,2745,13365,100
2793200453619130,600218,89,2745,13365,100
2793200458738096,600218,89,2745,13365,100
2793200463857626,600218,89,2745,13365,100
2793200468977557,600218,89,2745,13365,100
2793200474096713,600218,89,2745,13365,100
2793200479215492,600218,89,2745,13365,100
2793200484334458,600218,89,2745,13365,100
2793200489453848,600218,89,2745,13365,100
2793200494573147,600218,89,2745,13365,100
2793200499692159,600218,89,2745,13365,100
2793200504813099,600218,89,2745,13365,100
2793200509932124,600218,89,2745,13365,100
2793200515065648,600218,89,2745,13365,100
2793200520184756,600218,89,2745,13365,100
2793200525303925,600218,89,2745,13365,100
2793200530423757,600218,89,2745,13365,100
2793200535543149,600218,89,2745,13365,100
2793200540662164,600218,89,2745,13365,100
2793200545781882,600218,89,2745,13365,100
2793200550900442,600218,89,2745,13365,100
2793200556045486,600218,89,2745,13365,100
2793200561158367,600218,89,2745,13365,100
2793200566272847,600218,89,2745,13365,100
2793200571391779,600218,89,2745,13365,100
2793200576510920,600218,89,2745,13365,100
2793200581629920,600218,89,2745,13365,100
2793200586749033,600218,89,2745,13365,100
2793200591868201,600218,89,2745,13365,100
2793200596987019,600218,89,2745,13365,100
2793200602126402,600218,89,2745,13365,100
2793200607247315,600218,89,2745,13365,100
2793200612366778,600218,89,2745,13365,100
2793200617485923,600218,89,2745,13365,100
2793200622605148,600218,89,2745,13365,100
2793200627725223,600218,89,2745,13365,100
2793200632844527,600218,89,2745,13365,100
2793200637963520,600218,89,2745,13365,100
2793200643082360,600218,89,2745,13365,100
2793200648201397,600218,89,2745,13365,100
2793200653320158,600218,89,2745,13365,100
2793200658440742,600218,89,2745,13365,100
2793200663559803,600218,89,2745,13365,100
2793200668678634,600218,89,2745,13365,100
2793200673797946,600218,89,2745,13365,100
2793200678917003,600218,89,2745,13365,100
2793200684035944,600218,89,2745,13365,100
2793200689154640,600218,89,2745,13365,100
2793200694276760,600218,89,2745,13365,100
2793200699392364,600218,89,2745,13365,100
2793200704508041,600218,89,2745,13365,100
2793200709628737,600218,89,2745,13365,100
2793200714747458,600218,89,2745,13365,100
2793200719866474,600218,89,2745,13365,100
2793200724986715,600218,89,2745,13365,100
2793200730141892,600218,89,2745,13365,100
2793200735258442,600218,89,2745,13365,100
2793200740377763,600218,89,2745,13365,100
2793200745497047,600218,89,2745,13365,100
2793200750615555,600218,89,2745,13365,100
2793200755735074,600218,89,2745,13365,100
2793200760856285,600218,89,2745,13365,100
2793200765974877,600218,89,2745,13365,100
2793200771093714,600218,89,2745,13365,100
2793200776212473,600218,89,2745,13365,100
2793200781331638,600218,89,2745,13365,100
2793200786450527,600218,89,2745,13365,100
2793200791570070,600218,89,2745,13365,100
2793200796689016,600218,89,2745,13365,100
2793200801807995,600218,89,2745,13365,100
2793200806926620,600218,89,2745,13365,100
2793200812065468,600218,89,2745,13365,100
2793200817184212,600218,89,2745,13365,100
2793200822303165,600218,89,2745,13365,100
2793200827422781,600218,89,2745,13365,100
2793200832542481,600218,89,2745,13365,100
2793200837661649,600218,89,2745,13365,100
2793200842780959,600218,89,2745,13365,100
2793200847899745,600218,89,2745,13365,100
2793200853037535,600218,89,2745,13365,100
2793200858160832,600218,89,2745,13365,100
2793200863281372,600218,89,2745,13365,100
2793200868400396,600218,89,2745,13365,100
2793200873519301,600218,89,2745,13365,100
2793200878638629,600218,89,2745,13365,100
2793200883757823,600218,89,2745,13365,100
2793200888877545,600218,89,2745,13365,100
2793200893996964,600271,89,2745,13365,100
2793200899138128,600271,89,2745,13365,100
2793200904256902,600271,89,2745,13365,100
2793200909375695,600271,89,2745,13365,100
2793200914496249,600271,89,2745,13365,100
2793200919615251,600271,89,2745,13365,100
2793200924734210,600271,89,2745,13365,100
2793200929853624,600271,89,2745,13365,100
2793200934972779,600271,89,2745,13365,100
2793200940091756,600271,89,2745,13365,100
2793200945210385,600271,89,2745,13365,100
2793200950329332,600271,89,2745,13365,100
2793200955448376,600271,89,2745,13365,100
2793200960567808,600271,89,2745,13365,100
2793200965688292,600271,89,2745,13365,100
2793200970807019,600271,89,2745,13365,100
2793200975926103,600271,89,2745,13365,100
2793200981045358,600271,89,2745,13365,100
2793200986173556,600271,89,2745,13365,100
2793200991292436,600271,89,2745,13365,100
2793200996411753,600271,89,2745,13365,100
2793201001530915,600271,89,2745,13365,100
2793201006650353,600271,89,2745,13365,100
2793201011769417,600271,89,2745,13365,100
2793201016890030,600271,89,2745,13365,100
2793201022034998,600271,89,2745,13365,100
2793201027145407,600271,89,2745,13365,100
2793201032259481,600271,89,2745,13365,100
2793201037378506,600271,89,2745,13365,100
2793201042497624,600271,89,2745,13365,100
2793201047616688,600271,89,2745,13365,100
2793201052753988,600271,89,2745,13365,100
2793201057873171,600271,89,2745,13365,100
2793201062992455,600271,89,2745,13365,100
2793201068137572,600271,89,2745,13365,100
2793201073256510,600271,89,2745,13365,100
2793201078375806,600271,89,2745,13365,100
2793201083494494,600271,89,2745,13365,100
2793201088614027,600271,89,2745,13365,100
2793201093723133,600271,89,2745,13365,100
2793201098842340,600271,89,2745,13365,100
2793201103961144,600271,89,2745,13365,100
2793201109080336,600271,89,2745,13365,100
2793201114199349,600271,89,2745,13365,100
2793201119319717,600271,89,2745,13365,100
2793201124438920,600271,89,2745,13365,100
2793201129557678,600271,89,2745,13365,100
2793201134676490,600271,89,2745,13365,100
2793201139795473,600271,89,2745,13365,100
2793201144914296,600271,89,2745,13365,100
2793201150033323,600271,89,2745,13365,100
2793201155152540,600271,89,2745,13365,100
2793201160271552,600271,89,2745,13365,100
2793201165390720,600271,89,2745,13365,100
2793201170511241,600271,89,2745,13365,100
2793201175630549,600271,89,2745,13365,100
2793201180749675,600271,89,2745,13365,100
2793201185868765,600271,89,2745,13365,100
2793201190987054,600271,89,2745,13365,100
2793201196123196,600271,89,2745,13365,100
2793201201237731,600271,89,2745,13365,100
2793201206357147,600271,89,2745,13365,100
2793201211476216,600271,89,2745,13365,100
2793201216595224,600271,89,2745,13365,100
2793201221715704,600271,89,2745,13365,100
2793201226834636,600271,89,2745,13365,100
2793201231953741,600271,89,2745,13365,100
2793201237092835,600271,89,2745,13365,100
2793201242211774,600271,89,2745,13365,100
2793201247330997,600271,89,2745,13365,100
2793201252450158,600271,89,2745,13365,100
2793201257568140,600271,89,2745,13365,100
2793201262687203,600271,89,2745,13365,100
2793201267806667,600271,89,2745,13365,100
2793201272927193,600271,89,2745,13365,100
2793201278046176,600271,89,2745,13365,100
2793201283165095,600271,89,2745,13365,100
2793201288284127,600271,89,2745,13365,100
2793201293403205,600271,89,2745,13365,100
2793201298522150,600271,89,2745,13365,100
2793201303640946,600271,89,2745,13365,100
2793201308772638,600271,89,2745,13365,100
2793201313891395,600271,89,2745,13365,100
2793201319036894,600271,89,2745,13365,100
2793201324152784,600271,89,2745,13365,100
2793201329268467,600271,89,2745,13365,100
2793201334387836,600271,89,2745,13365,100
2793201339506717,600271,89,2745,13365,100
2793201344625229,600271,89,2745,13365,100
2793201349743949,600271,89,2745,13365,100
2793201354862929,600271,89,2745,13365,100
2793201359981787,600271,89,2745,13365,100
2793201365121717,600271,89,2745,13365,100
2793201370240443,600271,89,2745,13365,100
2793201375361066,600271,89,2745,13365,100
2793201380479950,600271,89,2745,13365,100
2793201385599001,600271,89,2745,13365,100
2793201390732884,599945,89,2745,13365,100
2793201395851664,599945,89,2745,13365,100
2793201400970552,599945,89,2745,13365,100
2793201406089384,599945,89,2745,13365,100
2793201411208321,599945,89,2745,13365,100
2793201416327497,599945,89,2745,13365,100
2793201421452761,599945,89,2745,13365,100
2793201426583609,599945,89,2745,13365,100
2793201431702519,599945,89,2745,13365,100
2793201436821814,599945,89,2745,13365,100
2793201441940709,599945,89,2745,13365,100
2793201447062328,599945,89,2745,13365,100
2793201452186156,599945,89,2745,13365,100
2793201457322860,599945,89,2745,13365,100
2793201462441928,599945,89,2745,13365,100
2793201467579716,599945,89,2745,13365,100
2793201472699345,599945,89,2745,13365,100
2793201477820199,599945,89,2745,13365,100
2793201482939553,599945,89,2745,13365,100
2793201488058706,599945,89,2745,13365,100
2793201493177702,599945,89,2745,13365,100
2793201498296571,599945,89,2745,13365,100
2793201503415781,599945,89,2745,13365,100
2793201508534707,599945,89,2745,13365,100
2793201513654556,599945,89,2745,13365,100
2793201518773609,599945,89,2745,13365,100
2793201523892633,599945,89,2745,13365,100
2793201529039161,599945,89,2745,13365,100
2793201534154577,599945,89,2745,13365,100
2793201539268081,599945,89,2745,13365,100
2793201544387230,599945,89,2745,13365,100
2793201549506058,599945,89,2745,13365,100
2793201554624545,599945,89,2745,13365,100
2793201559743562,599945,89,2745,13365,100
2793201564862675,599945,89,2745,13365,100
2793201569981178,599945,89,2745,13365,100
2793201575118912,599945,89,2745,13365,100
2793201580239204,599945,89,2745,13365,100
2793201585358560,599945,89,2745,13365,100
2793201590477273,599945,89,2745,13365,100
2793201595596114,599945,89,2745,13365,100
2793201600714646,599945,89,2745,13365,100
2793201605833582,599945,89,2745,13365,100
2793201610952622,599945,89,2745,13365,100
2793201616071519,599945,89,2745,13365,100
2793201621190395,599945,89,2745,13365,100
2793201626309355,599945,89,2745,13365,100
2793201631429839,599945,89,2745,13365,100
2793201636549400,599945,89,2745,13365,100
2793201641668332,599945,89,2745,13365,100
2793201646786996,599945,89,2745,13365,100
2793201651905977,599945,89,2745,13365,100
2793201657025106,599945,89,2745,13365,100
2793201662144110,599945,89,2745,13365,100
2793201667262746,599945,89,2745,13365,100
2793201672382179,599945,89,2745,13365,100
2793201677501229,599945,89,2745,13365,100
2793201682621323,599945,89,2745,13365,100
2793201687740818,599945,89,2745,13365,100
2793201692847163,599945,89,2745,13365,100
2793201697954126,599945,89,2745,13365,100
2793201703062973,599945,89,2745,13365,100
2793201708173469,599945,89,2745,13365,100
2793201713291782,599945,89,2745,13365,100
2793201718402819,599945,89,2745,13365,100
2793201723520718,599945,89,2745,13365,100
2793201728638123,599945,89,2745,13365,100
2793201733755932,599945,89,2745,13365,100
2793201738873771,599945,89,2745,13365,100
2793201744026839,599945,89,2745,13365,100
2793201749154928,599945,89,2745,13365,100
2793201754270951,599945,89,2745,13365,100
2793201759385945,599945,89,2745,13365,100
2793201764502869,599945,89,2745,13365,100
2793201769620050,599945,89,2745,13365,100
2793201774737467,599945,89,2745,13365,100
2793201779855342,599945,89,2745,13365,100
2793201784975291,599945,89,2745,13365,100
2793201790096195,599945,89,2745,13365,100
2793201795216797,599945,89,2745,13365,100
2793201800335213,599945,89,2745,13365,100
2793201805454078,599945,89,2745,13365,100
2793201810572972,599945,89,2745,13365,100
2793201815692589,599945,89,2745,13365,100
2793201820811417,599945,89,2745,13365,100
2793201825930209,599945,89,2745,13365,100
2793201831049246,599945,89,2745,13365,100
2793201836169819,599945,89,2745,13365,100
2793201841288767,599945,89,2745,13365,100
2793201846407775,599945,89,2745,13365,100
2793201851527118,599945,89,2745,13365,100
2793201856646255,599945,89,2745,13365,100
2793201861764880,599945,89,2745,13365,100
2793201866883680,599945,89,2745,13365,100
2793201872027557,599945,89,2745,13365,100
2793201877140793,599945,89,2745,13365,100
2793201882255273,599945,89,2745,13365,100
2793201887375502,599945,89,2745,13365,100
2793201892485878,600180,89,2745,13365,100
2793201897604991,600180,89,2745,13365,100
2793201902723803,600180,89,2745,13365,100
2793201907842735,600180,89,2745,13365,100
2793201912961972,600180,89,2745,13365,100
2793201918080734,600180,89,2745,13365,100
2793201923194248,600180,89,2745,13365,100
2793201928313361,600180,89,2745,13365,100
2793201933432417,600180,89,2745,13365,100
2793201938552730,600180,89,2745,13365,100
2793201943671529,600180,89,2745,13365,100
2793201948790368,600180,89,2745,13365,100
2793201953909698,600180,89,2745,13365,100
2793201959029167,600180,89,2745,13365,100
2793201964148163,600180,89,2745,13365,100
2793201969267052,600180,89,2745,13365,100
2793201974386352,600180,89,2745,13365,100
2793201979505412,600180,89,2745,13365,100
2793201984624473,600180,89,2745,13365,100
2793201989745163,600180,89,2745,13365,100
2793201994864365,600180,89,2745,13365,100
2793201999983530,600180,89,2745,13365,100
2793202005113737,600180,89,2745,13365,100
2793202010226813,600180,89,2745,13365,100
2793202015345667,600180,89,2745,13365,100
2793202020464311,600180,89,2745,13365,100
2793202025583408,600180,89,2745,13365,100
2793202030702360,600180,89,2745,13365,100
2793202035822028,600180,89,2745,13365,100
2793202040942388,600180,89,2745,13365,100
2793202046067913,600180,89,2745,13365,100
2793202051187002,600180,89,2745,13365,100
2793202056305934,600180,89,2745,13365,100
2793202061424690,600180,89,2745,13365,100
2793202066543910,600180,89,2745,13365,100
2793202071662713,600180,89,2745,13365,100
2793202076781795,600180,89,2745,13365,100
2793202081900563,600180,89,2745,13365,100
2793202087020154,600180,89,2745,13365,100
2793202092132612,600180,89,2745,13365,100
2793202097249513,600180,89,2745,13365,100
2793202102368685,600180,89,2745,13365,100
2793202107488154,600180,89,2745,13365,100
2793202112607160,600180,89,2745,13365,100
2793202117726210,600180,89,2745,13365,100
2793202122864676,600180,89,2745,13365,100
2793202127983535,600180,89,2745,13365,100
2793202133118520,600180,89,2745,13365,100
2793202138235683,600180,89,2745,13365,100
2793202143355540,600180,89,2745,13365,100
2793202148474625,600180,89,2745,13365,100
2793202153593444,600180,89,2745,13365,100
2793202158708314,600180,89,2745,13365,100
2793202163825271,600180,89,2745,13365,100
2793202168944177,600180,89,2745,13365,100
2793202174063160,600180,89,2745,13365,100
2793202179182156,600180,89,2745,13365,100
2793202184300810,600180,89,2745,13365,100
2793202189419820,600180,89,2745,13365,100
2793202194540204,600180,89,2745,13365,100
2793202199658852,600180,89,2745,13365,100
2793202204777900,600180,89,2745,13365,100
2793202209896790,600180,89,2745,13365,100
2793202215033689,600180,89,2745,13365,100
2793202220156009,600180,89,2745,13365,100
2793202225274976,600180,89,2745,13365,100
2793202230394494,600180,89,2745,13365,100
2793202235513514,600180,89,2745,13365,100
2793202240632256,600180,89,2745,13365,100
2793202245752599,600180,89,2745,13365,100
2793202250871971,600180,89,2745,13365,100
2793202255990736,600180,89,2745,13365,100
2793202261120830,600180,89,2745,13365,100
2793202266235209,600180,89,2745,13365,100
2793202271354495,600180,89,2745,13365,100
2793202276473689,600180,89,2745,13365,100
2793202281617329,600180,89,2745,13365,100
2793202286777747,600180,89,2745,13365,100
2793202291896779,600180,89,2745,13365,100
2793202297035406,600180,89,2745,13365,100
2793202302160435,600180,89,2745,13365,100
2793202307284058,600180,89,2745,13365,100
2793202312403555,600180,89,2745,13365,100
2793202317522439,600180,89,2745,13365,100
2793202322640207,600180,89,2745,13365,100
2793202327759056,600180,89,2745,13365,100
2793202332877916,600180,89,2745,13365,100
2793202338017462,600180,89,2745,13365,100
2793202343177569,600180,89,2745,13365,100
2793202348296539,600180,89,2745,13365,100
2793202353418457,600180,89,2745,13365,100
2793202358536494,600180,89,2745,13365,100
2793202363655222,600180,89,2745,13365,100
2793202368774004,600180,89,2745,13365,100
2793202373894279,600180,89,2745,13365,100
2793202379032259,600180,89,2745,13365,100
2793202384155104,600180,89,2745,13365,100
2793202389273863,600186,89,2745,13365,100
2793202394393306,600186,89,2745,13365,100
2793202399513743,600186,89,2745,13365,100
2793202404633025,600186,89,2745,13365,100
2793202409751989,600186,89,2745,13365,100
2793202414871961,600186,89,2745,13365,100
2793202419991398,600186,89,2745,13365,100
2793202425123897,600186,89,2745,13365,100
2793202430238638,600186,89,2745,13365,100
2793202435335173,600186,89,2745,13365,100
2793202440454167,600186,89,2745,13365,100
2793202445573122,600186,89,2745,13365,100
2793202450694112,600186,89,2745,13365,100
2793202455813264,600186,89,2745,13365,100
2793202460933815,600186,89,2745,13365,100
2793202466055329,600186,89,2745,13365,100
2793202471178971,600186,89,2745,13365,100
2793202476297901,600186,89,2745,13365,100
2793202481416552,600186,89,2745,13365,100
2793202486536299,600186,89,2745,13365,100
2793202491655595,600186,89,2745,13365,100
2793202496774864,600186,89,2745,13365,100
2793202501896083,600186,89,2745,13365,100
2793202507035732,600186,89,2745,13365,100
2793202512158846,600186,89,2745,13365,100
2793202517277843,600186,89,2745,13365,100
2793202522397133,600186,89,2745,13365,100
2793202527516393,600186,89,2745,13365,100
2793202532635369,600186,89,2745,13365,100
2793202537754110,600186,89,2745,13365,100
2793202542874030,600186,89,2745,13365,100
2793202547993302,600186,89,2745,13365,100
2793202553138007,600186,89,2745,13365,100
2793202558257639,600186,89,2745,13365,100
2793202563376420,600186,89,2745,13365,100
2793202568495424,600186,89,2745,13365,100
2793202573614529,600186,89,2745,13365,100
2793202578733777,600186,89,2745,13365,100
2793202583869772,600186,89,2745,13365,100
2793202588989133,600186,89,2745,13365,100
2793202594130348,600186,89,2745,13365,100
2793202599249205,600186,89,2745,13365,100
2793202604361846,600186,89,2745,13365,100
2793202609481070,600186,89,2745,13365,100
2793202614600575,600186,89,2745,13365,100
2793202619719791,600186,89,2745,13365,100
2793202624840180,600186,89,2745,13365,100
2793202629959592,600186,89,2745,13365,100
2793202635078616,600186,89,2745,13365,100
2793202640197521,600186,89,2745,13365,100
2793202645316833,600186,89,2745,13365,100
2793202650435763,600186,89,2745,13365,100
2793202655557718,600186,89,2745,13365,100
2793202660677002,600186,89,2745,13365,100
2793202665796649,600186,89,2745,13365,100
2793202670915407,600186,89,2745,13365,100
2793202676035177,600186,89,2745,13365,100
2793202681168700,600186,89,2745,13365,100
2793202686287916,600186,89,2745,13365,100
2793202691407610,600186,89,2745,13365,100
2793202696526857,600186,89,2745,13365,100
2793202701646093,600186,89,2745,13365,100
2793202706766651,600186,89,2745,13365,100
2793202711885674,600186,89,2745,13365,100
2793202717028854,600186,89,2745,13365,100
2793202722139386,600186,89,2745,13365,100
2793202727252867,600186,89,2745,13365,100
2793202732372559,600186,89,2745,13365,100
2793202737491699,600186,89,2745,13365,100
2793202742610694,600186,89,2745,13365,100
2793202747729479,600186,89,2745,13365,100
2793202752846942,600186,89,2745,13365,100
2793202757954043,600186,89,2745,13365,100
2793202763062736,600186,89,2745,13365,100
2793202768178916,600186,89,2745,13365,100
2793202773296708,600186,89,2745,13365,100
2793202778431839,600186,89,2745,13365,100
2793202783549803,600186,89,2745,13365,100
2793202788663996,600186,89,2745,13365,100
2793202793781045,600186,89,2745,13365,100
2793202798899224,600186,89,2745,13365,100
2793202804037740,600186,89,2745,13365,100
2793202809162336,600186,89,2745,13365,100
2793202814280068,600186,89,2745,13365,100
2793202819398319,600186,89,2745,13365,100
2793202824516562,600186,89,2745,13365,100
2793202829634601,600186,89,2745,13365,100
2793202834752727,600186,89,2745,13365,100
2793202839871103,600186,89,2745,13365,100
2793202844989489,600186,89,2745,13365,100
2793202850129280,600186,89,2745,13365,100
2793202855248568,600186,89,2745,13365,100
2793202860368884,600186,89,2745,13365,100
2793202865487924,600186,89,2745,13365,100
2793202870607212,600186,89,2745,13365,100
2793202875726769,600186,89,2745,13365,100
2793202880846066,600186,89,2745,13365,100
2793202885965016,600186,89,2745,13365,100
2793202891084155,600141,89,2745,13365,100
2793202896203307,600141,89,2745,13365,100
2793202901322509,600141,89,2745,13365,100
2793202906441688,600141,89,2745,13365,100
2793202911562451,600141,89,2745,13365,100
2793202916681380,600141,89,2745,13365,100
2793202921800280,600141,89,2745,13365,100
2793202926919273,600141,89,2745,13365,100
2793202932039195,600141,89,2745,13365,100
2793202937158018,600141,89,2745,13365,100
2793202942286744,600141,89,2745,13365,100
2793202947406074,600141,89,2745,13365,100
2793202952524671,600141,89,2745,13365,100
2793202957643871,600141,89,2745,13365,100
2793202962764496,600141,89,2745,13365,100
2793202967883659,600141,89,2745,13365,100
2793202973020970,600141,89,2745,13365,100
2793202978143896,600141,89,2745,13365,100
2793202983262699,600141,89,2745,13365,100
2793202988381797,600141,89,2745,13365,100
2793202993500922,600141,89,2745,13365,100
2793202998637297,600141,89,2745,13365,100
2793203003756314,600141,89,2745,13365,100
2793203008879986,600141,89,2745,13365,100
2793203014022250,600141,89,2745,13365,100
2793203019145218,600141,89,2745,13365,100
2793203024264615,600141,89,2745,13365,100
2793203029383839,600141,89,2745,13365,100
2793203034503111,600141,89,2745,13365,100
2793203039622440,600141,89,2745,13365,100
2793203044741544,600141,89,2745,13365,100
2793203049861068,600141,89,2745,13365,100
2793203054980275,600141,89,2745,13365,100
2793203060118231,600141,89,2745,13365,100
2793203065238961,600141,89,2745,13365,100
2793203070358000,600141,89,2745,13365,100
2793203075477086,600141,89,2745,13365,100
2793203080596034,600141,89,2745,13365,100
2793203085727679,600141,89,2745,13365,100
2793203090846908,600141,89,2745,13365,100
2793203095965912,600141,89,2745,13365,100
2793203101084848,600141,89,2745,13365,100
2793203106203705,600141,89,2745,13365,100
2793203111322909,600141,89,2745,13365,100
2793203116443325,600141,89,2745,13365,100
2793203121561218,600141,89,2745,13365,100
2793203126680170,600141,89,2745,13365,100
2793203131799145,600141,89,2745,13365,100
2793203136918003,600141,89,2745,13365,100
2793203142037123,600141,89,2745,13365,100
2793203147156327,600141,89,2745,13365,100
2793203152275335,600141,89,2745,13365,100
2793203157394566,600141,89,2745,13365,100
2793203162513800,600141,89,2745,13365,100
2793203167634229,600141,89,2745,13365,100
2793203172753149,600141,89,2745,13365,100
2793203177872406,600141,89,2745,13365,100
2793203182991454,600141,89,2745,13365,100
2793203188127220,600141,89,2745,13365,100
2793203193240779,600141,89,2745,13365,100
2793203198359703,600141,89,2745,13365,100
2793203203478504,600141,89,2745,13365,100
2793203208597536,600141,89,2745,13365,100
2793203213716700,600141,89,2745,13365,100
2793203218837948,600141,89,2745,13365,100
2793203223956936,600141,89,2745,13365,100
2793203229075985,600141,89,2745,13365,100
2793203234195073,600141,89,2745,13365,100
2793203239313918,600141,89,2745,13365,100
2793203244433222,600141,89,2745,13365,100
2793203249551750,600141,89,2745,13365,100
2793203254670843,600141,89,2745,13365,100
2793203259789748,600141,89,2745,13365,100
2793203264908651,600141,89,2745,13365,100
2793203270029128,600141,89,2745,13365,100
2793203275147961,600141,89,2745,13365,100
2793203280266591,600141,89,2745,13365,100
2793203285385985,600141,89,2745,13365,100
2793203290504758,600141,89,2745,13365,100
2793203295623658,600141,89,2745,13365,100
2793203300742356,600141,89,2745,13365,100
2793203305861387,600141,89,2745,13365,100
2793203310980439,600141,89,2745,13365,100
2793203316114521,600141,89,2745,13365,100
2793203321235448,600141,89,2745,13365,100
2793203326354584,600141,89,2745,13365,100
2793203331473748,600141,89,2745,13365,100
2793203336592484,600141,89,2745,13365,100
2793203341711641,600141,89,2745,13365,100
2793203346831237,600141,89,2745,13365,100
2793203351950512,600141,89,2745,13365,100
2793203357069438,600141,89,2745,13365,100
2793203362188641,600141,89,2745,13365,100
2793203367308071,600141,89,2745,13365,100
2793203372428659,600141,89,2745,13365,100
2793203377549863,600141,89,2745,13365,100
2793203382669276,600141,89,2745,13365,100
2793203387788488,600141,89,2745,13365,100
2793203392907369,600164,89,2745,13365,100
2793203398026609,600164,89,2745,13365,100
2793203403145610,600164,89,2745,13365,100
2793203408264594,600164,89,2745,13365,100
2793203413383626,600164,89,2745,13365,100
2793203418503267,600164,89,2745,13365,100
2793203423623833,600164,89,2745,13365,100
2793203428743015,600164,89,2745,13365,100
2793203433880243,600164,89,2745,13365,100
2793203438999915,600164,89,2745,13365,100
2793203444145419,600164,89,2745,13365,100
2793203449264829,600164,89,2745,13365,100
2793203454383677,600164,89,2745,13365,100
2793203459502961,600164,89,2745,13365,100
2793203464622073,600164,89,2745,13365,100
2793203469741506,600164,89,2745,13365,100
2793203474862836,600164,89,2745,13365,100
2793203479981782,600164,89,2745,13365,100
2793203485122524,600164,89,2745,13365,100
2793203490241683,600164,89,2745,13365,100
2793203495360732,600164,89,2745,13365,100
2793203500479591,600164,89,2745,13365,100
2793203505598660,600164,89,2745,13365,100
2793203510717796,600164,89,2745,13365,100
2793203515837469,600164,89,2745,13365,100
2793203520956709,600164,89,2745,13365,100
2793203526077045,600164,89,2745,13365,100
2793203531196152,600164,89,2745,13365,100
2793203536314834,600164,89,2745,13365,100
2793203541433778,600164,89,2745,13365,100
2793203546552303,600164,89,2745,13365,100
2793203551671391,600164,89,2745,13365,100
2793203556790746,600164,89,2745,13365,100
2793203561909852,600164,89,2745,13365,100
2793203567029304,600164,89,2745,13365,100
2793203572148719,600164,89,2745,13365,100
2793203577269236,600164,89,2745,13365,100
2793203582388837,600164,89,2745,13365,100
2793203587508038,600164,89,2745,13365,100
2793203592627802,600164,89,2745,13365,100
2793203597747262,600164,89,2745,13365,100
2793203602866579,600164,89,2745,13365,100
2793203607985679,600164,89,2745,13365,100
2793203613118028,600164,89,2745,13365,100
2793203618232227,600164,89,2745,13365,100
2793203623351110,600164,89,2745,13365,100
2793203628471829,600164,89,2745,13365,100
2793203633590661,600164,89,2745,13365,100
2793203638709405,600164,89,2745,13365,100
2793203643828849,600164,89,2745,13365,100
2793203648947917,600164,89,2745,13365,100
2793203654067054,600164,89,2745,13365,100
2793203659186147,600164,89,2745,13365,100
2793203664305959,600164,89,2745,13365,100
2793203669425295,600164,89,2745,13365,100
2793203674543984,600164,89,2745,13365,100
2793203679664148,600164,89,2745,13365,100
2793203684783508,600164,89,2745,13365,100
2793203689902469,600164,89,2745,13365,100
2793203695024609,600164,89,2745,13365,100
2793203700148282,600164,89,2745,13365,100
2793203705267950,600164,89,2745,13365,100
2793203710386806,600164,89,2745,13365,100
2793203715505690,600164,89,2745,13365,100
2793203720624827,600164,89,2745,13365,100
2793203725743708,600164,89,2745,13365,100
2793203730864452,600164,89,2745,13365,100
2793203735983651,600164,89,2745,13365,100
2793203741124736,600164,89,2745,13365,100
2793203746244036,600164,89,2745,13365,100
2793203751363129,600164,89,2745,13365,100
2793203756482183,600164,89,2745,13365,100
2793203761601398,600164,89,2745,13365,100
2793203766720750,600164,89,2745,13365,100
2793203771839607,600164,89,2745,13365,100
2793203776959213,600164,89,2745,13365,100
2793203782080035,600164,89,2745,13365,100
2793203787199231,600164,89,2745,13365,100
2793203792318424,600164,89,2745,13365,100
2793203797437224,600164,89,2745,13365,100
2793203802555473,600164,89,2745,13365,100
2793203807674373,600164,89,2745,13365,100
2793203812793222,600164,89,2745,13365,100
2793203817912450,600164,89,2745,13365,100
2793203823031732,600164,89,2745,13365,100
2793203828150757,600164,89,2745,13365,100
2793203833271350,600164,89,2745,13365,100
2793203838390831,600164,89,2745,13365,100
2793203843510097,600164,89,2745,13365,100
2793203848628980,600164,89,2745,13365,100
2793203853748220,600164,89,2745,13365,100
2793203858867508,600164,89,2745,13365,100
2793203863986461,600164,89,2745,13365,100
2793203869121852,600164,89,2745,13365,100
2793203874236710,600164,89,2745,13365,100
2793203879355893,600164,89,2745,13365,100
2793203884476338,600164,89,2745,13365,100
2793203889595238,599801,89,2745,13365,100
2793203894714451,599801,89,2745,13365,100
2793203899833487,599801,89,2745,13365,100
2793203904963084,599801,89,2745,13365,100
2793203910082176,599801,89,2745,13365,100
2793203915201000,599801,89,2745,13365,100
2793203920320028,599801,89,2745,13365,100
2793203925438699,599801,89,2745,13365,100
2793203930556598,599801,89,2745,13365,100
2793203935677376,599801,89,2745,13365,100
2793203940796530,599801,89,2745,13365,100
2793203945915699,599801,89,2745,13365,100
2793203951034807,599801,89,2745,13365,100
2793203956153935,599801,89,2745,13365,100
2793203961272930,599801,89,2745,13365,100
2793203966392160,599801,89,2745,13365,100
2793203971511117,599801,89,2745,13365,100
2793203976630329,599801,89,2745,13365,100
2793203981749127,599801,89,2745,13365,100
2793203986870230,599801,89,2745,13365,100
2793203991989438,599801,89,2745,13365,100
2793203997125086,599801,89,2745,13365,100
2793204002239918,599801,89,2745,13365,100
2793204007358843,599801,89,2745,13365,100
2793204012478215,599801,89,2745,13365,100
2793204017597758,599801,89,2745,13365,100
2793204022717164,599801,89,2745,13365,100
2793204027836364,599801,89,2745,13365,100
2793204032955178,599801,89,2745,13365,100
2793204038083708,599801,89,2745,13365,100
2793204043202889,599801,89,2745,13365,100
2793204048321917,599801,89,2745,13365,100
2793204053441561,599801,89,2745,13365,100
2793204058560482,599801,89,2745,13365,100
2793204063679526,599801,89,2745,13365,100
2793204068798683,599801,89,2745,13365,100
2793204073917447,599801,89,2745,13365,100
2793204079036568,599801,89,2745,13365,100
2793204084156096,599801,89,2745,13365,100
2793204089294924,599801,89,2745,13365,100
2793204094413705,599801,89,2745,13365,100
2793204099532741,599801,89,2745,13365,100
2793204104651501,599801,89,2745,13365,100
2793204109774085,599801,89,2745,13365,100
2793204114889738,599801,89,2745,13365,100
2793204120030519,599801,89,2745,13365,100
2793204125153547,599801,89,2745,13365,100
2793204130281799,599801,89,2745,13365,100
2793204135400139,599801,89,2745,13365,100
2793204140520480,599801,89,2745,13365,100
2793204145639856,599801,89,2745,13365,100
2793204150759420,599801,89,2745,13365,100
2793204155878121,599801,89,2745,13365,100
2793204160997054,599801,89,2745,13365,100
2793204166142133,599801,89,2745,13365,100
2793204171260994,599801,89,2745,13365,100
2793204176380170,599801,89,2745,13365,100
2793204181498730,599801,89,2745,13365,100
2793204186622521,599801,89,2745,13365,100
2793204191743123,599801,89,2745,13365,100
2793204196861779,599801,89,2745,13365,100
2793204201980873,599801,89,2745,13365,100
2793204207114261,599801,89,2745,13365,100
2793204212231410,599801,89,2745,13365,100
2793204217350221,599801,89,2745,13365,100
2793204222468917,599801,89,2745,13365,100
2793204227588063,599801,89,2745,13365,100
2793204232707186,599801,89,2745,13365,100
2793204237826884,599801,89,2745,13365,100
2793204242947447,599801,89,2745,13365,100
2793204248066235,599801,89,2745,13365,100
2793204253185216,599801,89,2745,13365,100
2793204258304276,599801,89,2745,13365,100
2793204263423220,599801,89,2745,13365,100
2793204268542524,599801,89,2745,13365,100
2793204273661541,599801,89,2745,13365,100
2793204278780685,599801,89,2745,13365,100
2793204283899584,599801,89,2745,13365,100
2793204289041275,599801,89,2745,13365,100
2793204294154304,599801,89,2745,13365,100
2793204299268618,599801,89,2745,13365,100
2793204304387691,599801,89,2745,13365,100
2793204309522260,599801,89,2745,13365,100
2793204314641539,599801,89,2745,13365,100
2793204319760436,599801,89,2745,13365,100
2793204324879738,599801,89,2745,13365,100
2793204329998663,599801,89,2745,13365,100
2793204335141973,599801,89,2745,13365,100
2793204340260869,599801,89,2745,13365,100
2793204345381409,599801,89,2745,13365,100
2793204350500766,599801,89,2745,13365,100
2793204355619286,599801,89,2745,13365,100
2793204360738416,599801,89,2745,13365,100
2793204365857603,599801,89,2745,13365,100
2793204370976357,599801,89,2745,13365,100
2793204376095440,599801,89,2745,13365,100
2793204381214440,599801,89,2745,13365,100
2793204386333420,599801,89,2745,13365,100
2793204391452522,599825,89,2745,13365,100
2793204396572793,599825,89,2745,13365,100
2793204401691726,599825,89,2745,13365,100
2793204406810637,599825,89,2745,13365,100
2793204411929898,599825,89,2745,13365,100
2793204417048690,599825,89,2745,13365,100
2793204422168294,599825,89,2745,13365,100
2793204427287120,599825,89,2745,13365,100
2793204432406272,599825,89,2745,13365,100
2793204437525307,599825,89,2745,13365,100
2793204442644812,599825,89,2745,13365,100
2793204447765476,599825,89,2745,13365,100
2793204452884381,599825,89,2745,13365,100
2793204458026699,599825,89,2745,13365,100
2793204463137514,599825,89,2745,13365,100
2793204468251273,599825,89,2745,13365,100
2793204473370870,599825,89,2745,13365,100
2793204478489871,599825,89,2745,13365,100
2793204483608767,599825,89,2745,13365,100
2793204488727911,599825,89,2745,13365,100
2793204493847456,599825,89,2745,13365,100
2793204498968436,599825,89,2745,13365,100
2793204504087218,599825,89,2745,13365,100
2793204509206125,599825,89,2745,13365,100
2793204514324819,599825,89,2745,13365,100
2793204519443951,599825,89,2745,13365,100
2793204524562458,599825,89,2745,13365,100
2793204529681718,599825,89,2745,13365,100
2793204534800823,599825,89,2745,13365,100
2793204539919611,599825,89,2745,13365,100
2793204545038779,599825,89,2745,13365,100
2793204550159519,599825,89,2745,13365,100
2793204555278509,599825,89,2745,13365,100
2793204560398188,599825,89,2745,13365,100
2793204565517403,599825,89,2745,13365,100
2793204570636177,599825,89,2745,13365,100
2793204575754901,599825,89,2745,13365,100
2793204580874394,599825,89,2745,13365,100
2793204585993426,599825,89,2745,13365,100
2793204591138967,599825,89,2745,13365,100
2793204596257969,599825,89,2745,13365,100
2793204601378483,599825,89,2745,13365,100
2793204606497518,599825,89,2745,13365,100
2793204611616448,599825,89,2745,13365,100
2793204616735616,599825,89,2745,13365,100
2793204621854764,599825,89,2745,13365,100
2793204626973708,599825,89,2745,13365,100
2793204632092749,599825,89,2745,13365,100
2793204637212004,599825,89,2745,13365,100
2793204642331186,599825,89,2745,13365,100
2793204647449780,599825,89,2745,13365,100
2793204652569391,599825,89,2745,13365,100
2793204657688359,599825,89,2745,13365,100
2793204662807411,599825,89,2745,13365,100
2793204667926360,599825,89,2745,13365,100
2793204673045428,599825,89,2745,13365,100
2793204678164544,599825,89,2745,13365,100
2793204683283713,599825,89,2745,13365,100
2793204688403293,599825,89,2745,13365,100
2793204693522085,599825,89,2745,13365,100
2793204698641042,599825,89,2745,13365,100
2793204703771274,599825,89,2745,13365,100
2793204708890385,599825,89,2745,13365,100
2793204714044699,599825,89,2745,13365,100
2793204719157591,599825,89,2745,13365,100
2793204724271978,599825,89,2745,13365,100
2793204729402060,599825,89,2745,13365,100
2793204734520728,599825,89,2745,13365,100
2793204739639609,599825,89,2745,13365,100
2793204744790917,599825,89,2745,13365,100
2793204749909829,599825,89,2745,13365,100
2793204755030422,599825,89,2745,13365,100
2793204760149714,599825,89,2745,13365,100
2793204765269154,599825,89,2745,13365,100
2793204770387970,599825,89,2745,13365,100
2793204775506691,599825,89,2745,13365,100
2793204780624840,599825,89,2745,13365,100
2793204785743750,599825,89,2745,13365,100
2793204790862868,599825,89,2745,13365,100
2793204795981906,599825,89,2745,13365,100
2793204801124423,599825,89,2745,13365,100
2793204806244849,599825,89,2745,13365,100
2793204811364013,599825,89,2745,13365,100
2793204816482962,599825,89,2745,13365,100
2793204821601986,599825,89,2745,13365,100
2793204826720759,599825,89,2745,13365,100
2793204831839807,599825,89,2745,13365,100
2793204836958913,599825,89,2745,13365,100
2793204842078160,599825,89,2745,13365,100
2793204847196922,599825,89,2745,13365,100
2793204852316288,599825,89,2745,13365,100
2793204857436965,599825,89,2745,13365,100
2793204862555861,599825,89,2745,13365,100
2793204867674729,599825,89,2745,13365,100
2793204872793489,599825,89,2745,13365,100
2793204877913006,599825,89,2745,13365,100
2793204883032902,599825,89,2745,13365,100
2793204888152119,599825,89,2745,13365,100
2793204893271375,599957,89,2745,13365,100
2793204898399935,599957,89,2745,13365,100
2793204903519003,599957,89,2745,13365,100
2793204908639920,599957,89,2745,13365,100
2793204913757899,599957,89,2745,13365,100
2793204918877116,599957,89,2745,13365,100
2793204923995985,599957,89,2745,13365,100
2793204929129843,599957,89,2745,13365,100
2793204934243514,599957,89,2745,13365,100
2793204939369878,599957,89,2745,13365,100
2793204944488774,599957,89,2745,13365,100
2793204949607682,599957,89,2745,13365,100
2793204954726608,599957,89,2745,13365,100
2793204959861487,599957,89,2745,13365,100
2793204964980232,599957,89,2745,13365,100
2793204970117140,599957,89,2745,13365,100
2793204975236420,599957,89,2745,13365,100
2793204980355508,599957,89,2745,13365,100
2793204985474797,599957,89,2745,13365,100
2793204990593498,599957,89,2745,13365,100
2793204995712466,599957,89,2745,13365,100
2793205000831480,599957,89,2745,13365,100
2793205005950922,599957,89,2745,13365,100
2793205011072015,599957,89,2745,13365,100
2793205016191131,599957,89,2745,13365,100
2793205021310136,599957,89,2745,13365,100
2793205026429004,599957,89,2745,13365,100
2793205031547997,599957,89,2745,13365,100
2793205036668043,599957,89,2745,13365,100
2793205041800093,599957,89,2745,13365,100
2793205046919090,599957,89,2745,13365,100
2793205052038294,599957,89,2745,13365,100
2793205057157110,599957,89,2745,13365,100
2793205062277923,599957,89,2745,13365,100
2793205067397211,599957,89,2745,13365,100
2793205072516399,599957,89,2745,13365,100
2793205077635076,599957,89,2745,13365,100
2793205082754307,599957,89,2745,13365,100
2793205087873074,599957,89,2745,13365,100
2793205092992325,599957,89,2745,13365,100
2793205098139641,599957,89,2745,13365,100
2793205103258527,599957,89,2745,13365,100
2793205108377437,599957,89,2745,13365,100
2793205113498318,599957,89,2745,13365,100
2793205118640094,599957,89,2745,13365,100
2793205123759176,599957,89,2745,13365,100
2793205128877223,599957,89,2745,13365,100
2793205133995719,599957,89,2745,13365,100
2793205139138084,599957,89,2745,13365,100
2793205144255863,599957,89,2745,13365,100
2793205149374256,599957,89,2745,13365,100
2793205154492316,599957,89,2745,13365,100
2793205159611441,599957,89,2745,13365,100
2793205164731789,599957,89,2745,13365,100
2793205169850430,599957,89,2745,13365,100
2793205174969222,599957,89,2745,13365,100
2793205180088264,599957,89,2745,13365,100
2793205185196186,599957,89,2745,13365,100
2793205190311487,599957,89,2745,13365,100
2793205195431427,599957,89,2745,13365,100
2793205200551776,599957,89,2745,13365,100
2793205205671986,599957,89,2745,13365,100
2793205210786454,599957,89,2745,13365,100
2793205215900784,599957,89,2745,13365,100
2793205221042276,599957,89,2745,13365,100
2793205226160999,599957,89,2745,13365,100
2793205231278378,599957,89,2745,13365,100
2793205236397222,599957,89,2745,13365,100
2793205241515235,599957,89,2745,13365,100
2793205246642379,599957,89,2745,13365,100
2793205251761827,599957,89,2745,13365,100
2793205256880250,599957,89,2745,13365,100
2793205262016956,599957,89,2745,13365,100
2793205267127747,599957,89,2745,13365,100
2793205272240756,599957,89,2745,13365,100
2793205277359629,599957,89,2745,13365,100
2793205282478830,599957,89,2745,13365,100
2793205287597778,599957,89,2745,13365,100
2793205292717220,599957,89,2745,13365,100
2793205297837245,599957,89,2745,13365,100
2793205302956489,599957,89,2745,13365,100
2793205308075163,599957,89,2745,13365,100
2793205313193938,599957,89,2745,13365,100
2793205318314712,599957,89,2745,13365,100
2793205323433572,599957,89,2745,13365,100
2793205328547989,599957,89,2745,13365,100
2793205333667673,599957,89,2745,13365,100
2793205338786753,599957,89,2745,13365,100
2793205343906137,599957,89,2745,13365,100
2793205349025558,599957,89,2745,13365,100
2793205354144762,599957,89,2745,13365,100
2793205359263879,599957,89,2745,13365,100
2793205364383856,599957,89,2745,13365,100
2793205369504480,599957,89,2745,13365,100
2793205374623580,599957,89,2745,13365,100
2793205379742849,599957,89,2745,13365,100
2793205384862001,599957,89,2745,13365,100
2793205389981153,599963,89,2745,13365,100
2793205395121157,599963,89,2745,13365,100
2793205400258321,599963,89,2745,13365,100
2793205405377206,599963,89,2745,13365,100
2793205410496410,599963,89,2745,13365,100
2793205415615719,599963,89,2745,13365,100
2793205420736439,599963,89,2745,13365,100
2793205425855568,599963,89,2745,13365,100
2793205430974911,599963,89,2745,13365,100
2793205436094480,599963,89,2745,13365,100
2793205441213780,599963,89,2745,13365,100
2793205446332793,599963,89,2745,13365,100
2793205451452049,599963,89,2745,13365,100
2793205456571994,599963,89,2745,13365,100
2793205461691013,599963,89,2745,13365,100
2793205466809770,599963,89,2745,13365,100
2793205471931291,599963,89,2745,13365,100
2793205477050067,599963,89,2745,13365,100
2793205482169147,599963,89,2745,13365,100
2793205487288160,599963,89,2745,13365,100
2793205492407956,599963,89,2745,13365,100
2793205497526760,599963,89,2745,13365,100
2793205502646492,599963,89,2745,13365,100
2793205507765529,599963,89,2745,13365,100
2793205512898113,599963,89,2745,13365,100
2793205518034974,599963,89,2745,13365,100
2793205523163225,599963,89,2745,13365,100
2793205528286200,599963,89,2745,13365,100
2793205533404918,599963,89,2745,13365,100
2793205538524562,599963,89,2745,13365,100
2793205543643595,599963,89,2745,13365,100
2793205548762871,599963,89,2745,13365,100
2793205553881980,599963,89,2745,13365,100
2793205559019881,599963,89,2745,13365,100
2793205564148573,599963,89,2745,13365,100
2793205569267408,599963,89,2745,13365,100
2793205574387794,599963,89,2745,13365,100
2793205579506584,599963,89,2745,13365,100
2793205584625846,599963,89,2745,13365,100
2793205589744947,599963,89,2745,13365,100
2793205594864543,599963,89,2745,13365,100
2793205599983323,599963,89,2745,13365,100
2793205605122351,599963,89,2745,13365,100
2793205610241372,599963,89,2745,13365,100
2793205615360347,599963,89,2745,13365,100
2793205620479328,599963,89,2745,13365,100
2793205625599317,599963,89,2745,13365,100
2793205630718129,599963,89,2745,13365,100
2793205635837041,599963,89,2745,13365,100
2793205640955756,599963,89,2745,13365,100
2793205646075200,599963,89,2745,13365,100
2793205651194367,599963,89,2745,13365,100
2793205656313283,599963,89,2745,13365,100
2793205661432303,599963,89,2745,13365,100
2793205666550118,599963,89,2745,13365,100
2793205671669156,599963,89,2745,13365,100
2793205676789152,599963,89,2745,13365,100
2793205681908116,599963,89,2745,13365,100
2793205687027685,599963,89,2745,13365,100
2793205692146274,599963,89,2745,13365,100
2793205697265264,599963,89,2745,13365,100
2793205702384558,599963,89,2745,13365,100
2793205707503831,599963,89,2745,13365,100
2793205712622810,599963,89,2745,13365,100
2793205717741683,599963,89,2745,13365,100
2793205722860546,599963,89,2745,13365,100
2793205727980864,599963,89,2745,13365,100
2793205733113678,599963,89,2745,13365,100
2793205738228272,599963,89,2745,13365,100
2793205743347573,599963,89,2745,13365,100
2793205748466326,599963,89,2745,13365,100
2793205753585381,599963,89,2745,13365,100
2793205758704816,599963,89,2745,13365,100
2793205763823910,599963,89,2745,13365,100
2793205768942434,599963,89,2745,13365,100
2793205774060889,599963,89,2745,13365,100
2793205779179814,599963,89,2745,13365,100
2793205784297920,599963,89,2745,13365,100
2793205789416108,599963,89,2745,13365,100
2793205794536172,599963,89,2745,13365,100
2793205799654071,599963,89,2745,13365,100
2793205804773265,599963,89,2745,13365,100
2793205809892258,599963,89,2745,13365,100
2793205815029962,599963,89,2745,13365,100
2793205820145672,599963,89,2745,13365,100
2793205825261002,599963,89,2745,13365,100
2793205830381050,599963,89,2745,13365,100
2793205835499967,599963,89,2745,13365,100
2793205840618873,599963,89,2745,13365,100
2793205845737525,599963,89,2745,13365,100
2793205850857113,599963,89,2745,13365,100
2793205855975993,599963,89,2745,13365,100
2793205861094738,599963,89,2745,13365,100
2793205866213117,599963,89,2745,13365,100
2793205871336562,599963,89,2745,13365,100
2793205876455891,599963,89,2745,13365,100
2793205881576843,599963,89,2745,13365,100
2793205886695755,599963,89,2745,13365,100
2793205891814568,600022,89,2745,13365,100
2793205896933619,600022,89,2745,13365,100
2793205902052308,600022,89,2745,13365,100
2793205907171203,600022,89,2745,13365,100
2793205912290380,600022,89,2745,13365,100
2793205917409557,600022,89,2745,13365,100
2793205922528401,600022,89,2745,13365,100
2793205927647218,600022,89,2745,13365,100
2793205932763754,600022,89,2745,13365,100
2793205937886123,600022,89,2745,13365,100
2793205943024186,600022,89,2745,13365,100
2793205948148119,600022,89,2745,13365,100
2793205953266842,600022,89,2745,13365,100
2793205958385744,600022,89,2745,13365,100
2793205963504485,600022,89,2745,13365,100
2793205968622809,600022,89,2745,13365,100
2793205973741937,600022,89,2745,13365,100
2793205978860625,600022,89,2745,13365,100
2793205983981297,600022,89,2745,13365,100
2793205989119610,600022,89,2745,13365,100
2793205994238496,600022,89,2745,13365,100
2793205999357403,600022,89,2745,13365,100
2793206004476338,600022,89,2745,13365,100
2793206009594983,600022,89,2745,13365,100
2793206014714063,600022,89,2745,13365,100
2793206019833638,600022,89,2745,13365,100
2793206024952552,600022,89,2745,13365,100
2793206030071120,600022,89,2745,13365,100
2793206035191381,600022,89,2745,13365,100
2793206040310203,600022,89,2745,13365,100
2793206045429382,600022,89,2745,13365,100
2793206050547718,600022,89,2745,13365,100
2793206055686587,600022,89,2745,13365,100
2793206060805902,600022,89,2745,13365,100
2793206065924915,600022,89,2745,13365,100
2793206071044196,600022,89,2745,13365,100
2793206076163074,600022,89,2745,13365,100
2793206081281836,600022,89,2745,13365,100
2793206086402655,600022,89,2745,13365,100
2793206091521569,600022,89,2745,13365,100
2793206096640662,600022,89,2745,13365,100
2793206101759514,600022,89,2745,13365,100
2793206106878690,600022,89,2745,13365,100
2793206111997631,600022,89,2745,13365,100
2793206117132839,600022,89,2745,13365,100
2793206122246135,600022,89,2745,13365,100
2793206127365088,600022,89,2745,13365,100
2793206132484139,600022,89,2745,13365,100
2793206137604524,600022,89,2745,13365,100
2793206142723752,600022,89,2745,13365,100
2793206147843133,600022,89,2745,13365,100
2793206152962213,600022,89,2745,13365,100
2793206158081241,600022,89,2745,13365,100
2793206163200306,600022,89,2745,13365,100
2793206168318930,600022,89,2745,13365,100
2793206173437718,600022,89,2745,13365,100
2793206178555875,600022,89,2745,13365,100
2793206183675045,600022,89,2745,13365,100
2793206188795335,600022,89,2745,13365,100
2793206193914584,600022,89,2745,13365,100
2793206199033471,600022,89,2745,13365,100
2793206204152793,600022,89,2745,13365,100
2793206209271274,600022,89,2745,13365,100
2793206214390418,600022,89,2745,13365,100
2793206219509418,600022,89,2745,13365,100
2793206224628200,600022,89,2745,13365,100
2793206229737619,600022,89,2745,13365,100
2793206234843000,600022,89,2745,13365,100
2793206239957106,600022,89,2745,13365,100
2793206245076108,600022,89,2745,13365,100
2793206250194976,600022,89,2745,13365,100
2793206255313912,600022,89,2745,13365,100
2793206260433076,600022,89,2745,13365,100
2793206265552427,600022,89,2745,13365,100
2793206270671178,600022,89,2745,13365,100
2793206275790310,600022,89,2745,13365,100
2793206280908808,600022,89,2745,13365,100
2793206286028215,600022,89,2745,13365,100
2793206291148631,600022,89,2745,13365,100
2793206296267719,600022,89,2745,13365,100
2793206301386738,600022,89,2745,13365,100
2793206306505488,600022,89,2745,13365,100
2793206311624834,600022,89,2745,13365,100
2793206316743764,600022,89,2745,13365,100
2793206321862845,600022,89,2745,13365,100
2793206326981926,600022,89,2745,13365,100
2793206332126794,600022,89,2745,13365,100
2793206337245663,600022,89,2745,13365,100
2793206342365813,600022,89,2745,13365,100
2793206347484545,600022,89,2745,13365,100
2793206352603835,600022,89,2745,13365,100
2793206357722680,600022,89,2745,13365,100
2793206362841612,600022,89,2745,13365,100
2793206367961324,600022,89,2745,13365,100
2793206373080365,600022,89,2745,13365,100
2793206378199309,600022,89,2745,13365,100
2793206383317937,600022,89,2745,13365,100
2793206388436900,600022,89,2745,13365,100
2793206393556076,600125,89,2745,13365,100
2793206398674930,600125,89,2745,13365,100
2793206403793265,600125,89,2745,13365,100
2793206408912215,600125,89,2745,13365,100
2793206414031292,600125,89,2745,13365,100
2793206419150236,600125,89,2745,13365,100
2793206424269688,600125,89,2745,13365,100
2793206429389200,600125,89,2745,13365,100
2793206434507525,600125,89,2745,13365,100
2793206439648955,600125,89,2745,13365,100
2793206444769678,600125,89,2745,13365,100
2793206449888562,600125,89,2745,13365,100
2793206455033406,600125,89,2745,13365,100
2793206460143989,600125,89,2745,13365,100
2793206465257617,600125,89,2745,13365,100
2793206470376583,600125,89,2745,13365,100
2793206475496152,600125,89,2745,13365,100
2793206480615288,600125,89,2745,13365,100
2793206485734233,600125,89,2745,13365,100
2793206490853653,600125,89,2745,13365,100
2793206495974969,600125,89,2745,13365,100
2793206501093966,600125,89,2745,13365,100
2793206506213150,600125,89,2745,13365,100
2793206511332306,600125,89,2745,13365,100
2793206516451550,600125,89,2745,13365,100
2793206521570359,600125,89,2745,13365,100
2793206526689499,600125,89,2745,13365,100
2793206531809248,600125,89,2745,13365,100
2793206536928333,600125,89,2745,13365,100
2793206542047341,600125,89,2745,13365,100
2793206547168276,600125,89,2745,13365,100
2793206552287233,600125,89,2745,13365,100
2793206557406389,600125,89,2745,13365,100
2793206562526018,600125,89,2745,13365,100
2793206567645194,600125,89,2745,13365,100
2793206572764343,600125,89,2745,13365,100
2793206577883446,600125,89,2745,13365,100
2793206583028115,600125,89,2745,13365,100
2793206588140745,600125,89,2745,13365,100
2793206593255666,600125,89,2745,13365,100
2793206598376005,600125,89,2745,13365,100
2793206603494997,600125,89,2745,13365,100
2793206608613961,600125,89,2745,13365,100
2793206613733053,600125,89,2745,13365,100
2793206618872382,600125,89,2745,13365,100
2793206623991396,600125,89,2745,13365,100
2793206629131451,600125,89,2745,13365,100
2793206634250639,600125,89,2745,13365,100
2793206639369891,600125,89,2745,13365,100
2793206644488844,600125,89,2745,13365,100
2793206649610148,600125,89,2745,13365,100
2793206654729332,600125,89,2745,13365,100
2793206659848862,600125,89,2745,13365,100
2793206664967589,600125,89,2745,13365,100
2793206670086845,600125,89,2745,13365,100
2793206675205985,600125,89,2745,13365,100
2793206680325220,600125,89,2745,13365,100
2793206685444684,600125,89,2745,13365,100
2793206690555654,600125,89,2745,13365,100
2793206695675786,600125,89,2745,13365,100
2793206700796212,600125,89,2745,13365,100
2793206705910826,600125,89,2745,13365,100
2793206711039678,600125,89,2745,13365,100
2793206716148136,600125,89,2745,13365,100
2793206721252849,600125,89,2745,13365,100
2793206726358249,600125,89,2745,13365,100
2793206731470267,600125,89,2745,13365,100
2793206736584742,600125,89,2745,13365,100
2793206741702671,600125,89,2745,13365,100
2793206746820937,600125,89,2745,13365,100
2793206751932487,600125,89,2745,13365,100
2793206757046924,600125,89,2745,13365,100
2793206762168823,600125,89,2745,13365,100
2793206767279516,600125,89,2745,13365,100
2793206772397677,600125,89,2745,13365,100
2793206777516237,600125,89,2745,13365,100
2793206782634948,600125,89,2745,13365,100
2793206787753505,600125,89,2745,13365,100
2793206792872011,600125,89,2745,13365,100
2793206797990026,600125,89,2745,13365,100
2793206803125174,600125,89,2745,13365,100
2793206808240007,600125,89,2745,13365,100
2793206813357814,600125,89,2745,13365,100
2793206818475658,600125,89,2745,13365,100
2793206823594301,600125,89,2745,13365,100
2793206828712956,600125,89,2745,13365,100
2793206833832453,600125,89,2745,13365,100
2793206838951310,600125,89,2745,13365,100
2793206844070349,600125,89,2745,13365,100
2793206849183886,600125,89,2745,13365,100
2793206854304638,600125,89,2745,13365,100
2793206859423631,600125,89,2745,13365,100
2793206864542807,600125,89,2745,13365,100
2793206869661895,600125,89,2745,13365,100
2793206874780880,600125,89,2745,13365,100
2793206879899984,600125,89,2745,13365,100
2793206885021444,600125,89,2745,13365,100
2793206890140659,600242,89,2745,13365,100
2793206895259757,600242,89,2745,13365,100
2793206900378694,600242,89,2745,13365,100
2793206905499386,600242,89,2745,13365,100
2793206910618675,600242,89,2745,13365,100
2793206915738195,600242,89,2745,13365,100
2793206920856840,600242,89,2745,13365,100
2793206925975510,600242,89,2745,13365,100
2793206931094276,600242,89,2745,13365,100
2793206936213688,600242,89,2745,13365,100
2793206941332647,600242,89,2745,13365,100
2793206946452147,600242,89,2745,13365,100
2793206951571431,600242,89,2745,13365,100
2793206956692365,600242,89,2745,13365,100
2793206961811646,600242,89,2745,13365,100
2793206966930874,600242,89,2745,13365,100
2793206972049831,600242,89,2745,13365,100
2793206977168991,600242,89,2745,13365,100
2793206982280685,600242,89,2745,13365,100
2793206987399900,600242,89,2745,13365,100
2793206992519516,600242,89,2745,13365,100
2793206997638884,600242,89,2745,13365,100
2793207002758121,600242,89,2745,13365,100
2793207007878505,600242,89,2745,13365,100
2793207012998237,600242,89,2745,13365,100
2793207018141578,600242,89,2745,13365,100
2793207023260758,600242,89,2745,13365,100
2793207028379662,600242,89,2745,13365,100
2793207033499171,600242,89,2745,13365,100
2793207038618715,600242,89,2745,13365,100
2793207043737416,600242,89,2745,13365,100
2793207048856804,600242,89,2745,13365,100
2793207053975813,600242,89,2745,13365,100
2793207059095917,600242,89,2745,13365,100
2793207064214797,600242,89,2745,13365,100
2793207069333646,600242,89,2745,13365,100
2793207074452610,600242,89,2745,13365,100
2793207079572270,600242,89,2745,13365,100
2793207084691665,600242,89,2745,13365,100
2793207089810339,600242,89,2745,13365,100
2793207094929215,600242,89,2745,13365,100
2793207100048120,600242,89,2745,13365,100
2793207105167215,600242,89,2745,13365,100
2793207110287668,600242,89,2745,13365,100
2793207115407340,600242,89,2745,13365,100
2793207120526055,600242,89,2745,13365,100
2793207125645365,600242,89,2745,13365,100
2793207130764193,600242,89,2745,13365,100
2793207135882863,600242,89,2745,13365,100
2793207141026006,600242,89,2745,13365,100
2793207146137596,600242,89,2745,13365,100
2793207151252256,600242,89,2745,13365,100
2793207156370708,600242,89,2745,13365,100
2793207161491172,600242,89,2745,13365,100
2793207166610428,600242,89,2745,13365,100
2793207171729166,600242,89,2745,13365,100
2793207176848229,600242,89,2745,13365,100
2793207181986017,600242,89,2745,13365,100
2793207187125072,600242,89,2745,13365,100
2793207192244270,600242,89,2745,13365,100
2793207197363470,600242,89,2745,13365,100
2793207202473558,600242,89,2745,13365,100
2793207207592683,600242,89,2745,13365,100
2793207212713248,600242,89,2745,13365,100
2793207217846838,600242,89,2745,13365,100
2793207222965628,600242,89,2745,13365,100
2793207228084652,600242,89,2745,13365,100
2793207233203849,600242,89,2745,13365,100
2793207238322829,600242,89,2745,13365,100
2793207243441853,600242,89,2745,13365,100
2793207248560693,600242,89,2745,13365,100
2793207253679738,600242,89,2745,13365,100
2793207258798482,600242,89,2745,13365,100
2793207263919291,600242,89,2745,13365,100
2793207269038196,600242,89,2745,13365,100
2793207274157119,600242,89,2745,13365,100
2793207279276600,600242,89,2745,13365,100
2793207284395694,600242,89,2745,13365,100
2793207289515053,600242,89,2745,13365,100
2793207294634149,600242,89,2745,13365,100
2793207299753249,600242,89,2745,13365,100
2793207304872678,600242,89,2745,13365,100
2793207309992050,600242,89,2745,13365,100
2793207315139035,600242,89,2745,13365,100
2793207320258310,600242,89,2745,13365,100
2793207325377259,600242,89,2745,13365,100
2793207330496073,600242,89,2745,13365,100
2793207335614992,600242,89,2745,13365,100
2793207340734320,600242,89,2745,13365,100
2793207345853576,600242,89,2745,13365,100
2793207350972549,600242,89,2745,13365,100
2793207356091393,600242,89,2745,13365,100
2793207361210021,600242,89,2745,13365,100
2793207366349246,600242,89,2745,13365,100
2793207371468046,600242,89,2745,13365,100
2793207376571857,600242,89,2745,13365,100
2793207381683963,600242,89,2745,13365,100
2793207386816015,600242,89,2745,13365,100
2793207391931869,600049,89,2745,13365,100
2793207397052420,600049,89,2745,13365,100
2793207402163394,600049,89,2745,13365,100
2793207407272199,600049,89,2745,13365,100
2793207412367513,600049,89,2745,13365,100
2793207417474843,600049,89,2745,13365,100
2793207422580060,600049,89,2745,13365,100
2793207427694042,600049,89,2745,13365,100
2793207432811931,600049,89,2745,13365,100
2793207437930751,600049,89,2745,13365,100
2793207443049836,600049,89,2745,13365,100
2793207448168748,600049,89,2745,13365,100
2793207453288779,600049,89,2745,13365,100
2793207458405851,600049,89,2745,13365,100
2793207463521336,600049,89,2745,13365,100
2793207468635841,600049,89,2745,13365,100
2793207473747316,600049,89,2745,13365,100
2793207478856116,600049,89,2745,13365,100
2793207483972358,600049,89,2745,13365,100
2793207489090564,600049,89,2745,13365,100
2793207494209116,600049,89,2745,13365,100
2793207499328396,600049,89,2745,13365,100
2793207504447617,600049,89,2745,13365,100
2793207509558776,600049,89,2745,13365,100
2793207514666805,600049,89,2745,13365,100
2793207519764030,600049,89,2745,13365,100
2793207524873914,600049,89,2745,13365,100
2793207529992463,600049,89,2745,13365,100
2793207535139023,600049,89,2745,13365,100
2793207540258406,600049,89,2745,13365,100
2793207545365451,600049,89,2745,13365,100
2793207550463466,600049,89,2745,13365,100
2793207555569448,600049,89,2745,13365,100
2793207560673074,600049,89,2745,13365,100
2793207565786637,600049,89,2745,13365,100
2793207570897259,600049,89,2745,13365,100
2793207576013816,600049,89,2745,13365,100
2793207581122310,600049,89,2745,13365,100
2793207586229344,600049,89,2745,13365,100
2793207591346179,600049,89,2745,13365,100
2793207596455757,600049,89,2745,13365,100
2793207601557807,600049,89,2745,13365,100
2793207606654113,600049,89,2745,13365,100
2793207611743183,600049,89,2745,13365,100
2793207616827602,600049,89,2745,13365,100
2793207621919674,600049,89,2745,13365,100
2793207627021838,600049,89,2745,13365,100
2793207632113322,600049,89,2745,13365,100
2793207637204499,600049,89,2745,13365,100
2793207642297290,600049,89,2745,13365,100
2793207647386142,600049,89,2745,13365,100
2793207652470447,600049,89,2745,13365,100
2793207657557221,600049,89,2745,13365,100
2793207662651588,600049,89,2745,13365,100
2793207667746448,600049,89,2745,13365,100
2793207672847307,600049,89,2745,13365,100
2793207677955900,600049,89,2745,13365,100
2793207683073148,600049,89,2745,13365,100
2793207688187593,600049,89,2745,13365,100
2793207693299661,600049,89,2745,13365,100
2793207698413742,600049,89,2745,13365,100
2793207703527926,600049,89,2745,13365,100
2793207708642274,600049,89,2745,13365,100
2793207713757027,600049,89,2745,13365,100
2793207718872928,600049,89,2745,13365,100
2793207723989596,600049,89,2745,13365,100
2793207729125988,600049,89,2745,13365,100
2793207734235668,600049,89,2745,13365,100
2793207739350796,600049,89,2745,13365,100
2793207744465829,600049,89,2745,13365,100
2793207749581462,600049,89,2745,13365,100
2793207754697733,600049,89,2745,13365,100
2793207759801376,600049,89,2745,13365,100
2793207764894613,600049,89,2745,13365,100
2793207770026238,600049,89,2745,13365,100
2793207775147138,600049,89,2745,13365,100
2793207780262782,600049,89,2745,13365,100
2793207785379076,600049,89,2745,13365,100
2793207790495291,600049,89,2745,13365,100
2793207795612233,600049,89,2745,13365,100
2793207800728720,600049,89,2745,13365,100
2793207805845752,600049,89,2745,13365,100
2793207810962956,600049,89,2745,13365,100
2793207816080182,600049,89,2745,13365,100
2793207821198211,600049,89,2745,13365,100
2793207826317062,600049,89,2745,13365,100
2793207831434960,600049,89,2745,13365,100
2793207836553080,600049,89,2745,13365,100
2793207841672448,600049,89,2745,13365,100
2793207846791539,600049,89,2745,13365,100
2793207851911381,600049,89,2745,13365,100
2793207857030537,600049,89,2745,13365,100
2793207862149362,600049,89,2745,13365,100
2793207867268851,600049,89,2745,13365,100
2793207872387814,600049,89,2745,13365,100
2793207877508491,600049,89,2745,13365,100
2793207882634835,600049,89,2745,13365,100
2793207887753947,600049,89,2745,13365,100
2793207892872620,600079,89,2745,13365,100
2793207897992310,600079,89,2745,13365,100
2793207903127852,600079,89,2745,13365,100
2793207908240665,600079,89,2745,13365,100
2793207913359890,600079,89,2745,13365,100
2793207918493358,600079,89,2745,13365,100
2793207923612594,600079,89,2745,13365,100
2793207928733616,600079,89,2745,13365,100
2793207933853642,600079,89,2745,13365,100
2793207938972775,600079,89,2745,13365,100
2793207944091902,600079,89,2745,13365,100
2793207949210655,600079,89,2745,13365,100
2793207954329230,600079,89,2745,13365,100
2793207959448057,600079,89,2745,13365,100
2793207964567829,600079,89,2745,13365,100
2793207969686843,600079,89,2745,13365,100
2793207974805881,600079,89,2745,13365,100
2793207979926300,600079,89,2745,13365,100
2793207985062676,600079,89,2745,13365,100
2793207990181639,600079,89,2745,13365,100
2793207995301035,600079,89,2745,13365,100
2793208000413284,600079,89,2745,13365,100
2793208005532176,600079,89,2745,13365,100
2793208010651132,600079,89,2745,13365,100
2793208015770012,600079,89,2745,13365,100
2793208020908287,600079,89,2745,13365,100
2793208026026997,600079,89,2745,13365,100
2793208031148154,600079,89,2745,13365,100
2793208036267462,600079,89,2745,13365,100
2793208041386418,600079,89,2745,13365,100
2793208046505138,600079,89,2745,13365,100
2793208051624247,600079,89,2745,13365,100
2793208056765223,600079,89,2745,13365,100
2793208061892263,600079,89,2745,13365,100
2793208067036048,600079,89,2745,13365,100
2793208072146513,600079,89,2745,13365,100
2793208077260193,600079,89,2745,13365,100
2793208082380299,600079,89,2745,13365,100
2793208087499153,600079,89,2745,13365,100
2793208092618528,600079,89,2745,13365,100
2793208097737361,600079,89,2745,13365,100
2793208102856390,600079,89,2745,13365,100
2793208107975475,600079,89,2745,13365,100
2793208113094371,600079,89,2745,13365,100
2793208118213071,600079,89,2745,13365,100
2793208123332228,600079,89,2745,13365,100
2793208128451000,600079,89,2745,13365,100
2793208133571597,600079,89,2745,13365,100
2793208138690725,600079,89,2745,13365,100
2793208143809844,600079,89,2745,13365,100
2793208148928709,600079,89,2745,13365,100
2793208154047429,600079,89,2745,13365,100
2793208159166322,600079,89,2745,13365,100
2793208164285798,600079,89,2745,13365,100
2793208169404895,600079,89,2745,13365,100
2793208174523851,600079,89,2745,13365,100
2793208179642751,600079,89,2745,13365,100
2793208184763346,600079,89,2745,13365,100
2793208189882210,600079,89,2745,13365,100
2793208195026335,600079,89,2745,13365,100
2793208200149179,600079,89,2745,13365,100
2793208205268269,600079,89,2745,13365,100
2793208210387502,600079,89,2745,13365,100
2793208215506038,600079,89,2745,13365,100
2793208220625118,600079,89,2745,13365,100
2793208225743966,600079,89,2745,13365,100
2793208230863319,600079,89,2745,13365,100
2793208235993663,600079,89,2745,13365,100
2793208241126919,600079,89,2745,13365,100
2793208246242788,600079,89,2745,13365,100
2793208251361656,600079,89,2745,13365,100
2793208256480489,600079,89,2745,13365,100
2793208261599457,600079,89,2745,13365,100
2793208266718461,600079,89,2745,13365,100
2793208271836994,600079,89,2745,13365,100
2793208276955822,600079,89,2745,13365,100
2793208282074538,600079,89,2745,13365,100
2793208287195351,600079,89,2745,13365,100
2793208292314072,600079,89,2745,13365,100
2793208297433196,600079,89,2745,13365,100
2793208302551166,600079,89,2745,13365,100
2793208307670265,600079,89,2745,13365,100
2793208312789353,600079,89,2745,13365,100
2793208317908289,600079,89,2745,13365,100
2793208323027982,600079,89,2745,13365,100
2793208328146930,600079,89,2745,13365,100
2793208333265946,600079,89,2745,13365,100
2793208338386471,600079,89,2745,13365,100
2793208343505667,600079,89,2745,13365,100
2793208348625020,600079,89,2745,13365,100
2793208353744395,600079,89,2745,13365,100
2793208358863463,600079,89,2745,13365,100
2793208363982588,600079,89,2745,13365,100
2793208369117686,600079,89,2745,13365,100
2793208374232281,600079,89,2745,13365,100
2793208379351166,600079,89,2745,13365,100
2793208384470254,600079,89,2745,13365,100
2793208389590846,600002,89,2745,13365,100
2793208394709678,600002,89,2745,13365,100
2793208399828775,600002,89,2745,13365,100
2793208404947827,600002,89,2745,13365,100
2793208410066819,600002,89,2745,13365,100
2793208415185806,600002,89,2745,13365,100
2793208420305312,600002,89,2745,13365,100
2793208425424673,600002,89,2745,13365,100
2793208430543561,600002,89,2745,13365,100
2793208435662549,600002,89,2745,13365,100
2793208440783771,600002,89,2745,13365,100
2793208445903328,600002,89,2745,13365,100
2793208451022447,600002,89,2745,13365,100
2793208456141797,600002,89,2745,13365,100
2793208461260661,600002,89,2745,13365,100
2793208466379939,600002,89,2745,13365,100
2793208471498823,600002,89,2745,13365,100
2793208476618364,600002,89,2745,13365,100
2793208481737286,600002,89,2745,13365,100
2793208486860185,600002,89,2745,13365,100
2793208491980577,600002,89,2745,13365,100
2793208497111241,600002,89,2745,13365,100
2793208502225089,600002,89,2745,13365,100
2793208507344495,600002,89,2745,13365,100
2793208512463278,600002,89,2745,13365,100
2793208517582735,600002,89,2745,13365,100
2793208522701318,600002,89,2745,13365,100
2793208527821263,600002,89,2745,13365,100
2793208532940084,600002,89,2745,13365,100
2793208538060654,600002,89,2745,13365,100
2793208543181760,600002,89,2745,13365,100
2793208548300757,600002,89,2745,13365,100
2793208553410725,600002,89,2745,13365,100
2793208558528844,600002,89,2745,13365,100
2793208563646902,600002,89,2745,13365,100
2793208568765262,600002,89,2745,13365,100
2793208573884497,600002,89,2745,13365,100
2793208579023927,600002,89,2745,13365,100
2793208584136729,600002,89,2745,13365,100
2793208589251256,600002,89,2745,13365,100
2793208594372004,600002,89,2745,13365,100
2793208599491128,600002,89,2745,13365,100
2793208604610165,600002,89,2745,13365,100
2793208609729146,600002,89,2745,13365,100
2793208614848120,600002,89,2745,13365,100
2793208619967362,600002,89,2745,13365,100
2793208625088119,600002,89,2745,13365,100
2793208630210358,600002,89,2745,13365,100
2793208635329664,600002,89,2745,13365,100
2793208640448663,600002,89,2745,13365,100
2793208645568687,600002,89,2745,13365,100
2793208650687868,600002,89,2745,13365,100
2793208655806827,600002,89,2745,13365,100
2793208660926084,600002,89,2745,13365,100
2793208666044937,600002,89,2745,13365,100
2793208671163998,600002,89,2745,13365,100
2793208676301252,600002,89,2745,13365,100
2793208681420810,600002,89,2745,13365,100
2793208686540091,600002,89,2745,13365,100
2793208691658697,600002,89,2745,13365,100
2793208696779389,600002,89,2745,13365,100
2793208701898584,600002,89,2745,13365,100
2793208707037684,600002,89,2745,13365,100
2793208712160024,600002,89,2745,13365,100
2793208717279433,600002,89,2745,13365,100
2793208722398389,600002,89,2745,13365,100
2793208727517433,600002,89,2745,13365,100
2793208732636472,600002,89,2745,13365,100
2793208737755446,600002,89,2745,13365,100
2793208742874650,600002,89,2745,13365,100
2793208747995087,600002,89,2745,13365,100
2793208753126459,600002,89,2745,13365,100
2793208758241074,600002,89,2745,13365,100
2793208763359918,600002,89,2745,13365,100
2793208768479232,600002,89,2745,13365,100
2793208773598687,600002,89,2745,13365,100
2793208778716864,600002,89,2745,13365,100
2793208783835729,600002,89,2745,13365,100
2793208788955369,600002,89,2745,13365,100
2793208794076677,600002,89,2745,13365,100
2793208799201023,600002,89,2745,13365,100
2793208804319898,600002,89,2745,13365,100
2793208809437251,600002,89,2745,13365,100
2793208814554516,600002,89,2745,13365,100
2793208819672528,600002,89,2745,13365,100
2793208824790328,600002,89,2745,13365,100
2793208829908860,600002,89,2745,13365,100
2793208835030997,600002,89,2745,13365,100
2793208840152798,600002,89,2745,13365,100
2793208845271990,600002,89,2745,13365,100
2793208850392386,600002,89,2745,13365,100
2793208855511526,600002,89,2745,13365,100
2793208860630686,600002,89,2745,13365,100
2793208865749643,600002,89,2745,13365,100
2793208870869288,600002,89,2745,13365,100
2793208875988567,600002,89,2745,13365,100
2793208881131212,600002,89,2745,13365,100
2793208886250340,600002,89,2745,13365,100
2793208891363009,600231,89,2745,13365,100
2793208896482485,600231,89,2745,13365,100
2793208901603203,600231,89,2745,13365,100
2793208906722182,600231,89,2745,13365,100
2793208911841402,600231,89,2745,13365,100
2793208916960442,600231,89,2745,13365,100
2793208922079613,600231,89,2745,13365,100
2793208927199617,600231,89,2745,13365,100
2793208932318564,600231,89,2745,13365,100
2793208937437496,600231,89,2745,13365,100
2793208942556480,600231,89,2745,13365,100
2793208947675780,600231,89,2745,13365,100
2793208952796359,600231,89,2745,13365,100
2793208957915553,600231,89,2745,13365,100
2793208963035214,600231,89,2745,13365,100
2793208968154185,600231,89,2745,13365,100
2793208973272958,600231,89,2745,13365,100
2793208978391923,600231,89,2745,13365,100
2793208983510767,600231,89,2745,13365,100
2793208988629637,600231,89,2745,13365,100
2793208993749228,600231,89,2745,13365,100
2793208998868308,600231,89,2745,13365,100
2793209003989223,600231,89,2745,13365,100
2793209009127076,600231,89,2745,13365,100
2793209014241659,600231,89,2745,13365,100
2793209019360783,600231,89,2745,13365,100
2793209024480033,600231,89,2745,13365,100
2793209029599339,600231,89,2745,13365,100
2793209034718458,600231,89,2745,13365,100
2793209039838455,600231,89,2745,13365,100
2793209044957467,600231,89,2745,13365,100
2793209050076415,600231,89,2745,13365,100
2793209055197132,600231,89,2745,13365,100
2793209060316391,600231,89,2745,13365,100
2793209065435544,600231,89,2745,13365,100
2793209070554013,600231,89,2745,13365,100
2793209075672918,600231,89,2745,13365,100
2793209080792034,600231,89,2745,13365,100
2793209085910998,600231,89,2745,13365,100
2793209091029877,600231,89,2745,13365,100
2793209096149083,600231,89,2745,13365,100
2793209101268264,600231,89,2745,13365,100
2793209106391108,600231,89,2745,13365,100
2793209111507174,600231,89,2745,13365,100
2793209116622639,600231,89,2745,13365,100
2793209121741463,600231,89,2745,13365,100
2793209126860233,600231,89,2745,13365,100
2793209131979126,600231,89,2745,13365,100
2793209137098278,600231,89,2745,13365,100
2793209142217218,600231,89,2745,13365,100
2793209147336463,600231,89,2745,13365,100
2793209152455443,600231,89,2745,13365,100
2793209157575603,600231,89,2745,13365,100
2793209162694812,600231,89,2745,13365,100
2793209167813972,600231,89,2745,13365,100
2793209172933012,600231,89,2745,13365,100
2793209178052173,600231,89,2745,13365,100
2793209183185117,600231,89,2745,13365,100
2793209188304305,600231,89,2745,13365,100
2793209193423233,600231,89,2745,13365,100
2793209198542526,600231,89,2745,13365,100
2793209203661553,600231,89,2745,13365,100
2793209208782271,600231,89,2745,13365,100
2793209213901269,600231,89,2745,13365,100
2793209219020868,600231,89,2745,13365,100
2793209224140050,600231,89,2745,13365,100
2793209229259160,600231,89,2745,13365,100
2793209234377908,600231,89,2745,13365,100
2793209239497013,600231,89,2745,13365,100
2793209244616047,600231,89,2745,13365,100
2793209249725601,600231,89,2745,13365,100
2793209254840326,600231,89,2745,13365,100
2793209259960941,600231,89,2745,13365,100
2793209265079991,600231,89,2745,13365,100
2793209270198983,600231,89,2745,13365,100
2793209275317847,600231,89,2745,13365,100
2793209280437418,600231,89,2745,13365,100
2793209285556657,600231,89,2745,13365,100
2793209290675707,600231,89,2745,13365,100
2793209295794641,600231,89,2745,13365,100
2793209300913525,600231,89,2745,13365,100
2793209306032854,600231,89,2745,13365,100
2793209311155179,600231,89,2745,13365,100
2793209316277163,600231,89,2745,13365,100
2793209321396106,600231,89,2745,13365,100
2793209326515079,600231,89,2745,13365,100
2793209331651660,600231,89,2745,13365,100
2793209336760765,600231,89,2745,13365,100
2793209341879760,600231,89,2745,13365,100
2793209346998873,600231,89,2745,13365,100
2793209352143081,600231,89,2745,13365,100
2793209357262089,600231,89,2745,13365,100
2793209362382862,600231,89,2745,13365,100
2793209367501918,600231,89,2745,13365,100
2793209372621471,600231,89,2745,13365,100
2793209377740166,600231,89,2745,13365,100
2793209382859098,600231,89,2745,13365,100
2793209387978535,600231,89,2745,13365,100
2793209393097341,600206,89,2745,13365,100
2793209398216544,600206,89,2745,13365,100
2793209403335608,600206,89,2745,13365,100
2793209408454473,600206,89,2745,13365,100
2793209413575371,600206,89,2745,13365,100
2793209418694425,600206,89,2745,13365,100
2793209423813854,600206,89,2745,13365,100
2793209428933318,600206,89,2745,13365,100
2793209434052227,600206,89,2745,13365,100
2793209439183586,600206,89,2745,13365,100
2793209444302552,600206,89,2745,13365,100
2793209449421871,600206,89,2745,13365,100
2793209454541375,600206,89,2745,13365,100
2793209459660780,600206,89,2745,13365,100
2793209464774210,600206,89,2745,13365,100
2793209469889961,600206,89,2745,13365,100
2793209475033381,600206,89,2745,13365,100
2793209480157197,600206,89,2745,13365,100
2793209485276070,600206,89,2745,13365,100
2793209490395046,600206,89,2745,13365,100
2793209495513723,600206,89,2745,13365,100
2793209500633063,600206,89,2745,13365,100
2793209505752071,600206,89,2745,13365,100
2793209510871616,600206,89,2745,13365,100
2793209515991936,600206,89,2745,13365,100
2793209521132462,600206,89,2745,13365,100
2793209526251260,600206,89,2745,13365,100
2793209531370659,600206,89,2745,13365,100
2793209536489663,600206,89,2745,13365,100
2793209541608707,600206,89,2745,13365,100
2793209546727752,600206,89,2745,13365,100
2793209551847043,600206,89,2745,13365,100
2793209556966042,600206,89,2745,13365,100
2793209562085131,600206,89,2745,13365,100
2793209567205691,600206,89,2745,13365,100
2793209572324846,600206,89,2745,13365,100
2793209577443800,600206,89,2745,13365,100
2793209582563304,600206,89,2745,13365,100
2793209587682469,600206,89,2745,13365,100
2793209592801729,600206,89,2745,13365,100
2793209597920294,600206,89,2745,13365,100
2793209603039902,600206,89,2745,13365,100
2793209608159090,600206,89,2745,13365,100
2793209613278079,600206,89,2745,13365,100
2793209618398219,600206,89,2745,13365,100
2793209623516975,600206,89,2745,13365,100
2793209628636454,600206,89,2745,13365,100
2793209633755704,600206,89,2745,13365,100
2793209638875212,600206,89,2745,13365,100
2793209643994033,600206,89,2745,13365,100
2793209649135359,600206,89,2745,13365,100
2793209654254549,600206,89,2745,13365,100
2793209659373738,600206,89,2745,13365,100
2793209664492922,600206,89,2745,13365,100
2793209669613311,600206,89,2745,13365,100
2793209674731803,600206,89,2745,13365,100
2793209679851457,600206,89,2745,13365,100
2793209684982927,600206,89,2745,13365,100
2793209690121220,600206,89,2745,13365,100
2793209695240204,600206,89,2745,13365,100
2793209700359128,600206,89,2745,13365,100
2793209705477977,600206,89,2745,13365,100
2793209710597083,600206,89,2745,13365,100
2793209715716230,600206,89,2745,13365,100
2793209720838282,600206,89,2745,13365,100
2793209725956870,600206,89,2745,13365,100
2793209731075883,600206,89,2745,13365,100
2793209736195115,600206,89,2745,13365,100
2793209741313859,600206,89,2745,13365,100
2793209746432794,600206,89,2745,13365,100
2793209751551408,600206,89,2745,13365,100
2793209756670521,600206,89,2745,13365,100
2793209761789489,600206,89,2745,13365,100
2793209766908769,600206,89,2745,13365,100
2793209772029198,600206,89,2745,13365,100
2793209777148278,600206,89,2745,13365,100
2793209782267430,600206,89,2745,13365,100
2793209787386183,600206,89,2745,13365,100
2793209792505263,600206,89,2745,13365,100
2793209797623963,600206,89,2745,13365,100
2793209802743144,600206,89,2745,13365,100
2793209807862084,600206,89,2745,13365,100
2793209812980818,600206,89,2745,13365,100
2793209818108824,600206,89,2745,13365,100
2793209823222965,600206,89,2745,13365,100
2793209828342009,600206,89,2745,13365,100
2793209833472142,600206,89,2745,13365,100
2793209838591266,600206,89,2745,13365,100
2793209843710562,600206,89,2745,13365,100
2793209848829675,600206,89,2745,13365,100
2793209853948765,600206,89,2745,13365,100
2793209859067724,600206,89,2745,13365,100
2793209864187036,600206,89,2745,13365,100
2793209869306013,600206,89,2745,13365,100
2793209874426357,600206,89,2745,13365,100
2793209879545621,600206,89,2745,13365,100
2793209884664777,600206,89,2745,13365,100
2793209889783754,599968,89,2745,13365,100
2793209894902528,599968,89,2745,13365,100
2793209900021372,599968,89,2745,13365,100
2793209905140211,599968,89,2745,13365,100
2793209910259393,599968,89,2745,13365,100
2793209915378431,599968,89,2745,13365,100
2793209920497172,599968,89,2745,13365,100
2793209925617560,599968,89,2745,13365,100
2793209930736885,599968,89,2745,13365,100
2793209935855489,599968,89,2745,13365,100
2793209940974414,599968,89,2745,13365,100
2793209946093513,599968,89,2745,13365,100
2793209951212638,599968,89,2745,13365,100
2793209956332006,599968,89,2745,13365,100
2793209961451006,599968,89,2745,13365,100
2793209966570069,599968,89,2745,13365,100
2793209971689044,599968,89,2745,13365,100
2793209976809479,599968,89,2745,13365,100
2793209981928720,599968,89,2745,13365,100
2793209987067073,599968,89,2745,13365,100
2793209992186183,599968,89,2745,13365,100
2793209997304993,599968,89,2745,13365,100
2793210002416346,599968,89,2745,13365,100
2793210007535569,599968,89,2745,13365,100
2793210012654322,599968,89,2745,13365,100
2793210017773499,599968,89,2745,13365,100
2793210022892427,599968,89,2745,13365,100
2793210028036791,599968,89,2745,13365,100
2793210033147249,599968,89,2745,13365,100
2793210038261164,599968,89,2745,13365,100
2793210043380760,599968,89,2745,13365,100
2793210048499829,599968,89,2745,13365,100
2793210053619015,599968,89,2745,13365,100
2793210058738258,599968,89,2745,13365,100
2793210063857272,599968,89,2745,13365,100
2793210068976546,599968,89,2745,13365,100
2793210074095638,599968,89,2745,13365,100
2793210079215763,599968,89,2745,13365,100
2793210084331281,599968,89,2745,13365,100
2793210089441348,599968,89,2745,13365,100
2793210094560164,599968,89,2745,13365,100
2793210099668912,599968,89,2745,13365,100
2793210104782859,599968,89,2745,13365,100
2793210109896926,599968,89,2745,13365,100
2793210115025902,599968,89,2745,13365,100
2793210120143782,599968,89,2745,13365,100
2793210125261026,599968,89,2745,13365,100
2793210130379455,599968,89,2745,13365,100
2793210135496720,599968,89,2745,13365,100
2793210140614097,599968,89,2745,13365,100
2793210145738627,599968,89,2745,13365,100
2793210150856568,599968,89,2745,13365,100
2793210155975868,599968,89,2745,13365,100
2793210161094949,599968,89,2745,13365,100
2793210166207155,599968,89,2745,13365,100
2793210171323401,599968,89,2745,13365,100
2793210176442360,599968,89,2745,13365,100
2793210181563174,599968,89,2745,13365,100
2793210186681989,599968,89,2745,13365,100
2793210191801099,599968,89,2745,13365,100
2793210196920543,599968,89,2745,13365,100
2793210202039611,599968,89,2745,13365,100
2793210207158586,599968,89,2745,13365,100
2793210212277476,599968,89,2745,13365,100
2793210217396588,599968,89,2745,13365,100
2793210222515854,599968,89,2745,13365,100
2793210227634724,599968,89,2745,13365,100
2793210232755110,599968,89,2745,13365,100
2793210237874647,599968,89,2745,13365,100
2793210242993282,599968,89,2745,13365,100
2793210248128901,599968,89,2745,13365,100
2793210253244395,599968,89,2745,13365,100
2793210258363288,599968,89,2745,13365,100
2793210263482068,599968,89,2745,13365,100
2793210268601228,599968,89,2745,13365,100
2793210273779017,599968,89,2745,13365,100
2793210278898809,599968,89,2745,13365,100
2793210284037629,599968,89,2745,13365,100
2793210289161001,599968,89,2745,13365,100
2793210294280218,599968,89,2745,13365,100
2793210299399230,599968,89,2745,13365,100
2793210304518194,599968,89,2745,13365,100
2793210309637055,599968,89,2745,13365,100
2793210314756055,599968,89,2745,13365,100
2793210319875622,599968,89,2745,13365,100
2793210324994776,599968,89,2745,13365,100
2793210330128129,599968,89,2745,13365,100
2793210335244920,599968,89,2745,13365,100
2793210340363341,599968,89,2745,13365,100
2793210345482525,599968,89,2745,13365,100
2793210350601761,599968,89,2745,13365,100
2793210355720651,599968,89,2745,13365,100
2793210360840378,599968,89,2745,13365,100
2793210365960023,599968,89,2745,13365,100
2793210371079075,599968,89,2745,13365,100
2793210376249897,599968,89,2745,13365,100
2793210381368963,599968,89,2745,13365,100
2793210386489412,599968,89,2745,13365,100
2793210391611270,600190,89,2745,13365,100
2793210396730240,600190,89,2745,13365,100
2793210401849191,600190,89,2745,13365,100
2793210406968325,600190,89,2745,13365,100
2793210412087333,600190,89,2745,13365,100
2793210417206358,600190,89,2745,13365,100
2793210422326038,600190,89,2745,13365,100
2793210427445013,600190,89,2745,13365,100
2793210432564145,600190,89,2745,13365,100
2793210437684356,600190,89,2745,13365,100
2793210442803360,600190,89,2745,13365,100
2793210447922356,600190,89,2745,13365,100
2793210453041304,600190,89,2745,13365,100
2793210458161072,600190,89,2745,13365,100
2793210463279658,600190,89,2745,13365,100
2793210468398568,600190,89,2745,13365,100
2793210473517652,600190,89,2745,13365,100
2793210478637338,600190,89,2745,13365,100
2793210483756170,600190,89,2745,13365,100
2793210488876938,600190,89,2745,13365,100
2793210493995887,600190,89,2745,13365,100
2793210499128268,600190,89,2745,13365,100
2793210504240548,600190,89,2745,13365,100
2793210509359416,600190,89,2745,13365,100
2793210514478465,600190,89,2745,13365,100
2793210519597744,600190,89,2745,13365,100
2793210524716789,600190,89,2745,13365,100
2793210529836747,600190,89,2745,13365,100
2793210534955537,600190,89,2745,13365,100
2793210540076382,600190,89,2745,13365,100
2793210545195373,600190,89,2745,13365,100
2793210550315463,600190,89,2745,13365,100
2793210555437824,600190,89,2745,13365,100
2793210560556888,600190,89,2745,13365,100
2793210565675776,600190,89,2745,13365,100
2793210570794469,600190,89,2745,13365,100
2793210575920541,600190,89,2745,13365,100
2793210581036413,600190,89,2745,13365,100
2793210586155497,600190,89,2745,13365,100
2793210591276178,600190,89,2745,13365,100
2793210596394826,600190,89,2745,13365,100
2793210601513583,600190,89,2745,13365,100
2793210606632767,600190,89,2745,13365,100
2793210611751324,600190,89,2745,13365,100
2793210616871427,600190,89,2745,13365,100
2793210621990358,600190,89,2745,13365,100
2793210627133597,600190,89,2745,13365,100
2793210632252036,600190,89,2745,13365,100
2793210637370105,600190,89,2745,13365,100
2793210642507837,600190,89,2745,13365,100
2793210647625338,600190,89,2745,13365,100
2793210652742434,600190,89,2745,13365,100
2793210657860458,600190,89,2745,13365,100
2793210662976679,600190,89,2745,13365,100
2793210668093152,600190,89,2745,13365,100
2793210673209077,600190,89,2745,13365,100
2793210678324639,600190,89,2745,13365,100
2793210683439752,600190,89,2745,13365,100
2793210688555977,600190,89,2745,13365,100
2793210693672419,600190,89,2745,13365,100
2793210698786804,600190,89,2745,13365,100
2793210703901114,600190,89,2745,13365,100
2793210709031390,600190,89,2745,13365,100
2793210714148686,600190,89,2745,13365,100
2793210719262821,600190,89,2745,13365,100
2793210724376327,600190,89,2745,13365,100
2793210729489790,600190,89,2745,13365,100
2793210734602854,600190,89,2745,13365,100
2793210739715701,600190,89,2745,13365,100
2793210744830581,600190,89,2745,13365,100
2793210749942953,600190,89,2745,13365,100
2793210755055585,600190,89,2745,13365,100
2793210760167818,600190,89,2745,13365,100
2793210765280226,600190,89,2745,13365,100
2793210770392703,600190,89,2745,13365,100
2793210775504968,600190,89,2745,13365,100
2793210780617372,600190,89,2745,13365,100
2793210785731593,600190,89,2745,13365,100
2793210790844232,600190,89,2745,13365,100
2793210795958307,600190,89,2745,13365,100
2793210801070965,600190,89,2745,13365,100
2793210806183502,600190,89,2745,13365,100
2793210811295900,600190,89,2745,13365,100
2793210816408510,600190,89,2745,13365,100
2793210821521083,600190,89,2745,13365,100
2793210826633423,600190,89,2745,13365,100
2793210831745867,600190,89,2745,13365,100
2793210836858176,600190,89,2745,13365,100
2793210841970801,600190,89,2745,13365,100
2793210847076186,600190,89,2745,13365,100
2793210852186543,600190,89,2745,13365,100
2793210857306553,600190,89,2745,13365,100
2793210862418750,600190,89,2745,13365,100
2793210867531036,600190,89,2745,13365,100
2793210872643683,600190,89,2745,13365,100
2793210877756398,600190,89,2745,13365,100
2793210882868788,600190,89,2745,13365,100
2793210887981245,600190,89,2745,13365,100
2793210893093593,600073,89,2745,13365,100
2793210898207669,600073,89,2745,13365,100
2793210903320180,600073,89,2745,13365,100
2793210908432562,600073,89,2745,13365,100
2793210913545062,600073,89,2745,13365,100
2793210918657342,600073,89,2745,13365,100
2793210923769672,600073,89,2745,13365,100
2793210928882260,600073,89,2745,13365,100
2793210934032759,600073,89,2745,13365,100
2793210939148680,600073,89,2745,13365,100
2793210944261268,600073,89,2745,13365,100
2793210949375357,600073,89,2745,13365,100
2793210954488038,600073,89,2745,13365,100
2793210959600566,600073,89,2745,13365,100
2793210964712726,600073,89,2745,13365,100
2793210969825190,600073,89,2745,13365,100
2793210974937211,600073,89,2745,13365,100
2793210980049844,600073,89,2745,13365,100
2793210985162458,600073,89,2745,13365,100
2793210990275264,600073,89,2745,13365,100
2793210995387632,600073,89,2745,13365,100
2793211000500573,600073,89,2745,13365,100
2793211005612988,600073,89,2745,13365,100
2793211010725492,600073,89,2745,13365,100
2793211015837862,600073,89,2745,13365,100
2793211020950163,600073,89,2745,13365,100
2793211026060565,600073,89,2745,13365,100
2793211031165635,600073,89,2745,13365,100
2793211036274660,600073,89,2745,13365,100
2793211041387177,600073,89,2745,13365,100
2793211046499632,600073,89,2745,13365,100
2793211051613501,600073,89,2745,13365,100
2793211056726237,600073,89,2745,13365,100
2793211061838974,600073,89,2745,13365,100
2793211066951639,600073,89,2745,13365,100
2793211072063874,600073,89,2745,13365,100
2793211077176303,600073,89,2745,13365,100
2793211082288854,600073,89,2745,13365,100
2793211087401160,600073,89,2745,13365,100
2793211092528188,600073,89,2745,13365,100
2793211097640669,600073,89,2745,13365,100
2793211102754185,600073,89,2745,13365,100
2793211107866896,600073,89,2745,13365,100
2793211112979380,600073,89,2745,13365,100
2793211118091779,600073,89,2745,13365,100
2793211123201589,600073,89,2745,13365,100
2793211128314179,600073,89,2745,13365,100
2793211133426563,600073,89,2745,13365,100
2793211138538792,600073,89,2745,13365,100
2793211143651108,600073,89,2745,13365,100
2793211148763678,600073,89,2745,13365,100
2793211153877561,600073,89,2745,13365,100
2793211158989929,600073,89,2745,13365,100
2793211164116775,600073,89,2745,13365,100
2793211169225848,600073,89,2745,13365,100
2793211174338435,600073,89,2745,13365,100
2793211179451031,600073,89,2745,13365,100
2793211184563722,600073,89,2745,13365,100
2793211189676066,600073,89,2745,13365,100
2793211194788780,600073,89,2745,13365,100
2793211199901184,600073,89,2745,13365,100
2793211205033029,600073,89,2745,13365,100
2793211210149344,600073,89,2745,13365,100
2793211215261736,600073,89,2745,13365,100
2793211220374122,600073,89,2745,13365,100
2793211225493319,600073,89,2745,13365,100
2793211230605709,600073,89,2745,13365,100
2793211235718200,600073,89,2745,13365,100
2793211240830852,600073,89,2745,13365,100
2793211245943532,600073,89,2745,13365,100
2793211251056348,600073,89,2745,13365,100
2793211256170649,600073,89,2745,13365,100
2793211261282989,600073,89,2745,13365,100
2793211266395458,600073,89,2745,13365,100
2793211271508416,600073,89,2745,13365,100
2793211276621101,600073,89,2745,13365,100
2793211281733398,600073,89,2745,13365,100
2793211286845979,600073,89,2745,13365,100
2793211291958627,600073,89,2745,13365,100
2793211297088798,600073,89,2745,13365,100
2793211302241876,600073,89,2745,13365,100
2793211307355894,600073,89,2745,13365,100
2793211312468489,600073,89,2745,13365,100
2793211317581234,600073,89,2745,13365,100
2793211322693586,600073,89,2745,13365,100
2793211327806192,600073,89,2745,13365,100
2793211332918287,600073,89,2745,13365,100
2793211338030873,600073,89,2745,13365,100
2793211343143363,600073,89,2745,13365,100
2793211348255912,600073,89,2745,13365,100
2793211353368436,600073,89,2745,13365,100
2793211358482484,600073,89,2745,13365,100
2793211363595023,600073,89,2745,13365,100
2793211368718541,600073,89,2745,13365,100
2793211373830826,600073,89,2745,13365,100
2793211378943674,600073,89,2745,13365,100
2793211384056066,600073,89,2745,13365,100
2793211389168657,600073,89,2745,13365,100
2793211394281196,599793,89,2745,13365,100
2793211399397268,599793,89,2745,13365,100
2793211404506142,599793,89,2745,13365,100
2793211409617168,599793,89,2745,13365,100
2793211414729439,599793,89,2745,13365,100
2793211419842122,599793,89,2745,13365,100
2793211424955114,599793,89,2745,13365,100
2793211430067918,599793,89,2745,13365,100
2793211435180546,599793,89,2745,13365,100
2793211440293161,599793,89,2745,13365,100
2793211445405755,599793,89,2745,13365,100
2793211450518176,599793,89,2745,13365,100
2793211455630640,599793,89,2745,13365,100
2793211460744865,599793,89,2745,13365,100
2793211465857029,599793,89,2745,13365,100
2793211470969506,599793,89,2745,13365,100
2793211476075271,599793,89,2745,13365,100
2793211481184510,599793,89,2745,13365,100
2793211486297023,599793,89,2745,13365,100
2793211491409945,599793,89,2745,13365,100
2793211496522424,599793,89,2745,13365,100
2793211501635044,599793,89,2745,13365,100
2793211506747401,599793,89,2745,13365,100
2793211511861503,599793,89,2745,13365,100
2793211516974233,599793,89,2745,13365,100
2793211522087065,599793,89,2745,13365,100
2793211527200004,599793,89,2745,13365,100
2793211532313019,599793,89,2745,13365,100
2793211537425159,599793,89,2745,13365,100
2793211542537811,599793,89,2745,13365,100
2793211547650381,599793,89,2745,13365,100
2793211552762853,599793,89,2745,13365,100
2793211557875797,599793,89,2745,13365,100
2793211562990045,599793,89,2745,13365,100
2793211568122051,599793,89,2745,13365,100
2793211573234410,599793,89,2745,13365,100
2793211578347166,599793,89,2745,13365,100
2793211583459554,599793,89,2745,13365,100
2793211588572047,599793,89,2745,13365,100
2793211593684532,599793,89,2745,13365,100
2793211598796907,599793,89,2745,13365,100
2793211603909452,599793,89,2745,13365,100
2793211609021845,599793,89,2745,13365,100
2793211614139079,599793,89,2745,13365,100
2793211619254965,599793,89,2745,13365,100
2793211624370814,599793,89,2745,13365,100
2793211629487018,599793,89,2745,13365,100
2793211634602194,599793,89,2745,13365,100
2793211639717939,599793,89,2745,13365,100
2793211644833751,599793,89,2745,13365,100
2793211649954242,599793,89,2745,13365,100
2793211655070776,599793,89,2745,13365,100
2793211660186991,599793,89,2745,13365,100
2793211665304677,599793,89,2745,13365,100
2793211670422079,599793,89,2745,13365,100
2793211675537851,599793,89,2745,13365,100
2793211680653537,599793,89,2745,13365,100
2793211685768886,599793,89,2745,13365,100
2793211690866766,599793,89,2745,13365,100
2793211695973276,599793,89,2745,13365,100
2793211701087713,599793,89,2745,13365,100
2793211706201628,599793,89,2745,13365,100
2793211711314577,599793,89,2745,13365,100
2793211716428332,599793,89,2745,13365,100
2793211721542473,599793,89,2745,13365,100
2793211726660597,599793,89,2745,13365,100
2793211731769382,599793,89,2745,13365,100
2793211736877695,599793,89,2745,13365,100
2793211741990294,599793,89,2745,13365,100
2793211747126175,599793,89,2745,13365,100
2793211752240583,599793,89,2745,13365,100
2793211757355384,599793,89,2745,13365,100
2793211762469428,599793,89,2745,13365,100
2793211767588170,599793,89,2745,13365,100
2793211772702185,599793,89,2745,13365,100
2793211777816677,599793,89,2745,13365,100
2793211782933229,599793,89,2745,13365,100
2793211788059240,599793,89,2745,13365,100
2793211793176146,599793,89,2745,13365,100
2793211798316095,599793,89,2745,13365,100
2793211803429915,599793,89,2745,13365,100
2793211808549263,599793,89,2745,13365,100
2793211813663530,599793,89,2745,13365,100
2793211818798846,599793,89,2745,13365,100
2793211823913176,599793,89,2745,13365,100
2793211829022812,599793,89,2745,13365,100
2793211834133277,599793,89,2745,13365,100
2793211839247269,599793,89,2745,13365,100
2793211844365022,599793,89,2745,13365,100
2793211849483775,599793,89,2745,13365,100
2793211854598235,599793,89,2745,13365,100
2793211859715971,599793,89,2745,13365,100
2793211864830751,599793,89,2745,13365,100
2793211869949823,599793,89,2745,13365,100
2793211875068288,599793,89,2745,13365,100
2793211880186346,599793,89,2745,13365,100
2793211885304373,599793,89,2745,13365,100
2793211890422841,500351,78,2797,13365,0
2793211895541365,500351,78,2797,13365,0
2793211900659018,500351,78,2797,13365,0
2793211905794778,500351,78,2797,13365,0
2793211910912663,500351,78,2797,13365,0
