monotonic_ns,board_power_mw,temperature_c,graphics_clock_mhz,memory_clock_mhz,utilization_percent
2785970672497104,287931,65,2805,13365,100
2785970678961408,287931,65,2805,13365,100
2785970684075717,287931,65,2805,13365,100
2785970689190497,287931,65,2805,13365,100
2785970694321865,287931,65,2805,13365,100
2785970699445646,287931,65,2805,13365,100
2785970704561688,287931,65,2805,13365,100
2785970709684451,287931,65,2805,13365,100
2785970714801403,287931,65,2805,13365,100
2785970719918928,287931,65,2805,13365,100
2785970725034588,287931,65,2805,13365,100
2785970730149544,287931,65,2805,13365,100
2785970735264317,287931,65,2805,13365,100
2785970740378586,287931,65,2805,13365,100
2785970745493404,287931,65,2805,13365,100
2785970750610822,287931,65,2805,13365,100
2785970755725387,287931,65,2805,13365,100
2785970760840307,287931,65,2805,13365,100
2785970765952683,287931,65,2805,13365,100
2785970771067304,287931,65,2805,13365,100
2785970776186260,287931,65,2805,13365,100
2785970781301154,287931,65,2805,13365,100
2785970786416100,287931,65,2805,13365,100
2785970791531293,287931,65,2805,13365,100
2785970796643462,287931,65,2805,13365,100
2785970801758838,287931,65,2805,13365,100
2785970806872074,287931,65,2805,13365,100
2785970811987193,287931,65,2805,13365,100
2785970817120625,287931,65,2805,13365,100
2785970822232900,287931,65,2805,13365,100
2785970827349039,287931,65,2805,13365,100
2785970832463700,287931,65,2805,13365,100
2785970837579090,287931,65,2805,13365,100
2785970842695259,287931,65,2805,13365,100
2785970847810817,287931,65,2805,13365,100
2785970852926182,287931,65,2805,13365,100
2785970858042622,287931,65,2805,13365,100
2785970863207304,287931,65,2805,13365,100
2785970868328435,287931,65,2805,13365,100
2785970873442487,287931,65,2805,13365,100
2785970878557928,287931,65,2805,13365,100
2785970883672203,287931,65,2805,13365,100
2785970888784958,287931,65,2805,13365,100
2785970893898441,287931,65,2805,13365,100
2785970899031149,287931,65,2805,13365,100
2785970904145409,287931,65,2805,13365,100
2785970909259274,287931,65,2805,13365,100
2785970914373334,287931,65,2805,13365,100
2785970919487519,287931,65,2805,13365,100
2785970924603123,287931,65,2805,13365,100
2785970929718235,287931,65,2805,13365,100
2785970934832551,287931,65,2805,13365,100
2785970939947308,287931,65,2805,13365,100
2785970945087120,287931,65,2805,13365,100
2785970950200949,287931,65,2805,13365,100
2785970955317645,287931,65,2805,13365,100
2785970960434659,287931,65,2805,13365,100
2785970965551573,287931,65,2805,13365,100
2785970970668610,287931,65,2805,13365,100
2785970975783958,287931,65,2805,13365,100
2785970980899737,287931,65,2805,13365,100
2785970986034991,287931,65,2805,13365,100
2785970991148615,287931,65,2805,13365,100
2785970996261783,287931,65,2805,13365,100
2785971001375616,287931,65,2805,13365,100
2785971006488737,287931,65,2805,13365,100
2785971011601733,287931,65,2805,13365,100
2785971016714222,287931,65,2805,13365,100
2785971021826766,287931,65,2805,13365,100
2785971026939051,287931,65,2805,13365,100
2785971032052403,287931,65,2805,13365,100
2785971037164500,287931,65,2805,13365,100
2785971042275890,287931,65,2805,13365,100
2785971047387488,287931,65,2805,13365,100
2785971052498239,287931,65,2805,13365,100
2785971057621549,287931,65,2805,13365,100
2785971062732685,287931,65,2805,13365,100
2785971067844094,287931,65,2805,13365,100
2785971072955996,287931,65,2805,13365,100
2785971078067670,287931,65,2805,13365,100
2785971083180779,287931,65,2805,13365,100
2785971088292463,287931,65,2805,13365,100
2785971093403947,287931,65,2805,13365,100
2785971098515408,287931,65,2805,13365,100
2785971103626941,287931,65,2805,13365,100
2785971108738749,287931,65,2805,13365,100
2785971113850079,287931,65,2805,13365,100
2785971118961850,287931,65,2805,13365,100
2785971124073497,241301,64,2805,13365,100
2785971129185074,241301,64,2805,13365,100
2785971134297371,241301,64,2805,13365,100
2785971139428691,241301,64,2805,13365,100
2785971144539923,241301,64,2805,13365,100
2785971149651496,241301,64,2805,13365,100
2785971154763332,241301,64,2805,13365,100
2785971159874064,241301,64,2805,13365,100
2785971164985889,241301,64,2805,13365,100
2785971170121585,241301,64,2805,13365,100
2785971175232818,241301,64,2805,13365,100
2785971180343888,241301,64,2805,13365,100
2785971185456262,241301,64,2805,13365,100
2785971190568399,241301,64,2805,13365,100
2785971195679836,241301,64,2805,13365,100
2785971200791516,241301,64,2805,13365,100
2785971205902320,241301,64,2805,13365,100
2785971211030181,241301,64,2805,13365,100
2785971216141769,241301,64,2805,13365,100
2785971221252606,241301,64,2805,13365,100
2785971226364662,241301,64,2805,13365,100
2785971231476558,241301,64,2805,13365,100
2785971236588815,241301,64,2805,13365,100
2785971241700811,241301,64,2805,13365,100
2785971246812126,241301,64,2805,13365,100
2785971251923060,241301,64,2805,13365,100
2785971257034235,241301,64,2805,13365,100
2785971262144897,241301,64,2805,13365,100
2785971267273517,241301,64,2805,13365,100
2785971272358506,241301,64,2805,13365,100
2785971277470638,241301,64,2805,13365,100
2785971282581406,241301,64,2805,13365,100
2785971287694103,241301,64,2805,13365,100
2785971292805347,241301,64,2805,13365,100
2785971297931750,241301,64,2805,13365,100
2785971303042732,241301,64,2805,13365,100
2785971308154292,241301,64,2805,13365,100
2785971313264693,241301,64,2805,13365,100
2785971318375601,241301,64,2805,13365,100
2785971323486754,241301,64,2805,13365,100
2785971328597354,241301,64,2805,13365,100
2785971333708139,241301,64,2805,13365,100
2785971338819787,241301,64,2805,13365,100
2785971343930932,241301,64,2805,13365,100
2785971349058632,241301,64,2805,13365,100
2785971354169538,241301,64,2805,13365,100
2785971359280749,241301,64,2805,13365,100
2785971364391809,241301,64,2805,13365,100
2785971369502692,241301,64,2805,13365,100
2785971374614096,241301,64,2805,13365,100
2785971379724974,241301,64,2805,13365,100
2785971384836251,241301,64,2805,13365,100
2785971389948911,241301,64,2805,13365,100
2785971395059892,241301,64,2805,13365,100
2785971400170566,241301,64,2805,13365,100
2785971405282122,241301,64,2805,13365,100
2785971410392916,241301,64,2805,13365,100
2785971415504271,241301,64,2805,13365,100
2785971420615025,241301,64,2805,13365,100
2785971425725802,241301,64,2805,13365,100
2785971430836486,241301,64,2805,13365,100
2785971435947295,241301,64,2805,13365,100
2785971441060395,241301,64,2805,13365,100
2785971446172287,241301,64,2805,13365,100
2785971451283056,241301,64,2805,13365,100
2785971456394534,241301,64,2805,13365,100
2785971461505444,241301,64,2805,13365,100
2785971466616394,241301,64,2805,13365,100
2785971471728242,241301,64,2805,13365,100
2785971476839224,241301,64,2805,13365,100
2785971481950149,241301,64,2805,13365,100
2785971487061103,241301,64,2805,13365,100
2785971492173787,241301,64,2805,13365,100
2785971497284832,241301,64,2805,13365,100
2785971502395316,241301,64,2805,13365,100
2785971507506098,241301,64,2805,13365,100
2785971512617035,241301,64,2805,13365,100
2785971517727909,241301,64,2805,13365,100
2785971522838734,241301,64,2805,13365,100
2785971527949483,241301,64,2805,13365,100
2785971533060431,241301,64,2805,13365,100
2785971538171443,241301,64,2805,13365,100
2785971543284411,241301,64,2805,13365,100
2785971548407980,241301,64,2805,13365,100
2785971553518960,241301,64,2805,13365,100
2785971558629897,241301,64,2805,13365,100
2785971563741093,241301,64,2805,13365,100
2785971568852126,241301,64,2805,13365,100
2785971573963374,241301,64,2805,13365,100
2785971579073742,241301,64,2805,13365,100
2785971584185217,241301,64,2805,13365,100
2785971589296756,241301,64,2805,13365,100
2785971594408568,241301,64,2805,13365,100
2785971599520548,241301,64,2805,13365,100
2785971604632124,241301,64,2805,13365,100
2785971609743809,241301,64,2805,13365,100
2785971614854257,241301,64,2805,13365,100
2785971619964582,240932,64,2805,13365,100
2785971625076350,240932,64,2805,13365,100
2785971630187690,240932,64,2805,13365,100
2785971635298254,240932,64,2805,13365,100
2785971640409560,240932,64,2805,13365,100
2785971645522303,240932,64,2805,13365,100
2785971650633888,240932,64,2805,13365,100
2785971655746244,240932,64,2805,13365,100
2785971660858276,240932,64,2805,13365,100
2785971665969897,240932,64,2805,13365,100
2785971671081470,240932,64,2805,13365,100
2785971676193266,240932,64,2805,13365,100
2785971681306375,240932,64,2805,13365,100
2785971686417899,240932,64,2805,13365,100
2785971691529030,240932,64,2805,13365,100
2785971696642008,240932,64,2805,13365,100
2785971701753512,240932,64,2805,13365,100
2785971706864276,240932,64,2805,13365,100
2785971711975657,240932,64,2805,13365,100
2785971717087185,240932,64,2805,13365,100
2785971722198322,240932,64,2805,13365,100
2785971727309648,240932,64,2805,13365,100
2785971732421191,240932,64,2805,13365,100
2785971737532079,240932,64,2805,13365,100
2785971742643574,240932,64,2805,13365,100
2785971747756732,240932,64,2805,13365,100
2785971752867976,240932,64,2805,13365,100
2785971757979269,240932,64,2805,13365,100
2785971763090553,240932,64,2805,13365,100
2785971768201758,240932,64,2805,13365,100
2785971773313190,240932,64,2805,13365,100
2785971778424243,240932,64,2805,13365,100
2785971783535509,240932,64,2805,13365,100
2785971788646708,240932,64,2805,13365,100
2785971793757924,240932,64,2805,13365,100
2785971798870582,240932,64,2805,13365,100
2785971803981886,240932,64,2805,13365,100
2785971809111045,240932,64,2805,13365,100
2785971814222169,240932,64,2805,13365,100
2785971819333442,240932,64,2805,13365,100
2785971824444774,240932,64,2805,13365,100
2785971829555967,240932,64,2805,13365,100
2785971834667123,240932,64,2805,13365,100
2785971839778856,240932,64,2805,13365,100
2785971844890300,240932,64,2805,13365,100
2785971850022372,240932,64,2805,13365,100
2785971855133885,240932,64,2805,13365,100
2785971860245505,240932,64,2805,13365,100
2785971865356861,240932,64,2805,13365,100
2785971870468017,240932,64,2805,13365,100
2785971875579038,240932,64,2805,13365,100
2785971880690407,240932,64,2805,13365,100
2785971885802091,240932,64,2805,13365,100
2785971890913555,240932,64,2805,13365,100
2785971896024952,240932,64,2805,13365,100
2785971901137524,240932,64,2805,13365,100
2785971906248944,240932,64,2805,13365,100
2785971911360349,240932,64,2805,13365,100
2785971916470904,240932,64,2805,13365,100
2785971921595517,240932,64,2805,13365,100
2785971926707292,240932,64,2805,13365,100
2785971931818339,240932,64,2805,13365,100
2785971936930011,240932,64,2805,13365,100
2785971942041346,240932,64,2805,13365,100
2785971947152750,240932,64,2805,13365,100
2785971952265584,240932,64,2805,13365,100
2785971957376973,240932,64,2805,13365,100
2785971962488117,240932,64,2805,13365,100
2785971967599306,240932,64,2805,13365,100
2785971972710420,240932,64,2805,13365,100
2785971977821637,240932,64,2805,13365,100
2785971982931707,240932,64,2805,13365,100
2785971988043087,240932,64,2805,13365,100
2785971993154319,240932,64,2805,13365,100
2785971998265008,240932,64,2805,13365,100
2785972003394037,240932,64,2805,13365,100
2785972008505269,240932,64,2805,13365,100
2785972013616642,240932,64,2805,13365,100
2785972018727779,240932,64,2805,13365,100
2785972023839289,240932,64,2805,13365,100
2785972028950770,240932,64,2805,13365,100
2785972034062125,240932,64,2805,13365,100
2785972039173447,240932,64,2805,13365,100
2785972044284383,240932,64,2805,13365,100
2785972049395493,240932,64,2805,13365,100
2785972054508292,240932,64,2805,13365,100
2785972059619655,240932,64,2805,13365,100
2785972064730957,240932,64,2805,13365,100
2785972069842449,240932,64,2805,13365,100
2785972074953546,240932,64,2805,13365,100
2785972080064603,240932,64,2805,13365,100
2785972085175909,240932,64,2805,13365,100
2785972090287463,240932,64,2805,13365,100
2785972095398972,240932,64,2805,13365,100
2785972100510188,240932,64,2805,13365,100
2785972105622800,240932,64,2805,13365,100
2785972110734141,240932,64,2805,13365,100
2785972115845554,240932,64,2805,13365,100
2785972120956800,286951,64,2805,13365,100
2785972126067679,286951,64,2805,13365,100
2785972131178707,286951,64,2805,13365,100
2785972136289979,286951,64,2805,13365,100
2785972141400983,286951,64,2805,13365,100
2785972146511250,286951,64,2805,13365,100
2785972151622824,286951,64,2805,13365,100
2785972156735933,286951,64,2805,13365,100
2785972161847293,286951,64,2805,13365,100
2785972166958853,286951,64,2805,13365,100
2785972172070254,286951,64,2805,13365,100
2785972177181502,286951,64,2805,13365,100
2785972182303473,286951,64,2805,13365,100
2785972187414872,286951,64,2805,13365,100
2785972192526084,286951,64,2805,13365,100
2785972197637112,286951,64,2805,13365,100
2785972202748140,286951,64,2805,13365,100
2785972207860709,286951,64,2805,13365,100
2785972212972338,286951,64,2805,13365,100
2785972218083498,286951,64,2805,13365,100
2785972223194738,286951,64,2805,13365,100
2785972228306086,286951,64,2805,13365,100
2785972233417607,286951,64,2805,13365,100
2785972238528816,286951,64,2805,13365,100
2785972243640039,286951,64,2805,13365,100
2785972248751268,286951,64,2805,13365,100
2785972253862497,286951,64,2805,13365,100
2785972258975213,286951,64,2805,13365,100
2785972264086657,286951,64,2805,13365,100
2785972269198097,286951,64,2805,13365,100
2785972274309422,286951,64,2805,13365,100
2785972279422435,286951,64,2805,13365,100
2785972284533559,286951,64,2805,13365,100
2785972289644966,286951,64,2805,13365,100
2785972294756376,286951,64,2805,13365,100
2785972299867473,286951,64,2805,13365,100
2785972304978893,286951,64,2805,13365,100
2785972310091643,286951,64,2805,13365,100
2785972315202838,286951,64,2805,13365,100
2785972320314105,286951,64,2805,13365,100
2785972325425242,286951,64,2805,13365,100
2785972330536475,286951,64,2805,13365,100
2785972335647707,286951,64,2805,13365,100
2785972340758670,286951,64,2805,13365,100
2785972345871092,286951,64,2805,13365,100
2785972350982180,286951,64,2805,13365,100
2785972356109043,286951,64,2805,13365,100
2785972361221669,286951,64,2805,13365,100
2785972366333032,286951,64,2805,13365,100
2785972371444136,286951,64,2805,13365,100
2785972376555021,286951,64,2805,13365,100
2785972381666394,286951,64,2805,13365,100
2785972386777775,286951,64,2805,13365,100
2785972391889076,286951,64,2805,13365,100
2785972397016560,286951,64,2805,13365,100
2785972402127917,286951,64,2805,13365,100
2785972407239105,286951,64,2805,13365,100
2785972412351917,286951,64,2805,13365,100
2785972417463958,286951,64,2805,13365,100
2785972422575140,286951,64,2805,13365,100
2785972427686234,286951,64,2805,13365,100
2785972432797995,286951,64,2805,13365,100
2785972437909448,286951,64,2805,13365,100
2785972443020487,286951,64,2805,13365,100
2785972448132116,286951,64,2805,13365,100
2785972453243805,286951,64,2805,13365,100
2785972458354829,286951,64,2805,13365,100
2785972463467334,286951,64,2805,13365,100
2785972468578594,286951,64,2805,13365,100
2785972473689959,286951,64,2805,13365,100
2785972478801422,286951,64,2805,13365,100
2785972483912979,286951,64,2805,13365,100
2785972489024727,286951,64,2805,13365,100
2785972494136028,286951,64,2805,13365,100
2785972499247296,286951,64,2805,13365,100
2785972504358753,286951,64,2805,13365,100
2785972509470149,286951,64,2805,13365,100
2785972514582807,286951,64,2805,13365,100
2785972519694034,286951,64,2805,13365,100
2785972524805198,286951,64,2805,13365,100
2785972529916919,286951,64,2805,13365,100
2785972535028345,286951,64,2805,13365,100
2785972540139804,286951,64,2805,13365,100
2785972545250954,286951,64,2805,13365,100
2785972550362096,286951,64,2805,13365,100
2785972555473284,286951,64,2805,13365,100
2785972560584421,286951,64,2805,13365,100
2785972565697238,286951,64,2805,13365,100
2785972570808478,286951,64,2805,13365,100
2785972575919607,286951,64,2805,13365,100
2785972581030775,286951,64,2805,13365,100
2785972586141856,286951,64,2805,13365,100
2785972591253059,286951,64,2805,13365,100
2785972596364444,286951,64,2805,13365,100
2785972601475535,286951,64,2805,13365,100
2785972606586452,286951,64,2805,13365,100
2785972611697749,286951,64,2805,13365,100
2785972616810330,286951,64,2805,13365,100
2785972621921387,287318,64,2805,13365,100
2785972627032691,287318,64,2805,13365,100
2785972632143994,287318,64,2805,13365,100
2785972637255273,287318,64,2805,13365,100
2785972642372340,287318,64,2805,13365,100
2785972647483136,287318,64,2805,13365,100
2785972652594713,287318,64,2805,13365,100
2785972657723033,287318,64,2805,13365,100
2785972662834573,287318,64,2805,13365,100
2785972667947078,287318,64,2805,13365,100
2785972673058054,287318,64,2805,13365,100
2785972678169561,287318,64,2805,13365,100
2785972683280887,287318,64,2805,13365,100
2785972688392955,287318,64,2805,13365,100
2785972693504132,287318,64,2805,13365,100
2785972698615090,287318,64,2805,13365,100
2785972703726441,287318,64,2805,13365,100
2785972708837937,287318,64,2805,13365,100
2785972713948979,287318,64,2805,13365,100
2785972719061762,287318,64,2805,13365,100
2785972724173059,287318,64,2805,13365,100
2785972729284283,287318,64,2805,13365,100
2785972734395515,287318,64,2805,13365,100
2785972739506728,287318,64,2805,13365,100
2785972744618098,287318,64,2805,13365,100
2785972749729592,287318,64,2805,13365,100
2785972754840920,287318,64,2805,13365,100
2785972759952065,287318,64,2805,13365,100
2785972765063418,287318,64,2805,13365,100
2785972770176210,287318,64,2805,13365,100
2785972775287390,287318,64,2805,13365,100
2785972780398597,287318,64,2805,13365,100
2785972785511099,287318,64,2805,13365,100
2785972790622427,287318,64,2805,13365,100
2785972795733592,287318,64,2805,13365,100
2785972800844876,287318,64,2805,13365,100
2785972805955661,287318,64,2805,13365,100
2785972811067175,287318,64,2805,13365,100
2785972816178442,287318,64,2805,13365,100
2785972821291190,287318,64,2805,13365,100
2785972826402623,287318,64,2805,13365,100
2785972831513783,287318,64,2805,13365,100
2785972836624987,287318,64,2805,13365,100
2785972841736944,287318,64,2805,13365,100
2785972846848688,287318,64,2805,13365,100
2785972851959971,287318,64,2805,13365,100
2785972857071501,287318,64,2805,13365,100
2785972862182785,287318,64,2805,13365,100
2785972867294134,287318,64,2805,13365,100
2785972872406916,287318,64,2805,13365,100
2785972877518646,287318,64,2805,13365,100
2785972882629927,287318,64,2805,13365,100
2785972887741304,287318,64,2805,13365,100
2785972892852764,287318,64,2805,13365,100
2785972897964058,287318,64,2805,13365,100
2785972903075213,287318,64,2805,13365,100
2785972908186507,287318,64,2805,13365,100
2785972913298204,287318,64,2805,13365,100
2785972918409788,287318,64,2805,13365,100
2785972923521993,287318,64,2805,13365,100
2785972928633123,287318,64,2805,13365,100
2785972933744387,287318,64,2805,13365,100
2785972938855652,287318,64,2805,13365,100
2785972943967456,287318,64,2805,13365,100
2785972949078597,287318,64,2805,13365,100
2785972954189769,287318,64,2805,13365,100
2785972959301177,287318,64,2805,13365,100
2785972964412681,287318,64,2805,13365,100
2785972969524282,287318,64,2805,13365,100
2785972974635650,287318,64,2805,13365,100
2785972979747151,287318,64,2805,13365,100
2785972984858440,287318,64,2805,13365,100
2785972989970012,287318,64,2805,13365,100
2785972995081360,287318,64,2805,13365,100
2785973000192912,287318,64,2805,13365,100
2785973005304641,287318,64,2805,13365,100
2785973010416121,287318,64,2805,13365,100
2785973015527385,287318,64,2805,13365,100
2785973020638875,287318,64,2805,13365,100
2785973025751903,287318,64,2805,13365,100
2785973030863235,287318,64,2805,13365,100
2785973035974399,287318,64,2805,13365,100
2785973041085788,287318,64,2805,13365,100
2785973046197097,287318,64,2805,13365,100
2785973051308312,287318,64,2805,13365,100
2785973056419373,287318,64,2805,13365,100
2785973061530261,287318,64,2805,13365,100
2785973066641650,287318,64,2805,13365,100
2785973071752681,287318,64,2805,13365,100
2785973076865179,287318,64,2805,13365,100
2785973081976519,287318,64,2805,13365,100
2785973087087734,287318,64,2805,13365,100
2785973092198916,287318,64,2805,13365,100
2785973097310488,287318,64,2805,13365,100
2785973102421917,287318,64,2805,13365,100
2785973107532912,287318,64,2805,13365,100
2785973112644209,287318,64,2805,13365,100
2785973117755528,287318,64,2805,13365,100
2785973122866714,287309,65,2805,13365,100
2785973127979667,287309,65,2805,13365,100
2785973133091115,287309,65,2805,13365,100
2785973138202412,287309,65,2805,13365,100
2785973143313812,287309,65,2805,13365,100
2785973148425096,287309,65,2805,13365,100
2785973153535201,287309,65,2805,13365,100
2785973158646225,287309,65,2805,13365,100
2785973163757313,287309,65,2805,13365,100
2785973168868226,287309,65,2805,13365,100
2785973173979531,287309,65,2805,13365,100
2785973179091847,287309,65,2805,13365,100
2785973184202998,287309,65,2805,13365,100
2785973189314342,287309,65,2805,13365,100
2785973194425785,287309,65,2805,13365,100
2785973199536971,287309,65,2805,13365,100
2785973204647975,287309,65,2805,13365,100
2785973209759346,287309,65,2805,13365,100
2785973214870244,287309,65,2805,13365,100
2785973219981274,287309,65,2805,13365,100
2785973225092755,287309,65,2805,13365,100
2785973230205439,287309,65,2805,13365,100
2785973235316668,287309,65,2805,13365,100
2785973240428341,287309,65,2805,13365,100
2785973245539725,287309,65,2805,13365,100
2785973250651008,287309,65,2805,13365,100
2785973255762420,287309,65,2805,13365,100
2785973260873474,287309,65,2805,13365,100
2785973265984618,287309,65,2805,13365,100
2785973271112538,287309,65,2805,13365,100
2785973276223679,287309,65,2805,13365,100
2785973281336411,287309,65,2805,13365,100
2785973286447215,287309,65,2805,13365,100
2785973291558324,287309,65,2805,13365,100
2785973296669549,287309,65,2805,13365,100
2785973301780961,287309,65,2805,13365,100
2785973306891889,287309,65,2805,13365,100
2785973312018994,287309,65,2805,13365,100
2785973317130162,287309,65,2805,13365,100
2785973322241266,287309,65,2805,13365,100
2785973327352363,287309,65,2805,13365,100
2785973332465207,287309,65,2805,13365,100
2785973337576352,287309,65,2805,13365,100
2785973342691439,287309,65,2805,13365,100
2785973347802704,287309,65,2805,13365,100
2785973352913801,287309,65,2805,13365,100
2785973358024873,287309,65,2805,13365,100
2785973363136146,287309,65,2805,13365,100
2785973368247056,287309,65,2805,13365,100
2785973373357830,287309,65,2805,13365,100
2785973378469167,287309,65,2805,13365,100
2785973383581804,287309,65,2805,13365,100
2785973388693180,287309,65,2805,13365,100
2785973393804052,287309,65,2805,13365,100
2785973398915332,287309,65,2805,13365,100
2785973404026687,287309,65,2805,13365,100
2785973409137698,287309,65,2805,13365,100
2785973414248966,287309,65,2805,13365,100
2785973419360470,287309,65,2805,13365,100
2785973424471785,287309,65,2805,13365,100
2785973429583339,287309,65,2805,13365,100
2785973434696503,287309,65,2805,13365,100
2785973439807820,287309,65,2805,13365,100
2785973444918912,287309,65,2805,13365,100
2785973450029989,287309,65,2805,13365,100
2785973455141539,287309,65,2805,13365,100
2785973460253103,287309,65,2805,13365,100
2785973465364050,287309,65,2805,13365,100
2785973470475359,287309,65,2805,13365,100
2785973475586662,287309,65,2805,13365,100
2785973480697619,287309,65,2805,13365,100
2785973485810748,287309,65,2805,13365,100
2785973490922222,287309,65,2805,13365,100
2785973496034000,287309,65,2805,13365,100
2785973501145541,287309,65,2805,13365,100
2785973506256741,287309,65,2805,13365,100
2785973511367900,287309,65,2805,13365,100
2785973516478834,287309,65,2805,13365,100
2785973521589798,287309,65,2805,13365,100
2785973526700807,287309,65,2805,13365,100
2785973531812178,287309,65,2805,13365,100
2785973536924956,287309,65,2805,13365,100
2785973542036287,287309,65,2805,13365,100
2785973547147524,287309,65,2805,13365,100
2785973552258897,287309,65,2805,13365,100
2785973557370460,287309,65,2805,13365,100
2785973562491344,287309,65,2805,13365,100
2785973567602490,287309,65,2805,13365,100
2785973572713486,287309,65,2805,13365,100
2785973577824423,287309,65,2805,13365,100
2785973582935576,287309,65,2805,13365,100
2785973588048508,287309,65,2805,13365,100
2785973593160860,287309,65,2805,13365,100
2785973598272245,287309,65,2805,13365,100
2785973603383381,287309,65,2805,13365,100
2785973608494831,287309,65,2805,13365,100
2785973613605988,287309,65,2805,13365,100
2785973618717546,287309,65,2805,13365,100
2785973623829003,287346,64,2805,13365,100
2785973628938969,287346,64,2805,13365,100
2785973634050324,287346,64,2805,13365,100
2785973639163088,287346,64,2805,13365,100
2785973644274968,287346,64,2805,13365,100
2785973649386492,287346,64,2805,13365,100
2785973654497882,287346,64,2805,13365,100
2785973659609158,287346,64,2805,13365,100
2785973664720852,287346,64,2805,13365,100
2785973669832399,287346,64,2805,13365,100
2785973674943819,287346,64,2805,13365,100
2785973680055120,287346,64,2805,13365,100
2785973685166228,287346,64,2805,13365,100
2785973690278769,287346,64,2805,13365,100
2785973695390359,287346,64,2805,13365,100
2785973700501393,287346,64,2805,13365,100
2785973705612970,287346,64,2805,13365,100
2785973710724326,287346,64,2805,13365,100
2785973715835751,287346,64,2805,13365,100
2785973720947050,287346,64,2805,13365,100
2785973726058387,287346,64,2805,13365,100
2785973731170203,287346,64,2805,13365,100
2785973736281164,287346,64,2805,13365,100
2785973741393808,287346,64,2805,13365,100
2785973746505181,287346,64,2805,13365,100
2785973751616333,287346,64,2805,13365,100
2785973756727741,287346,64,2805,13365,100
2785973761838164,287346,64,2805,13365,100
2785973766949721,287346,64,2805,13365,100
2785973772061845,287346,64,2805,13365,100
2785973777172535,287346,64,2805,13365,100
2785973782284172,287346,64,2805,13365,100
2785973787395796,287346,64,2805,13365,100
2785973792508377,287346,64,2805,13365,100
2785973797619565,287346,64,2805,13365,100
2785973802730917,287346,64,2805,13365,100
2785973807842474,287346,64,2805,13365,100
2785973812955062,287346,64,2805,13365,100
2785973818066474,287346,64,2805,13365,100
2785973823177687,287346,64,2805,13365,100
2785973828288732,287346,64,2805,13365,100
2785973833401478,287346,64,2805,13365,100
2785973838515677,287346,64,2805,13365,100
2785973843629136,287346,64,2805,13365,100
2785973848740941,287346,64,2805,13365,100
2785973853852090,287346,64,2805,13365,100
2785973858963378,287346,64,2805,13365,100
2785973864075054,287346,64,2805,13365,100
2785973869187842,287346,64,2805,13365,100
2785973874299199,287346,64,2805,13365,100
2785973879409887,287346,64,2805,13365,100
2785973884520702,287346,64,2805,13365,100
2785973889631961,287346,64,2805,13365,100
2785973894744713,287346,64,2805,13365,100
2785973899856315,287346,64,2805,13365,100
2785973904967609,287346,64,2805,13365,100
2785973910078866,287346,64,2805,13365,100
2785973915190162,287346,64,2805,13365,100
2785973920301013,287346,64,2805,13365,100
2785973925412238,287346,64,2805,13365,100
2785973930523611,287346,64,2805,13365,100
2785973935634984,287346,64,2805,13365,100
2785973940746420,287346,64,2805,13365,100
2785973945859075,287346,64,2805,13365,100
2785973950970801,287346,64,2805,13365,100
2785973956082173,287346,64,2805,13365,100
2785973961193370,287346,64,2805,13365,100
2785973966322451,287346,64,2805,13365,100
2785973971433791,287346,64,2805,13365,100
2785973976544989,287346,64,2805,13365,100
2785973981656056,287346,64,2805,13365,100
2785973986767180,287346,64,2805,13365,100
2785973991878295,287346,64,2805,13365,100
2785973996991039,287346,64,2805,13365,100
2785974002119233,287346,64,2805,13365,100
2785974007242762,287346,64,2805,13365,100
2785974012354014,287346,64,2805,13365,100
2785974017465410,287346,64,2805,13365,100
2785974022576427,287346,64,2805,13365,100
2785974027687485,287346,64,2805,13365,100
2785974032799404,287346,64,2805,13365,100
2785974037910169,287346,64,2805,13365,100
2785974043021601,287346,64,2805,13365,100
2785974048133963,287346,64,2805,13365,100
2785974053245542,287346,64,2805,13365,100
2785974058356705,287346,64,2805,13365,100
2785974063467796,287346,64,2805,13365,100
2785974068578774,287346,64,2805,13365,100
2785974073710467,287346,64,2805,13365,100
2785974078821997,287346,64,2805,13365,100
2785974083933407,287346,64,2805,13365,100
2785974089044813,287346,64,2805,13365,100
2785974094155943,287346,64,2805,13365,100
2785974099268560,287346,64,2805,13365,100
2785974104379939,287346,64,2805,13365,100
2785974109491185,287346,64,2805,13365,100
2785974114602942,287346,64,2805,13365,100
2785974119714331,287346,64,2805,13365,100
2785974124825547,287308,64,2805,13365,100
2785974129936895,287308,64,2805,13365,100
2785974135048326,287308,64,2805,13365,100
2785974140159596,287308,64,2805,13365,100
2785974145271073,287308,64,2805,13365,100
2785974150383971,287308,64,2805,13365,100
2785974155495216,287308,64,2805,13365,100
2785974160606110,287308,64,2805,13365,100
2785974165717279,287308,64,2805,13365,100
2785974170828511,287308,64,2805,13365,100
2785974175939583,287308,64,2805,13365,100
2785974181051307,287308,64,2805,13365,100
2785974186162216,287308,64,2805,13365,100
2785974191273467,287308,64,2805,13365,100
2785974196384497,287308,64,2805,13365,100
2785974201496925,287308,64,2805,13365,100
2785974206608002,287308,64,2805,13365,100
2785974211719158,287308,64,2805,13365,100
2785974216830489,287308,64,2805,13365,100
2785974221941855,287308,64,2805,13365,100
2785974227053271,287308,64,2805,13365,100
2785974232164464,287308,64,2805,13365,100
2785974237275584,287308,64,2805,13365,100
2785974242386740,287308,64,2805,13365,100
2785974247498285,287308,64,2805,13365,100
2785974252610840,287308,64,2805,13365,100
2785974257722098,287308,64,2805,13365,100
2785974262833415,287308,64,2805,13365,100
2785974267944426,287308,64,2805,13365,100
2785974273055771,287308,64,2805,13365,100
2785974278167256,287308,64,2805,13365,100
2785974283278804,287308,64,2805,13365,100
2785974288389710,287308,64,2805,13365,100
2785974293500548,287308,64,2805,13365,100
2785974298611825,287308,64,2805,13365,100
2785974303724153,287308,64,2805,13365,100
2785974308835668,287308,64,2805,13365,100
2785974313946594,287308,64,2805,13365,100
2785974319057826,287308,64,2805,13365,100
2785974324168423,287308,64,2805,13365,100
2785974329279339,287308,64,2805,13365,100
2785974334390384,287308,64,2805,13365,100
2785974339501713,287308,64,2805,13365,100
2785974344613289,287308,64,2805,13365,100
2785974349724513,287308,64,2805,13365,100
2785974354837182,287308,64,2805,13365,100
2785974359949958,287308,64,2805,13365,100
2785974365061286,287308,64,2805,13365,100
2785974370172649,287308,64,2805,13365,100
2785974375283811,287308,64,2805,13365,100
2785974380395103,287308,64,2805,13365,100
2785974385506114,287308,64,2805,13365,100
2785974390617493,287308,64,2805,13365,100
2785974395728993,287308,64,2805,13365,100
2785974400839853,287308,64,2805,13365,100
2785974405952512,287308,64,2805,13365,100
2785974411063730,287308,64,2805,13365,100
2785974416175119,287308,64,2805,13365,100
2785974421286783,287308,64,2805,13365,100
2785974426398515,287308,64,2805,13365,100
2785974431509804,287308,64,2805,13365,100
2785974436621688,287308,64,2805,13365,100
2785974441733001,287308,64,2805,13365,100
2785974446844105,287308,64,2805,13365,100
2785974451955341,287308,64,2805,13365,100
2785974457069284,287308,64,2805,13365,100
2785974462180768,287308,64,2805,13365,100
2785974467291883,287308,64,2805,13365,100
2785974472402971,287308,64,2805,13365,100
2785974477514276,287308,64,2805,13365,100
2785974482625358,287308,64,2805,13365,100
2785974487737205,287308,64,2805,13365,100
2785974492848493,287308,64,2805,13365,100
2785974497959630,287308,64,2805,13365,100
2785974503071002,287308,64,2805,13365,100
2785974508183470,287308,64,2805,13365,100
2785974513294827,287308,64,2805,13365,100
2785974518406079,287308,64,2805,13365,100
2785974523517981,287308,64,2805,13365,100
2785974528629056,287308,64,2805,13365,100
2785974533740100,287308,64,2805,13365,100
2785974538851261,287308,64,2805,13365,100
2785974543962605,287308,64,2805,13365,100
2785974549073865,287308,64,2805,13365,100
2785974554184978,287308,64,2805,13365,100
2785974559297584,287308,64,2805,13365,100
2785974564408929,287308,64,2805,13365,100
2785974569520053,287308,64,2805,13365,100
2785974574631431,287308,64,2805,13365,100
2785974579747342,287308,64,2805,13365,100
2785974584858501,287308,64,2805,13365,100
2785974589969349,287308,64,2805,13365,100
2785974595080453,287308,64,2805,13365,100
2785974600173598,287308,64,2805,13365,100
2785974605284639,287308,64,2805,13365,100
2785974610397538,287308,64,2805,13365,100
2785974615509079,287308,64,2805,13365,100
2785974620636857,287296,64,2805,13365,100
2785974625748575,287296,64,2805,13365,100
2785974630859644,287296,64,2805,13365,100
2785974635971089,287296,64,2805,13365,100
2785974641082309,287296,64,2805,13365,100
2785974646194281,287296,64,2805,13365,100
2785974651306002,287296,64,2805,13365,100
2785974656417666,287296,64,2805,13365,100
2785974661530793,287296,64,2805,13365,100
2785974666642930,287296,64,2805,13365,100
2785974671754745,287296,64,2805,13365,100
2785974676866232,287296,64,2805,13365,100
2785974681977740,287296,64,2805,13365,100
2785974687089264,287296,64,2805,13365,100
2785974692200687,287296,64,2805,13365,100
2785974697312051,287296,64,2805,13365,100
2785974702422782,287296,64,2805,13365,100
2785974707533991,287296,64,2805,13365,100
2785974712647036,287296,64,2805,13365,100
2785974717758859,287296,64,2805,13365,100
2785974722870108,287296,64,2805,13365,100
2785974727981170,287296,64,2805,13365,100
2785974733092689,287296,64,2805,13365,100
2785974738203841,287296,64,2805,13365,100
2785974743315205,287296,64,2805,13365,100
2785974748426175,287296,64,2805,13365,100
2785974753537578,287296,64,2805,13365,100
2785974758648955,287296,64,2805,13365,100
2785974763761915,287296,64,2805,13365,100
2785974768872873,287296,64,2805,13365,100
2785974773984510,287296,64,2805,13365,100
2785974779113120,287296,64,2805,13365,100
2785974784224144,287296,64,2805,13365,100
2785974789335263,287296,64,2805,13365,100
2785974794446689,287296,64,2805,13365,100
2785974799558090,287296,64,2805,13365,100
2785974804668946,287296,64,2805,13365,100
2785974809780961,287296,64,2805,13365,100
2785974814893480,287296,64,2805,13365,100
2785974820021204,287296,64,2805,13365,100
2785974825132643,287296,64,2805,13365,100
2785974830243996,287296,64,2805,13365,100
2785974835355101,287296,64,2805,13365,100
2785974840466573,287296,64,2805,13365,100
2785974845578451,287296,64,2805,13365,100
2785974850689761,287296,64,2805,13365,100
2785974855801578,287296,64,2805,13365,100
2785974860913083,287296,64,2805,13365,100
2785974866025991,287296,64,2805,13365,100
2785974871137353,287296,64,2805,13365,100
2785974876248378,287296,64,2805,13365,100
2785974881359592,287296,64,2805,13365,100
2785974886471525,287296,64,2805,13365,100
2785974891582884,287296,64,2805,13365,100
2785974896694215,287296,64,2805,13365,100
2785974901805480,287296,64,2805,13365,100
2785974906933566,287296,64,2805,13365,100
2785974912044798,287296,64,2805,13365,100
2785974917157346,287296,64,2805,13365,100
2785974922268747,287296,64,2805,13365,100
2785974927379904,287296,64,2805,13365,100
2785974932491156,287296,64,2805,13365,100
2785974937602560,287296,64,2805,13365,100
2785974942732213,287296,64,2805,13365,100
2785974947843539,287296,64,2805,13365,100
2785974952955093,287296,64,2805,13365,100
2785974958066518,287296,64,2805,13365,100
2785974963177826,287296,64,2805,13365,100
2785974968290725,287296,64,2805,13365,100
2785974973401975,287296,64,2805,13365,100
2785974978513219,287296,64,2805,13365,100
2785974983624500,287296,64,2805,13365,100
2785974988736048,287296,64,2805,13365,100
2785974993847193,287296,64,2805,13365,100
2785974998958453,287296,64,2805,13365,100
2785975004069770,287296,64,2805,13365,100
2785975009181474,287296,64,2805,13365,100
2785975014292663,287296,64,2805,13365,100
2785975019405671,287296,64,2805,13365,100
2785975024517064,287296,64,2805,13365,100
2785975029628330,287296,64,2805,13365,100
2785975034739620,287296,64,2805,13365,100
2785975039850608,287296,64,2805,13365,100
2785975044961923,287296,64,2805,13365,100
2785975050073261,287296,64,2805,13365,100
2785975055184998,287296,64,2805,13365,100
2785975060296246,287296,64,2805,13365,100
2785975065407390,287296,64,2805,13365,100
2785975070520275,287296,64,2805,13365,100
2785975075631415,287296,64,2805,13365,100
2785975080742576,287296,64,2805,13365,100
2785975085854572,287296,64,2805,13365,100
2785975090965896,287296,64,2805,13365,100
2785975096077067,287296,64,2805,13365,100
2785975101188321,287296,64,2805,13365,100
2785975106299226,287296,64,2805,13365,100
2785975111410363,287296,64,2805,13365,100
2785975116520935,287296,64,2805,13365,100
2785975121633843,287028,64,2805,13365,100
2785975126744827,287028,64,2805,13365,100
2785975131856273,287028,64,2805,13365,100
2785975136967436,287028,64,2805,13365,100
2785975142078777,287028,64,2805,13365,100
2785975147190037,287028,64,2805,13365,100
2785975152301294,287028,64,2805,13365,100
2785975157412590,287028,64,2805,13365,100
2785975162523972,287028,64,2805,13365,100
2785975167635349,287028,64,2805,13365,100
2785975172748123,287028,64,2805,13365,100
2785975177859116,287028,64,2805,13365,100
2785975182969176,287028,64,2805,13365,100
2785975188080675,287028,64,2805,13365,100
2785975193191871,287028,64,2805,13365,100
2785975198302876,287028,64,2805,13365,100
2785975203414128,287028,64,2805,13365,100
2785975208520847,287028,64,2805,13365,100
2785975213632119,287028,64,2805,13365,100
2785975218743461,287028,64,2805,13365,100
2785975223856100,287028,64,2805,13365,100
2785975228967532,287028,64,2805,13365,100
2785975234088707,287028,64,2805,13365,100
2785975239199600,287028,64,2805,13365,100
2785975244311461,287028,64,2805,13365,100
2785975249422662,287028,64,2805,13365,100
2785975254533918,287028,64,2805,13365,100
2785975259645198,287028,64,2805,13365,100
2785975264756506,287028,64,2805,13365,100
2785975269867579,287028,64,2805,13365,100
2785975274996971,287028,64,2805,13365,100
2785975280128514,287028,64,2805,13365,100
2785975285239591,287028,64,2805,13365,100
2785975290351117,287028,64,2805,13365,100
2785975295461889,287028,64,2805,13365,100
2785975300573029,287028,64,2805,13365,100
2785975305684376,287028,64,2805,13365,100
2785975310795938,287028,64,2805,13365,100
2785975315907585,287028,64,2805,13365,100
2785975321018783,287028,64,2805,13365,100
2785975326147360,287028,64,2805,13365,100
2785975331258596,287028,64,2805,13365,100
2785975336369496,287028,64,2805,13365,100
2785975341479417,287028,64,2805,13365,100
2785975346590398,287028,64,2805,13365,100
2785975351714841,287028,64,2805,13365,100
2785975356826020,287028,64,2805,13365,100
2785975361937317,287028,64,2805,13365,100
2785975367048290,287028,64,2805,13365,100
2785975372159775,287028,64,2805,13365,100
2785975377272784,287028,64,2805,13365,100
2785975382383724,287028,64,2805,13365,100
2785975387494920,287028,64,2805,13365,100
2785975392606103,287028,64,2805,13365,100
2785975397717161,287028,64,2805,13365,100
2785975402828101,287028,64,2805,13365,100
2785975407939584,287028,64,2805,13365,100
2785975413050986,287028,64,2805,13365,100
2785975418163138,287028,64,2805,13365,100
2785975423275139,287028,64,2805,13365,100
2785975428387783,287028,64,2805,13365,100
2785975433499126,287028,64,2805,13365,100
2785975438610376,287028,64,2805,13365,100
2785975443722007,287028,64,2805,13365,100
2785975448833061,287028,64,2805,13365,100
2785975453945090,287028,64,2805,13365,100
2785975459056290,287028,64,2805,13365,100
2785975464167218,287028,64,2805,13365,100
2785975469278331,287028,64,2805,13365,100
2785975474390023,287028,64,2805,13365,100
2785975479503180,287028,64,2805,13365,100
2785975484614416,287028,64,2805,13365,100
2785975489726065,287028,64,2805,13365,100
2785975494836971,287028,64,2805,13365,100
2785975499948241,287028,64,2805,13365,100
2785975505059766,287028,64,2805,13365,100
2785975510170925,287028,64,2805,13365,100
2785975515281998,287028,64,2805,13365,100
2785975520393463,287028,64,2805,13365,100
2785975525505045,287028,64,2805,13365,100
2785975530617788,287028,64,2805,13365,100
2785975535729305,287028,64,2805,13365,100
2785975540841313,287028,64,2805,13365,100
2785975545952737,287028,64,2805,13365,100
2785975551064089,287028,64,2805,13365,100
2785975556175324,287028,64,2805,13365,100
2785975561286709,287028,64,2805,13365,100
2785975566398033,287028,64,2805,13365,100
2785975571509079,287028,64,2805,13365,100
2785975576620371,287028,64,2805,13365,100
2785975581733296,287028,64,2805,13365,100
2785975586844676,287028,64,2805,13365,100
2785975591956183,287028,64,2805,13365,100
2785975597067438,287028,64,2805,13365,100
2785975602178866,287028,64,2805,13365,100
2785975607290008,287028,64,2805,13365,100
2785975612401207,287028,64,2805,13365,100
2785975617512599,287028,64,2805,13365,100
2785975622623920,286925,64,2805,13365,100
2785975627753188,286925,64,2805,13365,100
2785975632865740,286925,64,2805,13365,100
2785975637977113,286925,64,2805,13365,100
2785975643088597,286925,64,2805,13365,100
2785975648200277,286925,64,2805,13365,100
2785975653311556,286925,64,2805,13365,100
2785975658422594,286925,64,2805,13365,100
2785975663534023,286925,64,2805,13365,100
2785975668645649,286925,64,2805,13365,100
2785975673756666,286925,64,2805,13365,100
2785975678867738,286925,64,2805,13365,100
2785975683980493,286925,64,2805,13365,100
2785975689091741,286925,64,2805,13365,100
2785975694203031,286925,64,2805,13365,100
2785975699314777,286925,64,2805,13365,100
2785975704425942,286925,64,2805,13365,100
2785975709537257,286925,64,2805,13365,100
2785975714648534,286925,64,2805,13365,100
2785975719759331,286925,64,2805,13365,100
2785975724870436,286925,64,2805,13365,100
2785975729981764,286925,64,2805,13365,100
2785975735110364,286925,64,2805,13365,100
2785975740221303,286925,64,2805,13365,100
2785975745332353,286925,64,2805,13365,100
2785975750443712,286925,64,2805,13365,100
2785975755555102,286925,64,2805,13365,100
2785975760666601,286925,64,2805,13365,100
2785975765779163,286925,64,2805,13365,100
2785975770890444,286925,64,2805,13365,100
2785975776019899,286925,64,2805,13365,100
2785975781130984,286925,64,2805,13365,100
2785975786243744,286925,64,2805,13365,100
2785975791354745,286925,64,2805,13365,100
2785975796466133,286925,64,2805,13365,100
2785975801577442,286925,64,2805,13365,100
2785975806688600,286925,64,2805,13365,100
2785975811800106,286925,64,2805,13365,100
2785975816911559,286925,64,2805,13365,100
2785975822022653,286925,64,2805,13365,100
2785975827134065,286925,64,2805,13365,100
2785975832245280,286925,64,2805,13365,100
2785975837357907,286925,64,2805,13365,100
2785975842469181,286925,64,2805,13365,100
2785975847580457,286925,64,2805,13365,100
2785975852691725,286925,64,2805,13365,100
2785975857803104,286925,64,2805,13365,100
2785975862914211,286925,64,2805,13365,100
2785975868026286,286925,64,2805,13365,100
2785975873137403,286925,64,2805,13365,100
2785975878248764,286925,64,2805,13365,100
2785975883360084,286925,64,2805,13365,100
2785975888472780,286925,64,2805,13365,100
2785975893583805,286925,64,2805,13365,100
2785975898695334,286925,64,2805,13365,100
2785975903806570,286925,64,2805,13365,100
2785975908917618,286925,64,2805,13365,100
2785975914028701,286925,64,2805,13365,100
2785975919139717,286925,64,2805,13365,100
2785975924251127,286925,64,2805,13365,100
2785975929377495,286925,64,2805,13365,100
2785975934488805,286925,64,2805,13365,100
2785975939594737,286925,64,2805,13365,100
2785975944705897,286925,64,2805,13365,100
2785975949816944,286925,64,2805,13365,100
2785975954928234,286925,64,2805,13365,100
2785975960039758,286925,64,2805,13365,100
2785975965151105,286925,64,2805,13365,100
2785975970262151,286925,64,2805,13365,100
2785975975373279,286925,64,2805,13365,100
2785975980484604,286925,64,2805,13365,100
2785975985596033,286925,64,2805,13365,100
2785975990708689,286925,64,2805,13365,100
2785975995818713,286925,64,2805,13365,100
2785976000930161,286925,64,2805,13365,100
2785976006041290,286925,64,2805,13365,100
2785976011152606,286925,64,2805,13365,100
2785976016263851,286925,64,2805,13365,100
2785976021375284,286925,64,2805,13365,100
2785976026486492,286925,64,2805,13365,100
2785976031597493,286925,64,2805,13365,100
2785976036708819,286925,64,2805,13365,100
2785976041821731,286925,64,2805,13365,100
2785976046933170,286925,64,2805,13365,100
2785976052044505,286925,64,2805,13365,100
2785976057155830,286925,64,2805,13365,100
2785976062267227,286925,64,2805,13365,100
2785976067378405,286925,64,2805,13365,100
2785976072489397,286925,64,2805,13365,100
2785976077600732,286925,64,2805,13365,100
2785976082712918,286925,64,2805,13365,100
2785976087832217,286925,64,2805,13365,100
2785976092944927,286925,64,2805,13365,100
2785976098056166,286925,64,2805,13365,100
2785976103167442,286925,64,2805,13365,100
2785976108278795,286925,64,2805,13365,100
2785976113389683,286925,64,2805,13365,100
2785976118501235,286925,64,2805,13365,100
2785976123613996,286775,64,2805,13365,100
2785976128725056,286775,64,2805,13365,100
2785976133836436,286775,64,2805,13365,100
2785976138947525,286775,64,2805,13365,100
2785976144060225,286775,64,2805,13365,100
2785976149171496,286775,64,2805,13365,100
2785976154282782,286775,64,2805,13365,100
2785976159393730,286775,64,2805,13365,100
2785976164504931,286775,64,2805,13365,100
2785976169615841,286775,64,2805,13365,100
2785976174727152,286775,64,2805,13365,100
2785976179838580,286775,64,2805,13365,100
2785976184949756,286775,64,2805,13365,100
2785976190060805,286775,64,2805,13365,100
2785976195173610,286775,64,2805,13365,100
2785976200284986,286775,64,2805,13365,100
2785976205396219,286775,64,2805,13365,100
2785976210507311,286775,64,2805,13365,100
2785976215618575,286775,64,2805,13365,100
2785976220729943,286775,64,2805,13365,100
2785976225840970,286775,64,2805,13365,100
2785976230952014,286775,64,2805,13365,100
2785976236063231,286775,64,2805,13365,100
2785976241174330,286775,64,2805,13365,100
2785976246287658,286775,64,2805,13365,100
2785976251398844,286775,64,2805,13365,100
2785976256509863,286775,64,2805,13365,100
2785976261621166,286775,64,2805,13365,100
2785976266732312,286775,64,2805,13365,100
2785976271843415,286775,64,2805,13365,100
2785976276954712,286775,64,2805,13365,100
2785976282065993,286775,64,2805,13365,100
2785976287177275,286775,64,2805,13365,100
2785976292288619,286775,64,2805,13365,100
2785976297401112,286775,64,2805,13365,100
2785976302512618,286775,64,2805,13365,100
2785976307623486,286775,64,2805,13365,100
2785976312734237,286775,64,2805,13365,100
2785976317846049,286775,64,2805,13365,100
2785976322957280,286775,64,2805,13365,100
2785976328071816,286775,64,2805,13365,100
2785976333182913,286775,64,2805,13365,100
2785976338294213,286775,64,2805,13365,100
2785976343405244,286775,64,2805,13365,100
2785976348517028,286775,64,2805,13365,100
2785976353628232,286775,64,2805,13365,100
2785976358739450,286775,64,2805,13365,100
2785976363850849,286775,64,2805,13365,100
2785976368961735,286775,64,2805,13365,100
2785976374072910,286775,64,2805,13365,100
2785976379184340,286775,64,2805,13365,100
2785976384295459,286775,64,2805,13365,100
2785976389406791,286775,64,2805,13365,100
2785976394517737,286775,64,2805,13365,100
2785976399630414,286775,64,2805,13365,100
2785976404741906,286775,64,2805,13365,100
2785976409853395,286775,64,2805,13365,100
2785976414964540,286775,64,2805,13365,100
2785976420076416,286775,64,2805,13365,100
2785976425187934,286775,64,2805,13365,100
2785976430298973,286775,64,2805,13365,100
2785976435410176,286775,64,2805,13365,100
2785976440521302,286775,64,2805,13365,100
2785976445632321,286775,64,2805,13365,100
2785976450747094,286775,64,2805,13365,100
2785976455858310,286775,64,2805,13365,100
2785976460969715,286775,64,2805,13365,100
2785976466081055,286775,64,2805,13365,100
2785976471192244,286775,64,2805,13365,100
2785976476303633,286775,64,2805,13365,100
2785976481425408,286775,64,2805,13365,100
2785976486536717,286775,64,2805,13365,100
2785976491648053,286775,64,2805,13365,100
2785976496759485,286775,64,2805,13365,100
2785976501872260,286775,64,2805,13365,100
2785976506983578,286775,64,2805,13365,100
2785976512112019,286775,64,2805,13365,100
2785976517223443,286775,64,2805,13365,100
2785976522334544,286775,64,2805,13365,100
2785976527446144,286775,64,2805,13365,100
2785976532557525,286775,64,2805,13365,100
2785976537668811,286775,64,2805,13365,100
2785976542779894,286775,64,2805,13365,100
2785976547890825,286775,64,2805,13365,100
2785976553019719,286775,64,2805,13365,100
2785976558130936,286775,64,2805,13365,100
2785976563242231,286775,64,2805,13365,100
2785976568353523,286775,64,2805,13365,100
2785976573465082,286775,64,2805,13365,100
2785976578575576,286775,64,2805,13365,100
2785976583703973,286775,64,2805,13365,100
2785976588815573,286775,64,2805,13365,100
2785976593927621,286775,64,2805,13365,100
2785976599039344,286775,64,2805,13365,100
2785976604152214,286775,64,2805,13365,100
2785976609264335,286775,64,2805,13365,100
2785976614375031,286775,64,2805,13365,100
2785976619486191,286775,64,2805,13365,100
2785976624678751,286740,64,2805,13365,100
2785976629790608,286740,64,2805,13365,100
2785976634902394,286740,64,2805,13365,100
2785976640026893,286740,64,2805,13365,100
2785976645140223,286740,64,2805,13365,100
2785976650251453,286740,64,2805,13365,100
2785976655363186,286740,64,2805,13365,100
2785976660474750,286740,64,2805,13365,100
2785976665586586,286740,64,2805,13365,100
2785976670697785,286740,64,2805,13365,100
2785976675809655,286740,64,2805,13365,100
2785976680920463,286740,64,2805,13365,100
2785976686032096,286740,64,2805,13365,100
2785976691143676,286740,64,2805,13365,100
2785976696256381,286740,64,2805,13365,100
2785976701367881,286740,64,2805,13365,100
2785976706479024,286740,64,2805,13365,100
2785976711590148,286740,64,2805,13365,100
2785976716701743,286740,64,2805,13365,100
2785976721812987,286740,64,2805,13365,100
2785976726924503,286740,64,2805,13365,100
2785976732035744,286740,64,2805,13365,100
2785976737147052,286740,64,2805,13365,100
2785976742258133,286740,64,2805,13365,100
2785976747371065,286740,64,2805,13365,100
2785976752482825,286740,64,2805,13365,100
2785976757593922,286740,64,2805,13365,100
2785976762705266,286740,64,2805,13365,100
2785976767816642,286740,64,2805,13365,100
2785976772928115,286740,64,2805,13365,100
2785976778039400,286740,64,2805,13365,100
2785976783151404,286740,64,2805,13365,100
2785976788262561,286740,64,2805,13365,100
2785976793373760,286740,64,2805,13365,100
2785976798486341,286740,64,2805,13365,100
2785976803597678,286740,64,2805,13365,100
2785976808708954,286740,64,2805,13365,100
2785976813819509,286740,64,2805,13365,100
2785976818931023,286740,64,2805,13365,100
2785976824042445,286740,64,2805,13365,100
2785976829154111,286740,64,2805,13365,100
2785976834265440,286740,64,2805,13365,100
2785976839376969,286740,64,2805,13365,100
2785976844488388,286740,64,2805,13365,100
2785976849602429,286740,64,2805,13365,100
2785976854713826,286740,64,2805,13365,100
2785976859825234,286740,64,2805,13365,100
2785976864937027,286740,64,2805,13365,100
2785976870048539,286740,64,2805,13365,100
2785976875159803,286740,64,2805,13365,100
2785976880270875,286740,64,2805,13365,100
2785976885383165,286740,64,2805,13365,100
2785976890494668,286740,64,2805,13365,100
2785976895605129,286740,64,2805,13365,100
2785976900717729,286740,64,2805,13365,100
2785976905829230,286740,64,2805,13365,100
2785976910940654,286740,64,2805,13365,100
2785976916051977,286740,64,2805,13365,100
2785976921163403,286740,64,2805,13365,100
2785976926274920,286740,64,2805,13365,100
2785976931386658,286740,64,2805,13365,100
2785976936497796,286740,64,2805,13365,100
2785976941608787,286740,64,2805,13365,100
2785976946720105,286740,64,2805,13365,100
2785976951832888,286740,64,2805,13365,100
2785976956944320,286740,64,2805,13365,100
2785976962056477,286740,64,2805,13365,100
2785976967167867,286740,64,2805,13365,100
2785976972279140,286740,64,2805,13365,100
2785976977390630,286740,64,2805,13365,100
2785976982501788,286740,64,2805,13365,100
2785976987612913,286740,64,2805,13365,100
2785976992724537,286740,64,2805,13365,100
2785976997836506,286740,64,2805,13365,100
2785977002948992,286740,64,2805,13365,100
2785977008060954,286740,64,2805,13365,100
2785977013172279,286740,64,2805,13365,100
2785977018283407,286740,64,2805,13365,100
2785977023394679,286740,64,2805,13365,100
2785977028506074,286740,64,2805,13365,100
2785977033617626,286740,64,2805,13365,100
2785977038729112,286740,64,2805,13365,100
2785977043840522,286740,64,2805,13365,100
2785977048951801,286740,64,2805,13365,100
2785977054064684,286740,64,2805,13365,100
2785977059176214,286740,64,2805,13365,100
2785977064287983,286740,64,2805,13365,100
2785977069399519,286740,64,2805,13365,100
2785977074510941,286740,64,2805,13365,100
2785977079622032,286740,64,2805,13365,100
2785977084732997,286740,64,2805,13365,100
2785977089844321,286740,64,2805,13365,100
2785977094955877,286740,64,2805,13365,100
2785977100067005,286740,64,2805,13365,100
2785977105179630,286740,64,2805,13365,100
2785977110291138,286740,64,2805,13365,100
2785977115402398,286740,64,2805,13365,100
2785977120513728,286643,64,2805,13365,100
2785977125624976,286643,64,2805,13365,100
2785977130736684,286643,64,2805,13365,100
2785977135848052,286643,64,2805,13365,100
2785977140959273,286643,64,2805,13365,100
2785977146070954,286643,64,2805,13365,100
2785977151182242,286643,64,2805,13365,100
2785977156295012,286643,64,2805,13365,100
2785977161406403,286643,64,2805,13365,100
2785977166517803,286643,64,2805,13365,100
2785977171628818,286643,64,2805,13365,100
2785977176740520,286643,64,2805,13365,100
2785977181851764,286643,64,2805,13365,100
2785977186963069,286643,64,2805,13365,100
2785977192074205,286643,64,2805,13365,100
2785977197185509,286643,64,2805,13365,100
2785977202297102,286643,64,2805,13365,100
2785977207409967,286643,64,2805,13365,100
2785977212521219,286643,64,2805,13365,100
2785977217632567,286643,64,2805,13365,100
2785977222744062,286643,64,2805,13365,100
2785977227855436,286643,64,2805,13365,100
2785977232966718,286643,64,2805,13365,100
2785977238120048,286643,64,2805,13365,100
2785977243231217,286643,64,2805,13365,100
2785977248343282,286643,64,2805,13365,100
2785977253454717,286643,64,2805,13365,100
2785977258567552,286643,64,2805,13365,100
2785977263678850,286643,64,2805,13365,100
2785977268790211,286643,64,2805,13365,100
2785977273901420,286643,64,2805,13365,100
2785977279028784,286643,64,2805,13365,100
2785977284140602,286643,64,2805,13365,100
2785977289251948,286643,64,2805,13365,100
2785977294363337,286643,64,2805,13365,100
2785977299474561,286643,64,2805,13365,100
2785977304585772,286643,64,2805,13365,100
2785977309698876,286643,64,2805,13365,100
2785977314810210,286643,64,2805,13365,100
2785977319921507,286643,64,2805,13365,100
2785977325032944,286643,64,2805,13365,100
2785977330144308,286643,64,2805,13365,100
2785977335255633,286643,64,2805,13365,100
2785977340389972,286643,64,2805,13365,100
2785977345500295,286643,64,2805,13365,100
2785977350611525,286643,64,2805,13365,100
2785977355723174,286643,64,2805,13365,100
2785977360836075,286643,64,2805,13365,100
2785977365947570,286643,64,2805,13365,100
2785977371058763,286643,64,2805,13365,100
2785977376170383,286643,64,2805,13365,100
2785977381281646,286643,64,2805,13365,100
2785977386393090,286643,64,2805,13365,100
2785977391504480,286643,64,2805,13365,100
2785977396615717,286643,64,2805,13365,100
2785977401727074,286643,64,2805,13365,100
2785977406838742,286643,64,2805,13365,100
2785977411951544,286643,64,2805,13365,100
2785977417063147,286643,64,2805,13365,100
2785977422175171,286643,64,2805,13365,100
2785977427286676,286643,64,2805,13365,100
2785977432397836,286643,64,2805,13365,100
2785977437509188,286643,64,2805,13365,100
2785977442620720,286643,64,2805,13365,100
2785977447732805,286643,64,2805,13365,100
2785977452844067,286643,64,2805,13365,100
2785977457955817,286643,64,2805,13365,100
2785977463068434,286643,64,2805,13365,100
2785977468179786,286643,64,2805,13365,100
2785977473291387,286643,64,2805,13365,100
2785977478403260,286643,64,2805,13365,100
2785977483514552,286643,64,2805,13365,100
2785977488625831,286643,64,2805,13365,100
2785977493736953,286643,64,2805,13365,100
2785977498848383,286643,64,2805,13365,100
2785977503959522,286643,64,2805,13365,100
2785977509071488,286643,64,2805,13365,100
2785977514184235,286643,64,2805,13365,100
2785977519295711,286643,64,2805,13365,100
2785977524406996,286643,64,2805,13365,100
2785977529518432,286643,64,2805,13365,100
2785977534629756,286643,64,2805,13365,100
2785977539741415,286643,64,2805,13365,100
2785977544853453,286643,64,2805,13365,100
2785977549964951,286643,64,2805,13365,100
2785977555075981,286643,64,2805,13365,100
2785977560187022,286643,64,2805,13365,100
2785977565299883,286643,64,2805,13365,100
2785977570411291,286643,64,2805,13365,100
2785977575522708,286643,64,2805,13365,100
2785977580624010,286643,64,2805,13365,100
2785977585735004,286643,64,2805,13365,100
2785977590846412,286643,64,2805,13365,100
2785977595957723,286643,64,2805,13365,100
2785977601069048,286643,64,2805,13365,100
2785977606180410,286643,64,2805,13365,100
2785977611291837,286643,64,2805,13365,100
2785977616404871,286643,64,2805,13365,100
2785977621516024,286585,64,2805,13365,100
2785977626627288,286585,64,2805,13365,100
2785977631738542,286585,64,2805,13365,100
2785977636850197,286585,64,2805,13365,100
2785977641962041,286585,64,2805,13365,100
2785977647081313,286585,64,2805,13365,100
2785977652216210,286585,64,2805,13365,100
2785977657327010,286585,64,2805,13365,100
2785977662438239,286585,64,2805,13365,100
2785977667550254,286585,64,2805,13365,100
2785977672662063,286585,64,2805,13365,100
2785977677773843,286585,64,2805,13365,100
2785977682885672,286585,64,2805,13365,100
2785977687997737,286585,64,2805,13365,100
2785977693129120,286585,64,2805,13365,100
2785977698240271,286585,64,2805,13365,100
2785977703351434,286585,64,2805,13365,100
2785977708462950,286585,64,2805,13365,100
2785977713574151,286585,64,2805,13365,100
2785977718687279,286585,64,2805,13365,100
2785977723799633,286585,64,2805,13365,100
2785977728911252,286585,64,2805,13365,100
2785977734022724,286585,64,2805,13365,100
2785977739134125,286585,64,2805,13365,100
2785977744245589,286585,64,2805,13365,100
2785977749356801,286585,64,2805,13365,100
2785977754467714,286585,64,2805,13365,100
2785977759579144,286585,64,2805,13365,100
2785977764690514,286585,64,2805,13365,100
2785977769803467,286585,64,2805,13365,100
2785977774915051,286585,64,2805,13365,100
2785977780026462,286585,64,2805,13365,100
2785977785137904,286585,64,2805,13365,100
2785977790250244,286585,64,2805,13365,100
2785977795361569,286585,64,2805,13365,100
2785977800472900,286585,64,2805,13365,100
2785977805584458,286585,64,2805,13365,100
2785977810695992,286585,64,2805,13365,100
2785977815807413,286585,64,2805,13365,100
2785977820920827,286585,64,2805,13365,100
2785977826032684,286585,64,2805,13365,100
2785977831143896,286585,64,2805,13365,100
2785977836255290,286585,64,2805,13365,100
2785977841366722,286585,64,2805,13365,100
2785977846479189,286585,64,2805,13365,100
2785977851590589,286585,64,2805,13365,100
2785977856702481,286585,64,2805,13365,100
2785977861813980,286585,64,2805,13365,100
2785977866925259,286585,64,2805,13365,100
2785977872038281,286585,64,2805,13365,100
2785977877149655,286585,64,2805,13365,100
2785977882260628,286585,64,2805,13365,100
2785977887372184,286585,64,2805,13365,100
2785977892496541,286585,64,2805,13365,100
2785977897607783,286585,64,2805,13365,100
2785977902719037,286585,64,2805,13365,100
2785977907830042,286585,64,2805,13365,100
2785977912941231,286585,64,2805,13365,100
2785977918052799,286585,64,2805,13365,100
2785977923166244,286585,64,2805,13365,100
2785977928279070,286585,64,2805,13365,100
2785977933390444,286585,64,2805,13365,100
2785977938501888,286585,64,2805,13365,100
2785977943613173,286585,64,2805,13365,100
2785977948724481,286585,64,2805,13365,100
2785977953836318,286585,64,2805,13365,100
2785977958947854,286585,64,2805,13365,100
2785977964058948,286585,64,2805,13365,100
2785977969170245,286585,64,2805,13365,100
2785977974283349,286585,64,2805,13365,100
2785977979395042,286585,64,2805,13365,100
2785977984506440,286585,64,2805,13365,100
2785977989618130,286585,64,2805,13365,100
2785977994729377,286585,64,2805,13365,100
2785977999840561,286585,64,2805,13365,100
2785978004951746,286585,64,2805,13365,100
2785978010063042,286585,64,2805,13365,100
2785978015174518,286585,64,2805,13365,100
2785978020310515,286585,64,2805,13365,100
2785978025423623,286585,64,2805,13365,100
2785978030535664,286585,64,2805,13365,100
2785978035647436,286585,64,2805,13365,100
2785978040758720,286585,64,2805,13365,100
2785978045870049,286585,64,2805,13365,100
2785978050981330,286585,64,2805,13365,100
2785978056092510,286585,64,2805,13365,100
2785978061203619,286585,64,2805,13365,100
2785978066314627,286585,64,2805,13365,100
2785978071425875,286585,64,2805,13365,100
2785978076538907,286585,64,2805,13365,100
2785978081650764,286585,64,2805,13365,100
2785978086762094,286585,64,2805,13365,100
2785978091873805,286585,64,2805,13365,100
2785978096985105,286585,64,2805,13365,100
2785978102114373,286585,64,2805,13365,100
2785978107225842,286585,64,2805,13365,100
2785978112337067,286585,64,2805,13365,100
2785978117448293,286585,64,2805,13365,100
2785978122559899,286634,64,2805,13365,100
2785978127672811,286634,64,2805,13365,100
2785978132784506,286634,64,2805,13365,100
2785978137895858,286634,64,2805,13365,100
2785978143022940,286634,64,2805,13365,100
2785978148134349,286634,64,2805,13365,100
2785978153245693,286634,64,2805,13365,100
2785978158357250,286634,64,2805,13365,100
2785978163468566,286634,64,2805,13365,100
2785978168579843,286634,64,2805,13365,100
2785978173691327,286634,64,2805,13365,100
2785978178804224,286634,64,2805,13365,100
2785978183916136,286634,64,2805,13365,100
2785978189027296,286634,64,2805,13365,100
2785978194138587,286634,64,2805,13365,100
2785978199249781,286634,64,2805,13365,100
2785978204361075,286634,64,2805,13365,100
2785978209472630,286634,64,2805,13365,100
2785978214583957,286634,64,2805,13365,100
2785978219695295,286634,64,2805,13365,100
2785978224806480,286634,64,2805,13365,100
2785978229919350,286634,64,2805,13365,100
2785978235031432,286634,64,2805,13365,100
2785978240142864,286634,64,2805,13365,100
2785978245254241,286634,64,2805,13365,100
2785978250365697,286634,64,2805,13365,100
2785978255476978,286634,64,2805,13365,100
2785978260588216,286634,64,2805,13365,100
2785978265699521,286634,64,2805,13365,100
2785978270810763,286634,64,2805,13365,100
2785978275921811,286634,64,2805,13365,100
2785978281035027,286634,64,2805,13365,100
2785978286146833,286634,64,2805,13365,100
2785978291258092,286634,64,2805,13365,100
2785978296369767,286634,64,2805,13365,100
2785978301480846,286634,64,2805,13365,100
2785978306592238,286634,64,2805,13365,100
2785978311703810,286634,64,2805,13365,100
2785978316815243,286634,64,2805,13365,100
2785978321926439,286634,64,2805,13365,100
2785978327037619,286634,64,2805,13365,100
2785978332150738,286634,64,2805,13365,100
2785978337262456,286634,64,2805,13365,100
2785978342373676,286634,64,2805,13365,100
2785978347485373,286634,64,2805,13365,100
2785978352596758,286634,64,2805,13365,100
2785978357708318,286634,64,2805,13365,100
2785978362819803,286634,64,2805,13365,100
2785978367946211,286634,64,2805,13365,100
2785978373057775,286634,64,2805,13365,100
2785978378169327,286634,64,2805,13365,100
2785978383282892,286634,64,2805,13365,100
2785978388394285,286634,64,2805,13365,100
2785978393506105,286634,64,2805,13365,100
2785978398617681,286634,64,2805,13365,100
2785978403728918,286634,64,2805,13365,100
2785978408840394,286634,64,2805,13365,100
2785978413951610,286634,64,2805,13365,100
2785978419062835,286634,64,2805,13365,100
2785978424175159,286634,64,2805,13365,100
2785978429287096,286634,64,2805,13365,100
2785978434400028,286634,64,2805,13365,100
2785978439511664,286634,64,2805,13365,100
2785978444623108,286634,64,2805,13365,100
2785978449734458,286634,64,2805,13365,100
2785978454845844,286634,64,2805,13365,100
2785978459957776,286634,64,2805,13365,100
2785978465069171,286634,64,2805,13365,100
2785978470180651,286634,64,2805,13365,100
2785978475291731,286634,64,2805,13365,100
2785978480403292,286634,64,2805,13365,100
2785978485516030,286634,64,2805,13365,100
2785978490629569,286634,64,2805,13365,100
2785978495740585,286634,64,2805,13365,100
2785978500851869,286634,64,2805,13365,100
2785978505962970,286634,64,2805,13365,100
2785978511074354,286634,64,2805,13365,100
2785978516185717,286634,64,2805,13365,100
2785978521296901,286634,64,2805,13365,100
2785978526408795,286634,64,2805,13365,100
2785978531520160,286634,64,2805,13365,100
2785978536633008,286634,64,2805,13365,100
2785978541744637,286634,64,2805,13365,100
2785978546872485,286634,64,2805,13365,100
2785978551984015,286634,64,2805,13365,100
2785978557117580,286634,64,2805,13365,100
2785978562228826,286634,64,2805,13365,100
2785978567340148,286634,64,2805,13365,100
2785978572451473,286634,64,2805,13365,100
2785978577563164,286634,64,2805,13365,100
2785978582674772,286634,64,2805,13365,100
2785978587787820,286634,64,2805,13365,100
2785978592899452,286634,64,2805,13365,100
2785978598026733,286634,64,2805,13365,100
2785978603138457,286634,64,2805,13365,100
2785978608249876,286634,64,2805,13365,100
2785978613361188,286634,64,2805,13365,100
2785978618472934,286634,64,2805,13365,100
2785978623585007,286987,64,2805,13365,100
2785978628696252,286987,64,2805,13365,100
2785978633807668,286987,64,2805,13365,100
2785978638920680,286987,64,2805,13365,100
2785978644033161,286987,64,2805,13365,100
2785978649144437,286987,64,2805,13365,100
2785978654256030,286987,64,2805,13365,100
2785978659367553,286987,64,2805,13365,100
2785978664480044,286987,64,2805,13365,100
2785978669591563,286987,64,2805,13365,100
2785978674703095,286987,64,2805,13365,100
2785978679814523,286987,64,2805,13365,100
2785978684926068,286987,64,2805,13365,100
2785978690039212,286987,64,2805,13365,100
2785978695151011,286987,64,2805,13365,100
2785978700262183,286987,64,2805,13365,100
2785978705373418,286987,64,2805,13365,100
2785978710484834,286987,64,2805,13365,100
2785978715596238,286987,64,2805,13365,100
2785978720707727,286987,64,2805,13365,100
2785978725818795,286987,64,2805,13365,100
2785978730930731,286987,64,2805,13365,100
2785978736042332,286987,64,2805,13365,100
2785978741155698,286987,64,2805,13365,100
2785978746267281,286987,64,2805,13365,100
2785978751378638,286987,64,2805,13365,100
2785978756490402,286987,64,2805,13365,100
2785978761601448,286987,64,2805,13365,100
2785978766712527,286987,64,2805,13365,100
2785978771829419,286987,64,2805,13365,100
2785978776940535,286987,64,2805,13365,100
2785978782052355,286987,64,2805,13365,100
2785978787163384,286987,64,2805,13365,100
2785978792276577,286987,64,2805,13365,100
2785978797388361,286987,64,2805,13365,100
2785978802499973,286987,64,2805,13365,100
2785978807611850,286987,64,2805,13365,100
2785978812723267,286987,64,2805,13365,100
2785978817834786,286987,64,2805,13365,100
2785978822946939,286987,64,2805,13365,100
2785978828058375,286987,64,2805,13365,100
2785978833169468,286987,64,2805,13365,100
2785978838280860,286987,64,2805,13365,100
2785978843407817,286987,64,2805,13365,100
2785978848519373,286987,64,2805,13365,100
2785978853630562,286987,64,2805,13365,100
2785978858741685,286987,64,2805,13365,100
2785978863853126,286987,64,2805,13365,100
2785978868964379,286987,64,2805,13365,100
2785978874075359,286987,64,2805,13365,100
2785978879186919,286987,64,2805,13365,100
2785978884298172,286987,64,2805,13365,100
2785978889409544,286987,64,2805,13365,100
2785978894522823,286987,64,2805,13365,100
2785978899634533,286987,64,2805,13365,100
2785978904746272,286987,64,2805,13365,100
2785978909857570,286987,64,2805,13365,100
2785978914968848,286987,64,2805,13365,100
2785978920080205,286987,64,2805,13365,100
2785978925191964,286987,64,2805,13365,100
2785978930303554,286987,64,2805,13365,100
2785978935415158,286987,64,2805,13365,100
2785978940526408,286987,64,2805,13365,100
2785978945639389,286987,64,2805,13365,100
2785978950750817,286987,64,2805,13365,100
2785978955862390,286987,64,2805,13365,100
2785978960974295,286987,64,2805,13365,100
2785978966085863,286987,64,2805,13365,100
2785978971197319,286987,64,2805,13365,100
2785978976308423,286987,64,2805,13365,100
2785978981420004,286987,64,2805,13365,100
2785978986531310,286987,64,2805,13365,100
2785978991642727,286987,64,2805,13365,100
2785978996755789,286987,64,2805,13365,100
2785979001870917,286987,64,2805,13365,100
2785979006983080,286987,64,2805,13365,100
2785979012113730,286987,64,2805,13365,100
2785979017225143,286987,64,2805,13365,100
2785979022336963,286987,64,2805,13365,100
2785979027448647,286987,64,2805,13365,100
2785979032560264,286987,64,2805,13365,100
2785979037671931,286987,64,2805,13365,100
2785979042783460,286987,64,2805,13365,100
2785979047896735,286987,64,2805,13365,100
2785979053026099,286987,64,2805,13365,100
2785979058138024,286987,64,2805,13365,100
2785979063249810,286987,64,2805,13365,100
2785979068361411,286987,64,2805,13365,100
2785979073473367,286987,64,2805,13365,100
2785979078584563,286987,64,2805,13365,100
2785979083696199,286987,64,2805,13365,100
2785979088808248,286987,64,2805,13365,100
2785979093919784,286987,64,2805,13365,100
2785979099033089,286987,64,2805,13365,100
2785979104144993,286987,64,2805,13365,100
2785979109256708,286987,64,2805,13365,100
2785979114368340,286987,64,2805,13365,100
2785979119478766,286987,64,2805,13365,100
2785979124590431,287165,64,2805,13365,100
2785979129701846,287165,64,2805,13365,100
2785979134813540,287165,64,2805,13365,100
2785979139925036,287165,64,2805,13365,100
2785979145036792,287165,64,2805,13365,100
2785979150150209,287165,64,2805,13365,100
2785979155261717,287165,64,2805,13365,100
2785979160373232,287165,64,2805,13365,100
2785979165484955,287165,64,2805,13365,100
2785979170596410,287165,64,2805,13365,100
2785979175708259,287165,64,2805,13365,100
2785979180819788,287165,64,2805,13365,100
2785979185931404,287165,64,2805,13365,100
2785979191043126,287165,64,2805,13365,100
2785979196154656,287165,64,2805,13365,100
2785979201284369,287165,64,2805,13365,100
2785979206395845,287165,64,2805,13365,100
2785979211507670,287165,64,2805,13365,100
2785979216619370,287165,64,2805,13365,100
2785979221730985,287165,64,2805,13365,100
2785979226842589,287165,64,2805,13365,100
2785979231953959,287165,64,2805,13365,100
2785979237070664,287165,64,2805,13365,100
2785979242182490,287165,64,2805,13365,100
2785979247294941,287165,64,2805,13365,100
2785979252408313,287165,64,2805,13365,100
2785979257519898,287165,64,2805,13365,100
2785979262631266,287165,64,2805,13365,100
2785979267742746,287165,64,2805,13365,100
2785979272854729,287165,64,2805,13365,100
2785979277966279,287165,64,2805,13365,100
2785979283078047,287165,64,2805,13365,100
2785979288189636,287165,64,2805,13365,100
2785979293301188,287165,64,2805,13365,100
2785979298412857,287165,64,2805,13365,100
2785979303525920,287165,64,2805,13365,100
2785979308637573,287165,64,2805,13365,100
2785979313749219,287165,64,2805,13365,100
2785979318860767,287165,64,2805,13365,100
2785979323972511,287165,64,2805,13365,100
2785979329084332,287165,64,2805,13365,100
2785979334196288,287165,64,2805,13365,100
2785979339308240,287165,64,2805,13365,100
2785979344419704,287165,64,2805,13365,100
2785979349531405,287165,64,2805,13365,100
2785979354647009,287165,64,2805,13365,100
2785979359758382,287165,64,2805,13365,100
2785979364869914,287165,64,2805,13365,100
2785979369981458,287165,64,2805,13365,100
2785979375108679,287165,64,2805,13365,100
2785979380220271,287165,64,2805,13365,100
2785979385331935,287165,64,2805,13365,100
2785979390443656,287165,64,2805,13365,100
2785979395555124,287165,64,2805,13365,100
2785979400666685,287165,64,2805,13365,100
2785979405779889,287165,64,2805,13365,100
2785979410891309,287165,64,2805,13365,100
2785979416018810,287165,64,2805,13365,100
2785979421130486,287165,64,2805,13365,100
2785979426242799,287165,64,2805,13365,100
2785979431354387,287165,64,2805,13365,100
2785979436466636,287165,64,2805,13365,100
2785979441578164,287165,64,2805,13365,100
2785979446690048,287165,64,2805,13365,100
2785979451803217,287165,64,2805,13365,100
2785979456916515,287165,64,2805,13365,100
2785979462028381,287165,64,2805,13365,100
2785979467140090,287165,64,2805,13365,100
2785979472251728,287165,64,2805,13365,100
2785979477363387,287165,64,2805,13365,100
2785979482475783,287165,64,2805,13365,100
2785979487587163,287165,64,2805,13365,100
2785979492698717,287165,64,2805,13365,100
2785979497810505,287165,64,2805,13365,100
2785979502922587,287165,64,2805,13365,100
2785979508036252,287165,64,2805,13365,100
2785979513147836,287165,64,2805,13365,100
2785979518259694,287165,64,2805,13365,100
2785979523378812,287165,64,2805,13365,100
2785979528490124,287165,64,2805,13365,100
2785979533602303,287165,64,2805,13365,100
2785979538713916,287165,64,2805,13365,100
2785979543825556,287165,64,2805,13365,100
2785979548937136,287165,64,2805,13365,100
2785979554048681,287165,64,2805,13365,100
2785979559161723,287165,64,2805,13365,100
2785979564273280,287165,64,2805,13365,100
2785979569385006,287165,64,2805,13365,100
2785979574496849,287165,64,2805,13365,100
2785979579608427,287165,64,2805,13365,100
2785979584720472,287165,64,2805,13365,100
2785979589832137,287165,64,2805,13365,100
2785979594943787,287165,64,2805,13365,100
2785979600055289,287165,64,2805,13365,100
2785979605166825,287165,64,2805,13365,100
2785979610279833,287165,64,2805,13365,100
2785979615391478,287165,64,2805,13365,100
2785979620503231,287050,64,2805,13365,100
2785979625614961,287050,64,2805,13365,100
2785979630726418,287050,64,2805,13365,100
2785979635838051,287050,64,2805,13365,100
2785979640949564,287050,64,2805,13365,100
2785979646061073,287050,64,2805,13365,100
2785979651172921,287050,64,2805,13365,100
2785979656284460,287050,64,2805,13365,100
2785979661397602,287050,64,2805,13365,100
2785979666509294,287050,64,2805,13365,100
2785979671620846,287050,64,2805,13365,100
2785979676732917,287050,64,2805,13365,100
2785979681844360,287050,64,2805,13365,100
2785979686955848,287050,64,2805,13365,100
2785979692067220,287050,64,2805,13365,100
2785979697179161,287050,64,2805,13365,100
2785979702290841,287050,64,2805,13365,100
2785979707402557,287050,64,2805,13365,100
2785979712515690,287050,64,2805,13365,100
2785979717627498,287050,64,2805,13365,100
2785979722738959,287050,64,2805,13365,100
2785979727850535,287050,64,2805,13365,100
2785979732969928,287050,64,2805,13365,100
2785979738081650,287050,64,2805,13365,100
2785979743193276,287050,64,2805,13365,100
2785979748304681,287050,64,2805,13365,100
2785979753416563,287050,64,2805,13365,100
2785979758528030,287050,64,2805,13365,100
2785979763641226,287050,64,2805,13365,100
2785979768752855,287050,64,2805,13365,100
2785979773864667,287050,64,2805,13365,100
2785979778976375,287050,64,2805,13365,100
2785979784088012,287050,64,2805,13365,100
2785979789199488,287050,64,2805,13365,100
2785979794326404,287050,64,2805,13365,100
2785979799437509,287050,64,2805,13365,100
2785979804549201,287050,64,2805,13365,100
2785979809666657,287050,64,2805,13365,100
2785979814779714,287050,64,2805,13365,100
2785979819891710,287050,64,2805,13365,100
2785979825019807,287050,64,2805,13365,100
2785979830131719,287050,64,2805,13365,100
2785979835243274,287050,64,2805,13365,100
2785979840355196,287050,64,2805,13365,100
2785979845466764,287050,64,2805,13365,100
2785979850578380,287050,64,2805,13365,100
2785979855706517,287050,64,2805,13365,100
2785979860818210,287050,64,2805,13365,100
2785979865931330,287050,64,2805,13365,100
2785979871043038,287050,64,2805,13365,100
2785979876154646,287050,64,2805,13365,100
2785979881266328,287050,64,2805,13365,100
2785979886377978,287050,64,2805,13365,100
2785979891489522,287050,64,2805,13365,100
2785979896601240,287050,64,2805,13365,100
2785979901712851,287050,64,2805,13365,100
2785979906824555,287050,64,2805,13365,100
2785979911936362,287050,64,2805,13365,100
2785979917064872,287050,64,2805,13365,100
2785979922176614,287050,64,2805,13365,100
2785979927287182,287050,64,2805,13365,100
2785979932398803,287050,64,2805,13365,100
2785979937510244,287050,64,2805,13365,100
2785979942621894,287050,64,2805,13365,100
2785979947733580,287050,64,2805,13365,100
2785979952845097,287050,64,2805,13365,100
2785979957956654,287050,64,2805,13365,100
2785979963068309,287050,64,2805,13365,100
2785979968192661,287050,64,2805,13365,100
2785979973304222,287050,64,2805,13365,100
2785979978415786,287050,64,2805,13365,100
2785979983527631,287050,64,2805,13365,100
2785979988639266,287050,64,2805,13365,100
2785979993750668,287050,64,2805,13365,100
2785979998862204,287050,64,2805,13365,100
2785980003973939,287050,64,2805,13365,100
2785980009089465,287050,64,2805,13365,100
2785980014200808,287050,64,2805,13365,100
2785980019314054,287050,64,2805,13365,100
2785980024425706,287050,64,2805,13365,100
2785980029537289,287050,64,2805,13365,100
2785980034648953,287050,64,2805,13365,100
2785980039760583,287050,64,2805,13365,100
2785980044872012,287050,64,2805,13365,100
2785980049983573,287050,64,2805,13365,100
2785980055113191,287050,64,2805,13365,100
2785980060224897,287050,64,2805,13365,100
2785980065336357,287050,64,2805,13365,100
2785980070449916,287050,64,2805,13365,100
2785980075561455,287050,64,2805,13365,100
2785980080673243,287050,64,2805,13365,100
2785980085785759,287050,64,2805,13365,100
2785980090897347,287050,64,2805,13365,100
2785980096030020,287050,64,2805,13365,100
2785980101141601,287050,64,2805,13365,100
2785980106253320,287050,64,2805,13365,100
2785980111364891,287050,64,2805,13365,100
2785980116476198,287050,64,2805,13365,100
2785980121589270,287100,64,2805,13365,100
2785980126700852,287100,64,2805,13365,100
2785980131812438,287100,64,2805,13365,100
2785980136923843,287100,64,2805,13365,100
2785980142036020,287100,64,2805,13365,100
2785980147147668,287100,64,2805,13365,100
2785980152259440,287100,64,2805,13365,100
2785980157371041,287100,64,2805,13365,100
2785980162482577,287100,64,2805,13365,100
2785980167594000,287100,64,2805,13365,100
2785980172708212,287100,64,2805,13365,100
2785980177819202,287100,64,2805,13365,100
2785980182931666,287100,64,2805,13365,100
2785980188044432,287100,64,2805,13365,100
2785980193214309,287100,64,2805,13365,100
2785980198307899,287100,64,2805,13365,100
2785980203418918,287100,64,2805,13365,100
2785980208531475,287100,64,2805,13365,100
2785980213644153,287100,64,2805,13365,100
2785980218756482,287100,64,2805,13365,100
2785980223870256,287100,64,2805,13365,100
2785980228981858,287100,64,2805,13365,100
2785980234112606,287100,64,2805,13365,100
2785980239224715,287100,64,2805,13365,100
2785980244341235,287100,64,2805,13365,100
2785980249454224,287100,64,2805,13365,100
2785980254566588,287100,64,2805,13365,100
2785980259678599,287100,64,2805,13365,100
2785980264802405,287100,64,2805,13365,100
2785980269914137,287100,64,2805,13365,100
2785980275027394,287100,64,2805,13365,100
2785980280139110,287100,64,2805,13365,100
2785980285250666,287100,64,2805,13365,100
2785980290362138,287100,64,2805,13365,100
2785980295490844,287100,64,2805,13365,100
2785980300603114,287100,64,2805,13365,100
2785980305714980,287100,64,2805,13365,100
2785980310826537,287100,64,2805,13365,100
2785980315938597,287100,64,2805,13365,100
2785980321050306,287100,64,2805,13365,100
2785980326163450,287100,64,2805,13365,100
2785980331275774,287100,64,2805,13365,100
2785980336387007,287100,64,2805,13365,100
2785980341499155,287100,64,2805,13365,100
2785980346610828,287100,64,2805,13365,100
2785980351722406,287100,64,2805,13365,100
2785980356833948,287100,64,2805,13365,100
2785980361946476,287100,64,2805,13365,100
2785980367057901,287100,64,2805,13365,100
2785980372187174,287100,64,2805,13365,100
2785980377300353,287100,64,2805,13365,100
2785980382411839,287100,64,2805,13365,100
2785980387523654,287100,64,2805,13365,100
2785980392634866,287100,64,2805,13365,100
2785980397746925,287100,64,2805,13365,100
2785980402858684,287100,64,2805,13365,100
2785980407970376,287100,64,2805,13365,100
2785980413081840,287100,64,2805,13365,100
2785980418193661,287100,64,2805,13365,100
2785980423305873,287100,64,2805,13365,100
2785980428420590,287100,64,2805,13365,100
2785980433532087,287100,64,2805,13365,100
2785980438643702,287100,64,2805,13365,100
2785980443755275,287100,64,2805,13365,100
2785980448867107,287100,64,2805,13365,100
2785980453978719,287100,64,2805,13365,100
2785980459090980,287100,64,2805,13365,100
2785980464202929,287100,64,2805,13365,100
2785980469314499,287100,64,2805,13365,100
2785980474426344,287100,64,2805,13365,100
2785980479539462,287100,64,2805,13365,100
2785980484651314,287100,64,2805,13365,100
2785980489764555,287100,64,2805,13365,100
2785980494876231,287100,64,2805,13365,100
2785980499987875,287100,64,2805,13365,100
2785980505119023,287100,64,2805,13365,100
2785980510247324,287100,64,2805,13365,100
2785980515359253,287100,64,2805,13365,100
2785980520470865,287100,64,2805,13365,100
2785980525582542,287100,64,2805,13365,100
2785980530695622,287100,64,2805,13365,100
2785980535807898,287100,64,2805,13365,100
2785980540919630,287100,64,2805,13365,100
2785980546031267,287100,64,2805,13365,100
2785980551143123,287100,64,2805,13365,100
2785980556254872,287100,64,2805,13365,100
2785980561366373,287100,64,2805,13365,100
2785980566476601,287100,64,2805,13365,100
2785980571588437,287100,64,2805,13365,100
2785980576699879,287100,64,2805,13365,100
2785980581813202,287100,64,2805,13365,100
2785980586925214,287100,64,2805,13365,100
2785980592036634,287100,64,2805,13365,100
2785980597148439,287100,64,2805,13365,100
2785980602260043,287100,64,2805,13365,100
2785980607371866,287100,64,2805,13365,100
2785980612483321,287100,64,2805,13365,100
2785980617595087,287100,64,2805,13365,100
2785980622707017,287168,64,2805,13365,100
2785980627818869,287168,64,2805,13365,100
2785980632931014,287168,64,2805,13365,100
2785980638042799,287168,64,2805,13365,100
2785980643154187,287168,64,2805,13365,100
2785980648265927,287168,64,2805,13365,100
2785980653377491,287168,64,2805,13365,100
2785980658489397,287168,64,2805,13365,100
2785980663601016,287168,64,2805,13365,100
2785980668712879,287168,64,2805,13365,100
2785980673824230,287168,64,2805,13365,100
2785980678935793,287168,64,2805,13365,100
2785980684049090,287168,64,2805,13365,100
2785980689160863,287168,64,2805,13365,100
2785980694273259,287168,64,2805,13365,100
2785980699385219,287168,64,2805,13365,100
2785980704497544,287168,64,2805,13365,100
2785980709609624,287168,64,2805,13365,100
2785980714722580,287168,64,2805,13365,100
2785980719834397,287168,64,2805,13365,100
2785980724946153,287168,64,2805,13365,100
2785980730058214,287168,64,2805,13365,100
2785980735172146,287168,64,2805,13365,100
2785980740284162,287168,64,2805,13365,100
2785980745396032,287168,64,2805,13365,100
2785980750507764,287168,64,2805,13365,100
2785980755619392,287168,64,2805,13365,100
2785980760731365,287168,64,2805,13365,100
2785980765842441,287168,64,2805,13365,100
2785980770954194,287168,64,2805,13365,100
2785980776065597,287168,64,2805,13365,100
2785980781177286,287168,64,2805,13365,100
2785980786290446,287168,64,2805,13365,100
2785980791401739,287168,64,2805,13365,100
2785980796513275,287168,64,2805,13365,100
2785980801625255,287168,64,2805,13365,100
2785980806736963,287168,64,2805,13365,100
2785980811848616,287168,64,2805,13365,100
2785980816960273,287168,64,2805,13365,100
2785980822072029,287168,64,2805,13365,100
2785980827183754,287168,64,2805,13365,100
2785980832296318,287168,64,2805,13365,100
2785980837409242,287168,64,2805,13365,100
2785980842521014,287168,64,2805,13365,100
2785980847632567,287168,64,2805,13365,100
2785980852744448,287168,64,2805,13365,100
2785980857855992,287168,64,2805,13365,100
2785980862967399,287168,64,2805,13365,100
2785980868079481,287168,64,2805,13365,100
2785980873190917,287168,64,2805,13365,100
2785980878302352,287168,64,2805,13365,100
2785980883414262,287168,64,2805,13365,100
2785980888527330,287168,64,2805,13365,100
2785980893639139,287168,64,2805,13365,100
2785980898751228,287168,64,2805,13365,100
2785980903862672,287168,64,2805,13365,100
2785980908973973,287168,64,2805,13365,100
2785980914085737,287168,64,2805,13365,100
2785980919197627,287168,64,2805,13365,100
2785980924324013,287168,64,2805,13365,100
2785980929435958,287168,64,2805,13365,100
2785980934547710,287168,64,2805,13365,100
2785980939660858,287168,64,2805,13365,100
2785980944772477,287168,64,2805,13365,100
2785980949884219,287168,64,2805,13365,100
2785980954996184,287168,64,2805,13365,100
2785980960124722,287168,64,2805,13365,100
2785980965236329,287168,64,2805,13365,100
2785980970347899,287168,64,2805,13365,100
2785980975459697,287168,64,2805,13365,100
2785980980571534,287168,64,2805,13365,100
2785980985683126,287168,64,2805,13365,100
2785980990796942,287168,64,2805,13365,100
2785980995908695,287168,64,2805,13365,100
2785981001020367,287168,64,2805,13365,100
2785981006132290,287168,64,2805,13365,100
2785981011244000,287168,64,2805,13365,100
2785981016356091,287168,64,2805,13365,100
2785981021466693,287168,64,2805,13365,100
2785981026578414,287168,64,2805,13365,100
2785981031689774,287168,64,2805,13365,100
2785981036801376,287168,64,2805,13365,100
2785981041914627,287168,64,2805,13365,100
2785981047026463,287168,64,2805,13365,100
2785981052138384,287168,64,2805,13365,100
2785981057250740,287168,64,2805,13365,100
2785981062362584,287168,64,2805,13365,100
2785981067474521,287168,64,2805,13365,100
2785981072586337,287168,64,2805,13365,100
2785981077697838,287168,64,2805,13365,100
2785981082809482,287168,64,2805,13365,100
2785981087921711,287168,64,2805,13365,100
2785981093034859,287168,64,2805,13365,100
2785981098146791,287168,64,2805,13365,100
2785981103258248,287168,64,2805,13365,100
2785981108370088,287168,64,2805,13365,100
2785981113481628,287168,64,2805,13365,100
2785981118593221,287168,64,2805,13365,100
2785981123704838,287121,64,2805,13365,100
2785981128816448,287121,64,2805,13365,100
2785981133935200,287121,64,2805,13365,100
2785981139047091,287121,64,2805,13365,100
2785981144160120,287121,64,2805,13365,100
2785981149271820,287121,64,2805,13365,100
2785981154383584,287121,64,2805,13365,100
2785981159495289,287121,64,2805,13365,100
2785981164623513,287121,64,2805,13365,100
2785981169735021,287121,64,2805,13365,100
2785981174846661,287121,64,2805,13365,100
2785981179958239,287121,64,2805,13365,100
2785981185069991,287121,64,2805,13365,100
2785981190181663,287121,64,2805,13365,100
2785981195295013,287121,64,2805,13365,100
2785981200406775,287121,64,2805,13365,100
2785981205518436,287121,64,2805,13365,100
2785981210629812,287121,64,2805,13365,100
2785981215741612,287121,64,2805,13365,100
2785981220853185,287121,64,2805,13365,100
2785981225964990,287121,64,2805,13365,100
2785981231076585,287121,64,2805,13365,100
2785981236188208,287121,64,2805,13365,100
2785981241299811,287121,64,2805,13365,100
2785981246413262,287121,64,2805,13365,100
2785981251526054,287121,64,2805,13365,100
2785981256637758,287121,64,2805,13365,100
2785981261749801,287121,64,2805,13365,100
2785981266861416,287121,64,2805,13365,100
2785981271972885,287121,64,2805,13365,100
2785981277084649,287121,64,2805,13365,100
2785981282196253,287121,64,2805,13365,100
2785981287307863,287121,64,2805,13365,100
2785981292419598,287121,64,2805,13365,100
2785981297532743,287121,64,2805,13365,100
2785981302644265,287121,64,2805,13365,100
2785981307755776,287121,64,2805,13365,100
2785981312867216,287121,64,2805,13365,100
2785981317979959,287121,64,2805,13365,100
2785981323091937,287121,64,2805,13365,100
2785981328203849,287121,64,2805,13365,100
2785981333315612,287121,64,2805,13365,100
2785981338427162,287121,64,2805,13365,100
2785981343538661,287121,64,2805,13365,100
2785981348650899,287121,64,2805,13365,100
2785981353762495,287121,64,2805,13365,100
2785981358874701,287121,64,2805,13365,100
2785981363986980,287121,64,2805,13365,100
2785981369116083,287121,64,2805,13365,100
2785981374227833,287121,64,2805,13365,100
2785981379339418,287121,64,2805,13365,100
2785981384450998,287121,64,2805,13365,100
2785981389562915,287121,64,2805,13365,100
2785981394674600,287121,64,2805,13365,100
2785981399788361,287121,64,2805,13365,100
2785981404900080,287121,64,2805,13365,100
2785981410027650,287121,64,2805,13365,100
2785981415139576,287121,64,2805,13365,100
2785981420251401,287121,64,2805,13365,100
2785981425363698,287121,64,2805,13365,100
2785981430475557,287121,64,2805,13365,100
2785981435587102,287121,64,2805,13365,100
2785981440698726,287121,64,2805,13365,100
2785981445810595,287121,64,2805,13365,100
2785981450924065,287121,64,2805,13365,100
2785981456035717,287121,64,2805,13365,100
2785981461147680,287121,64,2805,13365,100
2785981466259648,287121,64,2805,13365,100
2785981471371171,287121,64,2805,13365,100
2785981476482373,287121,64,2805,13365,100
2785981481593730,287121,64,2805,13365,100
2785981486705796,287121,64,2805,13365,100
2785981491817988,287121,64,2805,13365,100
2785981496929523,287121,64,2805,13365,100
2785981502042597,287121,64,2805,13365,100
2785981507154247,287121,64,2805,13365,100
2785981512266206,287121,64,2805,13365,100
2785981517377861,287121,64,2805,13365,100
2785981522489397,287121,64,2805,13365,100
2785981527601066,287121,64,2805,13365,100
2785981532712654,287121,64,2805,13365,100
2785981537824255,287121,64,2805,13365,100
2785981542935338,287121,64,2805,13365,100
2785981548046827,287121,64,2805,13365,100
2785981553159874,287121,64,2805,13365,100
2785981558288387,287121,64,2805,13365,100
2785981563400082,287121,64,2805,13365,100
2785981568511496,287121,64,2805,13365,100
2785981573623161,287121,64,2805,13365,100
2785981578778029,287121,64,2805,13365,100
2785981583890309,287121,64,2805,13365,100
2785981589017262,287121,64,2805,13365,100
2785981594129383,287121,64,2805,13365,100
2785981599241619,287121,64,2805,13365,100
2785981604358597,287121,64,2805,13365,100
2785981609470987,287121,64,2805,13365,100
2785981614582820,287121,64,2805,13365,100
2785981619693850,287121,64,2805,13365,100
2785981624804717,287037,64,2805,13365,100
2785981629917019,287037,64,2805,13365,100
2785981635029129,287037,64,2805,13365,100
2785981640141034,287037,64,2805,13365,100
2785981645253274,287037,64,2805,13365,100
2785981650365377,287037,64,2805,13365,100
2785981655478781,287037,64,2805,13365,100
2785981660602813,287037,64,2805,13365,100
2785981665753288,287037,64,2805,13365,100
2785981670865768,287037,64,2805,13365,100
2785981675977981,287037,64,2805,13365,100
2785981681089656,287037,64,2805,13365,100
2785981686201197,287037,64,2805,13365,100
2785981691312691,287037,64,2805,13365,100
2785981696424386,287037,64,2805,13365,100
2785981701535895,287037,64,2805,13365,100
2785981706649263,287037,64,2805,13365,100
2785981711760824,287037,64,2805,13365,100
2785981716872554,287037,64,2805,13365,100
2785981721984453,287037,64,2805,13365,100
2785981727114941,287037,64,2805,13365,100
2785981732226377,287037,64,2805,13365,100
2785981737338185,287037,64,2805,13365,100
2785981742449494,287037,64,2805,13365,100
2785981747560806,287037,64,2805,13365,100
2785981752672679,287037,64,2805,13365,100
2785981757785635,287037,64,2805,13365,100
2785981762897272,287037,64,2805,13365,100
2785981768024696,287037,64,2805,13365,100
2785981773136882,287037,64,2805,13365,100
2785981778248472,287037,64,2805,13365,100
2785981783360289,287037,64,2805,13365,100
2785981788472001,287037,64,2805,13365,100
2785981793583847,287037,64,2805,13365,100
2785981798695203,287037,64,2805,13365,100
2785981803807256,287037,64,2805,13365,100
2785981808920511,287037,64,2805,13365,100
2785981814050937,287037,64,2805,13365,100
2785981819178962,287037,64,2805,13365,100
2785981824290700,287037,64,2805,13365,100
2785981829402349,287037,64,2805,13365,100
2785981834515957,287037,64,2805,13365,100
2785981839627049,287037,64,2805,13365,100
2785981844739213,287037,64,2805,13365,100
2785981849851056,287037,64,2805,13365,100
2785981854963247,287037,64,2805,13365,100
2785981860076686,287037,64,2805,13365,100
2785981865187903,287037,64,2805,13365,100
2785981870299104,287037,64,2805,13365,100
2785981875410096,287037,64,2805,13365,100
2785981880521176,287037,64,2805,13365,100
2785981885633693,287037,64,2805,13365,100
2785981890745758,287037,64,2805,13365,100
2785981895858922,287037,64,2805,13365,100
2785981900971230,287037,64,2805,13365,100
2785981906083015,287037,64,2805,13365,100
2785981911196575,287037,64,2805,13365,100
2785981916309071,287037,64,2805,13365,100
2785981921421357,287037,64,2805,13365,100
2785981926533664,287037,64,2805,13365,100
2785981931645772,287037,64,2805,13365,100
2785981936758283,287037,64,2805,13365,100
2785981941870026,287037,64,2805,13365,100
2785981946981585,287037,64,2805,13365,100
2785981952112062,287037,64,2805,13365,100
2785981957223750,287037,64,2805,13365,100
2785981962336898,287037,64,2805,13365,100
2785981967448495,287037,64,2805,13365,100
2785981972560183,287037,64,2805,13365,100
2785981977671676,287037,64,2805,13365,100
2785981982783816,287037,64,2805,13365,100
2785981987895447,287037,64,2805,13365,100
2785981993022779,287037,64,2805,13365,100
2785981998135050,287037,64,2805,13365,100
2785982003246522,287037,64,2805,13365,100
2785982008358046,287037,64,2805,13365,100
2785982013470787,287037,64,2805,13365,100
2785982018582163,287037,64,2805,13365,100
2785982023693616,287037,64,2805,13365,100
2785982028805952,287037,64,2805,13365,100
2785982033917627,287037,64,2805,13365,100
2785982039029711,287037,64,2805,13365,100
2785982044141149,287037,64,2805,13365,100
2785982049252793,287037,64,2805,13365,100
2785982054365324,287037,64,2805,13365,100
2785982059477111,287037,64,2805,13365,100
2785982064589887,287037,64,2805,13365,100
2785982069701627,287037,64,2805,13365,100
2785982074813268,287037,64,2805,13365,100
2785982079924868,287037,64,2805,13365,100
2785982085037204,287037,64,2805,13365,100
2785982090149115,287037,64,2805,13365,100
2785982095260719,287037,64,2805,13365,100
2785982100372202,287037,64,2805,13365,100
2785982105484663,287037,64,2805,13365,100
2785982110596022,287037,64,2805,13365,100
2785982115708923,287037,64,2805,13365,100
2785982120820724,286927,64,2805,13365,100
2785982125932768,286927,64,2805,13365,100
2785982131044290,286927,64,2805,13365,100
2785982136158849,286927,64,2805,13365,100
2785982141271061,286927,64,2805,13365,100
2785982146382722,286927,64,2805,13365,100
2785982151494541,286927,64,2805,13365,100
2785982156606253,286927,64,2805,13365,100
2785982161717931,286927,64,2805,13365,100
2785982166830656,286927,64,2805,13365,100
2785982171942785,286927,64,2805,13365,100
2785982177054116,286927,64,2805,13365,100
2785982182165775,286927,64,2805,13365,100
2785982187277248,286927,64,2805,13365,100
2785982192388673,286927,64,2805,13365,100
2785982197500517,286927,64,2805,13365,100
2785982202611702,286927,64,2805,13365,100
2785982207723117,286927,64,2805,13365,100
2785982212834951,286927,64,2805,13365,100
2785982217947791,286927,64,2805,13365,100
2785982223059564,286927,64,2805,13365,100
2785982228171514,286927,64,2805,13365,100
2785982233283124,286927,64,2805,13365,100
2785982238395389,286927,64,2805,13365,100
2785982243507062,286927,64,2805,13365,100
2785982248618790,286927,64,2805,13365,100
2785982253730158,286927,64,2805,13365,100
2785982258841786,286927,64,2805,13365,100
2785982263953605,286927,64,2805,13365,100
2785982269067663,286927,64,2805,13365,100
2785982274179496,286927,64,2805,13365,100
2785982279291786,286927,64,2805,13365,100
2785982284403117,286927,64,2805,13365,100
2785982289514653,286927,64,2805,13365,100
2785982294626381,286927,64,2805,13365,100
2785982299738198,286927,64,2805,13365,100
2785982304849620,286927,64,2805,13365,100
2785982309961785,286927,64,2805,13365,100
2785982315073615,286927,64,2805,13365,100
2785982320186243,286927,64,2805,13365,100
2785982325297911,286927,64,2805,13365,100
2785982330409441,286927,64,2805,13365,100
2785982335520861,286927,64,2805,13365,100
2785982340632193,286927,64,2805,13365,100
2785982345743974,286927,64,2805,13365,100
2785982350855762,286927,64,2805,13365,100
2785982355967452,286927,64,2805,13365,100
2785982361079591,286927,64,2805,13365,100
2785982366191651,286927,64,2805,13365,100
2785982371304263,286927,64,2805,13365,100
2785982376416782,286927,64,2805,13365,100
2785982381529187,286927,64,2805,13365,100
2785982386641473,286927,64,2805,13365,100
2785982391753969,286927,64,2805,13365,100
2785982396865834,286927,64,2805,13365,100
2785982401978584,286927,64,2805,13365,100
2785982407090682,286927,64,2805,13365,100
2785982412202187,286927,64,2805,13365,100
2785982417313217,286927,64,2805,13365,100
2785982422426751,286927,64,2805,13365,100
2785982427537568,286927,64,2805,13365,100
2785982432649916,286927,64,2805,13365,100
2785982437762177,286927,64,2805,13365,100
2785982442874445,286927,64,2805,13365,100
2785982447986833,286927,64,2805,13365,100
2785982453119114,286927,64,2805,13365,100
2785982458235466,286927,64,2805,13365,100
2785982463347855,286927,64,2805,13365,100
2785982468459723,286927,64,2805,13365,100
2785982473590299,286927,64,2805,13365,100
2785982478702660,286927,64,2805,13365,100
2785982483815028,286927,64,2805,13365,100
2785982488927619,286927,64,2805,13365,100
2785982494039457,286927,64,2805,13365,100
2785982499152142,286927,64,2805,13365,100
2785982504264178,286927,64,2805,13365,100
2785982509374906,286927,64,2805,13365,100
2785982514486195,286927,64,2805,13365,100
2785982519598473,286927,64,2805,13365,100
2785982524712170,286927,64,2805,13365,100
2785982529823527,286927,64,2805,13365,100
2785982534936580,286927,64,2805,13365,100
2785982540049169,286927,64,2805,13365,100
2785982545171693,286927,64,2805,13365,100
2785982550292370,286927,64,2805,13365,100
2785982555403369,286927,64,2805,13365,100
2785982560516041,286927,64,2805,13365,100
2785982565628065,286927,64,2805,13365,100
2785982570740219,286927,64,2805,13365,100
2785982575852383,286927,64,2805,13365,100
2785982580965058,286927,64,2805,13365,100
2785982586067057,286927,64,2805,13365,100
2785982591180661,286927,64,2805,13365,100
2785982596292151,286927,64,2805,13365,100
2785982601404536,286927,64,2805,13365,100
2785982606517526,286927,64,2805,13365,100
2785982611628474,286927,64,2805,13365,100
2785982616739783,286927,64,2805,13365,100
2785982621850735,286743,64,2805,13365,100
2785982626966551,286743,64,2805,13365,100
2785982632078557,286743,64,2805,13365,100
2785982637189787,286743,64,2805,13365,100
2785982642301529,286743,64,2805,13365,100
2785982647413903,286743,64,2805,13365,100
2785982652526694,286743,64,2805,13365,100
2785982657638050,286743,64,2805,13365,100
2785982662750518,286743,64,2805,13365,100
2785982667862761,286743,64,2805,13365,100
2785982672974552,286743,64,2805,13365,100
2785982678088700,286743,64,2805,13365,100
2785982683200892,286743,64,2805,13365,100
2785982688312376,286743,64,2805,13365,100
2785982693423789,286743,64,2805,13365,100
2785982698535005,286743,64,2805,13365,100
2785982703646594,286743,64,2805,13365,100
2785982708759268,286743,64,2805,13365,100
2785982713884795,286743,64,2805,13365,100
2785982718996635,286743,64,2805,13365,100
2785982724127307,286743,64,2805,13365,100
2785982729240472,286743,64,2805,13365,100
2785982734351945,286743,64,2805,13365,100
2785982739463608,286743,64,2805,13365,100
2785982744575317,286743,64,2805,13365,100
2785982749686817,286743,64,2805,13365,100
2785982754799066,286743,64,2805,13365,100
2785982759910442,286743,64,2805,13365,100
2785982765022222,286743,64,2805,13365,100
2785982770133809,286743,64,2805,13365,100
2785982775245347,286743,64,2805,13365,100
2785982780358519,286743,64,2805,13365,100
2785982785470552,286743,64,2805,13365,100
2785982790582652,286743,64,2805,13365,100
2785982795694405,286743,64,2805,13365,100
2785982800805875,286743,64,2805,13365,100
2785982805917554,286743,64,2805,13365,100
2785982811029135,286743,64,2805,13365,100
2785982816141147,286743,64,2805,13365,100
2785982821253411,286743,64,2805,13365,100
2785982826365137,286743,64,2805,13365,100
2785982831478300,286743,64,2805,13365,100
2785982836590017,286743,64,2805,13365,100
2785982841701721,286743,64,2805,13365,100
2785982846813282,286743,64,2805,13365,100
2785982851950525,286743,64,2805,13365,100
2785982857061869,286743,64,2805,13365,100
2785982862173620,286743,64,2805,13365,100
2785982867285252,286743,64,2805,13365,100
2785982872397063,286743,64,2805,13365,100
2785982877508643,286743,64,2805,13365,100
2785982882621456,286743,64,2805,13365,100
2785982887733324,286743,64,2805,13365,100
2785982892844800,286743,64,2805,13365,100
2785982897956665,286743,64,2805,13365,100
2785982903068250,286743,64,2805,13365,100
2785982908179740,286743,64,2805,13365,100
2785982913291554,286743,64,2805,13365,100
2785982918403758,286743,64,2805,13365,100
2785982923514793,286743,64,2805,13365,100
2785982928626367,286743,64,2805,13365,100
2785982933739456,286743,64,2805,13365,100
2785982938850826,286743,64,2805,13365,100
2785982943975940,286743,64,2805,13365,100
2785982949088181,286743,64,2805,13365,100
2785982954199773,286743,64,2805,13365,100
2785982959312166,286743,64,2805,13365,100
2785982964423823,286743,64,2805,13365,100
2785982969535407,286743,64,2805,13365,100
2785982974646855,286743,64,2805,13365,100
2785982979764616,286743,64,2805,13365,100
2785982984877856,286743,64,2805,13365,100
2785982989989105,286743,64,2805,13365,100
2785982995116615,286743,64,2805,13365,100
2785983000228509,286743,64,2805,13365,100
2785983005340878,286743,64,2805,13365,100
2785983010452958,286743,64,2805,13365,100
2785983015564602,286743,64,2805,13365,100
2785983020676311,286743,64,2805,13365,100
2785983025787755,286743,64,2805,13365,100
2785983030899568,286743,64,2805,13365,100
2785983036030472,286743,64,2805,13365,100
2785983041142274,286743,64,2805,13365,100
2785983046254001,286743,64,2805,13365,100
2785983051372333,286743,64,2805,13365,100
2785983056484101,286743,64,2805,13365,100
2785983061595645,286743,64,2805,13365,100
2785983066707182,286743,64,2805,13365,100
2785983071818703,286743,64,2805,13365,100
2785983076930339,286743,64,2805,13365,100
2785983082041135,286743,64,2805,13365,100
2785983087154344,286743,64,2805,13365,100
2785983092266140,286743,64,2805,13365,100
2785983097377465,286743,64,2805,13365,100
2785983102489317,286743,64,2805,13365,100
2785983107601126,286743,64,2805,13365,100
2785983112713184,286743,64,2805,13365,100
2785983117824846,286743,64,2805,13365,100
2785983122936691,286746,64,2805,13365,100
2785983128064663,286746,64,2805,13365,100
2785983133176281,286746,64,2805,13365,100
2785983138289576,286746,64,2805,13365,100
2785983143401232,286746,64,2805,13365,100
2785983148512989,286746,64,2805,13365,100
2785983153624521,286746,64,2805,13365,100
2785983158736174,286746,64,2805,13365,100
2785983163847738,286746,64,2805,13365,100
2785983168959223,286746,64,2805,13365,100
2785983174070943,286746,64,2805,13365,100
2785983179182459,286746,64,2805,13365,100
2785983184307020,286746,64,2805,13365,100
2785983189420152,286746,64,2805,13365,100
2785983194531536,286746,64,2805,13365,100
2785983199643339,286746,64,2805,13365,100
2785983204754950,286746,64,2805,13365,100
2785983209866349,286746,64,2805,13365,100
2785983214977726,286746,64,2805,13365,100
2785983220088874,286746,64,2805,13365,100
2785983225200662,286746,64,2805,13365,100
2785983230312156,286746,64,2805,13365,100
2785983235423868,286746,64,2805,13365,100
2785983240536700,286746,64,2805,13365,100
2785983245648093,286746,64,2805,13365,100
2785983250759608,286746,64,2805,13365,100
2785983255871249,286746,64,2805,13365,100
2785983260983113,286746,64,2805,13365,100
2785983266112942,286746,64,2805,13365,100
2785983271224413,286746,64,2805,13365,100
2785983276335923,286746,64,2805,13365,100
2785983281447649,286746,64,2805,13365,100
2785983286559120,286746,64,2805,13365,100
2785983291672418,286746,64,2805,13365,100
2785983296783817,286746,64,2805,13365,100
2785983301895587,286746,64,2805,13365,100
2785983307023513,286746,64,2805,13365,100
2785983312135290,286746,64,2805,13365,100
2785983317262146,286746,64,2805,13365,100
2785983322373655,286746,64,2805,13365,100
2785983327485010,286746,64,2805,13365,100
2785983332596439,286746,64,2805,13365,100
2785983337707832,286746,64,2805,13365,100
2785983342821036,286746,64,2805,13365,100
2785983347932800,286746,64,2805,13365,100
2785983353044332,286746,64,2805,13365,100
2785983358155777,286746,64,2805,13365,100
2785983363267398,286746,64,2805,13365,100
2785983368379018,286746,64,2805,13365,100
2785983373489594,286746,64,2805,13365,100
2785983378601358,286746,64,2805,13365,100
2785983383712715,286746,64,2805,13365,100
2785983388824327,286746,64,2805,13365,100
2785983393937384,286746,64,2805,13365,100
2785983399049165,286746,64,2805,13365,100
2785983404160567,286746,64,2805,13365,100
2785983409272366,286746,64,2805,13365,100
2785983414383822,286746,64,2805,13365,100
2785983419495554,286746,64,2805,13365,100
2785983424607365,286746,64,2805,13365,100
2785983429719219,286746,64,2805,13365,100
2785983434830994,286746,64,2805,13365,100
2785983439944108,286746,64,2805,13365,100
2785983445057282,286746,64,2805,13365,100
2785983450168960,286746,64,2805,13365,100
2785983455280741,286746,64,2805,13365,100
2785983460392582,286746,64,2805,13365,100
2785983465504434,286746,64,2805,13365,100
2785983470616678,286746,64,2805,13365,100
2785983475728271,286746,64,2805,13365,100
2785983480840143,286746,64,2805,13365,100
2785983485952047,286746,64,2805,13365,100
2785983491063612,286746,64,2805,13365,100
2785983496176926,286746,64,2805,13365,100
2785983501288753,286746,64,2805,13365,100
2785983506401923,286746,64,2805,13365,100
2785983511513934,286746,64,2805,13365,100
2785983516625737,286746,64,2805,13365,100
2785983521737102,286746,64,2805,13365,100
2785983526848722,286746,64,2805,13365,100
2785983531960091,286746,64,2805,13365,100
2785983537071722,286746,64,2805,13365,100
2785983542183776,286746,64,2805,13365,100
2785983547296604,286746,64,2805,13365,100
2785983552407868,286746,64,2805,13365,100
2785983557519654,286746,64,2805,13365,100
2785983562631284,286746,64,2805,13365,100
2785983567742628,286746,64,2805,13365,100
2785983572854187,286746,64,2805,13365,100
2785983577965791,286746,64,2805,13365,100
2785983583077421,286746,64,2805,13365,100
2785983588189119,286746,64,2805,13365,100
2785983593300905,286746,64,2805,13365,100
2785983598414135,286746,64,2805,13365,100
2785983603525859,286746,64,2805,13365,100
2785983608637529,286746,64,2805,13365,100
2785983613759450,286746,64,2805,13365,100
2785983618871718,286746,64,2805,13365,100
2785983623983351,286850,64,2805,13365,100
2785983629125775,286850,64,2805,13365,100
2785983634237460,286850,64,2805,13365,100
2785983639349079,286850,64,2805,13365,100
2785983644460592,286850,64,2805,13365,100
2785983649573857,286850,64,2805,13365,100
2785983654686085,286850,64,2805,13365,100
2785983659798342,286850,64,2805,13365,100
2785983664910017,286850,64,2805,13365,100
2785983670021434,286850,64,2805,13365,100
2785983675133126,286850,64,2805,13365,100
2785983680244778,286850,64,2805,13365,100
2785983685356344,286850,64,2805,13365,100
2785983690466921,286850,64,2805,13365,100
2785983695578326,286850,64,2805,13365,100
2785983700691292,286850,64,2805,13365,100
2785983705802845,286850,64,2805,13365,100
2785983710914591,286850,64,2805,13365,100
2785983716026482,286850,64,2805,13365,100
2785983721138480,286850,64,2805,13365,100
2785983726250674,286850,64,2805,13365,100
2785983731375779,286850,64,2805,13365,100
2785983736487513,286850,64,2805,13365,100
2785983741600020,286850,64,2805,13365,100
2785983746711800,286850,64,2805,13365,100
2785983751824887,286850,64,2805,13365,100
2785983756936437,286850,64,2805,13365,100
2785983762047785,286850,64,2805,13365,100
2785983767159478,286850,64,2805,13365,100
2785983772271538,286850,64,2805,13365,100
2785983777383067,286850,64,2805,13365,100
2785983782511013,286850,64,2805,13365,100
2785983787622619,286850,64,2805,13365,100
2785983792734048,286850,64,2805,13365,100
2785983797845681,286850,64,2805,13365,100
2785983802959096,286850,64,2805,13365,100
2785983808071285,286850,64,2805,13365,100
2785983813182907,286850,64,2805,13365,100
2785983818294393,286850,64,2805,13365,100
2785983823405962,286850,64,2805,13365,100
2785983828517600,286850,64,2805,13365,100
2785983833629423,286850,64,2805,13365,100
2785983838741411,286850,64,2805,13365,100
2785983843852766,286850,64,2805,13365,100
2785983848964525,286850,64,2805,13365,100
2785983854078164,286850,64,2805,13365,100
2785983859189699,286850,64,2805,13365,100
2785983864301357,286850,64,2805,13365,100
2785983869413922,286850,64,2805,13365,100
2785983874525754,286850,64,2805,13365,100
2785983879637155,286850,64,2805,13365,100
2785983884748836,286850,64,2805,13365,100
2785983889860293,286850,64,2805,13365,100
2785983894971512,286850,64,2805,13365,100
2785983900083336,286850,64,2805,13365,100
2785983905196932,286850,64,2805,13365,100
2785983910308238,286850,64,2805,13365,100
2785983915419702,286850,64,2805,13365,100
2785983920531426,286850,64,2805,13365,100
2785983925642918,286850,64,2805,13365,100
2785983930754487,286850,64,2805,13365,100
2785983935865515,286850,64,2805,13365,100
2785983940977152,286850,64,2805,13365,100
2785983946088754,286850,64,2805,13365,100
2785983951200017,286850,64,2805,13365,100
2785983956313209,286850,64,2805,13365,100
2785983961425527,286850,64,2805,13365,100
2785983966537181,286850,64,2805,13365,100
2785983971649511,286850,64,2805,13365,100
2785983976761121,286850,64,2805,13365,100
2785983981872658,286850,64,2805,13365,100
2785983986984471,286850,64,2805,13365,100
2785983992112227,286850,64,2805,13365,100
2785983997224244,286850,64,2805,13365,100
2785984002335910,286850,64,2805,13365,100
2785984007448820,286850,64,2805,13365,100
2785984012560671,286850,64,2805,13365,100
2785984017672556,286850,64,2805,13365,100
2785984022784454,286850,64,2805,13365,100
2785984027895812,286850,64,2805,13365,100
2785984033025307,286850,64,2805,13365,100
2785984038136707,286850,64,2805,13365,100
2785984043248087,286850,64,2805,13365,100
2785984048359784,286850,64,2805,13365,100
2785984053471321,286850,64,2805,13365,100
2785984058593740,286850,64,2805,13365,100
2785984063705345,286850,64,2805,13365,100
2785984068863213,286850,64,2805,13365,100
2785984073974724,286850,64,2805,13365,100
2785984079086448,286850,64,2805,13365,100
2785984084197886,286850,64,2805,13365,100
2785984089312105,286850,64,2805,13365,100
2785984094423371,286850,64,2805,13365,100
2785984099535112,286850,64,2805,13365,100
2785984104646878,286850,64,2805,13365,100
2785984109760017,286850,64,2805,13365,100
2785984114871405,286850,64,2805,13365,100
2785984119983065,286850,64,2805,13365,100
2785984125120922,286956,64,2805,13365,100
2785984130232346,286956,64,2805,13365,100
2785984135343950,286956,64,2805,13365,100
2785984140455439,286956,64,2805,13365,100
2785984145567095,286956,64,2805,13365,100
2785984150678710,286956,64,2805,13365,100
2785984155790340,286956,64,2805,13365,100
2785984160903393,286956,64,2805,13365,100
2785984166028285,286956,64,2805,13365,100
2785984171139949,286956,64,2805,13365,100
2785984176251372,286956,64,2805,13365,100
2785984181362738,286956,64,2805,13365,100
2785984186474268,286956,64,2805,13365,100
2785984191585687,286956,64,2805,13365,100
2785984196708949,286956,64,2805,13365,100
2785984201820676,286956,64,2805,13365,100
2785984206932013,286956,64,2805,13365,100
2785984212045225,286956,64,2805,13365,100
2785984217157181,286956,64,2805,13365,100
2785984222268886,286956,64,2805,13365,100
2785984227380430,286956,64,2805,13365,100
2785984232491062,286956,64,2805,13365,100
2785984237602672,286956,64,2805,13365,100
2785984242714079,286956,64,2805,13365,100
2785984247825675,286956,64,2805,13365,100
2785984252937211,286956,64,2805,13365,100
2785984258048904,286956,64,2805,13365,100
2785984263162260,286956,64,2805,13365,100
2785984268285441,286956,64,2805,13365,100
2785984273397050,286956,64,2805,13365,100
2785984278515113,286956,64,2805,13365,100
2785984283626686,286956,64,2805,13365,100
2785984288738043,286956,64,2805,13365,100
2785984293849875,286956,64,2805,13365,100
2785984298961352,286956,64,2805,13365,100
2785984304072735,286956,64,2805,13365,100
2785984309184376,286956,64,2805,13365,100
2785984314297320,286956,64,2805,13365,100
2785984319408777,286956,64,2805,13365,100
2785984324520642,286956,64,2805,13365,100
2785984329632022,286956,64,2805,13365,100
2785984334743770,286956,64,2805,13365,100
2785984339855159,286956,64,2805,13365,100
2785984344967052,286956,64,2805,13365,100
2785984350078809,286956,64,2805,13365,100
2785984355190239,286956,64,2805,13365,100
2785984360302491,286956,64,2805,13365,100
2785984365433669,286956,64,2805,13365,100
2785984370545833,286956,64,2805,13365,100
2785984375657989,286956,64,2805,13365,100
2785984380769801,286956,64,2805,13365,100
2785984385881491,286956,64,2805,13365,100
2785984390993626,286956,64,2805,13365,100
2785984396122481,286956,64,2805,13365,100
2785984401233975,286956,64,2805,13365,100
2785984406345908,286956,64,2805,13365,100
2785984411458074,286956,64,2805,13365,100
2785984416571508,286956,64,2805,13365,100
2785984421683323,286956,64,2805,13365,100
2785984426795242,286956,64,2805,13365,100
2785984431908550,286956,64,2805,13365,100
2785984437039386,286956,64,2805,13365,100
2785984442151641,286956,64,2805,13365,100
2785984447264467,286956,64,2805,13365,100
2785984452400039,286956,64,2805,13365,100
2785984457519819,286956,64,2805,13365,100
2785984462631128,286956,64,2805,13365,100
2785984467744852,286956,64,2805,13365,100
2785984472856385,286956,64,2805,13365,100
2785984477967501,286956,64,2805,13365,100
2785984483079021,286956,64,2805,13365,100
2785984488190594,286956,64,2805,13365,100
2785984493302350,286956,64,2805,13365,100
2785984498413563,286956,64,2805,13365,100
2785984503525147,286956,64,2805,13365,100
2785984508636707,286956,64,2805,13365,100
2785984513748357,286956,64,2805,13365,100
2785984518861516,286956,64,2805,13365,100
2785984523973185,286956,64,2805,13365,100
2785984529084721,286956,64,2805,13365,100
2785984534197009,286956,64,2805,13365,100
2785984539308538,286956,64,2805,13365,100
2785984544420176,286956,64,2805,13365,100
2785984549531795,286956,64,2805,13365,100
2785984554644025,286956,64,2805,13365,100
2785984559755471,286956,64,2805,13365,100
2785984564867661,286956,64,2805,13365,100
2785984569980716,286956,64,2805,13365,100
2785984575092801,286956,64,2805,13365,100
2785984580204281,286956,64,2805,13365,100
2785984585315826,286956,64,2805,13365,100
2785984590427642,286956,64,2805,13365,100
2785984595539580,286956,64,2805,13365,100
2785984600651083,286956,64,2805,13365,100
2785984605762949,286956,64,2805,13365,100
2785984610874599,286956,64,2805,13365,100
2785984615986204,286956,64,2805,13365,100
2785984621116104,286947,64,2805,13365,100
2785984626227789,286947,64,2805,13365,100
2785984631339698,286947,64,2805,13365,100
2785984636451308,286947,64,2805,13365,100
2785984641562927,286947,64,2805,13365,100
2785984646674599,286947,64,2805,13365,100
2785984651786881,286947,64,2805,13365,100
2785984656898495,286947,64,2805,13365,100
2785984662026039,286947,64,2805,13365,100
2785984667138069,286947,64,2805,13365,100
2785984672251119,286947,64,2805,13365,100
2785984677362777,286947,64,2805,13365,100
2785984682474469,286947,64,2805,13365,100
2785984687586292,286947,64,2805,13365,100
2785984692697774,286947,64,2805,13365,100
2785984697810010,286947,64,2805,13365,100
2785984702921805,286947,64,2805,13365,100
2785984708033299,286947,64,2805,13365,100
2785984713144960,286947,64,2805,13365,100
2785984718256676,286947,64,2805,13365,100
2785984723369621,286947,64,2805,13365,100
2785984728480529,286947,64,2805,13365,100
2785984733592394,286947,64,2805,13365,100
2785984738704089,286947,64,2805,13365,100
2785984743815710,286947,64,2805,13365,100
2785984748927298,286947,64,2805,13365,100
2785984754038823,286947,64,2805,13365,100
2785984759150203,286947,64,2805,13365,100
2785984764262578,286947,64,2805,13365,100
2785984769373683,286947,64,2805,13365,100
2785984774486901,286947,64,2805,13365,100
2785984779598681,286947,64,2805,13365,100
2785984784710076,286947,64,2805,13365,100
2785984789821774,286947,64,2805,13365,100
2785984794933854,286947,64,2805,13365,100
2785984800045335,286947,64,2805,13365,100
2785984805157019,286947,64,2805,13365,100
2785984810268518,286947,64,2805,13365,100
2785984815380002,286947,64,2805,13365,100
2785984820491400,286947,64,2805,13365,100
2785984825604745,286947,64,2805,13365,100
2785984830716215,286947,64,2805,13365,100
2785984835827725,286947,64,2805,13365,100
2785984840939134,286947,64,2805,13365,100
2785984846050663,286947,64,2805,13365,100
2785984851162175,286947,64,2805,13365,100
2785984856273678,286947,64,2805,13365,100
2785984861385935,286947,64,2805,13365,100
2785984866497388,286947,64,2805,13365,100
2785984871609144,286947,64,2805,13365,100
2785984876722557,286947,64,2805,13365,100
2785984881834234,286947,64,2805,13365,100
2785984886945726,286947,64,2805,13365,100
2785984892057710,286947,64,2805,13365,100
2785984897169222,286947,64,2805,13365,100
2785984902290787,286947,64,2805,13365,100
2785984907402151,286947,64,2805,13365,100
2785984912513839,286947,64,2805,13365,100
2785984917625560,286947,64,2805,13365,100
2785984922737341,286947,64,2805,13365,100
2785984927851139,286947,64,2805,13365,100
2785984932979622,286947,64,2805,13365,100
2785984938091226,286947,64,2805,13365,100
2785984943202794,286947,64,2805,13365,100
2785984948314271,286947,64,2805,13365,100
2785984953425595,286947,64,2805,13365,100
2785984958537795,286947,64,2805,13365,100
2785984963649328,286947,64,2805,13365,100
2785984968761020,286947,64,2805,13365,100
2785984973872746,286947,64,2805,13365,100
2785984978986058,286947,64,2805,13365,100
2785984984116115,286947,64,2805,13365,100
2785984989228158,286947,64,2805,13365,100
2785984994340146,286947,64,2805,13365,100
2785984999452019,286947,64,2805,13365,100
2785985004563271,286947,64,2805,13365,100
2785985009675543,286947,64,2805,13365,100
2785985014787196,286947,64,2805,13365,100
2785985019898598,286947,64,2805,13365,100
2785985025027736,286947,64,2805,13365,100
2785985030140761,286947,64,2805,13365,100
2785985035252166,286947,64,2805,13365,100
2785985040363565,286947,64,2805,13365,100
2785985045475008,286947,64,2805,13365,100
2785985050586819,286947,64,2805,13365,100
2785985055699129,286947,64,2805,13365,100
2785985060810732,286947,64,2805,13365,100
2785985065922400,286947,64,2805,13365,100
2785985071033716,286947,64,2805,13365,100
2785985076164347,286947,64,2805,13365,100
2785985081277517,286947,64,2805,13365,100
2785985086388969,286947,64,2805,13365,100
2785985091517346,286947,64,2805,13365,100
2785985096628866,286947,64,2805,13365,100
2785985101740742,286947,64,2805,13365,100
2785985106852343,286947,64,2805,13365,100
2785985111964007,286947,64,2805,13365,100
2785985117075549,286947,64,2805,13365,100
2785985122187108,286921,64,2805,13365,100
2785985127298585,286921,64,2805,13365,100
2785985132411669,286921,64,2805,13365,100
2785985137523318,286921,64,2805,13365,100
2785985142634770,286921,64,2805,13365,100
2785985147746626,286921,64,2805,13365,100
2785985152858353,286921,64,2805,13365,100
2785985157969747,286921,64,2805,13365,100
2785985163081396,286921,64,2805,13365,100
2785985168192539,286921,64,2805,13365,100
2785985173304425,286921,64,2805,13365,100
2785985178430755,286921,64,2805,13365,100
2785985183543653,286921,64,2805,13365,100
2785985188655165,286921,64,2805,13365,100
2785985193766986,286921,64,2805,13365,100
2785985198878667,286921,64,2805,13365,100
2785985203990103,286921,64,2805,13365,100
2785985209118331,286921,64,2805,13365,100
2785985214229415,286921,64,2805,13365,100
2785985219340579,286921,64,2805,13365,100
2785985224451924,286921,64,2805,13365,100
2785985229563268,286921,64,2805,13365,100
2785985234676473,286921,64,2805,13365,100
2785985239789061,286921,64,2805,13365,100
2785985244908185,286921,64,2805,13365,100
2785985250028671,286921,64,2805,13365,100
2785985255140215,286921,64,2805,13365,100
2785985260251575,286921,64,2805,13365,100
2785985265363211,286921,64,2805,13365,100
2785985270474922,286921,64,2805,13365,100
2785985275586526,286921,64,2805,13365,100
2785985280698185,286921,64,2805,13365,100
2785985285810969,286921,64,2805,13365,100
2785985290923353,286921,64,2805,13365,100
2785985296035702,286921,64,2805,13365,100
2785985301147854,286921,64,2805,13365,100
2785985306260070,286921,64,2805,13365,100
2785985311371717,286921,64,2805,13365,100
2785985316483023,286921,64,2805,13365,100
2785985321594898,286921,64,2805,13365,100
2785985326706770,286921,64,2805,13365,100
2785985331818567,286921,64,2805,13365,100
2785985336932166,286921,64,2805,13365,100
2785985342043909,286921,64,2805,13365,100
2785985347156282,286921,64,2805,13365,100
2785985352272934,286921,64,2805,13365,100
2785985357384911,286921,64,2805,13365,100
2785985362497455,286921,64,2805,13365,100
2785985367609758,286921,64,2805,13365,100
2785985372722048,286921,64,2805,13365,100
2785985377833705,286921,64,2805,13365,100
2785985382945085,286921,64,2805,13365,100
2785985388058777,286921,64,2805,13365,100
2785985393170845,286921,64,2805,13365,100
2785985398282974,286921,64,2805,13365,100
2785985403394698,286921,64,2805,13365,100
2785985408506319,286921,64,2805,13365,100
2785985413618027,286921,64,2805,13365,100
2785985418729595,286921,64,2805,13365,100
2785985423841039,286921,64,2805,13365,100
2785985428953704,286921,64,2805,13365,100
2785985434065728,286921,64,2805,13365,100
2785985439178865,286921,64,2805,13365,100
2785985444290097,286921,64,2805,13365,100
2785985449401674,286921,64,2805,13365,100
2785985454512880,286921,64,2805,13365,100
2785985459624850,286921,64,2805,13365,100
2785985464736961,286921,64,2805,13365,100
2785985469848435,286921,64,2805,13365,100
2785985474960240,286921,64,2805,13365,100
2785985480072089,286921,64,2805,13365,100
2785985485183689,286921,64,2805,13365,100
2785985490296778,286921,64,2805,13365,100
2785985495409201,286921,64,2805,13365,100
2785985500521030,286921,64,2805,13365,100
2785985505632706,286921,64,2805,13365,100
2785985510744475,286921,64,2805,13365,100
2785985515855819,286921,64,2805,13365,100
2785985520967668,286921,64,2805,13365,100
2785985526080080,286921,64,2805,13365,100
2785985531191545,286921,64,2805,13365,100
2785985536303205,286921,64,2805,13365,100
2785985541416317,286921,64,2805,13365,100
2785985546527982,286921,64,2805,13365,100
2785985551639804,286921,64,2805,13365,100
2785985556752910,286921,64,2805,13365,100
2785985561864959,286921,64,2805,13365,100
2785985566976612,286921,64,2805,13365,100
2785985572088296,286921,64,2805,13365,100
2785985577199744,286921,64,2805,13365,100
2785985582311201,286921,64,2805,13365,100
2785985587422697,286921,64,2805,13365,100
2785985592536319,286921,64,2805,13365,100
2785985597648049,286921,64,2805,13365,100
2785985602759623,286921,64,2805,13365,100
2785985607871207,286921,64,2805,13365,100
2785985612982724,286921,64,2805,13365,100
2785985618110674,286921,64,2805,13365,100
2785985623222052,286795,64,2805,13365,100
2785985628333836,286795,64,2805,13365,100
2785985633445376,286795,64,2805,13365,100
2785985638556786,286795,64,2805,13365,100
2785985643670009,286795,64,2805,13365,100
2785985648782422,286795,64,2805,13365,100
2785985653893758,286795,64,2805,13365,100
2785985659021275,286795,64,2805,13365,100
2785985664133527,286795,64,2805,13365,100
2785985669245411,286795,64,2805,13365,100
2785985674356775,286795,64,2805,13365,100
2785985679468287,286795,64,2805,13365,100
2785985684580140,286795,64,2805,13365,100
2785985689691830,286795,64,2805,13365,100
2785985694805327,286795,64,2805,13365,100
2785985699916838,286795,64,2805,13365,100
2785985705028282,286795,64,2805,13365,100
2785985710139875,286795,64,2805,13365,100
2785985715251151,286795,64,2805,13365,100
2785985720362891,286795,64,2805,13365,100
2785985725473808,286795,64,2805,13365,100
2785985730585585,286795,64,2805,13365,100
2785985735718333,286795,64,2805,13365,100
2785985740829981,286795,64,2805,13365,100
2785985745959886,286795,64,2805,13365,100
2785985751071622,286795,64,2805,13365,100
2785985756183138,286795,64,2805,13365,100
2785985761294783,286795,64,2805,13365,100
2785985766406287,286795,64,2805,13365,100
2785985771517955,286795,64,2805,13365,100
2785985776629396,286795,64,2805,13365,100
2785985781741053,286795,64,2805,13365,100
2785985786852727,286795,64,2805,13365,100
2785985791964057,286795,64,2805,13365,100
2785985797077113,286795,64,2805,13365,100
2785985802188930,286795,64,2805,13365,100
2785985807300751,286795,64,2805,13365,100
2785985812412454,286795,64,2805,13365,100
2785985817523895,286795,64,2805,13365,100
2785985822635243,286795,64,2805,13365,100
2785985827746748,286795,64,2805,13365,100
2785985832858077,286795,64,2805,13365,100
2785985837969537,286795,64,2805,13365,100
2785985843080673,286795,64,2805,13365,100
2785985848192646,286795,64,2805,13365,100
2785985853304662,286795,64,2805,13365,100
2785985858423334,286795,64,2805,13365,100
2785985863534975,286795,64,2805,13365,100
2785985868646509,286795,64,2805,13365,100
2785985873758203,286795,64,2805,13365,100
2785985878869644,286795,64,2805,13365,100
2785985883981432,286795,64,2805,13365,100
2785985889092613,286795,64,2805,13365,100
2785985894203930,286795,64,2805,13365,100
2785985899316798,286795,64,2805,13365,100
2785985904428830,286795,64,2805,13365,100
2785985909540063,286795,64,2805,13365,100
2785985914651587,286795,64,2805,13365,100
2785985919763267,286795,64,2805,13365,100
2785985924874856,286795,64,2805,13365,100
2785985929986368,286795,64,2805,13365,100
2785985935115280,286795,64,2805,13365,100
2785985940227721,286795,64,2805,13365,100
2785985945339130,286795,64,2805,13365,100
2785985950452794,286795,64,2805,13365,100
2785985955564352,286795,64,2805,13365,100
2785985960675762,286795,64,2805,13365,100
2785985965787873,286795,64,2805,13365,100
2785985970898940,286795,64,2805,13365,100
2785985976018540,286795,64,2805,13365,100
2785985981129800,286795,64,2805,13365,100
2785985986241040,286795,64,2805,13365,100
2785985991351963,286795,64,2805,13365,100
2785985996463547,286795,64,2805,13365,100
2785986001576302,286795,64,2805,13365,100
2785986006687914,286795,64,2805,13365,100
2785986011800286,286795,64,2805,13365,100
2785986016912683,286795,64,2805,13365,100
2785986022025404,286795,64,2805,13365,100
2785986027137304,286795,64,2805,13365,100
2785986032249645,286795,64,2805,13365,100
2785986037361435,286795,64,2805,13365,100
2785986042473267,286795,64,2805,13365,100
2785986047584809,286795,64,2805,13365,100
2785986052698178,286795,64,2805,13365,100
2785986057810366,286795,64,2805,13365,100
2785986062922037,286795,64,2805,13365,100
2785986068033663,286795,64,2805,13365,100
2785986073145119,286795,64,2805,13365,100
2785986078256856,286795,64,2805,13365,100
2785986083368524,286795,64,2805,13365,100
2785986088480599,286795,64,2805,13365,100
2785986093592349,286795,64,2805,13365,100
2785986098703886,286795,64,2805,13365,100
2785986103817170,286795,64,2805,13365,100
2785986108928986,286795,64,2805,13365,100
2785986114040539,286795,64,2805,13365,100
2785986119153075,286795,64,2805,13365,100
2785986124282844,286649,64,2805,13365,100
2785986129394394,286649,64,2805,13365,100
2785986134506028,286649,64,2805,13365,100
2785986139617401,286649,64,2805,13365,100
2785986144729146,286649,64,2805,13365,100
2785986149841266,286649,64,2805,13365,100
2785986154954986,286649,64,2805,13365,100
2785986160066559,286649,64,2805,13365,100
2785986165178419,286649,64,2805,13365,100
2785986170290459,286649,64,2805,13365,100
2785986175401912,286649,64,2805,13365,100
2785986180513568,286649,64,2805,13365,100
2785986185625961,286649,64,2805,13365,100
2785986190737629,286649,64,2805,13365,100
2785986195849091,286649,64,2805,13365,100
2785986200960489,286649,64,2805,13365,100
2785986206073418,286649,64,2805,13365,100
2785986211184634,286649,64,2805,13365,100
2785986216296809,286649,64,2805,13365,100
2785986221408141,286649,64,2805,13365,100
2785986226519408,286649,64,2805,13365,100
2785986231638096,286649,64,2805,13365,100
2785986236749809,286649,64,2805,13365,100
2785986241861429,286649,64,2805,13365,100
2785986246972949,286649,64,2805,13365,100
2785986252085238,286649,64,2805,13365,100
2785986257198170,286649,64,2805,13365,100
2785986262309747,286649,64,2805,13365,100
2785986267421403,286649,64,2805,13365,100
2785986272533138,286649,64,2805,13365,100
2785986277644782,286649,64,2805,13365,100
2785986282776874,286649,64,2805,13365,100
2785986287888309,286649,64,2805,13365,100
2785986292999685,286649,64,2805,13365,100
2785986298128739,286649,64,2805,13365,100
2785986303240137,286649,64,2805,13365,100
2785986308352878,286649,64,2805,13365,100
2785986313464398,286649,64,2805,13365,100
2785986318576055,286649,64,2805,13365,100
2785986323687611,286649,64,2805,13365,100
2785986328799624,286649,64,2805,13365,100
2785986333911158,286649,64,2805,13365,100
2785986339023048,286649,64,2805,13365,100
2785986344134709,286649,64,2805,13365,100
2785986349246237,286649,64,2805,13365,100
2785986354357661,286649,64,2805,13365,100
2785986359472607,286649,64,2805,13365,100
2785986364593302,286649,64,2805,13365,100
2785986369705511,286649,64,2805,13365,100
2785986374817064,286649,64,2805,13365,100
2785986379928483,286649,64,2805,13365,100
2785986385040268,286649,64,2805,13365,100
2785986390151892,286649,64,2805,13365,100
2785986395263158,286649,64,2805,13365,100
2785986400390807,286649,64,2805,13365,100
2785986405502594,286649,64,2805,13365,100
2785986410615606,286649,64,2805,13365,100
2785986415727670,286649,64,2805,13365,100
2785986420838895,286649,64,2805,13365,100
2785986425950315,286649,64,2805,13365,100
2785986431062548,286649,64,2805,13365,100
2785986436174388,286649,64,2805,13365,100
2785986441286201,286649,64,2805,13365,100
2785986446397801,286649,64,2805,13365,100
2785986451509510,286649,64,2805,13365,100
2785986456621864,286649,64,2805,13365,100
2785986461734726,286649,64,2805,13365,100
2785986466846438,286649,64,2805,13365,100
2785986471957987,286649,64,2805,13365,100
2785986477069588,286649,64,2805,13365,100
2785986482181268,286649,64,2805,13365,100
2785986487292992,286649,64,2805,13365,100
2785986492404916,286649,64,2805,13365,100
2785986497516619,286649,64,2805,13365,100
2785986502627954,286649,64,2805,13365,100
2785986507739634,286649,64,2805,13365,100
2785986512852806,286649,64,2805,13365,100
2785986517964218,286649,64,2805,13365,100
2785986523076472,286649,64,2805,13365,100
2785986528187991,286649,64,2805,13365,100
2785986533299536,286649,64,2805,13365,100
2785986538410887,286649,64,2805,13365,100
2785986543522381,286649,64,2805,13365,100
2785986548633941,286649,64,2805,13365,100
2785986553745947,286649,64,2805,13365,100
2785986558857484,286649,64,2805,13365,100
2785986563970247,286649,64,2805,13365,100
2785986569081639,286649,64,2805,13365,100
2785986574193132,286649,64,2805,13365,100
2785986579304472,286649,64,2805,13365,100
2785986584416596,286649,64,2805,13365,100
2785986589529065,286649,64,2805,13365,100
2785986594640625,286649,64,2805,13365,100
2785986599735642,286649,64,2805,13365,100
2785986604846626,286649,64,2805,13365,100
2785986609958870,286649,64,2805,13365,100
2785986615071319,286649,64,2805,13365,100
2785986620264246,286649,64,2805,13365,100
2785986625376675,286657,64,2805,13365,100
2785986630487815,286657,64,2805,13365,100
2785986635604963,286657,64,2805,13365,100
2785986640717729,286657,64,2805,13365,100
2785986645830368,286657,64,2805,13365,100
2785986650942796,286657,64,2805,13365,100
2785986656055235,286657,64,2805,13365,100
2785986661234577,286657,64,2805,13365,100
2785986666347976,286657,64,2805,13365,100
2785986671460390,286657,64,2805,13365,100
2785986676594619,286657,64,2805,13365,100
2785986681706042,286657,64,2805,13365,100
2785986686817659,286657,64,2805,13365,100
2785986691929791,286657,64,2805,13365,100
2785986697041648,286657,64,2805,13365,100
2785986702153129,286657,64,2805,13365,100
2785986707264633,286657,64,2805,13365,100
2785986712376745,286657,64,2805,13365,100
2785986717490720,286657,64,2805,13365,100
2785986722602478,286657,64,2805,13365,100
2785986727714243,286657,64,2805,13365,100
2785986732826243,286657,64,2805,13365,100
2785986737938463,286657,64,2805,13365,100
2785986743050628,286657,64,2805,13365,100
2785986748181440,286657,64,2805,13365,100
2785986753293425,286657,64,2805,13365,100
2785986758405717,286657,64,2805,13365,100
2785986763517405,286657,64,2805,13365,100
2785986768631984,286657,64,2805,13365,100
2785986773744014,286657,64,2805,13365,100
2785986778856311,286657,64,2805,13365,100
2785986783968487,286657,64,2805,13365,100
2785986789080227,286657,64,2805,13365,100
2785986794191704,286657,64,2805,13365,100
2785986799303364,286657,64,2805,13365,100
2785986804414875,286657,64,2805,13365,100
2785986809526373,286657,64,2805,13365,100
2785986814638153,286657,64,2805,13365,100
2785986819751162,286657,64,2805,13365,100
2785986824862807,286657,64,2805,13365,100
2785986829974217,286657,64,2805,13365,100
2785986835107663,286657,64,2805,13365,100
2785986840219200,286657,64,2805,13365,100
2785986845331330,286657,64,2805,13365,100
2785986850443569,286657,64,2805,13365,100
2785986855555108,286657,64,2805,13365,100
2785986860667341,286657,64,2805,13365,100
2785986865779102,286657,64,2805,13365,100
2785986870892254,286657,64,2805,13365,100
2785986876019334,286657,64,2805,13365,100
2785986881130875,286657,64,2805,13365,100
2785986886242411,286657,64,2805,13365,100
2785986891353999,286657,64,2805,13365,100
2785986896465596,286657,64,2805,13365,100
2785986901577188,286657,64,2805,13365,100
2785986906688761,286657,64,2805,13365,100
2785986911800760,286657,64,2805,13365,100
2785986916912425,286657,64,2805,13365,100
2785986922025929,286657,64,2805,13365,100
2785986927137150,286657,64,2805,13365,100
2785986932248930,286657,64,2805,13365,100
2785986937360715,286657,64,2805,13365,100
2785986942472112,286657,64,2805,13365,100
2785986947583860,286657,64,2805,13365,100
2785986952695668,286657,64,2805,13365,100
2785986957807281,286657,64,2805,13365,100
2785986962918219,286657,64,2805,13365,100
2785986968030001,286657,64,2805,13365,100
2785986973143242,286657,64,2805,13365,100
2785986978254870,286657,64,2805,13365,100
2785986983366077,286657,64,2805,13365,100
2785986988477693,286657,64,2805,13365,100
2785986993589131,286657,64,2805,13365,100
2785986998701240,286657,64,2805,13365,100
2785987003812876,286657,64,2805,13365,100
2785987008924840,286657,64,2805,13365,100
2785987014036797,286657,64,2805,13365,100
2785987019148262,286657,64,2805,13365,100
2785987024261644,286657,64,2805,13365,100
2785987029373978,286657,64,2805,13365,100
2785987034485662,286657,64,2805,13365,100
2785987039597223,286657,64,2805,13365,100
2785987044708551,286657,64,2805,13365,100
2785987049820028,286657,64,2805,13365,100
2785987054947724,286657,64,2805,13365,100
2785987060059769,286657,64,2805,13365,100
2785987065171954,286657,64,2805,13365,100
2785987070283911,286657,64,2805,13365,100
2785987075397062,286657,64,2805,13365,100
2785987080508835,286657,64,2805,13365,100
2785987085620731,286657,64,2805,13365,100
2785987090735911,286657,64,2805,13365,100
2785987095850440,286657,64,2805,13365,100
2785987100962168,286657,64,2805,13365,100
2785987106074009,286657,64,2805,13365,100
2785987111185597,286657,64,2805,13365,100
2785987116297118,286657,64,2805,13365,100
2785987121408657,286630,64,2805,13365,100
2785987126522586,286630,64,2805,13365,100
2785987131634084,286630,64,2805,13365,100
2785987136745841,286630,64,2805,13365,100
2785987141857191,286630,64,2805,13365,100
2785987146968759,286630,64,2805,13365,100
2785987152080508,286630,64,2805,13365,100
2785987157192193,286630,64,2805,13365,100
2785987162304301,286630,64,2805,13365,100
2785987167415881,286630,64,2805,13365,100
2785987172527405,286630,64,2805,13365,100
2785987177641038,286630,64,2805,13365,100
2785987182752946,286630,64,2805,13365,100
2785987187864651,286630,64,2805,13365,100
2785987192976399,286630,64,2805,13365,100
2785987198087992,286630,64,2805,13365,100
2785987203202604,286630,64,2805,13365,100
2785987208314017,286630,64,2805,13365,100
2785987213425082,286630,64,2805,13365,100
2785987218536725,286630,64,2805,13365,100
2785987223648142,286630,64,2805,13365,100
2785987228761426,286630,64,2805,13365,100
2785987233873053,286630,64,2805,13365,100
2785987238984883,286630,64,2805,13365,100
2785987244132239,286630,64,2805,13365,100
2785987249243904,286630,64,2805,13365,100
2785987254355390,286630,64,2805,13365,100
2785987259467665,286630,64,2805,13365,100
2785987264579364,286630,64,2805,13365,100
2785987269690909,286630,64,2805,13365,100
2785987274802589,286630,64,2805,13365,100
2785987279916018,286630,64,2805,13365,100
2785987285027391,286630,64,2805,13365,100
2785987290139187,286630,64,2805,13365,100
2785987295251052,286630,64,2805,13365,100
2785987300362382,286630,64,2805,13365,100
2785987305474708,286630,64,2805,13365,100
2785987310586069,286630,64,2805,13365,100
2785987315697589,286630,64,2805,13365,100
2785987320809349,286630,64,2805,13365,100
2785987325920782,286630,64,2805,13365,100
2785987331033682,286630,64,2805,13365,100
2785987336145013,286630,64,2805,13365,100
2785987341256303,286630,64,2805,13365,100
2785987346368260,286630,64,2805,13365,100
2785987351479868,286630,64,2805,13365,100
2785987356591676,286630,64,2805,13365,100
2785987361703209,286630,64,2805,13365,100
2785987366814769,286630,64,2805,13365,100
2785987371926177,286630,64,2805,13365,100
2785987377058001,286630,64,2805,13365,100
2785987382171532,286630,64,2805,13365,100
2785987387283191,286630,64,2805,13365,100
2785987392394783,286630,64,2805,13365,100
2785987397506375,286630,64,2805,13365,100
2785987402618256,286630,64,2805,13365,100
2785987407729640,286630,64,2805,13365,100
2785987412841272,286630,64,2805,13365,100
2785987417939113,286630,64,2805,13365,100
2785987423048286,286630,64,2805,13365,100
2785987428157260,286630,64,2805,13365,100
2785987433267624,286630,64,2805,13365,100
2785987438378683,286630,64,2805,13365,100
2785987443490944,286630,64,2805,13365,100
2785987448588980,286630,64,2805,13365,100
2785987453699944,286630,64,2805,13365,100
2785987458810305,286630,64,2805,13365,100
2785987463928353,286630,64,2805,13365,100
2785987469039657,286630,64,2805,13365,100
2785987474171912,286630,64,2805,13365,100
2785987479284206,286630,64,2805,13365,100
2785987484398826,286630,64,2805,13365,100
2785987489505145,286630,64,2805,13365,100
2785987494606710,286630,64,2805,13365,100
2785987499711582,286630,64,2805,13365,100
2785987504823573,286630,64,2805,13365,100
2785987509911251,286630,64,2805,13365,100
2785987515033485,286630,64,2805,13365,100
2785987520140981,286630,64,2805,13365,100
2785987525247166,286630,64,2805,13365,100
2785987530359439,286630,64,2805,13365,100
2785987535472833,286630,64,2805,13365,100
2785987540584395,286630,64,2805,13365,100
2785987545695504,286630,64,2805,13365,100
2785987550807778,286630,64,2805,13365,100
2785987555919657,286630,64,2805,13365,100
2785987561031565,286630,64,2805,13365,100
2785987566143325,286630,64,2805,13365,100
2785987571255218,286630,64,2805,13365,100
2785987576367070,286630,64,2805,13365,100
2785987581479718,286630,64,2805,13365,100
2785987586593239,286630,64,2805,13365,100
2785987591704656,286630,64,2805,13365,100
2785987596816526,286630,64,2805,13365,100
2785987601928197,286630,64,2805,13365,100
2785987607039765,286630,64,2805,13365,100
2785987612151371,286630,64,2805,13365,100
2785987617263594,286630,64,2805,13365,100
2785987622375460,286516,64,2805,13365,100
2785987627486946,286516,64,2805,13365,100
2785987632598502,286516,64,2805,13365,100
2785987637712213,286516,64,2805,13365,100
2785987642824307,286516,64,2805,13365,100
2785987647936808,286516,64,2805,13365,100
2785987653064125,286516,64,2805,13365,100
2785987658234129,286516,64,2805,13365,100
2785987663345869,286516,64,2805,13365,100
2785987668457849,286516,64,2805,13365,100
2785987673569733,286516,64,2805,13365,100
2785987678681750,286516,64,2805,13365,100
2785987683793914,286516,64,2805,13365,100
2785987688907187,286516,64,2805,13365,100
2785987694018967,286516,64,2805,13365,100
2785987699130495,286516,64,2805,13365,100
2785987704241960,286516,64,2805,13365,100
2785987709370208,286516,64,2805,13365,100
2785987714481299,286516,64,2805,13365,100
2785987719593669,286516,64,2805,13365,100
2785987724705201,286516,64,2805,13365,100
2785987729816878,286516,64,2805,13365,100
2785987734928358,286516,64,2805,13365,100
2785987740041681,286516,64,2805,13365,100
2785987745153447,286516,64,2805,13365,100
2785987750265644,286516,64,2805,13365,100
2785987755377268,286516,64,2805,13365,100
2785987760488948,286516,64,2805,13365,100
2785987765600356,286516,64,2805,13365,100
2785987770712041,286516,64,2805,13365,100
2785987775823770,286516,64,2805,13365,100
2785987780935196,286516,64,2805,13365,100
2785987786047850,286516,64,2805,13365,100
2785987791161059,286516,64,2805,13365,100
2785987796272729,286516,64,2805,13365,100
2785987801384448,286516,64,2805,13365,100
2785987806495916,286516,64,2805,13365,100
2785987811607685,286516,64,2805,13365,100
2785987816719900,286516,64,2805,13365,100
2785987821831537,286516,64,2805,13365,100
2785987826942986,286516,64,2805,13365,100
2785987832054790,286516,64,2805,13365,100
2785987837166630,286516,64,2805,13365,100
2785987842279559,286516,64,2805,13365,100
2785987847391756,286516,64,2805,13365,100
2785987852503691,286516,64,2805,13365,100
2785987857615736,286516,64,2805,13365,100
2785987862727114,286516,64,2805,13365,100
2785987867838571,286516,64,2805,13365,100
2785987872950221,286516,64,2805,13365,100
2785987878061818,286516,64,2805,13365,100
2785987883173154,286516,64,2805,13365,100
2785987888284615,286516,64,2805,13365,100
2785987893397981,286516,64,2805,13365,100
2785987898509438,286516,64,2805,13365,100
2785987903621200,286516,64,2805,13365,100
2785987908732736,286516,64,2805,13365,100
2785987913845005,286516,64,2805,13365,100
2785987918956665,286516,64,2805,13365,100
2785987924068326,286516,64,2805,13365,100
2785987929179984,286516,64,2805,13365,100
2785987934291687,286516,64,2805,13365,100
2785987939403347,286516,64,2805,13365,100
2785987944515197,286516,64,2805,13365,100
2785987949626724,286516,64,2805,13365,100
2785987954738336,286516,64,2805,13365,100
2785987959849909,286516,64,2805,13365,100
2785987964961333,286516,64,2805,13365,100
2785987970073247,286516,64,2805,13365,100
2785987975184724,286516,64,2805,13365,100
2785987980296298,286516,64,2805,13365,100
2785987985407658,286516,64,2805,13365,100
2785987990519319,286516,64,2805,13365,100
2785987995632376,286516,64,2805,13365,100
2785988000743944,286516,64,2805,13365,100
2785988005855565,286516,64,2805,13365,100
2785988010967668,286516,64,2805,13365,100
2785988016079129,286516,64,2805,13365,100
2785988021190702,286516,64,2805,13365,100
2785988026302106,286516,64,2805,13365,100
2785988031413602,286516,64,2805,13365,100
2785988036525217,286516,64,2805,13365,100
2785988041636839,286516,64,2805,13365,100
2785988046750639,286516,64,2805,13365,100
2785988051862343,286516,64,2805,13365,100
2785988056974029,286516,64,2805,13365,100
2785988062085705,286516,64,2805,13365,100
2785988067197193,286516,64,2805,13365,100
2785988072308817,286516,64,2805,13365,100
2785988077421022,286516,64,2805,13365,100
2785988082533155,286516,64,2805,13365,100
2785988087644930,286516,64,2805,13365,100
2785988092756400,286516,64,2805,13365,100
2785988097869668,286516,64,2805,13365,100
2785988102981144,286516,64,2805,13365,100
2785988108092884,286516,64,2805,13365,100
2785988113204201,286516,64,2805,13365,100
2785988118315775,286516,64,2805,13365,100
2785988123427339,286420,64,2805,13365,100
2785988128538970,286420,64,2805,13365,100
2785988133650455,286420,64,2805,13365,100
2785988138762238,286420,64,2805,13365,100
2785988143873623,286420,64,2805,13365,100
2785988148986534,286420,64,2805,13365,100
2785988154114068,286420,64,2805,13365,100
2785988159225777,286420,64,2805,13365,100
2785988164337347,286420,64,2805,13365,100
2785988169449001,286420,64,2805,13365,100
2785988174560845,286420,64,2805,13365,100
2785988179672388,286420,64,2805,13365,100
2785988184783834,286420,64,2805,13365,100
2785988189911695,286420,64,2805,13365,100
2785988195023267,286420,64,2805,13365,100
2785988200136423,286420,64,2805,13365,100
2785988205248116,286420,64,2805,13365,100
2785988210359732,286420,64,2805,13365,100
2785988215471081,286420,64,2805,13365,100
2785988220582830,286420,64,2805,13365,100
2785988225694369,286420,64,2805,13365,100
2785988230805672,286420,64,2805,13365,100
2785988235917169,286420,64,2805,13365,100
2785988241028739,286420,64,2805,13365,100
2785988246140296,286420,64,2805,13365,100
2785988251253831,286420,64,2805,13365,100
2785988256365544,286420,64,2805,13365,100
2785988261477120,286420,64,2805,13365,100
2785988266588525,286420,64,2805,13365,100
2785988271700389,286420,64,2805,13365,100
2785988276811678,286420,64,2805,13365,100
2785988281923706,286420,64,2805,13365,100
2785988287035462,286420,64,2805,13365,100
2785988292147179,286420,64,2805,13365,100
2785988297258475,286420,64,2805,13365,100
2785988302371636,286420,64,2805,13365,100
2785988307483352,286420,64,2805,13365,100
2785988312594801,286420,64,2805,13365,100
2785988317706559,286420,64,2805,13365,100
2785988322818313,286420,64,2805,13365,100
2785988327929858,286420,64,2805,13365,100
2785988333041602,286420,64,2805,13365,100
2785988338153045,286420,64,2805,13365,100
2785988343264803,286420,64,2805,13365,100
2785988348376186,286420,64,2805,13365,100
2785988353489372,286420,64,2805,13365,100
2785988358600820,286420,64,2805,13365,100
2785988363724148,286420,64,2805,13365,100
2785988368835698,286420,64,2805,13365,100
2785988373947077,286420,64,2805,13365,100
2785988379058826,286420,64,2805,13365,100
2785988384170438,286420,64,2805,13365,100
2785988389282239,286420,64,2805,13365,100
2785988394393740,286420,64,2805,13365,100
2785988399505343,286420,64,2805,13365,100
2785988404618689,286420,64,2805,13365,100
2785988409730213,286420,64,2805,13365,100
2785988414841673,286420,64,2805,13365,100
2785988419953206,286420,64,2805,13365,100
2785988425065030,286420,64,2805,13365,100
2785988430176786,286420,64,2805,13365,100
2785988435288995,286420,64,2805,13365,100
2785988440400698,286420,64,2805,13365,100
2785988445512663,286420,64,2805,13365,100
2785988450624148,286420,64,2805,13365,100
2785988455737618,286420,64,2805,13365,100
2785988460849136,286420,64,2805,13365,100
2785988465960601,286420,64,2805,13365,100
2785988471072017,286420,64,2805,13365,100
2785988476183826,286420,64,2805,13365,100
2785988481295982,286420,64,2805,13365,100
2785988486407565,286420,64,2805,13365,100
2785988491519295,286420,64,2805,13365,100
2785988496630674,286420,64,2805,13365,100
2785988501742272,286420,64,2805,13365,100
2785988506855521,286420,64,2805,13365,100
2785988511967696,286420,64,2805,13365,100
2785988517079461,286420,64,2805,13365,100
2785988522191350,286420,64,2805,13365,100
2785988527303074,286420,64,2805,13365,100
2785988532414550,286420,64,2805,13365,100
2785988537525923,286420,64,2805,13365,100
2785988542638288,286420,64,2805,13365,100
2785988547750116,286420,64,2805,13365,100
2785988552861748,286420,64,2805,13365,100
2785988557974901,286420,64,2805,13365,100
2785988563086233,286420,64,2805,13365,100
2785988568197450,286420,64,2805,13365,100
2785988573308749,286420,64,2805,13365,100
2785988578420518,286420,64,2805,13365,100
2785988583532187,286420,64,2805,13365,100
2785988588643863,286420,64,2805,13365,100
2785988593755557,286420,64,2805,13365,100
2785988598867188,286420,64,2805,13365,100
2785988603979121,286420,64,2805,13365,100
2785988609092365,286420,64,2805,13365,100
2785988614204049,286420,64,2805,13365,100
2785988619315854,286420,64,2805,13365,100
2785988624427373,286407,64,2805,13365,100
2785988629538958,286407,64,2805,13365,100
2785988634650362,286407,64,2805,13365,100
2785988639762265,286407,64,2805,13365,100
2785988644873876,286407,64,2805,13365,100
2785988649985280,286407,64,2805,13365,100
2785988655115172,286407,64,2805,13365,100
2785988660228520,286407,64,2805,13365,100
2785988665340092,286407,64,2805,13365,100
2785988670451729,286407,64,2805,13365,100
2785988675563282,286407,64,2805,13365,100
2785988680674882,286407,64,2805,13365,100
2785988685786306,286407,64,2805,13365,100
2785988690897907,286407,64,2805,13365,100
2785988696025095,286407,64,2805,13365,100
2785988701136739,286407,64,2805,13365,100
2785988706248104,286407,64,2805,13365,100
2785988711361408,286407,64,2805,13365,100
2785988716472851,286407,64,2805,13365,100
2785988721584701,286407,64,2805,13365,100
2785988726696506,286407,64,2805,13365,100
2785988731808106,286407,64,2805,13365,100
2785988736919579,286407,64,2805,13365,100
2785988742030923,286407,64,2805,13365,100
2785988747142419,286407,64,2805,13365,100
2785988752254016,286407,64,2805,13365,100
2785988757365966,286407,64,2805,13365,100
2785988762477945,286407,64,2805,13365,100
2785988767589757,286407,64,2805,13365,100
2785988772707221,286407,64,2805,13365,100
2785988777818909,286407,64,2805,13365,100
2785988782930380,286407,64,2805,13365,100
2785988788041859,286407,64,2805,13365,100
2785988793153467,286407,64,2805,13365,100
2785988798265108,286407,64,2805,13365,100
2785988803376636,286407,64,2805,13365,100
2785988808488410,286407,64,2805,13365,100
2785988813601505,286407,64,2805,13365,100
2785988818712979,286407,64,2805,13365,100
2785988823824465,286407,64,2805,13365,100
2785988828936114,286407,64,2805,13365,100
2785988834047654,286407,64,2805,13365,100
2785988839159911,286407,64,2805,13365,100
2785988844271388,286407,64,2805,13365,100
2785988849383527,286407,64,2805,13365,100
2785988854494895,286407,64,2805,13365,100
2785988859606861,286407,64,2805,13365,100
2785988864720273,286407,64,2805,13365,100
2785988869832213,286407,64,2805,13365,100
2785988874943562,286407,64,2805,13365,100
2785988880055018,286407,64,2805,13365,100
2785988885167562,286407,64,2805,13365,100
2785988890279171,286407,64,2805,13365,100
2785988895390987,286407,64,2805,13365,100
2785988900502330,286407,64,2805,13365,100
2785988905614036,286407,64,2805,13365,100
2785988910727304,286407,64,2805,13365,100
2785988915841233,286407,64,2805,13365,100
2785988920953533,286407,64,2805,13365,100
2785988926065512,286407,64,2805,13365,100
2785988931177243,286407,64,2805,13365,100
2785988936288771,286407,64,2805,13365,100
2785988941399779,286407,64,2805,13365,100
2785988946511287,286407,64,2805,13365,100
2785988951622812,286407,64,2805,13365,100
2785988956734400,286407,64,2805,13365,100
2785988961845988,286407,64,2805,13365,100
2785988966959265,286407,64,2805,13365,100
2785988972071093,286407,64,2805,13365,100
2785988977183278,286407,64,2805,13365,100
2785988982294942,286407,64,2805,13365,100
2785988987406391,286407,64,2805,13365,100
2785988992518161,286407,64,2805,13365,100
2785988997629591,286407,64,2805,13365,100
2785989002741540,286407,64,2805,13365,100
2785989007854760,286407,64,2805,13365,100
2785989012966581,286407,64,2805,13365,100
2785989018119097,286407,64,2805,13365,100
2785989023230762,286407,64,2805,13365,100
2785989028342558,286407,64,2805,13365,100
2785989033454176,286407,64,2805,13365,100
2785989038565688,286407,64,2805,13365,100
2785989043677255,286407,64,2805,13365,100
2785989048789373,286407,64,2805,13365,100
2785989053900908,286407,64,2805,13365,100
2785989059028520,286407,64,2805,13365,100
2785989064140228,286407,64,2805,13365,100
2785989069253300,286407,64,2805,13365,100
2785989074364931,286407,64,2805,13365,100
2785989079476438,286407,64,2805,13365,100
2785989084587710,286407,64,2805,13365,100
2785989089699130,286407,64,2805,13365,100
2785989094810937,286407,64,2805,13365,100
2785989099922363,286407,64,2805,13365,100
2785989105034058,286407,64,2805,13365,100
2785989110145496,286407,64,2805,13365,100
2785989115256929,286407,64,2805,13365,100
2785989120370151,286407,64,2805,13365,100
2785989125482556,286617,64,2805,13365,100
2785989130594030,286617,64,2805,13365,100
2785989135705434,286617,64,2805,13365,100
2785989140817087,286617,64,2805,13365,100
2785989145928541,286617,64,2805,13365,100
2785989151040272,286617,64,2805,13365,100
2785989156152016,286617,64,2805,13365,100
2785989161264140,286617,64,2805,13365,100
2785989166375517,286617,64,2805,13365,100
2785989171488917,286617,64,2805,13365,100
2785989176600545,286617,64,2805,13365,100
2785989181712034,286617,64,2805,13365,100
2785989186823838,286617,64,2805,13365,100
2785989191935779,286617,64,2805,13365,100
2785989197047271,286617,64,2805,13365,100
2785989202158944,286617,64,2805,13365,100
2785989207270420,286617,64,2805,13365,100
2785989212382140,286617,64,2805,13365,100
2785989217493803,286617,64,2805,13365,100
2785989222606878,286617,64,2805,13365,100
2785989227718793,286617,64,2805,13365,100
2785989232830390,286617,64,2805,13365,100
2785989237941846,286617,64,2805,13365,100
2785989243053555,286617,64,2805,13365,100
2785989248165035,286617,64,2805,13365,100
2785989253276586,286617,64,2805,13365,100
2785989258388868,286617,64,2805,13365,100
2785989263500455,286617,64,2805,13365,100
2785989268611973,286617,64,2805,13365,100
2785989273724989,286617,64,2805,13365,100
2785989278836696,286617,64,2805,13365,100
2785989283948342,286617,64,2805,13365,100
2785989289066437,286617,64,2805,13365,100
2785989294186575,286617,64,2805,13365,100
2785989299297859,286617,64,2805,13365,100
2785989304408383,286617,64,2805,13365,100
2785989309519744,286617,64,2805,13365,100
2785989314631681,286617,64,2805,13365,100
2785989319743118,286617,64,2805,13365,100
2785989324855892,286617,64,2805,13365,100
2785989329967174,286617,64,2805,13365,100
2785989335078822,286617,64,2805,13365,100
2785989340204390,286617,64,2805,13365,100
2785989345315323,286617,64,2805,13365,100
2785989350427310,286617,64,2805,13365,100
2785989355538744,286617,64,2805,13365,100
2785989360650744,286617,64,2805,13365,100
2785989365762716,286617,64,2805,13365,100
2785989370874907,286617,64,2805,13365,100
2785989375988714,286617,64,2805,13365,100
2785989381113322,286617,64,2805,13365,100
2785989386224638,286617,64,2805,13365,100
2785989391337258,286617,64,2805,13365,100
2785989396450003,286617,64,2805,13365,100
2785989401561548,286617,64,2805,13365,100
2785989406672944,286617,64,2805,13365,100
2785989411784392,286617,64,2805,13365,100
2785989416895925,286617,64,2805,13365,100
2785989422024969,286617,64,2805,13365,100
2785989427138845,286617,64,2805,13365,100
2785989432251154,286617,64,2805,13365,100
2785989437362602,286617,64,2805,13365,100
2785989442474378,286617,64,2805,13365,100
2785989447586375,286617,64,2805,13365,100
2785989452698183,286617,64,2805,13365,100
2785989457811090,286617,64,2805,13365,100
2785989462922604,286617,64,2805,13365,100
2785989468034300,286617,64,2805,13365,100
2785989473145915,286617,64,2805,13365,100
2785989478259098,286617,64,2805,13365,100
2785989483370638,286617,64,2805,13365,100
2785989488483058,286617,64,2805,13365,100
2785989493595247,286617,64,2805,13365,100
2785989498706805,286617,64,2805,13365,100
2785989503818527,286617,64,2805,13365,100
2785989508930340,286617,64,2805,13365,100
2785989514041692,286617,64,2805,13365,100
2785989519153383,286617,64,2805,13365,100
2785989524277549,286617,64,2805,13365,100
2785989529390478,286617,64,2805,13365,100
2785989534502178,286617,64,2805,13365,100
2785989539614018,286617,64,2805,13365,100
2785989544725783,286617,64,2805,13365,100
2785989549837535,286617,64,2805,13365,100
2785989554949748,286617,64,2805,13365,100
2785989560061716,286617,64,2805,13365,100
2785989565173188,286617,64,2805,13365,100
2785989570284912,286617,64,2805,13365,100
2785989575396533,286617,64,2805,13365,100
2785989580509755,286617,64,2805,13365,100
2785989585622086,286617,64,2805,13365,100
2785989590733542,286617,64,2805,13365,100
2785989595845121,286617,64,2805,13365,100
2785989600956463,286617,64,2805,13365,100
2785989606067908,286617,64,2805,13365,100
2785989611179702,286617,64,2805,13365,100
2785989616291561,286617,64,2805,13365,100
2785989621403956,286767,64,2805,13365,100
2785989626515457,286767,64,2805,13365,100
2785989631628665,286767,64,2805,13365,100
2785989636740244,286767,64,2805,13365,100
2785989641851430,286767,64,2805,13365,100
2785989646963075,286767,64,2805,13365,100
2785989652075619,286767,64,2805,13365,100
2785989657187112,286767,64,2805,13365,100
2785989662299000,286767,64,2805,13365,100
2785989667410476,286767,64,2805,13365,100
2785989672538620,286767,64,2805,13365,100
2785989677650150,286767,64,2805,13365,100
2785989682763122,286767,64,2805,13365,100
2785989687874706,286767,64,2805,13365,100
2785989692986034,286767,64,2805,13365,100
2785989698119727,286767,64,2805,13365,100
2785989703231335,286767,64,2805,13365,100
2785989708342778,286767,64,2805,13365,100
2785989713454108,286767,64,2805,13365,100
2785989718565508,286767,64,2805,13365,100
2785989723676981,286767,64,2805,13365,100
2785989728789215,286767,64,2805,13365,100
2785989733902029,286767,64,2805,13365,100
2785989739029546,286767,64,2805,13365,100
2785989744140889,286767,64,2805,13365,100
2785989749252402,286767,64,2805,13365,100
2785989754363757,286767,64,2805,13365,100
2785989759475721,286767,64,2805,13365,100
2785989764587606,286767,64,2805,13365,100
2785989769700004,286767,64,2805,13365,100
2785989774812085,286767,64,2805,13365,100
2785989779924301,286767,64,2805,13365,100
2785989785037466,286767,64,2805,13365,100
2785989790149070,286767,64,2805,13365,100
2785989795260315,286767,64,2805,13365,100
2785989800372019,286767,64,2805,13365,100
2785989805483615,286767,64,2805,13365,100
2785989810595164,286767,64,2805,13365,100
2785989815708078,286767,64,2805,13365,100
2785989820819688,286767,64,2805,13365,100
2785989825931317,286767,64,2805,13365,100
2785989831043233,286767,64,2805,13365,100
2785989836156250,286767,64,2805,13365,100
2785989841268254,286767,64,2805,13365,100
2785989846379517,286767,64,2805,13365,100
2785989851491311,286767,64,2805,13365,100
2785989856603209,286767,64,2805,13365,100
2785989861714743,286767,64,2805,13365,100
2785989866826394,286767,64,2805,13365,100
2785989871937985,286767,64,2805,13365,100
2785989877073283,286767,64,2805,13365,100
2785989882185969,286767,64,2805,13365,100
2785989887298810,286767,64,2805,13365,100
2785989892410734,286767,64,2805,13365,100
2785989897522259,286767,64,2805,13365,100
2785989902633811,286767,64,2805,13365,100
2785989907745450,286767,64,2805,13365,100
2785989912857094,286767,64,2805,13365,100
2785989917968944,286767,64,2805,13365,100
2785989923080661,286767,64,2805,13365,100
2785989928191973,286767,64,2805,13365,100
2785989933303272,286767,64,2805,13365,100
2785989938415898,286767,64,2805,13365,100
2785989943527702,286767,64,2805,13365,100
2785989948639705,286767,64,2805,13365,100
2785989953751459,286767,64,2805,13365,100
2785989958921067,286767,64,2805,13365,100
2785989964032587,286767,64,2805,13365,100
2785989969144332,286767,64,2805,13365,100
2785989974256085,286767,64,2805,13365,100
2785989979368317,286767,64,2805,13365,100
2785989984479855,286767,64,2805,13365,100
2785989989592734,286767,64,2805,13365,100
2785989994704364,286767,64,2805,13365,100
2785989999816123,286767,64,2805,13365,100
2785990004927546,286767,64,2805,13365,100
2785990010038403,286767,64,2805,13365,100
2785990015150140,286767,64,2805,13365,100
2785990020261904,286767,64,2805,13365,100
2785990025373333,286767,64,2805,13365,100
2785990030484945,286767,64,2805,13365,100
2785990035596467,286767,64,2805,13365,100
2785990040709378,286767,64,2805,13365,100
2785990045821408,286767,64,2805,13365,100
2785990050933038,286767,64,2805,13365,100
2785990056044359,286767,64,2805,13365,100
2785990061156003,286767,64,2805,13365,100
2785990066267640,286767,64,2805,13365,100
2785990071379360,286767,64,2805,13365,100
2785990076491300,286767,64,2805,13365,100
2785990081602787,286767,64,2805,13365,100
2785990086714373,286767,64,2805,13365,100
2785990091827062,286767,64,2805,13365,100
2785990096938698,286767,64,2805,13365,100
2785990102050319,286767,64,2805,13365,100
2785990107162035,286767,64,2805,13365,100
2785990112273580,286767,64,2805,13365,100
2785990117385384,286767,64,2805,13365,100
2785990122496924,286671,64,2805,13365,100
2785990127607339,286671,64,2805,13365,100
2785990132718929,286671,64,2805,13365,100
2785990137830581,286671,64,2805,13365,100
2785990142943850,286671,64,2805,13365,100
2785990148055426,286671,64,2805,13365,100
2785990153166910,286671,64,2805,13365,100
2785990158278573,286671,64,2805,13365,100
2785990163390148,286671,64,2805,13365,100
2785990168501608,286671,64,2805,13365,100
2785990173613133,286671,64,2805,13365,100
2785990178724425,286671,64,2805,13365,100
2785990183835875,286671,64,2805,13365,100
2785990188947359,286671,64,2805,13365,100
2785990194060306,286671,64,2805,13365,100
2785990199172070,286671,64,2805,13365,100
2785990204283587,286671,64,2805,13365,100
2785990209394964,286671,64,2805,13365,100
2785990214506403,286671,64,2805,13365,100
2785990219618066,286671,64,2805,13365,100
2785990224729827,286671,64,2805,13365,100
2785990229841405,286671,64,2805,13365,100
2785990234953186,286671,64,2805,13365,100
2785990240064762,286671,64,2805,13365,100
2785990245177720,286671,64,2805,13365,100
2785990250289234,286671,64,2805,13365,100
2785990255400579,286671,64,2805,13365,100
2785990260512028,286671,64,2805,13365,100
2785990265623471,286671,64,2805,13365,100
2785990270734824,286671,64,2805,13365,100
2785990275846260,286671,64,2805,13365,100
2785990280957945,286671,64,2805,13365,100
2785990286069385,286671,64,2805,13365,100
2785990291180294,286671,64,2805,13365,100
2785990296293363,286671,64,2805,13365,100
2785990301405102,286671,64,2805,13365,100
2785990306516819,286671,64,2805,13365,100
2785990311628745,286671,64,2805,13365,100
2785990316740496,286671,64,2805,13365,100
2785990321852067,286671,64,2805,13365,100
2785990326980085,286671,64,2805,13365,100
2785990332091669,286671,64,2805,13365,100
2785990337203093,286671,64,2805,13365,100
2785990342314532,286671,64,2805,13365,100
2785990347427234,286671,64,2805,13365,100
2785990352539191,286671,64,2805,13365,100
2785990357652471,286671,64,2805,13365,100
2785990362764284,286671,64,2805,13365,100
2785990367876420,286671,64,2805,13365,100
2785990372988044,286671,64,2805,13365,100
2785990378116017,286671,64,2805,13365,100
2785990383227574,286671,64,2805,13365,100
2785990388339284,286671,64,2805,13365,100
2785990393450930,286671,64,2805,13365,100
2785990398563900,286671,64,2805,13365,100
2785990403692370,286671,64,2805,13365,100
2785990408804063,286671,64,2805,13365,100
2785990413915753,286671,64,2805,13365,100
2785990419027344,286671,64,2805,13365,100
2785990424138748,286671,64,2805,13365,100
2785990429250228,286671,64,2805,13365,100
2785990434362317,286671,64,2805,13365,100
2785990439474387,286671,64,2805,13365,100
2785990444586505,286671,64,2805,13365,100
2785990449699071,286671,64,2805,13365,100
2785990454810483,286671,64,2805,13365,100
2785990459921967,286671,64,2805,13365,100
2785990465033583,286671,64,2805,13365,100
2785990470144980,286671,64,2805,13365,100
2785990475257063,286671,64,2805,13365,100
2785990480368769,286671,64,2805,13365,100
2785990485480461,286671,64,2805,13365,100
2785990490592472,286671,64,2805,13365,100
2785990495704111,286671,64,2805,13365,100
2785990500817234,286671,64,2805,13365,100
2785990505928975,286671,64,2805,13365,100
2785990511040588,286671,64,2805,13365,100
2785990516152216,286671,64,2805,13365,100
2785990521263813,286671,64,2805,13365,100
2785990526375263,286671,64,2805,13365,100
2785990531487109,286671,64,2805,13365,100
2785990536598490,286671,64,2805,13365,100
2785990541710325,286671,64,2805,13365,100
2785990546821786,286671,64,2805,13365,100
2785990551934399,286671,64,2805,13365,100
2785990557045619,286671,64,2805,13365,100
2785990562156907,286671,64,2805,13365,100
2785990567268608,286671,64,2805,13365,100
2785990572380092,286671,64,2805,13365,100
2785990577491596,286671,64,2805,13365,100
2785990582603165,286671,64,2805,13365,100
2785990587714770,286671,64,2805,13365,100
2785990592826254,286671,64,2805,13365,100
2785990597937898,286671,64,2805,13365,100
2785990603050803,286671,64,2805,13365,100
2785990608162533,286671,64,2805,13365,100
2785990613274256,286671,64,2805,13365,100
2785990618386012,286671,64,2805,13365,100
2785990623497868,286596,64,2805,13365,100
2785990628609193,286596,64,2805,13365,100
2785990633721641,286596,64,2805,13365,100
2785990638833586,286596,64,2805,13365,100
2785990643945278,286596,64,2805,13365,100
2785990649056830,286596,64,2805,13365,100
2785990654170493,286596,64,2805,13365,100
2785990659281987,286596,64,2805,13365,100
2785990664393668,286596,64,2805,13365,100
2785990669506904,286596,64,2805,13365,100
2785990674618589,286596,64,2805,13365,100
2785990679730428,286596,64,2805,13365,100
2785990684842039,286596,64,2805,13365,100
2785990689953744,286596,64,2805,13365,100
2785990695065163,286596,64,2805,13365,100
2785990700177111,286596,64,2805,13365,100
2785990705290427,286596,64,2805,13365,100
2785990710402240,286596,64,2805,13365,100
2785990715513800,286596,64,2805,13365,100
2785990720625568,286596,64,2805,13365,100
2785990725737209,286596,64,2805,13365,100
2785990730848732,286596,64,2805,13365,100
2785990735960413,286596,64,2805,13365,100
2785990741072021,286596,64,2805,13365,100
2785990746183498,286596,64,2805,13365,100
2785990751295006,286596,64,2805,13365,100
2785990756408111,286596,64,2805,13365,100
2785990761519611,286596,64,2805,13365,100
2785990766631123,286596,64,2805,13365,100
2785990771742820,286596,64,2805,13365,100
2785990776854385,286596,64,2805,13365,100
2785990781965865,286596,64,2805,13365,100
2785990787077701,286596,64,2805,13365,100
2785990792189118,286596,64,2805,13365,100
2785990797300810,286596,64,2805,13365,100
2785990802412590,286596,64,2805,13365,100
2785990807525520,286596,64,2805,13365,100
2785990812637104,286596,64,2805,13365,100
2785990817748436,286596,64,2805,13365,100
2785990822859752,286596,64,2805,13365,100
2785990827971597,286596,64,2805,13365,100
2785990833083522,286596,64,2805,13365,100
2785990838195359,286596,64,2805,13365,100
2785990843307018,286596,64,2805,13365,100
2785990848418401,286596,64,2805,13365,100
2785990853530055,286596,64,2805,13365,100
2785990858642943,286596,64,2805,13365,100
2785990863754812,286596,64,2805,13365,100
2785990868866648,286596,64,2805,13365,100
2785990873978681,286596,64,2805,13365,100
2785990879090441,286596,64,2805,13365,100
2785990884202090,286596,64,2805,13365,100
2785990889313638,286596,64,2805,13365,100
2785990894424950,286596,64,2805,13365,100
2785990899536665,286596,64,2805,13365,100
2785990904648523,286596,64,2805,13365,100
2785990909762428,286596,64,2805,13365,100
2785990914874240,286596,64,2805,13365,100
2785990919985776,286596,64,2805,13365,100
2785990925114129,286596,64,2805,13365,100
2785990930225885,286596,64,2805,13365,100
2785990935337221,286596,64,2805,13365,100
2785990940448746,286596,64,2805,13365,100
2785990945560612,286596,64,2805,13365,100
2785990950672229,286596,64,2805,13365,100
2785990955784307,286596,64,2805,13365,100
2785990960897427,286596,64,2805,13365,100
2785990966024822,286596,64,2805,13365,100
2785990971136496,286596,64,2805,13365,100
2785990976247989,286596,64,2805,13365,100
2785990981375557,286596,64,2805,13365,100
2785990986487389,286596,64,2805,13365,100
2785990991599073,286596,64,2805,13365,100
2785990996710402,286596,64,2805,13365,100
2785991001821807,286596,64,2805,13365,100
2785991006933543,286596,64,2805,13365,100
2785991012046789,286596,64,2805,13365,100
2785991017158232,286596,64,2805,13365,100
2785991022269908,286596,64,2805,13365,100
2785991027381409,286596,64,2805,13365,100
2785991032492012,286596,64,2805,13365,100
2785991037603373,286596,64,2805,13365,100
2785991042715141,286596,64,2805,13365,100
2785991047826998,286596,64,2805,13365,100
2785991052938422,286596,64,2805,13365,100
2785991058050227,286596,64,2805,13365,100
2785991063163360,286596,64,2805,13365,100
2785991068275363,286596,64,2805,13365,100
2785991073386992,286596,64,2805,13365,100
2785991078498588,286596,64,2805,13365,100
2785991083610113,286596,64,2805,13365,100
2785991088721837,286596,64,2805,13365,100
2785991093833342,286596,64,2805,13365,100
2785991098945135,286596,64,2805,13365,100
2785991104062359,286596,64,2805,13365,100
2785991109173991,286596,64,2805,13365,100
2785991114287135,286596,64,2805,13365,100
2785991119398760,286596,64,2805,13365,100
2785991124510319,286456,64,2805,13365,100
2785991129621672,286456,64,2805,13365,100
2785991134733125,286456,64,2805,13365,100
2785991139844721,286456,64,2805,13365,100
2785991144956698,286456,64,2805,13365,100
2785991150068201,286456,64,2805,13365,100
2785991155183327,286456,64,2805,13365,100
2785991160298403,286456,64,2805,13365,100
2785991165415412,286456,64,2805,13365,100
2785991170529960,286456,64,2805,13365,100
2785991175644523,286456,64,2805,13365,100
2785991180759361,286456,64,2805,13365,100
2785991185874420,286456,64,2805,13365,100
2785991190989793,286456,64,2805,13365,100
2785991196122267,286456,64,2805,13365,100
2785991201237674,286456,64,2805,13365,100
2785991206352676,286456,64,2805,13365,100
2785991211467763,286456,64,2805,13365,100
2785991216584496,286456,64,2805,13365,100
2785991221674828,286456,64,2805,13365,100
2785991226790148,286456,64,2805,13365,100
2785991231911809,286456,64,2805,13365,100
2785991237027845,286456,64,2805,13365,100
2785991242142954,286456,64,2805,13365,100
2785991247258298,286456,64,2805,13365,100
2785991252373497,286456,64,2805,13365,100
2785991257488512,286456,64,2805,13365,100
2785991262603966,286456,64,2805,13365,100
2785991267722249,286456,64,2805,13365,100
2785991272837419,286456,64,2805,13365,100
2785991277949276,286456,64,2805,13365,100
2785991283061915,286456,64,2805,13365,100
2785991288177792,286456,64,2805,13365,100
2785991293278124,286456,64,2805,13365,100
2785991298393314,286456,64,2805,13365,100
2785991303505338,286456,64,2805,13365,100
2785991308620478,286456,64,2805,13365,100
2785991313732430,286456,64,2805,13365,100
2785991318849027,286456,64,2805,13365,100
2785991323961258,286456,64,2805,13365,100
2785991329078109,286456,64,2805,13365,100
2785991334193173,286456,64,2805,13365,100
2785991339308663,286456,64,2805,13365,100
2785991344426057,286456,64,2805,13365,100
2785991349526677,286456,64,2805,13365,100
2785991354638662,286456,64,2805,13365,100
2785991359756763,286456,64,2805,13365,100
2785991364869043,286456,64,2805,13365,100
2785991369985937,286456,64,2805,13365,100
2785991375117943,286456,64,2805,13365,100
2785991380233053,286456,64,2805,13365,100
2785991385348452,286456,64,2805,13365,100
2785991390463516,286456,64,2805,13365,100
2785991395578611,286456,64,2805,13365,100
2785991400696501,286456,64,2805,13365,100
2785991405811582,286456,64,2805,13365,100
2785991410926519,286456,64,2805,13365,100
2785991416041849,286456,64,2805,13365,100
2785991421158612,286456,64,2805,13365,100
2785991426275358,286456,64,2805,13365,100
2785991431389142,286456,64,2805,13365,100
2785991436510185,286456,64,2805,13365,100
2785991441625191,286456,64,2805,13365,100
2785991446740181,286456,64,2805,13365,100
