
Fatbin elf code:
================
arch = sm_120
code version = [1,8]
host = linux
compile_size = 64bit

	code for sm_120
	.target	sm_120


Fatbin elf code:
================
arch = sm_120
code version = [1,8]
host = linux
compile_size = 64bit

	code for sm_120
	.target	sm_120

		Function : _Z14energy_fixtureILi1ELi24ELi4ELi12EEvPKjPjm
	.headerflags	@"EF_CUDA_SM120 EF_CUDA_VIRTUAL_SM(EF_CUDA_SM120)"
        /*0000*/                   LDC R1, c[0x0][0x37c] ;                              /* 0x0000df00ff017b82 */
                                                                                        /* 0x000fe20000000800 */
        /*0010*/                   S2R R6, SR_TID.X ;                                   /* 0x0000000000067919 */
                                                                                        /* 0x000e2e0000002100 */
        /*0020*/                   S2UR UR4, SR_CTAID.X ;                               /* 0x00000000000479c3 */
                                                                                        /* 0x000e220000002500 */
        /*0030*/                   LDCU.64 UR8, c[0x0][0x390] ;                         /* 0x00007200ff0877ac */
                                                                                        /* 0x000e620008000a00 */
        /*0040*/                   HFMA2 R7, -RZ, RZ, 0, 0 ;                            /* 0x00000000ff077431 */
                                                                                        /* 0x000fe200000001ff */
        /*0050*/                   BSSY.RECONVERGENT B0, 0x6e0 ;                        /* 0x0000068000007945 */
                                                                                        /* 0x000fe20003800200 */
        /*0060*/                   HFMA2 R9, -RZ, RZ, 0, 0 ;                            /* 0x00000000ff097431 */
                                                                                        /* 0x000fe200000001ff */
        /*0070*/                   LDCU.64 UR6, c[0x0][0x358] ;                         /* 0x00006b00ff0677ac */
                                                                                        /* 0x000ea20008000a00 */
        /*0080*/                   MOV R0, RZ ;                                         /* 0x000000ff00007202 */
                                                                                        /* 0x000fc40000000f00 */
        /*0090*/                   LDC R3, c[0x0][0x360] ;                              /* 0x0000d800ff037b82 */
                                                                                        /* 0x000e220000000800 */
        /*00a0*/                   LDCU.64 UR10, c[0x0][0x380] ;                        /* 0x00007000ff0a77ac */
                                                                                        /* 0x000ee20008000a00 */
        /*00b0*/                   IMAD.WIDE.U32 R2, R3, UR4, R6 ;                      /* 0x0000000403027c25 */
                                                                                        /* 0x001fca000f8e0006 */
        /*00c0*/                   ISETP.GE.U64.AND P0, PT, R2, UR8, PT ;               /* 0x0000000802007c0c */
                                                                                        /* 0x002fe4000bf16070 */
        /*00d0*/                   MOV R10, R2 ;                                        /* 0x00000002000a7202 */
                                                                                        /* 0x000fd80000000f00 */
        /*00e0*/               @P0 BRA 0x6d0 ;                                          /* 0x0000000400780947 */
                                                                                        /* 0x000fea0003800000 */
        /*00f0*/                   S2UR UR5, SR_CgaCtaId ;                              /* 0x00000000000579c3 */
                                                                                        /* 0x000e220000008800 */
        /*0100*/                   UMOV UR4, 0x400 ;                                    /* 0x0000040000047882 */
                                                                                        /* 0x000fe20000000000 */
        /*0110*/                   MOV.64 R4, R2 ;                                      /* 0x0000000200047202 */
                                                                                        /* 0x000fe40000010f00 */
        /*0120*/                   BSSY.RECONVERGENT B1, 0x690 ;                        /* 0x0000056000017945 */
                                                                                        /* 0x000fe20003800200 */
        /*0130*/                   MOV R0, RZ ;                                         /* 0x000000ff00007202 */
                                                                                        /* 0x000fe20000000f00 */
        /*0140*/                   ULEA UR4, UR5, UR4, 0x18 ;                           /* 0x0000000405047291 */
                                                                                        /* 0x001fcc000f8ec0ff */
        /*0150*/                   LEA R6, R6, UR4, 0x2 ;                               /* 0x0000000406067c11 */
                                                                                        /* 0x00cfce000f8e10ff */
        /*0160*/                   LEA R8, P0, R4, UR10, 0x2 ;                          /* 0x0000000a04087c11 */
                                                                                        /* 0x000fc8000f8010ff */
        /*0170*/                   LEA.HI.X R9, R4, UR11, R5, 0x2, P0 ;                 /* 0x0000000b04097c11 */
                                                                                        /* 0x000fca00080f1405 */
        /*0180*/                   LDG.E.STRONG.GPU R7, desc[UR6][R8.64] ;              /* 0x0000000608077981 */
                                                                                        /* 0x004ea2000c1ef900 */
        /*0190*/                   IADD.64 R4, R4, 0xbc00 ;                             /* 0x0000bc0004047835 */
                                                                                        /* 0x000fcc00078e0200 */
        /*01a0*/                   ISETP.GE.U64.AND P0, PT, R4, UR8, PT ;               /* 0x0000000804007c0c */
                                                                                        /* 0x000fc6000bf16070 */
        /*01b0*/                   LOP3.LUT R11, R10, R7, RZ, 0x3c, !PT ;               /* 0x000000070a0b7212 */
                                                                                        /* 0x004fca00078e3cff */
        /*01c0*/                   IADD R11, R11, R10 ;                                 /* 0x0000000a0b0b7235 */
                                                                                        /* 0x000fca00078e0000 */
        /*01d0*/                   STS [R6], R11 ;                                      /* 0x0000000b06007388 */
                                                                                        /* 0x000fe80000000800 */
        /*01e0*/                   LDS R10, [R6] ;                                      /* 0x00000000060a7984 */
                                                                                        /* 0x000e240000000800 */
        /*01f0*/                   LOP3.LUT R13, R10, R7, RZ, 0x3c, !PT ;               /* 0x000000070a0d7212 */
                                                                                        /* 0x001fca00078e3cff */
        /*0200*/                   IADD R13, R10, R13 ;                                 /* 0x0000000d0a0d7235 */
                                                                                        /* 0x000fca00078e0000 */
        /*0210*/                   STS [R6], R13 ;                                      /* 0x0000000d06007388 */
                                                                                        /* 0x000fe80000000800 */
        /*0220*/                   LDS R10, [R6] ;                                      /* 0x00000000060a7984 */
                                                                                        /* 0x000e240000000800 */
        /*0230*/                   LOP3.LUT R15, R10, R7, RZ, 0x3c, !PT ;               /* 0x000000070a0f7212 */
                                                                                        /* 0x001fca00078e3cff */
        /*0240*/                   IADD R15, R10, R15 ;                                 /* 0x0000000f0a0f7235 */
                                                                                        /* 0x000fca00078e0000 */
        /*0250*/                   STS [R6], R15 ;                                      /* 0x0000000f06007388 */
                                                                                        /* 0x000fe80000000800 */
        /*0260*/                   LDS R8, [R6] ;                                       /* 0x0000000006087984 */
                                                                                        /* 0x000e240000000800 */
        /*0270*/                   LOP3.LUT R9, R8, R7, RZ, 0x3c, !PT ;                 /* 0x0000000708097212 */
                                                                                        /* 0x001fca00078e3cff */
        /*0280*/                   IADD R9, R8, R9 ;                                    /* 0x0000000908097235 */
                                                                                        /* 0x000fca00078e0000 */
        /*0290*/                   STS [R6], R9 ;                                       /* 0x0000000906007388 */
                                                                                        /* 0x000fe80000000800 */
        /*02a0*/                   LDS R8, [R6] ;                                       /* 0x0000000006087984 */
                                                                                        /* 0x000e240000000800 */
        /*02b0*/                   LOP3.LUT R11, R8, R7, RZ, 0x3c, !PT ;                /* 0x00000007080b7212 */
                                                                                        /* 0x001fca00078e3cff */
        /*02c0*/                   IADD R11, R8, R11 ;                                  /* 0x0000000b080b7235 */
                                                                                        /* 0x000fca00078e0000 */
        /*02d0*/                   STS [R6], R11 ;                                      /* 0x0000000b06007388 */
                                                                                        /* 0x000fe80000000800 */
        /*02e0*/                   LDS R8, [R6] ;                                       /* 0x0000000006087984 */
                                                                                        /* 0x000e240000000800 */
        /*02f0*/                   LOP3.LUT R13, R8, R7, RZ, 0x3c, !PT ;                /* 0x00000007080d7212 */
                                                                                        /* 0x001fca00078e3cff */
        /*0300*/                   IADD R13, R8, R13 ;                                  /* 0x0000000d080d7235 */
                                                                                        /* 0x000fca00078e0000 */
        /*0310*/                   STS [R6], R13 ;                                      /* 0x0000000d06007388 */
                                                                                        /* 0x000fe80000000800 */
        /*0320*/                   LDS R8, [R6] ;                                       /* 0x0000000006087984 */
                                                                                        /* 0x000e240000000800 */
        /*0330*/                   LOP3.LUT R15, R8, R7, RZ, 0x3c, !PT ;                /* 0x00000007080f7212 */
                                                                                        /* 0x001fca00078e3cff */
        /*0340*/                   IADD R15, R8, R15 ;                                  /* 0x0000000f080f7235 */
                                                                                        /* 0x000fca00078e0000 */
        /*0350*/                   STS [R6], R15 ;                                      /* 0x0000000f06007388 */
                                                                                        /* 0x000fe80000000800 */
        /*0360*/                   LDS R8, [R6] ;                                       /* 0x0000000006087984 */
                                                                                        /* 0x000e240000000800 */
        /*0370*/                   LOP3.LUT R9, R8, R7, RZ, 0x3c, !PT ;                 /* 0x0000000708097212 */
                                                                                        /* 0x001fca00078e3cff */
        /*0380*/                   IADD R9, R8, R9 ;                                    /* 0x0000000908097235 */
                                                                                        /* 0x000fca00078e0000 */
        /*0390*/                   STS [R6], R9 ;                                       /* 0x0000000906007388 */
                                                                                        /* 0x000fe80000000800 */
        /*03a0*/                   LDS R8, [R6] ;                                       /* 0x0000000006087984 */
                                                                                        /* 0x000e240000000800 */
        /*03b0*/                   LOP3.LUT R11, R8, R7, RZ, 0x3c, !PT ;                /* 0x00000007080b7212 */
                                                                                        /* 0x001fca00078e3cff */
        /*03c0*/                   IADD R11, R8, R11 ;                                  /* 0x0000000b080b7235 */
                                                                                        /* 0x000fca00078e0000 */
        /*03d0*/                   STS [R6], R11 ;                                      /* 0x0000000b06007388 */
                                                                                        /* 0x0001e80000000800 */
        /*03e0*/                   LDS R8, [R6] ;                                       /* 0x0000000006087984 */
                                                                                        /* 0x002e620000000800 */
        /*03f0*/                   MOV R11, 0x19660d ;                                  /* 0x0019660d000b7802 */
                                                                                        /* 0x001fe20000000f00 */
        /*0400*/                   LOP3.LUT R13, R8, R7, RZ, 0x3c, !PT ;                /* 0x00000007080d7212 */
                                                                                        /* 0x002fca00078e3cff */
        /*0410*/                   IADD R13, R8, R13 ;                                  /* 0x0000000d080d7235 */
                                                                                        /* 0x000fe200078e0000 */
        /*0420*/                   HFMA2 R8, -RZ, RZ, 1.8740234375, -2 ;                /* 0x3f7fc000ff087431 */
                                                                                        /* 0x000fc800000001ff */
        /*0430*/                   STS [R6], R13 ;                                      /* 0x0000000d06007388 */
                                                                                        /* 0x000fe20000000800 */
        /*0440*/                   FFMA R9, R7, R8, 0.0009765625 ;                      /* 0x3a80000007097423 */
                                                                                        /* 0x000fc60000000008 */
        /*0450*/                   LDS R10, [R6] ;                                      /* 0x00000000060a7984 */
                                                                                        /* 0x000e220000000800 */
        /*0460*/                   FFMA R9, R9, R8, 0.0009765625 ;                      /* 0x3a80000009097423 */
                                                                                        /* 0x000fc80000000008 */
        /*0470*/                   FFMA R9, R9, R8, 0.0009765625 ;                      /* 0x3a80000009097423 */
                                                                                        /* 0x000fc80000000008 */
        /*0480*/                   FFMA R9, R9, R8, 0.0009765625 ;                      /* 0x3a80000009097423 */
                                                                                        /* 0x000fc80000000008 */
        /*0490*/                   FFMA R9, R9, R8, 0.0009765625 ;                      /* 0x3a80000009097423 */
                                                                                        /* 0x000fc80000000008 */
        /*04a0*/                   FFMA R9, R9, R8, 0.0009765625 ;                      /* 0x3a80000009097423 */
                                                                                        /* 0x000fc80000000008 */
        /*04b0*/                   FFMA R9, R9, R8, 0.0009765625 ;                      /* 0x3a80000009097423 */
                                                                                        /* 0x000fc80000000008 */
        /*04c0*/                   FFMA R9, R9, R8, 0.0009765625 ;                      /* 0x3a80000009097423 */
                                                                                        /* 0x000fc80000000008 */
        /*04d0*/                   FFMA R9, R9, R8, 0.0009765625 ;                      /* 0x3a80000009097423 */
                                                                                        /* 0x000fc80000000008 */
        /*04e0*/                   FFMA R9, R9, R8, 0.0009765625 ;                      /* 0x3a80000009097423 */
                                                                                        /* 0x000fc80000000008 */
        /*04f0*/                   FFMA R9, R9, R8, 0.0009765625 ;                      /* 0x3a80000009097423 */
                                                                                        /* 0x000fe20000000008 */
        /*0500*/                   LOP3.LUT R15, R10, R7, RZ, 0x3c, !PT ;               /* 0x000000070a0f7212 */
                                                                                        /* 0x001fc600078e3cff */
        /*0510*/                   FFMA R9, R9, R8.reuse, 0.0009765625 ;                /* 0x3a80000009097423 */
                                                                                        /* 0x080fe40000000008 */
        /*0520*/                   IADD R15, R10, R15 ;                                 /* 0x0000000f0a0f7235 */
                                                                                        /* 0x000fe400078e0000 */
        /*0530*/                   FFMA R9, R9, R8, 0.0009765625 ;                      /* 0x3a80000009097423 */
                                                                                        /* 0x000fc60000000008 */
        /*0540*/                   STS [R6], R15 ;                                      /* 0x0000000f06007388 */
                                                                                        /* 0x000fe20000000800 */
        /*0550*/                   FFMA R9, R9, R8, 0.0009765625 ;                      /* 0x3a80000009097423 */
                                                                                        /* 0x000fc60000000008 */
        /*0560*/                   LDS R10, [R6] ;                                      /* 0x00000000060a7984 */
                                                                                        /* 0x000e220000000800 */
        /*0570*/                   FFMA R9, R9, R8, 0.0009765625 ;                      /* 0x3a80000009097423 */
                                                                                        /* 0x000fc80000000008 */
        /*0580*/                   FFMA R9, R9, R8, 0.0009765625 ;                      /* 0x3a80000009097423 */
                                                                                        /* 0x000fc80000000008 */
        /*0590*/                   FFMA R9, R9, R8, 0.0009765625 ;                      /* 0x3a80000009097423 */
                                                                                        /* 0x000fc80000000008 */
        /*05a0*/                   FFMA R9, R9, R8, 0.0009765625 ;                      /* 0x3a80000009097423 */
                                                                                        /* 0x000fc80000000008 */
        /*05b0*/                   FFMA R9, R9, R8, 0.0009765625 ;                      /* 0x3a80000009097423 */
                                                                                        /* 0x000fc80000000008 */
        /*05c0*/                   FFMA R9, R9, R8, 0.0009765625 ;                      /* 0x3a80000009097423 */
                                                                                        /* 0x000fc80000000008 */
        /*05d0*/                   FFMA R9, R9, R8, 0.0009765625 ;                      /* 0x3a80000009097423 */
                                                                                        /* 0x000fc80000000008 */
        /*05e0*/                   FFMA R9, R9, R8, 0.0009765625 ;                      /* 0x3a80000009097423 */
                                                                                        /* 0x000fc80000000008 */
        /*05f0*/                   FFMA R9, R9, R8, 0.0009765625 ;                      /* 0x3a80000009097423 */
                                                                                        /* 0x000fc80000000008 */
        /*0600*/                   FFMA R8, R9, R8, 0.0009765625 ;                      /* 0x3a80000009087423 */
                                                                                        /* 0x000fe20000000008 */
        /*0610*/                   LOP3.LUT R7, R10, R7, RZ, 0x3c, !PT ;                /* 0x000000070a077212 */
                                                                                        /* 0x001fca00078e3cff */
        /*0620*/                   IADD R7, R10, R7 ;                                   /* 0x000000070a077235 */
                                                                                        /* 0x000fca00078e0000 */
        /*0630*/                   STS [R6], R7 ;                                       /* 0x0000000706007388 */
                                                                                        /* 0x0001e80000000800 */
        /*0640*/                   LDS R10, [R6] ;                                      /* 0x00000000060a7984 */
                                                                                        /* 0x0002a20000000800 */
        /*0650*/                   IMAD R7, R0, R11, 0x3c6ef35f ;                       /* 0x3c6ef35f00077424 */
                                                                                        /* 0x001fca00078e020b */
        /*0660*/                   LOP3.LUT R0, R7, R8, RZ, 0x3c, !PT ;                 /* 0x0000000807007212 */
                                                                                        /* 0x000fe200078e3cff */
        /*0670*/              @!P0 BRA 0x160 ;                                          /* 0xfffffff800b88947 */
                                                                                        /* 0x000fec000383ffff */
        /*0680*/                   BSYNC.RECONVERGENT B1 ;                              /* 0x0000000000017941 */
                                                                                        /* 0x000fea0003800200 */
        /*0690*/                   MUFU.EX2 R8, -R8 ;                                   /* 0x8000000800087308 */
                                                                                        /* 0x000e240000000800 */
        /*06a0*/                   MUFU.EX2 R4, -R8 ;                                   /* 0x8000000800047308 */
                                                                                        /* 0x001e240000000800 */
        /*06b0*/                   MUFU.EX2 R4, -R4 ;                                   /* 0x8000000400047308 */
                                                                                        /* 0x001e240000000800 */
        /*06c0*/                   MUFU.EX2 R9, -R4 ;                                   /* 0x8000000400097308 */
                                                                                        /* 0x0011240000000800 */
        /*06d0*/                   BSYNC.RECONVERGENT B0 ;                              /* 0x0000000000007941 */
                                                                                        /* 0x00cfea0003800200 */
        /*06e0*/                   LDC.64 R4, c[0x0][0x388] ;                           /* 0x0000e200ff047b82 */
                                                                                        /* 0x001e220000000a00 */
        /*06f0*/                   IMAD R7, R3, 0xc, RZ ;                               /* 0x0000000c03077824 */
                                                                                        /* 0x000fe400078e02ff */
        /*0700*/                   IMAD.WIDE.U32 R2, R2, 0xc, R4 ;                      /* 0x0000000c02027825 */
                                                                                        /* 0x001fca00078e0004 */
        /*0710*/                   IADD R3, R3, R7 ;                                    /* 0x0000000703037235 */
                                                                                        /* 0x000fca00078e0000 */
        /*0720*/                   STG.E desc[UR6][R2.64], R0 ;                         /* 0x0000000002007986 */
                                                                                        /* 0x000fe8000c101906 */
        /*0730*/                   STG.E desc[UR6][R2.64+0x4], R10 ;                    /* 0x0000040a02007986 */
                                                                                        /* 0x000fe8000c101906 */
        /*0740*/                   STG.E desc[UR6][R2.64+0x8], R9 ;                     /* 0x0000080902007986 */
                                                                                        /* 0x010fe2000c101906 */
        /*0750*/                   EXIT ;                                               /* 0x000000000000794d */
                                                                                        /* 0x000fea0003800000 */
        /*0760*/                   BRA 0x760;                                           /* 0xfffffffc00fc7947 */
                                                                                        /* 0x000fc0000383ffff */
        /*0770*/                   NOP;                                                 /* 0x0000000000007918 */
                                                                                        /* 0x000fc00000000000 */
        /*0780*/                   NOP;                                                 /* 0x0000000000007918 */
                                                                                        /* 0x000fc00000000000 */
        /*0790*/                   NOP;                                                 /* 0x0000000000007918 */
                                                                                        /* 0x000fc00000000000 */
        /*07a0*/                   NOP;                                                 /* 0x0000000000007918 */
                                                                                        /* 0x000fc00000000000 */
        /*07b0*/                   NOP;                                                 /* 0x0000000000007918 */
                                                                                        /* 0x000fc00000000000 */
        /*07c0*/                   NOP;                                                 /* 0x0000000000007918 */
                                                                                        /* 0x000fc00000000000 */
        /*07d0*/                   NOP;                                                 /* 0x0000000000007918 */
                                                                                        /* 0x000fc00000000000 */
        /*07e0*/                   NOP;                                                 /* 0x0000000000007918 */
                                                                                        /* 0x000fc00000000000 */
        /*07f0*/                   NOP;                                                 /* 0x0000000000007918 */
                                                                                        /* 0x000fc00000000000 */
		..........


		Function : _Z14energy_fixtureILi1ELi8ELi8ELi8EEvPKjPjm
	.headerflags	@"EF_CUDA_SM120 EF_CUDA_VIRTUAL_SM(EF_CUDA_SM120)"
        /*0000*/                   LDC R1, c[0x0][0x37c] ;                              /* 0x0000df00ff017b82 */
                                                                                        /* 0x000fe20000000800 */
        /*0010*/                   S2R R8, SR_TID.X ;                                   /* 0x0000000000087919 */
                                                                                        /* 0x000e2e0000002100 */
        /*0020*/                   S2UR UR4, SR_CTAID.X ;                               /* 0x00000000000479c3 */
                                                                                        /* 0x000e220000002500 */
        /*0030*/                   LDCU.64 UR8, c[0x0][0x390] ;                         /* 0x00007200ff0877ac */
                                                                                        /* 0x000e620008000a00 */
        /*0040*/                   HFMA2 R9, -RZ, RZ, 0, 0 ;                            /* 0x00000000ff097431 */
                                                                                        /* 0x000fe200000001ff */
        /*0050*/                   BSSY.RECONVERGENT B0, 0x520 ;                        /* 0x000004c000007945 */
                                                                                        /* 0x000fe20003800200 */
        /*0060*/                   HFMA2 R11, -RZ, RZ, 0, 0 ;                           /* 0x00000000ff0b7431 */
                                                                                        /* 0x000fe200000001ff */
        /*0070*/                   LDCU.64 UR6, c[0x0][0x358] ;                         /* 0x00006b00ff0677ac */
                                                                                        /* 0x000ea20008000a00 */
        /*0080*/                   MOV R0, RZ ;                                         /* 0x000000ff00007202 */
                                                                                        /* 0x000fc40000000f00 */
        /*0090*/                   LDC R3, c[0x0][0x360] ;                              /* 0x0000d800ff037b82 */
                                                                                        /* 0x000e220000000800 */
        /*00a0*/                   LDCU.64 UR10, c[0x0][0x380] ;                        /* 0x00007000ff0a77ac */
                                                                                        /* 0x000ee20008000a00 */
        /*00b0*/                   IMAD.WIDE.U32 R2, R3, UR4, R8 ;                      /* 0x0000000403027c25 */
                                                                                        /* 0x001fca000f8e0008 */
        /*00c0*/                   ISETP.GE.U64.AND P0, PT, R2, UR8, PT ;               /* 0x0000000802007c0c */
                                                                                        /* 0x002fe4000bf16070 */
        /*00d0*/                   MOV R7, R2 ;                                         /* 0x0000000200077202 */
                                                                                        /* 0x000fd80000000f00 */
        /*00e0*/               @P0 BRA 0x510 ;                                          /* 0x0000000400080947 */
                                                                                        /* 0x000fea0003800000 */
        /*00f0*/                   S2UR UR5, SR_CgaCtaId ;                              /* 0x00000000000579c3 */
                                                                                        /* 0x000e220000008800 */
        /*0100*/                   UMOV UR4, 0x400 ;                                    /* 0x0000040000047882 */
                                                                                        /* 0x000fe20000000000 */
        /*0110*/                   MOV.64 R4, R2 ;                                      /* 0x0000000200047202 */
                                                                                        /* 0x000fe40000010f00 */
        /*0120*/                   BSSY.RECONVERGENT B1, 0x490 ;                        /* 0x0000036000017945 */
                                                                                        /* 0x000fe20003800200 */
        /*0130*/                   MOV R0, RZ ;                                         /* 0x000000ff00007202 */
                                                                                        /* 0x000fe20000000f00 */
        /*0140*/                   ULEA UR4, UR5, UR4, 0x18 ;                           /* 0x0000000405047291 */
                                                                                        /* 0x001fcc000f8ec0ff */
        /*0150*/                   LEA R6, R8, UR4, 0x2 ;                               /* 0x0000000408067c11 */
                                                                                        /* 0x00cfce000f8e10ff */
        /*0160*/                   LEA R8, P0, R4, UR10, 0x2 ;                          /* 0x0000000a04087c11 */
                                                                                        /* 0x000fc8000f8010ff */
        /*0170*/                   LEA.HI.X R9, R4, UR11, R5, 0x2, P0 ;                 /* 0x0000000b04097c11 */
                                                                                        /* 0x000fca00080f1405 */
        /*0180*/                   LDG.E.STRONG.GPU R8, desc[UR6][R8.64] ;              /* 0x0000000608087981 */
                                                                                        /* 0x004ea2000c1ef900 */
        /*0190*/                   HFMA2 R15, -RZ, RZ, 1.8740234375, -2 ;               /* 0x3f7fc000ff0f7431 */
                                                                                        /* 0x000fe200000001ff */
        /*01a0*/                   IADD.64 R4, R4, 0xbc00 ;                             /* 0x0000bc0004047835 */
                                                                                        /* 0x000fcc00078e0200 */
        /*01b0*/                   ISETP.GE.U64.AND P0, PT, R4, UR8, PT ;               /* 0x0000000804007c0c */
                                                                                        /* 0x000fc6000bf16070 */
        /*01c0*/                   LOP3.LUT R10, R7, R8, RZ, 0x3c, !PT ;                /* 0x00000008070a7212 */
                                                                                        /* 0x004fca00078e3cff */
        /*01d0*/                   IADD R7, R10, R7 ;                                   /* 0x000000070a077235 */
                                                                                        /* 0x000fca00078e0000 */
        /*01e0*/                   STS [R6], R7 ;                                       /* 0x0000000706007388 */
                                                                                        /* 0x000fe80000000800 */
        /*01f0*/                   LDS R11, [R6] ;                                      /* 0x00000000060b7984 */
                                                                                        /* 0x000e240000000800 */
        /*0200*/                   LOP3.LUT R10, R11, R8, RZ, 0x3c, !PT ;               /* 0x000000080b0a7212 */
                                                                                        /* 0x001fca00078e3cff */
        /*0210*/                   IADD R11, R11, R10 ;                                 /* 0x0000000a0b0b7235 */
                                                                                        /* 0x000fca00078e0000 */
        /*0220*/                   STS [R6], R11 ;                                      /* 0x0000000b06007388 */
                                                                                        /* 0x000fe80000000800 */
        /*0230*/                   LDS R13, [R6] ;                                      /* 0x00000000060d7984 */
                                                                                        /* 0x000e240000000800 */
        /*0240*/                   LOP3.LUT R10, R13, R8, RZ, 0x3c, !PT ;               /* 0x000000080d0a7212 */
                                                                                        /* 0x001fca00078e3cff */
        /*0250*/                   IADD R13, R13, R10 ;                                 /* 0x0000000a0d0d7235 */
                                                                                        /* 0x000fca00078e0000 */
        /*0260*/                   STS [R6], R13 ;                                      /* 0x0000000d06007388 */
                                                                                        /* 0x000fe80000000800 */
        /*0270*/                   LDS R9, [R6] ;                                       /* 0x0000000006097984 */
                                                                                        /* 0x000e240000000800 */
        /*0280*/                   LOP3.LUT R10, R9, R8, RZ, 0x3c, !PT ;                /* 0x00000008090a7212 */
                                                                                        /* 0x001fca00078e3cff */
        /*0290*/                   IADD R9, R9, R10 ;                                   /* 0x0000000a09097235 */
                                                                                        /* 0x000fca00078e0000 */
        /*02a0*/                   STS [R6], R9 ;                                       /* 0x0000000906007388 */
                                                                                        /* 0x000fe80000000800 */
        /*02b0*/                   LDS R7, [R6] ;                                       /* 0x0000000006077984 */
                                                                                        /* 0x000e240000000800 */
        /*02c0*/                   LOP3.LUT R10, R7, R8, RZ, 0x3c, !PT ;                /* 0x00000008070a7212 */
                                                                                        /* 0x001fca00078e3cff */
        /*02d0*/                   IADD R7, R7, R10 ;                                   /* 0x0000000a07077235 */
                                                                                        /* 0x000fca00078e0000 */
        /*02e0*/                   STS [R6], R7 ;                                       /* 0x0000000706007388 */
                                                                                        /* 0x000fe80000000800 */
        /*02f0*/                   LDS R11, [R6] ;                                      /* 0x00000000060b7984 */
                                                                                        /* 0x000e240000000800 */
        /*0300*/                   LOP3.LUT R10, R11, R8, RZ, 0x3c, !PT ;               /* 0x000000080b0a7212 */
                                                                                        /* 0x001fca00078e3cff */
        /*0310*/                   IADD R11, R11, R10 ;                                 /* 0x0000000a0b0b7235 */
                                                                                        /* 0x000fca00078e0000 */
        /*0320*/                   STS [R6], R11 ;                                      /* 0x0000000b06007388 */
                                                                                        /* 0x0001e80000000800 */
        /*0330*/                   LDS R13, [R6] ;                                      /* 0x00000000060d7984 */
                                                                                        /* 0x002e620000000800 */
        /*0340*/                   MOV R11, 0x19660d ;                                  /* 0x0019660d000b7802 */
                                                                                        /* 0x001fe20000000f00 */
        /*0350*/                   LOP3.LUT R10, R13, R8, RZ, 0x3c, !PT ;               /* 0x000000080d0a7212 */
                                                                                        /* 0x002fca00078e3cff */
        /*0360*/                   IADD R13, R13, R10 ;                                 /* 0x0000000a0d0d7235 */
                                                                                        /* 0x000fca00078e0000 */
        /*0370*/                   STS [R6], R13 ;                                      /* 0x0000000d06007388 */
                                                                                        /* 0x000fe80000000800 */
        /*0380*/                   LDS R9, [R6] ;                                       /* 0x0000000006097984 */
                                                                                        /* 0x000e240000000800 */
        /*0390*/                   LOP3.LUT R10, R9, R8, RZ, 0x3c, !PT ;                /* 0x00000008090a7212 */
                                                                                        /* 0x001fe200078e3cff */
        /*03a0*/                   FFMA R8, R8, R15, 0.0009765625 ;                     /* 0x3a80000008087423 */
                                                                                        /* 0x000fc8000000000f */
        /*03b0*/                   IADD R9, R9, R10 ;                                   /* 0x0000000a09097235 */
                                                                                        /* 0x000fe200078e0000 */
        /*03c0*/                   FFMA R8, R8, R15, 0.0009765625 ;                     /* 0x3a80000008087423 */
                                                                                        /* 0x000fc8000000000f */
        /*03d0*/                   STS [R6], R9 ;                                       /* 0x0000000906007388 */
                                                                                        /* 0x0001e20000000800 */
        /*03e0*/                   FFMA R8, R8, R15, 0.0009765625 ;                     /* 0x3a80000008087423 */
                                                                                        /* 0x000fc6000000000f */
        /*03f0*/                   LDS R7, [R6] ;                                       /* 0x0000000006077984 */
                                                                                        /* 0x0002a20000000800 */
        /*0400*/                   FFMA R8, R8, R15, 0.0009765625 ;                     /* 0x3a80000008087423 */
                                                                                        /* 0x000fc8000000000f */
        /*0410*/                   FFMA R8, R8, R15, 0.0009765625 ;                     /* 0x3a80000008087423 */
                                                                                        /* 0x000fe2000000000f */
        /*0420*/                   IMAD R9, R0, R11, 0x3c6ef35f ;                       /* 0x3c6ef35f00097424 */
                                                                                        /* 0x001fc600078e020b */
        /*0430*/                   FFMA R8, R8, R15, 0.0009765625 ;                     /* 0x3a80000008087423 */
                                                                                        /* 0x000fc8000000000f */
        /*0440*/                   FFMA R8, R8, R15, 0.0009765625 ;                     /* 0x3a80000008087423 */
                                                                                        /* 0x000fc8000000000f */
        /*0450*/                   FFMA R8, R8, R15, 0.0009765625 ;                     /* 0x3a80000008087423 */
                                                                                        /* 0x000fca000000000f */
        /*0460*/                   LOP3.LUT R0, R9, R8, RZ, 0x3c, !PT ;                 /* 0x0000000809007212 */
                                                                                        /* 0x000fe200078e3cff */
        /*0470*/              @!P0 BRA 0x160 ;                                          /* 0xfffffffc00388947 */
                                                                                        /* 0x000fec000383ffff */
        /*0480*/                   BSYNC.RECONVERGENT B1 ;                              /* 0x0000000000017941 */
                                                                                        /* 0x000fea0003800200 */
        /*0490*/                   MUFU.EX2 R8, -R8 ;                                   /* 0x8000000800087308 */
                                                                                        /* 0x000e240000000800 */
        /*04a0*/                   MUFU.EX2 R4, -R8 ;                                   /* 0x8000000800047308 */
                                                                                        /* 0x001e240000000800 */
        /*04b0*/                   MUFU.EX2 R4, -R4 ;                                   /* 0x8000000400047308 */
                                                                                        /* 0x001e240000000800 */
        /*04c0*/                   MUFU.EX2 R5, -R4 ;                                   /* 0x8000000400057308 */
                                                                                        /* 0x001e240000000800 */
        /*04d0*/                   MUFU.EX2 R5, -R5 ;                                   /* 0x8000000500057308 */
                                                                                        /* 0x001e640000000800 */
        /*04e0*/                   MUFU.EX2 R6, -R5 ;                                   /* 0x8000000500067308 */
                                                                                        /* 0x002e240000000800 */
        /*04f0*/                   MUFU.EX2 R6, -R6 ;                                   /* 0x8000000600067308 */
                                                                                        /* 0x001e240000000800 */
        /*0500*/                   MUFU.EX2 R11, -R6 ;                                  /* 0x80000006000b7308 */
                                                                                        /* 0x0010640000000800 */
        /*0510*/                   BSYNC.RECONVERGENT B0 ;                              /* 0x0000000000007941 */
                                                                                        /* 0x00cfea0003800200 */
        /*0520*/                   LDC.64 R4, c[0x0][0x388] ;                           /* 0x0000e200ff047b82 */
                                                                                        /* 0x000ea20000000a00 */
        /*0530*/                   IMAD R9, R3, 0xc, RZ ;                               /* 0x0000000c03097824 */
                                                                                        /* 0x000fe400078e02ff */
        /*0540*/                   IMAD.WIDE.U32 R2, R2, 0xc, R4 ;                      /* 0x0000000c02027825 */
                                                                                        /* 0x004fca00078e0004 */
        /*0550*/                   IADD R3, R3, R9 ;                                    /* 0x0000000903037235 */
                                                                                        /* 0x000fca00078e0000 */
        /*0560*/                   STG.E desc[UR6][R2.64], R0 ;                         /* 0x0000000002007986 */
                                                                                        /* 0x000fe8000c101906 */
        /*0570*/                   STG.E desc[UR6][R2.64+0x4], R7 ;                     /* 0x0000040702007986 */
                                                                                        /* 0x000fe8000c101906 */
        /*0580*/                   STG.E desc[UR6][R2.64+0x8], R11 ;                    /* 0x0000080b02007986 */
                                                                                        /* 0x002fe2000c101906 */
        /*0590*/                   EXIT ;                                               /* 0x000000000000794d */
                                                                                        /* 0x000fea0003800000 */
        /*05a0*/                   BRA 0x5a0;                                           /* 0xfffffffc00fc7947 */
                                                                                        /* 0x000fc0000383ffff */
        /*05b0*/                   NOP;                                                 /* 0x0000000000007918 */
                                                                                        /* 0x000fc00000000000 */
        /*05c0*/                   NOP;                                                 /* 0x0000000000007918 */
                                                                                        /* 0x000fc00000000000 */
        /*05d0*/                   NOP;                                                 /* 0x0000000000007918 */
                                                                                        /* 0x000fc00000000000 */
        /*05e0*/                   NOP;                                                 /* 0x0000000000007918 */
                                                                                        /* 0x000fc00000000000 */
        /*05f0*/                   NOP;                                                 /* 0x0000000000007918 */
                                                                                        /* 0x000fc00000000000 */
        /*0600*/                   NOP;                                                 /* 0x0000000000007918 */
                                                                                        /* 0x000fc00000000000 */
        /*0610*/                   NOP;                                                 /* 0x0000000000007918 */
                                                                                        /* 0x000fc00000000000 */
        /*0620*/                   NOP;                                                 /* 0x0000000000007918 */
                                                                                        /* 0x000fc00000000000 */
        /*0630*/                   NOP;                                                 /* 0x0000000000007918 */
                                                                                        /* 0x000fc00000000000 */
        /*0640*/                   NOP;                                                 /* 0x0000000000007918 */
                                                                                        /* 0x000fc00000000000 */
        /*0650*/                   NOP;                                                 /* 0x0000000000007918 */
                                                                                        /* 0x000fc00000000000 */
        /*0660*/                   NOP;                                                 /* 0x0000000000007918 */
                                                                                        /* 0x000fc00000000000 */
        /*0670*/                   NOP;                                                 /* 0x0000000000007918 */
                                                                                        /* 0x000fc00000000000 */
		..........


		Function : _Z14energy_fixtureILi1ELi0ELi0ELi64EEvPKjPjm
	.headerflags	@"EF_CUDA_SM120 EF_CUDA_VIRTUAL_SM(EF_CUDA_SM120)"
        /*0000*/                   LDC R1, c[0x0][0x37c] ;                              /* 0x0000df00ff017b82 */
                                                                                        /* 0x000fe20000000800 */
        /*0010*/                   S2R R8, SR_TID.X ;                                   /* 0x0000000000087919 */
                                                                                        /* 0x000e2e0000002100 */
        /*0020*/                   S2UR UR4, SR_CTAID.X ;                               /* 0x00000000000479c3 */
                                                                                        /* 0x000e220000002500 */
        /*0030*/                   LDCU.64 UR8, c[0x0][0x390] ;                         /* 0x00007200ff0877ac */
                                                                                        /* 0x000e620008000a00 */
        /*0040*/                   HFMA2 R9, -RZ, RZ, 0, 0 ;                            /* 0x00000000ff097431 */
                                                                                        /* 0x000fe200000001ff */
        /*0050*/                   BSSY.RECONVERGENT B0, 0x1210 ;                       /* 0x000011b000007945 */
                                                                                        /* 0x000fe20003800200 */
        /*0060*/                   LDCU.64 UR6, c[0x0][0x358] ;                         /* 0x00006b00ff0677ac */
                                                                                        /* 0x000ea80008000a00 */
        /*0070*/                   LDC R5, c[0x0][0x360] ;                              /* 0x0000d800ff057b82 */
                                                                                        /* 0x000e220000000800 */
        /*0080*/                   LDCU.64 UR10, c[0x0][0x380] ;                        /* 0x00007000ff0a77ac */
                                                                                        /* 0x000eee0008000a00 */
        /*0090*/                   LDC.64 R2, c[0x0][0x388] ;                           /* 0x0000e200ff027b82 */
                                                                                        /* 0x000f220000000a00 */
        /*00a0*/                   IMAD.WIDE.U32 R4, R5, UR4, R8 ;                      /* 0x0000000405047c25 */
                                                                                        /* 0x001fc8000f8e0008 */
        /*00b0*/                   IMAD R7, R5.reuse, 0xc, RZ ;                         /* 0x0000000c05077824 */
                                                                                        /* 0x040fe200078e02ff */
        /*00c0*/                   ISETP.GE.U64.AND P0, PT, R4, UR8, PT ;               /* 0x0000000804007c0c */
                                                                                        /* 0x002fe4000bf16070 */
        /*00d0*/                   MOV R11, R4 ;                                        /* 0x00000004000b7202 */
                                                                                        /* 0x000fe20000000f00 */
        /*00e0*/                   IMAD.WIDE.U32 R2, R4, 0xc, R2 ;                      /* 0x0000000c04027825 */
                                                                                        /* 0x010fca00078e0002 */
        /*00f0*/                   IADD R3, R3, R7 ;                                    /* 0x0000000703037235 */
                                                                                        /* 0x000fe200078e0000 */
        /*0100*/                   MOV R7, RZ ;                                         /* 0x000000ff00077202 */
                                                                                        /* 0x000fca0000000f00 */
        /*0110*/               @P0 BRA 0x1200 ;                                         /* 0x0000001000380947 */
                                                                                        /* 0x000fea0003800000 */
        /*0120*/                   S2UR UR5, SR_CgaCtaId ;                              /* 0x00000000000579c3 */
                                                                                        /* 0x000e220000008800 */
        /*0130*/                   UMOV UR4, 0x400 ;                                    /* 0x0000040000047882 */
                                                                                        /* 0x000fe20000000000 */
        /*0140*/                   MOV R7, RZ ;                                         /* 0x000000ff00077202 */
                                                                                        /* 0x000fe20000000f00 */
        /*0150*/                   ULEA UR4, UR5, UR4, 0x18 ;                           /* 0x0000000405047291 */
                                                                                        /* 0x001fcc000f8ec0ff */
        /*0160*/                   LEA R0, R8, UR4, 0x2 ;                               /* 0x0000000408007c11 */
                                                                                        /* 0x00cfce000f8e10ff */
        /*0170*/                   LEA R8, P0, R4, UR10, 0x2 ;                          /* 0x0000000a04087c11 */
                                                                                        /* 0x000fc8000f8010ff */
        /*0180*/                   LEA.HI.X R9, R4, UR11, R5, 0x2, P0 ;                 /* 0x0000000b04097c11 */
                                                                                        /* 0x001fca00080f1405 */
        /*0190*/                   LDG.E.STRONG.GPU R6, desc[UR6][R8.64] ;              /* 0x0000000608067981 */
                                                                                        /* 0x000ea2000c1ef900 */
        /*01a0*/                   IADD.64 R4, R4, 0xbc00 ;                             /* 0x0000bc0004047835 */
                                                                                        /* 0x000fcc00078e0200 */
        /*01b0*/                   ISETP.GE.U64.AND P0, PT, R4, UR8, PT ;               /* 0x0000000804007c0c */
                                                                                        /* 0x000fc6000bf16070 */
        /*01c0*/                   LOP3.LUT R10, R11, R6, RZ, 0x3c, !PT ;               /* 0x000000060b0a7212 */
                                                                                        /* 0x014fca00078e3cff */
        /*01d0*/                   IADD R11, R10, R11 ;                                 /* 0x0000000b0a0b7235 */
                                                                                        /* 0x000fca00078e0000 */
        /*01e0*/                   STS [R0], R11 ;                                      /* 0x0000000b00007388 */
                                                                                        /* 0x000fe80000000800 */
        /*01f0*/                   LDS R13, [R0] ;                                      /* 0x00000000000d7984 */
                                                                                        /* 0x000e240000000800 */
        /*0200*/                   LOP3.LUT R10, R13, R6, RZ, 0x3c, !PT ;               /* 0x000000060d0a7212 */
                                                                                        /* 0x001fca00078e3cff */
        /*0210*/                   IADD R13, R13, R10 ;                                 /* 0x0000000a0d0d7235 */
                                                                                        /* 0x000fca00078e0000 */
        /*0220*/                   STS [R0], R13 ;                                      /* 0x0000000d00007388 */
                                                                                        /* 0x000fe80000000800 */
        /*0230*/                   LDS R15, [R0] ;                                      /* 0x00000000000f7984 */
                                                                                        /* 0x000e240000000800 */
        /*0240*/                   LOP3.LUT R10, R15, R6, RZ, 0x3c, !PT ;               /* 0x000000060f0a7212 */
                                                                                        /* 0x001fca00078e3cff */
        /*0250*/                   IADD R15, R15, R10 ;                                 /* 0x0000000a0f0f7235 */
                                                                                        /* 0x000fca00078e0000 */
        /*0260*/                   STS [R0], R15 ;                                      /* 0x0000000f00007388 */
                                                                                        /* 0x000fe80000000800 */
        /*0270*/                   LDS R9, [R0] ;                                       /* 0x0000000000097984 */
                                                                                        /* 0x000e240000000800 */
        /*0280*/                   LOP3.LUT R8, R9, R6, RZ, 0x3c, !PT ;                 /* 0x0000000609087212 */
                                                                                        /* 0x001fca00078e3cff */
        /*0290*/                   IADD R9, R9, R8 ;                                    /* 0x0000000809097235 */
                                                                                        /* 0x000fca00078e0000 */
        /*02a0*/                   STS [R0], R9 ;                                       /* 0x0000000900007388 */
                                                                                        /* 0x000fe80000000800 */
        /*02b0*/                   LDS R11, [R0] ;                                      /* 0x00000000000b7984 */
                                                                                        /* 0x000e240000000800 */
        /*02c0*/                   LOP3.LUT R8, R11, R6, RZ, 0x3c, !PT ;                /* 0x000000060b087212 */
                                                                                        /* 0x001fca00078e3cff */
        /*02d0*/                   IADD R11, R11, R8 ;                                  /* 0x000000080b0b7235 */
                                                                                        /* 0x000fca00078e0000 */
        /*02e0*/                   STS [R0], R11 ;                                      /* 0x0000000b00007388 */
                                                                                        /* 0x000fe80000000800 */
        /*02f0*/                   LDS R13, [R0] ;                                      /* 0x00000000000d7984 */
                                                                                        /* 0x000e240000000800 */
        /*0300*/                   LOP3.LUT R8, R13, R6, RZ, 0x3c, !PT ;                /* 0x000000060d087212 */
                                                                                        /* 0x001fca00078e3cff */
        /*0310*/                   IADD R13, R13, R8 ;                                  /* 0x000000080d0d7235 */
                                                                                        /* 0x000fca00078e0000 */
        /*0320*/                   STS [R0], R13 ;                                      /* 0x0000000d00007388 */
                                                                                        /* 0x000fe80000000800 */
        /*0330*/                   LDS R15, [R0] ;                                      /* 0x00000000000f7984 */
                                                                                        /* 0x000e240000000800 */
        /*0340*/                   LOP3.LUT R8, R15, R6, RZ, 0x3c, !PT ;                /* 0x000000060f087212 */
                                                                                        /* 0x001fca00078e3cff */
        /*0350*/                   IADD R15, R15, R8 ;                                  /* 0x000000080f0f7235 */
                                                                                        /* 0x000fca00078e0000 */
        /*0360*/                   STS [R0], R15 ;                                      /* 0x0000000f00007388 */
                                                                                        /* 0x000fe80000000800 */
        /*0370*/                   LDS R9, [R0] ;                                       /* 0x0000000000097984 */
                                                                                        /* 0x000e240000000800 */
        /*0380*/                   LOP3.LUT R8, R9, R6, RZ, 0x3c, !PT ;                 /* 0x0000000609087212 */
                                                                                        /* 0x001fca00078e3cff */
        /*0390*/                   IADD R9, R9, R8 ;                                    /* 0x0000000809097235 */
                                                                                        /* 0x000fca00078e0000 */
        /*03a0*/                   STS [R0], R9 ;                                       /* 0x0000000900007388 */
                                                                                        /* 0x000fe80000000800 */
        /*03b0*/                   LDS R11, [R0] ;                                      /* 0x00000000000b7984 */
                                                                                        /* 0x000e240000000800 */
        /*03c0*/                   LOP3.LUT R8, R11, R6, RZ, 0x3c, !PT ;                /* 0x000000060b087212 */
                                                                                        /* 0x001fca00078e3cff */
        /*03d0*/                   IADD R11, R11, R8 ;                                  /* 0x000000080b0b7235 */
                                                                                        /* 0x000fca00078e0000 */
        /*03e0*/                   STS [R0], R11 ;                                      /* 0x0000000b00007388 */
                                                                                        /* 0x000fe80000000800 */
        /*03f0*/                   LDS R13, [R0] ;                                      /* 0x00000000000d7984 */
                                                                                        /* 0x000e240000000800 */
        /*0400*/                   LOP3.LUT R8, R13, R6, RZ, 0x3c, !PT ;                /* 0x000000060d087212 */
                                                                                        /* 0x001fca00078e3cff */
        /*0410*/                   IADD R13, R13, R8 ;                                  /* 0x000000080d0d7235 */
                                                                                        /* 0x000fca00078e0000 */
        /*0420*/                   STS [R0], R13 ;                                      /* 0x0000000d00007388 */
                                                                                        /* 0x000fe80000000800 */
        /*0430*/                   LDS R15, [R0] ;                                      /* 0x00000000000f7984 */
                                                                                        /* 0x000e240000000800 */
        /*0440*/                   LOP3.LUT R8, R15, R6, RZ, 0x3c, !PT ;                /* 0x000000060f087212 */
                                                                                        /* 0x001fca00078e3cff */
        /*0450*/                   IADD R15, R15, R8 ;                                  /* 0x000000080f0f7235 */
                                                                                        /* 0x000fca00078e0000 */
        /*0460*/                   STS [R0], R15 ;                                      /* 0x0000000f00007388 */
                                                                                        /* 0x000fe80000000800 */
        /*0470*/                   LDS R9, [R0] ;                                       /* 0x0000000000097984 */
                                                                                        /* 0x000e240000000800 */
        /*0480*/                   LOP3.LUT R8, R9, R6, RZ, 0x3c, !PT ;                 /* 0x0000000609087212 */
                                                                                        /* 0x001fca00078e3cff */
        /*0490*/                   IADD R9, R9, R8 ;                                    /* 0x0000000809097235 */
                                                                                        /* 0x000fca00078e0000 */
        /*04a0*/                   STS [R0], R9 ;                                       /* 0x0000000900007388 */
                                                                                        /* 0x000fe80000000800 */
        /*04b0*/                   LDS R11, [R0] ;                                      /* 0x00000000000b7984 */
                                                                                        /* 0x000e240000000800 */
        /*04c0*/                   LOP3.LUT R8, R11, R6, RZ, 0x3c, !PT ;                /* 0x000000060b087212 */
                                                                                        /* 0x001fca00078e3cff */
        /*04d0*/                   IADD R11, R11, R8 ;                                  /* 0x000000080b0b7235 */
                                                                                        /* 0x000fca00078e0000 */
        /*04e0*/                   STS [R0], R11 ;                                      /* 0x0000000b00007388 */
                                                                                        /* 0x000fe80000000800 */
        /*04f0*/                   LDS R13, [R0] ;                                      /* 0x00000000000d7984 */
                                                                                        /* 0x000e240000000800 */
        /*0500*/                   LOP3.LUT R8, R13, R6, RZ, 0x3c, !PT ;                /* 0x000000060d087212 */
                                                                                        /* 0x001fca00078e3cff */
        /*0510*/                   IADD R13, R13, R8 ;                                  /* 0x000000080d0d7235 */
                                                                                        /* 0x000fca00078e0000 */
        /*0520*/                   STS [R0], R13 ;                                      /* 0x0000000d00007388 */
                                                                                        /* 0x000fe80000000800 */
        /*0530*/                   LDS R15, [R0] ;                                      /* 0x00000000000f7984 */
                                                                                        /* 0x000e240000000800 */
        /*0540*/                   LOP3.LUT R8, R15, R6, RZ, 0x3c, !PT ;                /* 0x000000060f087212 */
                                                                                        /* 0x001fca00078e3cff */
        /*0550*/                   IADD R15, R15, R8 ;                                  /* 0x000000080f0f7235 */
                                                                                        /* 0x000fca00078e0000 */
        /*0560*/                   STS [R0], R15 ;                                      /* 0x0000000f00007388 */
                                                                                        /* 0x000fe80000000800 */
        /*0570*/                   LDS R9, [R0] ;                                       /* 0x0000000000097984 */
                                                                                        /* 0x000e240000000800 */
        /*0580*/                   LOP3.LUT R8, R9, R6, RZ, 0x3c, !PT ;                 /* 0x0000000609087212 */
                                                                                        /* 0x001fca00078e3cff */
        /*0590*/                   IADD R9, R9, R8 ;                                    /* 0x0000000809097235 */
                                                                                        /* 0x000fca00078e0000 */
        /*05a0*/                   STS [R0], R9 ;                                       /* 0x0000000900007388 */
                                                                                        /* 0x000fe80000000800 */
        /*05b0*/                   LDS R11, [R0] ;                                      /* 0x00000000000b7984 */
                                                                                        /* 0x000e240000000800 */
        /*05c0*/                   LOP3.LUT R8, R11, R6, RZ, 0x3c, !PT ;                /* 0x000000060b087212 */
                                                                                        /* 0x001fca00078e3cff */
        /*05d0*/                   IADD R11, R11, R8 ;                                  /* 0x000000080b0b7235 */
                                                                                        /* 0x000fca00078e0000 */
        /*05e0*/                   STS [R0], R11 ;                                      /* 0x0000000b00007388 */
                                                                                        /* 0x000fe80000000800 */
        /*05f0*/                   LDS R13, [R0] ;                                      /* 0x00000000000d7984 */
                                                                                        /* 0x000e240000000800 */
        /*0600*/                   LOP3.LUT R8, R13, R6, RZ, 0x3c, !PT ;                /* 0x000000060d087212 */
                                                                                        /* 0x001fca00078e3cff */
        /*0610*/                   IADD R13, R13, R8 ;                                  /* 0x000000080d0d7235 */
                                                                                        /* 0x000fca00078e0000 */
        /*0620*/                   STS [R0], R13 ;                                      /* 0x0000000d00007388 */
                                                                                        /* 0x000fe80000000800 */
        /*0630*/                   LDS R15, [R0] ;                                      /* 0x00000000000f7984 */
                                                                                        /* 0x000e240000000800 */
        /*0640*/                   LOP3.LUT R8, R15, R6, RZ, 0x3c, !PT ;                /* 0x000000060f087212 */
                                                                                        /* 0x001fca00078e3cff */
        /*0650*/                   IADD R15, R15, R8 ;                                  /* 0x000000080f0f7235 */
                                                                                        /* 0x000fca00078e0000 */
        /*0660*/                   STS [R0], R15 ;                                      /* 0x0000000f00007388 */
                                                                                        /* 0x000fe80000000800 */
        /*0670*/                   LDS R9, [R0] ;                                       /* 0x0000000000097984 */
                                                                                        /* 0x000e240000000800 */
        /*0680*/                   LOP3.LUT R8, R9, R6, RZ, 0x3c, !PT ;                 /* 0x0000000609087212 */
                                                                                        /* 0x001fca00078e3cff */
        /*0690*/                   IADD R9, R9, R8 ;                                    /* 0x0000000809097235 */
                                                                                        /* 0x000fca00078e0000 */
        /*06a0*/                   STS [R0], R9 ;                                       /* 0x0000000900007388 */
                                                                                        /* 0x000fe80000000800 */
        /*06b0*/                   LDS R11, [R0] ;                                      /* 0x00000000000b7984 */
                                                                                        /* 0x000e240000000800 */
        /*06c0*/                   LOP3.LUT R8, R11, R6, RZ, 0x3c, !PT ;                /* 0x000000060b087212 */
                                                                                        /* 0x001fca00078e3cff */
        /*06d0*/                   IADD R11, R11, R8 ;                                  /* 0x000000080b0b7235 */
                                                                                        /* 0x000fca00078e0000 */
        /*06e0*/                   STS [R0], R11 ;                                      /* 0x0000000b00007388 */
                                                                                        /* 0x000fe80000000800 */
        /*06f0*/                   LDS R13, [R0] ;                                      /* 0x00000000000d7984 */
                                                                                        /* 0x000e240000000800 */
        /*0700*/                   LOP3.LUT R8, R13, R6, RZ, 0x3c, !PT ;                /* 0x000000060d087212 */
                                                                                        /* 0x001fca00078e3cff */
        /*0710*/                   IADD R13, R13, R8 ;                                  /* 0x000000080d0d7235 */
                                                                                        /* 0x000fca00078e0000 */
        /*0720*/                   STS [R0], R13 ;                                      /* 0x0000000d00007388 */
                                                                                        /* 0x000fe80000000800 */
        /*0730*/                   LDS R15, [R0] ;                                      /* 0x00000000000f7984 */
                                                                                        /* 0x000e240000000800 */
        /*0740*/                   LOP3.LUT R8, R15, R6, RZ, 0x3c, !PT ;                /* 0x000000060f087212 */
                                                                                        /* 0x001fca00078e3cff */
        /*0750*/                   IADD R15, R15, R8 ;                                  /* 0x000000080f0f7235 */
                                                                                        /* 0x000fca00078e0000 */
        /*0760*/                   STS [R0], R15 ;                                      /* 0x0000000f00007388 */
                                                                                        /* 0x000fe80000000800 */
        /*0770*/                   LDS R9, [R0] ;                                       /* 0x0000000000097984 */
                                                                                        /* 0x000e240000000800 */
        /*0780*/                   LOP3.LUT R8, R9, R6, RZ, 0x3c, !PT ;                 /* 0x0000000609087212 */
                                                                                        /* 0x001fca00078e3cff */
        /*0790*/                   IADD R9, R9, R8 ;                                    /* 0x0000000809097235 */
                                                                                        /* 0x000fca00078e0000 */
        /*07a0*/                   STS [R0], R9 ;                                       /* 0x0000000900007388 */
                                                                                        /* 0x000fe80000000800 */
        /*07b0*/                   LDS R11, [R0] ;                                      /* 0x00000000000b7984 */
                                                                                        /* 0x000e240000000800 */
        /*07c0*/                   LOP3.LUT R8, R11, R6, RZ, 0x3c, !PT ;                /* 0x000000060b087212 */
                                                                                        /* 0x001fca00078e3cff */
        /*07d0*/                   IADD R11, R11, R8 ;                                  /* 0x000000080b0b7235 */
                                                                                        /* 0x000fca00078e0000 */
        /*07e0*/                   STS [R0], R11 ;                                      /* 0x0000000b00007388 */
                                                                                        /* 0x000fe80000000800 */
        /*07f0*/                   LDS R13, [R0] ;                                      /* 0x00000000000d7984 */
                                                                                        /* 0x000e240000000800 */
        /*0800*/                   LOP3.LUT R8, R13, R6, RZ, 0x3c, !PT ;                /* 0x000000060d087212 */
                                                                                        /* 0x001fca00078e3cff */
        /*0810*/                   IADD R13, R13, R8 ;                                  /* 0x000000080d0d7235 */
                                                                                        /* 0x000fca00078e0000 */
        /*0820*/                   STS [R0], R13 ;                                      /* 0x0000000d00007388 */
                                                                                        /* 0x000fe80000000800 */
        /*0830*/                   LDS R15, [R0] ;                                      /* 0x00000000000f7984 */
                                                                                        /* 0x000e240000000800 */
        /*0840*/                   LOP3.LUT R8, R15, R6, RZ, 0x3c, !PT ;                /* 0x000000060f087212 */
                                                                                        /* 0x001fca00078e3cff */
        /*0850*/                   IADD R15, R15, R8 ;                                  /* 0x000000080f0f7235 */
                                                                                        /* 0x000fca00078e0000 */
        /*0860*/                   STS [R0], R15 ;                                      /* 0x0000000f00007388 */
                                                                                        /* 0x000fe80000000800 */
        /*0870*/                   LDS R9, [R0] ;                                       /* 0x0000000000097984 */
                                                                                        /* 0x000e240000000800 */
        /*0880*/                   LOP3.LUT R8, R9, R6, RZ, 0x3c, !PT ;                 /* 0x0000000609087212 */
                                                                                        /* 0x001fca00078e3cff */
        /*0890*/                   IADD R9, R9, R8 ;                                    /* 0x0000000809097235 */
                                                                                        /* 0x000fca00078e0000 */
        /*08a0*/                   STS [R0], R9 ;                                       /* 0x0000000900007388 */
                                                                                        /* 0x000fe80000000800 */
        /*08b0*/                   LDS R11, [R0] ;                                      /* 0x00000000000b7984 */
                                                                                        /* 0x000e240000000800 */
        /*08c0*/                   LOP3.LUT R8, R11, R6, RZ, 0x3c, !PT ;                /* 0x000000060b087212 */
                                                                                        /* 0x001fca00078e3cff */
        /*08d0*/                   IADD R11, R11, R8 ;                                  /* 0x000000080b0b7235 */
                                                                                        /* 0x000fca00078e0000 */
        /*08e0*/                   STS [R0], R11 ;                                      /* 0x0000000b00007388 */
                                                                                        /* 0x000fe80000000800 */
        /*08f0*/                   LDS R13, [R0] ;                                      /* 0x00000000000d7984 */
                                                                                        /* 0x000e240000000800 */
        /*0900*/                   LOP3.LUT R8, R13, R6, RZ, 0x3c, !PT ;                /* 0x000000060d087212 */
                                                                                        /* 0x001fca00078e3cff */
        /*0910*/                   IADD R13, R13, R8 ;                                  /* 0x000000080d0d7235 */
                                                                                        /* 0x000fca00078e0000 */
        /*0920*/                   STS [R0], R13 ;                                      /* 0x0000000d00007388 */
                                                                                        /* 0x000fe80000000800 */
        /*0930*/                   LDS R15, [R0] ;                                      /* 0x00000000000f7984 */
                                                                                        /* 0x000e240000000800 */
        /*0940*/                   LOP3.LUT R8, R15, R6, RZ, 0x3c, !PT ;                /* 0x000000060f087212 */
                                                                                        /* 0x001fca00078e3cff */
        /*0950*/                   IADD R15, R15, R8 ;                                  /* 0x000000080f0f7235 */
                                                                                        /* 0x000fca00078e0000 */
        /*0960*/                   STS [R0], R15 ;                                      /* 0x0000000f00007388 */
                                                                                        /* 0x000fe80000000800 */
        /*0970*/                   LDS R9, [R0] ;                                       /* 0x0000000000097984 */
                                                                                        /* 0x000e240000000800 */
        /*0980*/                   LOP3.LUT R8, R9, R6, RZ, 0x3c, !PT ;                 /* 0x0000000609087212 */
                                                                                        /* 0x001fca00078e3cff */
        /*0990*/                   IADD R9, R9, R8 ;                                    /* 0x0000000809097235 */
                                                                                        /* 0x000fca00078e0000 */
        /*09a0*/                   STS [R0], R9 ;                                       /* 0x0000000900007388 */
                                                                                        /* 0x000fe80000000800 */
        /*09b0*/                   LDS R11, [R0] ;                                      /* 0x00000000000b7984 */
                                                                                        /* 0x000e240000000800 */
        /*09c0*/                   LOP3.LUT R8, R11, R6, RZ, 0x3c, !PT ;                /* 0x000000060b087212 */
                                                                                        /* 0x001fca00078e3cff */
        /*09d0*/                   IADD R11, R11, R8 ;                                  /* 0x000000080b0b7235 */
                                                                                        /* 0x000fca00078e0000 */
        /*09e0*/                   STS [R0], R11 ;                                      /* 0x0000000b00007388 */
                                                                                        /* 0x000fe80000000800 */
        /*09f0*/                   LDS R13, [R0] ;                                      /* 0x00000000000d7984 */
                                                                                        /* 0x000e240000000800 */
        /*0a00*/                   LOP3.LUT R8, R13, R6, RZ, 0x3c, !PT ;                /* 0x000000060d087212 */
                                                                                        /* 0x001fca00078e3cff */
        /*0a10*/                   IADD R13, R13, R8 ;                                  /* 0x000000080d0d7235 */
                                                                                        /* 0x000fca00078e0000 */
        /*0a20*/                   STS [R0], R13 ;                                      /* 0x0000000d00007388 */
                                                                                        /* 0x000fe80000000800 */
        /*0a30*/                   LDS R15, [R0] ;                                      /* 0x00000000000f7984 */
                                                                                        /* 0x000e240000000800 */
        /*0a40*/                   LOP3.LUT R8, R15, R6, RZ, 0x3c, !PT ;                /* 0x000000060f087212 */
                                                                                        /* 0x001fca00078e3cff */
        /*0a50*/                   IADD R15, R15, R8 ;                                  /* 0x000000080f0f7235 */
                                                                                        /* 0x000fca00078e0000 */
        /*0a60*/                   STS [R0], R15 ;                                      /* 0x0000000f00007388 */
                                                                                        /* 0x000fe80000000800 */
        /*0a70*/                   LDS R9, [R0] ;                                       /* 0x0000000000097984 */
                                                                                        /* 0x000e240000000800 */
        /*0a80*/                   LOP3.LUT R8, R9, R6, RZ, 0x3c, !PT ;                 /* 0x0000000609087212 */
                                                                                        /* 0x001fca00078e3cff */
        /*0a90*/                   IADD R9, R9, R8 ;                                    /* 0x0000000809097235 */
                                                                                        /* 0x000fca00078e0000 */
        /*0aa0*/                   STS [R0], R9 ;                                       /* 0x0000000900007388 */
                                                                                        /* 0x000fe80000000800 */
        /*0ab0*/                   LDS R11, [R0] ;                                      /* 0x00000000000b7984 */
                                                                                        /* 0x000e240000000800 */
        /*0ac0*/                   LOP3.LUT R8, R11, R6, RZ, 0x3c, !PT ;                /* 0x000000060b087212 */
                                                                                        /* 0x001fca00078e3cff */
        /*0ad0*/                   IADD R11, R11, R8 ;                                  /* 0x000000080b0b7235 */
                                                                                        /* 0x000fca00078e0000 */
        /*0ae0*/                   STS [R0], R11 ;                                      /* 0x0000000b00007388 */
                                                                                        /* 0x000fe80000000800 */
        /*0af0*/                   LDS R13, [R0] ;                                      /* 0x00000000000d7984 */
                                                                                        /* 0x000e240000000800 */
        /*0b00*/                   LOP3.LUT R8, R13, R6, RZ, 0x3c, !PT ;                /* 0x000000060d087212 */
                                                                                        /* 0x001fca00078e3cff */
        /*0b10*/                   IADD R13, R13, R8 ;                                  /* 0x000000080d0d7235 */
                                                                                        /* 0x000fca00078e0000 */
        /*0b20*/                   STS [R0], R13 ;                                      /* 0x0000000d00007388 */
                                                                                        /* 0x000fe80000000800 */
        /*0b30*/                   LDS R15, [R0] ;                                      /* 0x00000000000f7984 */
                                                                                        /* 0x000e240000000800 */
        /*0b40*/                   LOP3.LUT R8, R15, R6, RZ, 0x3c, !PT ;                /* 0x000000060f087212 */
                                                                                        /* 0x001fca00078e3cff */
        /*0b50*/                   IADD R15, R15, R8 ;                                  /* 0x000000080f0f7235 */
                                                                                        /* 0x000fca00078e0000 */
        /*0b60*/                   STS [R0], R15 ;                                      /* 0x0000000f00007388 */
                                                                                        /* 0x000fe80000000800 */
        /*0b70*/                   LDS R9, [R0] ;                                       /* 0x0000000000097984 */
                                                                                        /* 0x000e240000000800 */
        /*0b80*/                   LOP3.LUT R8, R9, R6, RZ, 0x3c, !PT ;                 /* 0x0000000609087212 */
                                                                                        /* 0x001fca00078e3cff */
        /*0b90*/                   IADD R9, R9, R8 ;                                    /* 0x0000000809097235 */
                                                                                        /* 0x000fca00078e0000 */
        /*0ba0*/                   STS [R0], R9 ;                                       /* 0x0000000900007388 */
                                                                                        /* 0x000fe80000000800 */
        /*0bb0*/                   LDS R11, [R0] ;                                      /* 0x00000000000b7984 */
                                                                                        /* 0x000e240000000800 */
        /*0bc0*/                   LOP3.LUT R8, R11, R6, RZ, 0x3c, !PT ;                /* 0x000000060b087212 */
                                                                                        /* 0x001fca00078e3cff */
        /*0bd0*/                   IADD R11, R11, R8 ;                                  /* 0x000000080b0b7235 */
                                                                                        /* 0x000fca00078e0000 */
        /*0be0*/                   STS [R0], R11 ;                                      /* 0x0000000b00007388 */
                                                                                        /* 0x000fe80000000800 */
        /*0bf0*/                   LDS R13, [R0] ;                                      /* 0x00000000000d7984 */
                                                                                        /* 0x000e240000000800 */
        /*0c00*/                   LOP3.LUT R8, R13, R6, RZ, 0x3c, !PT ;                /* 0x000000060d087212 */
                                                                                        /* 0x001fca00078e3cff */
        /*0c10*/                   IADD R13, R13, R8 ;                                  /* 0x000000080d0d7235 */
                                                                                        /* 0x000fca00078e0000 */
        /*0c20*/                   STS [R0], R13 ;                                      /* 0x0000000d00007388 */
                                                                                        /* 0x000fe80000000800 */
        /*0c30*/                   LDS R15, [R0] ;                                      /* 0x00000000000f7984 */
                                                                                        /* 0x000e240000000800 */
        /*0c40*/                   LOP3.LUT R8, R15, R6, RZ, 0x3c, !PT ;                /* 0x000000060f087212 */
                                                                                        /* 0x001fca00078e3cff */
        /*0c50*/                   IADD R15, R15, R8 ;                                  /* 0x000000080f0f7235 */
                                                                                        /* 0x000fca00078e0000 */
        /*0c60*/                   STS [R0], R15 ;                                      /* 0x0000000f00007388 */
                                                                                        /* 0x000fe80000000800 */
        /*0c70*/                   LDS R9, [R0] ;                                       /* 0x0000000000097984 */
                                                                                        /* 0x000e240000000800 */
        /*0c80*/                   LOP3.LUT R8, R9, R6, RZ, 0x3c, !PT ;                 /* 0x0000000609087212 */
                                                                                        /* 0x001fca00078e3cff */
        /*0c90*/                   IADD R9, R9, R8 ;                                    /* 0x0000000809097235 */
                                                                                        /* 0x000fca00078e0000 */
        /*0ca0*/                   STS [R0], R9 ;                                       /* 0x0000000900007388 */
                                                                                        /* 0x000fe80000000800 */
        /*0cb0*/                   LDS R11, [R0] ;                                      /* 0x00000000000b7984 */
                                                                                        /* 0x000e240000000800 */
        /*0cc0*/                   LOP3.LUT R8, R11, R6, RZ, 0x3c, !PT ;                /* 0x000000060b087212 */
                                                                                        /* 0x001fca00078e3cff */
        /*0cd0*/                   IADD R11, R11, R8 ;                                  /* 0x000000080b0b7235 */
                                                                                        /* 0x000fca00078e0000 */
        /*0ce0*/                   STS [R0], R11 ;                                      /* 0x0000000b00007388 */
                                                                                        /* 0x000fe80000000800 */
        /*0cf0*/                   LDS R13, [R0] ;                                      /* 0x00000000000d7984 */
                                                                                        /* 0x000e240000000800 */
        /*0d00*/                   LOP3.LUT R8, R13, R6, RZ, 0x3c, !PT ;                /* 0x000000060d087212 */
                                                                                        /* 0x001fca00078e3cff */
        /*0d10*/                   IADD R13, R13, R8 ;                                  /* 0x000000080d0d7235 */
                                                                                        /* 0x000fca00078e0000 */
        /*0d20*/                   STS [R0], R13 ;                                      /* 0x0000000d00007388 */
                                                                                        /* 0x000fe80000000800 */
        /*0d30*/                   LDS R15, [R0] ;                                      /* 0x00000000000f7984 */
                                                                                        /* 0x000e240000000800 */
        /*0d40*/                   LOP3.LUT R8, R15, R6, RZ, 0x3c, !PT ;                /* 0x000000060f087212 */
                                                                                        /* 0x001fca00078e3cff */
        /*0d50*/                   IADD R15, R15, R8 ;                                  /* 0x000000080f0f7235 */
                                                                                        /* 0x000fca00078e0000 */
        /*0d60*/                   STS [R0], R15 ;                                      /* 0x0000000f00007388 */
                                                                                        /* 0x000fe80000000800 */
        /*0d70*/                   LDS R9, [R0] ;                                       /* 0x0000000000097984 */
                                                                                        /* 0x000e240000000800 */
        /*0d80*/                   LOP3.LUT R8, R9, R6, RZ, 0x3c, !PT ;                 /* 0x0000000609087212 */
                                                                                        /* 0x001fca00078e3cff */
        /*0d90*/                   IADD R9, R9, R8 ;                                    /* 0x0000000809097235 */
                                                                                        /* 0x000fca00078e0000 */
        /*0da0*/                   STS [R0], R9 ;                                       /* 0x0000000900007388 */
                                                                                        /* 0x000fe80000000800 */
        /*0db0*/                   LDS R11, [R0] ;                                      /* 0x00000000000b7984 */
                                                                                        /* 0x000e240000000800 */
        /*0dc0*/                   LOP3.LUT R8, R11, R6, RZ, 0x3c, !PT ;                /* 0x000000060b087212 */
                                                                                        /* 0x001fca00078e3cff */
        /*0dd0*/                   IADD R11, R11, R8 ;                                  /* 0x000000080b0b7235 */
                                                                                        /* 0x000fca00078e0000 */
        /*0de0*/                   STS [R0], R11 ;                                      /* 0x0000000b00007388 */
                                                                                        /* 0x000fe80000000800 */
        /*0df0*/                   LDS R13, [R0] ;                                      /* 0x00000000000d7984 */
                                                                                        /* 0x000e240000000800 */
        /*0e00*/                   LOP3.LUT R8, R13, R6, RZ, 0x3c, !PT ;                /* 0x000000060d087212 */
                                                                                        /* 0x001fca00078e3cff */
        /*0e10*/                   IADD R13, R13, R8 ;                                  /* 0x000000080d0d7235 */
                                                                                        /* 0x000fca00078e0000 */
        /*0e20*/                   STS [R0], R13 ;                                      /* 0x0000000d00007388 */
                                                                                        /* 0x000fe80000000800 */
        /*0e30*/                   LDS R15, [R0] ;                                      /* 0x00000000000f7984 */
                                                                                        /* 0x000e240000000800 */
        /*0e40*/                   LOP3.LUT R8, R15, R6, RZ, 0x3c, !PT ;                /* 0x000000060f087212 */
                                                                                        /* 0x001fca00078e3cff */
        /*0e50*/                   IADD R15, R15, R8 ;                                  /* 0x000000080f0f7235 */
                                                                                        /* 0x000fca00078e0000 */
        /*0e60*/                   STS [R0], R15 ;                                      /* 0x0000000f00007388 */
                                                                                        /* 0x000fe80000000800 */
        /*0e70*/                   LDS R9, [R0] ;                                       /* 0x0000000000097984 */
                                                                                        /* 0x000e240000000800 */
        /*0e80*/                   LOP3.LUT R8, R9, R6, RZ, 0x3c, !PT ;                 /* 0x0000000609087212 */
                                                                                        /* 0x001fca00078e3cff */
        /*0e90*/                   IADD R9, R9, R8 ;                                    /* 0x0000000809097235 */
                                                                                        /* 0x000fca00078e0000 */
        /*0ea0*/                   STS [R0], R9 ;                                       /* 0x0000000900007388 */
                                                                                        /* 0x000fe80000000800 */
        /*0eb0*/                   LDS R11, [R0] ;                                      /* 0x00000000000b7984 */
                                                                                        /* 0x000e240000000800 */
        /*0ec0*/                   LOP3.LUT R8, R11, R6, RZ, 0x3c, !PT ;                /* 0x000000060b087212 */
                                                                                        /* 0x001fca00078e3cff */
        /*0ed0*/                   IADD R11, R11, R8 ;                                  /* 0x000000080b0b7235 */
                                                                                        /* 0x000fca00078e0000 */
        /*0ee0*/                   STS [R0], R11 ;                                      /* 0x0000000b00007388 */
                                                                                        /* 0x000fe80000000800 */
        /*0ef0*/                   LDS R13, [R0] ;                                      /* 0x00000000000d7984 */
                                                                                        /* 0x000e240000000800 */
        /*0f00*/                   LOP3.LUT R8, R13, R6, RZ, 0x3c, !PT ;                /* 0x000000060d087212 */
                                                                                        /* 0x001fca00078e3cff */
        /*0f10*/                   IADD R13, R13, R8 ;                                  /* 0x000000080d0d7235 */
                                                                                        /* 0x000fca00078e0000 */
        /*0f20*/                   STS [R0], R13 ;                                      /* 0x0000000d00007388 */
                                                                                        /* 0x000fe80000000800 */
        /*0f30*/                   LDS R15, [R0] ;                                      /* 0x00000000000f7984 */
                                                                                        /* 0x000e240000000800 */
        /*0f40*/                   LOP3.LUT R8, R15, R6, RZ, 0x3c, !PT ;                /* 0x000000060f087212 */
                                                                                        /* 0x001fca00078e3cff */
        /*0f50*/                   IADD R15, R15, R8 ;                                  /* 0x000000080f0f7235 */
                                                                                        /* 0x000fca00078e0000 */
        /*0f60*/                   STS [R0], R15 ;                                      /* 0x0000000f00007388 */
                                                                                        /* 0x000fe80000000800 */
        /*0f70*/                   LDS R9, [R0] ;                                       /* 0x0000000000097984 */
                                                                                        /* 0x000e240000000800 */
        /*0f80*/                   LOP3.LUT R8, R9, R6, RZ, 0x3c, !PT ;                 /* 0x0000000609087212 */
                                                                                        /* 0x001fca00078e3cff */
        /*0f90*/                   IADD R9, R9, R8 ;                                    /* 0x0000000809097235 */
                                                                                        /* 0x000fca00078e0000 */
        /*0fa0*/                   STS [R0], R9 ;                                       /* 0x0000000900007388 */
                                                                                        /* 0x000fe80000000800 */
        /*0fb0*/                   LDS R11, [R0] ;                                      /* 0x00000000000b7984 */
                                                                                        /* 0x000e240000000800 */
        /*0fc0*/                   LOP3.LUT R8, R11, R6, RZ, 0x3c, !PT ;                /* 0x000000060b087212 */
                                                                                        /* 0x001fca00078e3cff */
        /*0fd0*/                   IADD R11, R11, R8 ;                                  /* 0x000000080b0b7235 */
                                                                                        /* 0x000fca00078e0000 */
        /*0fe0*/                   STS [R0], R11 ;                                      /* 0x0000000b00007388 */
                                                                                        /* 0x000fe80000000800 */
        /*0ff0*/                   LDS R13, [R0] ;                                      /* 0x00000000000d7984 */
                                                                                        /* 0x000e240000000800 */
        /*1000*/                   LOP3.LUT R8, R13, R6, RZ, 0x3c, !PT ;                /* 0x000000060d087212 */
                                                                                        /* 0x001fca00078e3cff */
        /*1010*/                   IADD R13, R13, R8 ;                                  /* 0x000000080d0d7235 */
                                                                                        /* 0x000fca00078e0000 */
        /*1020*/                   STS [R0], R13 ;                                      /* 0x0000000d00007388 */
                                                                                        /* 0x000fe80000000800 */
        /*1030*/                   LDS R15, [R0] ;                                      /* 0x00000000000f7984 */
                                                                                        /* 0x000e240000000800 */
        /*1040*/                   LOP3.LUT R8, R15, R6, RZ, 0x3c, !PT ;                /* 0x000000060f087212 */
                                                                                        /* 0x001fca00078e3cff */
        /*1050*/                   IADD R15, R15, R8 ;                                  /* 0x000000080f0f7235 */
                                                                                        /* 0x000fca00078e0000 */
        /*1060*/                   STS [R0], R15 ;                                      /* 0x0000000f00007388 */
                                                                                        /* 0x000fe80000000800 */
        /*1070*/                   LDS R9, [R0] ;                                       /* 0x0000000000097984 */
                                                                                        /* 0x000e240000000800 */
        /*1080*/                   LOP3.LUT R8, R9, R6, RZ, 0x3c, !PT ;                 /* 0x0000000609087212 */
                                                                                        /* 0x001fca00078e3cff */
        /*1090*/                   IADD R9, R9, R8 ;                                    /* 0x0000000809097235 */
                                                                                        /* 0x000fca00078e0000 */
        /*10a0*/                   STS [R0], R9 ;                                       /* 0x0000000900007388 */
                                                                                        /* 0x000fe80000000800 */
        /*10b0*/                   LDS R11, [R0] ;                                      /* 0x00000000000b7984 */
                                                                                        /* 0x000e240000000800 */
        /*10c0*/                   LOP3.LUT R8, R11, R6, RZ, 0x3c, !PT ;                /* 0x000000060b087212 */
                                                                                        /* 0x001fca00078e3cff */
        /*10d0*/                   IADD R11, R11, R8 ;                                  /* 0x000000080b0b7235 */
                                                                                        /* 0x000fca00078e0000 */
        /*10e0*/                   STS [R0], R11 ;                                      /* 0x0000000b00007388 */
                                                                                        /* 0x000fe80000000800 */
        /*10f0*/                   LDS R13, [R0] ;                                      /* 0x00000000000d7984 */
                                                                                        /* 0x000e240000000800 */
        /*1100*/                   LOP3.LUT R8, R13, R6, RZ, 0x3c, !PT ;                /* 0x000000060d087212 */
                                                                                        /* 0x001fca00078e3cff */
        /*1110*/                   IADD R13, R13, R8 ;                                  /* 0x000000080d0d7235 */
                                                                                        /* 0x000fca00078e0000 */
        /*1120*/                   STS [R0], R13 ;                                      /* 0x0000000d00007388 */
                                                                                        /* 0x000fe80000000800 */
        /*1130*/                   LDS R15, [R0] ;                                      /* 0x00000000000f7984 */
                                                                                        /* 0x000e240000000800 */
        /*1140*/                   LOP3.LUT R8, R15, R6, RZ, 0x3c, !PT ;                /* 0x000000060f087212 */
                                                                                        /* 0x001fca00078e3cff */
        /*1150*/                   IADD R15, R15, R8 ;                                  /* 0x000000080f0f7235 */
                                                                                        /* 0x000fca00078e0000 */
        /*1160*/                   STS [R0], R15 ;                                      /* 0x0000000f00007388 */
                                                                                        /* 0x000fe80000000800 */
        /*1170*/                   LDS R9, [R0] ;                                       /* 0x0000000000097984 */
                                                                                        /* 0x000e240000000800 */
        /*1180*/                   LOP3.LUT R8, R9, R6, RZ, 0x3c, !PT ;                 /* 0x0000000609087212 */
                                                                                        /* 0x001fca00078e3cff */
        /*1190*/                   IADD R9, R9, R8 ;                                    /* 0x0000000809097235 */
                                                                                        /* 0x000fe200078e0000 */
        /*11a0*/                   HFMA2 R8, -RZ, RZ, 1.490116119384765625e-06, 1549 ;  /* 0x0019660dff087431 */
                                                                                        /* 0x000fc800000001ff */
        /*11b0*/                   STS [R0], R9 ;                                       /* 0x0000000900007388 */
                                                                                        /* 0x0001e20000000800 */
        /*11c0*/                   IMAD R7, R7, R8, 0x3c6ef35f ;                        /* 0x3c6ef35f07077424 */
                                                                                        /* 0x000fc600078e0208 */
        /*11d0*/                   LDS R11, [R0] ;                                      /* 0x00000000000b7984 */
                                                                                        /* 0x0023240000000800 */
        /*11e0*/                   LOP3.LUT R7, R6, R7, RZ, 0x3c, !PT ;                 /* 0x0000000706077212 */
                                                                                        /* 0x000fe200078e3cff */
        /*11f0*/              @!P0 BRA 0x170 ;                                          /* 0xffffffec00dc8947 */
                                                                                        /* 0x000fec000383ffff */
        /*1200*/                   BSYNC.RECONVERGENT B0 ;                              /* 0x0000000000007941 */
                                                                                        /* 0x00cfea0003800200 */
        /*1210*/                   STG.E desc[UR6][R2.64], R7 ;                         /* 0x0000000702007986 */
                                                                                        /* 0x000fe8000c101906 */
        /*1220*/                   STG.E desc[UR6][R2.64+0x4], R11 ;                    /* 0x0000040b02007986 */
                                                                                        /* 0x010fe8000c101906 */
        /*1230*/                   STG.E desc[UR6][R2.64+0x8], RZ ;                     /* 0x000008ff02007986 */
                                                                                        /* 0x000fe2000c101906 */
        /*1240*/                   EXIT ;                                               /* 0x000000000000794d */
                                                                                        /* 0x000fea0003800000 */
        /*1250*/                   BRA 0x1250;                                          /* 0xfffffffc00fc7947 */
                                                                                        /* 0x000fc0000383ffff */
        /*1260*/                   NOP;                                                 /* 0x0000000000007918 */
                                                                                        /* 0x000fc00000000000 */
        /*1270*/                   NOP;                                                 /* 0x0000000000007918 */
                                                                                        /* 0x000fc00000000000 */
        /*1280*/                   NOP;                                                 /* 0x0000000000007918 */
                                                                                        /* 0x000fc00000000000 */
        /*1290*/                   NOP;                                                 /* 0x0000000000007918 */
                                                                                        /* 0x000fc00000000000 */
        /*12a0*/                   NOP;                                                 /* 0x0000000000007918 */
                                                                                        /* 0x000fc00000000000 */
        /*12b0*/                   NOP;                                                 /* 0x0000000000007918 */
                                                                                        /* 0x000fc00000000000 */
        /*12c0*/                   NOP;                                                 /* 0x0000000000007918 */
                                                                                        /* 0x000fc00000000000 */
        /*12d0*/                   NOP;                                                 /* 0x0000000000007918 */
                                                                                        /* 0x000fc00000000000 */
        /*12e0*/                   NOP;                                                 /* 0x0000000000007918 */
                                                                                        /* 0x000fc00000000000 */
        /*12f0*/                   NOP;                                                 /* 0x0000000000007918 */
                                                                                        /* 0x000fc00000000000 */
		..........


		Function : _Z14energy_fixtureILi1ELi0ELi0ELi16EEvPKjPjm
	.headerflags	@"EF_CUDA_SM120 EF_CUDA_VIRTUAL_SM(EF_CUDA_SM120)"
        /*0000*/                   LDC R1, c[0x0][0x37c] ;                              /* 0x0000df00ff017b82 */
                                                                                        /* 0x000fe20000000800 */
        /*0010*/                   S2R R8, SR_TID.X ;                                   /* 0x0000000000087919 */
                                                                                        /* 0x000e2e0000002100 */
        /*0020*/                   S2UR UR4, SR_CTAID.X ;                               /* 0x00000000000479c3 */
                                                                                        /* 0x000e220000002500 */
        /*0030*/                   LDCU.64 UR8, c[0x0][0x390] ;                         /* 0x00007200ff0877ac */
                                                                                        /* 0x000e620008000a00 */
        /*0040*/                   HFMA2 R9, -RZ, RZ, 0, 0 ;                            /* 0x00000000ff097431 */
                                                                                        /* 0x000fe200000001ff */
        /*0050*/                   BSSY.RECONVERGENT B0, 0x610 ;                        /* 0x000005b000007945 */
                                                                                        /* 0x000fe20003800200 */
        /*0060*/                   LDCU.64 UR6, c[0x0][0x358] ;                         /* 0x00006b00ff0677ac */
                                                                                        /* 0x000ea80008000a00 */
        /*0070*/                   LDC R5, c[0x0][0x360] ;                              /* 0x0000d800ff057b82 */
                                                                                        /* 0x000e220000000800 */
        /*0080*/                   LDCU.64 UR10, c[0x0][0x380] ;                        /* 0x00007000ff0a77ac */
                                                                                        /* 0x000eee0008000a00 */
        /*0090*/                   LDC.64 R2, c[0x0][0x388] ;                           /* 0x0000e200ff027b82 */
                                                                                        /* 0x000f220000000a00 */
        /*00a0*/                   IMAD.WIDE.U32 R4, R5, UR4, R8 ;                      /* 0x0000000405047c25 */
                                                                                        /* 0x001fc8000f8e0008 */
        /*00b0*/                   IMAD R7, R5.reuse, 0xc, RZ ;                         /* 0x0000000c05077824 */
                                                                                        /* 0x040fe200078e02ff */
        /*00c0*/                   ISETP.GE.U64.AND P0, PT, R4, UR8, PT ;               /* 0x0000000804007c0c */
                                                                                        /* 0x002fe4000bf16070 */
        /*00d0*/                   MOV R11, R4 ;                                        /* 0x00000004000b7202 */
                                                                                        /* 0x000fe20000000f00 */
        /*00e0*/                   IMAD.WIDE.U32 R2, R4, 0xc, R2 ;                      /* 0x0000000c04027825 */
                                                                                        /* 0x010fca00078e0002 */
        /*00f0*/                   IADD R3, R3, R7 ;                                    /* 0x0000000703037235 */
                                                                                        /* 0x000fe200078e0000 */
        /*0100*/                   MOV R7, RZ ;                                         /* 0x000000ff00077202 */
                                                                                        /* 0x000fca0000000f00 */
        /*0110*/               @P0 BRA 0x600 ;                                          /* 0x0000000400380947 */
                                                                                        /* 0x000fea0003800000 */
        /*0120*/                   S2UR UR5, SR_CgaCtaId ;                              /* 0x00000000000579c3 */
                                                                                        /* 0x000e220000008800 */
        /*0130*/                   UMOV UR4, 0x400 ;                                    /* 0x0000040000047882 */
                                                                                        /* 0x000fe20000000000 */
        /*0140*/                   MOV R7, RZ ;                                         /* 0x000000ff00077202 */
                                                                                        /* 0x000fe20000000f00 */
        /*0150*/                   ULEA UR4, UR5, UR4, 0x18 ;                           /* 0x0000000405047291 */
                                                                                        /* 0x001fcc000f8ec0ff */
        /*0160*/                   LEA R0, R8, UR4, 0x2 ;                               /* 0x0000000408007c11 */
                                                                                        /* 0x00cfce000f8e10ff */
        /*0170*/                   LEA R8, P0, R4, UR10, 0x2 ;                          /* 0x0000000a04087c11 */
                                                                                        /* 0x000fc8000f8010ff */
        /*0180*/                   LEA.HI.X R9, R4, UR11, R5, 0x2, P0 ;                 /* 0x0000000b04097c11 */
                                                                                        /* 0x001fca00080f1405 */
        /*0190*/                   LDG.E.STRONG.GPU R6, desc[UR6][R8.64] ;              /* 0x0000000608067981 */
                                                                                        /* 0x000ea2000c1ef900 */
        /*01a0*/                   IADD.64 R4, R4, 0xbc00 ;                             /* 0x0000bc0004047835 */
                                                                                        /* 0x000fcc00078e0200 */
        /*01b0*/                   ISETP.GE.U64.AND P0, PT, R4, UR8, PT ;               /* 0x0000000804007c0c */
                                                                                        /* 0x000fc6000bf16070 */
        /*01c0*/                   LOP3.LUT R10, R11, R6, RZ, 0x3c, !PT ;               /* 0x000000060b0a7212 */
                                                                                        /* 0x014fca00078e3cff */
        /*01d0*/                   IADD R11, R10, R11 ;                                 /* 0x0000000b0a0b7235 */
                                                                                        /* 0x000fca00078e0000 */
        /*01e0*/                   STS [R0], R11 ;                                      /* 0x0000000b00007388 */
                                                                                        /* 0x000fe80000000800 */
        /*01f0*/                   LDS R13, [R0] ;                                      /* 0x00000000000d7984 */
                                                                                        /* 0x000e240000000800 */
        /*0200*/                   LOP3.LUT R10, R13, R6, RZ, 0x3c, !PT ;               /* 0x000000060d0a7212 */
                                                                                        /* 0x001fca00078e3cff */
        /*0210*/                   IADD R13, R13, R10 ;                                 /* 0x0000000a0d0d7235 */
                                                                                        /* 0x000fca00078e0000 */
        /*0220*/                   STS [R0], R13 ;                                      /* 0x0000000d00007388 */
                                                                                        /* 0x000fe80000000800 */
        /*0230*/                   LDS R15, [R0] ;                                      /* 0x00000000000f7984 */
                                                                                        /* 0x000e240000000800 */
        /*0240*/                   LOP3.LUT R10, R15, R6, RZ, 0x3c, !PT ;               /* 0x000000060f0a7212 */
                                                                                        /* 0x001fca00078e3cff */
        /*0250*/                   IADD R15, R15, R10 ;                                 /* 0x0000000a0f0f7235 */
                                                                                        /* 0x000fca00078e0000 */
        /*0260*/                   STS [R0], R15 ;                                      /* 0x0000000f00007388 */
                                                                                        /* 0x000fe80000000800 */
        /*0270*/                   LDS R9, [R0] ;                                       /* 0x0000000000097984 */
                                                                                        /* 0x000e240000000800 */
        /*0280*/                   LOP3.LUT R8, R9, R6, RZ, 0x3c, !PT ;                 /* 0x0000000609087212 */
                                                                                        /* 0x001fca00078e3cff */
        /*0290*/                   IADD R9, R9, R8 ;                                    /* 0x0000000809097235 */
                                                                                        /* 0x000fca00078e0000 */
        /*02a0*/                   STS [R0], R9 ;                                       /* 0x0000000900007388 */
                                                                                        /* 0x000fe80000000800 */
        /*02b0*/                   LDS R11, [R0] ;                                      /* 0x00000000000b7984 */
                                                                                        /* 0x000e240000000800 */
        /*02c0*/                   LOP3.LUT R8, R11, R6, RZ, 0x3c, !PT ;                /* 0x000000060b087212 */
                                                                                        /* 0x001fca00078e3cff */
        /*02d0*/                   IADD R11, R11, R8 ;                                  /* 0x000000080b0b7235 */
                                                                                        /* 0x000fca00078e0000 */
        /*02e0*/                   STS [R0], R11 ;                                      /* 0x0000000b00007388 */
                                                                                        /* 0x000fe80000000800 */
        /*02f0*/                   LDS R13, [R0] ;                                      /* 0x00000000000d7984 */
                                                                                        /* 0x000e240000000800 */
        /*0300*/                   LOP3.LUT R8, R13, R6, RZ, 0x3c, !PT ;                /* 0x000000060d087212 */
                                                                                        /* 0x001fca00078e3cff */
        /*0310*/                   IADD R13, R13, R8 ;                                  /* 0x000000080d0d7235 */
                                                                                        /* 0x000fca00078e0000 */
        /*0320*/                   STS [R0], R13 ;                                      /* 0x0000000d00007388 */
                                                                                        /* 0x000fe80000000800 */
        /*0330*/                   LDS R15, [R0] ;                                      /* 0x00000000000f7984 */
                                                                                        /* 0x000e240000000800 */
        /*0340*/                   LOP3.LUT R8, R15, R6, RZ, 0x3c, !PT ;                /* 0x000000060f087212 */
                                                                                        /* 0x001fca00078e3cff */
        /*0350*/                   IADD R15, R15, R8 ;                                  /* 0x000000080f0f7235 */
                                                                                        /* 0x000fca00078e0000 */
        /*0360*/                   STS [R0], R15 ;                                      /* 0x0000000f00007388 */
                                                                                        /* 0x000fe80000000800 */
        /*0370*/                   LDS R9, [R0] ;                                       /* 0x0000000000097984 */
                                                                                        /* 0x000e240000000800 */
        /*0380*/                   LOP3.LUT R8, R9, R6, RZ, 0x3c, !PT ;                 /* 0x0000000609087212 */
                                                                                        /* 0x001fca00078e3cff */
        /*0390*/                   IADD R9, R9, R8 ;                                    /* 0x0000000809097235 */
                                                                                        /* 0x000fca00078e0000 */
        /*03a0*/                   STS [R0], R9 ;                                       /* 0x0000000900007388 */
                                                                                        /* 0x000fe80000000800 */
        /*03b0*/                   LDS R11, [R0] ;                                      /* 0x00000000000b7984 */
                                                                                        /* 0x000e240000000800 */
        /*03c0*/                   LOP3.LUT R8, R11, R6, RZ, 0x3c, !PT ;                /* 0x000000060b087212 */
                                                                                        /* 0x001fca00078e3cff */
        /*03d0*/                   IADD R11, R11, R8 ;                                  /* 0x000000080b0b7235 */
                                                                                        /* 0x000fca00078e0000 */
        /*03e0*/                   STS [R0], R11 ;                                      /* 0x0000000b00007388 */
                                                                                        /* 0x000fe80000000800 */
        /*03f0*/                   LDS R13, [R0] ;                                      /* 0x00000000000d7984 */
                                                                                        /* 0x000e240000000800 */
        /*0400*/                   LOP3.LUT R8, R13, R6, RZ, 0x3c, !PT ;                /* 0x000000060d087212 */
                                                                                        /* 0x001fca00078e3cff */
        /*0410*/                   IADD R13, R13, R8 ;                                  /* 0x000000080d0d7235 */
                                                                                        /* 0x000fca00078e0000 */
        /*0420*/                   STS [R0], R13 ;                                      /* 0x0000000d00007388 */
                                                                                        /* 0x000fe80000000800 */
        /*0430*/                   LDS R15, [R0] ;                                      /* 0x00000000000f7984 */
                                                                                        /* 0x000e240000000800 */
        /*0440*/                   LOP3.LUT R8, R15, R6, RZ, 0x3c, !PT ;                /* 0x000000060f087212 */
                                                                                        /* 0x001fca00078e3cff */
        /*0450*/                   IADD R15, R15, R8 ;                                  /* 0x000000080f0f7235 */
                                                                                        /* 0x000fca00078e0000 */
        /*0460*/                   STS [R0], R15 ;                                      /* 0x0000000f00007388 */
                                                                                        /* 0x000fe80000000800 */
        /*0470*/                   LDS R9, [R0] ;                                       /* 0x0000000000097984 */
                                                                                        /* 0x000e240000000800 */
        /*0480*/                   LOP3.LUT R8, R9, R6, RZ, 0x3c, !PT ;                 /* 0x0000000609087212 */
                                                                                        /* 0x001fca00078e3cff */
        /*0490*/                   IADD R9, R9, R8 ;                                    /* 0x0000000809097235 */
                                                                                        /* 0x000fca00078e0000 */
        /*04a0*/                   STS [R0], R9 ;                                       /* 0x0000000900007388 */
                                                                                        /* 0x000fe80000000800 */
        /*04b0*/                   LDS R11, [R0] ;                                      /* 0x00000000000b7984 */
                                                                                        /* 0x000e240000000800 */
        /*04c0*/                   LOP3.LUT R8, R11, R6, RZ, 0x3c, !PT ;                /* 0x000000060b087212 */
                                                                                        /* 0x001fca00078e3cff */
        /*04d0*/                   IADD R11, R11, R8 ;                                  /* 0x000000080b0b7235 */
                                                                                        /* 0x000fca00078e0000 */
        /*04e0*/                   STS [R0], R11 ;                                      /* 0x0000000b00007388 */
                                                                                        /* 0x000fe80000000800 */
        /*04f0*/                   LDS R13, [R0] ;                                      /* 0x00000000000d7984 */
                                                                                        /* 0x000e240000000800 */
        /*0500*/                   LOP3.LUT R8, R13, R6, RZ, 0x3c, !PT ;                /* 0x000000060d087212 */
                                                                                        /* 0x001fca00078e3cff */
        /*0510*/                   IADD R13, R13, R8 ;                                  /* 0x000000080d0d7235 */
                                                                                        /* 0x000fca00078e0000 */
        /*0520*/                   STS [R0], R13 ;                                      /* 0x0000000d00007388 */
                                                                                        /* 0x000fe80000000800 */
        /*0530*/                   LDS R15, [R0] ;                                      /* 0x00000000000f7984 */
                                                                                        /* 0x000e240000000800 */
        /*0540*/                   LOP3.LUT R8, R15, R6, RZ, 0x3c, !PT ;                /* 0x000000060f087212 */
                                                                                        /* 0x001fca00078e3cff */
        /*0550*/                   IADD R15, R15, R8 ;                                  /* 0x000000080f0f7235 */
                                                                                        /* 0x000fca00078e0000 */
        /*0560*/                   STS [R0], R15 ;                                      /* 0x0000000f00007388 */
                                                                                        /* 0x000fe80000000800 */
        /*0570*/                   LDS R9, [R0] ;                                       /* 0x0000000000097984 */
                                                                                        /* 0x000e240000000800 */
        /*0580*/                   LOP3.LUT R8, R9, R6, RZ, 0x3c, !PT ;                 /* 0x0000000609087212 */
                                                                                        /* 0x001fca00078e3cff */
        /*0590*/                   IADD R9, R9, R8 ;                                    /* 0x0000000809097235 */
                                                                                        /* 0x000fe200078e0000 */
        /*05a0*/                   HFMA2 R8, -RZ, RZ, 1.490116119384765625e-06, 1549 ;  /* 0x0019660dff087431 */
                                                                                        /* 0x000fc800000001ff */
        /*05b0*/                   STS [R0], R9 ;                                       /* 0x0000000900007388 */
                                                                                        /* 0x0001e20000000800 */
        /*05c0*/                   IMAD R7, R7, R8, 0x3c6ef35f ;                        /* 0x3c6ef35f07077424 */
                                                                                        /* 0x000fc600078e0208 */
        /*05d0*/                   LDS R11, [R0] ;                                      /* 0x00000000000b7984 */
                                                                                        /* 0x0023240000000800 */
        /*05e0*/                   LOP3.LUT R7, R6, R7, RZ, 0x3c, !PT ;                 /* 0x0000000706077212 */
                                                                                        /* 0x000fe200078e3cff */
        /*05f0*/              @!P0 BRA 0x170 ;                                          /* 0xfffffff800dc8947 */
                                                                                        /* 0x000fec000383ffff */
        /*0600*/                   BSYNC.RECONVERGENT B0 ;                              /* 0x0000000000007941 */
                                                                                        /* 0x00cfea0003800200 */
        /*0610*/                   STG.E desc[UR6][R2.64], R7 ;                         /* 0x0000000702007986 */
                                                                                        /* 0x000fe8000c101906 */
        /*0620*/                   STG.E desc[UR6][R2.64+0x4], R11 ;                    /* 0x0000040b02007986 */
                                                                                        /* 0x010fe8000c101906 */
        /*0630*/                   STG.E desc[UR6][R2.64+0x8], RZ ;                     /* 0x000008ff02007986 */
                                                                                        /* 0x000fe2000c101906 */
        /*0640*/                   EXIT ;                                               /* 0x000000000000794d */
                                                                                        /* 0x000fea0003800000 */
        /*0650*/                   BRA 0x650;                                           /* 0xfffffffc00fc7947 */
                                                                                        /* 0x000fc0000383ffff */
        /*0660*/                   NOP;                                                 /* 0x0000000000007918 */
                                                                                        /* 0x000fc00000000000 */
        /*0670*/                   NOP;                                                 /* 0x0000000000007918 */
                                                                                        /* 0x000fc00000000000 */
        /*0680*/                   NOP;                                                 /* 0x0000000000007918 */
                                                                                        /* 0x000fc00000000000 */
        /*0690*/                   NOP;                                                 /* 0x0000000000007918 */
                                                                                        /* 0x000fc00000000000 */
        /*06a0*/                   NOP;                                                 /* 0x0000000000007918 */
                                                                                        /* 0x000fc00000000000 */
        /*06b0*/                   NOP;                                                 /* 0x0000000000007918 */
                                                                                        /* 0x000fc00000000000 */
        /*06c0*/                   NOP;                                                 /* 0x0000000000007918 */
                                                                                        /* 0x000fc00000000000 */
        /*06d0*/                   NOP;                                                 /* 0x0000000000007918 */
                                                                                        /* 0x000fc00000000000 */
        /*06e0*/                   NOP;                                                 /* 0x0000000000007918 */
                                                                                        /* 0x000fc00000000000 */
        /*06f0*/                   NOP;                                                 /* 0x0000000000007918 */
                                                                                        /* 0x000fc00000000000 */
		..........


		Function : _Z14energy_fixtureILi1ELi0ELi64ELi0EEvPKjPjm
	.headerflags	@"EF_CUDA_SM120 EF_CUDA_VIRTUAL_SM(EF_CUDA_SM120)"
        /*0000*/                   LDC R1, c[0x0][0x37c] ;                              /* 0x0000df00ff017b82 */
                                                                                        /* 0x000fe20000000800 */
        /*0010*/                   S2R R2, SR_TID.X ;                                   /* 0x0000000000027919 */
                                                                                        /* 0x000e2e0000002100 */
        /*0020*/                   S2UR UR6, SR_CTAID.X ;                               /* 0x00000000000679c3 */
                                                                                        /* 0x000e220000002500 */
        /*0030*/                   LDCU.64 UR8, c[0x0][0x390] ;                         /* 0x00007200ff0877ac */
                                                                                        /* 0x000e620008000a00 */
        /*0040*/                   HFMA2 R3, -RZ, RZ, 0, 0 ;                            /* 0x00000000ff037431 */
                                                                                        /* 0x000fe200000001ff */
        /*0050*/                   BSSY.RECONVERGENT B0, 0x5c0 ;                        /* 0x0000056000007945 */
                                                                                        /* 0x000fe20003800200 */
        /*0060*/                   HFMA2 R7, -RZ, RZ, 0, 0 ;                            /* 0x00000000ff077431 */
                                                                                        /* 0x000fe200000001ff */
        /*0070*/                   LDCU.64 UR4, c[0x0][0x358] ;                         /* 0x00006b00ff0477ac */
                                                                                        /* 0x000ea20008000a00 */
        /*0080*/                   MOV R0, RZ ;                                         /* 0x000000ff00007202 */
                                                                                        /* 0x000fc40000000f00 */
        /*0090*/                   LDC R5, c[0x0][0x360] ;                              /* 0x0000d800ff057b82 */
                                                                                        /* 0x000e240000000800 */
        /*00a0*/                   IMAD.WIDE.U32 R2, R5, UR6, R2 ;                      /* 0x0000000605027c25 */
                                                                                        /* 0x001fe2000f8e0002 */
        /*00b0*/                   LDCU.64 UR6, c[0x0][0x380] ;                         /* 0x00007000ff0677ac */
                                                                                        /* 0x000e280008000a00 */
        /*00c0*/                   ISETP.GE.U64.AND P0, PT, R2, UR8, PT ;               /* 0x0000000802007c0c */
                                                                                        /* 0x002fdc000bf16070 */
        /*00d0*/               @P0 BRA 0x5b0 ;                                          /* 0x0000000400340947 */
                                                                                        /* 0x000fea0003800000 */
        /*00e0*/                   MOV.64 R4, R2 ;                                      /* 0x0000000200047202 */
                                                                                        /* 0x000fe40000010f00 */
        /*00f0*/                   BSSY.RECONVERGENT B1, 0x1b0 ;                        /* 0x000000b000017945 */
                                                                                        /* 0x000fe20003800200 */
        /*0100*/                   MOV R0, RZ ;                                         /* 0x000000ff00007202 */
                                                                                        /* 0x005fce0000000f00 */
        /*0110*/                   LEA R6, P0, R4, UR6, 0x2 ;                           /* 0x0000000604067c11 */
                                                                                        /* 0x000fc8000f8010ff */
        /*0120*/                   LEA.HI.X R7, R4, UR7, R5, 0x2, P0 ;                  /* 0x0000000704077c11 */
                                                                                        /* 0x000fca00080f1405 */
        /*0130*/                   LDG.E.STRONG.GPU R6, desc[UR4][R6.64] ;              /* 0x0000000406067981 */
                                                                                        /* 0x000ea2000c1ef900 */
        /*0140*/                   IADD.64 R4, R4, 0xbc00 ;                             /* 0x0000bc0004047835 */
                                                                                        /* 0x000fe400078e0200 */
        /*0150*/                   MOV R9, 0x19660d ;                                   /* 0x0019660d00097802 */
                                                                                        /* 0x000fc80000000f00 */
        /*0160*/                   ISETP.GE.U64.AND P0, PT, R4, UR8, PT ;               /* 0x0000000804007c0c */
                                                                                        /* 0x000fe4000bf16070 */
        /*0170*/                   IMAD R9, R0, R9, 0x3c6ef35f ;                        /* 0x3c6ef35f00097424 */
                                                                                        /* 0x000fca00078e0209 */
        /*0180*/                   LOP3.LUT R0, R6, R9, RZ, 0x3c, !PT ;                 /* 0x0000000906007212 */
                                                                                        /* 0x004fce00078e3cff */
        /*0190*/              @!P0 BRA 0x110 ;                                          /* 0xfffffffc00dc8947 */
                                                                                        /* 0x000fea000383ffff */
        /*01a0*/                   BSYNC.RECONVERGENT B1 ;                              /* 0x0000000000017941 */
                                                                                        /* 0x000fea0003800200 */
        /*01b0*/                   MUFU.EX2 R6, -R6 ;                                   /* 0x8000000600067308 */
                                                                                        /* 0x000e240000000800 */
        /*01c0*/                   MUFU.EX2 R4, -R6 ;                                   /* 0x8000000600047308 */
                                                                                        /* 0x001e240000000800 */
        /*01d0*/                   MUFU.EX2 R4, -R4 ;                                   /* 0x8000000400047308 */
                                                                                        /* 0x001e240000000800 */
        /*01e0*/                   MUFU.EX2 R5, -R4 ;                                   /* 0x8000000400057308 */
                                                                                        /* 0x001e240000000800 */
        /*01f0*/                   MUFU.EX2 R5, -R5 ;                                   /* 0x8000000500057308 */
                                                                                        /* 0x001e240000000800 */
        /*0200*/                   MUFU.EX2 R7, -R5 ;                                   /* 0x8000000500077308 */
                                                                                        /* 0x001e240000000800 */
        /*0210*/                   MUFU.EX2 R7, -R7 ;                                   /* 0x8000000700077308 */
                                                                                        /* 0x001e240000000800 */
        /*0220*/                   MUFU.EX2 R8, -R7 ;                                   /* 0x8000000700087308 */
                                                                                        /* 0x001e240000000800 */
        /*0230*/                   MUFU.EX2 R8, -R8 ;                                   /* 0x8000000800087308 */
                                                                                        /* 0x001e240000000800 */
        /*0240*/                   MUFU.EX2 R9, -R8 ;                                   /* 0x8000000800097308 */
                                                                                        /* 0x001e240000000800 */
        /*0250*/                   MUFU.EX2 R9, -R9 ;                                   /* 0x8000000900097308 */
                                                                                        /* 0x001e240000000800 */
        /*0260*/                   MUFU.EX2 R10, -R9 ;                                  /* 0x80000009000a7308 */
                                                                                        /* 0x001e240000000800 */
        /*0270*/                   MUFU.EX2 R10, -R10 ;                                 /* 0x8000000a000a7308 */
                                                                                        /* 0x001e240000000800 */
        /*0280*/                   MUFU.EX2 R6, -R10 ;                                  /* 0x8000000a00067308 */
                                                                                        /* 0x001e240000000800 */
        /*0290*/                   MUFU.EX2 R6, -R6 ;                                   /* 0x8000000600067308 */
                                                                                        /* 0x001e240000000800 */
        /*02a0*/                   MUFU.EX2 R4, -R6 ;                                   /* 0x8000000600047308 */
                                                                                        /* 0x001e240000000800 */
        /*02b0*/                   MUFU.EX2 R4, -R4 ;                                   /* 0x8000000400047308 */
                                                                                        /* 0x001e240000000800 */
        /*02c0*/                   MUFU.EX2 R5, -R4 ;                                   /* 0x8000000400057308 */
                                                                                        /* 0x001e240000000800 */
        /*02d0*/                   MUFU.EX2 R5, -R5 ;                                   /* 0x8000000500057308 */
                                                                                        /* 0x001e240000000800 */
        /*02e0*/                   MUFU.EX2 R7, -R5 ;                                   /* 0x8000000500077308 */
                                                                                        /* 0x001e240000000800 */
        /*02f0*/                   MUFU.EX2 R7, -R7 ;                                   /* 0x8000000700077308 */
                                                                                        /* 0x001e240000000800 */
        /*0300*/                   MUFU.EX2 R8, -R7 ;                                   /* 0x8000000700087308 */
                                                                                        /* 0x001e240000000800 */
        /*0310*/                   MUFU.EX2 R8, -R8 ;                                   /* 0x8000000800087308 */
                                                                                        /* 0x001e240000000800 */
        /*0320*/                   MUFU.EX2 R9, -R8 ;                                   /* 0x8000000800097308 */
                                                                                        /* 0x001e240000000800 */
        /*0330*/                   MUFU.EX2 R9, -R9 ;                                   /* 0x8000000900097308 */
                                                                                        /* 0x001e240000000800 */
        /*0340*/                   MUFU.EX2 R10, -R9 ;                                  /* 0x80000009000a7308 */
                                                                                        /* 0x001e240000000800 */
        /*0350*/                   MUFU.EX2 R10, -R10 ;                                 /* 0x8000000a000a7308 */
                                                                                        /* 0x001e240000000800 */
        /*0360*/                   MUFU.EX2 R6, -R10 ;                                  /* 0x8000000a00067308 */
                                                                                        /* 0x001e240000000800 */
        /*0370*/                   MUFU.EX2 R6, -R6 ;                                   /* 0x8000000600067308 */
                                                                                        /* 0x001e240000000800 */
        /*0380*/                   MUFU.EX2 R4, -R6 ;                                   /* 0x8000000600047308 */
                                                                                        /* 0x001e240000000800 */
        /*0390*/                   MUFU.EX2 R4, -R4 ;                                   /* 0x8000000400047308 */
                                                                                        /* 0x001e240000000800 */
        /*03a0*/                   MUFU.EX2 R5, -R4 ;                                   /* 0x8000000400057308 */
                                                                                        /* 0x001e240000000800 */
        /*03b0*/                   MUFU.EX2 R5, -R5 ;                                   /* 0x8000000500057308 */
                                                                                        /* 0x001e240000000800 */
        /*03c0*/                   MUFU.EX2 R7, -R5 ;                                   /* 0x8000000500077308 */
                                                                                        /* 0x001e240000000800 */
        /*03d0*/                   MUFU.EX2 R7, -R7 ;                                   /* 0x8000000700077308 */
                                                                                        /* 0x001e240000000800 */
        /*03e0*/                   MUFU.EX2 R8, -R7 ;                                   /* 0x8000000700087308 */
                                                                                        /* 0x001e240000000800 */
        /*03f0*/                   MUFU.EX2 R8, -R8 ;                                   /* 0x8000000800087308 */
                                                                                        /* 0x001e240000000800 */
        /*0400*/                   MUFU.EX2 R9, -R8 ;                                   /* 0x8000000800097308 */
                                                                                        /* 0x001e240000000800 */
        /*0410*/                   MUFU.EX2 R9, -R9 ;                                   /* 0x8000000900097308 */
                                                                                        /* 0x001e240000000800 */
        /*0420*/                   MUFU.EX2 R10, -R9 ;                                  /* 0x80000009000a7308 */
                                                                                        /* 0x001e240000000800 */
        /*0430*/                   MUFU.EX2 R10, -R10 ;                                 /* 0x8000000a000a7308 */
                                                                                        /* 0x001e240000000800 */
        /*0440*/                   MUFU.EX2 R6, -R10 ;                                  /* 0x8000000a00067308 */
                                                                                        /* 0x001e240000000800 */
        /*0450*/                   MUFU.EX2 R6, -R6 ;                                   /* 0x8000000600067308 */
                                                                                        /* 0x001e240000000800 */
        /*0460*/                   MUFU.EX2 R4, -R6 ;                                   /* 0x8000000600047308 */
                                                                                        /* 0x001e240000000800 */
        /*0470*/                   MUFU.EX2 R4, -R4 ;                                   /* 0x8000000400047308 */
                                                                                        /* 0x001e240000000800 */
        /*0480*/                   MUFU.EX2 R5, -R4 ;                                   /* 0x8000000400057308 */
                                                                                        /* 0x001e240000000800 */
        /*0490*/                   MUFU.EX2 R5, -R5 ;                                   /* 0x8000000500057308 */
                                                                                        /* 0x001e240000000800 */
        /*04a0*/                   MUFU.EX2 R7, -R5 ;                                   /* 0x8000000500077308 */
                                                                                        /* 0x001e240000000800 */
        /*04b0*/                   MUFU.EX2 R7, -R7 ;                                   /* 0x8000000700077308 */
                                                                                        /* 0x001e240000000800 */
        /*04c0*/                   MUFU.EX2 R8, -R7 ;                                   /* 0x8000000700087308 */
                                                                                        /* 0x001e240000000800 */
        /*04d0*/                   MUFU.EX2 R8, -R8 ;                                   /* 0x8000000800087308 */
                                                                                        /* 0x001e240000000800 */
        /*04e0*/                   MUFU.EX2 R9, -R8 ;                                   /* 0x8000000800097308 */
                                                                                        /* 0x001e240000000800 */
        /*04f0*/                   MUFU.EX2 R9, -R9 ;                                   /* 0x8000000900097308 */
                                                                                        /* 0x001e240000000800 */
        /*0500*/                   MUFU.EX2 R10, -R9 ;                                  /* 0x80000009000a7308 */
                                                                                        /* 0x001e240000000800 */
        /*0510*/                   MUFU.EX2 R10, -R10 ;                                 /* 0x8000000a000a7308 */
                                                                                        /* 0x001e240000000800 */
        /*0520*/                   MUFU.EX2 R6, -R10 ;                                  /* 0x8000000a00067308 */
                                                                                        /* 0x001e240000000800 */
        /*0530*/                   MUFU.EX2 R6, -R6 ;                                   /* 0x8000000600067308 */
                                                                                        /* 0x001e240000000800 */
        /*0540*/                   MUFU.EX2 R4, -R6 ;                                   /* 0x8000000600047308 */
                                                                                        /* 0x001e240000000800 */
        /*0550*/                   MUFU.EX2 R4, -R4 ;                                   /* 0x8000000400047308 */
                                                                                        /* 0x001e240000000800 */
        /*0560*/                   MUFU.EX2 R5, -R4 ;                                   /* 0x8000000400057308 */
                                                                                        /* 0x001e240000000800 */
        /*0570*/                   MUFU.EX2 R5, -R5 ;                                   /* 0x8000000500057308 */
                                                                                        /* 0x001e240000000800 */
        /*0580*/                   MUFU.EX2 R11, -R5 ;                                  /* 0x80000005000b7308 */
                                                                                        /* 0x001e240000000800 */
        /*0590*/                   MUFU.EX2 R11, -R11 ;                                 /* 0x8000000b000b7308 */
                                                                                        /* 0x001e240000000800 */
        /*05a0*/                   MUFU.EX2 R7, -R11 ;                                  /* 0x8000000b00077308 */
                                                                                        /* 0x0012e40000000800 */
        /*05b0*/                   BSYNC.RECONVERGENT B0 ;                              /* 0x0000000000007941 */
                                                                                        /* 0x005fea0003800200 */
        /*05c0*/                   LDC.64 R4, c[0x0][0x388] ;                           /* 0x0000e200ff047b82 */
                                                                                        /* 0x000e220000000a00 */
        /*05d0*/                   IMAD R3, R3, 0xc, RZ ;                               /* 0x0000000c03037824 */
                                                                                        /* 0x000fe400078e02ff */
        /*05e0*/                   IMAD.WIDE.U32 R4, R2, 0xc, R4 ;                      /* 0x0000000c02047825 */
                                                                                        /* 0x001fca00078e0004 */
        /*05f0*/                   IADD R5, R5, R3 ;                                    /* 0x0000000305057235 */
                                                                                        /* 0x000fca00078e0000 */
        /*0600*/                   STG.E desc[UR4][R4.64+0x4], R2 ;                     /* 0x0000040204007986 */
                                                                                        /* 0x000fe8000c101904 */
        /*0610*/                   STG.E desc[UR4][R4.64], R0 ;                         /* 0x0000000004007986 */
                                                                                        /* 0x000fe8000c101904 */
        /*0620*/                   STG.E desc[UR4][R4.64+0x8], R7 ;                     /* 0x0000080704007986 */
                                                                                        /* 0x008fe2000c101904 */
        /*0630*/                   EXIT ;                                               /* 0x000000000000794d */
                                                                                        /* 0x000fea0003800000 */
        /*0640*/                   BRA 0x640;                                           /* 0xfffffffc00fc7947 */
                                                                                        /* 0x000fc0000383ffff */
        /*0650*/                   NOP;                                                 /* 0x0000000000007918 */
                                                                                        /* 0x000fc00000000000 */
        /*0660*/                   NOP;                                                 /* 0x0000000000007918 */
                                                                                        /* 0x000fc00000000000 */
        /*0670*/                   NOP;                                                 /* 0x0000000000007918 */
                                                                                        /* 0x000fc00000000000 */
        /*0680*/                   NOP;                                                 /* 0x0000000000007918 */
                                                                                        /* 0x000fc00000000000 */
        /*0690*/                   NOP;                                                 /* 0x0000000000007918 */
                                                                                        /* 0x000fc00000000000 */
        /*06a0*/                   NOP;                                                 /* 0x0000000000007918 */
                                                                                        /* 0x000fc00000000000 */
        /*06b0*/                   NOP;                                                 /* 0x0000000000007918 */
                                                                                        /* 0x000fc00000000000 */
        /*06c0*/                   NOP;                                                 /* 0x0000000000007918 */
                                                                                        /* 0x000fc00000000000 */
        /*06d0*/                   NOP;                                                 /* 0x0000000000007918 */
                                                                                        /* 0x000fc00000000000 */
        /*06e0*/                   NOP;                                                 /* 0x0000000000007918 */
                                                                                        /* 0x000fc00000000000 */
        /*06f0*/                   NOP;                                                 /* 0x0000000000007918 */
                                                                                        /* 0x000fc00000000000 */
		..........


		Function : _Z14energy_fixtureILi1ELi0ELi16ELi0EEvPKjPjm
	.headerflags	@"EF_CUDA_SM120 EF_CUDA_VIRTUAL_SM(EF_CUDA_SM120)"
        /*0000*/                   LDC R1, c[0x0][0x37c] ;                              /* 0x0000df00ff017b82 */
                                                                                        /* 0x000fe20000000800 */
        /*0010*/                   S2R R2, SR_TID.X ;                                   /* 0x0000000000027919 */
                                                                                        /* 0x000e2e0000002100 */
        /*0020*/                   S2UR UR6, SR_CTAID.X ;                               /* 0x00000000000679c3 */
                                                                                        /* 0x000e220000002500 */
        /*0030*/                   LDCU.64 UR8, c[0x0][0x390] ;                         /* 0x00007200ff0877ac */
                                                                                        /* 0x000e620008000a00 */
        /*0040*/                   HFMA2 R3, -RZ, RZ, 0, 0 ;                            /* 0x00000000ff037431 */
                                                                                        /* 0x000fe200000001ff */
        /*0050*/                   BSSY.RECONVERGENT B0, 0x2c0 ;                        /* 0x0000026000007945 */
                                                                                        /* 0x000fe20003800200 */
        /*0060*/                   HFMA2 R7, -RZ, RZ, 0, 0 ;                            /* 0x00000000ff077431 */
                                                                                        /* 0x000fe200000001ff */
        /*0070*/                   LDCU.64 UR4, c[0x0][0x358] ;                         /* 0x00006b00ff0477ac */
                                                                                        /* 0x000ea20008000a00 */
        /*0080*/                   MOV R9, RZ ;                                         /* 0x000000ff00097202 */
                                                                                        /* 0x000fc40000000f00 */
        /*0090*/                   LDC R5, c[0x0][0x360] ;                              /* 0x0000d800ff057b82 */
                                                                                        /* 0x000e240000000800 */
        /*00a0*/                   IMAD.WIDE.U32 R2, R5, UR6, R2 ;                      /* 0x0000000605027c25 */
                                                                                        /* 0x001fe2000f8e0002 */
        /*00b0*/                   LDCU.64 UR6, c[0x0][0x380] ;                         /* 0x00007000ff0677ac */
                                                                                        /* 0x000e280008000a00 */
        /*00c0*/                   ISETP.GE.U64.AND P0, PT, R2, UR8, PT ;               /* 0x0000000802007c0c */
                                                                                        /* 0x002fdc000bf16070 */
        /*00d0*/               @P0 BRA 0x2b0 ;                                          /* 0x0000000000740947 */
                                                                                        /* 0x000fea0003800000 */
        /*00e0*/                   MOV.64 R4, R2 ;                                      /* 0x0000000200047202 */
                                                                                        /* 0x000fe40000010f00 */
        /*00f0*/                   BSSY.RECONVERGENT B1, 0x1b0 ;                        /* 0x000000b000017945 */
                                                                                        /* 0x000fe20003800200 */
        /*0100*/                   MOV R9, RZ ;                                         /* 0x000000ff00097202 */
                                                                                        /* 0x005fce0000000f00 */
        /*0110*/                   LEA R6, P0, R4, UR6, 0x2 ;                           /* 0x0000000604067c11 */
                                                                                        /* 0x000fc8000f8010ff */
        /*0120*/                   LEA.HI.X R7, R4, UR7, R5, 0x2, P0 ;                  /* 0x0000000704077c11 */
                                                                                        /* 0x000fca00080f1405 */
        /*0130*/                   LDG.E.STRONG.GPU R6, desc[UR4][R6.64] ;              /* 0x0000000406067981 */
                                                                                        /* 0x000ea2000c1ef900 */
        /*0140*/                   IADD.64 R4, R4, 0xbc00 ;                             /* 0x0000bc0004047835 */
                                                                                        /* 0x000fe400078e0200 */
        /*0150*/                   MOV R0, 0x19660d ;                                   /* 0x0019660d00007802 */
                                                                                        /* 0x000fc80000000f00 */
        /*0160*/                   ISETP.GE.U64.AND P0, PT, R4, UR8, PT ;               /* 0x0000000804007c0c */
                                                                                        /* 0x000fe4000bf16070 */
        /*0170*/                   IMAD R9, R9, R0, 0x3c6ef35f ;                        /* 0x3c6ef35f09097424 */
                                                                                        /* 0x000fca00078e0200 */
        /*0180*/                   LOP3.LUT R9, R6, R9, RZ, 0x3c, !PT ;                 /* 0x0000000906097212 */
                                                                                        /* 0x004fce00078e3cff */
        /*0190*/              @!P0 BRA 0x110 ;                                          /* 0xfffffffc00dc8947 */
                                                                                        /* 0x000fea000383ffff */
        /*01a0*/                   BSYNC.RECONVERGENT B1 ;                              /* 0x0000000000017941 */
                                                                                        /* 0x000fea0003800200 */
        /*01b0*/                   MUFU.EX2 R6, -R6 ;                                   /* 0x8000000600067308 */
                                                                                        /* 0x000e240000000800 */
        /*01c0*/                   MUFU.EX2 R0, -R6 ;                                   /* 0x8000000600007308 */
                                                                                        /* 0x001e240000000800 */
        /*01d0*/                   MUFU.EX2 R0, -R0 ;                                   /* 0x8000000000007308 */
                                                                                        /* 0x001e240000000800 */
        /*01e0*/                   MUFU.EX2 R4, -R0 ;                                   /* 0x8000000000047308 */
                                                                                        /* 0x001e240000000800 */
        /*01f0*/                   MUFU.EX2 R4, -R4 ;                                   /* 0x8000000400047308 */
                                                                                        /* 0x001e240000000800 */
        /*0200*/                   MUFU.EX2 R5, -R4 ;                                   /* 0x8000000400057308 */
                                                                                        /* 0x001e240000000800 */
        /*0210*/                   MUFU.EX2 R5, -R5 ;                                   /* 0x8000000500057308 */
                                                                                        /* 0x001e240000000800 */
        /*0220*/                   MUFU.EX2 R8, -R5 ;                                   /* 0x8000000500087308 */
                                                                                        /* 0x001e240000000800 */
        /*0230*/                   MUFU.EX2 R8, -R8 ;                                   /* 0x8000000800087308 */
                                                                                        /* 0x001e240000000800 */
        /*0240*/                   MUFU.EX2 R10, -R8 ;                                  /* 0x80000008000a7308 */
                                                                                        /* 0x001e240000000800 */
        /*0250*/                   MUFU.EX2 R10, -R10 ;                                 /* 0x8000000a000a7308 */
                                                                                        /* 0x001e240000000800 */
        /*0260*/                   MUFU.EX2 R11, -R10 ;                                 /* 0x8000000a000b7308 */
                                                                                        /* 0x001e240000000800 */
        /*0270*/                   MUFU.EX2 R11, -R11 ;                                 /* 0x8000000b000b7308 */
                                                                                        /* 0x001e240000000800 */
        /*0280*/                   MUFU.EX2 R6, -R11 ;                                  /* 0x8000000b00067308 */
                                                                                        /* 0x001e240000000800 */
        /*0290*/                   MUFU.EX2 R6, -R6 ;                                   /* 0x8000000600067308 */
                                                                                        /* 0x001e240000000800 */
        /*02a0*/                   MUFU.EX2 R7, -R6 ;                                   /* 0x8000000600077308 */
                                                                                        /* 0x0012e40000000800 */
        /*02b0*/                   BSYNC.RECONVERGENT B0 ;                              /* 0x0000000000007941 */
                                                                                        /* 0x005fea0003800200 */
        /*02c0*/                   LDC.64 R4, c[0x0][0x388] ;                           /* 0x0000e200ff047b82 */
                                                                                        /* 0x000e220000000a00 */
        /*02d0*/                   IMAD R3, R3, 0xc, RZ ;                               /* 0x0000000c03037824 */
                                                                                        /* 0x000fe400078e02ff */
        /*02e0*/                   IMAD.WIDE.U32 R4, R2, 0xc, R4 ;                      /* 0x0000000c02047825 */
                                                                                        /* 0x001fca00078e0004 */
        /*02f0*/                   IADD R5, R5, R3 ;                                    /* 0x0000000305057235 */
                                                                                        /* 0x000fca00078e0000 */
        /*0300*/                   STG.E desc[UR4][R4.64+0x4], R2 ;                     /* 0x0000040204007986 */
                                                                                        /* 0x000fe8000c101904 */
        /*0310*/                   STG.E desc[UR4][R4.64], R9 ;                         /* 0x0000000904007986 */
                                                                                        /* 0x000fe8000c101904 */
        /*0320*/                   STG.E desc[UR4][R4.64+0x8], R7 ;                     /* 0x0000080704007986 */
                                                                                        /* 0x008fe2000c101904 */
        /*0330*/                   EXIT ;                                               /* 0x000000000000794d */
                                                                                        /* 0x000fea0003800000 */
        /*0340*/                   BRA 0x340;                                           /* 0xfffffffc00fc7947 */
                                                                                        /* 0x000fc0000383ffff */
        /*0350*/                   NOP;                                                 /* 0x0000000000007918 */
                                                                                        /* 0x000fc00000000000 */
        /*0360*/                   NOP;                                                 /* 0x0000000000007918 */
                                                                                        /* 0x000fc00000000000 */
        /*0370*/                   NOP;                                                 /* 0x0000000000007918 */
                                                                                        /* 0x000fc00000000000 */
        /*0380*/                   NOP;                                                 /* 0x0000000000007918 */
                                                                                        /* 0x000fc00000000000 */
        /*0390*/                   NOP;                                                 /* 0x0000000000007918 */
                                                                                        /* 0x000fc00000000000 */
        /*03a0*/                   NOP;                                                 /* 0x0000000000007918 */
                                                                                        /* 0x000fc00000000000 */
        /*03b0*/                   NOP;                                                 /* 0x0000000000007918 */
                                                                                        /* 0x000fc00000000000 */
        /*03c0*/                   NOP;                                                 /* 0x0000000000007918 */
                                                                                        /* 0x000fc00000000000 */
        /*03d0*/                   NOP;                                                 /* 0x0000000000007918 */
                                                                                        /* 0x000fc00000000000 */
        /*03e0*/                   NOP;                                                 /* 0x0000000000007918 */
                                                                                        /* 0x000fc00000000000 */
        /*03f0*/                   NOP;                                                 /* 0x0000000000007918 */
                                                                                        /* 0x000fc00000000000 */
		..........


		Function : _Z14energy_fixtureILi1ELi64ELi0ELi0EEvPKjPjm
	.headerflags	@"EF_CUDA_SM120 EF_CUDA_VIRTUAL_SM(EF_CUDA_SM120)"
        /*0000*/                   LDC R1, c[0x0][0x37c] ;                              /* 0x0000df00ff017b82 */
                                                                                        /* 0x000fe20000000800 */
        /*0010*/                   S2R R2, SR_TID.X ;                                   /* 0x0000000000027919 */
                                                                                        /* 0x000e2e0000002100 */
        /*0020*/                   S2UR UR4, SR_CTAID.X ;                               /* 0x00000000000479c3 */
                                                                                        /* 0x000e220000002500 */
        /*0030*/                   LDCU.64 UR6, c[0x0][0x390] ;                         /* 0x00007200ff0677ac */
                                                                                        /* 0x000e620008000a00 */
        /*0040*/                   HFMA2 R3, -RZ, RZ, 0, 0 ;                            /* 0x00000000ff037431 */
                                                                                        /* 0x000fe200000001ff */
        /*0050*/                   BSSY.RECONVERGENT B0, 0x5e0 ;                        /* 0x0000058000007945 */
                                                                                        /* 0x000fe20003800200 */
        /*0060*/                   MOV R9, RZ ;                                         /* 0x000000ff00097202 */
                                                                                        /* 0x000fe20000000f00 */
        /*0070*/                   LDCU.64 UR8, c[0x0][0x380] ;                         /* 0x00007000ff0877ac */
                                                                                        /* 0x000ea60008000a00 */
        /*0080*/                   LDC R7, c[0x0][0x360] ;                              /* 0x0000d800ff077b82 */
                                                                                        /* 0x000e300000000800 */
        /*0090*/                   LDC.64 R4, c[0x0][0x388] ;                           /* 0x0000e200ff047b82 */
                                                                                        /* 0x000ee20000000a00 */
        /*00a0*/                   IMAD.WIDE.U32 R2, R7, UR4, R2 ;                      /* 0x0000000407027c25 */
                                                                                        /* 0x001fe2000f8e0002 */
        /*00b0*/                   LDCU.64 UR4, c[0x0][0x358] ;                         /* 0x00006b00ff0477ac */
                                                                                        /* 0x000e260008000a00 */
        /*00c0*/                   IMAD R7, R3.reuse, 0xc, RZ ;                         /* 0x0000000c03077824 */
                                                                                        /* 0x040fe200078e02ff */
        /*00d0*/                   ISETP.GE.U64.AND P0, PT, R2, UR6, PT ;               /* 0x0000000602007c0c */
                                                                                        /* 0x002fc4000bf16070 */
        /*00e0*/                   IMAD.WIDE.U32 R4, R2, 0xc, R4 ;                      /* 0x0000000c02047825 */
                                                                                        /* 0x008fca00078e0004 */
        /*00f0*/                   IADD R5, R5, R7 ;                                    /* 0x0000000705057235 */
                                                                                        /* 0x000fce00078e0000 */
        /*0100*/               @P0 BRA 0x5d0 ;                                          /* 0x0000000400300947 */
                                                                                        /* 0x000fea0003800000 */
        /*0110*/                   MOV.64 R6, R2 ;                                      /* 0x0000000200067202 */
                                                                                        /* 0x000fe40000010f00 */
        /*0120*/                   MOV R9, RZ ;                                         /* 0x000000ff00097202 */
                                                                                        /* 0x005fce0000000f00 */
        /*0130*/                   LEA R10, P0, R6, UR8, 0x2 ;                          /* 0x00000008060a7c11 */
                                                                                        /* 0x000fc8000f8010ff */
        /*0140*/                   LEA.HI.X R11, R6, UR9, R7, 0x2, P0 ;                 /* 0x00000009060b7c11 */
                                                                                        /* 0x000fcc00080f1407 */
        /*0150*/                   LDG.E.STRONG.GPU R11, desc[UR4][R10.64] ;            /* 0x000000040a0b7981 */
                                                                                        /* 0x000ea2000c1ef900 */
        /*0160*/                   HFMA2 R0, -RZ, RZ, 1.8740234375, -2 ;                /* 0x3f7fc000ff007431 */
                                                                                        /* 0x000fe200000001ff */
        /*0170*/                   IADD.64 R6, R6, 0xbc00 ;                             /* 0x0000bc0006067835 */
                                                                                        /* 0x000fe400078e0200 */
        /*0180*/                   MOV R8, 0x19660d ;                                   /* 0x0019660d00087802 */
                                                                                        /* 0x000fc80000000f00 */
        /*0190*/                   ISETP.GE.U64.AND P0, PT, R6, UR6, PT ;               /* 0x0000000606007c0c */
                                                                                        /* 0x000fe4000bf16070 */
        /*01a0*/                   IMAD R8, R9, R8, 0x3c6ef35f ;                        /* 0x3c6ef35f09087424 */
                                                                                        /* 0x000fe400078e0208 */
        /*01b0*/                   FFMA R13, R11, R0, 0.0009765625 ;                    /* 0x3a8000000b0d7423 */
                                                                                        /* 0x004fc80000000000 */
        /*01c0*/                   FFMA R13, R13, R0, 0.0009765625 ;                    /* 0x3a8000000d0d7423 */
                                                                                        /* 0x000fc80000000000 */
        /*01d0*/                   FFMA R13, R13, R0, 0.0009765625 ;                    /* 0x3a8000000d0d7423 */
                                                                                        /* 0x000fc80000000000 */
        /*01e0*/                   FFMA R13, R13, R0, 0.0009765625 ;                    /* 0x3a8000000d0d7423 */
                                                                                        /* 0x000fc80000000000 */
        /*01f0*/                   FFMA R13, R13, R0, 0.0009765625 ;                    /* 0x3a8000000d0d7423 */
                                                                                        /* 0x000fc80000000000 */
        /*0200*/                   FFMA R13, R13, R0, 0.0009765625 ;                    /* 0x3a8000000d0d7423 */
                                                                                        /* 0x000fc80000000000 */
        /*0210*/                   FFMA R13, R13, R0, 0.0009765625 ;                    /* 0x3a8000000d0d7423 */
                                                                                        /* 0x000fc80000000000 */
        /*0220*/                   FFMA R13, R13, R0, 0.0009765625 ;                    /* 0x3a8000000d0d7423 */
                                                                                        /* 0x000fc80000000000 */
        /*0230*/                   FFMA R13, R13, R0, 0.0009765625 ;                    /* 0x3a8000000d0d7423 */
                                                                                        /* 0x000fc80000000000 */
        /*0240*/                   FFMA R13, R13, R0, 0.0009765625 ;                    /* 0x3a8000000d0d7423 */
                                                                                        /* 0x000fc80000000000 */
        /*0250*/                   FFMA R13, R13, R0, 0.0009765625 ;                    /* 0x3a8000000d0d7423 */
                                                                                        /* 0x000fc80000000000 */
        /*0260*/                   FFMA R13, R13, R0, 0.0009765625 ;                    /* 0x3a8000000d0d7423 */
                                                                                        /* 0x000fc80000000000 */
        /*0270*/                   FFMA R13, R13, R0, 0.0009765625 ;                    /* 0x3a8000000d0d7423 */
                                                                                        /* 0x000fc80000000000 */
        /*0280*/                   FFMA R13, R13, R0, 0.0009765625 ;                    /* 0x3a8000000d0d7423 */
                                                                                        /* 0x000fc80000000000 */
        /*0290*/                   FFMA R13, R13, R0, 0.0009765625 ;                    /* 0x3a8000000d0d7423 */
                                                                                        /* 0x000fc80000000000 */
        /*02a0*/                   FFMA R13, R13, R0, 0.0009765625 ;                    /* 0x3a8000000d0d7423 */
                                                                                        /* 0x000fc80000000000 */
        /*02b0*/                   FFMA R13, R13, R0, 0.0009765625 ;                    /* 0x3a8000000d0d7423 */
                                                                                        /* 0x000fc80000000000 */
        /*02c0*/                   FFMA R13, R13, R0, 0.0009765625 ;                    /* 0x3a8000000d0d7423 */
                                                                                        /* 0x000fc80000000000 */
        /*02d0*/                   FFMA R13, R13, R0, 0.0009765625 ;                    /* 0x3a8000000d0d7423 */
                                                                                        /* 0x000fc80000000000 */
        /*02e0*/                   FFMA R13, R13, R0, 0.0009765625 ;                    /* 0x3a8000000d0d7423 */
                                                                                        /* 0x000fc80000000000 */
        /*02f0*/                   FFMA R13, R13, R0, 0.0009765625 ;                    /* 0x3a8000000d0d7423 */
                                                                                        /* 0x000fc80000000000 */
        /*0300*/                   FFMA R13, R13, R0, 0.0009765625 ;                    /* 0x3a8000000d0d7423 */
                                                                                        /* 0x000fc80000000000 */
        /*0310*/                   FFMA R13, R13, R0, 0.0009765625 ;                    /* 0x3a8000000d0d7423 */
                                                                                        /* 0x000fc80000000000 */
        /*0320*/                   FFMA R13, R13, R0, 0.0009765625 ;                    /* 0x3a8000000d0d7423 */
                                                                                        /* 0x000fc80000000000 */
        /*0330*/                   FFMA R13, R13, R0, 0.0009765625 ;                    /* 0x3a8000000d0d7423 */
                                                                                        /* 0x000fc80000000000 */
        /*0340*/                   FFMA R13, R13, R0, 0.0009765625 ;                    /* 0x3a8000000d0d7423 */
                                                                                        /* 0x000fc80000000000 */
        /*0350*/                   FFMA R13, R13, R0, 0.0009765625 ;                    /* 0x3a8000000d0d7423 */
                                                                                        /* 0x000fc80000000000 */
        /*0360*/                   FFMA R13, R13, R0, 0.0009765625 ;                    /* 0x3a8000000d0d7423 */
                                                                                        /* 0x000fc80000000000 */
        /*0370*/                   FFMA R13, R13, R0, 0.0009765625 ;                    /* 0x3a8000000d0d7423 */
                                                                                        /* 0x000fc80000000000 */
        /*0380*/                   FFMA R13, R13, R0, 0.0009765625 ;                    /* 0x3a8000000d0d7423 */
                                                                                        /* 0x000fc80000000000 */
        /*0390*/                   FFMA R13, R13, R0, 0.0009765625 ;                    /* 0x3a8000000d0d7423 */
                                                                                        /* 0x000fc80000000000 */
        /*03a0*/                   FFMA R13, R13, R0, 0.0009765625 ;                    /* 0x3a8000000d0d7423 */
                                                                                        /* 0x000fc80000000000 */
        /*03b0*/                   FFMA R13, R13, R0, 0.0009765625 ;                    /* 0x3a8000000d0d7423 */
                                                                                        /* 0x000fc80000000000 */
        /*03c0*/                   FFMA R13, R13, R0, 0.0009765625 ;                    /* 0x3a8000000d0d7423 */
                                                                                        /* 0x000fc80000000000 */
        /*03d0*/                   FFMA R13, R13, R0, 0.0009765625 ;                    /* 0x3a8000000d0d7423 */
                                                                                        /* 0x000fc80000000000 */
        /*03e0*/                   FFMA R13, R13, R0, 0.0009765625 ;                    /* 0x3a8000000d0d7423 */
                                                                                        /* 0x000fc80000000000 */
        /*03f0*/                   FFMA R13, R13, R0, 0.0009765625 ;                    /* 0x3a8000000d0d7423 */
                                                                                        /* 0x000fc80000000000 */
        /*0400*/                   FFMA R13, R13, R0, 0.0009765625 ;                    /* 0x3a8000000d0d7423 */
                                                                                        /* 0x000fc80000000000 */
        /*0410*/                   FFMA R13, R13, R0, 0.0009765625 ;                    /* 0x3a8000000d0d7423 */
                                                                                        /* 0x000fc80000000000 */
        /*0420*/                   FFMA R13, R13, R0, 0.0009765625 ;                    /* 0x3a8000000d0d7423 */
                                                                                        /* 0x000fc80000000000 */
        /*0430*/                   FFMA R13, R13, R0, 0.0009765625 ;                    /* 0x3a8000000d0d7423 */
                                                                                        /* 0x000fc80000000000 */
        /*0440*/                   FFMA R13, R13, R0, 0.0009765625 ;                    /* 0x3a8000000d0d7423 */
                                                                                        /* 0x000fc80000000000 */
        /*0450*/                   FFMA R13, R13, R0, 0.0009765625 ;                    /* 0x3a8000000d0d7423 */
                                                                                        /* 0x000fc80000000000 */
        /*0460*/                   FFMA R13, R13, R0, 0.0009765625 ;                    /* 0x3a8000000d0d7423 */
                                                                                        /* 0x000fc80000000000 */
        /*0470*/                   FFMA R13, R13, R0, 0.0009765625 ;                    /* 0x3a8000000d0d7423 */
                                                                                        /* 0x000fc80000000000 */
        /*0480*/                   FFMA R13, R13, R0, 0.0009765625 ;                    /* 0x3a8000000d0d7423 */
                                                                                        /* 0x000fc80000000000 */
        /*0490*/                   FFMA R13, R13, R0, 0.0009765625 ;                    /* 0x3a8000000d0d7423 */
                                                                                        /* 0x000fc80000000000 */
        /*04a0*/                   FFMA R13, R13, R0, 0.0009765625 ;                    /* 0x3a8000000d0d7423 */
                                                                                        /* 0x000fc80000000000 */
        /*04b0*/                   FFMA R13, R13, R0, 0.0009765625 ;                    /* 0x3a8000000d0d7423 */
                                                                                        /* 0x000fc80000000000 */
        /*04c0*/                   FFMA R13, R13, R0, 0.0009765625 ;                    /* 0x3a8000000d0d7423 */
                                                                                        /* 0x000fc80000000000 */
        /*04d0*/                   FFMA R13, R13, R0, 0.0009765625 ;                    /* 0x3a8000000d0d7423 */
                                                                                        /* 0x000fc80000000000 */
        /*04e0*/                   FFMA R13, R13, R0, 0.0009765625 ;                    /* 0x3a8000000d0d7423 */
                                                                                        /* 0x000fc80000000000 */
        /*04f0*/                   FFMA R13, R13, R0, 0.0009765625 ;                    /* 0x3a8000000d0d7423 */
                                                                                        /* 0x000fc80000000000 */
        /*0500*/                   FFMA R13, R13, R0, 0.0009765625 ;                    /* 0x3a8000000d0d7423 */
                                                                                        /* 0x000fc80000000000 */
        /*0510*/                   FFMA R13, R13, R0, 0.0009765625 ;                    /* 0x3a8000000d0d7423 */
                                                                                        /* 0x000fc80000000000 */
        /*0520*/                   FFMA R13, R13, R0, 0.0009765625 ;                    /* 0x3a8000000d0d7423 */
                                                                                        /* 0x000fc80000000000 */
        /*0530*/                   FFMA R13, R13, R0, 0.0009765625 ;                    /* 0x3a8000000d0d7423 */
                                                                                        /* 0x000fc80000000000 */
        /*0540*/                   FFMA R13, R13, R0, 0.0009765625 ;                    /* 0x3a8000000d0d7423 */
                                                                                        /* 0x000fc80000000000 */
        /*0550*/                   FFMA R13, R13, R0, 0.0009765625 ;                    /* 0x3a8000000d0d7423 */
                                                                                        /* 0x000fc80000000000 */
        /*0560*/                   FFMA R13, R13, R0, 0.0009765625 ;                    /* 0x3a8000000d0d7423 */
                                                                                        /* 0x000fc80000000000 */
        /*0570*/                   FFMA R13, R13, R0, 0.0009765625 ;                    /* 0x3a8000000d0d7423 */
                                                                                        /* 0x000fc80000000000 */
        /*0580*/                   FFMA R13, R13, R0, 0.0009765625 ;                    /* 0x3a8000000d0d7423 */
                                                                                        /* 0x000fc80000000000 */
        /*0590*/                   FFMA R13, R13, R0, 0.0009765625 ;                    /* 0x3a8000000d0d7423 */
                                                                                        /* 0x000fc80000000000 */
        /*05a0*/                   FFMA R13, R13, R0, 0.0009765625 ;                    /* 0x3a8000000d0d7423 */
                                                                                        /* 0x000fca0000000000 */
        /*05b0*/                   LOP3.LUT R9, R8, R13, RZ, 0x3c, !PT ;                /* 0x0000000d08097212 */
                                                                                        /* 0x000fe200078e3cff */
        /*05c0*/              @!P0 BRA 0x130 ;                                          /* 0xfffffff800d88947 */
                                                                                        /* 0x000fec000383ffff */
        /*05d0*/                   BSYNC.RECONVERGENT B0 ;                              /* 0x0000000000007941 */
                                                                                        /* 0x005fea0003800200 */
        /*05e0*/                   STG.E desc[UR4][R4.64+0x4], R2 ;                     /* 0x0000040204007986 */
                                                                                        /* 0x000fe8000c101904 */
        /*05f0*/                   STG.E desc[UR4][R4.64], R9 ;                         /* 0x0000000904007986 */
                                                                                        /* 0x000fe8000c101904 */
        /*0600*/                   STG.E desc[UR4][R4.64+0x8], RZ ;                     /* 0x000008ff04007986 */
                                                                                        /* 0x000fe2000c101904 */
        /*0610*/                   EXIT ;                                               /* 0x000000000000794d */
                                                                                        /* 0x000fea0003800000 */
        /*0620*/                   BRA 0x620;                                           /* 0xfffffffc00fc7947 */
                                                                                        /* 0x000fc0000383ffff */
        /*0630*/                   NOP;                                                 /* 0x0000000000007918 */
                                                                                        /* 0x000fc00000000000 */
        /*0640*/                   NOP;                                                 /* 0x0000000000007918 */
                                                                                        /* 0x000fc00000000000 */
        /*0650*/                   NOP;                                                 /* 0x0000000000007918 */
                                                                                        /* 0x000fc00000000000 */
        /*0660*/                   NOP;                                                 /* 0x0000000000007918 */
                                                                                        /* 0x000fc00000000000 */
        /*0670*/                   NOP;                                                 /* 0x0000000000007918 */
                                                                                        /* 0x000fc00000000000 */
        /*0680*/                   NOP;                                                 /* 0x0000000000007918 */
                                                                                        /* 0x000fc00000000000 */
        /*0690*/                   NOP;                                                 /* 0x0000000000007918 */
                                                                                        /* 0x000fc00000000000 */
        /*06a0*/                   NOP;                                                 /* 0x0000000000007918 */
                                                                                        /* 0x000fc00000000000 */
        /*06b0*/                   NOP;                                                 /* 0x0000000000007918 */
                                                                                        /* 0x000fc00000000000 */
        /*06c0*/                   NOP;                                                 /* 0x0000000000007918 */
                                                                                        /* 0x000fc00000000000 */
        /*06d0*/                   NOP;                                                 /* 0x0000000000007918 */
                                                                                        /* 0x000fc00000000000 */
        /*06e0*/                   NOP;                                                 /* 0x0000000000007918 */
                                                                                        /* 0x000fc00000000000 */
        /*06f0*/                   NOP;                                                 /* 0x0000000000007918 */
                                                                                        /* 0x000fc00000000000 */
		..........


		Function : _Z14energy_fixtureILi1ELi16ELi0ELi0EEvPKjPjm
	.headerflags	@"EF_CUDA_SM120 EF_CUDA_VIRTUAL_SM(EF_CUDA_SM120)"
        /*0000*/                   LDC R1, c[0x0][0x37c] ;                              /* 0x0000df00ff017b82 */
                                                                                        /* 0x000fe20000000800 */
        /*0010*/                   S2R R2, SR_TID.X ;                                   /* 0x0000000000027919 */
                                                                                        /* 0x000e2e0000002100 */
        /*0020*/                   S2UR UR4, SR_CTAID.X ;                               /* 0x00000000000479c3 */
                                                                                        /* 0x000e220000002500 */
        /*0030*/                   LDCU.64 UR6, c[0x0][0x390] ;                         /* 0x00007200ff0677ac */
                                                                                        /* 0x000e620008000a00 */
        /*0040*/                   HFMA2 R3, -RZ, RZ, 0, 0 ;                            /* 0x00000000ff037431 */
                                                                                        /* 0x000fe200000001ff */
        /*0050*/                   BSSY.RECONVERGENT B0, 0x2e0 ;                        /* 0x0000028000007945 */
                                                                                        /* 0x000fe20003800200 */
        /*0060*/                   MOV R11, RZ ;                                        /* 0x000000ff000b7202 */
                                                                                        /* 0x000fe20000000f00 */
        /*0070*/                   LDCU.64 UR8, c[0x0][0x380] ;                         /* 0x00007000ff0877ac */
                                                                                        /* 0x000ea60008000a00 */
        /*0080*/                   LDC R7, c[0x0][0x360] ;                              /* 0x0000d800ff077b82 */
                                                                                        /* 0x000e300000000800 */
        /*0090*/                   LDC.64 R4, c[0x0][0x388] ;                           /* 0x0000e200ff047b82 */
                                                                                        /* 0x000ee20000000a00 */
        /*00a0*/                   IMAD.WIDE.U32 R2, R7, UR4, R2 ;                      /* 0x0000000407027c25 */
                                                                                        /* 0x001fe2000f8e0002 */
        /*00b0*/                   LDCU.64 UR4, c[0x0][0x358] ;                         /* 0x00006b00ff0477ac */
                                                                                        /* 0x000e260008000a00 */
        /*00c0*/                   IMAD R7, R3.reuse, 0xc, RZ ;                         /* 0x0000000c03077824 */
                                                                                        /* 0x040fe200078e02ff */
        /*00d0*/                   ISETP.GE.U64.AND P0, PT, R2, UR6, PT ;               /* 0x0000000602007c0c */
                                                                                        /* 0x002fc4000bf16070 */
        /*00e0*/                   IMAD.WIDE.U32 R4, R2, 0xc, R4 ;                      /* 0x0000000c02047825 */
                                                                                        /* 0x008fca00078e0004 */
        /*00f0*/                   IADD R5, R5, R7 ;                                    /* 0x0000000705057235 */
                                                                                        /* 0x000fce00078e0000 */
        /*0100*/               @P0 BRA 0x2d0 ;                                          /* 0x0000000000700947 */
                                                                                        /* 0x000fea0003800000 */
        /*0110*/                   MOV.64 R6, R2 ;                                      /* 0x0000000200067202 */
                                                                                        /* 0x000fe40000010f00 */
        /*0120*/                   MOV R11, RZ ;                                        /* 0x000000ff000b7202 */
                                                                                        /* 0x005fce0000000f00 */
        /*0130*/                   LEA R8, P0, R6, UR8, 0x2 ;                           /* 0x0000000806087c11 */
                                                                                        /* 0x000fc8000f8010ff */
        /*0140*/                   LEA.HI.X R9, R6, UR9, R7, 0x2, P0 ;                  /* 0x0000000906097c11 */
                                                                                        /* 0x000fca00080f1407 */
        /*0150*/                   LDG.E.STRONG.GPU R8, desc[UR4][R8.64] ;              /* 0x0000000408087981 */
                                                                                        /* 0x000ea2000c1ef900 */
        /*0160*/                   HFMA2 R13, -RZ, RZ, 1.8740234375, -2 ;               /* 0x3f7fc000ff0d7431 */
                                                                                        /* 0x000fe200000001ff */
        /*0170*/                   IADD.64 R6, R6, 0xbc00 ;                             /* 0x0000bc0006067835 */
                                                                                        /* 0x000fcc00078e0200 */
        /*0180*/                   ISETP.GE.U64.AND P0, PT, R6, UR6, PT ;               /* 0x0000000606007c0c */
                                                                                        /* 0x000fe4000bf16070 */
        /*0190*/                   FFMA R0, R8, R13, 0.0009765625 ;                     /* 0x3a80000008007423 */
                                                                                        /* 0x004fe2000000000d */
        /*01a0*/                   MOV R8, 0x19660d ;                                   /* 0x0019660d00087802 */
                                                                                        /* 0x000fc60000000f00 */
        /*01b0*/                   FFMA R0, R0, R13.reuse, 0.0009765625 ;               /* 0x3a80000000007423 */
                                                                                        /* 0x080fe4000000000d */
        /*01c0*/                   IMAD R11, R11, R8, 0x3c6ef35f ;                      /* 0x3c6ef35f0b0b7424 */
                                                                                        /* 0x000fe400078e0208 */
        /*01d0*/                   FFMA R0, R0, R13, 0.0009765625 ;                     /* 0x3a80000000007423 */
                                                                                        /* 0x000fc8000000000d */
        /*01e0*/                   FFMA R0, R0, R13, 0.0009765625 ;                     /* 0x3a80000000007423 */
                                                                                        /* 0x000fc8000000000d */
        /*01f0*/                   FFMA R0, R0, R13, 0.0009765625 ;                     /* 0x3a80000000007423 */
                                                                                        /* 0x000fc8000000000d */
        /*0200*/                   FFMA R0, R0, R13, 0.0009765625 ;                     /* 0x3a80000000007423 */
                                                                                        /* 0x000fc8000000000d */
        /*0210*/                   FFMA R0, R0, R13, 0.0009765625 ;                     /* 0x3a80000000007423 */
                                                                                        /* 0x000fc8000000000d */
        /*0220*/                   FFMA R0, R0, R13, 0.0009765625 ;                     /* 0x3a80000000007423 */
                                                                                        /* 0x000fc8000000000d */
        /*0230*/                   FFMA R0, R0, R13, 0.0009765625 ;                     /* 0x3a80000000007423 */
                                                                                        /* 0x000fc8000000000d */
        /*0240*/                   FFMA R0, R0, R13, 0.0009765625 ;                     /* 0x3a80000000007423 */
                                                                                        /* 0x000fc8000000000d */
        /*0250*/                   FFMA R0, R0, R13, 0.0009765625 ;                     /* 0x3a80000000007423 */
                                                                                        /* 0x000fc8000000000d */
        /*0260*/                   FFMA R0, R0, R13, 0.0009765625 ;                     /* 0x3a80000000007423 */
                                                                                        /* 0x000fc8000000000d */
        /*0270*/                   FFMA R0, R0, R13, 0.0009765625 ;                     /* 0x3a80000000007423 */
                                                                                        /* 0x000fc8000000000d */
        /*0280*/                   FFMA R0, R0, R13, 0.0009765625 ;                     /* 0x3a80000000007423 */
                                                                                        /* 0x000fc8000000000d */
        /*0290*/                   FFMA R0, R0, R13, 0.0009765625 ;                     /* 0x3a80000000007423 */
                                                                                        /* 0x000fc8000000000d */
        /*02a0*/                   FFMA R0, R0, R13, 0.0009765625 ;                     /* 0x3a80000000007423 */
                                                                                        /* 0x000fca000000000d */
        /*02b0*/                   LOP3.LUT R11, R11, R0, RZ, 0x3c, !PT ;               /* 0x000000000b0b7212 */
                                                                                        /* 0x000fe200078e3cff */
        /*02c0*/              @!P0 BRA 0x130 ;                                          /* 0xfffffffc00988947 */
                                                                                        /* 0x000fec000383ffff */
        /*02d0*/                   BSYNC.RECONVERGENT B0 ;                              /* 0x0000000000007941 */
                                                                                        /* 0x005fea0003800200 */
        /*02e0*/                   STG.E desc[UR4][R4.64+0x4], R2 ;                     /* 0x0000040204007986 */
                                                                                        /* 0x000fe8000c101904 */
        /*02f0*/                   STG.E desc[UR4][R4.64], R11 ;                        /* 0x0000000b04007986 */
                                                                                        /* 0x000fe8000c101904 */
        /*0300*/                   STG.E desc[UR4][R4.64+0x8], RZ ;                     /* 0x000008ff04007986 */
                                                                                        /* 0x000fe2000c101904 */
        /*0310*/                   EXIT ;                                               /* 0x000000000000794d */
                                                                                        /* 0x000fea0003800000 */
        /*0320*/                   BRA 0x320;                                           /* 0xfffffffc00fc7947 */
                                                                                        /* 0x000fc0000383ffff */
        /*0330*/                   NOP;                                                 /* 0x0000000000007918 */
                                                                                        /* 0x000fc00000000000 */
        /*0340*/                   NOP;                                                 /* 0x0000000000007918 */
                                                                                        /* 0x000fc00000000000 */
        /*0350*/                   NOP;                                                 /* 0x0000000000007918 */
                                                                                        /* 0x000fc00000000000 */
        /*0360*/                   NOP;                                                 /* 0x0000000000007918 */
                                                                                        /* 0x000fc00000000000 */
        /*0370*/                   NOP;                                                 /* 0x0000000000007918 */
                                                                                        /* 0x000fc00000000000 */
        /*0380*/                   NOP;                                                 /* 0x0000000000007918 */
                                                                                        /* 0x000fc00000000000 */
        /*0390*/                   NOP;                                                 /* 0x0000000000007918 */
                                                                                        /* 0x000fc00000000000 */
        /*03a0*/                   NOP;                                                 /* 0x0000000000007918 */
                                                                                        /* 0x000fc00000000000 */
        /*03b0*/                   NOP;                                                 /* 0x0000000000007918 */
                                                                                        /* 0x000fc00000000000 */
        /*03c0*/                   NOP;                                                 /* 0x0000000000007918 */
                                                                                        /* 0x000fc00000000000 */
        /*03d0*/                   NOP;                                                 /* 0x0000000000007918 */
                                                                                        /* 0x000fc00000000000 */
        /*03e0*/                   NOP;                                                 /* 0x0000000000007918 */
                                                                                        /* 0x000fc00000000000 */
        /*03f0*/                   NOP;                                                 /* 0x0000000000007918 */
                                                                                        /* 0x000fc00000000000 */
		..........


		Function : _Z14energy_fixtureILi64ELi0ELi0ELi0EEvPKjPjm
	.headerflags	@"EF_CUDA_SM120 EF_CUDA_VIRTUAL_SM(EF_CUDA_SM120)"
        /*0000*/                   LDC R1, c[0x0][0x37c] ;                              /* 0x0000df00ff017b82 */
                                                                                        /* 0x000fe20000000800 */
        /*0010*/                   S2R R2, SR_TID.X ;                                   /* 0x0000000000027919 */
                                                                                        /* 0x000e2e0000002100 */
        /*0020*/                   S2UR UR4, SR_CTAID.X ;                               /* 0x00000000000479c3 */
                                                                                        /* 0x000e220000002500 */
        /*0030*/                   LDCU.64 UR6, c[0x0][0x390] ;                         /* 0x00007200ff0677ac */
                                                                                        /* 0x000e620008000a00 */
        /*0040*/                   HFMA2 R3, -RZ, RZ, 0, 0 ;                            /* 0x00000000ff037431 */
                                                                                        /* 0x000fe200000001ff */
        /*0050*/                   BSSY.RECONVERGENT B0, 0x9b0 ;                        /* 0x0000095000007945 */
                                                                                        /* 0x000fe20003800200 */
        /*0060*/                   MOV R9, RZ ;                                         /* 0x000000ff00097202 */
                                                                                        /* 0x000fe20000000f00 */
        /*0070*/                   LDCU.64 UR8, c[0x0][0x380] ;                         /* 0x00007000ff0877ac */
                                                                                        /* 0x000ea60008000a00 */
        /*0080*/                   LDC R7, c[0x0][0x360] ;                              /* 0x0000d800ff077b82 */
                                                                                        /* 0x000e300000000800 */
        /*0090*/                   LDC.64 R4, c[0x0][0x388] ;                           /* 0x0000e200ff047b82 */
                                                                                        /* 0x000ee20000000a00 */
        /*00a0*/                   IMAD.WIDE.U32 R2, R7, UR4, R2 ;                      /* 0x0000000407027c25 */
                                                                                        /* 0x001fe2000f8e0002 */
        /*00b0*/                   LDCU.64 UR4, c[0x0][0x358] ;                         /* 0x00006b00ff0477ac */
                                                                                        /* 0x000e260008000a00 */
        /*00c0*/                   IMAD R7, R3.reuse, 0xc, RZ ;                         /* 0x0000000c03077824 */
                                                                                        /* 0x040fe200078e02ff */
        /*00d0*/                   ISETP.GE.U64.AND P0, PT, R2, UR6, PT ;               /* 0x0000000602007c0c */
                                                                                        /* 0x002fc4000bf16070 */
        /*00e0*/                   IMAD.WIDE.U32 R4, R2, 0xc, R4 ;                      /* 0x0000000c02047825 */
                                                                                        /* 0x008fca00078e0004 */
        /*00f0*/                   IADD R5, R5, R7 ;                                    /* 0x0000000705057235 */
                                                                                        /* 0x000fce00078e0000 */
        /*0100*/               @P0 BRA 0x9a0 ;                                          /* 0x0000000800240947 */
                                                                                        /* 0x000fea0003800000 */
        /*0110*/                   MOV.64 R6, R2 ;                                      /* 0x0000000200067202 */
                                                                                        /* 0x000fe40000010f00 */
        /*0120*/                   MOV R9, RZ ;                                         /* 0x000000ff00097202 */
                                                                                        /* 0x005fce0000000f00 */
        /*0130*/                   LEA R10, P0, R6, UR8, 0x2 ;                          /* 0x00000008060a7c11 */
                                                                                        /* 0x000fc8000f8010ff */
        /*0140*/                   LEA.HI.X R11, R6, UR9, R7, 0x2, P0 ;                 /* 0x00000009060b7c11 */
                                                                                        /* 0x000fca00080f1407 */
        /*0150*/                   LDG.E.STRONG.GPU R0, desc[UR4][R10.64] ;             /* 0x000000040a007981 */
                                                                                        /* 0x000ea2000c1ef900 */
        /*0160*/                   HFMA2 R8, -RZ, RZ, 1.490116119384765625e-06, 1549 ;  /* 0x0019660dff087431 */
                                                                                        /* 0x000fe200000001ff */
        /*0170*/                   IADD.64 R6, R6, 0xbc00 ;                             /* 0x0000bc0006067835 */
                                                                                        /* 0x000fc800078e0200 */
        /*0180*/                   IMAD R9, R9, R8, 0x3c6ef35f ;                        /* 0x3c6ef35f09097424 */
                                                                                        /* 0x000fe400078e0208 */
        /*0190*/                   ISETP.GE.U64.AND P0, PT, R6, UR6, PT ;               /* 0x0000000606007c0c */
                                                                                        /* 0x000fc6000bf16070 */
        /*01a0*/                   LOP3.LUT R9, R0, R9, RZ, 0x3c, !PT ;                 /* 0x0000000900097212 */
                                                                                        /* 0x004fca00078e3cff */
        /*01b0*/                   IMAD R9, R9, R8, 0x3c6ef35f ;                        /* 0x3c6ef35f09097424 */
                                                                                        /* 0x000fca00078e0208 */
        /*01c0*/                   LOP3.LUT R9, R0, R9, RZ, 0x3c, !PT ;                 /* 0x0000000900097212 */
                                                                                        /* 0x000fca00078e3cff */
        /*01d0*/                   IMAD R9, R9, R8, 0x3c6ef35f ;                        /* 0x3c6ef35f09097424 */
                                                                                        /* 0x000fca00078e0208 */
        /*01e0*/                   LOP3.LUT R9, R0, R9, RZ, 0x3c, !PT ;                 /* 0x0000000900097212 */
                                                                                        /* 0x000fca00078e3cff */
        /*01f0*/                   IMAD R9, R9, R8, 0x3c6ef35f ;                        /* 0x3c6ef35f09097424 */
                                                                                        /* 0x000fca00078e0208 */
        /*0200*/                   LOP3.LUT R9, R0, R9, RZ, 0x3c, !PT ;                 /* 0x0000000900097212 */
                                                                                        /* 0x000fca00078e3cff */
        /*0210*/                   IMAD R9, R9, R8, 0x3c6ef35f ;                        /* 0x3c6ef35f09097424 */
                                                                                        /* 0x000fca00078e0208 */
        /*0220*/                   LOP3.LUT R9, R0, R9, RZ, 0x3c, !PT ;                 /* 0x0000000900097212 */
                                                                                        /* 0x000fca00078e3cff */
        /*0230*/                   IMAD R9, R9, R8, 0x3c6ef35f ;                        /* 0x3c6ef35f09097424 */
                                                                                        /* 0x000fca00078e0208 */
        /*0240*/                   LOP3.LUT R9, R0, R9, RZ, 0x3c, !PT ;                 /* 0x0000000900097212 */
                                                                                        /* 0x000fca00078e3cff */
        /*0250*/                   IMAD R9, R9, R8, 0x3c6ef35f ;                        /* 0x3c6ef35f09097424 */
                                                                                        /* 0x000fca00078e0208 */
        /*0260*/                   LOP3.LUT R9, R0, R9, RZ, 0x3c, !PT ;                 /* 0x0000000900097212 */
                                                                                        /* 0x000fca00078e3cff */
        /*0270*/                   IMAD R9, R9, R8, 0x3c6ef35f ;                        /* 0x3c6ef35f09097424 */
                                                                                        /* 0x000fca00078e0208 */
        /*0280*/                   LOP3.LUT R9, R0, R9, RZ, 0x3c, !PT ;                 /* 0x0000000900097212 */
                                                                                        /* 0x000fca00078e3cff */
        /*0290*/                   IMAD R9, R9, R8, 0x3c6ef35f ;                        /* 0x3c6ef35f09097424 */
                                                                                        /* 0x000fca00078e0208 */
        /*02a0*/                   LOP3.LUT R9, R0, R9, RZ, 0x3c, !PT ;                 /* 0x0000000900097212 */
                                                                                        /* 0x000fca00078e3cff */
        /*02b0*/                   IMAD R9, R9, R8, 0x3c6ef35f ;                        /* 0x3c6ef35f09097424 */
                                                                                        /* 0x000fca00078e0208 */
        /*02c0*/                   LOP3.LUT R9, R0, R9, RZ, 0x3c, !PT ;                 /* 0x0000000900097212 */
                                                                                        /* 0x000fca00078e3cff */
        /*02d0*/                   IMAD R9, R9, R8, 0x3c6ef35f ;                        /* 0x3c6ef35f09097424 */
                                                                                        /* 0x000fca00078e0208 */
        /*02e0*/                   LOP3.LUT R9, R0, R9, RZ, 0x3c, !PT ;                 /* 0x0000000900097212 */
                                                                                        /* 0x000fca00078e3cff */
        /*02f0*/                   IMAD R9, R9, R8, 0x3c6ef35f ;                        /* 0x3c6ef35f09097424 */
                                                                                        /* 0x000fca00078e0208 */
        /*0300*/                   LOP3.LUT R9, R0, R9, RZ, 0x3c, !PT ;                 /* 0x0000000900097212 */
                                                                                        /* 0x000fca00078e3cff */
        /*0310*/                   IMAD R9, R9, R8, 0x3c6ef35f ;                        /* 0x3c6ef35f09097424 */
                                                                                        /* 0x000fca00078e0208 */
        /*0320*/                   LOP3.LUT R9, R0, R9, RZ, 0x3c, !PT ;                 /* 0x0000000900097212 */
                                                                                        /* 0x000fca00078e3cff */
        /*0330*/                   IMAD R9, R9, R8, 0x3c6ef35f ;                        /* 0x3c6ef35f09097424 */
                                                                                        /* 0x000fca00078e0208 */
        /*0340*/                   LOP3.LUT R9, R0, R9, RZ, 0x3c, !PT ;                 /* 0x0000000900097212 */
                                                                                        /* 0x000fca00078e3cff */
        /*0350*/                   IMAD R9, R9, R8, 0x3c6ef35f ;                        /* 0x3c6ef35f09097424 */
                                                                                        /* 0x000fca00078e0208 */
        /*0360*/                   LOP3.LUT R9, R0, R9, RZ, 0x3c, !PT ;                 /* 0x0000000900097212 */
                                                                                        /* 0x000fca00078e3cff */
        /*0370*/                   IMAD R9, R9, R8, 0x3c6ef35f ;                        /* 0x3c6ef35f09097424 */
                                                                                        /* 0x000fca00078e0208 */
        /*0380*/                   LOP3.LUT R9, R0, R9, RZ, 0x3c, !PT ;                 /* 0x0000000900097212 */
                                                                                        /* 0x000fca00078e3cff */
        /*0390*/                   IMAD R9, R9, R8, 0x3c6ef35f ;                        /* 0x3c6ef35f09097424 */
                                                                                        /* 0x000fca00078e0208 */
        /*03a0*/                   LOP3.LUT R9, R0, R9, RZ, 0x3c, !PT ;                 /* 0x0000000900097212 */
                                                                                        /* 0x000fca00078e3cff */
        /*03b0*/                   IMAD R9, R9, R8, 0x3c6ef35f ;                        /* 0x3c6ef35f09097424 */
                                                                                        /* 0x000fca00078e0208 */
        /*03c0*/                   LOP3.LUT R9, R0, R9, RZ, 0x3c, !PT ;                 /* 0x0000000900097212 */
                                                                                        /* 0x000fca00078e3cff */
        /*03d0*/                   IMAD R9, R9, R8, 0x3c6ef35f ;                        /* 0x3c6ef35f09097424 */
                                                                                        /* 0x000fca00078e0208 */
        /*03e0*/                   LOP3.LUT R9, R0, R9, RZ, 0x3c, !PT ;                 /* 0x0000000900097212 */
                                                                                        /* 0x000fca00078e3cff */
        /*03f0*/                   IMAD R9, R9, R8, 0x3c6ef35f ;                        /* 0x3c6ef35f09097424 */
                                                                                        /* 0x000fca00078e0208 */
        /*0400*/                   LOP3.LUT R9, R0, R9, RZ, 0x3c, !PT ;                 /* 0x0000000900097212 */
                                                                                        /* 0x000fca00078e3cff */
        /*0410*/                   IMAD R9, R9, R8, 0x3c6ef35f ;                        /* 0x3c6ef35f09097424 */
                                                                                        /* 0x000fca00078e0208 */
        /*0420*/                   LOP3.LUT R9, R0, R9, RZ, 0x3c, !PT ;                 /* 0x0000000900097212 */
                                                                                        /* 0x000fca00078e3cff */
        /*0430*/                   IMAD R9, R9, R8, 0x3c6ef35f ;                        /* 0x3c6ef35f09097424 */
                                                                                        /* 0x000fca00078e0208 */
        /*0440*/                   LOP3.LUT R9, R0, R9, RZ, 0x3c, !PT ;                 /* 0x0000000900097212 */
                                                                                        /* 0x000fca00078e3cff */
        /*0450*/                   IMAD R9, R9, R8, 0x3c6ef35f ;                        /* 0x3c6ef35f09097424 */
                                                                                        /* 0x000fca00078e0208 */
        /*0460*/                   LOP3.LUT R9, R0, R9, RZ, 0x3c, !PT ;                 /* 0x0000000900097212 */
                                                                                        /* 0x000fca00078e3cff */
        /*0470*/                   IMAD R9, R9, R8, 0x3c6ef35f ;                        /* 0x3c6ef35f09097424 */
                                                                                        /* 0x000fca00078e0208 */
        /*0480*/                   LOP3.LUT R9, R0, R9, RZ, 0x3c, !PT ;                 /* 0x0000000900097212 */
                                                                                        /* 0x000fca00078e3cff */
        /*0490*/                   IMAD R9, R9, R8, 0x3c6ef35f ;                        /* 0x3c6ef35f09097424 */
                                                                                        /* 0x000fca00078e0208 */
        /*04a0*/                   LOP3.LUT R9, R0, R9, RZ, 0x3c, !PT ;                 /* 0x0000000900097212 */
                                                                                        /* 0x000fca00078e3cff */
        /*04b0*/                   IMAD R9, R9, R8, 0x3c6ef35f ;                        /* 0x3c6ef35f09097424 */
                                                                                        /* 0x000fca00078e0208 */
        /*04c0*/                   LOP3.LUT R9, R0, R9, RZ, 0x3c, !PT ;                 /* 0x0000000900097212 */
                                                                                        /* 0x000fca00078e3cff */
        /*04d0*/                   IMAD R9, R9, R8, 0x3c6ef35f ;                        /* 0x3c6ef35f09097424 */
                                                                                        /* 0x000fca00078e0208 */
        /*04e0*/                   LOP3.LUT R9, R0, R9, RZ, 0x3c, !PT ;                 /* 0x0000000900097212 */
                                                                                        /* 0x000fca00078e3cff */
        /*04f0*/                   IMAD R9, R9, R8, 0x3c6ef35f ;                        /* 0x3c6ef35f09097424 */
                                                                                        /* 0x000fca00078e0208 */
        /*0500*/                   LOP3.LUT R9, R0, R9, RZ, 0x3c, !PT ;                 /* 0x0000000900097212 */
                                                                                        /* 0x000fca00078e3cff */
        /*0510*/                   IMAD R9, R9, R8, 0x3c6ef35f ;                        /* 0x3c6ef35f09097424 */
                                                                                        /* 0x000fca00078e0208 */
        /*0520*/                   LOP3.LUT R9, R0, R9, RZ, 0x3c, !PT ;                 /* 0x0000000900097212 */
                                                                                        /* 0x000fca00078e3cff */
        /*0530*/                   IMAD R9, R9, R8, 0x3c6ef35f ;                        /* 0x3c6ef35f09097424 */
                                                                                        /* 0x000fca00078e0208 */
        /*0540*/                   LOP3.LUT R9, R0, R9, RZ, 0x3c, !PT ;                 /* 0x0000000900097212 */
                                                                                        /* 0x000fca00078e3cff */
        /*0550*/                   IMAD R9, R9, R8, 0x3c6ef35f ;                        /* 0x3c6ef35f09097424 */
                                                                                        /* 0x000fca00078e0208 */
        /*0560*/                   LOP3.LUT R9, R0, R9, RZ, 0x3c, !PT ;                 /* 0x0000000900097212 */
                                                                                        /* 0x000fca00078e3cff */
        /*0570*/                   IMAD R9, R9, R8, 0x3c6ef35f ;                        /* 0x3c6ef35f09097424 */
                                                                                        /* 0x000fca00078e0208 */
        /*0580*/                   LOP3.LUT R9, R0, R9, RZ, 0x3c, !PT ;                 /* 0x0000000900097212 */
                                                                                        /* 0x000fca00078e3cff */
        /*0590*/                   IMAD R9, R9, R8, 0x3c6ef35f ;                        /* 0x3c6ef35f09097424 */
                                                                                        /* 0x000fca00078e0208 */
        /*05a0*/                   LOP3.LUT R9, R0, R9, RZ, 0x3c, !PT ;                 /* 0x0000000900097212 */
                                                                                        /* 0x000fca00078e3cff */
        /*05b0*/                   IMAD R9, R9, R8, 0x3c6ef35f ;                        /* 0x3c6ef35f09097424 */
                                                                                        /* 0x000fca00078e0208 */
        /*05c0*/                   LOP3.LUT R9, R0, R9, RZ, 0x3c, !PT ;                 /* 0x0000000900097212 */
                                                                                        /* 0x000fca00078e3cff */
        /*05d0*/                   IMAD R9, R9, R8, 0x3c6ef35f ;                        /* 0x3c6ef35f09097424 */
                                                                                        /* 0x000fca00078e0208 */
        /*05e0*/                   LOP3.LUT R9, R0, R9, RZ, 0x3c, !PT ;                 /* 0x0000000900097212 */
                                                                                        /* 0x000fca00078e3cff */
        /*05f0*/                   IMAD R9, R9, R8, 0x3c6ef35f ;                        /* 0x3c6ef35f09097424 */
                                                                                        /* 0x000fca00078e0208 */
        /*0600*/                   LOP3.LUT R9, R0, R9, RZ, 0x3c, !PT ;                 /* 0x0000000900097212 */
                                                                                        /* 0x000fca00078e3cff */
        /*0610*/                   IMAD R9, R9, R8, 0x3c6ef35f ;                        /* 0x3c6ef35f09097424 */
                                                                                        /* 0x000fca00078e0208 */
        /*0620*/                   LOP3.LUT R9, R0, R9, RZ, 0x3c, !PT ;                 /* 0x0000000900097212 */
                                                                                        /* 0x000fca00078e3cff */
        /*0630*/                   IMAD R9, R9, R8, 0x3c6ef35f ;                        /* 0x3c6ef35f09097424 */
                                                                                        /* 0x000fca00078e0208 */
        /*0640*/                   LOP3.LUT R9, R0, R9, RZ, 0x3c, !PT ;                 /* 0x0000000900097212 */
                                                                                        /* 0x000fca00078e3cff */
        /*0650*/                   IMAD R9, R9, R8, 0x3c6ef35f ;                        /* 0x3c6ef35f09097424 */
                                                                                        /* 0x000fca00078e0208 */
        /*0660*/                   LOP3.LUT R9, R0, R9, RZ, 0x3c, !PT ;                 /* 0x0000000900097212 */
                                                                                        /* 0x000fca00078e3cff */
        /*0670*/                   IMAD R9, R9, R8, 0x3c6ef35f ;                        /* 0x3c6ef35f09097424 */
                                                                                        /* 0x000fca00078e0208 */
        /*0680*/                   LOP3.LUT R9, R0, R9, RZ, 0x3c, !PT ;                 /* 0x0000000900097212 */
                                                                                        /* 0x000fca00078e3cff */
        /*0690*/                   IMAD R9, R9, R8, 0x3c6ef35f ;                        /* 0x3c6ef35f09097424 */
                                                                                        /* 0x000fca00078e0208 */
        /*06a0*/                   LOP3.LUT R9, R0, R9, RZ, 0x3c, !PT ;                 /* 0x0000000900097212 */
                                                                                        /* 0x000fca00078e3cff */
        /*06b0*/                   IMAD R9, R9, R8, 0x3c6ef35f ;                        /* 0x3c6ef35f09097424 */
                                                                                        /* 0x000fca00078e0208 */
        /*06c0*/                   LOP3.LUT R9, R0, R9, RZ, 0x3c, !PT ;                 /* 0x0000000900097212 */
                                                                                        /* 0x000fca00078e3cff */
        /*06d0*/                   IMAD R9, R9, R8, 0x3c6ef35f ;                        /* 0x3c6ef35f09097424 */
                                                                                        /* 0x000fca00078e0208 */
        /*06e0*/                   LOP3.LUT R9, R0, R9, RZ, 0x3c, !PT ;                 /* 0x0000000900097212 */
                                                                                        /* 0x000fca00078e3cff */
        /*06f0*/                   IMAD R9, R9, R8, 0x3c6ef35f ;                        /* 0x3c6ef35f09097424 */
                                                                                        /* 0x000fca00078e0208 */
        /*0700*/                   LOP3.LUT R9, R0, R9, RZ, 0x3c, !PT ;                 /* 0x0000000900097212 */
                                                                                        /* 0x000fca00078e3cff */
        /*0710*/                   IMAD R9, R9, R8, 0x3c6ef35f ;                        /* 0x3c6ef35f09097424 */
                                                                                        /* 0x000fca00078e0208 */
        /*0720*/                   LOP3.LUT R9, R0, R9, RZ, 0x3c, !PT ;                 /* 0x0000000900097212 */
                                                                                        /* 0x000fca00078e3cff */
        /*0730*/                   IMAD R9, R9, R8, 0x3c6ef35f ;                        /* 0x3c6ef35f09097424 */
                                                                                        /* 0x000fca00078e0208 */
        /*0740*/                   LOP3.LUT R9, R0, R9, RZ, 0x3c, !PT ;                 /* 0x0000000900097212 */
                                                                                        /* 0x000fca00078e3cff */
        /*0750*/                   IMAD R9, R9, R8, 0x3c6ef35f ;                        /* 0x3c6ef35f09097424 */
                                                                                        /* 0x000fca00078e0208 */
        /*0760*/                   LOP3.LUT R9, R0, R9, RZ, 0x3c, !PT ;                 /* 0x0000000900097212 */
                                                                                        /* 0x000fca00078e3cff */
        /*0770*/                   IMAD R9, R9, R8, 0x3c6ef35f ;                        /* 0x3c6ef35f09097424 */
                                                                                        /* 0x000fca00078e0208 */
        /*0780*/                   LOP3.LUT R9, R0, R9, RZ, 0x3c, !PT ;                 /* 0x0000000900097212 */
                                                                                        /* 0x000fca00078e3cff */
        /*0790*/                   IMAD R9, R9, R8, 0x3c6ef35f ;                        /* 0x3c6ef35f09097424 */
                                                                                        /* 0x000fca00078e0208 */
        /*07a0*/                   LOP3.LUT R9, R0, R9, RZ, 0x3c, !PT ;                 /* 0x0000000900097212 */
                                                                                        /* 0x000fca00078e3cff */
        /*07b0*/                   IMAD R9, R9, R8, 0x3c6ef35f ;                        /* 0x3c6ef35f09097424 */
                                                                                        /* 0x000fca00078e0208 */
        /*07c0*/                   LOP3.LUT R9, R0, R9, RZ, 0x3c, !PT ;                 /* 0x0000000900097212 */
                                                                                        /* 0x000fca00078e3cff */
        /*07d0*/                   IMAD R9, R9, R8, 0x3c6ef35f ;                        /* 0x3c6ef35f09097424 */
                                                                                        /* 0x000fca00078e0208 */
        /*07e0*/                   LOP3.LUT R9, R0, R9, RZ, 0x3c, !PT ;                 /* 0x0000000900097212 */
                                                                                        /* 0x000fca00078e3cff */
        /*07f0*/                   IMAD R9, R9, R8, 0x3c6ef35f ;                        /* 0x3c6ef35f09097424 */
                                                                                        /* 0x000fca00078e0208 */
        /*0800*/                   LOP3.LUT R9, R0, R9, RZ, 0x3c, !PT ;                 /* 0x0000000900097212 */
                                                                                        /* 0x000fca00078e3cff */
        /*0810*/                   IMAD R9, R9, R8, 0x3c6ef35f ;                        /* 0x3c6ef35f09097424 */
                                                                                        /* 0x000fca00078e0208 */
        /*0820*/                   LOP3.LUT R9, R0, R9, RZ, 0x3c, !PT ;                 /* 0x0000000900097212 */
                                                                                        /* 0x000fca00078e3cff */
        /*0830*/                   IMAD R9, R9, R8, 0x3c6ef35f ;                        /* 0x3c6ef35f09097424 */
                                                                                        /* 0x000fca00078e0208 */
        /*0840*/                   LOP3.LUT R9, R0, R9, RZ, 0x3c, !PT ;                 /* 0x0000000900097212 */
                                                                                        /* 0x000fca00078e3cff */
        /*0850*/                   IMAD R9, R9, R8, 0x3c6ef35f ;                        /* 0x3c6ef35f09097424 */
                                                                                        /* 0x000fca00078e0208 */
        /*0860*/                   LOP3.LUT R9, R0, R9, RZ, 0x3c, !PT ;                 /* 0x0000000900097212 */
                                                                                        /* 0x000fca00078e3cff */
        /*0870*/                   IMAD R9, R9, R8, 0x3c6ef35f ;                        /* 0x3c6ef35f09097424 */
                                                                                        /* 0x000fca00078e0208 */
        /*0880*/                   LOP3.LUT R9, R0, R9, RZ, 0x3c, !PT ;                 /* 0x0000000900097212 */
                                                                                        /* 0x000fca00078e3cff */
        /*0890*/                   IMAD R9, R9, R8, 0x3c6ef35f ;                        /* 0x3c6ef35f09097424 */
                                                                                        /* 0x000fca00078e0208 */
        /*08a0*/                   LOP3.LUT R9, R0, R9, RZ, 0x3c, !PT ;                 /* 0x0000000900097212 */
                                                                                        /* 0x000fca00078e3cff */
        /*08b0*/                   IMAD R9, R9, R8, 0x3c6ef35f ;                        /* 0x3c6ef35f09097424 */
                                                                                        /* 0x000fca00078e0208 */
        /*08c0*/                   LOP3.LUT R9, R0, R9, RZ, 0x3c, !PT ;                 /* 0x0000000900097212 */
                                                                                        /* 0x000fca00078e3cff */
        /*08d0*/                   IMAD R9, R9, R8, 0x3c6ef35f ;                        /* 0x3c6ef35f09097424 */
                                                                                        /* 0x000fca00078e0208 */
        /*08e0*/                   LOP3.LUT R9, R0, R9, RZ, 0x3c, !PT ;                 /* 0x0000000900097212 */
                                                                                        /* 0x000fca00078e3cff */
        /*08f0*/                   IMAD R9, R9, R8, 0x3c6ef35f ;                        /* 0x3c6ef35f09097424 */
                                                                                        /* 0x000fca00078e0208 */
        /*0900*/                   LOP3.LUT R9, R0, R9, RZ, 0x3c, !PT ;                 /* 0x0000000900097212 */
                                                                                        /* 0x000fca00078e3cff */
        /*0910*/                   IMAD R9, R9, R8, 0x3c6ef35f ;                        /* 0x3c6ef35f09097424 */
                                                                                        /* 0x000fca00078e0208 */
        /*0920*/                   LOP3.LUT R9, R0, R9, RZ, 0x3c, !PT ;                 /* 0x0000000900097212 */
                                                                                        /* 0x000fca00078e3cff */
        /*0930*/                   IMAD R9, R9, R8, 0x3c6ef35f ;                        /* 0x3c6ef35f09097424 */
                                                                                        /* 0x000fca00078e0208 */
        /*0940*/                   LOP3.LUT R9, R0, R9, RZ, 0x3c, !PT ;                 /* 0x0000000900097212 */
                                                                                        /* 0x000fca00078e3cff */
        /*0950*/                   IMAD R9, R9, R8, 0x3c6ef35f ;                        /* 0x3c6ef35f09097424 */
                                                                                        /* 0x000fca00078e0208 */
        /*0960*/                   LOP3.LUT R9, R0, R9, RZ, 0x3c, !PT ;                 /* 0x0000000900097212 */
                                                                                        /* 0x000fca00078e3cff */
        /*0970*/                   IMAD R9, R9, R8, 0x3c6ef35f ;                        /* 0x3c6ef35f09097424 */
                                                                                        /* 0x000fca00078e0208 */
        /*0980*/                   LOP3.LUT R9, R0, R9, RZ, 0x3c, !PT ;                 /* 0x0000000900097212 */
                                                                                        /* 0x000fe200078e3cff */
        /*0990*/              @!P0 BRA 0x130 ;                                          /* 0xfffffff400e48947 */
                                                                                        /* 0x000fec000383ffff */
        /*09a0*/                   BSYNC.RECONVERGENT B0 ;                              /* 0x0000000000007941 */
                                                                                        /* 0x005fea0003800200 */
        /*09b0*/                   STG.E desc[UR4][R4.64+0x4], R2 ;                     /* 0x0000040204007986 */
                                                                                        /* 0x000fe8000c101904 */
        /*09c0*/                   STG.E desc[UR4][R4.64], R9 ;                         /* 0x0000000904007986 */
                                                                                        /* 0x000fe8000c101904 */
        /*09d0*/                   STG.E desc[UR4][R4.64+0x8], RZ ;                     /* 0x000008ff04007986 */
                                                                                        /* 0x000fe2000c101904 */
        /*09e0*/                   EXIT ;                                               /* 0x000000000000794d */
                                                                                        /* 0x000fea0003800000 */
        /*09f0*/                   BRA 0x9f0;                                           /* 0xfffffffc00fc7947 */
                                                                                        /* 0x000fc0000383ffff */
        /*0a00*/                   NOP;                                                 /* 0x0000000000007918 */
                                                                                        /* 0x000fc00000000000 */
        /*0a10*/                   NOP;                                                 /* 0x0000000000007918 */
                                                                                        /* 0x000fc00000000000 */
        /*0a20*/                   NOP;                                                 /* 0x0000000000007918 */
                                                                                        /* 0x000fc00000000000 */
        /*0a30*/                   NOP;                                                 /* 0x0000000000007918 */
                                                                                        /* 0x000fc00000000000 */
        /*0a40*/                   NOP;                                                 /* 0x0000000000007918 */
                                                                                        /* 0x000fc00000000000 */
        /*0a50*/                   NOP;                                                 /* 0x0000000000007918 */
                                                                                        /* 0x000fc00000000000 */
        /*0a60*/                   NOP;                                                 /* 0x0000000000007918 */
                                                                                        /* 0x000fc00000000000 */
        /*0a70*/                   NOP;                                                 /* 0x0000000000007918 */
                                                                                        /* 0x000fc00000000000 */
		..........


		Function : _Z14energy_fixtureILi16ELi0ELi0ELi0EEvPKjPjm
	.headerflags	@"EF_CUDA_SM120 EF_CUDA_VIRTUAL_SM(EF_CUDA_SM120)"
        /*0000*/                   LDC R1, c[0x0][0x37c] ;                              /* 0x0000df00ff017b82 */
                                                                                        /* 0x000fe20000000800 */
        /*0010*/                   S2R R2, SR_TID.X ;                                   /* 0x0000000000027919 */
                                                                                        /* 0x000e2e0000002100 */
        /*0020*/                   S2UR UR4, SR_CTAID.X ;                               /* 0x00000000000479c3 */
                                                                                        /* 0x000e220000002500 */
        /*0030*/                   LDCU.64 UR6, c[0x0][0x390] ;                         /* 0x00007200ff0677ac */
                                                                                        /* 0x000e620008000a00 */
        /*0040*/                   HFMA2 R3, -RZ, RZ, 0, 0 ;                            /* 0x00000000ff037431 */
                                                                                        /* 0x000fe200000001ff */
        /*0050*/                   BSSY.RECONVERGENT B0, 0x3b0 ;                        /* 0x0000035000007945 */
                                                                                        /* 0x000fe20003800200 */
        /*0060*/                   MOV R9, RZ ;                                         /* 0x000000ff00097202 */
                                                                                        /* 0x000fe20000000f00 */
        /*0070*/                   LDCU.64 UR8, c[0x0][0x380] ;                         /* 0x00007000ff0877ac */
                                                                                        /* 0x000ea60008000a00 */
        /*0080*/                   LDC R7, c[0x0][0x360] ;                              /* 0x0000d800ff077b82 */
                                                                                        /* 0x000e300000000800 */
        /*0090*/                   LDC.64 R4, c[0x0][0x388] ;                           /* 0x0000e200ff047b82 */
                                                                                        /* 0x000ee20000000a00 */
        /*00a0*/                   IMAD.WIDE.U32 R2, R7, UR4, R2 ;                      /* 0x0000000407027c25 */
                                                                                        /* 0x001fe2000f8e0002 */
        /*00b0*/                   LDCU.64 UR4, c[0x0][0x358] ;                         /* 0x00006b00ff0477ac */
                                                                                        /* 0x000e260008000a00 */
        /*00c0*/                   IMAD R7, R3.reuse, 0xc, RZ ;                         /* 0x0000000c03077824 */
                                                                                        /* 0x040fe200078e02ff */
        /*00d0*/                   ISETP.GE.U64.AND P0, PT, R2, UR6, PT ;               /* 0x0000000602007c0c */
                                                                                        /* 0x002fc4000bf16070 */
        /*00e0*/                   IMAD.WIDE.U32 R4, R2, 0xc, R4 ;                      /* 0x0000000c02047825 */
                                                                                        /* 0x008fca00078e0004 */
        /*00f0*/                   IADD R5, R5, R7 ;                                    /* 0x0000000705057235 */
                                                                                        /* 0x000fce00078e0000 */
        /*0100*/               @P0 BRA 0x3a0 ;                                          /* 0x0000000000a40947 */
                                                                                        /* 0x000fea0003800000 */
        /*0110*/                   MOV.64 R6, R2 ;                                      /* 0x0000000200067202 */
                                                                                        /* 0x000fe40000010f00 */
        /*0120*/                   MOV R9, RZ ;                                         /* 0x000000ff00097202 */
                                                                                        /* 0x005fce0000000f00 */
        /*0130*/                   LEA R10, P0, R6, UR8, 0x2 ;                          /* 0x00000008060a7c11 */
                                                                                        /* 0x000fc8000f8010ff */
        /*0140*/                   LEA.HI.X R11, R6, UR9, R7, 0x2, P0 ;                 /* 0x00000009060b7c11 */
                                                                                        /* 0x000fca00080f1407 */
        /*0150*/                   LDG.E.STRONG.GPU R0, desc[UR4][R10.64] ;             /* 0x000000040a007981 */
                                                                                        /* 0x000ea2000c1ef900 */
        /*0160*/                   HFMA2 R8, -RZ, RZ, 1.490116119384765625e-06, 1549 ;  /* 0x0019660dff087431 */
                                                                                        /* 0x000fe200000001ff */
        /*0170*/                   IADD.64 R6, R6, 0xbc00 ;                             /* 0x0000bc0006067835 */
                                                                                        /* 0x000fc800078e0200 */
        /*0180*/                   IMAD R9, R9, R8, 0x3c6ef35f ;                        /* 0x3c6ef35f09097424 */
                                                                                        /* 0x000fe400078e0208 */
        /*0190*/                   ISETP.GE.U64.AND P0, PT, R6, UR6, PT ;               /* 0x0000000606007c0c */
                                                                                        /* 0x000fc6000bf16070 */
        /*01a0*/                   LOP3.LUT R9, R0, R9, RZ, 0x3c, !PT ;                 /* 0x0000000900097212 */
                                                                                        /* 0x004fca00078e3cff */
        /*01b0*/                   IMAD R9, R9, R8, 0x3c6ef35f ;                        /* 0x3c6ef35f09097424 */
                                                                                        /* 0x000fca00078e0208 */
        /*01c0*/                   LOP3.LUT R9, R0, R9, RZ, 0x3c, !PT ;                 /* 0x0000000900097212 */
                                                                                        /* 0x000fca00078e3cff */
        /*01d0*/                   IMAD R9, R9, R8, 0x3c6ef35f ;                        /* 0x3c6ef35f09097424 */
                                                                                        /* 0x000fca00078e0208 */
        /*01e0*/                   LOP3.LUT R9, R0, R9, RZ, 0x3c, !PT ;                 /* 0x0000000900097212 */
                                                                                        /* 0x000fca00078e3cff */
        /*01f0*/                   IMAD R9, R9, R8, 0x3c6ef35f ;                        /* 0x3c6ef35f09097424 */
                                                                                        /* 0x000fca00078e0208 */
        /*0200*/                   LOP3.LUT R9, R0, R9, RZ, 0x3c, !PT ;                 /* 0x0000000900097212 */
                                                                                        /* 0x000fca00078e3cff */
        /*0210*/                   IMAD R9, R9, R8, 0x3c6ef35f ;                        /* 0x3c6ef35f09097424 */
                                                                                        /* 0x000fca00078e0208 */
        /*0220*/                   LOP3.LUT R9, R0, R9, RZ, 0x3c, !PT ;                 /* 0x0000000900097212 */
                                                                                        /* 0x000fca00078e3cff */
        /*0230*/                   IMAD R9, R9, R8, 0x3c6ef35f ;                        /* 0x3c6ef35f09097424 */
                                                                                        /* 0x000fca00078e0208 */
        /*0240*/                   LOP3.LUT R9, R0, R9, RZ, 0x3c, !PT ;                 /* 0x0000000900097212 */
                                                                                        /* 0x000fca00078e3cff */
        /*0250*/                   IMAD R9, R9, R8, 0x3c6ef35f ;                        /* 0x3c6ef35f09097424 */
                                                                                        /* 0x000fca00078e0208 */
        /*0260*/                   LOP3.LUT R9, R0, R9, RZ, 0x3c, !PT ;                 /* 0x0000000900097212 */
                                                                                        /* 0x000fca00078e3cff */
        /*0270*/                   IMAD R9, R9, R8, 0x3c6ef35f ;                        /* 0x3c6ef35f09097424 */
                                                                                        /* 0x000fca00078e0208 */
        /*0280*/                   LOP3.LUT R9, R0, R9, RZ, 0x3c, !PT ;                 /* 0x0000000900097212 */
                                                                                        /* 0x000fca00078e3cff */
        /*0290*/                   IMAD R9, R9, R8, 0x3c6ef35f ;                        /* 0x3c6ef35f09097424 */
                                                                                        /* 0x000fca00078e0208 */
        /*02a0*/                   LOP3.LUT R9, R0, R9, RZ, 0x3c, !PT ;                 /* 0x0000000900097212 */
                                                                                        /* 0x000fca00078e3cff */
        /*02b0*/                   IMAD R9, R9, R8, 0x3c6ef35f ;                        /* 0x3c6ef35f09097424 */
                                                                                        /* 0x000fca00078e0208 */
        /*02c0*/                   LOP3.LUT R9, R0, R9, RZ, 0x3c, !PT ;                 /* 0x0000000900097212 */
                                                                                        /* 0x000fca00078e3cff */
        /*02d0*/                   IMAD R9, R9, R8, 0x3c6ef35f ;                        /* 0x3c6ef35f09097424 */
                                                                                        /* 0x000fca00078e0208 */
        /*02e0*/                   LOP3.LUT R9, R0, R9, RZ, 0x3c, !PT ;                 /* 0x0000000900097212 */
                                                                                        /* 0x000fca00078e3cff */
        /*02f0*/                   IMAD R9, R9, R8, 0x3c6ef35f ;                        /* 0x3c6ef35f09097424 */
                                                                                        /* 0x000fca00078e0208 */
        /*0300*/                   LOP3.LUT R9, R0, R9, RZ, 0x3c, !PT ;                 /* 0x0000000900097212 */
                                                                                        /* 0x000fca00078e3cff */
        /*0310*/                   IMAD R9, R9, R8, 0x3c6ef35f ;                        /* 0x3c6ef35f09097424 */
                                                                                        /* 0x000fca00078e0208 */
        /*0320*/                   LOP3.LUT R9, R0, R9, RZ, 0x3c, !PT ;                 /* 0x0000000900097212 */
                                                                                        /* 0x000fca00078e3cff */
        /*0330*/                   IMAD R9, R9, R8, 0x3c6ef35f ;                        /* 0x3c6ef35f09097424 */
                                                                                        /* 0x000fca00078e0208 */
        /*0340*/                   LOP3.LUT R9, R0, R9, RZ, 0x3c, !PT ;                 /* 0x0000000900097212 */
                                                                                        /* 0x000fca00078e3cff */
        /*0350*/                   IMAD R9, R9, R8, 0x3c6ef35f ;                        /* 0x3c6ef35f09097424 */
                                                                                        /* 0x000fca00078e0208 */
        /*0360*/                   LOP3.LUT R9, R0, R9, RZ, 0x3c, !PT ;                 /* 0x0000000900097212 */
                                                                                        /* 0x000fca00078e3cff */
        /*0370*/                   IMAD R9, R9, R8, 0x3c6ef35f ;                        /* 0x3c6ef35f09097424 */
                                                                                        /* 0x000fca00078e0208 */
        /*0380*/                   LOP3.LUT R9, R0, R9, RZ, 0x3c, !PT ;                 /* 0x0000000900097212 */
                                                                                        /* 0x000fe200078e3cff */
        /*0390*/              @!P0 BRA 0x130 ;                                          /* 0xfffffffc00648947 */
                                                                                        /* 0x000fec000383ffff */
        /*03a0*/                   BSYNC.RECONVERGENT B0 ;                              /* 0x0000000000007941 */
                                                                                        /* 0x005fea0003800200 */
        /*03b0*/                   STG.E desc[UR4][R4.64+0x4], R2 ;                     /* 0x0000040204007986 */
                                                                                        /* 0x000fe8000c101904 */
        /*03c0*/                   STG.E desc[UR4][R4.64], R9 ;                         /* 0x0000000904007986 */
                                                                                        /* 0x000fe8000c101904 */
        /*03d0*/                   STG.E desc[UR4][R4.64+0x8], RZ ;                     /* 0x000008ff04007986 */
                                                                                        /* 0x000fe2000c101904 */
        /*03e0*/                   EXIT ;                                               /* 0x000000000000794d */
                                                                                        /* 0x000fea0003800000 */
        /*03f0*/                   BRA 0x3f0;                                           /* 0xfffffffc00fc7947 */
                                                                                        /* 0x000fc0000383ffff */
        /*0400*/                   NOP;                                                 /* 0x0000000000007918 */
                                                                                        /* 0x000fc00000000000 */
        /*0410*/                   NOP;                                                 /* 0x0000000000007918 */
                                                                                        /* 0x000fc00000000000 */
        /*0420*/                   NOP;                                                 /* 0x0000000000007918 */
                                                                                        /* 0x000fc00000000000 */
        /*0430*/                   NOP;                                                 /* 0x0000000000007918 */
                                                                                        /* 0x000fc00000000000 */
        /*0440*/                   NOP;                                                 /* 0x0000000000007918 */
                                                                                        /* 0x000fc00000000000 */
        /*0450*/                   NOP;                                                 /* 0x0000000000007918 */
                                                                                        /* 0x000fc00000000000 */
        /*0460*/                   NOP;                                                 /* 0x0000000000007918 */
                                                                                        /* 0x000fc00000000000 */
        /*0470*/                   NOP;                                                 /* 0x0000000000007918 */
                                                                                        /* 0x000fc00000000000 */
		..........



Fatbin ptx code:
================
arch = sm_120
code version = [9,2]
host = linux
compile_size = 64bit
compressed
ptxasOptions = -v  
