monotonic_ns,board_power_mw,temperature_c,graphics_clock_mhz,memory_clock_mhz,utilization_percent
2787620857777497,560699,81,2782,13365,100
2787620864238620,560699,81,2782,13365,100
2787620869357179,560699,81,2782,13365,100
2787620874471114,560699,81,2782,13365,100
2787620879585371,560699,81,2782,13365,100
2787620884699304,560699,81,2782,13365,100
2787620889813348,560699,81,2782,13365,100
2787620894927848,560699,81,2782,13365,100
2787620900041804,560699,81,2782,13365,100
2787620905155947,560699,81,2782,13365,100
2787620910271497,560699,81,2782,13365,100
2787620915385622,560699,81,2782,13365,100
2787620920499930,560699,81,2782,13365,100
2787620925599611,560699,81,2782,13365,100
2787620930714223,560699,81,2782,13365,100
2787620935828528,560699,81,2782,13365,100
2787620940942799,560699,81,2782,13365,100
2787620946057324,560699,81,2782,13365,100
2787620951171433,560699,81,2782,13365,100
2787620956285545,560699,81,2782,13365,100
2787620961404254,560699,81,2782,13365,100
2787620966527478,560699,81,2782,13365,100
2787620971642526,560699,81,2782,13365,100
2787620976757318,560699,81,2782,13365,100
2787620981857368,560699,81,2782,13365,100
2787620986972003,560699,81,2782,13365,100
2787620992083797,560699,81,2782,13365,100
2787620997198320,560699,81,2782,13365,100
2787621002309791,560699,81,2782,13365,100
2787621007423095,560699,81,2782,13365,100
2787621012538806,560699,81,2782,13365,100
2787621017653362,560699,81,2782,13365,100
2787621022765438,560699,81,2782,13365,100
2787621027890311,560699,81,2782,13365,100
2787621033021463,560699,81,2782,13365,100
2787621038136159,560699,81,2782,13365,100
2787621043250875,560699,81,2782,13365,100
2787621048365920,560699,81,2782,13365,100
2787621053480787,560699,81,2782,13365,100
2787621058596392,560699,81,2782,13365,100
2787621063713077,560699,81,2782,13365,100
2787621068834877,560699,81,2782,13365,100
2787621073947442,560699,81,2782,13365,100
2787621079063570,560699,81,2782,13365,100
2787621084178423,560699,81,2782,13365,100
2787621089293693,560699,81,2782,13365,100
2787621094413984,560699,81,2782,13365,100
2787621099529047,560699,81,2782,13365,100
2787621104643764,560699,81,2782,13365,100
2787621109758428,560699,81,2782,13365,100
2787621114874941,560699,81,2782,13365,100
2787621119990173,560699,81,2782,13365,100
2787621125125949,560699,81,2782,13365,100
2787621130240986,560699,81,2782,13365,100
2787621135355934,560699,81,2782,13365,100
2787621140472982,560699,81,2782,13365,100
2787621145587673,560699,81,2782,13365,100
2787621150702567,560699,81,2782,13365,100
2787621155817072,560699,81,2782,13365,100
2787621160929692,560699,81,2782,13365,100
2787621166043365,560699,81,2782,13365,100
2787621171155485,560699,81,2782,13365,100
2787621176265942,560699,81,2782,13365,100
2787621181377382,560699,81,2782,13365,100
2787621186488914,560699,81,2782,13365,100
2787621191616571,560699,81,2782,13365,100
2787621196727767,560699,81,2782,13365,100
2787621201838880,560699,81,2782,13365,100
2787621206949972,560699,81,2782,13365,100
2787621212060896,560699,81,2782,13365,100
2787621217173549,560699,81,2782,13365,100
2787621222284709,560699,81,2782,13365,100
2787621227395833,560699,81,2782,13365,100
2787621232506798,560699,81,2782,13365,100
2787621237617807,560699,81,2782,13365,100
2787621242728979,560699,81,2782,13365,100
2787621247840016,560699,81,2782,13365,100
2787621252951419,560699,81,2782,13365,100
2787621258074748,560699,81,2782,13365,100
2787621263186415,560699,81,2782,13365,100
2787621268298973,560699,81,2782,13365,100
2787621273410037,560699,81,2782,13365,100
2787621278520622,560699,81,2782,13365,100
2787621283631730,560699,81,2782,13365,100
2787621288742539,560699,81,2782,13365,100
2787621293853895,560699,81,2782,13365,100
2787621298964315,560699,81,2782,13365,100
2787621304075524,560699,81,2782,13365,100
2787621309186192,560699,81,2782,13365,100
2787621314296897,560699,81,2782,13365,100
2787621319409957,560699,81,2782,13365,100
2787621324520842,560699,81,2782,13365,100
2787621329631632,560699,81,2782,13365,100
2787621334742250,560699,81,2782,13365,100
2787621339853108,560699,81,2782,13365,100
2787621344964559,560699,81,2782,13365,100
2787621350075243,560699,81,2782,13365,100
2787621355185784,560699,81,2782,13365,100
2787621360296832,560699,81,2782,13365,100
2787621365407701,560699,81,2782,13365,100
2787621370519905,443429,79,2797,13365,100
2787621375631205,443429,79,2797,13365,100
2787621380741942,443429,79,2797,13365,100
2787621385852546,443429,79,2797,13365,100
2787621390963391,443429,79,2797,13365,100
2787621396074379,443429,79,2797,13365,100
2787621401185883,443429,79,2797,13365,100
2787621406296580,443429,79,2797,13365,100
2787621411407408,443429,79,2797,13365,100
2787621416518237,443429,79,2797,13365,100
2787621421630901,443429,79,2797,13365,100
2787621426741325,443429,79,2797,13365,100
2787621431867354,443429,79,2797,13365,100
2787621436978134,443429,79,2797,13365,100
2787621442088895,443429,79,2797,13365,100
2787621447199508,443429,79,2797,13365,100
2787621452311227,443429,79,2797,13365,100
2787621457422010,443429,79,2797,13365,100
2787621462532694,443429,79,2797,13365,100
2787621467643337,443429,79,2797,13365,100
2787621472755856,443429,79,2797,13365,100
2787621477866818,443429,79,2797,13365,100
2787621482977419,443429,79,2797,13365,100
2787621488088127,443429,79,2797,13365,100
2787621493198827,443429,79,2797,13365,100
2787621498310143,443429,79,2797,13365,100
2787621503421055,443429,79,2797,13365,100
2787621508531812,443429,79,2797,13365,100
2787621513642633,443429,79,2797,13365,100
2787621518753561,443429,79,2797,13365,100
2787621523865889,443429,79,2797,13365,100
2787621528977618,443429,79,2797,13365,100
2787621534088578,443429,79,2797,13365,100
2787621539199207,443429,79,2797,13365,100
2787621544310017,443429,79,2797,13365,100
2787621549420662,443429,79,2797,13365,100
2787621554531484,443429,79,2797,13365,100
2787621559642616,443429,79,2797,13365,100
2787621564753325,443429,79,2797,13365,100
2787621569864045,443429,79,2797,13365,100
2787621574976390,443429,79,2797,13365,100
2787621580087428,443429,79,2797,13365,100
2787621585198233,443429,79,2797,13365,100
2787621590309191,443429,79,2797,13365,100
2787621595419911,443429,79,2797,13365,100
2787621600530612,443429,79,2797,13365,100
2787621605641276,443429,79,2797,13365,100
2787621610752135,443429,79,2797,13365,100
2787621615862885,443429,79,2797,13365,100
2787621620973818,443429,79,2797,13365,100
2787621626086243,443429,79,2797,13365,100
2787621631197451,443429,79,2797,13365,100
2787621636308583,443429,79,2797,13365,100
2787621641418979,443429,79,2797,13365,100
2787621646530604,443429,79,2797,13365,100
2787621651641544,443429,79,2797,13365,100
2787621656752784,443429,79,2797,13365,100
2787621661864227,443429,79,2797,13365,100
2787621666975949,443429,79,2797,13365,100
2787621672099861,443429,79,2797,13365,100
2787621677216462,443429,79,2797,13365,100
2787621682328506,443429,79,2797,13365,100
2787621687440143,443429,79,2797,13365,100
2787621692551467,443429,79,2797,13365,100
2787621697662572,443429,79,2797,13365,100
2787621702773916,443429,79,2797,13365,100
2787621707885146,443429,79,2797,13365,100
2787621712995265,443429,79,2797,13365,100
2787621718123857,443429,79,2797,13365,100
2787621723234986,443429,79,2797,13365,100
2787621728347949,443429,79,2797,13365,100
2787621733458842,443429,79,2797,13365,100
2787621738569653,443429,79,2797,13365,100
2787621743680257,443429,79,2797,13365,100
2787621748791676,443429,79,2797,13365,100
2787621753902276,443429,79,2797,13365,100
2787621759030956,443429,79,2797,13365,100
2787621764142213,443429,79,2797,13365,100
2787621769252949,443429,79,2797,13365,100
2787621774363856,443429,79,2797,13365,100
2787621779476435,443429,79,2797,13365,100
2787621784587605,443429,79,2797,13365,100
2787621789698647,443429,79,2797,13365,100
2787621794810147,443429,79,2797,13365,100
2787621799920980,443429,79,2797,13365,100
2787621805032116,443429,79,2797,13365,100
2787621810142581,443429,79,2797,13365,100
2787621815253177,443429,79,2797,13365,100
2787621820363677,443429,79,2797,13365,100
2787621825474929,443429,79,2797,13365,100
2787621830587810,443429,79,2797,13365,100
2787621835699138,443429,79,2797,13365,100
2787621840809773,443429,79,2797,13365,100
2787621845937185,443429,79,2797,13365,100
2787621851047870,443429,79,2797,13365,100
2787621856158620,443429,79,2797,13365,100
2787621861269869,443429,79,2797,13365,100
2787621866380265,443429,79,2797,13365,100
2787621871490889,442800,80,2782,13365,100
2787621876601990,442800,80,2782,13365,100
2787621881714176,442800,80,2782,13365,100
2787621886825253,442800,80,2782,13365,100
2787621891936339,442800,80,2782,13365,100
2787621897046816,442800,80,2782,13365,100
2787621902157660,442800,80,2782,13365,100
2787621907268549,442800,80,2782,13365,100
2787621912379161,442800,80,2782,13365,100
2787621917490194,442800,80,2782,13365,100
2787621922600904,442800,80,2782,13365,100
2787621927712568,442800,80,2782,13365,100
2787621932824922,442800,80,2782,13365,100
2787621937936310,442800,80,2782,13365,100
2787621943050795,442800,80,2782,13365,100
2787621948164040,442800,80,2782,13365,100
2787621953274977,442800,80,2782,13365,100
2787621958386793,442800,80,2782,13365,100
2787621963497812,442800,80,2782,13365,100
2787621968608818,442800,80,2782,13365,100
2787621973719746,442800,80,2782,13365,100
2787621978830807,442800,80,2782,13365,100
2787621983943246,442800,80,2782,13365,100
2787621989054183,442800,80,2782,13365,100
2787621994165707,442800,80,2782,13365,100
2787621999276690,442800,80,2782,13365,100
2787622004387400,442800,80,2782,13365,100
2787622009498261,442800,80,2782,13365,100
2787622014609729,442800,80,2782,13365,100
2787622019720417,442800,80,2782,13365,100
2787622024831580,442800,80,2782,13365,100
2787622029942771,442800,80,2782,13365,100
2787622035054907,442800,80,2782,13365,100
2787622040165815,442800,80,2782,13365,100
2787622045276755,442800,80,2782,13365,100
2787622050387748,442800,80,2782,13365,100
2787622055497444,442800,80,2782,13365,100
2787622060608285,442800,80,2782,13365,100
2787622065719426,442800,80,2782,13365,100
2787622070830510,442800,80,2782,13365,100
2787622075941690,442800,80,2782,13365,100
2787622081052719,442800,80,2782,13365,100
2787622086164945,442800,80,2782,13365,100
2787622091276129,442800,80,2782,13365,100
2787622096387367,442800,80,2782,13365,100
2787622101498518,442800,80,2782,13365,100
2787622106609356,442800,80,2782,13365,100
2787622111720613,442800,80,2782,13365,100
2787622116831693,442800,80,2782,13365,100
2787622121942704,442800,80,2782,13365,100
2787622127053678,442800,80,2782,13365,100
2787622132164543,442800,80,2782,13365,100
2787622137296823,442800,80,2782,13365,100
2787622142407992,442800,80,2782,13365,100
2787622147518580,442800,80,2782,13365,100
2787622152629268,442800,80,2782,13365,100
2787622157740236,442800,80,2782,13365,100
2787622162851285,442800,80,2782,13365,100
2787622167961957,442800,80,2782,13365,100
2787622173072789,442800,80,2782,13365,100
2787622178183854,442800,80,2782,13365,100
2787622183294827,442800,80,2782,13365,100
2787622188407063,442800,80,2782,13365,100
2787622193518387,442800,80,2782,13365,100
2787622198629472,442800,80,2782,13365,100
2787622203740521,442800,80,2782,13365,100
2787622208851433,442800,80,2782,13365,100
2787622213962425,442800,80,2782,13365,100
2787622219073205,442800,80,2782,13365,100
2787622224184272,442800,80,2782,13365,100
2787622229295269,442800,80,2782,13365,100
2787622234406299,442800,80,2782,13365,100
2787622239518772,442800,80,2782,13365,100
2787622244629880,442800,80,2782,13365,100
2787622249740976,442800,80,2782,13365,100
2787622254852271,442800,80,2782,13365,100
2787622259963405,442800,80,2782,13365,100
2787622265074354,442800,80,2782,13365,100
2787622270189518,442800,80,2782,13365,100
2787622275300648,442800,80,2782,13365,100
2787622280411680,442800,80,2782,13365,100
2787622285522787,442800,80,2782,13365,100
2787622290635256,442800,80,2782,13365,100
2787622295746540,442800,80,2782,13365,100
2787622300857448,442800,80,2782,13365,100
2787622305968460,442800,80,2782,13365,100
2787622311079617,442800,80,2782,13365,100
2787622316190678,442800,80,2782,13365,100
2787622321301516,442800,80,2782,13365,100
2787622326412498,442800,80,2782,13365,100
2787622331523623,442800,80,2782,13365,100
2787622336634631,442800,80,2782,13365,100
2787622341747308,442800,80,2782,13365,100
2787622346858164,442800,80,2782,13365,100
2787622351969435,442800,80,2782,13365,100
2787622357080328,442800,80,2782,13365,100
2787622362191201,442800,80,2782,13365,100
2787622367304277,442800,80,2782,13365,100
2787622372415538,559232,80,2782,13365,100
2787622377526510,559232,80,2782,13365,100
2787622382637699,559232,80,2782,13365,100
2787622387748964,559232,80,2782,13365,100
2787622392861663,559232,80,2782,13365,100
2787622397974188,559232,80,2782,13365,100
2787622403084968,559232,80,2782,13365,100
2787622408196043,559232,80,2782,13365,100
2787622413307353,559232,80,2782,13365,100
2787622418418261,559232,80,2782,13365,100
2787622423529658,559232,80,2782,13365,100
2787622428640759,559232,80,2782,13365,100
2787622433752359,559232,80,2782,13365,100
2787622438863728,559232,80,2782,13365,100
2787622443975756,559232,80,2782,13365,100
2787622449087226,559232,80,2782,13365,100
2787622454211172,559232,80,2782,13365,100
2787622459322787,559232,80,2782,13365,100
2787622464434041,559232,80,2782,13365,100
2787622469545089,559232,80,2782,13365,100
2787622474656162,559232,80,2782,13365,100
2787622479768927,559232,80,2782,13365,100
2787622484879811,559232,80,2782,13365,100
2787622489990908,559232,80,2782,13365,100
2787622495122387,559232,80,2782,13365,100
2787622500249995,559232,80,2782,13365,100
2787622505361109,559232,80,2782,13365,100
2787622510471905,559232,80,2782,13365,100
2787622515583129,559232,80,2782,13365,100
2787622520694140,559232,80,2782,13365,100
2787622525805699,559232,80,2782,13365,100
2787622530916934,559232,80,2782,13365,100
2787622536028079,559232,80,2782,13365,100
2787622541139298,559232,80,2782,13365,100
2787622546252091,559232,80,2782,13365,100
2787622551363400,559232,80,2782,13365,100
2787622556474500,559232,80,2782,13365,100
2787622561585285,559232,80,2782,13365,100
2787622566696253,559232,80,2782,13365,100
2787622571807234,559232,80,2782,13365,100
2787622576918450,559232,80,2782,13365,100
2787622582029659,559232,80,2782,13365,100
2787622587140659,559232,80,2782,13365,100
2787622592252331,559232,80,2782,13365,100
2787622597364792,559232,80,2782,13365,100
2787622602476144,559232,80,2782,13365,100
2787622607587195,559232,80,2782,13365,100
2787622612698313,559232,80,2782,13365,100
2787622617809224,559232,80,2782,13365,100
2787622622920422,559232,80,2782,13365,100
2787622628031633,559232,80,2782,13365,100
2787622633142826,559232,80,2782,13365,100
2787622638253909,559232,80,2782,13365,100
2787622643365139,559232,80,2782,13365,100
2787622648477850,559232,80,2782,13365,100
2787622653588940,559232,80,2782,13365,100
2787622658701652,559232,80,2782,13365,100
2787622663813025,559232,80,2782,13365,100
2787622668924021,559232,80,2782,13365,100
2787622674035372,559232,80,2782,13365,100
2787622679146537,559232,80,2782,13365,100
2787622684258034,559232,80,2782,13365,100
2787622689371233,559232,80,2782,13365,100
2787622694483103,559232,80,2782,13365,100
2787622699595884,559232,80,2782,13365,100
2787622704707068,559232,80,2782,13365,100
2787622709818857,559232,80,2782,13365,100
2787622714930175,559232,80,2782,13365,100
2787622720041412,559232,80,2782,13365,100
2787622725152356,559232,80,2782,13365,100
2787622730263421,559232,80,2782,13365,100
2787622735374615,559232,80,2782,13365,100
2787622740485532,559232,80,2782,13365,100
2787622745596728,559232,80,2782,13365,100
2787622750709638,559232,80,2782,13365,100
2787622755820961,559232,80,2782,13365,100
2787622760931921,559232,80,2782,13365,100
2787622766043014,559232,80,2782,13365,100
2787622771154066,559232,80,2782,13365,100
2787622776264566,559232,80,2782,13365,100
2787622781376939,559232,80,2782,13365,100
2787622786488239,559232,80,2782,13365,100
2787622791599887,559232,80,2782,13365,100
2787622796710926,559232,80,2782,13365,100
2787622801823683,559232,80,2782,13365,100
2787622806934609,559232,80,2782,13365,100
2787622812045985,559232,80,2782,13365,100
2787622817157042,559232,80,2782,13365,100
2787622822268522,559232,80,2782,13365,100
2787622827379887,559232,80,2782,13365,100
2787622832491037,559232,80,2782,13365,100
2787622837602115,559232,80,2782,13365,100
2787622842713300,559232,80,2782,13365,100
2787622847824521,559232,80,2782,13365,100
2787622852937153,559232,80,2782,13365,100
2787622858048481,559232,80,2782,13365,100
2787622863159725,559232,80,2782,13365,100
2787622868271142,559232,80,2782,13365,100
2787622873382419,559855,80,2782,13365,100
2787622878493495,559855,80,2782,13365,100
2787622883604651,559855,80,2782,13365,100
2787622888715580,559855,80,2782,13365,100
2787622893826570,559855,80,2782,13365,100
2787622898937574,559855,80,2782,13365,100
2787622904050109,559855,80,2782,13365,100
2787622909161390,559855,80,2782,13365,100
2787622914272766,559855,80,2782,13365,100
2787622919383734,559855,80,2782,13365,100
2787622924494828,559855,80,2782,13365,100
2787622929606023,559855,80,2782,13365,100
2787622934717019,559855,80,2782,13365,100
2787622939828264,559855,80,2782,13365,100
2787622944939432,559855,80,2782,13365,100
2787622950050880,559855,80,2782,13365,100
2787622955163565,559855,80,2782,13365,100
2787622960274769,559855,80,2782,13365,100
2787622965385846,559855,80,2782,13365,100
2787622970497036,559855,80,2782,13365,100
2787622975608160,559855,80,2782,13365,100
2787622980719663,559855,80,2782,13365,100
2787622985830756,559855,80,2782,13365,100
2787622990941736,559855,80,2782,13365,100
2787622996052670,559855,80,2782,13365,100
2787623001163713,559855,80,2782,13365,100
2787623006276253,559855,80,2782,13365,100
2787623011387322,559855,80,2782,13365,100
2787623016498321,559855,80,2782,13365,100
2787623021609234,559855,80,2782,13365,100
2787623026720726,559855,80,2782,13365,100
2787623031831601,559855,80,2782,13365,100
2787623036942680,559855,80,2782,13365,100
2787623042053860,559855,80,2782,13365,100
2787623047164637,559855,80,2782,13365,100
2787623052275581,559855,80,2782,13365,100
2787623057405953,559855,80,2782,13365,100
2787623062517081,559855,80,2782,13365,100
2787623067628282,559855,80,2782,13365,100
2787623072739106,559855,80,2782,13365,100
2787623077850251,559855,80,2782,13365,100
2787623082961027,559855,80,2782,13365,100
2787623088072159,559855,80,2782,13365,100
2787623093183334,559855,80,2782,13365,100
2787623098294693,559855,80,2782,13365,100
2787623103405785,559855,80,2782,13365,100
2787623108518409,559855,80,2782,13365,100
2787623113629401,559855,80,2782,13365,100
2787623118740730,559855,80,2782,13365,100
2787623123851754,559855,80,2782,13365,100
2787623128962893,559855,80,2782,13365,100
2787623134074023,559855,80,2782,13365,100
2787623139184987,559855,80,2782,13365,100
2787623144296256,559855,80,2782,13365,100
2787623149407583,559855,80,2782,13365,100
2787623154535461,559855,80,2782,13365,100
2787623159648090,559855,80,2782,13365,100
2787623164759242,559855,80,2782,13365,100
2787623169870295,559855,80,2782,13365,100
2787623174981389,559855,80,2782,13365,100
2787623180092143,559855,80,2782,13365,100
2787623185203339,559855,80,2782,13365,100
2787623190314138,559855,80,2782,13365,100
2787623195425148,559855,80,2782,13365,100
2787623200536027,559855,80,2782,13365,100
2787623205647051,559855,80,2782,13365,100
2787623210759630,559855,80,2782,13365,100
2787623215870718,559855,80,2782,13365,100
2787623220981745,559855,80,2782,13365,100
2787623226108949,559855,80,2782,13365,100
2787623231219913,559855,80,2782,13365,100
2787623236330947,559855,80,2782,13365,100
2787623241442028,559855,80,2782,13365,100
2787623246553328,559855,80,2782,13365,100
2787623251664425,559855,80,2782,13365,100
2787623256775793,559855,80,2782,13365,100
2787623261888169,559855,80,2782,13365,100
2787623266999606,559855,80,2782,13365,100
2787623272128247,559855,80,2782,13365,100
2787623277239431,559855,80,2782,13365,100
2787623282355115,559855,80,2782,13365,100
2787623287466262,559855,80,2782,13365,100
2787623292577300,559855,80,2782,13365,100
2787623297688220,559855,80,2782,13365,100
2787623302799483,559855,80,2782,13365,100
2787623307910349,559855,80,2782,13365,100
2787623313025213,559855,80,2782,13365,100
2787623318136294,559855,80,2782,13365,100
2787623323247314,559855,80,2782,13365,100
2787623328358583,559855,80,2782,13365,100
2787623333469627,559855,80,2782,13365,100
2787623338580575,559855,80,2782,13365,100
2787623343691580,559855,80,2782,13365,100
2787623348802629,559855,80,2782,13365,100
2787623353914125,559855,80,2782,13365,100
2787623359026029,559855,80,2782,13365,100
2787623364138988,559855,80,2782,13365,100
2787623369250130,560474,80,2782,13365,100
2787623374361246,560474,81,2782,13365,100
2787623379471891,560474,81,2782,13365,100
2787623384582926,560474,81,2782,13365,100
2787623389694150,560474,81,2782,13365,100
2787623394804924,560474,81,2782,13365,100
2787623399916181,560474,81,2782,13365,100
2787623405027273,560474,81,2782,13365,100
2787623410138350,560474,81,2782,13365,100
2787623415251186,560474,81,2782,13365,100
2787623420362736,560474,81,2782,13365,100
2787623425473587,560474,81,2782,13365,100
2787623430584639,560474,81,2782,13365,100
2787623435696230,560474,81,2782,13365,100
2787623440818154,560474,81,2782,13365,100
2787623445929218,560474,81,2782,13365,100
2787623451040396,560474,81,2782,13365,100
2787623456151821,560474,81,2782,13365,100
2787623461262770,560474,81,2782,13365,100
2787623466375449,560474,81,2782,13365,100
2787623471486266,560474,81,2782,13365,100
2787623476597243,560474,81,2782,13365,100
2787623481716124,560474,81,2782,13365,100
2787623486828001,560474,81,2782,13365,100
2787623491938998,560474,81,2782,13365,100
2787623497050803,560474,81,2782,13365,100
2787623502161797,560474,81,2782,13365,100
2787623507272706,560474,81,2782,13365,100
2787623512383705,560474,81,2782,13365,100
2787623517496268,560474,81,2782,13365,100
2787623522607027,560474,81,2782,13365,100
2787623527718069,560474,81,2782,13365,100
2787623532829788,560474,81,2782,13365,100
2787623537940858,560474,81,2782,13365,100
2787623543051840,560474,81,2782,13365,100
2787623548162916,560474,81,2782,13365,100
2787623553273971,560474,81,2782,13365,100
2787623558384976,560474,81,2782,13365,100
2787623563496569,560474,81,2782,13365,100
2787623568609432,560474,81,2782,13365,100
2787623573720356,560474,81,2782,13365,100
2787623578831507,560474,81,2782,13365,100
2787623583942618,560474,81,2782,13365,100
2787623589053756,560474,81,2782,13365,100
2787623594164576,560474,81,2782,13365,100
2787623599275990,560474,81,2782,13365,100
2787623604386777,560474,81,2782,13365,100
2787623609498002,560474,81,2782,13365,100
2787623614609014,560474,81,2782,13365,100
2787623619721443,560474,81,2782,13365,100
2787623624832835,560474,81,2782,13365,100
2787623629944375,560474,81,2782,13365,100
2787623635069584,560474,81,2782,13365,100
2787623640180826,560474,81,2782,13365,100
2787623645291980,560474,81,2782,13365,100
2787623650402837,560474,81,2782,13365,100
2787623655513961,560474,81,2782,13365,100
2787623660624853,560474,81,2782,13365,100
2787623665735754,560474,81,2782,13365,100
2787623670849035,560474,81,2782,13365,100
2787623675959923,560474,81,2782,13365,100
2787623681070859,560474,81,2782,13365,100
2787623686181815,560474,81,2782,13365,100
2787623691292712,560474,81,2782,13365,100
2787623696403953,560474,81,2782,13365,100
2787623701514761,560474,81,2782,13365,100
2787623706625751,560474,81,2782,13365,100
2787623711736806,560474,81,2782,13365,100
2787623716847662,560474,81,2782,13365,100
2787623721960122,560474,81,2782,13365,100
2787623727071695,560474,81,2782,13365,100
2787623732183139,560474,81,2782,13365,100
2787623737294283,560474,81,2782,13365,100
2787623742405289,560474,81,2782,13365,100
2787623747516146,560474,81,2782,13365,100
2787623752627345,560474,81,2782,13365,100
2787623757738473,560474,81,2782,13365,100
2787623762849486,560474,81,2782,13365,100
2787623767960870,560474,81,2782,13365,100
2787623773073567,560474,81,2782,13365,100
2787623778184455,560474,81,2782,13365,100
2787623783295624,560474,81,2782,13365,100
2787623788406672,560474,81,2782,13365,100
2787623793517532,560474,81,2782,13365,100
2787623798628191,560474,81,2782,13365,100
2787623803739402,560474,81,2782,13365,100
2787623808867212,560474,81,2782,13365,100
2787623813978029,560474,81,2782,13365,100
2787623819088890,560474,81,2782,13365,100
2787623824201515,560474,81,2782,13365,100
2787623829312587,560474,81,2782,13365,100
2787623834424128,560474,81,2782,13365,100
2787623839535198,560474,81,2782,13365,100
2787623844646296,560474,81,2782,13365,100
2787623849757485,560474,81,2782,13365,100
2787623854868301,560474,81,2782,13365,100
2787623859979422,560474,81,2782,13365,100
2787623865090928,560474,81,2782,13365,100
2787623870202294,560652,81,2782,13365,100
2787623875315149,560652,81,2782,13365,100
2787623880426161,560652,81,2782,13365,100
2787623885538067,560652,81,2782,13365,100
2787623890649728,560652,81,2782,13365,100
2787623895761234,560652,81,2782,13365,100
2787623900873393,560652,81,2782,13365,100
2787623905985441,560652,81,2782,13365,100
2787623911114560,560652,81,2782,13365,100
2787623916238006,560652,81,2782,13365,100
2787623921350162,560652,81,2782,13365,100
2787623926463793,560652,81,2782,13365,100
2787623931576012,560652,81,2782,13365,100
2787623936697756,560652,81,2782,13365,100
2787623941810376,560652,81,2782,13365,100
2787623946923051,560652,81,2782,13365,100
2787623952036229,560652,81,2782,13365,100
2787623957148839,560652,81,2782,13365,100
2787623962261644,560652,81,2782,13365,100
2787623967374462,560652,81,2782,13365,100
2787623972486314,560652,81,2782,13365,100
2787623977600799,560652,81,2782,13365,100
2787623982714076,560652,81,2782,13365,100
2787623987827386,560652,81,2782,13365,100
2787623992941076,560652,81,2782,13365,100
2787623998054975,560652,81,2782,13365,100
2787624003169052,560652,81,2782,13365,100
2787624008284201,560652,81,2782,13365,100
2787624013398101,560652,81,2782,13365,100
2787624018511826,560652,81,2782,13365,100
2787624023625431,560652,81,2782,13365,100
2787624028748223,560652,81,2782,13365,100
2787624033876071,560652,81,2782,13365,100
2787624038990379,560652,81,2782,13365,100
2787624044125960,560652,81,2782,13365,100
2787624049240526,560652,81,2782,13365,100
2787624054354832,560652,81,2782,13365,100
2787624059469357,560652,81,2782,13365,100
2787624064584191,560652,81,2782,13365,100
2787624069699276,560652,81,2782,13365,100
2787624074814330,560652,81,2782,13365,100
2787624079930854,560652,81,2782,13365,100
2787624085045917,560652,81,2782,13365,100
2787624090160913,560652,81,2782,13365,100
2787624095276027,560652,81,2782,13365,100
2787624100391575,560652,81,2782,13365,100
2787624105506161,560652,81,2782,13365,100
2787624110622077,560652,81,2782,13365,100
2787624115737305,560652,81,2782,13365,100
2787624120853298,560652,81,2782,13365,100
2787624125969170,560652,81,2782,13365,100
2787624131086508,560652,81,2782,13365,100
2787624136202071,560652,81,2782,13365,100
2787624141318227,560652,81,2782,13365,100
2787624146434256,560652,81,2782,13365,100
2787624151550186,560652,81,2782,13365,100
2787624156666300,560652,81,2782,13365,100
2787624161782622,560652,81,2782,13365,100
2787624166898585,560652,81,2782,13365,100
2787624172031385,560652,81,2782,13365,100
2787624177147250,560652,81,2782,13365,100
2787624182264605,560652,81,2782,13365,100
2787624187380297,560652,81,2782,13365,100
2787624192496319,560652,81,2782,13365,100
2787624197613053,560652,81,2782,13365,100
2787624202729930,560652,81,2782,13365,100
2787624207846448,560652,81,2782,13365,100
2787624212963288,560652,81,2782,13365,100
2787624218079885,560652,81,2782,13365,100
2787624223196620,560652,81,2782,13365,100
2787624228313653,560652,81,2782,13365,100
2787624233431725,560652,81,2782,13365,100
2787624238548408,560652,81,2782,13365,100
2787624243665298,560652,81,2782,13365,100
2787624248782039,560652,81,2782,13365,100
2787624253899043,560652,81,2782,13365,100
2787624259034687,560652,81,2782,13365,100
2787624264151476,560652,81,2782,13365,100
2787624269268365,560652,81,2782,13365,100
2787624274385131,560652,81,2782,13365,100
2787624279502135,560652,81,2782,13365,100
2787624284620605,560652,81,2782,13365,100
2787624289737278,560652,81,2782,13365,100
2787624294854266,560652,81,2782,13365,100
2787624299970998,560652,81,2782,13365,100
2787624305088317,560652,81,2782,13365,100
2787624310205309,560652,81,2782,13365,100
2787624315322128,560652,81,2782,13365,100
2787624320439240,560652,81,2782,13365,100
2787624325556088,560652,81,2782,13365,100
2787624330672953,560652,81,2782,13365,100
2787624335791098,560652,81,2782,13365,100
2787624340907710,560652,81,2782,13365,100
2787624346024692,560652,81,2782,13365,100
2787624351141495,560652,81,2782,13365,100
2787624356258306,560652,81,2782,13365,100
2787624361375250,560652,81,2782,13365,100
2787624366492159,560652,81,2782,13365,100
2787624371608976,560812,81,2782,13365,100
2787624376725952,560812,81,2782,13365,100
2787624381842672,560812,81,2782,13365,100
2787624386960815,560812,81,2782,13365,100
2787624392077470,560812,81,2782,13365,100
2787624397194470,560812,81,2782,13365,100
2787624402311398,560812,81,2782,13365,100
2787624407427990,560812,81,2782,13365,100
2787624412544762,560812,81,2782,13365,100
2787624417661743,560812,81,2782,13365,100
2787624422778278,560812,81,2782,13365,100
2787624427895370,560812,81,2782,13365,100
2787624433034881,560812,81,2782,13365,100
2787624438153631,560812,81,2782,13365,100
2787624443270433,560812,81,2782,13365,100
2787624448400145,560812,81,2782,13365,100
2787624453516326,560812,81,2782,13365,100
2787624458633042,560812,81,2782,13365,100
2787624463767946,560812,81,2782,13365,100
2787624468885026,560812,81,2782,13365,100
2787624474019014,560812,81,2782,13365,100
2787624479136340,560812,81,2782,13365,100
2787624484253283,560812,81,2782,13365,100
2787624489371640,560812,81,2782,13365,100
2787624494488248,560812,81,2782,13365,100
2787624499604957,560812,81,2782,13365,100
2787624504721773,560812,81,2782,13365,100
2787624509839566,560812,81,2782,13365,100
2787624514956362,560812,81,2782,13365,100
2787624520073222,560812,81,2782,13365,100
2787624525190105,560812,81,2782,13365,100
2787624530307135,560812,81,2782,13365,100
2787624535423967,560812,81,2782,13365,100
2787624540542887,560812,81,2782,13365,100
2787624545660002,560812,81,2782,13365,100
2787624550776954,560812,81,2782,13365,100
2787624555893789,560812,81,2782,13365,100
2787624561033355,560812,81,2782,13365,100
2787624566150441,560812,81,2782,13365,100
2787624571267092,560812,81,2782,13365,100
2787624576383634,560812,81,2782,13365,100
2787624581500206,560812,81,2782,13365,100
2787624586616743,560812,81,2782,13365,100
2787624591735461,560812,81,2782,13365,100
2787624596852204,560812,81,2782,13365,100
2787624601968798,560812,81,2782,13365,100
2787624607085636,560812,81,2782,13365,100
2787624612202367,560812,81,2782,13365,100
2787624617318897,560812,81,2782,13365,100
2787624622436317,560812,81,2782,13365,100
2787624627553114,560812,81,2782,13365,100
2787624632669991,560812,81,2782,13365,100
2787624637787050,560812,81,2782,13365,100
2787624642905605,560812,81,2782,13365,100
2787624648022508,560812,81,2782,13365,100
2787624653139212,560812,81,2782,13365,100
2787624658255798,560812,81,2782,13365,100
2787624663372757,560812,81,2782,13365,100
2787624668489425,560812,81,2782,13365,100
2787624673606126,560812,81,2782,13365,100
2787624678722965,560812,81,2782,13365,100
2787624683839674,560812,81,2782,13365,100
2787624688956610,560812,81,2782,13365,100
2787624694075043,560812,81,2782,13365,100
2787624699191367,560812,81,2782,13365,100
2787624704308051,560812,81,2782,13365,100
2787624709424876,560812,81,2782,13365,100
2787624714541476,560812,81,2782,13365,100
2787624719658517,560812,81,2782,13365,100
2787624724776597,560812,81,2782,13365,100
2787624729895114,560812,81,2782,13365,100
2787624735034762,560812,81,2782,13365,100
2787624740177548,560812,81,2782,13365,100
2787624745296158,560812,81,2782,13365,100
2787624750412826,560812,81,2782,13365,100
2787624755529647,560812,81,2782,13365,100
2787624760646240,560812,81,2782,13365,100
2787624765763159,560812,81,2782,13365,100
2787624770880884,560812,81,2782,13365,100
2787624775997859,560812,81,2782,13365,100
2787624781132581,560812,81,2782,13365,100
2787624786249327,560812,81,2782,13365,100
2787624791366241,560812,81,2782,13365,100
2787624796484458,560812,81,2782,13365,100
2787624801601190,560812,81,2782,13365,100
2787624806725830,560812,81,2782,13365,100
2787624811843082,560812,81,2782,13365,100
2787624816959953,560812,81,2782,13365,100
2787624822076618,560812,81,2782,13365,100
2787624827193828,560812,81,2782,13365,100
2787624832311085,560812,81,2782,13365,100
2787624837428017,560812,81,2782,13365,100
2787624842543593,560812,81,2782,13365,100
2787624847662098,560812,81,2782,13365,100
2787624852779617,560812,81,2782,13365,100
2787624857896198,560812,81,2782,13365,100
2787624863034222,560812,81,2782,13365,100
2787624868151407,560812,81,2782,13365,100
2787624873268095,561437,81,2782,13365,100
2787624878384455,561437,81,2782,13365,100
2787624883501312,561437,81,2782,13365,100
2787624888618113,561437,81,2782,13365,100
2787624893735441,561437,81,2782,13365,100
2787624898853745,561437,81,2782,13365,100
2787624903970453,561437,81,2782,13365,100
2787624909087390,561437,81,2782,13365,100
2787624914204411,561437,81,2782,13365,100
2787624919321334,561437,81,2782,13365,100
2787624924438411,561437,81,2782,13365,100
2787624929554008,561437,81,2782,13365,100
2787624934671028,561437,81,2782,13365,100
2787624939787898,561437,81,2782,13365,100
2787624944904656,561437,81,2782,13365,100
2787624950023055,561437,81,2782,13365,100
2787624955139786,561437,81,2782,13365,100
2787624960256718,561437,81,2782,13365,100
2787624965373590,561437,81,2782,13365,100
2787624970490254,561437,81,2782,13365,100
2787624975606755,561437,81,2782,13365,100
2787624980723548,561437,81,2782,13365,100
2787624985840400,561437,81,2782,13365,100
2787624990957262,561437,81,2782,13365,100
2787624996074201,561437,81,2782,13365,100
2787625001192397,561437,81,2782,13365,100
2787625006309561,561437,81,2782,13365,100
2787625011426289,561437,81,2782,13365,100
2787625016543204,561437,81,2782,13365,100
2787625021660028,561437,81,2782,13365,100
2787625026776877,561437,81,2782,13365,100
2787625031902723,561437,81,2782,13365,100
2787625037022335,561437,81,2782,13365,100
2787625042138548,561437,81,2782,13365,100
2787625047255018,561437,81,2782,13365,100
2787625052373056,561437,81,2782,13365,100
2787625057489768,561437,81,2782,13365,100
2787625062606969,561437,81,2782,13365,100
2787625067723722,561437,81,2782,13365,100
2787625072840194,561437,81,2782,13365,100
2787625077957106,561437,81,2782,13365,100
2787625083073879,561437,81,2782,13365,100
2787625088190631,561437,81,2782,13365,100
2787625093307323,561437,81,2782,13365,100
2787625098424128,561437,81,2782,13365,100
2787625103542698,561437,81,2782,13365,100
2787625108659621,561437,81,2782,13365,100
2787625113776321,561437,81,2782,13365,100
2787625118911481,561437,81,2782,13365,100
2787625124028254,561437,81,2782,13365,100
2787625129144986,561437,81,2782,13365,100
2787625134261759,561437,81,2782,13365,100
2787625139378854,561437,81,2782,13365,100
2787625144495499,561437,81,2782,13365,100
2787625149612198,561437,81,2782,13365,100
2787625154730384,561437,81,2782,13365,100
2787625159847296,561437,81,2782,13365,100
2787625164964256,561437,81,2782,13365,100
2787625170081077,561437,81,2782,13365,100
2787625175197814,561437,81,2782,13365,100
2787625180314882,561437,81,2782,13365,100
2787625185431538,561437,81,2782,13365,100
2787625190548074,561437,81,2782,13365,100
2787625195664711,561437,81,2782,13365,100
2787625200781341,561437,81,2782,13365,100
2787625205900179,561437,81,2782,13365,100
2787625211037644,561437,81,2782,13365,100
2787625216154160,561437,81,2782,13365,100
2787625221270933,561437,81,2782,13365,100
2787625226387937,561437,81,2782,13365,100
2787625231519095,561437,81,2782,13365,100
2787625236635910,561437,81,2782,13365,100
2787625241752769,561437,81,2782,13365,100
2787625246870454,561437,81,2782,13365,100
2787625251986991,561437,81,2782,13365,100
2787625257123351,561437,81,2782,13365,100
2787625262240135,561437,81,2782,13365,100
2787625267356678,561437,81,2782,13365,100
2787625272473762,561437,81,2782,13365,100
2787625277590601,561437,81,2782,13365,100
2787625282707369,561437,81,2782,13365,100
2787625287824157,561437,81,2782,13365,100
2787625292941009,561437,81,2782,13365,100
2787625298058350,561437,81,2782,13365,100
2787625303175143,561437,81,2782,13365,100
2787625308293342,561437,81,2782,13365,100
2787625313410227,561437,81,2782,13365,100
2787625318528615,561437,81,2782,13365,100
2787625323644919,561437,81,2782,13365,100
2787625328761432,561437,81,2782,13365,100
2787625333878382,561437,81,2782,13365,100
2787625338995161,561437,81,2782,13365,100
2787625344135297,561437,81,2782,13365,100
2787625349257842,561437,81,2782,13365,100
2787625354374581,561437,81,2782,13365,100
2787625359492524,561437,81,2782,13365,100
2787625364609870,561437,81,2782,13365,100
2787625369726479,562068,81,2782,13365,100
2787625374842864,562068,81,2782,13365,100
2787625379977867,562068,81,2782,13365,100
2787625385108000,562068,81,2782,13365,100
2787625390224556,562068,81,2782,13365,100
2787625395341212,562068,81,2782,13365,100
2787625400458525,562068,81,2782,13365,100
2787625405577457,562068,81,2782,13365,100
2787625410695389,562068,81,2782,13365,100
2787625415812098,562068,81,2782,13365,100
2787625420928767,562068,81,2782,13365,100
2787625426045483,562068,81,2782,13365,100
2787625431163017,562068,81,2782,13365,100
2787625436279908,562068,81,2782,13365,100
2787625441396540,562068,81,2782,13365,100
2787625446513771,562068,81,2782,13365,100
2787625451631237,562068,81,2782,13365,100
2787625456747797,562068,81,2782,13365,100
2787625461865369,562068,81,2782,13365,100
2787625466981882,562068,81,2782,13365,100
2787625472119406,562068,81,2782,13365,100
2787625477234375,562068,81,2782,13365,100
2787625482349309,562068,81,2782,13365,100
2787625487464860,562068,81,2782,13365,100
2787625492580476,562068,81,2782,13365,100
2787625497696132,562068,81,2782,13365,100
2787625502813093,562068,81,2782,13365,100
2787625507929752,562068,81,2782,13365,100
2787625513048089,562068,81,2782,13365,100
2787625518164826,562068,81,2782,13365,100
2787625523281678,562068,81,2782,13365,100
2787625528398720,562068,81,2782,13365,100
2787625533516231,562068,81,2782,13365,100
2787625538632935,562068,81,2782,13365,100
2787625543749554,562068,81,2782,13365,100
2787625548866380,562068,81,2782,13365,100
2787625553982957,562068,81,2782,13365,100
2787625559123668,562068,81,2782,13365,100
2787625564241964,562068,81,2782,13365,100
2787625569358613,562068,81,2782,13365,100
2787625574475314,562068,81,2782,13365,100
2787625579592238,562068,81,2782,13365,100
2787625584715130,562068,81,2782,13365,100
2787625589832973,562068,81,2782,13365,100
2787625594949579,562068,81,2782,13365,100
2787625600066696,562068,81,2782,13365,100
2787625605183459,562068,81,2782,13365,100
2787625610300300,562068,81,2782,13365,100
2787625615418560,562068,81,2782,13365,100
2787625620536181,562068,81,2782,13365,100
2787625625653058,562068,81,2782,13365,100
2787625630770662,562068,81,2782,13365,100
2787625635904566,562068,81,2782,13365,100
2787625641021278,562068,81,2782,13365,100
2787625646137894,562068,81,2782,13365,100
2787625651254598,562068,81,2782,13365,100
2787625656372070,562068,81,2782,13365,100
2787625661488854,562068,81,2782,13365,100
2787625666606724,562068,81,2782,13365,100
2787625671723541,562068,81,2782,13365,100
2787625676840280,562068,81,2782,13365,100
2787625681957039,562068,81,2782,13365,100
2787625687074494,562068,81,2782,13365,100
2787625692191438,562068,81,2782,13365,100
2787625697308206,562068,81,2782,13365,100
2787625702424722,562068,81,2782,13365,100
2787625707541795,562068,81,2782,13365,100
2787625712658347,562068,81,2782,13365,100
2787625717777062,562068,81,2782,13365,100
2787625722893692,562068,81,2782,13365,100
2787625728034420,562068,81,2782,13365,100
2787625733150997,562068,81,2782,13365,100
2787625738267721,562068,81,2782,13365,100
2787625743384442,562068,81,2782,13365,100
2787625748500998,562068,81,2782,13365,100
2787625753617758,562068,81,2782,13365,100
2787625758734606,562068,81,2782,13365,100
2787625763852211,562068,81,2782,13365,100
2787625768970031,562068,81,2782,13365,100
2787625774121559,562068,81,2782,13365,100
2787625779238340,562068,81,2782,13365,100
2787625784355104,562068,81,2782,13365,100
2787625789471949,562068,81,2782,13365,100
2787625794588685,562068,81,2782,13365,100
2787625799705612,562068,81,2782,13365,100
2787625804822850,562068,81,2782,13365,100
2787625809939788,562068,81,2782,13365,100
2787625815056614,562068,81,2782,13365,100
2787625820174899,562068,81,2782,13365,100
2787625825292055,562068,81,2782,13365,100
2787625830409312,562068,81,2782,13365,100
2787625835525200,562068,81,2782,13365,100
2787625840642300,562068,81,2782,13365,100
2787625845759151,562068,81,2782,13365,100
2787625850876121,562068,81,2782,13365,100
2787625855992738,562068,81,2782,13365,100
2787625861130804,562068,81,2782,13365,100
2787625866247448,562068,81,2782,13365,100
2787625871365335,562580,81,2782,13365,100
2787625876482011,562580,81,2782,13365,100
2787625881598787,562580,81,2782,13365,100
2787625886715048,562580,81,2782,13365,100
2787625891831880,562580,81,2782,13365,100
2787625896948604,562580,81,2782,13365,100
2787625902065781,562580,81,2782,13365,100
2787625907182517,562580,81,2782,13365,100
2787625912299102,562580,81,2782,13365,100
2787625917415790,562580,81,2782,13365,100
2787625922534142,562580,81,2782,13365,100
2787625927651075,562580,81,2782,13365,100
2787625932767759,562580,81,2782,13365,100
2787625937884664,562580,81,2782,13365,100
2787625943018423,562580,81,2782,13365,100
2787625948135244,562580,81,2782,13365,100
2787625953251952,562580,81,2782,13365,100
2787625958368669,562580,81,2782,13365,100
2787625963485479,562580,81,2782,13365,100
2787625968602150,562580,81,2782,13365,100
2787625973720486,562580,81,2782,13365,100
2787625978837074,562580,81,2782,13365,100
2787625983953489,562580,81,2782,13365,100
2787625989070247,562580,81,2782,13365,100
2787625994187147,562580,81,2782,13365,100
2787625999303668,562580,81,2782,13365,100
2787626004420346,562580,81,2782,13365,100
2787626009536680,562580,81,2782,13365,100
2787626014653313,562580,81,2782,13365,100
2787626019769869,562580,81,2782,13365,100
2787626024887853,562580,81,2782,13365,100
2787626030025838,562580,81,2782,13365,100
2787626035143020,562580,81,2782,13365,100
2787626040260223,562580,81,2782,13365,100
2787626045377067,562580,81,2782,13365,100
2787626050493688,562580,81,2782,13365,100
2787626055610088,562580,81,2782,13365,100
2787626060726896,562580,81,2782,13365,100
2787626065844726,562580,81,2782,13365,100
2787626070961489,562580,81,2782,13365,100
2787626076079506,562580,81,2782,13365,100
2787626081196354,562580,81,2782,13365,100
2787626086312871,562580,81,2782,13365,100
2787626091429503,562580,81,2782,13365,100
2787626096546135,562580,81,2782,13365,100
2787626101662717,562580,81,2782,13365,100
2787626106779528,562580,81,2782,13365,100
2787626111895948,562580,81,2782,13365,100
2787626117033617,562580,81,2782,13365,100
2787626122150365,562580,81,2782,13365,100
2787626127268761,562580,81,2782,13365,100
2787626132387701,562580,81,2782,13365,100
2787626137504169,562580,81,2782,13365,100
2787626142620644,562580,81,2782,13365,100
2787626147736894,562580,81,2782,13365,100
2787626152853703,562580,81,2782,13365,100
2787626157970595,562580,81,2782,13365,100
2787626163087815,562580,81,2782,13365,100
2787626168204368,562580,81,2782,13365,100
2787626173321185,562580,81,2782,13365,100
2787626178439101,562580,81,2782,13365,100
2787626183555925,562580,81,2782,13365,100
2787626188672464,562580,81,2782,13365,100
2787626193789236,562580,81,2782,13365,100
2787626198905898,562580,81,2782,13365,100
2787626204022811,562580,81,2782,13365,100
2787626209139569,562580,81,2782,13365,100
2787626214256906,562580,81,2782,13365,100
2787626219373590,562580,81,2782,13365,100
2787626224489822,562580,81,2782,13365,100
2787626229609017,562580,81,2782,13365,100
2787626234725476,562580,81,2782,13365,100
2787626239842569,562580,81,2782,13365,100
2787626244959381,562580,81,2782,13365,100
2787626250076644,562580,81,2782,13365,100
2787626255193299,562580,81,2782,13365,100
2787626260310232,562580,81,2782,13365,100
2787626265426875,562580,81,2782,13365,100
2787626270543712,562580,81,2782,13365,100
2787626275660464,562580,81,2782,13365,100
2787626280780628,562580,81,2782,13365,100
2787626285897309,562580,81,2782,13365,100
2787626291035285,562580,81,2782,13365,100
2787626296151901,562580,81,2782,13365,100
2787626301268713,562580,81,2782,13365,100
2787626306385450,562580,81,2782,13365,100
2787626311502323,562580,81,2782,13365,100
2787626316618791,562580,81,2782,13365,100
2787626321735567,562580,81,2782,13365,100
2787626326852936,562580,81,2782,13365,100
2787626331971184,562580,81,2782,13365,100
2787626337087580,562580,81,2782,13365,100
2787626342204322,562580,81,2782,13365,100
2787626347320865,562580,81,2782,13365,100
2787626352437857,562580,81,2782,13365,100
2787626357554661,562580,81,2782,13365,100
2787626362671930,562580,81,2782,13365,100
2787626367789415,562580,81,2782,13365,100
2787626372906275,562757,81,2782,13365,100
2787626378023473,562757,81,2782,13365,100
2787626383141848,562757,81,2782,13365,100
2787626388259424,562757,81,2782,13365,100
2787626393376492,562757,81,2782,13365,100
2787626398493892,562757,81,2782,13365,100
2787626403610609,562757,81,2782,13365,100
2787626408727877,562757,81,2782,13365,100
2787626413845142,562757,81,2782,13365,100
2787626418962170,562757,81,2782,13365,100
2787626424078685,562757,81,2782,13365,100
2787626429213842,562757,81,2782,13365,100
2787626434332259,562757,81,2782,13365,100
2787626439448787,562757,81,2782,13365,100
2787626444565848,562757,81,2782,13365,100
2787626449682492,562757,81,2782,13365,100
2787626454801873,562757,81,2782,13365,100
2787626459918823,562757,81,2782,13365,100
2787626465036129,562757,81,2782,13365,100
2787626470153126,562757,81,2782,13365,100
2787626475269828,562757,81,2782,13365,100
2787626480386602,562757,81,2782,13365,100
2787626485513227,562757,81,2782,13365,100
2787626490629981,562757,81,2782,13365,100
2787626495746780,562757,81,2782,13365,100
2787626500863440,562757,81,2782,13365,100
2787626505979836,562757,81,2782,13365,100
2787626511119673,562757,81,2782,13365,100
2787626516236309,562757,81,2782,13365,100
2787626521353426,562757,81,2782,13365,100
2787626526470246,562757,81,2782,13365,100
2787626531587176,562757,81,2782,13365,100
2787626536705839,562757,81,2782,13365,100
2787626541822511,562757,81,2782,13365,100
2787626546939184,562757,81,2782,13365,100
2787626552056012,562757,81,2782,13365,100
2787626557172764,562757,81,2782,13365,100
2787626562289484,562757,81,2782,13365,100
2787626567406713,562757,81,2782,13365,100
2787626572523405,562757,81,2782,13365,100
2787626577639885,562757,81,2782,13365,100
2787626582756958,562757,81,2782,13365,100
2787626587875730,562757,81,2782,13365,100
2787626592992503,562757,81,2782,13365,100
2787626598129061,562757,81,2782,13365,100
2787626603246265,562757,81,2782,13365,100
2787626608363228,562757,81,2782,13365,100
2787626613480566,562757,81,2782,13365,100
2787626618598031,562757,81,2782,13365,100
2787626623715701,562757,81,2782,13365,100
2787626628834225,562757,81,2782,13365,100
2787626633951574,562757,81,2782,13365,100
2787626639070794,562757,81,2782,13365,100
2787626644186512,562757,81,2782,13365,100
2787626649302775,562757,81,2782,13365,100
2787626654418451,562757,81,2782,13365,100
2787626659534564,562757,81,2782,13365,100
2787626664651112,562757,81,2782,13365,100
2787626669766384,562757,81,2782,13365,100
2787626674881924,562757,81,2782,13365,100
2787626679996143,562757,81,2782,13365,100
2787626685126747,562757,81,2782,13365,100
2787626690246577,562757,81,2782,13365,100
2787626695361370,562757,81,2782,13365,100
2787626700475835,562757,81,2782,13365,100
2787626705590578,562757,81,2782,13365,100
2787626710705324,562757,81,2782,13365,100
2787626715820499,562757,81,2782,13365,100
2787626720936512,562757,81,2782,13365,100
2787626726051792,562757,81,2782,13365,100
2787626731167907,562757,81,2782,13365,100
2787626736284193,562757,81,2782,13365,100
2787626741402674,562757,81,2782,13365,100
2787626746519406,562757,81,2782,13365,100
2787626751637102,562757,81,2782,13365,100
2787626756753888,562757,81,2782,13365,100
2787626761870727,562757,81,2782,13365,100
2787626766987899,562757,81,2782,13365,100
2787626772128784,562757,81,2782,13365,100
2787626777245608,562757,81,2782,13365,100
2787626782362485,562757,81,2782,13365,100
2787626787479153,562757,81,2782,13365,100
2787626792597413,562757,81,2782,13365,100
2787626797714504,562757,81,2782,13365,100
2787626802831514,562757,81,2782,13365,100
2787626807948298,562757,81,2782,13365,100
2787626813065290,562757,81,2782,13365,100
2787626818182179,562757,81,2782,13365,100
2787626823299139,562757,81,2782,13365,100
2787626828415928,562757,81,2782,13365,100
2787626833535144,562757,81,2782,13365,100
2787626838651692,562757,81,2782,13365,100
2787626843770121,562757,81,2782,13365,100
2787626848886869,562757,81,2782,13365,100
2787626854025251,562757,81,2782,13365,100
2787626859142476,562757,81,2782,13365,100
2787626864259310,562757,81,2782,13365,100
2787626869376103,562757,81,2782,13365,100
2787626874493047,562314,81,2782,13365,100
2787626879609863,562314,81,2782,13365,100
2787626884726572,562314,81,2782,13365,100
2787626889843744,562314,81,2782,13365,100
2787626894961765,562314,81,2782,13365,100
2787626900078580,562314,81,2782,13365,100
2787626905195069,562314,81,2782,13365,100
2787626910325558,562314,81,2782,13365,100
2787626915442186,562314,81,2782,13365,100
2787626920559374,562314,81,2782,13365,100
2787626925676415,562314,81,2782,13365,100
2787626930793210,562314,81,2782,13365,100
2787626935910211,562314,81,2782,13365,100
2787626941027339,562314,81,2782,13365,100
2787626946145670,562314,81,2782,13365,100
2787626951262328,562314,81,2782,13365,100
2787626956379577,562314,81,2782,13365,100
2787626961496485,562314,81,2782,13365,100
2787626966613277,562314,81,2782,13365,100
2787626971730006,562314,81,2782,13365,100
2787626976846998,562314,81,2782,13365,100
2787626981963875,562314,81,2782,13365,100
2787626987081187,562314,81,2782,13365,100
2787626992198115,562314,81,2782,13365,100
2787626997316487,562314,81,2782,13365,100
2787627002433333,562314,81,2782,13365,100
2787627007550581,562314,81,2782,13365,100
2787627012667033,562314,81,2782,13365,100
2787627017785233,562314,81,2782,13365,100
2787627022902085,562314,81,2782,13365,100
2787627028039298,562314,81,2782,13365,100
2787627033156583,562314,81,2782,13365,100
2787627038273122,562314,81,2782,13365,100
2787627043389681,562314,81,2782,13365,100
2787627048507651,562314,81,2782,13365,100
2787627053624464,562314,81,2782,13365,100
2787627058740944,562314,81,2782,13365,100
2787627063858405,562314,81,2782,13365,100
2787627068975488,562314,81,2782,13365,100
2787627074092049,562314,81,2782,13365,100
2787627079208570,562314,81,2782,13365,100
2787627084344070,562314,81,2782,13365,100
2787627089460772,562314,81,2782,13365,100
2787627094577466,562314,81,2782,13365,100
2787627099696134,562314,81,2782,13365,100
2787627104813124,562314,81,2782,13365,100
2787627109929752,562314,81,2782,13365,100
2787627115046384,562314,81,2782,13365,100
2787627120163257,562314,81,2782,13365,100
2787627125279893,562314,81,2782,13365,100
2787627130397117,562314,81,2782,13365,100
2787627135513818,562314,81,2782,13365,100
2787627140630258,562314,81,2782,13365,100
2787627145747194,562314,81,2782,13365,100
2787627150865343,562314,81,2782,13365,100
2787627155991151,562314,81,2782,13365,100
2787627161131272,562314,81,2782,13365,100
2787627166248407,562314,81,2782,13365,100
2787627171365448,562314,81,2782,13365,100
2787627176482060,562314,81,2782,13365,100
2787627181598904,562314,81,2782,13365,100
2787627186715477,562314,81,2782,13365,100
2787627191832669,562314,81,2782,13365,100
2787627196949664,562314,81,2782,13365,100
2787627202068202,562314,81,2782,13365,100
2787627207184686,562314,81,2782,13365,100
2787627212301567,562314,81,2782,13365,100
2787627217418411,562314,81,2782,13365,100
2787627222534968,562314,81,2782,13365,100
2787627227651510,562314,81,2782,13365,100
2787627232768509,562314,81,2782,13365,100
2787627237885389,562314,81,2782,13365,100
2787627243023578,562314,81,2782,13365,100
2787627248140686,562314,81,2782,13365,100
2787627253261502,562314,81,2782,13365,100
2787627258378582,562314,81,2782,13365,100
2787627263495615,562314,81,2782,13365,100
2787627268612433,562314,81,2782,13365,100
2787627273729250,562314,81,2782,13365,100
2787627278846768,562314,81,2782,13365,100
2787627283963872,562314,81,2782,13365,100
2787627289080937,562314,81,2782,13365,100
2787627294209436,562314,81,2782,13365,100
2787627299326277,562314,81,2782,13365,100
2787627304444398,562314,81,2782,13365,100
2787627309561582,562314,81,2782,13365,100
2787627314678439,562314,81,2782,13365,100
2787627319794871,562314,81,2782,13365,100
2787627324911831,562314,81,2782,13365,100
2787627330028620,562314,81,2782,13365,100
2787627335149204,562314,81,2782,13365,100
2787627340265692,562314,81,2782,13365,100
2787627345382400,562314,81,2782,13365,100
2787627350499223,562314,81,2782,13365,100
2787627355617089,562314,81,2782,13365,100
2787627360733918,562314,81,2782,13365,100
2787627365850763,562314,81,2782,13365,100
2787627370967553,561996,81,2782,13365,100
2787627376084531,561996,81,2782,13365,100
2787627381201507,561996,81,2782,13365,100
2787627386318331,561996,81,2782,13365,100
2787627391435150,561996,81,2782,13365,100
2787627396551974,561996,81,2782,13365,100
2787627401668701,561996,81,2782,13365,100
2787627406787351,561996,81,2782,13365,100
2787627411904149,561996,81,2782,13365,100
2787627417021078,561996,81,2782,13365,100
2787627422137542,561996,81,2782,13365,100
2787627427253881,561996,81,2782,13365,100
2787627432371131,561996,81,2782,13365,100
2787627437487937,561996,81,2782,13365,100
2787627442605216,561996,81,2782,13365,100
2787627447722220,561996,81,2782,13365,100
2787627452839148,561996,81,2782,13365,100
2787627457957141,561996,81,2782,13365,100
2787627463074309,561996,81,2782,13365,100
2787627468191254,561996,81,2782,13365,100
2787627473307818,561996,81,2782,13365,100
2787627478424954,561996,81,2782,13365,100
2787627483541415,561996,81,2782,13365,100
2787627488658373,561996,81,2782,13365,100
2787627493775152,561996,81,2782,13365,100
2787627498892068,561996,81,2782,13365,100
2787627504029816,561996,81,2782,13365,100
2787627509148109,561996,81,2782,13365,100
2787627514264495,561996,81,2782,13365,100
2787627519381253,561996,81,2782,13365,100
2787627524497933,561996,81,2782,13365,100
2787627529614666,561996,81,2782,13365,100
2787627534731006,561996,81,2782,13365,100
2787627539865166,561996,81,2782,13365,100
2787627544981723,561996,81,2782,13365,100
2787627550117431,561996,81,2782,13365,100
2787627555234483,561996,81,2782,13365,100
2787627560352792,561996,81,2782,13365,100
2787627565469648,561996,81,2782,13365,100
2787627570586617,561996,81,2782,13365,100
2787627575703345,561996,81,2782,13365,100
2787627580820361,561996,81,2782,13365,100
2787627585937556,561996,81,2782,13365,100
2787627591054266,561996,81,2782,13365,100
2787627596170878,561996,81,2782,13365,100
2787627601287615,561996,81,2782,13365,100
2787627606404495,561996,81,2782,13365,100
2787627611523091,561996,81,2782,13365,100
2787627616639764,561996,81,2782,13365,100
2787627621756601,561996,81,2782,13365,100
2787627626874325,561996,81,2782,13365,100
2787627631991757,561996,81,2782,13365,100
2787627637132620,561996,81,2782,13365,100
2787627642249664,561996,81,2782,13365,100
2787627647366643,561996,81,2782,13365,100
2787627652483475,561996,81,2782,13365,100
2787627657600579,561996,81,2782,13365,100
2787627662718801,561996,81,2782,13365,100
2787627667836012,561996,81,2782,13365,100
2787627672952984,561996,81,2782,13365,100
2787627678070009,561996,81,2782,13365,100
2787627683186732,561996,81,2782,13365,100
2787627688304763,561996,81,2782,13365,100
2787627693423093,561996,81,2782,13365,100
2787627698540786,561996,81,2782,13365,100
2787627703658295,561996,81,2782,13365,100
2787627708774870,561996,81,2782,13365,100
2787627713893571,561996,81,2782,13365,100
2787627719030149,561996,81,2782,13365,100
2787627724148043,561996,81,2782,13365,100
2787627729265546,561996,81,2782,13365,100
2787627734382524,561996,81,2782,13365,100
2787627739524445,561996,81,2782,13365,100
2787627744641221,561996,81,2782,13365,100
2787627749758161,561996,81,2782,13365,100
2787627754875506,561996,81,2782,13365,100
2787627759992218,561996,81,2782,13365,100
2787627765129730,561996,81,2782,13365,100
2787627770253527,561996,81,2782,13365,100
2787627775370343,561996,81,2782,13365,100
2787627780493655,561996,81,2782,13365,100
2787627785610708,561996,81,2782,13365,100
2787627790727125,561996,81,2782,13365,100
2787627795844402,561996,81,2782,13365,100
2787627800960901,561996,81,2782,13365,100
2787627806077377,561996,81,2782,13365,100
2787627811193837,561996,81,2782,13365,100
2787627816311974,561996,81,2782,13365,100
2787627821428595,561996,81,2782,13365,100
2787627826545661,561996,81,2782,13365,100
2787627831663231,561996,81,2782,13365,100
2787627836780311,561996,81,2782,13365,100
2787627841897474,561996,81,2782,13365,100
2787627847046380,561996,81,2782,13365,100
2787627852163457,561996,81,2782,13365,100
2787627857280356,561996,81,2782,13365,100
2787627862397145,561996,81,2782,13365,100
2787627867515450,561996,81,2782,13365,100
2787627872631880,562044,81,2782,13365,100
2787627877748712,562044,81,2782,13365,100
2787627882866076,562044,81,2782,13365,100
2787627887982207,562044,81,2782,13365,100
2787627893118107,562044,81,2782,13365,100
2787627898234804,562044,81,2782,13365,100
2787627903351766,562044,81,2782,13365,100
2787627908468852,562044,81,2782,13365,100
2787627913585569,562044,81,2782,13365,100
2787627918704319,562044,81,2782,13365,100
2787627923821113,562044,81,2782,13365,100
2787627928937622,562044,81,2782,13365,100
2787627934054002,562044,81,2782,13365,100
2787627939170866,562044,81,2782,13365,100
2787627944287575,562044,81,2782,13365,100
2787627949404120,562044,81,2782,13365,100
2787627954521119,562044,81,2782,13365,100
2787627959638004,562044,81,2782,13365,100
2787627964754679,562044,81,2782,13365,100
2787627969873196,562044,81,2782,13365,100
2787627974989889,562044,81,2782,13365,100
2787627980130154,562044,81,2782,13365,100
2787627985246978,562044,81,2782,13365,100
2787627990364022,562044,81,2782,13365,100
2787627995480567,562044,81,2782,13365,100
2787628000597417,562044,81,2782,13365,100
2787628005714139,562044,81,2782,13365,100
2787628010830978,562044,81,2782,13365,100
2787628015947672,562044,81,2782,13365,100
2787628021066067,562044,81,2782,13365,100
2787628026182813,562044,81,2782,13365,100
2787628031310337,562044,81,2782,13365,100
2787628036427033,562044,81,2782,13365,100
2787628041544214,562044,81,2782,13365,100
2787628046661103,562044,81,2782,13365,100
2787628051777962,562044,81,2782,13365,100
2787628056894817,562044,81,2782,13365,100
2787628062034035,562044,81,2782,13365,100
2787628067151351,562044,81,2782,13365,100
2787628072269812,562044,81,2782,13365,100
2787628077386744,562044,81,2782,13365,100
2787628082503138,562044,81,2782,13365,100
2787628087620309,562044,81,2782,13365,100
2787628092736797,562044,81,2782,13365,100
2787628097853258,562044,81,2782,13365,100
2787628102969626,562044,81,2782,13365,100
2787628108086181,562044,81,2782,13365,100
2787628113202851,562044,81,2782,13365,100
2787628118319477,562044,81,2782,13365,100
2787628123439563,562044,81,2782,13365,100
2787628128557353,562044,81,2782,13365,100
2787628133673854,562044,81,2782,13365,100
2787628138789967,562044,81,2782,13365,100
2787628143904711,562044,81,2782,13365,100
2787628149021350,562044,81,2782,13365,100
2787628154137482,562044,81,2782,13365,100
2787628159253545,562044,81,2782,13365,100
2787628164368778,562044,81,2782,13365,100
2787628169484133,562044,81,2782,13365,100
2787628174601352,562044,81,2782,13365,100
2787628179716816,562044,81,2782,13365,100
2787628184832846,562044,81,2782,13365,100
2787628189949393,562044,81,2782,13365,100
2787628195088717,562044,81,2782,13365,100
2787628200205773,562044,81,2782,13365,100
2787628205323030,562044,81,2782,13365,100
2787628210440838,562044,81,2782,13365,100
2787628215557862,562044,81,2782,13365,100
2787628220675106,562044,81,2782,13365,100
2787628225793547,562044,81,2782,13365,100
2787628230910733,562044,81,2782,13365,100
2787628236027640,562044,81,2782,13365,100
2787628241144228,562044,81,2782,13365,100
2787628246260681,562044,81,2782,13365,100
2787628251377689,562044,81,2782,13365,100
2787628256494308,562044,81,2782,13365,100
2787628261611705,562044,81,2782,13365,100
2787628266728616,562044,81,2782,13365,100
2787628271845728,562044,81,2782,13365,100
2787628276964698,562044,81,2782,13365,100
2787628282081459,562044,81,2782,13365,100
2787628287198296,562044,81,2782,13365,100
2787628292315296,562044,81,2782,13365,100
2787628297432576,562044,81,2782,13365,100
2787628302549485,562044,81,2782,13365,100
2787628307666919,562044,81,2782,13365,100
2787628312783718,562044,81,2782,13365,100
2787628317901180,562044,81,2782,13365,100
2787628323038958,562044,81,2782,13365,100
2787628328157509,562044,81,2782,13365,100
2787628333274591,562044,81,2782,13365,100
2787628338391647,562044,81,2782,13365,100
2787628343509011,562044,81,2782,13365,100
2787628348626012,562044,81,2782,13365,100
2787628353742825,562044,81,2782,13365,100
2787628358859989,562044,81,2782,13365,100
2787628363976754,562044,81,2782,13365,100
2787628369093291,562044,81,2782,13365,100
2787628374209982,562463,81,2782,13365,100
2787628379328202,562463,81,2782,13365,100
2787628384444663,562463,81,2782,13365,100
2787628389561991,562463,81,2782,13365,100
2787628394697160,562463,81,2782,13365,100
2787628399813717,562463,81,2782,13365,100
2787628404930208,562463,81,2782,13365,100
2787628410047088,562463,81,2782,13365,100
2787628415164009,562463,81,2782,13365,100
2787628420280897,562463,81,2782,13365,100
2787628425405346,562463,81,2782,13365,100
2787628430523614,562463,81,2782,13365,100
2787628435640422,562463,81,2782,13365,100
2787628440756854,562463,81,2782,13365,100
2787628445873887,562463,81,2782,13365,100
2787628450991054,562463,81,2782,13365,100
2787628456130327,562463,81,2782,13365,100
2787628461247904,562463,81,2782,13365,100
2787628466365512,562463,81,2782,13365,100
2787628471482829,562463,81,2782,13365,100
2787628476600129,562463,81,2782,13365,100
2787628481718289,562463,81,2782,13365,100
2787628486834990,562463,81,2782,13365,100
2787628491963890,562463,81,2782,13365,100
2787628497079742,562463,81,2782,13365,100
2787628502195475,562463,81,2782,13365,100
2787628507311871,562463,81,2782,13365,100
2787628512428719,562463,81,2782,13365,100
2787628517545792,562463,81,2782,13365,100
2787628522662595,562463,81,2782,13365,100
2787628527779227,562463,81,2782,13365,100
2787628532897401,562463,81,2782,13365,100
2787628538035457,562463,81,2782,13365,100
2787628543152946,562463,81,2782,13365,100
2787628548269494,562463,81,2782,13365,100
2787628553386306,562463,81,2782,13365,100
2787628558502759,562463,81,2782,13365,100
2787628563619428,562463,81,2782,13365,100
2787628568736501,562463,81,2782,13365,100
2787628573854044,562463,81,2782,13365,100
2787628578971168,562463,81,2782,13365,100
2787628584089585,562463,81,2782,13365,100
2787628589206245,562463,81,2782,13365,100
2787628594322745,562463,81,2782,13365,100
2787628599452453,562463,81,2782,13365,100
2787628604570062,562463,81,2782,13365,100
2787628609686782,562463,81,2782,13365,100
2787628614803451,562463,81,2782,13365,100
2787628619920147,562463,81,2782,13365,100
2787628625037242,562463,81,2782,13365,100
2787628630154246,562463,81,2782,13365,100
2787628635273091,562463,81,2782,13365,100
2787628640390344,562463,81,2782,13365,100
2787628645506957,562463,81,2782,13365,100
2787628650623717,562463,81,2782,13365,100
2787628655740618,562463,81,2782,13365,100
2787628660857146,562463,81,2782,13365,100
2787628665974295,562463,81,2782,13365,100
2787628671091607,562463,81,2782,13365,100
2787628676208906,562463,81,2782,13365,100
2787628681325732,562463,81,2782,13365,100
2787628686444084,562463,81,2782,13365,100
2787628691560973,562463,81,2782,13365,100
2787628696677737,562463,81,2782,13365,100
2787628701794749,562463,81,2782,13365,100
2787628706931310,562463,81,2782,13365,100
2787628712047926,562463,81,2782,13365,100
2787628717164279,562463,81,2782,13365,100
2787628722281263,562463,81,2782,13365,100
2787628727398064,562463,81,2782,13365,100
2787628732515587,562463,81,2782,13365,100
2787628737634871,562463,81,2782,13365,100
2787628742751648,562463,81,2782,13365,100
2787628747868476,562463,81,2782,13365,100
2787628752985309,562463,81,2782,13365,100
2787628758123997,562463,81,2782,13365,100
2787628763240894,562463,81,2782,13365,100
2787628768357684,562463,81,2782,13365,100
2787628773474467,562463,81,2782,13365,100
2787628778590938,562463,81,2782,13365,100
2787628783707739,562463,81,2782,13365,100
2787628788826391,562463,81,2782,13365,100
2787628793943184,562463,81,2782,13365,100
2787628799060056,562463,81,2782,13365,100
2787628804189429,562463,81,2782,13365,100
2787628809306747,562463,81,2782,13365,100
2787628814423529,562463,81,2782,13365,100
2787628819540606,562463,81,2782,13365,100
2787628824669362,562463,81,2782,13365,100
2787628829786130,562463,81,2782,13365,100
2787628834902954,562463,81,2782,13365,100
2787628840024303,562463,81,2782,13365,100
2787628845141215,562463,81,2782,13365,100
2787628850257854,562463,81,2782,13365,100
2787628855375468,562463,81,2782,13365,100
2787628860492368,562463,81,2782,13365,100
2787628865609540,562463,81,2782,13365,100
2787628870726326,562873,81,2782,13365,100
2787628875843329,562873,81,2782,13365,100
2787628880960313,562873,81,2782,13365,100
2787628886077074,562873,81,2782,13365,100
2787628891195267,562873,81,2782,13365,100
2787628896312163,562873,81,2782,13365,100
2787628901428827,562873,81,2782,13365,100
2787628906545422,562873,81,2782,13365,100
2787628911662161,562873,81,2782,13365,100
2787628916779224,562873,81,2782,13365,100
2787628921907669,562873,81,2782,13365,100
2787628927024933,562873,81,2782,13365,100
2787628932141684,562873,81,2782,13365,100
2787628937258543,562873,81,2782,13365,100
2787628942376966,562873,81,2782,13365,100
2787628947493631,562873,81,2782,13365,100
2787628952610371,562873,81,2782,13365,100
2787628957727175,562873,81,2782,13365,100
2787628962844556,562873,81,2782,13365,100
2787628967961354,562873,81,2782,13365,100
2787628973077813,562873,81,2782,13365,100
2787628978194597,562873,81,2782,13365,100
2787628983311428,562873,81,2782,13365,100
2787628988428241,562873,81,2782,13365,100
2787628993546658,562873,81,2782,13365,100
2787628998663050,562873,81,2782,13365,100
2787629003779683,562873,81,2782,13365,100
2787629008896827,562873,81,2782,13365,100
2787629014036803,562873,81,2782,13365,100
2787629019156244,562873,81,2782,13365,100
2787629024276064,562873,81,2782,13365,100
2787629029393016,562873,81,2782,13365,100
2787629034509813,562873,81,2782,13365,100
2787629039626716,562873,81,2782,13365,100
2787629044744820,562873,81,2782,13365,100
2787629049880622,562873,81,2782,13365,100
2787629054997458,562873,81,2782,13365,100
2787629060132347,562873,81,2782,13365,100
2787629065249075,562873,81,2782,13365,100
2787629070366031,562873,81,2782,13365,100
2787629075482555,562873,81,2782,13365,100
2787629080599245,562873,81,2782,13365,100
2787629085716200,562873,81,2782,13365,100
2787629090833105,562873,81,2782,13365,100
2787629095951493,562873,81,2782,13365,100
2787629101068408,562873,81,2782,13365,100
2787629106185225,562873,81,2782,13365,100
2787629111302302,562873,81,2782,13365,100
2787629116419210,562873,81,2782,13365,100
2787629121536005,562873,81,2782,13365,100
2787629126652710,562873,81,2782,13365,100
2787629131769204,562873,81,2782,13365,100
2787629136886052,562873,81,2782,13365,100
2787629142024308,562873,81,2782,13365,100
2787629147142841,562873,81,2782,13365,100
2787629152259781,562873,81,2782,13365,100
2787629157376721,562873,81,2782,13365,100
2787629162493418,562873,81,2782,13365,100
2787629167610078,562873,81,2782,13365,100
2787629172726743,562873,81,2782,13365,100
2787629177843955,562873,81,2782,13365,100
2787629182961407,562873,81,2782,13365,100
2787629188077872,562873,81,2782,13365,100
2787629193194568,562873,81,2782,13365,100
2787629198312900,562873,81,2782,13365,100
2787629203429255,562873,81,2782,13365,100
2787629208545647,562873,81,2782,13365,100
2787629213662291,562873,81,2782,13365,100
2787629218778882,562873,81,2782,13365,100
2787629223895147,562873,81,2782,13365,100
2787629229032766,562873,81,2782,13365,100
2787629234149995,562873,81,2782,13365,100
2787629239267435,562873,81,2782,13365,100
2787629244384118,562873,81,2782,13365,100
2787629249502282,562873,81,2782,13365,100
2787629254619013,562873,81,2782,13365,100
2787629259735665,562873,81,2782,13365,100
2787629264853488,562873,81,2782,13365,100
2787629269970205,562873,81,2782,13365,100
2787629275086918,562873,81,2782,13365,100
2787629280203562,562873,81,2782,13365,100
2787629285320285,562873,81,2782,13365,100
2787629290436887,562873,81,2782,13365,100
2787629295553525,562873,81,2782,13365,100
2787629300671636,562873,81,2782,13365,100
2787629305788328,562873,81,2782,13365,100
2787629310905153,562873,81,2782,13365,100
2787629316021869,562873,81,2782,13365,100
2787629321138970,562873,81,2782,13365,100
2787629326255570,562873,81,2782,13365,100
2787629331372614,562873,81,2782,13365,100
2787629336489231,562873,81,2782,13365,100
2787629341606211,562873,81,2782,13365,100
2787629346722765,562873,81,2782,13365,100
2787629351841235,562873,81,2782,13365,100
2787629356958136,562873,81,2782,13365,100
2787629362075040,562873,81,2782,13365,100
2787629367192433,562873,81,2782,13365,100
2787629372308747,563231,81,2782,13365,100
2787629377425557,563231,81,2782,13365,100
2787629382542042,563231,81,2782,13365,100
2787629387658774,563231,81,2782,13365,100
2787629392775483,563231,81,2782,13365,100
2787629397892223,563231,81,2782,13365,100
2787629403032955,563231,81,2782,13365,100
2787629408150079,563231,81,2782,13365,100
2787629413267096,563231,81,2782,13365,100
2787629418384004,563231,81,2782,13365,100
2787629423500665,563231,81,2782,13365,100
2787629428617273,563231,81,2782,13365,100
2787629433734519,563231,81,2782,13365,100
2787629438851669,563231,81,2782,13365,100
2787629443968621,563231,81,2782,13365,100
2787629449100305,563231,81,2782,13365,100
2787629454218479,563231,81,2782,13365,100
2787629459335163,563231,81,2782,13365,100
2787629464452044,563231,81,2782,13365,100
2787629469569150,563231,81,2782,13365,100
2787629474686087,563231,81,2782,13365,100
2787629479802621,563231,81,2782,13365,100
2787629484919230,563231,81,2782,13365,100
2787629490035860,563231,81,2782,13365,100
2787629495152442,563231,81,2782,13365,100
2787629500269529,563231,81,2782,13365,100
2787629505387982,563231,81,2782,13365,100
2787629510505052,563231,81,2782,13365,100
2787629515621791,563231,81,2782,13365,100
2787629520738656,563231,81,2782,13365,100
2787629525856016,563231,81,2782,13365,100
2787629530973317,563231,81,2782,13365,100
2787629536090897,563231,81,2782,13365,100
2787629541207291,563231,81,2782,13365,100
2787629546323548,563231,81,2782,13365,100
2787629551439532,563231,81,2782,13365,100
2787629556556611,563231,81,2782,13365,100
2787629561671867,563231,81,2782,13365,100
2787629566788500,563231,81,2782,13365,100
2787629571903930,563231,81,2782,13365,100
2787629577034322,563231,81,2782,13365,100
2787629582148864,563231,81,2782,13365,100
2787629587262849,563231,81,2782,13365,100
2787629592376455,563231,81,2782,13365,100
2787629597489910,563231,81,2782,13365,100
2787629602604354,563231,81,2782,13365,100
2787629607719915,563231,81,2782,13365,100
2787629612832774,563231,81,2782,13365,100
2787629617945504,563231,81,2782,13365,100
2787629623063863,563231,81,2782,13365,100
2787629628177028,563231,81,2782,13365,100
2787629633289697,563231,81,2782,13365,100
2787629638403956,563231,81,2782,13365,100
2787629643518045,563231,81,2782,13365,100
2787629648631898,563231,81,2782,13365,100
2787629653746313,563231,81,2782,13365,100
2787629658861959,563231,81,2782,13365,100
2787629663976858,563231,81,2782,13365,100
2787629669092393,563231,81,2782,13365,100
2787629674207563,563231,81,2782,13365,100
2787629679322696,563231,81,2782,13365,100
2787629684437860,563231,81,2782,13365,100
2787629689553100,563231,81,2782,13365,100
2787629694668057,563231,81,2782,13365,100
2787629699784321,563231,81,2782,13365,100
2787629704919142,563231,81,2782,13365,100
2787629710036556,563231,81,2782,13365,100
2787629715152574,563231,81,2782,13365,100
2787629720268626,563231,81,2782,13365,100
2787629725384515,563231,81,2782,13365,100
2787629730502133,563231,81,2782,13365,100
2787629735618496,563231,81,2782,13365,100
2787629740734324,563231,81,2782,13365,100
2787629745850268,563231,81,2782,13365,100
2787629750966603,563231,81,2782,13365,100
2787629756083402,563231,81,2782,13365,100
2787629761201512,563231,81,2782,13365,100
2787629766319346,563231,81,2782,13365,100
2787629771436088,563231,81,2782,13365,100
2787629776552679,563231,81,2782,13365,100
2787629781669390,563231,81,2782,13365,100
2787629786786147,563231,81,2782,13365,100
2787629791902728,563231,81,2782,13365,100
2787629797020504,563231,81,2782,13365,100
2787629802137409,563231,81,2782,13365,100
2787629807254309,563231,81,2782,13365,100
2787629812372225,563231,81,2782,13365,100
2787629817502100,563231,81,2782,13365,100
2787629822619130,563231,81,2782,13365,100
2787629827735929,563231,81,2782,13365,100
2787629832853227,563231,81,2782,13365,100
2787629837970972,563231,81,2782,13365,100
2787629843087764,563231,81,2782,13365,100
2787629848204640,563231,81,2782,13365,100
2787629853322032,563231,81,2782,13365,100
2787629858439261,563231,81,2782,13365,100
2787629863558237,563231,81,2782,13365,100
2787629868675033,563231,81,2782,13365,100
2787629873791941,563703,81,2782,13365,100
2787629878909100,563703,81,2782,13365,100
2787629884026243,563703,81,2782,13365,100
2787629889142795,563703,81,2782,13365,100
2787629894260395,563703,81,2782,13365,100
2787629899377212,563703,81,2782,13365,100
2787629904494144,563703,81,2782,13365,100
2787629909610841,563703,81,2782,13365,100
2787629914728913,563703,81,2782,13365,100
2787629919845648,563703,81,2782,13365,100
2787629924962458,563703,81,2782,13365,100
2787629930079966,563703,81,2782,13365,100
2787629935197339,563703,81,2782,13365,100
2787629940314084,563703,81,2782,13365,100
2787629945430899,563703,81,2782,13365,100
2787629950547872,563703,81,2782,13365,100
2787629955664464,563703,81,2782,13365,100
2787629960781076,563703,81,2782,13365,100
2787629965898993,563703,81,2782,13365,100
2787629971036264,563703,81,2782,13365,100
2787629976169970,563703,81,2782,13365,100
2787629981286662,563703,81,2782,13365,100
2787629986403678,563703,81,2782,13365,100
2787629991520528,563703,81,2782,13365,100
2787629996637299,563703,81,2782,13365,100
2787630001754165,563703,81,2782,13365,100
2787630006870967,563703,81,2782,13365,100
2787630011988019,563703,81,2782,13365,100
2787630017123576,563703,81,2782,13365,100
2787630022240097,563703,81,2782,13365,100
2787630027369288,563703,81,2782,13365,100
2787630032485765,563703,81,2782,13365,100
2787630037602661,563703,81,2782,13365,100
2787630042719294,563703,81,2782,13365,100
2787630047836091,563703,81,2782,13365,100
2787630052952707,563703,81,2782,13365,100
2787630058069693,563703,81,2782,13365,100
2787630063186304,563703,81,2782,13365,100
2787630068304574,563703,81,2782,13365,100
2787630073421436,563703,81,2782,13365,100
2787630078537803,563703,81,2782,13365,100
2787630083654897,563703,81,2782,13365,100
2787630088771519,563703,81,2782,13365,100
2787630093887954,563703,81,2782,13365,100
2787630099027962,563703,81,2782,13365,100
2787630104144882,563703,81,2782,13365,100
2787630109261883,563703,81,2782,13365,100
2787630114378559,563703,81,2782,13365,100
2787630119496745,563703,81,2782,13365,100
2787630124617971,563703,81,2782,13365,100
2787630129734804,563703,81,2782,13365,100
2787630134852005,563703,81,2782,13365,100
2787630139968973,563703,81,2782,13365,100
2787630145086061,563703,81,2782,13365,100
2787630150203149,563703,81,2782,13365,100
2787630155319628,563703,81,2782,13365,100
2787630160437820,563703,81,2782,13365,100
2787630165554437,563703,81,2782,13365,100
2787630170673195,563703,81,2782,13365,100
2787630175789859,563703,81,2782,13365,100
2787630180907730,563703,81,2782,13365,100
2787630186026224,563703,81,2782,13365,100
2787630191144592,563703,81,2782,13365,100
2787630196263205,563703,81,2782,13365,100
2787630201380465,563703,81,2782,13365,100
2787630206497671,563703,81,2782,13365,100
2787630211617394,563703,81,2782,13365,100
2787630216733422,563703,81,2782,13365,100
2787630221850551,563703,81,2782,13365,100
2787630226966899,563703,81,2782,13365,100
2787630232082759,563703,81,2782,13365,100
2787630237199486,563703,81,2782,13365,100
2787630242316756,563703,81,2782,13365,100
2787630247434761,563703,81,2782,13365,100
2787630252551961,563703,81,2782,13365,100
2787630257668977,563703,81,2782,13365,100
2787630262785754,563703,81,2782,13365,100
2787630267902370,563703,81,2782,13365,100
2787630273021791,563703,81,2782,13365,100
2787630278138319,563703,81,2782,13365,100
2787630283255176,563703,81,2782,13365,100
2787630288371995,563703,81,2782,13365,100
2787630293488828,563703,81,2782,13365,100
2787630298605760,563703,81,2782,13365,100
2787630303721861,563703,81,2782,13365,100
2787630308838409,563703,81,2782,13365,100
2787630313955164,563703,81,2782,13365,100
2787630319072106,563703,81,2782,13365,100
2787630324190407,563703,81,2782,13365,100
2787630329307490,563703,81,2782,13365,100
2787630334424289,563703,81,2782,13365,100
2787630339541900,563703,81,2782,13365,100
2787630344658899,563703,81,2782,13365,100
2787630349775704,563703,81,2782,13365,100
2787630354892986,563703,81,2782,13365,100
2787630360029471,563703,81,2782,13365,100
2787630365146133,563703,81,2782,13365,100
2787630370263786,563696,81,2782,13365,100
2787630375382281,563696,81,2782,13365,100
2787630380498875,563696,81,2782,13365,100
2787630385616758,563696,81,2782,13365,100
2787630390733599,563696,81,2782,13365,100
2787630395851113,563696,81,2782,13365,100
2787630400968047,563696,81,2782,13365,100
2787630406085480,563696,81,2782,13365,100
2787630411202652,563696,81,2782,13365,100
2787630416319397,563696,81,2782,13365,100
2787630421436257,563696,81,2782,13365,100
2787630426554442,563696,81,2782,13365,100
2787630431671478,563696,81,2782,13365,100
2787630436788969,563696,81,2782,13365,100
2787630441906542,563696,81,2782,13365,100
2787630447023467,563696,81,2782,13365,100
2787630452140567,563696,81,2782,13365,100
2787630457258136,563696,81,2782,13365,100
2787630462375060,563696,81,2782,13365,100
2787630467491477,563696,81,2782,13365,100
2787630472608541,563696,81,2782,13365,100
2787630477726897,563696,81,2782,13365,100
2787630482843854,563696,81,2782,13365,100
2787630487960686,563696,81,2782,13365,100
2787630493077446,563696,81,2782,13365,100
2787630498194491,563696,81,2782,13365,100
2787630503312080,563696,81,2782,13365,100
2787630508428899,563696,81,2782,13365,100
2787630513545652,563696,81,2782,13365,100
2787630518662966,563696,81,2782,13365,100
2787630523780032,563696,81,2782,13365,100
2787630528898482,563696,81,2782,13365,100
2787630534034481,563696,81,2782,13365,100
2787630539151145,563696,81,2782,13365,100
2787630544268135,563696,81,2782,13365,100
2787630549384910,563696,81,2782,13365,100
2787630554501749,563696,81,2782,13365,100
2787630559618808,563696,81,2782,13365,100
2787630564735416,563696,81,2782,13365,100
2787630569852582,563696,81,2782,13365,100
2787630574969614,563696,81,2782,13365,100
2787630580087880,563696,81,2782,13365,100
2787630585204853,563696,81,2782,13365,100
2787630590321293,563696,81,2782,13365,100
2787630595438042,563696,81,2782,13365,100
2787630600555142,563696,81,2782,13365,100
2787630605671662,563696,81,2782,13365,100
2787630610788287,563696,81,2782,13365,100
2787630615905047,563696,81,2782,13365,100
2787630621022655,563696,81,2782,13365,100
2787630626139512,563696,81,2782,13365,100
2787630631258220,563696,81,2782,13365,100
2787630636375347,563696,81,2782,13365,100
2787630641492791,563696,81,2782,13365,100
2787630646610810,563696,81,2782,13365,100
2787630651728230,563696,81,2782,13365,100
2787630656845635,563696,81,2782,13365,100
2787630661962963,563696,81,2782,13365,100
2787630667081535,563696,81,2782,13365,100
2787630672198839,563696,81,2782,13365,100
2787630677315268,563696,81,2782,13365,100
2787630682433580,563696,81,2782,13365,100
2787630687550265,563696,81,2782,13365,100
2787630692666780,563696,81,2782,13365,100
2787630697784041,563696,81,2782,13365,100
2787630702900854,563696,81,2782,13365,100
2787630708037922,563696,81,2782,13365,100
2787630713154906,563696,81,2782,13365,100
2787630718271542,563696,81,2782,13365,100
2787630723388247,563696,81,2782,13365,100
2787630728504985,563696,81,2782,13365,100
2787630733623516,563696,81,2782,13365,100
2787630738740380,563696,81,2782,13365,100
2787630743857760,563696,81,2782,13365,100
2787630748974105,563696,81,2782,13365,100
2787630754091054,563696,81,2782,13365,100
2787630759207984,563696,81,2782,13365,100
2787630764324670,563696,81,2782,13365,100
2787630769441562,563696,81,2782,13365,100
2787630774558923,563696,81,2782,13365,100
2787630779675476,563696,81,2782,13365,100
2787630784794204,563696,81,2782,13365,100
2787630789910820,563696,81,2782,13365,100
2787630795027736,563696,81,2782,13365,100
2787630800145028,563696,81,2782,13365,100
2787630805261301,563696,81,2782,13365,100
2787630810378277,563696,81,2782,13365,100
2787630815494882,563696,81,2782,13365,100
2787630820611766,563696,81,2782,13365,100
2787630825728134,563696,81,2782,13365,100
2787630830845175,563696,81,2782,13365,100
2787630835963684,563696,81,2782,13365,100
2787630841081307,563696,81,2782,13365,100
2787630846198444,563696,81,2782,13365,100
2787630851315316,563696,81,2782,13365,100
2787630856432037,563696,81,2782,13365,100
2787630861549252,563696,81,2782,13365,100
2787630866665809,563696,81,2782,13365,100
2787630871783330,563253,81,2782,13365,100
2787630876900050,563253,81,2782,13365,100
2787630882035749,563253,81,2782,13365,100
2787630887154803,563253,81,2782,13365,100
2787630892271732,563253,81,2782,13365,100
2787630897388502,563253,81,2782,13365,100
2787630902505501,563253,81,2782,13365,100
2787630907622631,563253,81,2782,13365,100
2787630912739797,563253,81,2782,13365,100
2787630917856659,563253,81,2782,13365,100
2787630922973613,563253,81,2782,13365,100
2787630928090438,563253,81,2782,13365,100
2787630933207142,563253,81,2782,13365,100
2787630938325395,563253,81,2782,13365,100
2787630943442569,563253,81,2782,13365,100
2787630948558319,563253,81,2782,13365,100
2787630953675070,563253,81,2782,13365,100
2787630958792342,563253,81,2782,13365,100
2787630963909464,563253,81,2782,13365,100
2787630969026769,563253,81,2782,13365,100
2787630974143722,563253,81,2782,13365,100
2787630979260532,563253,81,2782,13365,100
2787630984377456,563253,81,2782,13365,100
2787630989496041,563253,81,2782,13365,100
2787630994612823,563253,81,2782,13365,100
2787630999729604,563253,81,2782,13365,100
2787631004843132,563253,81,2782,13365,100
2787631009962184,563253,81,2782,13365,100
2787631015120877,563253,81,2782,13365,100
2787631020237554,563253,81,2782,13365,100
2787631025354353,563253,81,2782,13365,100
2787631030471073,563253,81,2782,13365,100
2787631035588180,563253,81,2782,13365,100
2787631040707266,563253,81,2782,13365,100
2787631045824022,563253,81,2782,13365,100
2787631050940962,563253,81,2782,13365,100
2787631056058119,563253,81,2782,13365,100
2787631061174829,563253,81,2782,13365,100
2787631066291815,563253,81,2782,13365,100
2787631071408740,563253,81,2782,13365,100
2787631076524853,563253,81,2782,13365,100
2787631081642153,563253,81,2782,13365,100
2787631086759365,563253,81,2782,13365,100
2787631091877530,563253,81,2782,13365,100
2787631096994398,563253,81,2782,13365,100
2787631102132744,563253,81,2782,13365,100
2787631107249655,563253,81,2782,13365,100
2787631112366785,563253,81,2782,13365,100
2787631117491724,563253,81,2782,13365,100
2787631122608103,563253,81,2782,13365,100
2787631127725236,563253,81,2782,13365,100
2787631132841816,563253,81,2782,13365,100
2787631137958689,563253,81,2782,13365,100
2787631143077038,563253,81,2782,13365,100
2787631148194096,563253,81,2782,13365,100
2787631153311126,563253,81,2782,13365,100
2787631158431398,563253,81,2782,13365,100
2787631163547347,563253,81,2782,13365,100
2787631168664103,563253,81,2782,13365,100
2787631173780512,563253,81,2782,13365,100
2787631178897050,563253,81,2782,13365,100
2787631184035476,563253,81,2782,13365,100
2787631189152389,563253,81,2782,13365,100
2787631194270697,563253,81,2782,13365,100
2787631199387425,563253,81,2782,13365,100
2787631204504031,563253,81,2782,13365,100
2787631209620778,563253,81,2782,13365,100
2787631214737693,563253,81,2782,13365,100
2787631219854577,563253,81,2782,13365,100
2787631224971971,563253,81,2782,13365,100
2787631230088660,563253,81,2782,13365,100
2787631235205676,563253,81,2782,13365,100
2787631240323156,563253,81,2782,13365,100
2787631245450492,563253,81,2782,13365,100
2787631250567356,563253,81,2782,13365,100
2787631255684397,563253,81,2782,13365,100
2787631260801292,563253,81,2782,13365,100
2787631265918491,563253,81,2782,13365,100
2787631271035619,563253,81,2782,13365,100
2787631276152299,563253,81,2782,13365,100
2787631281269779,563253,81,2782,13365,100
2787631286386616,563253,81,2782,13365,100
2787631291503324,563253,81,2782,13365,100
2787631296621892,563253,81,2782,13365,100
2787631301738581,563253,81,2782,13365,100
2787631306855457,563253,81,2782,13365,100
2787631311972950,563253,81,2782,13365,100
2787631317089620,563253,81,2782,13365,100
2787631322206594,563253,81,2782,13365,100
2787631327323414,563253,81,2782,13365,100
2787631332440343,563253,81,2782,13365,100
2787631337557456,563253,81,2782,13365,100
2787631342673931,563253,81,2782,13365,100
2787631347792536,563253,81,2782,13365,100
2787631352909752,563253,81,2782,13365,100
2787631358026585,563253,81,2782,13365,100
2787631363143481,563253,81,2782,13365,100
2787631368261042,563253,81,2782,13365,100
2787631373377762,563051,81,2782,13365,100
2787631378494626,563051,81,2782,13365,100
2787631383611466,563051,81,2782,13365,100
2787631388728235,563051,81,2782,13365,100
2787631393844999,563051,81,2782,13365,100
2787631398963404,563051,81,2782,13365,100
2787631404080064,563051,81,2782,13365,100
2787631409196892,563051,81,2782,13365,100
2787631414313637,563051,81,2782,13365,100
2787631419430609,563051,81,2782,13365,100
2787631424547419,563051,81,2782,13365,100
2787631429664242,563051,81,2782,13365,100
2787631434780743,563051,81,2782,13365,100
2787631439897635,563051,81,2782,13365,100
2787631445031447,563051,81,2782,13365,100
2787631450149863,563051,81,2782,13365,100
2787631455266929,563051,81,2782,13365,100
2787631460383508,563051,81,2782,13365,100
2787631465500236,563051,81,2782,13365,100
2787631470616761,563051,81,2782,13365,100
2787631475733910,563051,81,2782,13365,100
2787631480850526,563051,81,2782,13365,100
2787631485967802,563051,81,2782,13365,100
2787631491084638,563051,81,2782,13365,100
2787631496201891,563051,81,2782,13365,100
2787631501320291,563051,81,2782,13365,100
2787631506436747,563051,81,2782,13365,100
2787631511551996,563051,81,2782,13365,100
2787631516668504,563051,81,2782,13365,100
2787631521783821,563051,81,2782,13365,100
2787631526899057,563051,81,2782,13365,100
2787631532034793,563051,81,2782,13365,100
2787631537150417,563051,81,2782,13365,100
2787631542265374,563051,81,2782,13365,100
2787631547380519,563051,81,2782,13365,100
2787631552497041,563051,81,2782,13365,100
2787631557613131,563051,81,2782,13365,100
2787631562729196,563051,81,2782,13365,100
2787631567846204,563051,81,2782,13365,100
2787631572963097,563051,81,2782,13365,100
2787631578079932,563051,81,2782,13365,100
2787631583196533,563051,81,2782,13365,100
2787631588313430,563051,81,2782,13365,100
2787631593430362,563051,81,2782,13365,100
2787631598546639,563051,81,2782,13365,100
2787631603664907,563051,81,2782,13365,100
2787631608781919,563051,81,2782,13365,100
2787631613899152,563051,81,2782,13365,100
2787631619034524,563051,81,2782,13365,100
2787631624152222,563051,81,2782,13365,100
2787631629269445,563051,81,2782,13365,100
2787631634385731,563051,81,2782,13365,100
2787631639501915,563051,81,2782,13365,100
2787631644618840,563051,81,2782,13365,100
2787631649735502,563051,81,2782,13365,100
2787631654854042,563051,81,2782,13365,100
2787631659970260,563051,81,2782,13365,100
2787631665084717,563051,81,2782,13365,100
2787631670217971,563051,81,2782,13365,100
2787631675342126,563051,81,2782,13365,100
2787631680456260,563051,81,2782,13365,100
2787631685571373,563051,81,2782,13365,100
2787631690686529,563051,81,2782,13365,100
2787631695801869,563051,81,2782,13365,100
2787631700917117,563051,81,2782,13365,100
2787631706034110,563051,81,2782,13365,100
2787631711149802,563051,81,2782,13365,100
2787631716265503,563051,81,2782,13365,100
2787631721381825,563051,81,2782,13365,100
2787631726497832,563051,81,2782,13365,100
2787631731614516,563051,81,2782,13365,100
2787631736731846,563051,81,2782,13365,100
2787631741848212,563051,81,2782,13365,100
2787631746965173,563051,81,2782,13365,100
2787631752082461,563051,81,2782,13365,100
2787631757200570,563051,81,2782,13365,100
2787631762317310,563051,81,2782,13365,100
2787631767434139,563051,81,2782,13365,100
2787631772551319,563051,81,2782,13365,100
2787631777668079,563051,81,2782,13365,100
2787631782785211,563051,81,2782,13365,100
2787631787916516,563051,81,2782,13365,100
2787631793073488,563051,81,2782,13365,100
2787631798190180,563051,81,2782,13365,100
2787631803306944,563051,81,2782,13365,100
2787631808425514,563051,81,2782,13365,100
2787631813542237,563051,81,2782,13365,100
2787631818659961,563051,81,2782,13365,100
2787631823776991,563051,81,2782,13365,100
2787631828893831,563051,81,2782,13365,100
2787631834033359,563051,81,2782,13365,100
2787631839150851,563051,81,2782,13365,100
2787631844267879,563051,81,2782,13365,100
2787631849385436,563051,81,2782,13365,100
2787631854502098,563051,81,2782,13365,100
2787631859620385,563051,81,2782,13365,100
2787631864737057,563051,81,2782,13365,100
2787631869871201,563051,81,2782,13365,100
2787631874987905,562948,81,2782,13365,100
2787631880123130,562948,81,2782,13365,100
2787631885240514,562948,81,2782,13365,100
2787631890358515,562948,81,2782,13365,100
2787631895476213,562948,81,2782,13365,100
2787631900592851,562948,81,2782,13365,100
2787631905709836,562948,81,2782,13365,100
2787631910827821,562948,81,2782,13365,100
2787631915944077,562948,81,2782,13365,100
2787631921059155,562948,81,2782,13365,100
2787631926174345,562948,81,2782,13365,100
2787631931289673,562948,81,2782,13365,100
2787631936404888,562948,81,2782,13365,100
2787631941520798,562948,81,2782,13365,100
2787631946636290,562948,81,2782,13365,100
2787631951753909,562948,81,2782,13365,100
2787631956870080,562948,81,2782,13365,100
2787631961988150,562948,81,2782,13365,100
2787631967124714,562948,81,2782,13365,100
2787631972241621,562948,81,2782,13365,100
2787631977358143,562948,81,2782,13365,100
2787631982474246,562948,81,2782,13365,100
2787631987590540,562948,81,2782,13365,100
2787631992707174,562948,81,2782,13365,100
2787631997824543,562948,81,2782,13365,100
2787632002941663,562948,81,2782,13365,100
2787632008058511,562948,81,2782,13365,100
2787632013176543,562948,81,2782,13365,100
2787632018293544,562948,81,2782,13365,100
2787632023410424,562948,81,2782,13365,100
2787632028527947,562948,81,2782,13365,100
2787632033645389,562948,81,2782,13365,100
2787632038762634,562948,81,2782,13365,100
2787632043888250,562948,81,2782,13365,100
2787632049028502,562948,81,2782,13365,100
2787632054146191,562948,81,2782,13365,100
2787632059263159,562948,81,2782,13365,100
2787632064381517,562948,81,2782,13365,100
2787632069498416,562948,81,2782,13365,100
2787632074615094,562948,81,2782,13365,100
2787632079732004,562948,81,2782,13365,100
2787632084849729,562948,81,2782,13365,100
2787632089966625,562948,81,2782,13365,100
2787632095083397,562948,81,2782,13365,100
2787632100200266,562948,81,2782,13365,100
2787632105317154,562948,81,2782,13365,100
2787632110433935,562948,81,2782,13365,100
2787632115551779,562948,81,2782,13365,100
2787632120669520,562948,81,2782,13365,100
2787632125786436,562948,81,2782,13365,100
2787632130903054,562948,81,2782,13365,100
2787632136020466,562948,81,2782,13365,100
2787632141137256,562948,81,2782,13365,100
2787632146254207,562948,81,2782,13365,100
2787632151371647,562948,81,2782,13365,100
2787632156488654,562948,81,2782,13365,100
2787632161605035,562948,81,2782,13365,100
2787632166723038,562948,81,2782,13365,100
2787632171839747,562948,81,2782,13365,100
2787632176956283,562948,81,2782,13365,100
2787632182073152,562948,81,2782,13365,100
2787632187190152,562948,81,2782,13365,100
2787632192307000,562948,81,2782,13365,100
2787632197423969,562948,81,2782,13365,100
2787632202540701,562948,81,2782,13365,100
2787632207657326,562948,81,2782,13365,100
2787632212774144,562948,81,2782,13365,100
2787632217893294,562948,81,2782,13365,100
2787632223029037,562948,81,2782,13365,100
2787632228146347,562948,81,2782,13365,100
2787632233263135,562948,81,2782,13365,100
2787632238380575,562948,81,2782,13365,100
2787632243497118,562948,81,2782,13365,100
2787632248614520,562948,81,2782,13365,100
2787632253731433,562948,81,2782,13365,100
2787632258849297,562948,81,2782,13365,100
2787632263966368,562948,81,2782,13365,100
2787632269084612,562948,81,2782,13365,100
2787632274201737,562948,81,2782,13365,100
2787632279318011,562948,81,2782,13365,100
2787632284435435,562948,81,2782,13365,100
2787632289552288,562948,81,2782,13365,100
2787632294669208,562948,81,2782,13365,100
2787632299786113,562948,81,2782,13365,100
2787632304902985,562948,81,2782,13365,100
2787632310020329,562948,81,2782,13365,100
2787632315137990,562948,81,2782,13365,100
2787632320256356,562948,81,2782,13365,100
2787632325392158,562948,81,2782,13365,100
2787632330509330,562948,81,2782,13365,100
2787632335626409,562948,81,2782,13365,100
2787632340743311,562948,81,2782,13365,100
2787632345860252,562948,81,2782,13365,100
2787632350977052,562948,81,2782,13365,100
2787632356093992,562948,81,2782,13365,100
2787632361210580,562948,81,2782,13365,100
2787632366327789,562948,81,2782,13365,100
2787632371445514,563094,81,2782,13365,100
2787632376563862,563094,81,2782,13365,100
2787632381681718,563094,81,2782,13365,100
2787632386799600,563094,81,2782,13365,100
2787632391916587,563094,81,2782,13365,100
2787632397032942,563094,81,2782,13365,100
2787632402192893,563094,81,2782,13365,100
2787632407308210,563094,81,2782,13365,100
2787632412443500,563094,81,2782,13365,100
2787632417560168,563094,81,2782,13365,100
2787632422678243,563094,81,2782,13365,100
2787632427794777,563094,81,2782,13365,100
2787632432911741,563094,81,2782,13365,100
2787632438028596,563094,81,2782,13365,100
2787632443145562,563094,81,2782,13365,100
2787632448273394,563094,81,2782,13365,100
2787632453388129,563094,81,2782,13365,100
2787632458504232,563094,81,2782,13365,100
2787632463618804,563094,81,2782,13365,100
2787632468734644,563094,81,2782,13365,100
2787632473851907,563094,81,2782,13365,100
2787632478967989,563094,81,2782,13365,100
2787632484084775,563094,81,2782,13365,100
2787632489201774,563094,81,2782,13365,100
2787632494317119,563094,81,2782,13365,100
2787632499432803,563094,81,2782,13365,100
2787632504548339,563094,81,2782,13365,100
2787632509664979,563094,81,2782,13365,100
2787632514781504,563094,81,2782,13365,100
2787632519896919,563094,81,2782,13365,100
2787632525028580,563094,81,2782,13365,100
2787632530190934,563094,81,2782,13365,100
2787632535305739,563094,81,2782,13365,100
2787632540419765,563094,81,2782,13365,100
2787632545533157,563094,81,2782,13365,100
2787632550646914,563094,81,2782,13365,100
2787632555761836,563094,81,2782,13365,100
2787632560876446,563094,81,2782,13365,100
2787632565991447,563094,81,2782,13365,100
2787632571121730,563094,81,2782,13365,100
2787632576236694,563094,81,2782,13365,100
2787632581349880,563094,81,2782,13365,100
2787632586462696,563094,81,2782,13365,100
2787632591575525,563094,81,2782,13365,100
2787632596689690,563094,81,2782,13365,100
2787632601803598,563094,81,2782,13365,100
2787632606916974,563094,81,2782,13365,100
2787632612031027,563094,81,2782,13365,100
2787632617144735,563094,81,2782,13365,100
2787632622257479,563094,81,2782,13365,100
2787632627371760,563094,81,2782,13365,100
2787632632485260,563094,81,2782,13365,100
2787632637598845,563094,81,2782,13365,100
2787632642712984,563094,81,2782,13365,100
2787632647826555,563094,81,2782,13365,100
2787632652941249,563094,81,2782,13365,100
2787632658066682,563094,81,2782,13365,100
2787632663181278,563094,81,2782,13365,100
2787632668294347,563094,81,2782,13365,100
2787632673407872,563094,81,2782,13365,100
2787632678522556,563094,81,2782,13365,100
2787632683636319,563094,81,2782,13365,100
2787632688751178,563094,81,2782,13365,100
2787632693865624,563094,81,2782,13365,100
2787632698979017,563094,81,2782,13365,100
2787632704094657,563094,81,2782,13365,100
2787632709208810,563094,81,2782,13365,100
2787632714322054,563094,81,2782,13365,100
2787632719434623,563094,81,2782,13365,100
2787632724549289,563094,81,2782,13365,100
2787632729664471,563094,81,2782,13365,100
2787632734778910,563094,81,2782,13365,100
2787632739893068,563094,81,2782,13365,100
2787632745024499,563094,81,2782,13365,100
2787632750138691,563094,81,2782,13365,100
2787632755252082,563094,81,2782,13365,100
2787632760365425,563094,81,2782,13365,100
2787632765479316,563094,81,2782,13365,100
2787632770593055,563094,81,2782,13365,100
2787632775707319,563094,81,2782,13365,100
2787632780822128,563094,81,2782,13365,100
2787632785935680,563094,81,2782,13365,100
2787632791049732,563094,81,2782,13365,100
2787632796183528,563094,81,2782,13365,100
2787632801297737,563094,81,2782,13365,100
2787632806412309,563094,81,2782,13365,100
2787632811527441,563094,81,2782,13365,100
2787632816642250,563094,81,2782,13365,100
2787632821756863,563094,81,2782,13365,100
2787632826871758,563094,81,2782,13365,100
2787632831994543,563094,81,2782,13365,100
2787632837143163,563094,81,2782,13365,100
2787632842259004,563094,81,2782,13365,100
2787632847374800,563094,81,2782,13365,100
2787632852490036,563094,81,2782,13365,100
2787632857606261,563094,81,2782,13365,100
2787632862722167,563094,81,2782,13365,100
2787632867838837,563094,81,2782,13365,100
2787632872954708,563290,81,2782,13365,100
2787632878072122,563290,81,2782,13365,100
2787632883189657,563290,81,2782,13365,100
2787632888305801,563290,81,2782,13365,100
2787632893422247,563290,81,2782,13365,100
2787632898539972,563290,81,2782,13365,100
2787632903657016,563290,81,2782,13365,100
2787632908773977,563290,81,2782,13365,100
2787632913891053,563290,81,2782,13365,100
2787632919028653,563290,81,2782,13365,100
2787632924146205,563290,81,2782,13365,100
2787632929263130,563290,81,2782,13365,100
2787632934381526,563290,81,2782,13365,100
2787632939498334,563290,81,2782,13365,100
2787632944614939,563290,81,2782,13365,100
2787632949731572,563290,81,2782,13365,100
2787632954849258,563290,81,2782,13365,100
2787632959966177,563290,81,2782,13365,100
2787632965082941,563290,81,2782,13365,100
2787632970200085,563290,81,2782,13365,100
2787632975316957,563290,81,2782,13365,100
2787632980452394,563290,81,2782,13365,100
2787632985571570,563290,81,2782,13365,100
2787632990688698,563290,81,2782,13365,100
2787632995805702,563290,81,2782,13365,100
2787633000922463,563290,81,2782,13365,100
2787633006040596,563290,81,2782,13365,100
2787633011157346,563290,81,2782,13365,100
2787633016274440,563290,81,2782,13365,100
2787633021391653,563290,81,2782,13365,100
2787633026508587,563290,81,2782,13365,100
2787633031625617,563290,81,2782,13365,100
2787633036743846,563290,81,2782,13365,100
2787633041860650,563290,81,2782,13365,100
2787633046977631,563290,81,2782,13365,100
2787633052095067,563290,81,2782,13365,100
2787633057211599,563290,81,2782,13365,100
2787633062328543,563290,81,2782,13365,100
2787633067445127,563290,81,2782,13365,100
2787633072561779,563290,81,2782,13365,100
2787633077679023,563290,81,2782,13365,100
2787633082795737,563290,81,2782,13365,100
2787633087915194,563290,81,2782,13365,100
2787633093032150,563290,81,2782,13365,100
2787633098149000,563290,81,2782,13365,100
2787633103265903,563290,81,2782,13365,100
2787633108382642,563290,81,2782,13365,100
2787633113499567,563290,81,2782,13365,100
2787633118616944,563290,81,2782,13365,100
2787633123733652,563290,81,2782,13365,100
2787633128850587,563290,81,2782,13365,100
2787633133966984,563290,81,2782,13365,100
2787633139085200,563290,81,2782,13365,100
2787633144209345,563290,81,2782,13365,100
2787633149326518,563290,81,2782,13365,100
2787633154443662,563290,81,2782,13365,100
2787633159560473,563290,81,2782,13365,100
2787633164677179,563290,81,2782,13365,100
2787633169794076,563290,81,2782,13365,100
2787633174910588,563290,81,2782,13365,100
2787633180027510,563290,81,2782,13365,100
2787633185144244,563290,81,2782,13365,100
2787633190262792,563290,81,2782,13365,100
2787633195379561,563290,81,2782,13365,100
2787633200496197,563290,81,2782,13365,100
2787633205612832,563290,81,2782,13365,100
2787633210729518,563290,81,2782,13365,100
2787633215845370,563290,81,2782,13365,100
2787633220962103,563290,81,2782,13365,100
2787633226078955,563290,81,2782,13365,100
2787633231195614,563290,81,2782,13365,100
2787633236312157,563290,81,2782,13365,100
2787633241430983,563290,81,2782,13365,100
2787633246547557,563290,81,2782,13365,100
2787633251645452,563290,81,2782,13365,100
2787633256762206,563290,81,2782,13365,100
2787633261879010,563290,81,2782,13365,100
2787633266996094,563290,81,2782,13365,100
2787633272136383,563290,81,2782,13365,100
2787633277253207,563290,81,2782,13365,100
2787633282370171,563290,81,2782,13365,100
2787633287487752,563290,81,2782,13365,100
2787633292606587,563290,81,2782,13365,100
2787633297723309,563290,81,2782,13365,100
2787633302840645,563290,81,2782,13365,100
2787633307957894,563290,81,2782,13365,100
2787633313074483,563290,81,2782,13365,100
2787633318191442,563290,81,2782,13365,100
2787633323308287,563290,81,2782,13365,100
2787633328424957,563290,81,2782,13365,100
2787633333542056,563290,81,2782,13365,100
2787633338658955,563290,81,2782,13365,100
2787633343776916,563290,81,2782,13365,100
2787633348893653,563290,81,2782,13365,100
2787633354027353,563290,81,2782,13365,100
2787633359144037,563290,81,2782,13365,100
2787633364260688,563290,81,2782,13365,100
2787633369378326,563290,81,2782,13365,100
2787633374495282,563523,81,2782,13365,100
2787633379612070,563523,81,2782,13365,100
2787633384729285,563523,81,2782,13365,100
2787633389845988,563523,81,2782,13365,100
2787633394964031,563523,81,2782,13365,100
2787633400080824,563523,81,2782,13365,100
2787633405197441,563523,81,2782,13365,100
2787633410313789,563523,81,2782,13365,100
2787633415430437,563523,81,2782,13365,100
2787633420547185,563523,81,2782,13365,100
2787633425664090,563523,81,2782,13365,100
2787633430780692,563523,81,2782,13365,100
2787633435897359,563523,81,2782,13365,100
2787633441036935,563523,81,2782,13365,100
2787633446155676,563523,81,2782,13365,100
2787633451272744,563523,81,2782,13365,100
2787633456389281,563523,81,2782,13365,100
2787633461506831,563523,81,2782,13365,100
2787633466623469,563523,81,2782,13365,100
2787633471740045,563523,81,2782,13365,100
2787633476857257,563523,81,2782,13365,100
2787633481974002,563523,81,2782,13365,100
2787633487090398,563523,81,2782,13365,100
2787633492207222,563523,81,2782,13365,100
2787633497325651,563523,81,2782,13365,100
2787633502442459,563523,81,2782,13365,100
2787633507559360,563523,81,2782,13365,100
2787633512676273,563523,81,2782,13365,100
2787633517793197,563523,81,2782,13365,100
2787633522909823,563523,81,2782,13365,100
2787633528026861,563523,81,2782,13365,100
2787633533143886,563523,81,2782,13365,100
2787633538259678,563523,81,2782,13365,100
2787633543376634,563523,81,2782,13365,100
2787633548494671,563523,81,2782,13365,100
2787633553611211,563523,81,2782,13365,100
2787633558728288,563523,81,2782,13365,100
2787633563845816,563523,81,2782,13365,100
2787633568962812,563523,81,2782,13365,100
2787633574079525,563523,81,2782,13365,100
2787633579196259,563523,81,2782,13365,100
2787633584312938,563523,81,2782,13365,100
2787633589429653,563523,81,2782,13365,100
2787633594561459,563523,81,2782,13365,100
2787633599679254,563523,81,2782,13365,100
2787633604795895,563523,81,2782,13365,100
2787633609912698,563523,81,2782,13365,100
2787633615029651,563523,81,2782,13365,100
2787633620146226,563523,81,2782,13365,100
2787633625263138,563523,81,2782,13365,100
2787633630379477,563523,81,2782,13365,100
2787633635521387,563523,81,2782,13365,100
2787633640638989,563523,81,2782,13365,100
2787633645791737,563523,81,2782,13365,100
2787633650909774,563523,81,2782,13365,100
2787633656026735,563523,81,2782,13365,100
2787633661143894,563523,81,2782,13365,100
2787633666260740,563523,81,2782,13365,100
2787633671377870,563523,81,2782,13365,100
2787633676494887,563523,81,2782,13365,100
2787633681612276,563523,81,2782,13365,100
2787633686728845,563523,81,2782,13365,100
2787633691845665,563523,81,2782,13365,100
2787633696962401,563523,81,2782,13365,100
2787633702080538,563523,81,2782,13365,100
2787633707197178,563523,81,2782,13365,100
2787633712313810,563523,81,2782,13365,100
2787633717430382,563523,81,2782,13365,100
2787633722547051,563523,81,2782,13365,100
2787633727663905,563523,81,2782,13365,100
2787633732782196,563523,81,2782,13365,100
2787633737901261,563523,81,2782,13365,100
2787633743038353,563523,81,2782,13365,100
2787633748155655,563523,81,2782,13365,100
2787633753274007,563523,81,2782,13365,100
2787633758390782,563523,81,2782,13365,100
2787633763507570,563523,81,2782,13365,100
2787633768624347,563523,81,2782,13365,100
2787633773741224,563523,81,2782,13365,100
2787633778857989,563523,81,2782,13365,100
2787633783975595,563523,81,2782,13365,100
2787633789092304,563523,81,2782,13365,100
2787633794209032,563523,81,2782,13365,100
2787633799325673,563523,81,2782,13365,100
2787633804443693,563523,81,2782,13365,100
2787633809560368,563523,81,2782,13365,100
2787633814677139,563523,81,2782,13365,100
2787633819794194,563523,81,2782,13365,100
2787633824910626,563523,81,2782,13365,100
2787633830027158,563523,81,2782,13365,100
2787633835143951,563523,81,2782,13365,100
2787633840260767,563523,81,2782,13365,100
2787633845377696,563523,81,2782,13365,100
2787633850494476,563523,81,2782,13365,100
2787633855612373,563523,81,2782,13365,100
2787633860728926,563523,81,2782,13365,100
2787633865845570,563523,81,2782,13365,100
2787633870962246,563621,81,2782,13365,100
2787633876079483,563621,81,2782,13365,100
2787633881196738,563621,81,2782,13365,100
2787633886327995,563621,81,2782,13365,100
2787633891444736,563621,81,2782,13365,100
2787633896561560,563621,81,2782,13365,100
2787633901678166,563621,81,2782,13365,100
2787633906795960,563621,81,2782,13365,100
2787633911912715,563621,81,2782,13365,100
2787633917029149,563621,81,2782,13365,100
2787633922145906,563621,81,2782,13365,100
2787633927262601,563621,81,2782,13365,100
2787633932379222,563621,81,2782,13365,100
2787633937496043,563621,81,2782,13365,100
2787633942612889,563621,81,2782,13365,100
2787633947729531,563621,81,2782,13365,100
2787633952846010,563621,81,2782,13365,100
2787633957964324,563621,81,2782,13365,100
2787633963080868,563621,81,2782,13365,100
2787633968198097,563621,81,2782,13365,100
2787633973315213,563621,81,2782,13365,100
2787633978432078,563621,81,2782,13365,100
2787633983549206,563621,81,2782,13365,100
2787633988666421,563621,81,2782,13365,100
2787633993783238,563621,81,2782,13365,100
2787633998899759,563621,81,2782,13365,100
2787634004036421,563621,81,2782,13365,100
2787634009154578,563621,81,2782,13365,100
2787634014271182,563621,81,2782,13365,100
2787634019395361,563621,81,2782,13365,100
2787634024512061,563621,81,2782,13365,100
2787634029628643,563621,81,2782,13365,100
2787634034755158,563621,81,2782,13365,100
2787634039872502,563621,81,2782,13365,100
2787634044989430,563621,81,2782,13365,100
2787634050123355,563621,81,2782,13365,100
2787634055240215,563621,81,2782,13365,100
2787634060358235,563621,81,2782,13365,100
2787634065474826,563621,81,2782,13365,100
2787634070591740,563621,81,2782,13365,100
2787634075708497,563621,81,2782,13365,100
2787634080825441,563621,81,2782,13365,100
2787634085941918,563621,81,2782,13365,100
2787634091058442,563621,81,2782,13365,100
2787634096175730,563621,81,2782,13365,100
2787634101292226,563621,81,2782,13365,100
2787634106409241,563621,81,2782,13365,100
2787634111527419,563621,81,2782,13365,100
2787634116644299,563621,81,2782,13365,100
2787634121760874,563621,81,2782,13365,100
2787634126877366,563621,81,2782,13365,100
2787634131993649,563621,81,2782,13365,100
2787634137131853,563621,81,2782,13365,100
2787634142254089,563621,81,2782,13365,100
2787634147371098,563621,81,2782,13365,100
2787634152488253,563621,81,2782,13365,100
2787634157605224,563621,81,2782,13365,100
2787634162723227,563621,81,2782,13365,100
2787634167840233,563621,81,2782,13365,100
2787634172957247,563621,81,2782,13365,100
2787634178074024,563621,81,2782,13365,100
2787634183190846,563621,81,2782,13365,100
2787634188307944,563621,81,2782,13365,100
2787634193424728,563621,81,2782,13365,100
2787634198541515,563621,81,2782,13365,100
2787634203658453,563621,81,2782,13365,100
2787634208774838,563621,81,2782,13365,100
2787634213893202,563621,81,2782,13365,100
2787634219030946,563621,81,2782,13365,100
2787634224147855,563621,81,2782,13365,100
2787634229264546,563621,81,2782,13365,100
2787634234381079,563621,81,2782,13365,100
2787634239497644,563621,81,2782,13365,100
2787634244614199,563621,81,2782,13365,100
2787634249731045,563621,81,2782,13365,100
2787634254848453,563621,81,2782,13365,100
2787634259965350,563621,81,2782,13365,100
2787634265083491,563621,81,2782,13365,100
2787634270200361,563621,81,2782,13365,100
2787634275317119,563621,81,2782,13365,100
2787634280433943,563621,81,2782,13365,100
2787634285552576,563621,81,2782,13365,100
2787634290687831,563621,81,2782,13365,100
2787634295804702,563621,81,2782,13365,100
2787634300921625,563621,81,2782,13365,100
2787634306039017,563621,81,2782,13365,100
2787634311155923,563621,81,2782,13365,100
2787634316274054,563621,81,2782,13365,100
2787634321390814,563621,81,2782,13365,100
2787634326507862,563621,81,2782,13365,100
2787634331624781,563621,81,2782,13365,100
2787634336741607,563621,81,2782,13365,100
2787634341858196,563621,81,2782,13365,100
2787634346980819,563621,81,2782,13365,100
2787634352119610,563621,81,2782,13365,100
2787634357236880,563621,81,2782,13365,100
2787634362353573,563621,81,2782,13365,100
2787634367472611,563621,81,2782,13365,100
2787634372589781,563459,81,2782,13365,100
2787634377706980,563459,81,2782,13365,100
2787634382824575,563459,81,2782,13365,100
2787634387942467,563459,81,2782,13365,100
2787634393059631,563459,81,2782,13365,100
2787634398177319,563459,81,2782,13365,100
2787634403294240,563459,81,2782,13365,100
2787634408410918,563459,81,2782,13365,100
2787634413528543,563459,81,2782,13365,100
2787634418647317,563459,81,2782,13365,100
2787634423764505,563459,81,2782,13365,100
2787634428881436,563459,81,2782,13365,100
2787634433998300,563459,81,2782,13365,100
2787634439139984,563459,81,2782,13365,100
2787634444256758,563459,81,2782,13365,100
2787634449373583,563459,81,2782,13365,100
2787634454490416,563459,81,2782,13365,100
2787634459607191,563459,81,2782,13365,100
2787634464740014,563459,81,2782,13365,100
2787634469859924,563459,81,2782,13365,100
2787634474976361,563459,81,2782,13365,100
2787634480094217,563459,81,2782,13365,100
2787634485211006,563459,81,2782,13365,100
2787634490327808,563459,81,2782,13365,100
2787634495444427,563459,81,2782,13365,100
2787634500561299,563459,81,2782,13365,100
2787634505677781,563459,81,2782,13365,100
2787634510794839,563459,81,2782,13365,100
2787634515930310,563459,81,2782,13365,100
2787634521049112,563459,81,2782,13365,100
2787634526166512,563459,81,2782,13365,100
2787634531283529,563459,81,2782,13365,100
2787634536400195,563459,81,2782,13365,100
2787634541516932,563459,81,2782,13365,100
2787634546632454,563459,81,2782,13365,100
2787634551747846,563459,81,2782,13365,100
2787634556863012,563459,81,2782,13365,100
2787634561979015,563459,81,2782,13365,100
2787634567095159,563459,81,2782,13365,100
2787634572212664,563459,81,2782,13365,100
2787634577328442,563459,81,2782,13365,100
2787634582444309,563459,81,2782,13365,100
2787634587560664,563459,81,2782,13365,100
2787634592677397,563459,81,2782,13365,100
2787634597794854,563459,81,2782,13365,100
2787634602911662,563459,81,2782,13365,100
2787634608028569,563459,81,2782,13365,100
2787634613145971,563459,81,2782,13365,100
2787634618264291,563459,81,2782,13365,100
2787634623382460,563459,81,2782,13365,100
2787634628499290,563459,81,2782,13365,100
2787634633616240,563459,81,2782,13365,100
2787634638733693,563459,81,2782,13365,100
2787634643851047,563459,81,2782,13365,100
2787634648969051,563459,81,2782,13365,100
2787634654085862,563459,81,2782,13365,100
2787634659202867,563459,81,2782,13365,100
2787634664320131,563459,81,2782,13365,100
2787634669437394,563459,81,2782,13365,100
2787634674556135,563459,81,2782,13365,100
2787634679673876,563459,81,2782,13365,100
2787634684791154,563459,81,2782,13365,100
2787634689908218,563459,81,2782,13365,100
2787634695025049,563459,81,2782,13365,100
2787634700141849,563459,81,2782,13365,100
2787634705258626,563459,81,2782,13365,100
2787634710375030,563459,81,2782,13365,100
2787634715491774,563459,81,2782,13365,100
2787634720608525,563459,81,2782,13365,100
2787634725726791,563459,81,2782,13365,100
2787634730843512,563459,81,2782,13365,100
2787634735960996,563459,81,2782,13365,100
2787634741077957,563459,81,2782,13365,100
2787634746195552,563459,81,2782,13365,100
2787634751313265,563459,81,2782,13365,100
2787634756430185,563459,81,2782,13365,100
2787634761547146,563459,81,2782,13365,100
2787634766663904,563459,81,2782,13365,100
2787634771780658,563459,81,2782,13365,100
2787634776899779,563459,81,2782,13365,100
2787634782035205,563459,81,2782,13365,100
2787634787152044,563459,81,2782,13365,100
2787634792269268,563459,81,2782,13365,100
2787634797385825,563459,81,2782,13365,100
2787634802502837,563459,81,2782,13365,100
2787634807620989,563459,81,2782,13365,100
2787634812737773,563459,81,2782,13365,100
2787634817854962,563459,81,2782,13365,100
2787634822972082,563459,81,2782,13365,100
2787634828090646,563459,81,2782,13365,100
2787634833207621,563459,81,2782,13365,100
2787634838325047,563459,81,2782,13365,100
2787634843442019,563459,81,2782,13365,100
2787634848558408,563459,81,2782,13365,100
2787634853675288,563459,81,2782,13365,100
2787634858791945,563459,81,2782,13365,100
2787634863908857,563459,81,2782,13365,100
2787634869033861,563459,81,2782,13365,100
2787634874150723,563668,81,2782,13365,100
2787634879269134,563668,81,2782,13365,100
2787634884386067,563668,81,2782,13365,100
2787634889502782,563668,81,2782,13365,100
2787634894619875,563668,81,2782,13365,100
2787634899736431,563668,81,2782,13365,100
2787634904853320,563668,81,2782,13365,100
2787634909969780,563668,81,2782,13365,100
2787634915086625,563668,81,2782,13365,100
2787634920222225,563668,81,2782,13365,100
2787634925338774,563668,81,2782,13365,100
2787634930457122,563668,81,2782,13365,100
2787634935574123,563668,81,2782,13365,100
2787634940691073,563668,81,2782,13365,100
2787634945825319,563668,81,2782,13365,100
2787634950942641,563668,81,2782,13365,100
2787634956059659,563668,81,2782,13365,100
2787634961176264,563668,81,2782,13365,100
2787634966293029,563668,81,2782,13365,100
2787634971409846,563668,81,2782,13365,100
2787634976527033,563668,81,2782,13365,100
2787634981645393,563668,81,2782,13365,100
2787634986762138,563668,81,2782,13365,100
2787634991878990,563668,81,2782,13365,100
2787634996995754,563668,81,2782,13365,100
2787635002134105,563668,81,2782,13365,100
2787635007251507,563668,81,2782,13365,100
2787635012368319,563668,81,2782,13365,100
2787635017484920,563668,81,2782,13365,100
2787635022601864,563668,81,2782,13365,100
2787635027718625,563668,81,2782,13365,100
2787635032836969,563668,81,2782,13365,100
2787635037953857,563668,81,2782,13365,100
2787635043070548,563668,81,2782,13365,100
2787635048187312,563668,81,2782,13365,100
2787635053304018,563668,81,2782,13365,100
2787635058421071,563668,81,2782,13365,100
2787635063537011,563668,81,2782,13365,100
2787635068653951,563668,81,2782,13365,100
2787635073770400,563668,81,2782,13365,100
2787635078886709,563668,81,2782,13365,100
2787635084027837,563668,81,2782,13365,100
2787635089144959,563668,81,2782,13365,100
2787635094261617,563668,81,2782,13365,100
2787635099378516,563668,81,2782,13365,100
2787635104495382,563668,81,2782,13365,100
2787635109612386,563668,81,2782,13365,100
2787635114728994,563668,81,2782,13365,100
2787635119845825,563668,81,2782,13365,100
2787635124962824,563668,81,2782,13365,100
2787635130079536,563668,81,2782,13365,100
2787635135197946,563668,81,2782,13365,100
2787635140314921,563668,81,2782,13365,100
2787635145431907,563668,81,2782,13365,100
2787635150547614,563668,81,2782,13365,100
2787635155664576,563668,81,2782,13365,100
2787635160781455,563668,81,2782,13365,100
2787635165898627,563668,81,2782,13365,100
2787635171035429,563668,81,2782,13365,100
2787635176152311,563668,81,2782,13365,100
2787635181269160,563668,81,2782,13365,100
2787635186387536,563668,81,2782,13365,100
2787635191504627,563668,81,2782,13365,100
2787635196621965,563668,81,2782,13365,100
2787635201738749,563668,81,2782,13365,100
2787635206855549,563668,81,2782,13365,100
2787635211972332,563668,81,2782,13365,100
2787635217089286,563668,81,2782,13365,100
2787635222206227,563668,81,2782,13365,100
2787635227323327,563668,81,2782,13365,100
2787635232440182,563668,81,2782,13365,100
2787635237557768,563668,81,2782,13365,100
2787635242674558,563668,81,2782,13365,100
2787635247791562,563668,81,2782,13365,100
2787635252908709,563668,81,2782,13365,100
2787635258025418,563668,81,2782,13365,100
2787635263142408,563668,81,2782,13365,100
2787635268259278,563668,81,2782,13365,100
2787635273376577,563668,81,2782,13365,100
2787635278493619,563668,81,2782,13365,100
2787635283610479,563668,81,2782,13365,100
2787635288728735,563668,81,2782,13365,100
2787635293867003,563668,81,2782,13365,100
2787635298983726,563668,81,2782,13365,100
2787635304122328,563668,81,2782,13365,100
2787635309238956,563668,81,2782,13365,100
2787635314355305,563668,81,2782,13365,100
2787635319471998,563668,81,2782,13365,100
2787635324588662,563668,81,2782,13365,100
2787635329705694,563668,81,2782,13365,100
2787635334822298,563668,81,2782,13365,100
2787635339940730,563668,81,2782,13365,100
2787635345057439,563668,81,2782,13365,100
2787635350174080,563668,81,2782,13365,100
2787635355290864,563668,81,2782,13365,100
2787635360407493,563668,81,2782,13365,100
2787635365523533,563668,81,2782,13365,100
2787635370640229,563668,81,2782,13365,100
2787635375757053,564091,81,2782,13365,100
2787635380874062,564091,81,2782,13365,100
2787635385990791,564091,81,2782,13365,100
2787635391131222,564091,81,2782,13365,100
2787635396248529,564091,81,2782,13365,100
2787635401366024,564091,81,2782,13365,100
2787635406482496,564091,81,2782,13365,100
2787635411599056,564091,81,2782,13365,100
2787635416716024,564091,81,2782,13365,100
2787635421833258,564091,81,2782,13365,100
2787635426950182,564091,81,2782,13365,100
2787635432066917,564091,81,2782,13365,100
2787635437183969,564091,81,2782,13365,100
2787635442302490,564091,81,2782,13365,100
2787635447419514,564091,81,2782,13365,100
2787635452536187,564091,81,2782,13365,100
2787635457652883,564091,81,2782,13365,100
2787635462769972,564091,81,2782,13365,100
2787635467887102,564091,81,2782,13365,100
2787635473025216,564091,81,2782,13365,100
2787635478142485,564091,81,2782,13365,100
2787635483259010,564091,81,2782,13365,100
2787635488375942,564091,81,2782,13365,100
2787635493494422,564091,81,2782,13365,100
2787635498611278,564091,81,2782,13365,100
2787635503727962,564091,81,2782,13365,100
2787635508845397,564091,81,2782,13365,100
2787635513961976,564091,81,2782,13365,100
2787635519078848,564091,81,2782,13365,100
2787635524195565,564091,81,2782,13365,100
2787635529312129,564091,81,2782,13365,100
2787635534429073,564091,81,2782,13365,100
2787635539545003,564091,81,2782,13365,100
2787635544663386,564091,81,2782,13365,100
2787635549780147,564091,81,2782,13365,100
2787635554896979,564091,81,2782,13365,100
2787635560036399,564091,81,2782,13365,100
2787635565153153,564091,81,2782,13365,100
2787635570269964,564091,81,2782,13365,100
2787635575387127,564091,81,2782,13365,100
2787635580504058,564091,81,2782,13365,100
2787635585620712,564091,81,2782,13365,100
2787635590737757,564091,81,2782,13365,100
2787635595855841,564091,81,2782,13365,100
2787635600990510,564091,81,2782,13365,100
2787635606125110,564091,81,2782,13365,100
2787635611242044,564091,81,2782,13365,100
2787635616358662,564091,81,2782,13365,100
2787635621475306,564091,81,2782,13365,100
2787635626592012,564091,81,2782,13365,100
2787635631708751,564091,81,2782,13365,100
2787635636843486,564091,81,2782,13365,100
2787635641960569,564091,81,2782,13365,100
2787635647078781,564091,81,2782,13365,100
2787635652195741,564091,81,2782,13365,100
2787635657312389,564091,81,2782,13365,100
2787635662429146,564091,81,2782,13365,100
2787635667545746,564091,81,2782,13365,100
2787635672662964,564091,81,2782,13365,100
2787635677779923,564091,81,2782,13365,100
2787635682897215,564091,81,2782,13365,100
2787635688033299,564091,81,2782,13365,100
2787635693150280,564091,81,2782,13365,100
2787635698268812,564091,81,2782,13365,100
2787635703385603,564091,81,2782,13365,100
2787635708522760,564091,81,2782,13365,100
2787635713642841,564091,81,2782,13365,100
2787635718759516,564091,81,2782,13365,100
2787635723876414,564091,81,2782,13365,100
2787635728992905,564091,81,2782,13365,100
2787635734129182,564091,81,2782,13365,100
2787635739246726,564091,81,2782,13365,100
2787635744363585,564091,81,2782,13365,100
2787635749481830,564091,81,2782,13365,100
2787635754598648,564091,81,2782,13365,100
2787635759715305,564091,81,2782,13365,100
2787635764832609,564091,81,2782,13365,100
2787635769949539,564091,81,2782,13365,100
2787635775066669,564091,81,2782,13365,100
2787635780183274,564091,81,2782,13365,100
2787635785312133,564091,81,2782,13365,100
2787635790429755,564091,81,2782,13365,100
2787635795547199,564091,81,2782,13365,100
2787635800665459,564091,81,2782,13365,100
2787635805782164,564091,81,2782,13365,100
2787635810899152,564091,81,2782,13365,100
2787635816034433,564091,81,2782,13365,100
2787635821151301,564091,81,2782,13365,100
2787635826268213,564091,81,2782,13365,100
2787635831384932,564091,81,2782,13365,100
2787635836501466,564091,81,2782,13365,100
2787635841617941,564091,81,2782,13365,100
2787635846734905,564091,81,2782,13365,100
2787635851853243,564091,81,2782,13365,100
2787635856969927,564091,81,2782,13365,100
2787635862086678,564091,81,2782,13365,100
2787635867203250,564091,81,2782,13365,100
2787635872320012,564354,81,2782,13365,100
2787635877436637,564354,81,2782,13365,100
2787635882553856,564354,81,2782,13365,100
2787635887670562,564354,81,2782,13365,100
2787635892787478,564354,81,2782,13365,100
2787635897904369,564354,81,2782,13365,100
2787635903022979,564354,81,2782,13365,100
2787635908140067,564354,81,2782,13365,100
2787635913256904,564354,81,2782,13365,100
2787635918373608,564354,81,2782,13365,100
2787635923490549,564354,81,2782,13365,100
2787635928607181,564354,81,2782,13365,100
2787635933723893,564354,81,2782,13365,100
2787635938840829,564354,81,2782,13365,100
2787635943957181,564354,81,2782,13365,100
2787635949074154,564354,81,2782,13365,100
2787635954192551,564354,81,2782,13365,100
2787635959309387,564354,81,2782,13365,100
2787635964426395,564354,81,2782,13365,100
2787635969542979,564354,81,2782,13365,100
2787635974659640,564354,81,2782,13365,100
2787635979787586,564354,81,2782,13365,100
2787635984904852,564354,81,2782,13365,100
2787635990021967,564354,81,2782,13365,100
2787635995138354,564354,81,2782,13365,100
2787636000255209,564354,81,2782,13365,100
2787636005373675,564354,81,2782,13365,100
2787636010490491,564354,81,2782,13365,100
2787636015606959,564354,81,2782,13365,100
2787636020723735,564354,81,2782,13365,100
2787636025840764,564354,81,2782,13365,100
2787636030957362,564354,81,2782,13365,100
2787636036074016,564354,81,2782,13365,100
2787636041190685,564354,81,2782,13365,100
2787636046308265,564354,81,2782,13365,100
2787636051425149,564354,81,2782,13365,100
2787636056543798,564354,81,2782,13365,100
2787636061677707,564354,81,2782,13365,100
2787636066794891,564354,81,2782,13365,100
2787636071911457,564354,81,2782,13365,100
2787636077028800,564354,81,2782,13365,100
2787636082145939,564354,81,2782,13365,100
2787636087262492,564354,81,2782,13365,100
2787636092379517,564354,81,2782,13365,100
2787636097496399,564354,81,2782,13365,100
2787636102613069,564354,81,2782,13365,100
2787636107731570,564354,81,2782,13365,100
2787636112848278,564354,81,2782,13365,100
2787636117964846,564354,81,2782,13365,100
2787636123081683,564354,81,2782,13365,100
2787636128198423,564354,81,2782,13365,100
2787636133315070,564354,81,2782,13365,100
2787636138431616,564354,81,2782,13365,100
2787636143555053,564354,81,2782,13365,100
2787636148671952,564354,81,2782,13365,100
2787636153788845,564354,81,2782,13365,100
2787636158907053,564354,81,2782,13365,100
2787636164024262,564354,81,2782,13365,100
2787636169140862,564354,81,2782,13365,100
2787636174257859,564354,81,2782,13365,100
2787636179374863,564354,81,2782,13365,100
2787636184492013,564354,81,2782,13365,100
2787636189608876,564354,81,2782,13365,100
2787636194725644,564354,81,2782,13365,100
2787636199842241,564354,81,2782,13365,100
2787636204958925,564354,81,2782,13365,100
2787636210077597,564354,81,2782,13365,100
2787636215194405,564354,81,2782,13365,100
2787636220310952,564354,81,2782,13365,100
2787636225427414,564354,81,2782,13365,100
2787636230544502,564354,81,2782,13365,100
2787636235661245,564354,81,2782,13365,100
2787636240777771,564354,81,2782,13365,100
2787636245895939,564354,81,2782,13365,100
2787636251035163,564354,81,2782,13365,100
2787636256170180,564354,81,2782,13365,100
2787636261288365,564354,81,2782,13365,100
2787636266404923,564354,81,2782,13365,100
2787636271521482,564354,81,2782,13365,100
2787636276638266,564354,81,2782,13365,100
2787636281755096,564354,81,2782,13365,100
2787636286872643,564354,81,2782,13365,100
2787636291989445,564354,81,2782,13365,100
2787636297123931,564354,81,2782,13365,100
2787636302240708,564354,81,2782,13365,100
2787636307357638,564354,81,2782,13365,100
2787636312476304,564354,81,2782,13365,100
2787636317593161,564354,81,2782,13365,100
2787636322710149,564354,81,2782,13365,100
2787636327827117,564354,81,2782,13365,100
2787636332944066,564354,81,2782,13365,100
2787636338060642,564354,81,2782,13365,100
2787636343177523,564354,81,2782,13365,100
2787636348294467,564354,81,2782,13365,100
2787636353411385,564354,81,2782,13365,100
2787636358527016,564354,81,2782,13365,100
2787636363645394,564354,81,2782,13365,100
2787636368761984,564354,81,2782,13365,100
2787636373878389,564478,81,2782,13365,100
2787636378995114,564478,81,2782,13365,100
2787636384135858,564478,81,2782,13365,100
2787636389252728,564478,81,2782,13365,100
2787636394369982,564478,81,2782,13365,100
2787636399486464,564478,81,2782,13365,100
2787636404603411,564478,81,2782,13365,100
2787636409720867,564478,81,2782,13365,100
2787636414839524,564478,81,2782,13365,100
2787636419956314,564478,81,2782,13365,100
2787636425072628,564478,81,2782,13365,100
2787636430189481,564478,81,2782,13365,100
2787636435306262,564478,81,2782,13365,100
2787636440422752,564478,81,2782,13365,100
2787636445539246,564478,81,2782,13365,100
2787636450655810,564478,81,2782,13365,100
2787636455772619,564478,81,2782,13365,100
2787636460889043,564478,81,2782,13365,100
2787636466027843,564478,81,2782,13365,100
2787636471145032,564478,81,2782,13365,100
2787636476262048,564478,81,2782,13365,100
2787636481378760,564478,81,2782,13365,100
2787636486496051,564478,81,2782,13365,100
2787636491613201,564478,81,2782,13365,100
2787636496730273,564478,81,2782,13365,100
2787636501847824,564478,81,2782,13365,100
2787636506964886,564478,81,2782,13365,100
2787636512081599,564478,81,2782,13365,100
2787636517199599,564478,81,2782,13365,100
2787636522316335,564478,81,2782,13365,100
2787636527433134,564478,81,2782,13365,100
2787636532549378,564478,81,2782,13365,100
2787636537666509,564478,81,2782,13365,100
2787636542783427,564478,81,2782,13365,100
2787636547900309,564478,81,2782,13365,100
2787636553035248,564478,81,2782,13365,100
2787636558152025,564478,81,2782,13365,100
2787636563268914,564478,81,2782,13365,100
2787636568387501,564478,81,2782,13365,100
2787636573504518,564478,81,2782,13365,100
2787636578621337,564478,81,2782,13365,100
2787636583738143,564478,81,2782,13365,100
2787636588855466,564478,81,2782,13365,100
2787636593972277,564478,81,2782,13365,100
2787636599088953,564478,81,2782,13365,100
2787636604205825,564478,81,2782,13365,100
2787636609322598,564478,81,2782,13365,100
2787636614439370,564478,81,2782,13365,100
2787636619556772,564478,81,2782,13365,100
2787636624674851,564478,81,2782,13365,100
2787636629792479,564478,81,2782,13365,100
2787636634909851,564478,81,2782,13365,100
2787636640027896,564478,81,2782,13365,100
2787636645145760,564478,81,2782,13365,100
2787636650262791,564478,81,2782,13365,100
2787636655379201,564478,81,2782,13365,100
2787636660495609,564478,81,2782,13365,100
2787636665610892,564478,81,2782,13365,100
2787636670727922,564478,81,2782,13365,100
2787636675843813,564478,81,2782,13365,100
2787636680959037,564478,81,2782,13365,100
2787636686074463,564478,81,2782,13365,100
2787636691189615,564478,81,2782,13365,100
2787636696304560,564478,81,2782,13365,100
2787636701419480,564478,81,2782,13365,100
2787636706534867,564478,81,2782,13365,100
2787636711650725,564478,81,2782,13365,100
2787636716767068,564478,81,2782,13365,100
2787636721884706,564478,81,2782,13365,100
2787636727019682,564478,81,2782,13365,100
2787636732136230,564478,81,2782,13365,100
2787636737252167,564478,81,2782,13365,100
2787636742369015,564478,81,2782,13365,100
2787636747484507,564478,81,2782,13365,100
2787636752600992,564478,81,2782,13365,100
2787636757717552,564478,81,2782,13365,100
2787636762835180,564478,81,2782,13365,100
2787636767951890,564478,81,2782,13365,100
2787636773070096,564478,81,2782,13365,100
2787636778186810,564478,81,2782,13365,100
2787636783303798,564478,81,2782,13365,100
2787636788420295,564478,81,2782,13365,100
2787636793536639,564478,81,2782,13365,100
2787636798653456,564478,81,2782,13365,100
2787636803770200,564478,81,2782,13365,100
2787636808887086,564478,81,2782,13365,100
2787636814036029,564478,81,2782,13365,100
2787636819153109,564478,81,2782,13365,100
2787636824271477,564478,81,2782,13365,100
2787636829388024,564478,81,2782,13365,100
2787636834504678,564478,81,2782,13365,100
2787636839621914,564478,81,2782,13365,100
2787636844739404,564478,81,2782,13365,100
2787636849857034,564478,81,2782,13365,100
2787636854973686,564478,81,2782,13365,100
2787636860090470,564478,81,2782,13365,100
2787636865207392,564478,81,2782,13365,100
2787636870323964,564478,81,2782,13365,100
2787636875442485,564136,81,2782,13365,100
2787636880558833,564136,81,2782,13365,100
2787636885676185,564136,81,2782,13365,100
2787636890793176,564136,81,2782,13365,100
2787636895909888,564136,81,2782,13365,100
2787636901026998,564136,81,2782,13365,100
2787636906143811,564136,81,2782,13365,100
2787636911279572,564136,81,2782,13365,100
2787636916397208,564136,81,2782,13365,100
2787636921514000,564136,81,2782,13365,100
2787636926632741,564136,81,2782,13365,100
2787636931749629,564136,81,2782,13365,100
2787636936866495,564136,81,2782,13365,100
2787636941983354,564136,81,2782,13365,100
2787636947123130,564136,81,2782,13365,100
2787636952239958,564136,81,2782,13365,100
2787636957356740,564136,81,2782,13365,100
2787636962473567,564136,81,2782,13365,100
2787636967590767,564136,81,2782,13365,100
2787636972744168,564136,81,2782,13365,100
2787636977862684,564136,81,2782,13365,100
2787636982979476,564136,81,2782,13365,100
2787636988096592,564136,81,2782,13365,100
2787636993213597,564136,81,2782,13365,100
2787636998330495,564136,81,2782,13365,100
2787637003446985,564136,81,2782,13365,100
2787637008564531,564136,81,2782,13365,100
2787637013681806,564136,81,2782,13365,100
2787637018800265,564136,81,2782,13365,100
2787637023917195,564136,81,2782,13365,100
2787637029035761,564136,81,2782,13365,100
2787637034152448,564136,81,2782,13365,100
2787637039269444,564136,81,2782,13365,100
2787637044386185,564136,81,2782,13365,100
2787637049502881,564136,81,2782,13365,100
2787637054619498,564136,81,2782,13365,100
2787637059736294,564136,81,2782,13365,100
2787637064853070,564136,81,2782,13365,100
2787637069969563,564136,81,2782,13365,100
2787637075086619,564136,81,2782,13365,100
2787637080204957,564136,81,2782,13365,100
2787637085322660,564136,81,2782,13365,100
2787637090439260,564136,81,2782,13365,100
2787637095556305,564136,81,2782,13365,100
2787637100673057,564136,81,2782,13365,100
2787637105790147,564136,81,2782,13365,100
2787637110906958,564136,81,2782,13365,100
2787637116024466,564136,81,2782,13365,100
2787637121142306,564136,81,2782,13365,100
2787637126258937,564136,81,2782,13365,100
2787637131376999,564136,81,2782,13365,100
2787637136494219,564136,81,2782,13365,100
2787637141611043,564136,81,2782,13365,100
2787637146726942,564136,81,2782,13365,100
2787637151850844,564136,81,2782,13365,100
2787637156967263,564136,81,2782,13365,100
2787637162084281,564136,81,2782,13365,100
2787637167201152,564136,81,2782,13365,100
2787637172318116,564136,81,2782,13365,100
2787637177434774,564136,81,2782,13365,100
2787637182553523,564136,81,2782,13365,100
2787637187670383,564136,81,2782,13365,100
2787637192788148,564136,81,2782,13365,100
2787637197904818,564136,81,2782,13365,100
2787637203021192,564136,81,2782,13365,100
2787637208138141,564136,81,2782,13365,100
2787637213254949,564136,81,2782,13365,100
2787637218371970,564136,81,2782,13365,100
2787637223488918,564136,81,2782,13365,100
2787637228605658,564136,81,2782,13365,100
2787637233723951,564136,81,2782,13365,100
2787637238840786,564136,81,2782,13365,100
2787637243958156,564136,81,2782,13365,100
2787637249075040,564136,81,2782,13365,100
2787637254192024,564136,81,2782,13365,100
2787637259308984,564136,81,2782,13365,100
2787637264425955,564136,81,2782,13365,100
2787637269542601,564136,81,2782,13365,100
2787637274659458,564136,81,2782,13365,100
2787637279776442,564136,81,2782,13365,100
2787637284894322,564136,81,2782,13365,100
2787637290032030,564136,81,2782,13365,100
2787637295148611,564136,81,2782,13365,100
2787637300265239,564136,81,2782,13365,100
2787637305382224,564136,81,2782,13365,100
2787637310498888,564136,81,2782,13365,100
2787637315615737,564136,81,2782,13365,100
2787637320732757,564136,81,2782,13365,100
2787637325850021,564136,81,2782,13365,100
2787637330966921,564136,81,2782,13365,100
2787637336085206,564136,81,2782,13365,100
2787637341202186,564136,81,2782,13365,100
2787637346318992,564136,81,2782,13365,100
2787637351435623,564136,81,2782,13365,100
2787637356552456,564136,81,2782,13365,100
2787637361669152,564136,81,2782,13365,100
2787637366785797,564136,81,2782,13365,100
2787637371902545,563978,81,2782,13365,100
2787637377019805,563978,81,2782,13365,100
2787637382136516,563978,81,2782,13365,100
2787637387254354,563978,81,2782,13365,100
2787637392371352,563978,81,2782,13365,100
2787637397487754,563978,81,2782,13365,100
2787637402604663,563978,81,2782,13365,100
2787637407721203,563978,81,2782,13365,100
2787637412837942,563978,81,2782,13365,100
2787637417954814,563978,81,2782,13365,100
2787637423071520,563978,81,2782,13365,100
2787637428188193,563978,81,2782,13365,100
2787637433304953,563978,81,2782,13365,100
2787637438422898,563978,81,2782,13365,100
2787637443539541,563978,81,2782,13365,100
2787637448656222,563978,81,2782,13365,100
2787637453773126,563978,81,2782,13365,100
2787637458890611,563978,81,2782,13365,100
2787637464028687,563978,81,2782,13365,100
2787637469146748,563978,81,2782,13365,100
2787637474263474,563978,81,2782,13365,100
2787637479380232,563978,81,2782,13365,100
2787637484496836,563978,81,2782,13365,100
2787637489614947,563978,81,2782,13365,100
2787637494732225,563978,81,2782,13365,100
2787637499848910,563978,81,2782,13365,100
2787637504987754,563978,81,2782,13365,100
2787637510122118,563978,81,2782,13365,100
2787637515239123,563978,81,2782,13365,100
2787637520356087,563978,81,2782,13365,100
2787637525472839,563978,81,2782,13365,100
2787637530589372,563978,81,2782,13365,100
2787637535705820,563978,81,2782,13365,100
2787637540824409,563978,81,2782,13365,100
2787637545941613,563978,81,2782,13365,100
2787637551058601,563978,81,2782,13365,100
2787637556277943,563978,81,2782,13365,100
2787637561393881,563978,81,2782,13365,100
2787637566527259,563978,81,2782,13365,100
2787637571642438,563978,81,2782,13365,100
2787637576757646,563978,81,2782,13365,100
2787637581872654,563978,81,2782,13365,100
2787637586988277,563978,81,2782,13365,100
2787637592125815,563978,81,2782,13365,100
2787637597242112,563978,81,2782,13365,100
2787637602358336,563978,81,2782,13365,100
2787637607475149,563978,81,2782,13365,100
2787637612591721,563978,81,2782,13365,100
2787637617708325,563978,81,2782,13365,100
2787637622824587,563978,81,2782,13365,100
2787637627941344,563978,81,2782,13365,100
2787637633058303,563978,81,2782,13365,100
2787637638175159,563978,81,2782,13365,100
2787637643293619,563978,81,2782,13365,100
2787637648410480,563978,81,2782,13365,100
2787637653526974,563978,81,2782,13365,100
2787637658644245,563978,81,2782,13365,100
2787637663761263,563978,81,2782,13365,100
2787637668878237,563978,81,2782,13365,100
2787637673995082,563978,81,2782,13365,100
2787637679131894,563978,81,2782,13365,100
2787637684248490,563978,81,2782,13365,100
2787637689365875,563978,81,2782,13365,100
2787637694484395,563978,81,2782,13365,100
2787637699601903,563978,81,2782,13365,100
2787637704719410,563978,81,2782,13365,100
2787637709836247,563978,81,2782,13365,100
2787637714953512,563978,81,2782,13365,100
2787637720070556,563978,81,2782,13365,100
2787637725187853,563978,81,2782,13365,100
2787637730305357,563978,81,2782,13365,100
2787637735422345,563978,81,2782,13365,100
2787637740539870,563978,81,2782,13365,100
2787637745706852,563978,81,2782,13365,100
2787637750823387,563978,81,2782,13365,100
2787637755940291,563978,81,2782,13365,100
2787637761057267,563978,81,2782,13365,100
2787637766174236,563978,81,2782,13365,100
2787637771291128,563978,81,2782,13365,100
2787637776407860,563978,81,2782,13365,100
2787637781524697,563978,81,2782,13365,100
2787637786641994,563978,81,2782,13365,100
2787637791758846,563978,81,2782,13365,100
2787637796876866,563978,81,2782,13365,100
2787637801993742,563978,81,2782,13365,100
2787637807130419,563978,81,2782,13365,100
2787637812247807,563978,81,2782,13365,100
2787637817364800,563978,81,2782,13365,100
2787637822481864,563978,81,2782,13365,100
2787637827598488,563978,81,2782,13365,100
2787637832715068,563978,81,2782,13365,100
2787637837831893,563978,81,2782,13365,100
2787637842949233,563978,81,2782,13365,100
2787637848067941,563978,81,2782,13365,100
2787637853184758,563978,81,2782,13365,100
2787637858301390,563978,81,2782,13365,100
2787637863417851,563978,81,2782,13365,100
2787637868534543,563978,81,2782,13365,100
2787637873651472,563892,82,2782,13365,100
2787637878768118,563892,82,2782,13365,100
2787637883885432,563892,82,2782,13365,100
2787637889023605,563892,82,2782,13365,100
2787637894140401,563892,82,2782,13365,100
2787637899258473,563892,82,2782,13365,100
2787637904375073,563892,82,2782,13365,100
2787637909503653,563892,82,2782,13365,100
2787637914620636,563892,82,2782,13365,100
2787637919737727,563892,82,2782,13365,100
2787637924854823,563892,82,2782,13365,100
2787637929971591,563892,82,2782,13365,100
2787637935088439,563892,82,2782,13365,100
2787637940204992,563892,82,2782,13365,100
2787637945321595,563892,82,2782,13365,100
2787637950439881,563892,82,2782,13365,100
2787637955556573,563892,82,2782,13365,100
2787637960673002,563892,82,2782,13365,100
2787637965789840,563892,82,2782,13365,100
2787637970906382,563892,82,2782,13365,100
2787637976023139,563892,82,2782,13365,100
2787637981139975,563892,82,2782,13365,100
2787637986256388,563892,82,2782,13365,100
2787637991373158,563892,82,2782,13365,100
2787637996490228,563892,82,2782,13365,100
2787638001608777,563892,82,2782,13365,100
2787638006725497,563892,82,2782,13365,100
2787638011842346,563892,82,2782,13365,100
2787638016959498,563892,82,2782,13365,100
2787638022076408,563892,82,2782,13365,100
2787638027193167,563892,82,2782,13365,100
2787638032309902,563892,82,2782,13365,100
2787638037426448,563892,82,2782,13365,100
2787638042544087,563892,82,2782,13365,100
2787638047660955,563892,82,2782,13365,100
2787638052778585,563892,82,2782,13365,100
2787638057895085,563892,82,2782,13365,100
2787638063034365,563892,82,2782,13365,100
2787638068151461,563892,82,2782,13365,100
2787638073268172,563892,82,2782,13365,100
2787638078384930,563892,82,2782,13365,100
2787638083501866,563892,82,2782,13365,100
2787638088618487,563892,82,2782,13365,100
2787638093735419,563892,82,2782,13365,100
2787638098852135,563892,82,2782,13365,100
2787638103969968,563892,82,2782,13365,100
2787638109086580,563892,82,2782,13365,100
2787638114203341,563892,82,2782,13365,100
2787638119319858,563892,82,2782,13365,100
2787638124436330,563892,82,2782,13365,100
2787638129552945,563892,82,2782,13365,100
2787638134669690,563892,82,2782,13365,100
2787638139786588,563892,82,2782,13365,100
2787638144903299,563892,82,2782,13365,100
2787638150019931,563892,82,2782,13365,100
2787638155137683,563892,82,2782,13365,100
2787638160254228,563892,82,2782,13365,100
2787638165370970,563892,82,2782,13365,100
2787638170488077,563892,82,2782,13365,100
2787638175604937,563892,82,2782,13365,100
2787638180721378,563892,82,2782,13365,100
2787638185838450,563892,82,2782,13365,100
2787638190955059,563892,82,2782,13365,100
2787638196072163,563892,82,2782,13365,100
2787638201188871,563892,82,2782,13365,100
2787638206306787,563892,82,2782,13365,100
2787638211423612,563892,82,2782,13365,100
2787638216540328,563892,82,2782,13365,100
2787638221674893,563892,82,2782,13365,100
2787638226790661,563892,82,2782,13365,100
2787638231907739,563892,82,2782,13365,100
2787638237024358,563892,82,2782,13365,100
2787638242141338,563892,82,2782,13365,100
2787638247257954,563892,82,2782,13365,100
2787638252374475,563892,82,2782,13365,100
2787638257492567,563892,82,2782,13365,100
2787638262609915,563892,82,2782,13365,100
2787638267726778,563892,82,2782,13365,100
2787638272843324,563892,82,2782,13365,100
2787638277959617,563892,82,2782,13365,100
2787638283076365,563892,82,2782,13365,100
2787638288193235,563892,82,2782,13365,100
2787638293311405,563892,82,2782,13365,100
2787638298428311,563892,82,2782,13365,100
2787638303544986,563892,82,2782,13365,100
2787638308663515,563892,82,2782,13365,100
2787638313780629,563892,82,2782,13365,100
2787638318897132,563892,82,2782,13365,100
2787638324031008,563892,82,2782,13365,100
2787638329147757,563892,82,2782,13365,100
2787638334264489,563892,82,2782,13365,100
2787638339381086,563892,82,2782,13365,100
2787638344489150,563892,82,2782,13365,100
2787638349596834,563892,82,2782,13365,100
2787638354712358,563892,82,2782,13365,100
2787638359828891,563892,82,2782,13365,100
2787638364944228,563892,82,2782,13365,100
2787638370059211,563892,82,2782,13365,100
2787638375175248,564013,82,2782,13365,100
2787638380290706,564013,82,2782,13365,100
2787638385406700,564013,82,2782,13365,100
2787638390523709,564013,82,2782,13365,100
2787638395640885,564013,82,2782,13365,100
2787638400758444,564013,82,2782,13365,100
2787638405875254,564013,82,2782,13365,100
2787638410993858,564013,82,2782,13365,100
2787638416133077,564013,82,2782,13365,100
2787638421250575,564013,82,2782,13365,100
2787638426367219,564013,82,2782,13365,100
2787638431483924,564013,82,2782,13365,100
2787638436600640,564013,82,2782,13365,100
2787638441717288,564013,82,2782,13365,100
2787638446835805,564013,82,2782,13365,100
2787638451953048,564013,82,2782,13365,100
2787638457070085,564013,82,2782,13365,100
2787638462188276,564013,82,2782,13365,100
2787638467305215,564013,82,2782,13365,100
2787638472421983,564013,82,2782,13365,100
2787638477539155,564013,82,2782,13365,100
2787638482656307,564013,82,2782,13365,100
2787638487773148,564013,82,2782,13365,100
2787638492890197,564013,82,2782,13365,100
2787638498028196,564013,82,2782,13365,100
2787638503145477,564013,82,2782,13365,100
2787638508262629,564013,82,2782,13365,100
2787638513380809,564013,82,2782,13365,100
2787638518497632,564013,82,2782,13365,100
2787638523614438,564013,82,2782,13365,100
2787638528731127,564013,82,2782,13365,100
2787638533848983,564013,82,2782,13365,100
2787638538966022,564013,82,2782,13365,100
2787638544082759,564013,82,2782,13365,100
2787638549199511,564013,82,2782,13365,100
2787638554316175,564013,82,2782,13365,100
2787638559432649,564013,82,2782,13365,100
2787638564551789,564013,82,2782,13365,100
2787638569668316,564013,82,2782,13365,100
2787638574785070,564013,82,2782,13365,100
2787638579902066,564013,82,2782,13365,100
2787638585035579,564013,82,2782,13365,100
2787638590152191,564013,82,2782,13365,100
2787638595268923,564013,82,2782,13365,100
2787638600385400,564013,82,2782,13365,100
2787638605501617,564013,82,2782,13365,100
2787638610618589,564013,82,2782,13365,100
2787638615737022,564013,82,2782,13365,100
2787638620853986,564013,82,2782,13365,100
2787638625970929,564013,82,2782,13365,100
2787638631101182,564013,82,2782,13365,100
2787638636218123,564013,82,2782,13365,100
2787638641335362,564013,82,2782,13365,100
2787638646453103,564013,82,2782,13365,100
2787638651581932,564013,82,2782,13365,100
2787638656698950,564013,82,2782,13365,100
2787638661815912,564013,82,2782,13365,100
2787638666952605,564013,82,2782,13365,100
2787638672071088,564013,82,2782,13365,100
2787638677188225,564013,82,2782,13365,100
2787638682305126,564013,82,2782,13365,100
2787638687422416,564013,82,2782,13365,100
2787638692538958,564013,82,2782,13365,100
2787638697655699,564013,82,2782,13365,100
2787638702772421,564013,82,2782,13365,100
2787638707888906,564013,82,2782,13365,100
2787638713028076,564013,82,2782,13365,100
2787638718146580,564013,82,2782,13365,100
2787638723263308,564013,82,2782,13365,100
2787638728380333,564013,82,2782,13365,100
2787638733496897,564013,82,2782,13365,100
2787638738615106,564013,82,2782,13365,100
2787638743732490,564013,82,2782,13365,100
2787638748850334,564013,82,2782,13365,100
2787638753967351,564013,82,2782,13365,100
2787638759083964,564013,82,2782,13365,100
2787638764200623,564013,82,2782,13365,100
2787638769319120,564013,82,2782,13365,100
2787638774435897,564013,82,2782,13365,100
2787638779553141,564013,82,2782,13365,100
2787638784670265,564013,82,2782,13365,100
2787638789787263,564013,82,2782,13365,100
2787638794904173,564013,82,2782,13365,100
2787638800020942,564013,82,2782,13365,100
2787638805137878,564013,82,2782,13365,100
2787638810254975,564013,82,2782,13365,100
2787638815372075,564013,82,2782,13365,100
2787638820490760,564013,82,2782,13365,100
2787638825607516,564013,82,2782,13365,100
2787638830724400,564013,82,2782,13365,100
2787638835840855,564013,82,2782,13365,100
2787638840957541,564013,82,2782,13365,100
2787638846075919,564013,82,2782,13365,100
2787638851192898,564013,82,2782,13365,100
2787638856309651,564013,82,2782,13365,100
2787638861426643,564013,82,2782,13365,100
2787638866543379,564013,82,2782,13365,100
2787638871661924,564589,82,2782,13365,100
2787638876796903,564589,82,2782,13365,100
2787638881913400,564589,82,2782,13365,100
2787638887030500,564589,82,2782,13365,100
2787638892147432,564589,82,2782,13365,100
2787638897263953,564589,82,2782,13365,100
2787638902380501,564589,82,2782,13365,100
2787638907497370,564589,82,2782,13365,100
2787638912614434,564589,82,2782,13365,100
2787638917731358,564589,82,2782,13365,100
2787638922850031,564589,82,2782,13365,100
2787638927966807,564589,82,2782,13365,100
2787638933083591,564589,82,2782,13365,100
2787638938200297,564589,82,2782,13365,100
2787638943317236,564589,82,2782,13365,100
2787638948433984,564589,82,2782,13365,100
2787638953550770,564589,82,2782,13365,100
2787638958667653,564589,82,2782,13365,100
2787638963786130,564589,82,2782,13365,100
2787638968903056,564589,82,2782,13365,100
2787638974022035,564589,82,2782,13365,100
2787638979138943,564589,82,2782,13365,100
2787638984255431,564589,82,2782,13365,100
2787638989372148,564589,82,2782,13365,100
2787638994489232,564589,82,2782,13365,100
2787638999605875,564589,82,2782,13365,100
2787639004722731,564589,82,2782,13365,100
2787639009839404,564589,82,2782,13365,100
2787639014956082,564589,82,2782,13365,100
2787639020073060,564589,82,2782,13365,100
2787639025191286,564589,82,2782,13365,100
2787639030307701,564589,82,2782,13365,100
2787639035424545,564589,82,2782,13365,100
2787639040541363,564589,82,2782,13365,100
2787639045658708,564589,82,2782,13365,100
2787639050775492,564589,82,2782,13365,100
2787639055892143,564589,82,2782,13365,100
2787639061031485,564589,82,2782,13365,100
2787639066148921,564589,82,2782,13365,100
2787639071265489,564589,82,2782,13365,100
2787639076385835,564589,82,2782,13365,100
2787639081502354,564589,82,2782,13365,100
2787639086618671,564589,82,2782,13365,100
2787639091735603,564589,82,2782,13365,100
2787639096852165,564589,82,2782,13365,100
2787639101968930,564589,82,2782,13365,100
2787639107085545,564589,82,2782,13365,100
2787639112202153,564589,82,2782,13365,100
2787639117319103,564589,82,2782,13365,100
2787639122435885,564589,82,2782,13365,100
2787639127554094,564589,82,2782,13365,100
2787639132670986,564589,82,2782,13365,100
2787639137788031,564589,82,2782,13365,100
2787639142904815,564589,82,2782,13365,100
2787639148021635,564589,82,2782,13365,100
2787639153138470,564589,82,2782,13365,100
2787639158254938,564589,82,2782,13365,100
2787639163371620,564589,82,2782,13365,100
2787639168488761,564589,82,2782,13365,100
2787639173605911,564589,82,2782,13365,100
2787639178724110,564589,82,2782,13365,100
2787639183840958,564589,82,2782,13365,100
2787639188957457,564589,82,2782,13365,100
2787639194082134,564589,82,2782,13365,100
2787639199198895,564589,82,2782,13365,100
2787639204315103,564589,82,2782,13365,100
2787639209431792,564589,82,2782,13365,100
2787639214548152,564589,82,2782,13365,100
2787639219665123,564589,82,2782,13365,100
2787639224781560,564589,82,2782,13365,100
2787639229899885,564589,82,2782,13365,100
2787639235021325,564589,82,2782,13365,100
2787639240138080,564589,82,2782,13365,100
2787639245255550,564589,82,2782,13365,100
2787639250372651,564589,82,2782,13365,100
2787639255511123,564589,82,2782,13365,100
2787639260628092,564589,82,2782,13365,100
2787639265744522,564589,82,2782,13365,100
2787639270861224,564589,82,2782,13365,100
2787639275978211,564589,82,2782,13365,100
2787639281096693,564589,82,2782,13365,100
2787639286213474,564589,82,2782,13365,100
2787639291330889,564589,82,2782,13365,100
2787639296447650,564589,82,2782,13365,100
2787639301564722,564589,82,2782,13365,100
2787639306681526,564589,82,2782,13365,100
2787639311798683,564589,82,2782,13365,100
2787639316915795,564589,82,2782,13365,100
2787639322033180,564589,82,2782,13365,100
2787639327150000,564589,82,2782,13365,100
2787639332268477,564589,82,2782,13365,100
2787639337385169,564589,82,2782,13365,100
2787639342501957,564589,82,2782,13365,100
2787639347618818,564589,82,2782,13365,100
2787639352735576,564589,82,2782,13365,100
2787639357870263,564589,82,2782,13365,100
2787639362986978,564589,82,2782,13365,100
2787639368125339,564589,82,2782,13365,100
2787639373241772,564710,82,2782,13365,100
2787639378358572,564710,82,2782,13365,100
2787639383476938,564710,82,2782,13365,100
2787639388593820,564710,82,2782,13365,100
2787639393710431,564710,82,2782,13365,100
2787639398827143,564710,82,2782,13365,100
2787639403943689,564710,82,2782,13365,100
2787639409060910,564710,82,2782,13365,100
2787639414177507,564710,82,2782,13365,100
2787639419294235,564710,82,2782,13365,100
2787639424411182,564710,82,2782,13365,100
2787639429528800,564710,82,2782,13365,100
2787639434647260,564710,82,2782,13365,100
2787639439764350,564710,82,2782,13365,100
2787639444881449,564710,82,2782,13365,100
2787639449998113,564710,82,2782,13365,100
2787639455137217,564710,82,2782,13365,100
2787639460254288,564710,82,2782,13365,100
2787639465371112,564710,82,2782,13365,100
2787639470487938,564710,82,2782,13365,100
2787639475604359,564710,82,2782,13365,100
2787639480720955,564710,82,2782,13365,100
2787639485839559,564710,82,2782,13365,100
2787639490955444,564710,82,2782,13365,100
2787639496072152,564710,82,2782,13365,100
2787639501188936,564710,82,2782,13365,100
2787639506305377,564710,82,2782,13365,100
2787639511427706,564710,82,2782,13365,100
2787639516544534,564710,82,2782,13365,100
2787639521661338,564710,82,2782,13365,100
2787639526777990,564710,82,2782,13365,100
2787639531912718,564710,82,2782,13365,100
2787639537031288,564710,82,2782,13365,100
2787639542148120,564710,82,2782,13365,100
2787639547264468,564710,82,2782,13365,100
2787639552381728,564710,82,2782,13365,100
2787639557507180,564710,82,2782,13365,100
2787639562624034,564710,82,2782,13365,100
2787639567740989,564710,82,2782,13365,100
2787639572857658,564710,82,2782,13365,100
2787639577974342,564710,82,2782,13365,100
2787639583090627,564710,82,2782,13365,100
2787639588208923,564710,82,2782,13365,100
2787639593325681,564710,82,2782,13365,100
2787639598442455,564710,82,2782,13365,100
2787639603559284,564710,82,2782,13365,100
2787639608676189,564710,82,2782,13365,100
2787639613792808,564710,82,2782,13365,100
2787639618910149,564710,82,2782,13365,100
2787639624026970,564710,82,2782,13365,100
2787639629143846,564710,82,2782,13365,100
2787639634260466,564710,82,2782,13365,100
2787639639378979,564710,82,2782,13365,100
2787639644495655,564710,82,2782,13365,100
2787639649612289,564710,82,2782,13365,100
2787639654729716,564710,82,2782,13365,100
2787639659846452,564710,82,2782,13365,100
2787639664963632,564710,82,2782,13365,100
2787639670080205,564710,82,2782,13365,100
2787639675196861,564710,82,2782,13365,100
2787639680313470,564710,82,2782,13365,100
2787639685429998,564710,82,2782,13365,100
2787639690548879,564710,82,2782,13365,100
2787639695665622,564710,82,2782,13365,100
2787639700782015,564710,82,2782,13365,100
2787639705898732,564710,82,2782,13365,100
2787639711024402,564710,82,2782,13365,100
2787639716141036,564710,82,2782,13365,100
2787639721257709,564710,82,2782,13365,100
2787639726374503,564710,82,2782,13365,100
2787639731491147,564710,82,2782,13365,100
2787639736608204,564710,82,2782,13365,100
2787639741727178,564710,82,2782,13365,100
2787639746843934,564710,82,2782,13365,100
2787639751960546,564710,82,2782,13365,100
2787639757078236,564710,82,2782,13365,100
2787639762195013,564710,82,2782,13365,100
2787639767311983,564710,82,2782,13365,100
2787639772428729,564710,82,2782,13365,100
2787639777545497,564710,82,2782,13365,100
2787639782662185,564710,82,2782,13365,100
2787639787779577,564710,82,2782,13365,100
2787639792898081,564710,82,2782,13365,100
2787639798036146,564710,82,2782,13365,100
2787639803153354,564710,82,2782,13365,100
2787639808270105,564710,82,2782,13365,100
2787639813386635,564710,82,2782,13365,100
2787639818503496,564710,82,2782,13365,100
2787639823620331,564710,82,2782,13365,100
2787639828737208,564710,82,2782,13365,100
2787639833854689,564710,82,2782,13365,100
2787639838971889,564710,82,2782,13365,100
2787639844090365,564710,82,2782,13365,100
2787639849207048,564710,82,2782,13365,100
2787639854323612,564710,82,2782,13365,100
2787639859440256,564710,82,2782,13365,100
2787639864557651,564710,82,2782,13365,100
2787639869674617,564710,82,2782,13365,100
2787639874792002,564047,82,2782,13365,100
2787639879908800,564047,82,2782,13365,100
2787639885025556,564047,82,2782,13365,100
2787639890142635,564047,82,2782,13365,100
2787639895261505,564047,82,2782,13365,100
2787639900379177,564047,82,2782,13365,100
2787639905496061,564047,82,2782,13365,100
2787639910612952,564047,82,2782,13365,100
2787639915741055,564047,82,2782,13365,100
2787639920857895,564047,82,2782,13365,100
2787639925974484,564047,82,2782,13365,100
2787639931091517,564047,82,2782,13365,100
2787639936208840,564047,82,2782,13365,100
2787639941325664,564047,82,2782,13365,100
2787639946443876,564047,82,2782,13365,100
2787639951560501,564047,82,2782,13365,100
2787639956659126,564047,82,2782,13365,100
2787639961775866,564047,82,2782,13365,100
2787639966892442,564047,82,2782,13365,100
2787639972026203,564047,82,2782,13365,100
2787639977143404,564047,82,2782,13365,100
2787639982260361,564047,82,2782,13365,100
2787639987376844,564047,82,2782,13365,100
2787639992493768,564047,82,2782,13365,100
2787639997612392,564047,82,2782,13365,100
2787640002729091,564047,82,2782,13365,100
2787640007848205,564047,82,2782,13365,100
2787640012965226,564047,82,2782,13365,100
2787640018082950,564047,82,2782,13365,100
2787640023199649,564047,82,2782,13365,100
2787640028316346,564047,82,2782,13365,100
2787640033433197,564047,82,2782,13365,100
2787640038549867,564047,82,2782,13365,100
2787640043666654,564047,82,2782,13365,100
2787640048784898,564047,82,2782,13365,100
2787640053901204,564047,82,2782,13365,100
2787640059036941,564047,82,2782,13365,100
2787640064153882,564047,82,2782,13365,100
2787640069270601,564047,82,2782,13365,100
2787640074387387,564047,82,2782,13365,100
2787640079503898,564047,82,2782,13365,100
2787640084620541,564047,82,2782,13365,100
2787640089737445,564047,82,2782,13365,100
2787640094854304,564047,82,2782,13365,100
2787640099972348,564047,82,2782,13365,100
2787640105089359,564047,82,2782,13365,100
2787640110206303,564047,82,2782,13365,100
2787640115322845,564047,82,2782,13365,100
2787640120439605,564047,82,2782,13365,100
2787640125555244,564047,82,2782,13365,100
2787640130672158,564047,82,2782,13365,100
2787640135789034,564047,82,2782,13365,100
2787640140905657,564047,82,2782,13365,100
2787640146022339,564047,82,2782,13365,100
2787640151140411,564047,82,2782,13365,100
2787640156257276,564047,82,2782,13365,100
2787640161373956,564047,82,2782,13365,100
2787640166490741,564047,82,2782,13365,100
2787640171607510,564047,82,2782,13365,100
2787640176724262,564047,82,2782,13365,100
2787640181841190,564047,82,2782,13365,100
2787640186990258,564047,82,2782,13365,100
2787640192128460,564047,82,2782,13365,100
2787640197245379,564047,82,2782,13365,100
2787640202363691,564047,82,2782,13365,100
2787640207480160,564047,82,2782,13365,100
2787640212597180,564047,82,2782,13365,100
2787640217713800,564047,82,2782,13365,100
2787640222830593,564047,82,2782,13365,100
2787640227947641,564047,82,2782,13365,100
2787640233064213,564047,82,2782,13365,100
2787640238181001,564047,82,2782,13365,100
2787640243297690,564047,82,2782,13365,100
2787640248414235,564047,82,2782,13365,100
2787640253533138,564047,82,2782,13365,100
2787640258649799,564047,82,2782,13365,100
2787640263766854,564047,82,2782,13365,100
2787640268883904,564047,82,2782,13365,100
2787640274023676,564047,82,2782,13365,100
2787640279141005,564047,82,2782,13365,100
2787640284257745,564047,82,2782,13365,100
2787640289374510,564047,82,2782,13365,100
2787640294491026,564047,82,2782,13365,100
2787640299607998,564047,82,2782,13365,100
2787640304726151,564047,82,2782,13365,100
2787640309842935,564047,82,2782,13365,100
2787640314959623,564047,82,2782,13365,100
2787640320076215,564047,82,2782,13365,100
2787640325192920,564047,82,2782,13365,100
2787640330309852,564047,82,2782,13365,100
2787640335426261,564047,82,2782,13365,100
2787640340542269,564047,82,2782,13365,100
2787640345659393,564047,82,2782,13365,100
2787640350775962,564047,82,2782,13365,100
2787640355894051,564047,82,2782,13365,100
2787640361031342,564047,82,2782,13365,100
2787640366148319,564047,82,2782,13365,100
2787640371265315,564047,82,2782,13365,100
2787640376381981,563658,82,2782,13365,100
2787640381498662,563658,82,2782,13365,100
2787640386615224,563658,82,2782,13365,100
2787640391732221,563658,82,2782,13365,100
2787640396849317,563658,82,2782,13365,100
2787640401965890,563658,82,2782,13365,100
2787640407084524,563658,82,2782,13365,100
2787640412201240,563658,82,2782,13365,100
2787640417318114,563658,82,2782,13365,100
2787640422453422,563658,82,2782,13365,100
2787640427569179,563658,82,2782,13365,100
2787640432685980,563658,82,2782,13365,100
2787640437803492,563658,82,2782,13365,100
2787640442920118,563658,82,2782,13365,100
2787640448037724,563658,82,2782,13365,100
2787640453154737,563658,82,2782,13365,100
2787640458273438,563658,82,2782,13365,100
2787640463390382,563658,82,2782,13365,100
2787640468506918,563658,82,2782,13365,100
2787640473623899,563658,82,2782,13365,100
2787640478740597,563658,82,2782,13365,100
2787640483857231,563658,82,2782,13365,100
2787640488974164,563658,82,2782,13365,100
2787640494091500,563658,82,2782,13365,100
2787640499208500,563658,82,2782,13365,100
2787640504325209,563658,82,2782,13365,100
2787640509443369,563658,82,2782,13365,100
2787640514559954,563658,82,2782,13365,100
2787640519677310,563658,82,2782,13365,100
2787640524794391,563658,82,2782,13365,100
2787640529911695,563658,82,2782,13365,100
2787640535028425,563658,82,2782,13365,100
2787640540145243,563658,82,2782,13365,100
2787640545261654,563658,82,2782,13365,100
2787640550378324,563658,82,2782,13365,100
2787640555494789,563658,82,2782,13365,100
2787640560613400,563658,82,2782,13365,100
2787640565730619,563658,82,2782,13365,100
2787640570848049,563658,82,2782,13365,100
2787640575969714,563658,82,2782,13365,100
2787640581086119,563658,82,2782,13365,100
2787640586202619,563658,82,2782,13365,100
2787640591318428,563658,82,2782,13365,100
2787640596434238,563658,82,2782,13365,100
2787640601550052,563658,82,2782,13365,100
2787640606666876,563658,82,2782,13365,100
2787640611784889,563658,82,2782,13365,100
2787640616901755,563658,82,2782,13365,100
2787640622033585,563658,82,2782,13365,100
2787640627150986,563658,82,2782,13365,100
2787640632268750,563658,82,2782,13365,100
2787640637385666,563658,82,2782,13365,100
2787640642501639,563658,82,2782,13365,100
2787640647617961,563658,82,2782,13365,100
2787640652733666,563658,82,2782,13365,100
2787640657848452,563658,82,2782,13365,100
2787640662964844,563658,82,2782,13365,100
2787640668079885,563658,82,2782,13365,100
2787640673195293,563658,82,2782,13365,100
2787640678310421,563658,82,2782,13365,100
2787640683424960,563658,82,2782,13365,100
2787640688538746,563658,82,2782,13365,100
2787640693653603,563658,82,2782,13365,100
2787640698766751,563658,82,2782,13365,100
2787640703880128,563658,82,2782,13365,100
2787640708993652,563658,82,2782,13365,100
2787640714127296,563658,82,2782,13365,100
2787640719239957,563658,82,2782,13365,100
2787640724352035,563658,82,2782,13365,100
2787640729464405,563658,82,2782,13365,100
2787640734576182,563658,82,2782,13365,100
2787640739688550,563658,82,2782,13365,100
2787640744802083,563658,82,2782,13365,100
2787640749913747,563658,82,2782,13365,100
2787640755025083,563658,82,2782,13365,100
2787640760136078,563658,82,2782,13365,100
2787640765248756,563658,82,2782,13365,100
2787640770360020,563658,82,2782,13365,100
2787640775471549,563658,82,2782,13365,100
2787640780583170,563658,82,2782,13365,100
2787640785694406,563658,82,2782,13365,100
2787640790805394,563658,82,2782,13365,100
2787640795916282,563658,82,2782,13365,100
2787640801027568,563658,82,2782,13365,100
2787640806138751,563658,82,2782,13365,100
2787640811250640,563658,82,2782,13365,100
2787640816363625,563658,82,2782,13365,100
2787640821474831,563658,82,2782,13365,100
2787640826585725,563658,82,2782,13365,100
2787640831696841,563658,82,2782,13365,100
2787640836808004,563658,82,2782,13365,100
2787640841935894,563658,82,2782,13365,100
2787640847047031,563658,82,2782,13365,100
2787640852168103,563658,82,2782,13365,100
2787640857278860,563658,82,2782,13365,100
2787640862390096,563658,82,2782,13365,100
2787640867502740,563658,82,2782,13365,100
2787640872613409,563762,82,2782,13365,100
2787640877724449,563762,82,2782,13365,100
2787640882835411,563762,82,2782,13365,100
2787640887946848,563762,82,2782,13365,100
2787640893058478,563762,82,2782,13365,100
2787640898169447,563762,82,2782,13365,100
2787640903280463,563762,82,2782,13365,100
2787640908391400,563762,82,2782,13365,100
2787640913502364,563762,82,2782,13365,100
2787640918615115,563762,82,2782,13365,100
2787640923726773,563762,82,2782,13365,100
2787640928837902,563762,82,2782,13365,100
2787640933949078,563762,82,2782,13365,100
2787640939060346,563762,82,2782,13365,100
2787640944171266,563762,82,2782,13365,100
2787640949282015,563762,82,2782,13365,100
2787640954393988,563762,82,2782,13365,100
2787640959505468,563762,82,2782,13365,100
2787640964616384,563762,82,2782,13365,100
2787640969728759,563762,82,2782,13365,100
2787640974839785,563762,82,2782,13365,100
2787640979950817,563762,82,2782,13365,100
2787640985062452,563762,82,2782,13365,100
2787640990173555,563762,82,2782,13365,100
2787640995284651,563762,82,2782,13365,100
2787641000395859,563762,82,2782,13365,100
2787641005506419,563762,82,2782,13365,100
2787641010617714,563762,82,2782,13365,100
2787641015728757,563762,82,2782,13365,100
2787641020842113,563762,82,2782,13365,100
2787641025952949,563762,82,2782,13365,100
2787641031064072,563762,82,2782,13365,100
2787641036175151,563762,82,2782,13365,100
2787641041286050,563762,82,2782,13365,100
2787641046397175,563762,82,2782,13365,100
2787641051508971,563762,82,2782,13365,100
2787641056620242,563762,82,2782,13365,100
2787641061731492,563762,82,2782,13365,100
2787641066842569,563762,82,2782,13365,100
2787641071955221,563762,82,2782,13365,100
2787641077066577,563762,82,2782,13365,100
2787641082177730,563762,82,2782,13365,100
2787641087288550,563762,82,2782,13365,100
2787641092399553,563762,82,2782,13365,100
2787641097510539,563762,82,2782,13365,100
2787641102621623,563762,82,2782,13365,100
2787641107732724,563762,82,2782,13365,100
2787641112843621,563762,82,2782,13365,100
2787641117954793,563762,82,2782,13365,100
2787641123067486,563762,82,2782,13365,100
2787641128178334,563762,82,2782,13365,100
2787641133289230,563762,82,2782,13365,100
2787641138400074,563762,82,2782,13365,100
2787641143511019,563762,82,2782,13365,100
2787641148621872,563762,82,2782,13365,100
2787641153732885,563762,82,2782,13365,100
2787641158843976,563762,82,2782,13365,100
2787641163955129,563762,82,2782,13365,100
2787641169066201,563762,82,2782,13365,100
2787641174178905,563762,82,2782,13365,100
2787641179289742,563762,82,2782,13365,100
2787641184400630,563762,82,2782,13365,100
2787641189511347,563762,82,2782,13365,100
2787641194622383,563762,82,2782,13365,100
2787641199733538,563762,82,2782,13365,100
2787641204844655,563762,82,2782,13365,100
2787641209955525,563762,82,2782,13365,100
2787641215066640,563762,82,2782,13365,100
2787641220177617,563762,82,2782,13365,100
2787641225292933,563762,82,2782,13365,100
2787641230404154,563762,82,2782,13365,100
2787641235523766,563762,82,2782,13365,100
2787641240635411,563762,82,2782,13365,100
2787641245753510,563762,82,2782,13365,100
2787641250864756,563762,82,2782,13365,100
2787641255975906,563762,82,2782,13365,100
2787641261089909,563762,82,2782,13365,100
2787641266201304,563762,82,2782,13365,100
2787641271315979,563762,82,2782,13365,100
2787641276434129,563762,82,2782,13365,100
2787641281548986,563762,82,2782,13365,100
2787641286663702,563762,82,2782,13365,100
2787641291778306,563762,82,2782,13365,100
2787641296890403,563762,82,2782,13365,100
2787641302021926,563762,82,2782,13365,100
2787641307136719,563762,82,2782,13365,100
2787641312251600,563762,82,2782,13365,100
2787641317366344,563762,82,2782,13365,100
2787641322481797,563762,82,2782,13365,100
2787641327597917,563762,82,2782,13365,100
2787641332712381,563762,82,2782,13365,100
2787641337827136,563762,82,2782,13365,100
2787641342941875,563762,82,2782,13365,100
2787641348056858,563762,82,2782,13365,100
2787641353171544,563762,82,2782,13365,100
2787641358286187,563762,82,2782,13365,100
2787641363401052,563762,82,2782,13365,100
2787641368515412,563762,82,2782,13365,100
2787641373642976,501422,75,2782,13365,47
2787641378761673,501422,75,2782,13365,47
2787641383876674,501422,75,2782,13365,47
2787641388991208,501422,75,2782,13365,47
2787641394132429,501422,75,2782,13365,47
2787641399248294,501422,75,2782,13365,47
2787641404363433,501422,75,2782,13365,47
2787641409480138,501422,75,2782,13365,47
2787641414596135,501422,75,2782,13365,47
2787641419717720,501422,75,2782,13365,47
2787641424833725,501422,75,2782,13365,47
2787641429950809,501422,75,2782,13365,47
2787641435066117,501422,75,2782,13365,47
2787641440217569,501422,75,2782,13365,47
2787641445330246,501422,75,2782,13365,47
2787641450450327,501422,75,2782,13365,47
2787641455566166,501422,75,2782,13365,47
2787641460681583,501422,75,2782,13365,47
2787641465793991,501422,75,2782,13365,47
2787641470919622,501422,75,2782,13365,47
2787641476035536,501422,75,2782,13365,47
2787641481152260,501422,75,2782,13365,47
2787641486269668,501422,75,2782,13365,47
2787641491384940,501422,75,2782,13365,47
2787641496516991,501422,75,2782,13365,47
2787641501640098,501422,75,2782,13365,47
2787641506755318,501422,75,2782,13365,47
2787641511870672,501422,75,2782,13365,47
2787641516986429,501422,75,2782,13365,47
2787641522119559,501422,75,2782,13365,47
