monotonic_ns,board_power_mw,temperature_c,graphics_clock_mhz,memory_clock_mhz,utilization_percent
2791730390455647,599986,89,2662,13365,100
2791730396855997,599986,89,2662,13365,100
2791730401962830,599986,89,2662,13365,100
2791730407077222,599986,89,2662,13365,100
2791730412191461,599986,89,2662,13365,100
2791730417305795,599986,89,2662,13365,100
2791730422421510,599986,89,2662,13365,100
2791730427536421,599986,89,2662,13365,100
2791730432652397,599986,89,2662,13365,100
2791730437769712,599986,89,2662,13365,100
2791730442883502,599986,89,2662,13365,100
2791730447999794,599986,89,2662,13365,100
2791730453116626,599986,89,2662,13365,100
2791730458232402,599986,89,2662,13365,100
2791730463348834,599986,89,2662,13365,100
2791730468463835,599986,89,2662,13365,100
2791730473576688,599986,89,2662,13365,100
2791730478692880,599986,89,2662,13365,100
2791730483809337,599986,89,2662,13365,100
2791730488924614,599986,89,2662,13365,100
2791730494042225,599986,89,2662,13365,100
2791730499157609,599986,89,2662,13365,100
2791730504272678,599986,89,2662,13365,100
2791730509387984,599986,89,2662,13365,100
2791730514509247,599986,89,2662,13365,100
2791730519626107,599986,89,2662,13365,100
2791730524741698,599986,89,2662,13365,100
2791730529860455,599986,89,2662,13365,100
2791730534978380,599986,89,2662,13365,100
2791730540098632,599986,89,2662,13365,100
2791730545220148,599986,89,2662,13365,100
2791730550336908,599986,89,2662,13365,100
2791730555452623,599986,89,2662,13365,100
2791730560566301,599986,89,2662,13365,100
2791730565679718,599986,89,2662,13365,100
2791730570824895,599986,89,2662,13365,100
2791730575939929,599986,89,2662,13365,100
2791730581056160,599986,89,2662,13365,100
2791730586171488,599986,89,2662,13365,100
2791730591283880,522578,78,2662,13365,0
2791730596403399,522578,78,2662,13365,0
2791730601527563,522578,78,2662,13365,0
2791730606639627,522578,78,2662,13365,0
2791730611754321,522578,78,2662,13365,0
2791730616867166,522578,78,2662,13365,0
2791730621984130,522578,78,2662,13365,0
2791730627119412,522578,78,2662,13365,0
2791730632234799,522578,78,2662,13365,0
2791730637349919,522578,78,2662,13365,0
2791730642466698,522578,78,2662,13365,0
2791730647617830,522578,78,2662,13365,0
2791730652735076,522578,78,2662,13365,0
2791730657850905,522578,78,2662,13365,0
2791730662967705,522578,78,2662,13365,0
2791730668083727,522578,78,2662,13365,0
2791730673199506,522578,78,2662,13365,0
2791730678315468,522578,78,2662,13365,0
2791730683437167,522578,78,2662,13365,0
2791730688553167,522578,78,2662,13365,0
2791730693668091,522578,78,2662,13365,0
2791730698782994,522578,78,2662,13365,0
2791730703896065,522578,78,2662,13365,0
2791730709026008,522578,78,2662,13365,0
2791730714138759,522578,78,2662,13365,0
2791730719250953,522578,78,2662,13365,0
2791730724363150,522578,78,2662,13365,0
2791730729474987,522578,78,2662,13365,0
2791730734586699,522578,78,2662,13365,0
2791730739698539,522578,78,2662,13365,0
2791730744811766,522578,78,2662,13365,0
2791730749925143,522578,78,2662,13365,0
2791730755037268,522578,78,2662,13365,0
2791730760148966,522578,78,2662,13365,0
2791730765260457,522578,78,2662,13365,0
2791730770372189,522578,78,2662,13365,0
2791730775482834,522578,78,2662,13365,0
2791730780594590,522578,78,2662,13365,0
2791730785706403,522578,78,2662,13365,0
2791730790818575,522578,78,2662,13365,0
2791730795930435,522578,78,2662,13365,0
2791730801043708,522578,78,2662,13365,0
2791730806155938,522578,78,2662,13365,0
2791730811267861,522578,78,2662,13365,0
2791730816379769,522578,78,2662,13365,0
2791730821491012,522578,78,2662,13365,0
2791730826602654,522578,78,2662,13365,0
2791730831713915,522578,78,2662,13365,0
2791730836825619,522578,78,2662,13365,0
2791730841938344,522578,78,2662,13365,0
2791730847049583,522578,78,2662,13365,0
2791730852162098,522578,78,2662,13365,0
2791730857290296,522578,78,2662,13365,0
2791730862402367,522578,78,2662,13365,0
2791730867513725,522578,78,2662,13365,0
2791730872626238,522578,78,2662,13365,0
2791730877737493,522578,78,2662,13365,0
2791730882849290,522578,78,2662,13365,0
2791730887961087,522578,78,2662,13365,0
2791730893073435,522578,78,2662,13365,0
2791730898184740,522578,78,2662,13365,0
2791730903297495,522578,78,2662,13365,0
2791730908410241,522578,78,2662,13365,0
2791730913521581,522578,78,2662,13365,0
2791730918632793,522578,78,2662,13365,0
2791730923744285,522578,78,2662,13365,0
2791730928855704,522578,78,2662,13365,0
2791730933967111,522578,78,2662,13365,0
2791730939079347,522578,78,2662,13365,0
2791730944190492,522578,78,2662,13365,0
2791730949301671,522578,78,2662,13365,0
2791730954414420,522578,78,2662,13365,0
2791730959526551,522578,78,2662,13365,0
2791730964637835,522578,78,2662,13365,0
2791730969749581,522578,78,2662,13365,0
2791730974861004,522578,78,2662,13365,0
2791730979972063,522578,78,2662,13365,0
2791730985083453,522578,78,2662,13365,0
2791730990195051,522578,78,2662,13365,0
2791730995306827,522578,78,2662,13365,0
2791731000418504,522578,78,2662,13365,0
2791731005532745,522578,78,2662,13365,0
2791731010646193,522578,78,2662,13365,0
2791731015759329,522578,78,2662,13365,0
2791731020870784,522578,78,2662,13365,0
2791731025983078,522578,78,2662,13365,0
2791731031113430,522578,78,2662,13365,0
2791731036225386,522578,78,2662,13365,0
2791731041336795,522578,78,2662,13365,0
2791731046448475,522578,78,2662,13365,0
2791731051560128,522578,78,2662,13365,0
2791731056672924,522578,78,2662,13365,0
2791731061785452,522578,78,2662,13365,0
2791731066897773,522578,78,2662,13365,0
2791731072025475,522578,78,2662,13365,0
2791731077137385,522578,78,2662,13365,0
2791731082249336,522578,78,2662,13365,0
2791731087361088,522578,78,2662,13365,0
2791731092472539,465390,89,2715,13365,100
2791731097585148,465390,89,2715,13365,100
2791731102696796,465390,89,2715,13365,100
2791731107811348,465390,89,2715,13365,100
2791731112922992,465390,89,2715,13365,100
2791731118034877,465390,89,2715,13365,100
2791731123147301,465390,89,2715,13365,100
2791731128258894,465390,89,2715,13365,100
2791731133370418,465390,89,2715,13365,100
2791731138482518,465390,89,2715,13365,100
2791731143594351,465390,89,2715,13365,100
2791731148705943,465390,89,2715,13365,100
2791731153818732,465390,89,2715,13365,100
2791731158932296,465390,89,2715,13365,100
2791731164043833,465390,89,2715,13365,100
2791731169155266,465390,89,2715,13365,100
2791731174266690,465390,89,2715,13365,100
2791731179379413,465390,89,2715,13365,100
2791731184491106,465390,89,2715,13365,100
2791731189602849,465390,89,2715,13365,100
2791731194714393,465390,89,2715,13365,100
2791731199825912,465390,89,2715,13365,100
2791731204937708,465390,89,2715,13365,100
2791731210050925,465390,89,2715,13365,100
2791731215162620,465390,89,2715,13365,100
2791731220274221,465390,89,2715,13365,100
2791731225385434,465390,89,2715,13365,100
2791731230496917,465390,89,2715,13365,100
2791731235608462,465390,89,2715,13365,100
2791731240722035,465390,89,2715,13365,100
2791731245833972,465390,89,2715,13365,100
2791731250945396,465390,89,2715,13365,100
2791731256057026,465390,89,2715,13365,100
2791731261169969,465390,89,2715,13365,100
2791731266281883,465390,89,2715,13365,100
2791731271393359,465390,89,2715,13365,100
2791731276506398,465390,89,2715,13365,100
2791731281617838,465390,89,2715,13365,100
2791731286729300,465390,89,2715,13365,100
2791731291840947,465390,89,2715,13365,100
2791731296952482,465390,89,2715,13365,100
2791731302064015,465390,89,2715,13365,100
2791731307177256,465390,89,2715,13365,100
2791731312290340,465390,89,2715,13365,100
2791731317401997,465390,89,2715,13365,100
2791731322513793,465390,89,2715,13365,100
2791731327625361,465390,89,2715,13365,100
2791731332736987,465390,89,2715,13365,100
2791731337848555,465390,89,2715,13365,100
2791731342961779,465390,89,2715,13365,100
2791731348073391,465390,89,2715,13365,100
2791731353184928,465390,89,2715,13365,100
2791731358296669,465390,89,2715,13365,100
2791731363409528,465390,89,2715,13365,100
2791731368520897,465390,89,2715,13365,100
2791731373634073,465390,89,2715,13365,100
2791731378745642,465390,89,2715,13365,100
2791731383857551,465390,89,2715,13365,100
2791731388983607,465390,89,2715,13365,100
2791731394118125,465390,89,2715,13365,100
2791731399229543,465390,89,2715,13365,100
2791731404341063,465390,89,2715,13365,100
2791731409452573,465390,89,2715,13365,100
2791731414565365,465390,89,2715,13365,100
2791731419676907,465390,89,2715,13365,100
2791731424789872,465390,89,2715,13365,100
2791731429901866,465390,89,2715,13365,100
2791731435029170,465390,89,2715,13365,100
2791731440140958,465390,89,2715,13365,100
2791731445252607,465390,89,2715,13365,100
2791731450364172,465390,89,2715,13365,100
2791731455475827,465390,89,2715,13365,100
2791731460587560,465390,89,2715,13365,100
2791731465700294,465390,89,2715,13365,100
2791731470813357,465390,89,2715,13365,100
2791731475932214,465390,89,2715,13365,100
2791731481043734,465390,89,2715,13365,100
2791731486155446,465390,89,2715,13365,100
2791731491267014,465390,89,2715,13365,100
2791731496378595,465390,89,2715,13365,100
2791731501491659,465390,89,2715,13365,100
2791731506603262,465390,89,2715,13365,100
2791731511731020,465390,89,2715,13365,100
2791731516844105,465390,89,2715,13365,100
2791731521955485,465390,89,2715,13365,100
2791731527066673,465390,89,2715,13365,100
2791731532178472,465390,89,2715,13365,100
2791731537290088,465390,89,2715,13365,100
2791731542403018,465390,89,2715,13365,100
2791731547514655,465390,89,2715,13365,100
2791731552626235,465390,89,2715,13365,100
2791731557738024,465390,89,2715,13365,100
2791731562849258,465390,89,2715,13365,100
2791731567961857,465390,89,2715,13365,100
2791731573073521,465390,89,2715,13365,100
2791731578184833,465390,89,2715,13365,100
2791731583296214,465390,89,2715,13365,100
2791731588407560,507044,89,2670,13365,100
2791731593519991,507044,89,2670,13365,100
2791731598631431,507044,89,2670,13365,100
2791731603742995,507044,89,2670,13365,100
2791731608856060,507044,89,2670,13365,100
2791731613967124,507044,89,2670,13365,100
2791731619080121,507044,89,2670,13365,100
2791731624191929,507044,89,2670,13365,100
2791731629304686,507044,89,2670,13365,100
2791731634416160,507044,89,2670,13365,100
2791731639527771,507044,89,2670,13365,100
2791731644639543,507044,89,2670,13365,100
2791731649751275,507044,89,2670,13365,100
2791731654865008,507044,89,2670,13365,100
2791731659978534,507044,89,2670,13365,100
2791731665105892,507044,89,2670,13365,100
2791731670221316,507044,89,2670,13365,100
2791731675334081,507044,89,2670,13365,100
2791731680447394,507044,89,2670,13365,100
2791731685560356,507044,89,2670,13365,100
2791731690674008,507044,89,2670,13365,100
2791731695787785,507044,89,2670,13365,100
2791731700907071,507044,89,2670,13365,100
2791731706020307,507044,89,2670,13365,100
2791731711132660,507044,89,2670,13365,100
2791731716245048,507044,89,2670,13365,100
2791731721359045,507044,89,2670,13365,100
2791731726471119,507044,89,2670,13365,100
2791731731583258,507044,89,2670,13365,100
2791731736695362,507044,89,2670,13365,100
2791731741808484,507044,89,2670,13365,100
2791731746920467,507044,89,2670,13365,100
2791731752032191,507044,89,2670,13365,100
2791731757143872,507044,89,2670,13365,100
2791731762255615,507044,89,2670,13365,100
2791731767367401,507044,89,2670,13365,100
2791731772482000,507044,89,2670,13365,100
2791731777593443,507044,89,2670,13365,100
2791731782705265,507044,89,2670,13365,100
2791731787816810,507044,89,2670,13365,100
2791731792928227,507044,89,2670,13365,100
2791731798039735,507044,89,2670,13365,100
2791731803151217,507044,89,2670,13365,100
2791731808269282,507044,89,2670,13365,100
2791731813380961,507044,89,2670,13365,100
2791731818492549,507044,89,2670,13365,100
2791731823605724,507044,89,2670,13365,100
2791731828717314,507044,89,2670,13365,100
2791731833828818,507044,89,2670,13365,100
2791731838941748,507044,89,2670,13365,100
2791731844053502,507044,89,2670,13365,100
2791731849165107,507044,89,2670,13365,100
2791731854276371,507044,89,2670,13365,100
2791731859388675,507044,89,2670,13365,100
2791731864500280,507044,89,2670,13365,100
2791731869613393,507044,89,2670,13365,100
2791731874726233,507044,89,2670,13365,100
2791731879837833,507044,89,2670,13365,100
2791731884949968,507044,89,2670,13365,100
2791731890061586,507044,89,2670,13365,100
2791731895173159,507044,89,2670,13365,100
2791731900285134,507044,89,2670,13365,100
2791731905398735,507044,89,2670,13365,100
2791731910510180,507044,89,2670,13365,100
2791731915622060,507044,89,2670,13365,100
2791731920733628,507044,89,2670,13365,100
2791731925846893,507044,89,2670,13365,100
2791731930958413,507044,89,2670,13365,100
2791731936071510,507044,89,2670,13365,100
2791731941183246,507044,89,2670,13365,100
2791731946294767,507044,89,2670,13365,100
2791731951406165,507044,89,2670,13365,100
2791731956517739,507044,89,2670,13365,100
2791731961629274,507044,89,2670,13365,100
2791731966741184,507044,89,2670,13365,100
2791731971854582,507044,89,2670,13365,100
2791731976967557,507044,89,2670,13365,100
2791731982079217,507044,89,2670,13365,100
2791731987191250,507044,89,2670,13365,100
2791731992302579,507044,89,2670,13365,100
2791731997414263,507044,89,2670,13365,100
2791732002527299,507044,89,2670,13365,100
2791732007638703,507044,89,2670,13365,100
2791732012750412,507044,89,2670,13365,100
2791732017861972,507044,89,2670,13365,100
2791732022973477,507044,89,2670,13365,100
2791732028086765,507044,89,2670,13365,100
2791732033198143,507044,89,2670,13365,100
2791732038310522,507044,89,2670,13365,100
2791732043421923,507044,89,2670,13365,100
2791732048533369,507044,89,2670,13365,100
2791732053645023,507044,89,2670,13365,100
2791732058756498,507044,89,2670,13365,100
2791732063868032,507044,89,2670,13365,100
2791732068981227,507044,89,2670,13365,100
2791732074093033,507044,89,2670,13365,100
2791732079206189,507044,89,2670,13365,100
2791732084317674,507044,89,2670,13365,100
2791732089429142,600716,89,2670,13365,100
2791732094541787,600716,89,2670,13365,100
2791732099653435,600716,89,2670,13365,100
2791732104766491,600716,89,2670,13365,100
2791732109878048,600716,89,2670,13365,100
2791732114989494,600716,89,2670,13365,100
2791732120118385,600716,89,2670,13365,100
2791732125229921,600716,89,2670,13365,100
2791732130343145,600716,89,2670,13365,100
2791732135454922,600716,89,2670,13365,100
2791732140566694,600716,89,2670,13365,100
2791732145678478,600716,89,2670,13365,100
2791732150791335,600716,89,2670,13365,100
2791732155902867,600716,89,2670,13365,100
2791732161027975,600716,89,2670,13365,100
2791732166156256,600716,89,2670,13365,100
2791732171268276,600716,89,2670,13365,100
2791732176379729,600716,89,2670,13365,100
2791732181505741,600716,89,2670,13365,100
2791732186617677,600716,89,2670,13365,100
2791732191729520,600716,89,2670,13365,100
2791732196842735,600716,89,2670,13365,100
2791732201955875,600716,89,2670,13365,100
2791732207069580,600716,89,2670,13365,100
2791732212181999,600716,89,2670,13365,100
2791732217295500,600716,89,2670,13365,100
2791732222407732,600716,89,2670,13365,100
2791732227520296,600716,89,2670,13365,100
2791732232635097,600716,89,2670,13365,100
2791732237748310,600716,89,2670,13365,100
2791732242861484,600716,89,2670,13365,100
2791732247975650,600716,89,2670,13365,100
2791732253087535,600716,89,2670,13365,100
2791732258203703,600716,89,2670,13365,100
2791732263316183,600716,89,2670,13365,100
2791732268428208,600716,89,2670,13365,100
2791732273541312,600716,89,2670,13365,100
2791732278654687,600716,89,2670,13365,100
2791732283769231,600716,89,2670,13365,100
2791732288883036,600716,89,2670,13365,100
2791732293996598,600716,89,2670,13365,100
2791732299131479,600716,89,2670,13365,100
2791732304249976,600716,89,2670,13365,100
2791732309362363,600716,89,2670,13365,100
2791732314473920,600716,89,2670,13365,100
2791732319585912,600716,89,2670,13365,100
2791732324697236,600716,89,2670,13365,100
2791732329810677,600716,89,2670,13365,100
2791732334924145,600716,89,2670,13365,100
2791732340036074,600716,89,2670,13365,100
2791732345158370,600716,89,2670,13365,100
2791732350269902,600716,89,2670,13365,100
2791732355381693,600716,89,2670,13365,100
2791732360494967,600716,89,2670,13365,100
2791732365606582,600716,89,2670,13365,100
2791732370719872,600716,89,2670,13365,100
2791732375832545,600716,89,2670,13365,100
2791732380946068,600716,89,2670,13365,100
2791732386069989,600716,89,2670,13365,100
2791732391218338,600716,89,2670,13365,100
2791732396331562,600716,89,2670,13365,100
2791732401520152,600716,89,2670,13365,100
2791732406632854,600716,89,2670,13365,100
2791732411745590,600716,89,2670,13365,100
2791732416857723,600716,89,2670,13365,100
2791732421970743,600716,89,2670,13365,100
2791732427082883,600716,89,2670,13365,100
2791732432195396,600716,89,2670,13365,100
2791732437306744,600716,89,2670,13365,100
2791732442418207,600716,89,2670,13365,100
2791732447530793,600716,89,2670,13365,100
2791732452643421,600716,89,2670,13365,100
2791732457766517,600716,89,2670,13365,100
2791732462879270,600716,89,2670,13365,100
2791732467990627,600716,89,2670,13365,100
2791732473117571,600716,89,2670,13365,100
2791732478235327,600716,89,2670,13365,100
2791732483347191,600716,89,2670,13365,100
2791732488459824,600716,89,2670,13365,100
2791732493572440,600716,89,2670,13365,100
2791732498735702,600716,89,2670,13365,100
2791732503817582,600716,89,2670,13365,100
2791732508903955,600716,89,2670,13365,100
2791732513998538,600716,89,2670,13365,100
2791732519107975,600716,89,2670,13365,100
2791732524187071,600716,89,2670,13365,100
2791732529265352,600716,89,2670,13365,100
2791732534364356,600716,89,2670,13365,100
2791732539464081,600716,89,2670,13365,100
2791732544563194,600716,89,2670,13365,100
2791732549675146,600716,89,2670,13365,100
2791732554786843,600716,89,2670,13365,100
2791732559899629,600716,89,2670,13365,100
2791732565031355,600716,89,2670,13365,100
2791732570147232,600716,89,2670,13365,100
2791732575260728,600716,89,2670,13365,100
2791732580373581,600716,89,2670,13365,100
2791732585486244,600716,89,2670,13365,100
2791732590598783,600102,89,2670,13365,100
2791732595711454,600102,89,2670,13365,100
2791732600824118,600102,89,2670,13365,100
2791732605936978,600102,89,2670,13365,100
2791732611068753,600102,89,2670,13365,100
2791732616209337,600102,89,2670,13365,100
2791732621323021,600102,89,2670,13365,100
2791732626543667,600102,89,2670,13365,100
2791732631655984,600102,89,2670,13365,100
2791732636768172,600102,89,2670,13365,100
2791732641880232,600102,89,2670,13365,100
2791732646993068,600102,89,2670,13365,100
2791732652120449,600102,89,2670,13365,100
2791732657233079,600102,89,2670,13365,100
2791732662361298,600102,89,2670,13365,100
2791732667482502,600102,89,2670,13365,100
2791732672594610,600102,89,2670,13365,100
2791732677708862,600102,89,2670,13365,100
2791732682820935,600102,89,2670,13365,100
2791732687934016,600102,89,2670,13365,100
2791732693045508,600102,89,2670,13365,100
2791732698157328,600102,89,2670,13365,100
2791732703269165,600102,89,2670,13365,100
2791732708380765,600102,89,2670,13365,100
2791732713493858,600102,89,2670,13365,100
2791732718607252,600102,89,2670,13365,100
2791732723720767,600102,89,2670,13365,100
2791732728834431,600102,89,2670,13365,100
2791732733946305,600102,89,2670,13365,100
2791732739058086,600102,89,2670,13365,100
2791732744170580,600102,89,2670,13365,100
2791732749282369,600102,89,2670,13365,100
2791732754395963,600102,89,2670,13365,100
2791732759507509,600102,89,2670,13365,100
2791732764626922,600102,89,2670,13365,100
2791732769738446,600102,89,2670,13365,100
2791732774850438,600102,89,2670,13365,100
2791732779963766,600102,89,2670,13365,100
2791732785076795,600102,89,2670,13365,100
2791732790189006,600102,89,2670,13365,100
2791732795300590,600102,89,2670,13365,100
2791732800412775,600102,89,2670,13365,100
2791732805524692,600102,89,2670,13365,100
2791732810636223,600102,89,2670,13365,100
2791732815748062,600102,89,2670,13365,100
2791732820877222,600102,89,2670,13365,100
2791732825988890,600102,89,2670,13365,100
2791732831126730,600102,89,2670,13365,100
2791732836238458,600102,89,2670,13365,100
2791732841349917,600102,89,2670,13365,100
2791732846461402,600102,89,2670,13365,100
2791732851573084,600102,89,2670,13365,100
2791732856684745,600102,89,2670,13365,100
2791732861798175,600102,89,2670,13365,100
2791732866910161,600102,89,2670,13365,100
2791732872021922,600102,89,2670,13365,100
2791732877133355,600102,89,2670,13365,100
2791732882246487,600102,89,2670,13365,100
2791732887358789,600102,89,2670,13365,100
2791732892472383,600102,89,2670,13365,100
2791732897583698,600102,89,2670,13365,100
2791732902695308,600102,89,2670,13365,100
2791732907807249,600102,89,2670,13365,100
2791732912918681,600102,89,2670,13365,100
2791732918030256,600102,89,2670,13365,100
2791732923141770,600102,89,2670,13365,100
2791732928254245,600102,89,2670,13365,100
2791732933367595,600102,89,2670,13365,100
2791732938479363,600102,89,2670,13365,100
2791732943591316,600102,89,2670,13365,100
2791732948702924,600102,89,2670,13365,100
2791732953814448,600102,89,2670,13365,100
2791732958927797,600102,89,2670,13365,100
2791732964039581,600102,89,2670,13365,100
2791732969151342,600102,89,2670,13365,100
2791732974263258,600102,89,2670,13365,100
2791732979374938,600102,89,2670,13365,100
2791732984487775,600102,89,2670,13365,100
2791732989601397,600102,89,2670,13365,100
2791732994712722,600102,89,2670,13365,100
2791732999824552,600102,89,2670,13365,100
2791733004936129,600102,89,2670,13365,100
2791733010067229,600102,89,2670,13365,100
2791733015178894,600102,89,2670,13365,100
2791733020290706,600102,89,2670,13365,100
2791733025403370,600102,89,2670,13365,100
2791733030515078,600102,89,2670,13365,100
2791733035628111,600102,89,2670,13365,100
2791733040739849,600102,89,2670,13365,100
2791733045851595,600102,89,2670,13365,100
2791733050963288,600102,89,2670,13365,100
2791733056075928,600102,89,2670,13365,100
2791733061187401,600102,89,2670,13365,100
2791733066299138,600102,89,2670,13365,100
2791733071410822,600102,89,2670,13365,100
2791733076522952,600102,89,2670,13365,100
2791733081635637,600102,89,2670,13365,100
2791733086749167,600102,89,2670,13365,100
2791733091862547,600051,89,2670,13365,100
2791733096975923,600051,89,2670,13365,100
2791733102088668,600051,89,2670,13365,100
2791733107201072,600051,89,2670,13365,100
2791733112313061,600051,89,2670,13365,100
2791733117424917,600051,89,2670,13365,100
2791733122538322,600051,89,2670,13365,100
2791733127649930,600051,89,2670,13365,100
2791733132761954,600051,89,2670,13365,100
2791733137875203,600051,89,2670,13365,100
2791733142987183,600051,89,2670,13365,100
2791733148116307,600051,89,2670,13365,100
2791733153228036,600051,89,2670,13365,100
2791733158339806,600051,89,2670,13365,100
2791733163451445,600051,89,2670,13365,100
2791733168571471,600051,89,2670,13365,100
2791733173683314,600051,89,2670,13365,100
2791733178796375,600051,89,2670,13365,100
2791733183908847,600051,89,2670,13365,100
2791733189022187,600051,89,2670,13365,100
2791733194133527,600051,89,2670,13365,100
2791733199245712,600051,89,2670,13365,100
2791733204357194,600051,89,2670,13365,100
2791733209468805,600051,89,2670,13365,100
2791733214580685,600051,89,2670,13365,100
2791733219694241,600051,89,2670,13365,100
2791733224805993,600051,89,2670,13365,100
2791733229918019,600051,89,2670,13365,100
2791733235029238,600051,89,2670,13365,100
2791733240142435,600051,89,2670,13365,100
2791733245254059,600051,89,2670,13365,100
2791733250367342,600051,89,2670,13365,100
2791733255479184,600051,89,2670,13365,100
2791733260590873,600051,89,2670,13365,100
2791733265702469,600051,89,2670,13365,100
2791733270814300,600051,89,2670,13365,100
2791733275925938,600051,89,2670,13365,100
2791733281038230,600051,89,2670,13365,100
2791733286150646,600051,89,2670,13365,100
2791733291264003,600051,89,2670,13365,100
2791733296375740,600051,89,2670,13365,100
2791733301486952,600051,89,2670,13365,100
2791733306598925,600051,89,2670,13365,100
2791733311710915,600051,89,2670,13365,100
2791733316823967,600051,89,2670,13365,100
2791733321935609,600051,89,2670,13365,100
2791733327047378,600051,89,2670,13365,100
2791733332159122,600051,89,2670,13365,100
2791733337270615,600051,89,2670,13365,100
2791733342383835,600051,89,2670,13365,100
2791733347496699,600051,89,2670,13365,100
2791733352608324,600051,89,2670,13365,100
2791733357719976,600051,89,2670,13365,100
2791733362831527,600051,89,2670,13365,100
2791733367942971,600051,89,2670,13365,100
2791733373054281,600051,89,2670,13365,100
2791733378169674,600051,89,2670,13365,100
2791733383281802,600051,89,2670,13365,100
2791733388393274,600051,89,2670,13365,100
2791733393506424,600051,89,2670,13365,100
2791733398617819,600051,89,2670,13365,100
2791733403729564,600051,89,2670,13365,100
2791733408841193,600051,89,2670,13365,100
2791733413954673,600051,89,2670,13365,100
2791733419066357,600051,89,2670,13365,100
2791733424178001,600051,89,2670,13365,100
2791733429289904,600051,89,2670,13365,100
2791733434401475,600051,89,2670,13365,100
2791733439513393,600051,89,2670,13365,100
2791733444627623,600051,89,2670,13365,100
2791733449738880,600051,89,2670,13365,100
2791733454850068,600051,89,2670,13365,100
2791733459961645,600051,89,2670,13365,100
2791733465073133,600051,89,2670,13365,100
2791733470184186,600051,89,2670,13365,100
2791733475311754,600051,89,2670,13365,100
2791733480424428,600051,89,2670,13365,100
2791733485536230,600051,89,2670,13365,100
2791733490647947,600051,89,2670,13365,100
2791733495760875,600051,89,2670,13365,100
2791733500872420,600051,89,2670,13365,100
2791733505983988,600051,89,2670,13365,100
2791733511117836,600051,89,2670,13365,100
2791733516229385,600051,89,2670,13365,100
2791733521340850,600051,89,2670,13365,100
2791733526452388,600051,89,2670,13365,100
2791733531563842,600051,89,2670,13365,100
2791733536675514,600051,89,2670,13365,100
2791733541788347,600051,89,2670,13365,100
2791733546903027,600051,89,2670,13365,100
2791733552028371,600051,89,2670,13365,100
2791733557141292,600051,89,2670,13365,100
2791733562252840,600051,89,2670,13365,100
2791733567364423,600051,89,2670,13365,100
2791733572475941,600051,89,2670,13365,100
2791733577587546,600051,89,2670,13365,100
2791733582699123,600051,89,2670,13365,100
2791733587812458,600051,89,2670,13365,100
2791733592924211,599966,89,2670,13365,100
2791733598038016,599966,89,2670,13365,100
2791733603149299,599966,89,2670,13365,100
2791733608261072,599966,89,2670,13365,100
2791733613372615,599966,89,2670,13365,100
2791733618485209,599966,89,2670,13365,100
2791733623597762,599966,89,2670,13365,100
2791733628709357,599966,89,2670,13365,100
2791733633820932,599966,89,2670,13365,100
2791733638932670,599966,89,2670,13365,100
2791733644044351,599966,89,2670,13365,100
2791733649157253,599966,89,2670,13365,100
2791733654269884,599966,89,2670,13365,100
2791733659381364,599966,89,2670,13365,100
2791733664492973,599966,89,2670,13365,100
2791733669604391,599966,89,2670,13365,100
2791733674716106,599966,89,2670,13365,100
2791733679827274,599966,89,2670,13365,100
2791733684938706,599966,89,2670,13365,100
2791733690050367,599966,89,2670,13365,100
2791733695162291,599966,89,2670,13365,100
2791733700275050,599966,89,2670,13365,100
2791733705386924,599966,89,2670,13365,100
2791733710498906,599966,89,2670,13365,100
2791733715610683,599966,89,2670,13365,100
2791733720722162,599966,89,2670,13365,100
2791733725833726,599966,89,2670,13365,100
2791733730945484,599966,89,2670,13365,100
2791733736056850,599966,89,2670,13365,100
2791733741168091,599966,89,2670,13365,100
2791733746279531,599966,89,2670,13365,100
2791733751393894,599966,89,2670,13365,100
2791733756506948,599966,89,2670,13365,100
2791733761618381,599966,89,2670,13365,100
2791733766729885,599966,89,2670,13365,100
2791733771841377,599966,89,2670,13365,100
2791733776952814,599966,89,2670,13365,100
2791733782064395,599966,89,2670,13365,100
2791733787177614,599966,89,2670,13365,100
2791733792289417,599966,89,2670,13365,100
2791733797400603,599966,89,2670,13365,100
2791733802513320,599966,89,2670,13365,100
2791733807624682,599966,89,2670,13365,100
2791733812736347,599966,89,2670,13365,100
2791733817848785,599966,89,2670,13365,100
2791733822960214,599966,89,2670,13365,100
2791733828071713,599966,89,2670,13365,100
2791733833183166,599966,89,2670,13365,100
2791733838294615,599966,89,2670,13365,100
2791733843406383,599966,89,2670,13365,100
2791733848519163,599966,89,2670,13365,100
2791733853632150,599966,89,2670,13365,100
2791733858743736,599966,89,2670,13365,100
2791733863855009,599966,89,2670,13365,100
2791733868966601,599966,89,2670,13365,100
2791733874078029,599966,89,2670,13365,100
2791733879190532,599966,89,2670,13365,100
2791733884301863,599966,89,2670,13365,100
2791733889413575,599966,89,2670,13365,100
2791733894524951,599966,89,2670,13365,100
2791733899636448,599966,89,2670,13365,100
2791733904749400,599966,89,2670,13365,100
2791733909861811,599966,89,2670,13365,100
2791733914974477,599966,89,2670,13365,100
2791733920087389,599966,89,2670,13365,100
2791733925200491,599966,89,2670,13365,100
2791733930312542,599966,89,2670,13365,100
2791733935426067,599966,89,2670,13365,100
2791733940538907,599966,89,2670,13365,100
2791733945650540,599966,89,2670,13365,100
2791733950761852,599966,89,2670,13365,100
2791733955874765,599966,89,2670,13365,100
2791733960986184,599966,89,2670,13365,100
2791733966118212,599966,89,2670,13365,100
2791733971235023,599966,89,2670,13365,100
2791733976346701,599966,89,2670,13365,100
2791733981458290,599966,89,2670,13365,100
2791733986571177,599966,89,2670,13365,100
2791733991683727,599966,89,2670,13365,100
2791733996797331,599966,89,2670,13365,100
2791734001909750,599966,89,2670,13365,100
2791734007023744,599966,89,2670,13365,100
2791734012135152,599966,89,2670,13365,100
2791734017246513,599966,89,2670,13365,100
2791734022357877,599966,89,2670,13365,100
2791734027471532,599966,89,2670,13365,100
2791734032583471,599966,89,2670,13365,100
2791734037695119,599966,89,2670,13365,100
2791734042806543,599966,89,2670,13365,100
2791734047917915,599966,89,2670,13365,100
2791734053029547,599966,89,2670,13365,100
2791734058142296,599966,89,2670,13365,100
2791734063255570,599966,89,2670,13365,100
2791734068367197,599966,89,2670,13365,100
2791734073478592,599966,89,2670,13365,100
2791734078590098,599966,89,2670,13365,100
2791734083701538,599966,89,2670,13365,100
2791734088813050,600123,89,2670,13365,100
2791734093927223,600123,89,2670,13365,100
2791734099039399,600123,89,2670,13365,100
2791734104150820,600123,89,2670,13365,100
2791734109263737,600123,89,2670,13365,100
2791734114375156,600123,89,2670,13365,100
2791734119487417,600123,89,2670,13365,100
2791734124599294,600123,89,2670,13365,100
2791734129724214,600123,89,2670,13365,100
2791734134835934,600123,89,2670,13365,100
2791734139947538,600123,89,2670,13365,100
2791734145059039,600123,89,2670,13365,100
2791734150170178,600123,89,2670,13365,100
2791734155281955,600123,89,2670,13365,100
2791734160396901,600123,89,2670,13365,100
2791734165508680,600123,89,2670,13365,100
2791734170620010,600123,89,2670,13365,100
2791734175731862,600123,89,2670,13365,100
2791734180843126,600123,89,2670,13365,100
2791734185954618,600123,89,2670,13365,100
2791734191065782,600123,89,2670,13365,100
2791734196177987,600123,89,2670,13365,100
2791734201289936,600123,89,2670,13365,100
2791734206402100,600123,89,2670,13365,100
2791734211514985,600123,89,2670,13365,100
2791734216626397,600123,89,2670,13365,100
2791734221737737,600123,89,2670,13365,100
2791734226851338,600123,89,2670,13365,100
2791734231962928,600123,89,2670,13365,100
2791734237074286,600123,89,2670,13365,100
2791734242185815,600123,89,2670,13365,100
2791734247297160,600123,89,2670,13365,100
2791734252408715,600123,89,2670,13365,100
2791734257521138,600123,89,2670,13365,100
2791734262633709,600123,89,2670,13365,100
2791734267745452,600123,89,2670,13365,100
2791734272857157,600123,89,2670,13365,100
2791734277969697,600123,89,2670,13365,100
2791734283080962,600123,89,2670,13365,100
2791734288192499,600123,89,2670,13365,100
2791734293305847,600123,89,2670,13365,100
2791734298417851,600123,89,2670,13365,100
2791734303529703,600123,89,2670,13365,100
2791734308642314,600123,89,2670,13365,100
2791734313755312,600123,89,2670,13365,100
2791734318867077,600123,89,2670,13365,100
2791734323979195,600123,89,2670,13365,100
2791734329090890,600123,89,2670,13365,100
2791734334202416,600123,89,2670,13365,100
2791734339314303,600123,89,2670,13365,100
2791734344425779,600123,89,2670,13365,100
2791734349537968,600123,89,2670,13365,100
2791734354649500,600123,89,2670,13365,100
2791734359762140,600123,89,2670,13365,100
2791734364874917,600123,89,2670,13365,100
2791734369986289,600123,89,2670,13365,100
2791734375114261,600123,89,2670,13365,100
2791734380226106,600123,89,2670,13365,100
2791734385337234,600123,89,2670,13365,100
2791734390448892,600123,89,2670,13365,100
2791734395570943,600123,89,2670,13365,100
2791734400682079,600123,89,2670,13365,100
2791734405795378,600123,89,2670,13365,100
2791734410907116,600123,89,2670,13365,100
2791734416020353,600123,89,2670,13365,100
2791734421131926,600123,89,2670,13365,100
2791734426260109,600123,89,2670,13365,100
2791734431371866,600123,89,2670,13365,100
2791734436484670,600123,89,2670,13365,100
2791734441596029,600123,89,2670,13365,100
2791734446707673,600123,89,2670,13365,100
2791734451819083,600123,89,2670,13365,100
2791734456930815,600123,89,2670,13365,100
2791734462042644,600123,89,2670,13365,100
2791734467156318,600123,89,2670,13365,100
2791734472267970,600123,89,2670,13365,100
2791734477379509,600123,89,2670,13365,100
2791734482491092,600123,89,2670,13365,100
2791734487603758,600123,89,2670,13365,100
2791734492715346,600123,89,2670,13365,100
2791734497826791,600123,89,2670,13365,100
2791734502938575,600123,89,2670,13365,100
2791734508050416,600123,89,2670,13365,100
2791734513161905,600123,89,2670,13365,100
2791734518277808,600123,89,2670,13365,100
2791734523389281,600123,89,2670,13365,100
2791734528500862,600123,89,2670,13365,100
2791734533612616,600123,89,2670,13365,100
2791734538724198,600123,89,2670,13365,100
2791734543835890,600123,89,2670,13365,100
2791734548964995,600123,89,2670,13365,100
2791734554077946,600123,89,2670,13365,100
2791734559189736,600123,89,2670,13365,100
2791734564301733,600123,89,2670,13365,100
2791734569414708,600123,89,2670,13365,100
2791734574526283,600123,89,2670,13365,100
2791734579637968,600123,89,2670,13365,100
2791734584750602,600123,89,2670,13365,100
2791734589862086,599922,89,2662,13365,100
2791734594975115,599922,89,2662,13365,100
2791734600086639,599922,89,2662,13365,100
2791734605197812,599922,89,2662,13365,100
2791734610309140,599922,89,2662,13365,100
2791734615420692,599922,89,2662,13365,100
2791734620534592,599922,89,2662,13365,100
2791734625646127,599922,89,2662,13365,100
2791734630757761,599922,89,2662,13365,100
2791734635869498,599922,89,2662,13365,100
2791734640981279,599922,89,2662,13365,100
2791734646093075,599922,89,2662,13365,100
2791734651204629,599922,89,2662,13365,100
2791734656316116,599922,89,2662,13365,100
2791734661427753,599922,89,2662,13365,100
2791734666539576,599922,89,2662,13365,100
2791734671652857,599922,89,2662,13365,100
2791734676765541,599922,89,2662,13365,100
2791734681877138,599922,89,2662,13365,100
2791734686988595,599922,89,2662,13365,100
2791734692117314,599922,89,2662,13365,100
2791734697228859,599922,89,2662,13365,100
2791734702340628,599922,89,2662,13365,100
2791734707452312,599922,89,2662,13365,100
2791734712563520,599922,89,2662,13365,100
2791734717674876,599922,89,2662,13365,100
2791734722789081,599922,89,2662,13365,100
2791734727900417,599922,89,2662,13365,100
2791734733035858,599922,89,2662,13365,100
2791734738147490,599922,89,2662,13365,100
2791734743259543,599922,89,2662,13365,100
2791734748371159,599922,89,2662,13365,100
2791734753482613,599922,89,2662,13365,100
2791734758594360,599922,89,2662,13365,100
2791734763706104,599922,89,2662,13365,100
2791734768819136,599922,89,2662,13365,100
2791734773932023,599922,89,2662,13365,100
2791734779043889,599922,89,2662,13365,100
2791734784171364,599922,89,2662,13365,100
2791734789282956,599922,89,2662,13365,100
2791734794394618,599922,89,2662,13365,100
2791734799506995,599922,89,2662,13365,100
2791734804618839,599922,89,2662,13365,100
2791734809730495,599922,89,2662,13365,100
2791734814842108,599922,89,2662,13365,100
2791734819953564,599922,89,2662,13365,100
2791734825066796,599922,89,2662,13365,100
2791734830178137,599922,89,2662,13365,100
2791734835291046,599922,89,2662,13365,100
2791734840404007,599922,89,2662,13365,100
2791734845516402,599922,89,2662,13365,100
2791734850627921,599922,89,2662,13365,100
2791734855739531,599922,89,2662,13365,100
2791734860850992,599922,89,2662,13365,100
2791734865962748,599922,89,2662,13365,100
2791734871075706,599922,89,2662,13365,100
2791734876190093,599922,89,2662,13365,100
2791734881323446,599922,89,2662,13365,100
2791734886435154,599922,89,2662,13365,100
2791734891546790,599922,89,2662,13365,100
2791734896658230,599922,89,2662,13365,100
2791734901770067,599922,89,2662,13365,100
2791734906881884,599922,89,2662,13365,100
2791734911994519,599922,89,2662,13365,100
2791734917124968,599922,89,2662,13365,100
2791734922236788,599922,89,2662,13365,100
2791734927349847,599922,89,2662,13365,100
2791734932461501,599922,89,2662,13365,100
2791734937572945,599922,89,2662,13365,100
2791734942684434,599922,89,2662,13365,100
2791734947796723,599922,89,2662,13365,100
2791734952908283,599922,89,2662,13365,100
2791734958019612,599922,89,2662,13365,100
2791734963131467,599922,89,2662,13365,100
2791734968242940,599922,89,2662,13365,100
2791734973354267,599922,89,2662,13365,100
2791734978469051,599922,89,2662,13365,100
2791734983580597,599922,89,2662,13365,100
2791734988692533,599922,89,2662,13365,100
2791734993803890,599922,89,2662,13365,100
2791734998915538,599922,89,2662,13365,100
2791735004027193,599922,89,2662,13365,100
2791735009138825,599922,89,2662,13365,100
2791735014250236,599922,89,2662,13365,100
2791735019361568,599922,89,2662,13365,100
2791735024473116,599922,89,2662,13365,100
2791735029586245,599922,89,2662,13365,100
2791735034697969,599922,89,2662,13365,100
2791735039809304,599922,89,2662,13365,100
2791735044921776,599922,89,2662,13365,100
2791735050033787,599922,89,2662,13365,100
2791735055145352,599922,89,2662,13365,100
2791735060257251,599922,89,2662,13365,100
2791735065368656,599922,89,2662,13365,100
2791735070479929,599922,89,2662,13365,100
2791735075592544,599922,89,2662,13365,100
2791735080705474,599922,89,2662,13365,100
2791735085816833,599922,89,2662,13365,100
2791735090928578,599874,89,2662,13365,100
2791735096041053,599874,89,2662,13365,100
2791735101152623,599874,89,2662,13365,100
2791735106264427,599874,89,2662,13365,100
2791735111375715,599874,89,2662,13365,100
2791735116487592,599874,89,2662,13365,100
2791735121599209,599874,89,2662,13365,100
2791735126710713,599874,89,2662,13365,100
2791735131823853,599874,89,2662,13365,100
2791735136935668,599874,89,2662,13365,100
2791735142048242,599874,89,2662,13365,100
2791735147160377,599874,89,2662,13365,100
2791735152271781,599874,89,2662,13365,100
2791735157401019,599874,89,2662,13365,100
2791735162512655,599874,89,2662,13365,100
2791735167624156,599874,89,2662,13365,100
2791735172737364,599874,89,2662,13365,100
2791735177849517,599874,89,2662,13365,100
2791735182962507,599874,89,2662,13365,100
2791735188073787,599874,89,2662,13365,100
2791735193185356,599874,89,2662,13365,100
2791735198297122,599874,89,2662,13365,100
2791735203408679,599874,89,2662,13365,100
2791735208521459,599874,89,2662,13365,100
2791735213632874,599874,89,2662,13365,100
2791735218744572,599874,89,2662,13365,100
2791735223856676,599874,89,2662,13365,100
2791735228968537,599874,89,2662,13365,100
2791735234081670,599874,89,2662,13365,100
2791735239194585,599874,89,2662,13365,100
2791735244306294,599874,89,2662,13365,100
2791735249417963,599874,89,2662,13365,100
2791735254529715,599874,89,2662,13365,100
2791735259641119,599874,89,2662,13365,100
2791735264752612,599874,89,2662,13365,100
2791735269864448,599874,89,2662,13365,100
2791735274976460,599874,89,2662,13365,100
2791735280087921,599874,89,2662,13365,100
2791735285200530,599874,89,2662,13365,100
2791735290312190,599874,89,2662,13365,100
2791735295423519,599874,89,2662,13365,100
2791735300535031,599874,89,2662,13365,100
2791735305647813,599874,89,2662,13365,100
2791735310759996,599874,89,2662,13365,100
2791735315871772,599874,89,2662,13365,100
2791735320983174,599874,89,2662,13365,100
2791735326111733,599874,89,2662,13365,100
2791735331223423,599874,89,2662,13365,100
2791735336336618,599874,89,2662,13365,100
2791735341448184,599874,89,2662,13365,100
2791735346559848,599874,89,2662,13365,100
2791735351671455,599874,89,2662,13365,100
2791735356784831,599874,89,2662,13365,100
2791735361902800,599874,89,2662,13365,100
2791735367027679,599874,89,2662,13365,100
2791735372139764,599874,89,2662,13365,100
2791735377251380,599874,89,2662,13365,100
2791735382362745,599874,89,2662,13365,100
2791735387476182,599874,89,2662,13365,100
2791735392587961,599874,89,2662,13365,100
2791735397699507,599874,89,2662,13365,100
2791735402812795,599874,89,2662,13365,100
2791735407924687,599874,89,2662,13365,100
2791735413036253,599874,89,2662,13365,100
2791735418148124,599874,89,2662,13365,100
2791735423259649,599874,89,2662,13365,100
2791735428370988,599874,89,2662,13365,100
2791735433482813,599874,89,2662,13365,100
2791735438611969,599874,89,2662,13365,100
2791735443723826,599874,89,2662,13365,100
2791735448835866,599874,89,2662,13365,100
2791735453947599,599874,89,2662,13365,100
2791735459059133,599874,89,2662,13365,100
2791735464170511,599874,89,2662,13365,100
2791735469283280,599874,89,2662,13365,100
2791735474394752,599874,89,2662,13365,100
2791735479506457,599874,89,2662,13365,100
2791735484618202,599874,89,2662,13365,100
2791735489731245,599874,89,2662,13365,100
2791735494842962,599874,89,2662,13365,100
2791735499955679,599874,89,2662,13365,100
2791735505067499,599874,89,2662,13365,100
2791735510178959,599874,89,2662,13365,100
2791735515290648,599874,89,2662,13365,100
2791735520401872,599874,89,2662,13365,100
2791735525513388,599874,89,2662,13365,100
2791735530624900,599874,89,2662,13365,100
2791735535737421,599874,89,2662,13365,100
2791735540850536,599874,89,2662,13365,100
2791735545962430,599874,89,2662,13365,100
2791735551073763,599874,89,2662,13365,100
2791735556185391,599874,89,2662,13365,100
2791735561296955,599874,89,2662,13365,100
2791735566409940,599874,89,2662,13365,100
2791735571521612,599874,89,2662,13365,100
2791735576633156,599874,89,2662,13365,100
2791735581753837,599874,89,2662,13365,100
2791735586865154,599874,89,2662,13365,100
2791735591978529,600022,89,2662,13365,100
2791735597091194,600022,89,2662,13365,100
2791735602205496,600022,89,2662,13365,100
2791735607316963,600022,89,2662,13365,100
2791735612428823,600022,89,2662,13365,100
2791735617540128,600022,89,2662,13365,100
2791735622651688,600022,89,2662,13365,100
2791735627763096,600022,89,2662,13365,100
2791735632876121,600022,89,2662,13365,100
2791735637987541,600022,89,2662,13365,100
2791735643117562,600022,89,2662,13365,100
2791735648229102,600022,89,2662,13365,100
2791735653340715,600022,89,2662,13365,100
2791735658452225,600022,89,2662,13365,100
2791735663563736,600022,89,2662,13365,100
2791735668675404,600022,89,2662,13365,100
2791735673788090,600022,89,2662,13365,100
2791735678899762,600022,89,2662,13365,100
2791735684029085,600022,89,2662,13365,100
2791735689141113,600022,89,2662,13365,100
2791735694253926,600022,89,2662,13365,100
2791735699365447,600022,89,2662,13365,100
2791735704477255,600022,89,2662,13365,100
2791735709588854,600022,89,2662,13365,100
2791735714700559,600022,89,2662,13365,100
2791735719813056,600022,89,2662,13365,100
2791735724925354,600022,89,2662,13365,100
2791735730036981,600022,89,2662,13365,100
2791735735148409,600022,89,2662,13365,100
2791735740268317,600022,89,2662,13365,100
2791735745381339,600022,89,2662,13365,100
2791735750494370,600022,89,2662,13365,100
2791735755606070,600022,89,2662,13365,100
2791735760717513,600022,89,2662,13365,100
2791735765829191,600022,89,2662,13365,100
2791735770940874,600022,89,2662,13365,100
2791735776052578,600022,89,2662,13365,100
2791735781163841,600022,89,2662,13365,100
2791735786276187,600022,89,2662,13365,100
2791735791388893,600022,89,2662,13365,100
2791735796501909,600022,89,2662,13365,100
2791735801613830,600022,89,2662,13365,100
2791735806725338,600022,89,2662,13365,100
2791735811836627,600022,89,2662,13365,100
2791735816948214,600022,89,2662,13365,100
2791735822060908,600022,89,2662,13365,100
2791735827172524,600022,89,2662,13365,100
2791735832284029,600022,89,2662,13365,100
2791735837395257,600022,89,2662,13365,100
2791735842506834,600022,89,2662,13365,100
2791735847619794,600022,89,2662,13365,100
2791735852730783,600022,89,2662,13365,100
2791735857842278,600022,89,2662,13365,100
2791735862953479,600022,89,2662,13365,100
2791735868065538,600022,89,2662,13365,100
2791735873177344,600022,89,2662,13365,100
2791735878288961,600022,89,2662,13365,100
2791735883400624,600022,89,2662,13365,100
2791735888513130,600022,89,2662,13365,100
2791735893624667,600022,89,2662,13365,100
2791735898737664,600022,89,2662,13365,100
2791735903849287,600022,89,2662,13365,100
2791735908960979,600022,89,2662,13365,100
2791735914072667,600022,89,2662,13365,100
2791735919185591,600022,89,2662,13365,100
2791735924296816,600022,89,2662,13365,100
2791735929408565,600022,89,2662,13365,100
2791735934520517,600022,89,2662,13365,100
2791735939631673,600022,89,2662,13365,100
2791735944743750,600022,89,2662,13365,100
2791735949856874,600022,89,2662,13365,100
2791735954970306,600022,89,2662,13365,100
2791735960082005,600022,89,2662,13365,100
2791735965193380,600022,89,2662,13365,100
2791735970305120,600022,89,2662,13365,100
2791735975416520,600022,89,2662,13365,100
2791735980528300,600022,89,2662,13365,100
2791735985640385,600022,89,2662,13365,100
2791735990752513,600022,89,2662,13365,100
2791735995863862,600022,89,2662,13365,100
2791736000977214,600022,89,2662,13365,100
2791736006088526,600022,89,2662,13365,100
2791736011200203,600022,89,2662,13365,100
2791736016311995,600022,89,2662,13365,100
2791736021423584,600022,89,2662,13365,100
2791736026535588,600022,89,2662,13365,100
2791736031647279,600022,89,2662,13365,100
2791736036758853,600022,89,2662,13365,100
2791736041870373,600022,89,2662,13365,100
2791736046981874,600022,89,2662,13365,100
2791736052111406,600022,89,2662,13365,100
2791736057223114,600022,89,2662,13365,100
2791736062334527,600022,89,2662,13365,100
2791736067445879,600022,89,2662,13365,100
2791736072557428,600022,89,2662,13365,100
2791736077668873,600022,89,2662,13365,100
2791736082781737,600022,89,2662,13365,100
2791736087893229,600022,89,2662,13365,100
2791736093020421,599971,89,2662,13365,100
2791736098133022,599971,89,2662,13365,100
2791736103246610,599971,89,2662,13365,100
2791736108359198,599971,89,2662,13365,100
2791736113471607,599971,89,2662,13365,100
2791736118583861,599971,89,2662,13365,100
2791736123697800,599971,89,2662,13365,100
2791736128810988,599971,89,2662,13365,100
2791736133922720,599971,89,2662,13365,100
2791736139034561,599971,89,2662,13365,100
2791736144146345,599971,89,2662,13365,100
2791736149257953,599971,89,2662,13365,100
2791736154371534,599971,89,2662,13365,100
2791736159484978,599971,89,2662,13365,100
2791736164596483,599971,89,2662,13365,100
2791736169708152,599971,89,2662,13365,100
2791736174819932,599971,89,2662,13365,100
2791736179933240,599971,89,2662,13365,100
2791736185044613,599971,89,2662,13365,100
2791736190156277,599971,89,2662,13365,100
2791736195267789,599971,89,2662,13365,100
2791736200379162,599971,89,2662,13365,100
2791736205491842,599971,89,2662,13365,100
2791736210603143,599971,89,2662,13365,100
2791736215738971,599971,89,2662,13365,100
2791736220850731,599971,89,2662,13365,100
2791736225962479,599971,89,2662,13365,100
2791736231074056,599971,89,2662,13365,100
2791736236185881,599971,89,2662,13365,100
2791736241297594,599971,89,2662,13365,100
2791736246410693,599971,89,2662,13365,100
2791736251522118,599971,89,2662,13365,100
2791736256635154,599971,89,2662,13365,100
2791736261746906,599971,89,2662,13365,100
2791736266858656,599971,89,2662,13365,100
2791736271970513,599971,89,2662,13365,100
2791736277083510,599971,89,2662,13365,100
2791736282195248,599971,89,2662,13365,100
2791736287306921,599971,89,2662,13365,100
2791736292418503,599971,89,2662,13365,100
2791736297529810,599971,89,2662,13365,100
2791736302641632,599971,89,2662,13365,100
2791736307754946,599971,89,2662,13365,100
2791736312867583,599971,89,2662,13365,100
2791736317979525,599971,89,2662,13365,100
2791736323090923,599971,89,2662,13365,100
2791736328202724,599971,89,2662,13365,100
2791736333314421,599971,89,2662,13365,100
2791736338426401,599971,89,2662,13365,100
2791736343539597,599971,89,2662,13365,100
2791736348651614,599971,89,2662,13365,100
2791736353783086,599971,89,2662,13365,100
2791736358896119,599971,89,2662,13365,100
2791736364023791,599971,89,2662,13365,100
2791736369135951,599971,89,2662,13365,100
2791736374247739,599971,89,2662,13365,100
2791736379359251,599971,89,2662,13365,100
2791736384470881,599971,89,2662,13365,100
2791736389582637,599971,89,2662,13365,100
2791736394694146,599971,89,2662,13365,100
2791736399807476,599971,89,2662,13365,100
2791736404919130,599971,89,2662,13365,100
2791736410032570,599971,89,2662,13365,100
2791736415144442,599971,89,2662,13365,100
2791736420255635,599971,89,2662,13365,100
2791736425367024,599971,89,2662,13365,100
2791736430479052,599971,89,2662,13365,100
2791736435590577,599971,89,2662,13365,100
2791736440702121,599971,89,2662,13365,100
2791736445813410,599971,89,2662,13365,100
2791736450925160,599971,89,2662,13365,100
2791736456036866,599971,89,2662,13365,100
2791736461150134,599971,89,2662,13365,100
2791736466262961,599971,89,2662,13365,100
2791736471374371,599971,89,2662,13365,100
2791736476485884,599971,89,2662,13365,100
2791736481597524,599971,89,2662,13365,100
2791736486708820,599971,89,2662,13365,100
2791736491820333,599971,89,2662,13365,100
2791736496933241,599971,89,2662,13365,100
2791736502044822,599971,89,2662,13365,100
2791736507156510,599971,89,2662,13365,100
2791736512269867,599971,89,2662,13365,100
2791736517381371,599971,89,2662,13365,100
2791736522493036,599971,89,2662,13365,100
2791736527604476,599971,89,2662,13365,100
2791736532717205,599971,89,2662,13365,100
2791736537828633,599971,89,2662,13365,100
2791736542940187,599971,89,2662,13365,100
2791736548051842,599971,89,2662,13365,100
2791736553163574,599971,89,2662,13365,100
2791736558275102,599971,89,2662,13365,100
2791736563389455,599971,89,2662,13365,100
2791736568501231,599971,89,2662,13365,100
2791736573613371,599971,89,2662,13365,100
2791736578724830,599971,89,2662,13365,100
2791736583836335,599971,89,2662,13365,100
2791736588947741,600000,89,2662,13365,100
2791736594060325,600000,89,2662,13365,100
2791736599172448,600000,89,2662,13365,100
2791736604284062,600000,89,2662,13365,100
2791736609396026,600000,89,2662,13365,100
2791736614509261,600000,89,2662,13365,100
2791736619620519,600000,89,2662,13365,100
2791736624732176,600000,89,2662,13365,100
2791736629845349,600000,89,2662,13365,100
2791736634957057,600000,89,2662,13365,100
2791736640068412,600000,89,2662,13365,100
2791736645180017,600000,89,2662,13365,100
2791736650291781,600000,89,2662,13365,100
2791736655405546,600000,89,2662,13365,100
2791736660519019,600000,89,2662,13365,100
2791736665633847,600000,89,2662,13365,100
2791736670746411,600000,89,2662,13365,100
2791736675859024,600000,89,2662,13365,100
2791736680973998,600000,89,2662,13365,100
2791736686087368,600000,89,2662,13365,100
2791736691199641,600000,89,2662,13365,100
2791736696312621,600000,89,2662,13365,100
2791736701425805,600000,89,2662,13365,100
2791736706539135,600000,89,2662,13365,100
2791736711651505,600000,89,2662,13365,100
2791736716765263,600000,89,2662,13365,100
2791736721877334,600000,89,2662,13365,100
2791736726989551,600000,89,2662,13365,100
2791736732121150,600000,89,2662,13365,100
2791736737233816,600000,89,2662,13365,100
2791736742346049,600000,89,2662,13365,100
2791736747474865,600000,89,2662,13365,100
2791736752586558,600000,89,2662,13365,100
2791736757698478,600000,89,2662,13365,100
2791736762811347,600000,89,2662,13365,100
2791736767925999,600000,89,2662,13365,100
2791736773037803,600000,89,2662,13365,100
2791736778148822,600000,89,2662,13365,100
2791736783260360,600000,89,2662,13365,100
2791736788372124,600000,89,2662,13365,100
2791736793483455,600000,89,2662,13365,100
2791736798595781,600000,89,2662,13365,100
2791736803715337,600000,89,2662,13365,100
2791736808826934,600000,89,2662,13365,100
2791736813938342,600000,89,2662,13365,100
2791736819051663,600000,89,2662,13365,100
2791736824163091,600000,89,2662,13365,100
2791736829274748,600000,89,2662,13365,100
2791736834387792,600000,89,2662,13365,100
2791736839499273,600000,89,2662,13365,100
2791736844611089,600000,89,2662,13365,100
2791736849722633,600000,89,2662,13365,100
2791736854834348,600000,89,2662,13365,100
2791736859945927,600000,89,2662,13365,100
2791736865059877,600000,89,2662,13365,100
2791736870173594,600000,89,2662,13365,100
2791736875285155,600000,89,2662,13365,100
2791736880396704,600000,89,2662,13365,100
2791736885507952,600000,89,2662,13365,100
2791736890619759,600000,89,2662,13365,100
2791736895731029,600000,89,2662,13365,100
2791736900843175,600000,89,2662,13365,100
2791736905954926,600000,89,2662,13365,100
2791736911066586,600000,89,2662,13365,100
2791736916178375,600000,89,2662,13365,100
2791736921291743,600000,89,2662,13365,100
2791736926403404,600000,89,2662,13365,100
2791736931516580,600000,89,2662,13365,100
2791736936628028,600000,89,2662,13365,100
2791736941739690,600000,89,2662,13365,100
2791736946851481,600000,89,2662,13365,100
2791736951962966,600000,89,2662,13365,100
2791736957074782,600000,89,2662,13365,100
2791736962187979,600000,89,2662,13365,100
2791736967299679,600000,89,2662,13365,100
2791736972412987,600000,89,2662,13365,100
2791736977524783,600000,89,2662,13365,100
2791736982636204,600000,89,2662,13365,100
2791736987747721,600000,89,2662,13365,100
2791736992861135,600000,89,2662,13365,100
2791736997974361,600000,89,2662,13365,100
2791737003086085,600000,89,2662,13365,100
2791737008198834,600000,89,2662,13365,100
2791737013311170,600000,89,2662,13365,100
2791737018423403,600000,89,2662,13365,100
2791737023537667,600000,89,2662,13365,100
2791737028651267,600000,89,2662,13365,100
2791737033764642,600000,89,2662,13365,100
2791737038877134,600000,89,2662,13365,100
2791737043989841,600000,89,2662,13365,100
2791737049116850,600000,89,2662,13365,100
2791737054229673,600000,89,2662,13365,100
2791737059341698,600000,89,2662,13365,100
2791737064454090,600000,89,2662,13365,100
2791737069566373,600000,89,2662,13365,100
2791737074679831,600000,89,2662,13365,100
2791737079791971,600000,89,2662,13365,100
2791737084903728,600000,89,2662,13365,100
2791737090026525,600194,89,2662,13365,100
2791737095139324,600194,89,2662,13365,100
2791737100251017,600194,89,2662,13365,100
2791737105362922,600194,89,2662,13365,100
2791737110474586,600194,89,2662,13365,100
2791737115586258,600194,89,2662,13365,100
2791737120697857,600194,89,2662,13365,100
2791737125812715,600194,89,2662,13365,100
2791737130924335,600194,89,2662,13365,100
2791737136036048,600194,89,2662,13365,100
2791737141148044,600194,89,2662,13365,100
2791737146259509,600194,89,2662,13365,100
2791737151371013,600194,89,2662,13365,100
2791737156483881,600194,89,2662,13365,100
2791737161595254,600194,89,2662,13365,100
2791737166706999,600194,89,2662,13365,100
2791737171818351,600194,89,2662,13365,100
2791737176932315,600194,89,2662,13365,100
2791737182043839,600194,89,2662,13365,100
2791737187160144,600194,89,2662,13365,100
2791737192272517,600194,89,2662,13365,100
2791737197384143,600194,89,2662,13365,100
2791737202496201,600194,89,2662,13365,100
2791737207607906,600194,89,2662,13365,100
2791737212719724,600194,89,2662,13365,100
2791737217831470,600194,89,2662,13365,100
2791737222944903,600194,89,2662,13365,100
2791737228058048,600194,89,2662,13365,100
2791737233169862,600194,89,2662,13365,100
2791737238281132,600194,89,2662,13365,100
2791737243392645,600194,89,2662,13365,100
2791737248504009,600194,89,2662,13365,100
2791737253617057,600194,89,2662,13365,100
2791737258728349,600194,89,2662,13365,100
2791737263839882,600194,89,2662,13365,100
2791737268951493,600194,89,2662,13365,100
2791737274063224,600194,89,2662,13365,100
2791737279176381,600194,89,2662,13365,100
2791737284287958,600194,89,2662,13365,100
2791737289399704,600194,89,2662,13365,100
2791737294511413,600194,89,2662,13365,100
2791737299623046,600194,89,2662,13365,100
2791737304734670,600194,89,2662,13365,100
2791737309847030,600194,89,2662,13365,100
2791737314958623,600194,89,2662,13365,100
2791737320071615,600194,89,2662,13365,100
2791737325182923,600194,89,2662,13365,100
2791737330295924,600194,89,2662,13365,100
2791737335407700,600194,89,2662,13365,100
2791737340519168,600194,89,2662,13365,100
2791737345631229,600194,89,2662,13365,100
2791737350744609,600194,89,2662,13365,100
2791737355856527,600194,89,2662,13365,100
2791737360968114,600194,89,2662,13365,100
2791737366079618,600194,89,2662,13365,100
2791737371192823,600194,89,2662,13365,100
2791737376305619,600194,89,2662,13365,100
2791737381420291,600194,89,2662,13365,100
2791737386531880,600194,89,2662,13365,100
2791737391643709,600194,89,2662,13365,100
2791737396755248,600194,89,2662,13365,100
2791737401882714,600194,89,2662,13365,100
2791737406994078,600194,89,2662,13365,100
2791737412124988,600194,89,2662,13365,100
2791737417236651,600194,89,2662,13365,100
2791737422347859,600194,89,2662,13365,100
2791737427459681,600194,89,2662,13365,100
2791737432572999,600194,89,2662,13365,100
2791737437684583,600194,89,2662,13365,100
2791737442797373,600194,89,2662,13365,100
2791737447909207,600194,89,2662,13365,100
2791737453020943,600194,89,2662,13365,100
2791737458132641,600194,89,2662,13365,100
2791737463244167,600194,89,2662,13365,100
2791737468355664,600194,89,2662,13365,100
2791737473468079,600194,89,2662,13365,100
2791737478579805,600194,89,2662,13365,100
2791737483692790,600194,89,2662,13365,100
2791737488804294,600194,89,2662,13365,100
2791737493916101,600194,89,2662,13365,100
2791737499027825,600194,89,2662,13365,100
2791737504139381,600194,89,2662,13365,100
2791737509252210,600194,89,2662,13365,100
2791737514363526,600194,89,2662,13365,100
2791737519475181,600194,89,2662,13365,100
2791737524586655,600194,89,2662,13365,100
2791737529698179,600194,89,2662,13365,100
2791737534811294,600194,89,2662,13365,100
2791737539923800,600194,89,2662,13365,100
2791737545035532,600194,89,2662,13365,100
2791737550147625,600194,89,2662,13365,100
2791737555259147,600194,89,2662,13365,100
2791737560370722,600194,89,2662,13365,100
2791737565482194,600194,89,2662,13365,100
2791737570593587,600194,89,2662,13365,100
2791737575705231,600194,89,2662,13365,100
2791737580816608,600194,89,2662,13365,100
2791737585929411,600194,89,2662,13365,100
2791737591040464,600039,89,2662,13365,100
2791737596152940,600039,89,2662,13365,100
2791737601264625,600039,89,2662,13365,100
2791737606377845,600039,89,2662,13365,100
2791737611489130,600039,89,2662,13365,100
2791737616600730,600039,89,2662,13365,100
2791737621712467,600039,89,2662,13365,100
2791737626823683,600039,89,2662,13365,100
2791737631934792,600039,89,2662,13365,100
2791737637049102,600039,89,2662,13365,100
2791737642160792,600039,89,2662,13365,100
2791737647272099,600039,89,2662,13365,100
2791737652383505,600039,89,2662,13365,100
2791737657495894,600039,89,2662,13365,100
2791737662607638,600039,89,2662,13365,100
2791737667719516,600039,89,2662,13365,100
2791737672832283,600039,89,2662,13365,100
2791737677943823,600039,89,2662,13365,100
2791737683055431,600039,89,2662,13365,100
2791737688168328,600039,89,2662,13365,100
2791737693279933,600039,89,2662,13365,100
2791737698391585,600039,89,2662,13365,100
2791737703504998,600039,89,2662,13365,100
2791737708618297,600039,89,2662,13365,100
2791737713730408,600039,89,2662,13365,100
2791737718844187,600039,89,2662,13365,100
2791737723956110,600039,89,2662,13365,100
2791737729067611,600039,89,2662,13365,100
2791737734179108,600039,89,2662,13365,100
2791737739292645,600039,89,2662,13365,100
2791737744404384,600039,89,2662,13365,100
2791737749516550,600039,89,2662,13365,100
2791737754628698,600039,89,2662,13365,100
2791737759740121,600039,89,2662,13365,100
2791737764851570,600039,89,2662,13365,100
2791737769963230,600039,89,2662,13365,100
2791737775074691,600039,89,2662,13365,100
2791737780186259,600039,89,2662,13365,100
2791737785299600,600039,89,2662,13365,100
2791737790412220,600039,89,2662,13365,100
2791737795528132,600039,89,2662,13365,100
2791737800654237,600039,89,2662,13365,100
2791737805765750,600039,89,2662,13365,100
2791737810877186,600039,89,2662,13365,100
2791737815990330,600039,89,2662,13365,100
2791737821132266,600039,89,2662,13365,100
2791737826243885,600039,89,2662,13365,100
2791737831355239,600039,89,2662,13365,100
2791737836466461,600039,89,2662,13365,100
2791737841579604,600039,89,2662,13365,100
2791737846691212,600039,89,2662,13365,100
2791737851804040,600039,89,2662,13365,100
2791737856915665,600039,89,2662,13365,100
2791737862027322,600039,89,2662,13365,100
2791737867139342,600039,89,2662,13365,100
2791737872250874,600039,89,2662,13365,100
2791737877362543,600039,89,2662,13365,100
2791737882474621,600039,89,2662,13365,100
2791737887585936,600039,89,2662,13365,100
2791737892698680,600039,89,2662,13365,100
2791737897810234,600039,89,2662,13365,100
2791737902921845,600039,89,2662,13365,100
2791737908033321,600039,89,2662,13365,100
2791737913145406,600039,89,2662,13365,100
2791737918258078,600039,89,2662,13365,100
2791737923369691,600039,89,2662,13365,100
2791737928480951,600039,89,2662,13365,100
2791737933592531,600039,89,2662,13365,100
2791737938703748,600039,89,2662,13365,100
2791737943816536,600039,89,2662,13365,100
2791737948928240,600039,89,2662,13365,100
2791737954039689,600039,89,2662,13365,100
2791737959168082,600039,89,2662,13365,100
2791737964279590,600039,89,2662,13365,100
2791737969390854,600039,89,2662,13365,100
2791737974502326,600039,89,2662,13365,100
2791737979613951,600039,89,2662,13365,100
2791737984725487,600039,89,2662,13365,100
2791737989837088,600039,89,2662,13365,100
2791737994949705,600039,89,2662,13365,100
2791738000061424,600039,89,2662,13365,100
2791738005173098,600039,89,2662,13365,100
2791738010284117,600039,89,2662,13365,100
2791738015396882,600039,89,2662,13365,100
2791738020508522,600039,89,2662,13365,100
2791738025619775,600039,89,2662,13365,100
2791738030731436,600039,89,2662,13365,100
2791738035843035,600039,89,2662,13365,100
2791738040954556,600039,89,2662,13365,100
2791738046068482,600039,89,2662,13365,100
2791738051179979,600039,89,2662,13365,100
2791738056307518,600039,89,2662,13365,100
2791738061419357,600039,89,2662,13365,100
2791738066544122,600039,89,2662,13365,100
2791738071655806,600039,89,2662,13365,100
2791738076767441,600039,89,2662,13365,100
2791738081879199,600039,89,2662,13365,100
2791738086990963,600039,89,2662,13365,100
2791738092122987,599980,89,2662,13365,100
2791738097237184,599980,89,2662,13365,100
2791738102348689,599980,89,2662,13365,100
2791738107460248,599980,89,2662,13365,100
2791738112571514,599980,89,2662,13365,100
2791738117683069,599980,89,2662,13365,100
2791738122796194,599980,89,2662,13365,100
2791738127907734,599980,89,2662,13365,100
2791738133019563,599980,89,2662,13365,100
2791738138130843,599980,89,2662,13365,100
2791738143242471,599980,89,2662,13365,100
2791738148355457,599980,89,2662,13365,100
2791738153467789,599980,89,2662,13365,100
2791738158579593,599980,89,2662,13365,100
2791738163691265,599980,89,2662,13365,100
2791738168802806,599980,89,2662,13365,100
2791738173914405,599980,89,2662,13365,100
2791738179026227,599980,89,2662,13365,100
2791738184137459,599980,89,2662,13365,100
2791738189249464,599980,89,2662,13365,100
2791738194361196,599980,89,2662,13365,100
2791738199474347,599980,89,2662,13365,100
2791738204585761,599980,89,2662,13365,100
2791738209697577,599980,89,2662,13365,100
2791738214809234,599980,89,2662,13365,100
2791738219921888,599980,89,2662,13365,100
2791738225033282,599980,89,2662,13365,100
2791738230144747,599980,89,2662,13365,100
2791738235256447,599980,89,2662,13365,100
2791738240368516,599980,89,2662,13365,100
2791738245479856,599980,89,2662,13365,100
2791738250593720,599980,89,2662,13365,100
2791738255705168,599980,89,2662,13365,100
2791738260816654,599980,89,2662,13365,100
2791738265927786,599980,89,2662,13365,100
2791738271039403,599980,89,2662,13365,100
2791738276150895,599980,89,2662,13365,100
2791738281262817,599980,89,2662,13365,100
2791738286374360,599980,89,2662,13365,100
2791738291485756,599980,89,2662,13365,100
2791738296597529,599980,89,2662,13365,100
2791738301710788,599980,89,2662,13365,100
2791738306822734,599980,89,2662,13365,100
2791738311934942,599980,89,2662,13365,100
2791738317047982,599980,89,2662,13365,100
2791738322159502,599980,89,2662,13365,100
2791738327271079,599980,89,2662,13365,100
2791738332382716,599980,89,2662,13365,100
2791738337494395,599980,89,2662,13365,100
2791738342605836,599980,89,2662,13365,100
2791738347718856,599980,89,2662,13365,100
2791738352831585,599980,89,2662,13365,100
2791738357943609,599980,89,2662,13365,100
2791738363055275,599980,89,2662,13365,100
2791738368166706,599980,89,2662,13365,100
2791738373278271,599980,89,2662,13365,100
2791738378390054,599980,89,2662,13365,100
2791738383502371,599980,89,2662,13365,100
2791738388614124,599980,89,2662,13365,100
2791738393732084,599980,89,2662,13365,100
2791738398843793,599980,89,2662,13365,100
2791738403956957,599980,89,2662,13365,100
2791738409068667,599980,89,2662,13365,100
2791738414180238,599980,89,2662,13365,100
2791738419292086,599980,89,2662,13365,100
2791738424404035,599980,89,2662,13365,100
2791738429515807,599980,89,2662,13365,100
2791738434627608,599980,89,2662,13365,100
2791738439739256,599980,89,2662,13365,100
2791738444850713,599980,89,2662,13365,100
2791738449962128,599980,89,2662,13365,100
2791738455075225,599980,89,2662,13365,100
2791738460188005,599980,89,2662,13365,100
2791738465299510,599980,89,2662,13365,100
2791738470411398,599980,89,2662,13365,100
2791738475522594,599980,89,2662,13365,100
2791738480634231,599980,89,2662,13365,100
2791738485745821,599980,89,2662,13365,100
2791738490861466,599980,89,2662,13365,100
2791738495973232,599980,89,2662,13365,100
2791738501085013,599980,89,2662,13365,100
2791738506198451,599980,89,2662,13365,100
2791738511310396,599980,89,2662,13365,100
2791738516421686,599980,89,2662,13365,100
2791738521533532,599980,89,2662,13365,100
2791738526646302,599980,89,2662,13365,100
2791738531758055,599980,89,2662,13365,100
2791738536869543,599980,89,2662,13365,100
2791738541980782,599980,89,2662,13365,100
2791738547092048,599980,89,2662,13365,100
2791738552203609,599980,89,2662,13365,100
2791738557317013,599980,89,2662,13365,100
2791738562428629,599980,89,2662,13365,100
2791738567539970,599980,89,2662,13365,100
2791738572651682,599980,89,2662,13365,100
2791738577765011,599980,89,2662,13365,100
2791738582876437,599980,89,2662,13365,100
2791738587988300,599980,89,2662,13365,100
2791738593116952,599913,89,2662,13365,100
2791738598229620,599913,89,2662,13365,100
2791738603341257,599913,89,2662,13365,100
2791738608454389,599913,89,2662,13365,100
2791738613566062,599913,89,2662,13365,100
2791738618677414,599913,89,2662,13365,100
2791738623790338,599913,89,2662,13365,100
2791738628901847,599913,89,2662,13365,100
2791738634029231,599913,89,2662,13365,100
2791738639140999,599913,89,2662,13365,100
2791738644252638,599913,89,2662,13365,100
2791738649364200,599913,89,2662,13365,100
2791738654475819,599913,89,2662,13365,100
2791738659589118,599913,89,2662,13365,100
2791738664700961,599913,89,2662,13365,100
2791738669813946,599913,89,2662,13365,100
2791738674925166,599913,89,2662,13365,100
2791738680039334,599913,89,2662,13365,100
2791738685150600,599913,89,2662,13365,100
2791738690262196,599913,89,2662,13365,100
2791738695373952,599913,89,2662,13365,100
2791738700486560,599913,89,2662,13365,100
2791738705598476,599913,89,2662,13365,100
2791738710727237,599913,89,2662,13365,100
2791738715857761,599913,89,2662,13365,100
2791738720969085,599913,89,2662,13365,100
2791738726080680,599913,89,2662,13365,100
2791738731192223,599913,89,2662,13365,100
2791738736303787,599913,89,2662,13365,100
2791738741415361,599913,89,2662,13365,100
2791738746527206,599913,89,2662,13365,100
2791738751638704,599913,89,2662,13365,100
2791738756750476,599913,89,2662,13365,100
2791738761863806,599913,89,2662,13365,100
2791738766987661,599913,89,2662,13365,100
2791738772163507,599913,89,2662,13365,100
2791738777275004,599913,89,2662,13365,100
2791738782386682,599913,89,2662,13365,100
2791738787498342,599913,89,2662,13365,100
2791738792609939,599913,89,2662,13365,100
2791738797721347,599913,89,2662,13365,100
2791738802833976,599913,89,2662,13365,100
2791738807945589,599913,89,2662,13365,100
2791738813058837,599913,89,2662,13365,100
2791738818170249,599913,89,2662,13365,100
2791738823281671,599913,89,2662,13365,100
2791738828393462,599913,89,2662,13365,100
2791738833506353,599913,89,2662,13365,100
2791738838617783,599913,89,2662,13365,100
2791738843729643,599913,89,2662,13365,100
2791738848841404,599913,89,2662,13365,100
2791738853952883,599913,89,2662,13365,100
2791738859064329,599913,89,2662,13365,100
2791738864177729,599913,89,2662,13365,100
2791738869289178,599913,89,2662,13365,100
2791738874400857,599913,89,2662,13365,100
2791738879512590,599913,89,2662,13365,100
2791738884624079,599913,89,2662,13365,100
2791738889735555,599913,89,2662,13365,100
2791738894847160,599913,89,2662,13365,100
2791738899960152,599913,89,2662,13365,100
2791738905071644,599913,89,2662,13365,100
2791738910183364,599913,89,2662,13365,100
2791738915296213,599913,89,2662,13365,100
2791738920407961,599913,89,2662,13365,100
2791738925519881,599913,89,2662,13365,100
2791738930632742,599913,89,2662,13365,100
2791738935744475,599913,89,2662,13365,100
2791738940856403,599913,89,2662,13365,100
2791738945969903,599913,89,2662,13365,100
2791738951081728,599913,89,2662,13365,100
2791738956193337,599913,89,2662,13365,100
2791738961305329,599913,89,2662,13365,100
2791738966419817,599913,89,2662,13365,100
2791738971531726,599913,89,2662,13365,100
2791738976643118,599913,89,2662,13365,100
2791738981754355,599913,89,2662,13365,100
2791738986866052,599913,89,2662,13365,100
2791738991978144,599913,89,2662,13365,100
2791738997091547,599913,89,2662,13365,100
2791739002203168,599913,89,2662,13365,100
2791739007314668,599913,89,2662,13365,100
2791739012426200,599913,89,2662,13365,100
2791739017539321,599913,89,2662,13365,100
2791739022650976,599913,89,2662,13365,100
2791739027762248,599913,89,2662,13365,100
2791739032875138,599913,89,2662,13365,100
2791739037986767,599913,89,2662,13365,100
2791739043117003,599913,89,2662,13365,100
2791739048228872,599913,89,2662,13365,100
2791739053340555,599913,89,2662,13365,100
2791739058452314,599913,89,2662,13365,100
2791739063563813,599913,89,2662,13365,100
2791739068676790,599913,89,2662,13365,100
2791739073789487,599913,89,2662,13365,100
2791739078901217,599913,89,2662,13365,100
2791739084028528,599913,89,2662,13365,100
2791739089154682,599911,89,2662,13365,100
2791739094267339,599911,89,2662,13365,100
2791739099379042,599911,89,2662,13365,100
2791739104490404,599911,89,2662,13365,100
2791739109601952,599911,89,2662,13365,100
2791739114713935,599911,89,2662,13365,100
2791739119828249,599911,89,2662,13365,100
2791739124940677,599911,89,2662,13365,100
2791739130052766,599911,89,2662,13365,100
2791739135165298,599911,89,2662,13365,100
2791739140277811,599911,89,2662,13365,100
2791739145389939,599911,89,2662,13365,100
2791739150502071,599911,89,2662,13365,100
2791739155622079,599911,89,2662,13365,100
2791739160733529,599911,89,2662,13365,100
2791739165845212,599911,89,2662,13365,100
2791739170958321,599911,89,2662,13365,100
2791739176070117,599911,89,2662,13365,100
2791739181181745,599911,89,2662,13365,100
2791739186293664,599911,89,2662,13365,100
2791739191405407,599911,89,2662,13365,100
2791739196517255,599911,89,2662,13365,100
2791739201628430,599911,89,2662,13365,100
2791739206740464,599911,89,2662,13365,100
2791739211852268,599911,89,2662,13365,100
2791739216965530,599911,89,2662,13365,100
2791739222078629,599911,89,2662,13365,100
2791739227190452,599911,89,2662,13365,100
2791739232301886,599911,89,2662,13365,100
2791739237429174,599911,89,2662,13365,100
2791739242540659,599911,89,2662,13365,100
2791739247652715,599911,89,2662,13365,100
2791739252764676,599911,89,2662,13365,100
2791739257875972,599911,89,2662,13365,100
2791739262987756,599911,89,2662,13365,100
2791739268121412,599911,89,2662,13365,100
2791739273234553,599911,89,2662,13365,100
2791739278346205,599911,89,2662,13365,100
2791739283457980,599911,89,2662,13365,100
2791739288569592,599911,89,2662,13365,100
2791739293681043,599911,89,2662,13365,100
2791739298794161,599911,89,2662,13365,100
2791739303905691,599911,89,2662,13365,100
2791739309037530,599911,89,2662,13365,100
2791739314149708,599911,89,2662,13365,100
2791739319261309,599911,89,2662,13365,100
2791739324374765,599911,89,2662,13365,100
2791739329487040,599911,89,2662,13365,100
2791739334598290,599911,89,2662,13365,100
2791739339709690,599911,89,2662,13365,100
2791739344821526,599911,89,2662,13365,100
2791739349933291,599911,89,2662,13365,100
2791739355044816,599911,89,2662,13365,100
2791739360156404,599911,89,2662,13365,100
2791739365285820,599911,89,2662,13365,100
2791739370397644,599911,89,2662,13365,100
2791739375510713,599911,89,2662,13365,100
2791739380622311,599911,89,2662,13365,100
2791739385733546,599911,89,2662,13365,100
2791739390845258,599911,89,2662,13365,100
2791739395957346,599911,89,2662,13365,100
2791739401069151,599911,89,2662,13365,100
2791739406181135,599911,89,2662,13365,100
2791739411292212,599911,89,2662,13365,100
2791739416403804,599911,89,2662,13365,100
2791739421515293,599911,89,2662,13365,100
2791739426628433,599911,89,2662,13365,100
2791739431743902,599911,89,2662,13365,100
2791739436855938,599911,89,2662,13365,100
2791739441967816,599911,89,2662,13365,100
2791739447079487,599911,89,2662,13365,100
2791739452191259,599911,89,2662,13365,100
2791739457302952,599911,89,2662,13365,100
2791739462415904,599911,89,2662,13365,100
2791739467527424,599911,89,2662,13365,100
2791739472639149,599911,89,2662,13365,100
2791739477752433,599911,89,2662,13365,100
2791739482863901,599911,89,2662,13365,100
2791739487975486,599911,89,2662,13365,100
2791739493087541,599911,89,2662,13365,100
2791739498199259,599911,89,2662,13365,100
2791739503310999,599911,89,2662,13365,100
2791739508422347,599911,89,2662,13365,100
2791739513533558,599911,89,2662,13365,100
2791739518648203,599911,89,2662,13365,100
2791739523759667,599911,89,2662,13365,100
2791739528873711,599911,89,2662,13365,100
2791739533985298,599911,89,2662,13365,100
2791739539115920,599911,89,2662,13365,100
2791739544227274,599911,89,2662,13365,100
2791739549338763,599911,89,2662,13365,100
2791739554450388,599911,89,2662,13365,100
2791739559561923,599911,89,2662,13365,100
2791739564673388,599911,89,2662,13365,100
2791739569786256,599911,89,2662,13365,100
2791739574898021,599911,89,2662,13365,100
2791739580026801,599911,89,2662,13365,100
2791739585138469,599911,89,2662,13365,100
2791739590249972,600060,89,2662,13365,100
2791739595362254,600060,89,2662,13365,100
2791739600473511,600060,89,2662,13365,100
2791739605585191,600060,89,2662,13365,100
2791739610697031,600060,89,2662,13365,100
2791739615809864,600060,89,2662,13365,100
2791739620921365,600060,89,2662,13365,100
2791739626033265,600060,89,2662,13365,100
2791739631146441,600060,89,2662,13365,100
2791739636257724,600060,89,2662,13365,100
2791739641369098,600060,89,2662,13365,100
2791739646481173,600060,89,2662,13365,100
2791739651592810,600060,89,2662,13365,100
2791739656704595,600060,89,2662,13365,100
2791739661816119,600060,89,2662,13365,100
2791739666927748,600060,89,2662,13365,100
2791739672042128,600060,89,2662,13365,100
2791739677153661,600060,89,2662,13365,100
2791739682266473,600060,89,2662,13365,100
2791739687378257,600060,89,2662,13365,100
2791739692489486,600060,89,2662,13365,100
2791739697602206,600060,89,2662,13365,100
2791739702713675,600060,89,2662,13365,100
2791739707825219,600060,89,2662,13365,100
2791739712936670,600060,89,2662,13365,100
2791739718048322,600060,89,2662,13365,100
2791739723159606,600060,89,2662,13365,100
2791739728272258,600060,89,2662,13365,100
2791739733385433,600060,89,2662,13365,100
2791739738496978,600060,89,2662,13365,100
2791739743608915,600060,89,2662,13365,100
2791739748720074,600060,89,2662,13365,100
2791739753831455,600060,89,2662,13365,100
2791739758942957,600060,89,2662,13365,100
2791739764054474,600060,89,2662,13365,100
2791739769166048,600060,89,2662,13365,100
2791739774277597,600060,89,2662,13365,100
2791739779389277,600060,89,2662,13365,100
2791739784502306,600060,89,2662,13365,100
2791739789614030,600060,89,2662,13365,100
2791739794726806,600060,89,2662,13365,100
2791739799838227,600060,89,2662,13365,100
2791739804949999,600060,89,2662,13365,100
2791739810061696,600060,89,2662,13365,100
2791739815173104,600060,89,2662,13365,100
2791739820284905,600060,89,2662,13365,100
2791739825397997,600060,89,2662,13365,100
2791739830509957,600060,89,2662,13365,100
2791739835622894,600060,89,2662,13365,100
2791739840734458,600060,89,2662,13365,100
2791739845846303,600060,89,2662,13365,100
2791739850958107,600060,89,2662,13365,100
2791739856069783,600060,89,2662,13365,100
2791739861181638,600060,89,2662,13365,100
2791739866293464,600060,89,2662,13365,100
2791739871406125,600060,89,2662,13365,100
2791739876518965,600060,89,2662,13365,100
2791739881631717,600060,89,2662,13365,100
2791739886745086,600060,89,2662,13365,100
2791739891857072,600060,89,2662,13365,100
2791739896968431,600060,89,2662,13365,100
2791739902080015,600060,89,2662,13365,100
2791739907191538,600060,89,2662,13365,100
2791739912304124,600060,89,2662,13365,100
2791739917416065,600060,89,2662,13365,100
2791739922527800,600060,89,2662,13365,100
2791739927639377,600060,89,2662,13365,100
2791739932750678,600060,89,2662,13365,100
2791739937863738,600060,89,2662,13365,100
2791739942975596,600060,89,2662,13365,100
2791739948087633,600060,89,2662,13365,100
2791739953199751,600060,89,2662,13365,100
2791739958311422,600060,89,2662,13365,100
2791739963423024,600060,89,2662,13365,100
2791739968534652,600060,89,2662,13365,100
2791739973645909,600060,89,2662,13365,100
2791739978759067,600060,89,2662,13365,100
2791739983871031,600060,89,2662,13365,100
2791739988984206,600060,89,2662,13365,100
2791739994113367,600060,89,2662,13365,100
2791739999224937,600060,89,2662,13365,100
2791740004336771,600060,89,2662,13365,100
2791740009448395,600060,89,2662,13365,100
2791740014560016,600060,89,2662,13365,100
2791740019687409,600060,89,2662,13365,100
2791740024800281,600060,89,2662,13365,100
2791740029912169,600060,89,2662,13365,100
2791740035023968,600060,89,2662,13365,100
2791740040137082,600060,89,2662,13365,100
2791740045248786,600060,89,2662,13365,100
2791740050359819,600060,89,2662,13365,100
2791740055471583,600060,89,2662,13365,100
2791740060583132,600060,89,2662,13365,100
2791740065694852,600060,89,2662,13365,100
2791740070806504,600060,89,2662,13365,100
2791740075918241,600060,89,2662,13365,100
2791740081029827,600060,89,2662,13365,100
2791740086141141,600060,89,2662,13365,100
2791740091255442,599866,89,2662,13365,100
2791740096367574,599866,89,2662,13365,100
2791740101479058,599866,89,2662,13365,100
2791740106590523,599866,89,2662,13365,100
2791740111702048,599866,89,2662,13365,100
2791740116813538,599866,89,2662,13365,100
2791740121926156,599866,89,2662,13365,100
2791740127038257,599866,89,2662,13365,100
2791740132149973,599866,89,2662,13365,100
2791740137261129,599866,89,2662,13365,100
2791740142374326,599866,89,2662,13365,100
2791740147486034,599866,89,2662,13365,100
2791740152598035,599866,89,2662,13365,100
2791740157711003,599866,89,2662,13365,100
2791740162822667,599866,89,2662,13365,100
2791740167934322,599866,89,2662,13365,100
2791740173045816,599866,89,2662,13365,100
2791740178171469,599866,89,2662,13365,100
2791740183283181,599866,89,2662,13365,100
2791740188396373,599866,89,2662,13365,100
2791740193509658,599866,89,2662,13365,100
2791740198621247,599866,89,2662,13365,100
2791740203732763,599866,89,2662,13365,100
2791740208844576,599866,89,2662,13365,100
2791740213955868,599866,89,2662,13365,100
2791740219067556,599866,89,2662,13365,100
2791740224179151,599866,89,2662,13365,100
2791740229290773,599866,89,2662,13365,100
2791740234401880,599866,89,2662,13365,100
2791740239513117,599866,89,2662,13365,100
2791740244626170,599866,89,2662,13365,100
2791740249737755,599866,89,2662,13365,100
2791740254852915,599866,89,2662,13365,100
2791740259964220,599866,89,2662,13365,100
2791740265087615,599866,89,2662,13365,100
2791740270199340,599866,89,2662,13365,100
2791740275310697,599866,89,2662,13365,100
2791740280422317,599866,89,2662,13365,100
2791740285534977,599866,89,2662,13365,100
2791740290646501,599866,89,2662,13365,100
2791740295759992,599866,89,2662,13365,100
2791740300871691,599866,89,2662,13365,100
2791740305983479,599866,89,2662,13365,100
2791740311116020,599866,89,2662,13365,100
2791740316227844,599866,89,2662,13365,100
2791740321339504,599866,89,2662,13365,100
2791740326451893,599866,89,2662,13365,100
2791740331563653,599866,89,2662,13365,100
2791740336675066,599866,89,2662,13365,100
2791740341788118,599866,89,2662,13365,100
2791740346901498,599866,89,2662,13365,100
2791740352027635,599866,89,2662,13365,100
2791740357139807,599866,89,2662,13365,100
2791740362251424,599866,89,2662,13365,100
2791740367362992,599866,89,2662,13365,100
2791740372474892,599866,89,2662,13365,100
2791740377586336,599866,89,2662,13365,100
2791740382698007,599866,89,2662,13365,100
2791740387811590,599866,89,2662,13365,100
2791740392922966,599866,89,2662,13365,100
2791740398036162,599866,89,2662,13365,100
2791740403147910,599866,89,2662,13365,100
2791740408259159,599866,89,2662,13365,100
2791740413370972,599866,89,2662,13365,100
2791740418483928,599866,89,2662,13365,100
2791740423595657,599866,89,2662,13365,100
2791740428707480,599866,89,2662,13365,100
2791740433819031,599866,89,2662,13365,100
2791740438930378,599866,89,2662,13365,100
2791740444042022,599866,89,2662,13365,100
2791740449155198,599866,89,2662,13365,100
2791740454266877,599866,89,2662,13365,100
2791740459378471,599866,89,2662,13365,100
2791740464489831,599866,89,2662,13365,100
2791740469601268,599866,89,2662,13365,100
2791740474712828,599866,89,2662,13365,100
2791740479824320,599866,89,2662,13365,100
2791740484937430,599866,89,2662,13365,100
2791740490049020,599866,89,2662,13365,100
2791740495160802,599866,89,2662,13365,100
2791740500273978,599866,89,2662,13365,100
2791740505385713,599866,89,2662,13365,100
2791740510497611,599866,89,2662,13365,100
2791740515610236,599866,89,2662,13365,100
2791740520722226,599866,89,2662,13365,100
2791740525833800,599866,89,2662,13365,100
2791740530945697,599866,89,2662,13365,100
2791740536057201,599866,89,2662,13365,100
2791740541168510,599866,89,2662,13365,100
2791740546279843,599866,89,2662,13365,100
2791740551393791,599866,89,2662,13365,100
2791740556505015,599866,89,2662,13365,100
2791740561616596,599866,89,2662,13365,100
2791740566727900,599866,89,2662,13365,100
2791740571855470,599866,89,2662,13365,100
2791740576967517,599866,89,2662,13365,100
2791740582081013,599866,89,2662,13365,100
2791740587192673,599866,89,2662,13365,100
2791740592304108,599944,89,2662,13365,100
2791740597416822,599944,89,2662,13365,100
2791740602545962,599944,89,2662,13365,100
2791740607657427,599944,89,2662,13365,100
2791740612768915,599944,89,2662,13365,100
2791740617882039,599944,89,2662,13365,100
2791740622993740,599944,89,2662,13365,100
2791740628128057,599944,89,2662,13365,100
2791740633239470,599944,89,2662,13365,100
2791740638351037,599944,89,2662,13365,100
2791740643462737,599944,89,2662,13365,100
2791740648574564,599944,89,2662,13365,100
2791740653687650,599944,89,2662,13365,100
2791740658814803,599944,89,2662,13365,100
2791740663926454,599944,89,2662,13365,100
2791740669038076,599944,89,2662,13365,100
2791740674165512,599944,89,2662,13365,100
2791740679277188,599944,89,2662,13365,100
2791740684388627,599944,89,2662,13365,100
2791740689500565,599944,89,2662,13365,100
2791740694611796,599944,89,2662,13365,100
2791740699723220,599944,89,2662,13365,100
2791740704836210,599944,89,2662,13365,100
2791740709947502,599944,89,2662,13365,100
2791740715059595,599944,89,2662,13365,100
2791740720171303,599944,89,2662,13365,100
2791740725282884,599944,89,2662,13365,100
2791740730395941,599944,89,2662,13365,100
2791740735507109,599944,89,2662,13365,100
2791740740618545,599944,89,2662,13365,100
2791740745730049,599944,89,2662,13365,100
2791740750841724,599944,89,2662,13365,100
2791740755955014,599944,89,2662,13365,100
2791740761067461,599944,89,2662,13365,100
2791740766178911,599944,89,2662,13365,100
2791740771290427,599944,89,2662,13365,100
2791740776401736,599944,89,2662,13365,100
2791740781528064,599944,89,2662,13365,100
2791740786639435,599944,89,2662,13365,100
2791740791751149,599944,89,2662,13365,100
2791740796864331,599944,89,2662,13365,100
2791740801975870,599944,89,2662,13365,100
2791740807089047,599944,89,2662,13365,100
2791740812200683,599944,89,2662,13365,100
2791740817312347,599944,89,2662,13365,100
2791740822424126,599944,89,2662,13365,100
2791740827536830,599944,89,2662,13365,100
2791740832648108,599944,89,2662,13365,100
2791740837759452,599944,89,2662,13365,100
2791740842871198,599944,89,2662,13365,100
2791740847982730,599944,89,2662,13365,100
2791740853112838,599944,89,2662,13365,100
2791740858226182,599944,89,2662,13365,100
2791740863337950,599944,89,2662,13365,100
2791740868449905,599944,89,2662,13365,100
2791740873561579,599944,89,2662,13365,100
2791740878673280,599944,89,2662,13365,100
2791740883786280,599944,89,2662,13365,100
2791740888897909,599944,89,2662,13365,100
2791740894025455,599944,89,2662,13365,100
2791740899137381,599944,89,2662,13365,100
2791740904249130,599944,89,2662,13365,100
2791740909362314,599944,89,2662,13365,100
2791740914474075,599944,89,2662,13365,100
2791740919587109,599944,89,2662,13365,100
2791740924700132,599944,89,2662,13365,100
2791740929811956,599944,89,2662,13365,100
2791740934923881,599944,89,2662,13365,100
2791740940035669,599944,89,2662,13365,100
2791740945147106,599944,89,2662,13365,100
2791740950258776,599944,89,2662,13365,100
2791740955371934,599944,89,2662,13365,100
2791740960485398,599944,89,2662,13365,100
2791740965597199,599944,89,2662,13365,100
2791740970708973,599944,89,2662,13365,100
2791740975820440,599944,89,2662,13365,100
2791740980931962,599944,89,2662,13365,100
2791740986045185,599944,89,2662,13365,100
2791740991156573,599944,89,2662,13365,100
2791740996269503,599944,89,2662,13365,100
2791741001381266,599944,89,2662,13365,100
2791741006492950,599944,89,2662,13365,100
2791741011606074,599944,89,2662,13365,100
2791741016717779,599944,89,2662,13365,100
2791741021829311,599944,89,2662,13365,100
2791741026940556,599944,89,2662,13365,100
2791741032053414,599944,89,2662,13365,100
2791741037164569,599944,89,2662,13365,100
2791741042276333,599944,89,2662,13365,100
2791741047388100,599944,89,2662,13365,100
2791741052499506,599944,89,2662,13365,100
2791741057611078,599944,89,2662,13365,100
2791741062725462,599944,89,2662,13365,100
2791741067836935,599944,89,2662,13365,100
2791741072948531,599944,89,2662,13365,100
2791741078059846,599944,89,2662,13365,100
2791741083171569,599944,89,2662,13365,100
2791741088283084,599944,89,2662,13365,100
2791741093394997,600021,89,2662,13365,100
2791741098507437,600021,89,2662,13365,100
2791741103619150,600021,89,2662,13365,100
2791741108730667,600021,89,2662,13365,100
2791741113843637,600021,89,2662,13365,100
2791741118954911,600021,89,2662,13365,100
2791741124067586,600021,89,2662,13365,100
2791741129179144,600021,89,2662,13365,100
2791741134290650,600021,89,2662,13365,100
2791741139402412,600021,89,2662,13365,100
2791741144514018,600021,89,2662,13365,100
2791741149626010,600021,89,2662,13365,100
2791741154739312,600021,89,2662,13365,100
2791741159850850,600021,89,2662,13365,100
2791741164964003,600021,89,2662,13365,100
2791741170075504,600021,89,2662,13365,100
2791741175187723,600021,89,2662,13365,100
2791741180299340,600021,89,2662,13365,100
2791741185412824,600021,89,2662,13365,100
2791741190524441,600021,89,2662,13365,100
2791741195635929,600021,89,2662,13365,100
2791741200747505,600021,89,2662,13365,100
2791741205859194,600021,89,2662,13365,100
2791741210970714,600021,89,2662,13365,100
2791741216084151,600021,89,2662,13365,100
2791741221195819,600021,89,2662,13365,100
2791741226307612,600021,89,2662,13365,100
2791741231419197,600021,89,2662,13365,100
2791741236530732,600021,89,2662,13365,100
2791741241649105,600021,89,2662,13365,100
2791741246760765,600021,89,2662,13365,100
2791741251874110,600021,89,2662,13365,100
2791741256985875,600021,89,2662,13365,100
2791741262114683,600021,89,2662,13365,100
2791741267228151,600021,89,2662,13365,100
2791741272339792,600021,89,2662,13365,100
2791741277451520,600021,89,2662,13365,100
2791741282562992,600021,89,2662,13365,100
2791741287674541,600021,89,2662,13365,100
2791741292787677,600021,89,2662,13365,100
2791741297899361,600021,89,2662,13365,100
2791741303026980,600021,89,2662,13365,100
2791741308138906,600021,89,2662,13365,100
2791741313251931,600021,89,2662,13365,100
2791741318364906,600021,89,2662,13365,100
2791741323476507,600021,89,2662,13365,100
2791741328603848,600021,89,2662,13365,100
2791741333715861,600021,89,2662,13365,100
2791741338827536,600021,89,2662,13365,100
2791741343939081,600021,89,2662,13365,100
2791741349051098,600021,89,2662,13365,100
2791741354163637,600021,89,2662,13365,100
2791741359275910,600021,89,2662,13365,100
2791741364387460,600021,89,2662,13365,100
2791741369500379,600021,89,2662,13365,100
2791741374611771,600021,89,2662,13365,100
2791741379724988,600021,89,2662,13365,100
2791741384836608,600021,89,2662,13365,100
2791741389948269,600021,89,2662,13365,100
2791741395059917,600021,89,2662,13365,100
2791741400171522,600021,89,2662,13365,100
2791741405283162,600021,89,2662,13365,100
2791741410396122,600021,89,2662,13365,100
2791741415507784,600021,89,2662,13365,100
2791741420620879,600021,89,2662,13365,100
2791741425732619,600021,89,2662,13365,100
2791741430844224,600021,89,2662,13365,100
2791741435955760,600021,89,2662,13365,100
2791741441067548,600021,89,2662,13365,100
2791741446179553,600021,89,2662,13365,100
2791741451291006,600021,89,2662,13365,100
2791741456402580,600021,89,2662,13365,100
2791741461513986,600021,89,2662,13365,100
2791741466625375,600021,89,2662,13365,100
2791741471738400,600021,89,2662,13365,100
2791741476852835,600021,89,2662,13365,100
2791741481964242,600021,89,2662,13365,100
2791741487075868,600021,89,2662,13365,100
2791741492187425,600021,89,2662,13365,100
2791741497458028,600021,89,2662,13365,100
2791741502621228,600021,89,2662,13365,100
2791741507737288,600021,89,2662,13365,100
2791741512851477,600021,89,2662,13365,100
2791741517965903,600021,89,2662,13365,100
2791741523080522,600021,89,2662,13365,100
2791741528217158,600021,89,2662,13365,100
2791741533332346,600021,89,2662,13365,100
2791741538446534,600021,89,2662,13365,100
2791741543562851,600021,89,2662,13365,100
2791741548678943,600021,89,2662,13365,100
2791741553793860,600021,89,2662,13365,100
2791741558908912,600021,89,2662,13365,100
2791741564023623,600021,89,2662,13365,100
2791741569138242,600021,89,2662,13365,100
2791741574254157,600021,89,2662,13365,100
2791741579368776,600021,89,2662,13365,100
2791741584482822,600021,89,2662,13365,100
2791741589596923,600119,89,2662,13365,100
2791741594712562,600119,89,2662,13365,100
2791741599829123,600119,89,2662,13365,100
2791741604944004,600119,89,2662,13365,100
2791741610059004,600119,89,2662,13365,100
2791741615173289,600119,89,2662,13365,100
2791741620287701,600119,89,2662,13365,100
2791741625402490,600119,89,2662,13365,100
2791741630517080,600119,89,2662,13365,100
2791741635631879,600119,89,2662,13365,100
2791741640748243,600119,89,2662,13365,100
2791741645862941,600119,89,2662,13365,100
2791741650979025,600119,89,2662,13365,100
2791741656095864,600119,89,2662,13365,100
2791741661211986,600119,89,2662,13365,100
2791741666328678,600119,89,2662,13365,100
2791741671443981,600119,89,2662,13365,100
2791741676560478,600119,89,2662,13365,100
2791741681676517,600119,89,2662,13365,100
2791741686793001,600119,89,2662,13365,100
2791741691908926,600119,89,2662,13365,100
2791741697025197,600119,89,2662,13365,100
2791741702143419,600119,89,2662,13365,100
2791741707259539,600119,89,2662,13365,100
2791741712375128,600119,89,2662,13365,100
2791741717490368,600119,89,2662,13365,100
2791741722606152,600119,89,2662,13365,100
2791741727721217,600119,89,2662,13365,100
2791741732836946,600119,89,2662,13365,100
2791741737952506,600119,89,2662,13365,100
2791741743068536,600119,89,2662,13365,100
2791741748183855,600119,89,2662,13365,100
2791741753300287,600119,89,2662,13365,100
2791741758415308,600119,89,2662,13365,100
2791741763529388,600119,89,2662,13365,100
2791741768643912,600119,89,2662,13365,100
2791741773759723,600119,89,2662,13365,100
2791741778874101,600119,89,2662,13365,100
2791741783988970,600119,89,2662,13365,100
2791741789127325,600119,89,2662,13365,100
2791741794242106,600119,89,2662,13365,100
2791741799356658,600119,89,2662,13365,100
2791741804473123,600119,89,2662,13365,100
2791741809589715,600119,89,2662,13365,100
2791741814704351,600119,89,2662,13365,100
2791741819818895,600119,89,2662,13365,100
2791741824933414,600119,89,2662,13365,100
2791741830047818,600119,89,2662,13365,100
2791741835162293,600119,89,2662,13365,100
2791741840278698,600119,89,2662,13365,100
2791741845393102,600119,89,2662,13365,100
2791741850507596,600119,89,2662,13365,100
2791741855623840,600119,89,2662,13365,100
2791741860739317,600119,89,2662,13365,100
2791741865855123,600119,89,2662,13365,100
2791741870971075,600119,89,2662,13365,100
2791741876087544,600119,89,2662,13365,100
2791741881203260,600119,89,2662,13365,100
2791741886318769,600119,89,2662,13365,100
2791741891434518,600119,89,2662,13365,100
2791741896550462,600119,89,2662,13365,100
2791741901665572,600119,89,2662,13365,100
2791741906781826,600119,89,2662,13365,100
2791741911897223,600119,89,2662,13365,100
2791741917030305,600119,89,2662,13365,100
2791741922144964,600119,89,2662,13365,100
2791741927261484,600119,89,2662,13365,100
2791741932376384,600119,89,2662,13365,100
2791741937490932,600119,89,2662,13365,100
2791741942605407,600119,89,2662,13365,100
2791741947719826,600119,89,2662,13365,100
2791741952834882,600119,89,2662,13365,100
2791741957950900,600119,89,2662,13365,100
2791741963067667,600119,89,2662,13365,100
2791741968182423,600119,89,2662,13365,100
2791741973296707,600119,89,2662,13365,100
2791741978411351,600119,89,2662,13365,100
2791741983546242,600119,89,2662,13365,100
2791741988661547,600119,89,2662,13365,100
2791741993777780,600119,89,2662,13365,100
2791741998892755,600119,89,2662,13365,100
2791742004028327,600119,89,2662,13365,100
2791742009144417,600119,89,2662,13365,100
2791742014259088,600119,89,2662,13365,100
2791742019373295,600119,89,2662,13365,100
2791742024488199,600119,89,2662,13365,100
2791742029603515,600119,89,2662,13365,100
2791742034718153,600119,89,2662,13365,100
2791742039832720,600119,89,2662,13365,100
2791742044947304,600119,89,2662,13365,100
2791742050061821,600119,89,2662,13365,100
2791742055176353,600119,89,2662,13365,100
2791742060294161,600119,89,2662,13365,100
2791742065409190,600119,89,2662,13365,100
2791742070523744,600119,89,2662,13365,100
2791742075638741,600119,89,2662,13365,100
2791742080753405,600119,89,2662,13365,100
2791742085868128,600119,89,2662,13365,100
2791742090984272,600066,89,2662,13365,100
2791742096122748,600066,89,2662,13365,100
2791742101237009,600066,89,2662,13365,100
2791742106351769,600066,89,2662,13365,100
2791742111468021,600066,89,2662,13365,100
2791742116582936,600066,89,2662,13365,100
2791742121697050,600066,89,2662,13365,100
2791742126813225,600066,89,2662,13365,100
2791742131927647,600066,89,2662,13365,100
2791742137042132,600066,89,2662,13365,100
2791742142156611,600066,89,2662,13365,100
2791742147271602,600066,89,2662,13365,100
2791742152386734,600066,89,2662,13365,100
2791742157503053,600066,89,2662,13365,100
2791742162620330,600066,89,2662,13365,100
2791742167735613,600066,89,2662,13365,100
2791742172855326,600066,89,2662,13365,100
2791742177969402,600066,89,2662,13365,100
2791742183083813,600066,89,2662,13365,100
2791742188199917,600066,89,2662,13365,100
2791742193315142,600066,89,2662,13365,100
2791742198429724,600066,89,2662,13365,100
2791742203543778,600066,89,2662,13365,100
2791742208658448,600066,89,2662,13365,100
2791742213775267,600066,89,2662,13365,100
2791742218890384,600066,89,2662,13365,100
2791742224025577,600066,89,2662,13365,100
2791742229140098,600066,89,2662,13365,100
2791742234254431,600066,89,2662,13365,100
2791742239368889,600066,89,2662,13365,100
2791742244489795,600066,89,2662,13365,100
2791742249604099,600066,89,2662,13365,100
2791742254720234,600066,89,2662,13365,100
2791742259834677,600066,89,2662,13365,100
2791742264950705,600066,89,2662,13365,100
2791742270065582,600066,89,2662,13365,100
2791742275179752,600066,89,2662,13365,100
2791742280294018,600066,89,2662,13365,100
2791742285408226,600066,89,2662,13365,100
2791742290523527,600066,89,2662,13365,100
2791742295638115,600066,89,2662,13365,100
2791742300754327,600066,89,2662,13365,100
2791742305868778,600066,89,2662,13365,100
2791742311085824,600066,89,2662,13365,100
2791742316201101,600066,89,2662,13365,100
2791742321315589,600066,89,2662,13365,100
2791742326438968,600066,89,2662,13365,100
2791742331555165,600066,89,2662,13365,100
2791742336669577,600066,89,2662,13365,100
2791742341784268,600066,89,2662,13365,100
2791742346898766,600066,89,2662,13365,100
2791742352030783,600066,89,2662,13365,100
2791742357146121,600066,89,2662,13365,100
2791742362262646,600066,89,2662,13365,100
2791742367377644,600066,89,2662,13365,100
2791742372493708,600066,89,2662,13365,100
2791742377609861,600066,89,2662,13365,100
2791742382724836,600066,89,2662,13365,100
2791742387839741,600066,89,2662,13365,100
2791742392954060,600066,89,2662,13365,100
2791742398068434,600066,89,2662,13365,100
2791742403183250,600066,89,2662,13365,100
2791742408297925,600066,89,2662,13365,100
2791742413416288,600066,89,2662,13365,100
2791742418530787,600066,89,2662,13365,100
2791742423646504,600066,89,2662,13365,100
2791742428761272,600066,89,2662,13365,100
2791742433875893,600066,89,2662,13365,100
2791742438990751,600066,89,2662,13365,100
2791742444125741,600066,89,2662,13365,100
2791742449240746,600066,89,2662,13365,100
2791742454355386,600066,89,2662,13365,100
2791742459470498,600066,89,2662,13365,100
2791742464586748,600066,89,2662,13365,100
2791742469701605,600066,89,2662,13365,100
2791742474816276,600066,89,2662,13365,100
2791742479932164,600066,89,2662,13365,100
2791742485046791,600066,89,2662,13365,100
2791742490161985,600066,89,2662,13365,100
2791742495276405,600066,89,2662,13365,100
2791742500391097,600066,89,2662,13365,100
2791742505505562,600066,89,2662,13365,100
2791742510621578,600066,89,2662,13365,100
2791742515738110,600066,89,2662,13365,100
2791742520852716,600066,89,2662,13365,100
2791742525967252,600066,89,2662,13365,100
2791742531082170,600066,89,2662,13365,100
2791742536197135,600066,89,2662,13365,100
2791742541312107,600066,89,2662,13365,100
2791742546426693,600066,89,2662,13365,100
2791742551542137,600066,89,2662,13365,100
2791742556656990,600066,89,2662,13365,100
2791742561771922,600066,89,2662,13365,100
2791742566888227,600066,89,2662,13365,100
2791742572018911,600066,89,2662,13365,100
2791742577134755,600066,89,2662,13365,100
2791742582249907,600066,89,2662,13365,100
2791742587364668,600066,89,2662,13365,100
2791742592479161,599939,89,2662,13365,100
2791742597594587,599939,89,2662,13365,100
2791742602709094,599939,89,2662,13365,100
2791742607825276,599939,89,2662,13365,100
2791742612939622,599939,89,2662,13365,100
2791742618055972,599939,89,2662,13365,100
2791742623170367,599939,89,2662,13365,100
2791742628291643,599939,89,2662,13365,100
2791742633406386,599939,89,2662,13365,100
2791742638540795,599939,89,2662,13365,100
2791742643655307,599939,89,2662,13365,100
2791742648769884,599939,89,2662,13365,100
2791742653884013,599939,89,2662,13365,100
2791742658999714,599939,89,2662,13365,100
2791742664136633,599939,89,2662,13365,100
2791742669252390,599939,89,2662,13365,100
2791742674367113,599939,89,2662,13365,100
2791742679482751,599939,89,2662,13365,100
2791742684598087,599939,89,2662,13365,100
2791742689713795,599939,89,2662,13365,100
2791742694829576,599939,89,2662,13365,100
2791742699945624,599939,89,2662,13365,100
2791742705061685,599939,89,2662,13365,100
2791742710178158,599939,89,2662,13365,100
2791742715294775,599939,89,2662,13365,100
2791742720412282,599939,89,2662,13365,100
2791742725527756,599939,89,2662,13365,100
2791742730643055,599939,89,2662,13365,100
2791742735759503,599939,89,2662,13365,100
2791742740875463,599939,89,2662,13365,100
2791742745991627,599939,89,2662,13365,100
2791742751122473,599939,89,2662,13365,100
2791742756238210,599939,89,2662,13365,100
2791742761354047,599939,89,2662,13365,100
2791742766469751,599939,89,2662,13365,100
2791742771586565,599939,89,2662,13365,100
2791742776701604,599939,89,2662,13365,100
2791742781816385,599939,89,2662,13365,100
2791742786931683,599939,89,2662,13365,100
2791742792046243,599939,89,2662,13365,100
2791742797160440,599939,89,2662,13365,100
2791742802275088,599939,89,2662,13365,100
2791742807391134,599939,89,2662,13365,100
2791742812505369,599939,89,2662,13365,100
2791742817619697,599939,89,2662,13365,100
2791742822735462,599939,89,2662,13365,100
2791742827850278,599939,89,2662,13365,100
2791742832964410,599939,89,2662,13365,100
2791742838081155,599939,89,2662,13365,100
2791742843195279,599939,89,2662,13365,100
2791742848309580,599939,89,2662,13365,100
2791742853423759,599939,89,2662,13365,100
2791742858538072,599939,89,2662,13365,100
2791742863652517,599939,89,2662,13365,100
2791742868766793,599939,89,2662,13365,100
2791742873907951,599939,89,2662,13365,100
2791742879022036,599939,89,2662,13365,100
2791742884136811,599939,89,2662,13365,100
2791742889251226,599939,89,2662,13365,100
2791742894365611,599939,89,2662,13365,100
2791742899480339,599939,89,2662,13365,100
2791742904595924,599939,89,2662,13365,100
2791742909710428,599939,89,2662,13365,100
2791742914824893,599939,89,2662,13365,100
2791742919939465,599939,89,2662,13365,100
2791742925055682,599939,89,2662,13365,100
2791742930170281,599939,89,2662,13365,100
2791742935285922,599939,89,2662,13365,100
2791742940400003,599939,89,2662,13365,100
2791742945514475,599939,89,2662,13365,100
2791742950628819,599939,89,2662,13365,100
2791742955743383,599939,89,2662,13365,100
2791742960857818,599939,89,2662,13365,100
2791742965972301,599939,89,2662,13365,100
2791742971087051,599939,89,2662,13365,100
2791742976203069,599939,89,2662,13365,100
2791742981317345,599939,89,2662,13365,100
2791742986431474,599939,89,2662,13365,100
2791742991545530,599939,89,2662,13365,100
2791742996659711,599939,89,2662,13365,100
2791743001774893,599939,89,2662,13365,100
2791743006889372,599939,89,2662,13365,100
2791743012023444,599939,89,2662,13365,100
2791743017138776,599939,89,2662,13365,100
2791743022253289,599939,89,2662,13365,100
2791743027369348,599939,89,2662,13365,100
2791743032484745,599939,89,2662,13365,100
2791743037599317,599939,89,2662,13365,100
2791743042713682,599939,89,2662,13365,100
2791743047827940,599939,89,2662,13365,100
2791743052942277,599939,89,2662,13365,100
2791743058056995,599939,89,2662,13365,100
2791743063171332,599939,89,2662,13365,100
2791743068285668,599939,89,2662,13365,100
2791743073399882,599939,89,2662,13365,100
2791743078515997,599939,89,2662,13365,100
2791743083630089,599939,89,2662,13365,100
2791743088744161,600026,89,2662,13365,100
2791743093859302,600026,89,2662,13365,100
2791743098974310,600026,89,2662,13365,100
2791743104088547,600026,89,2662,13365,100
2791743109202919,600026,89,2662,13365,100
2791743114317283,600026,89,2662,13365,100
2791743119431514,600026,89,2662,13365,100
2791743124545819,600026,89,2662,13365,100
2791743129662777,600026,89,2662,13365,100
2791743134776997,600026,89,2662,13365,100
2791743139891365,600026,89,2662,13365,100
2791743145021762,600026,89,2662,13365,100
2791743150136180,600026,89,2662,13365,100
2791743155251099,600026,89,2662,13365,100
2791743160365569,600026,89,2662,13365,100
2791743165479783,600026,89,2662,13365,100
2791743170594276,600026,89,2662,13365,100
2791743175708562,600026,89,2662,13365,100
2791743180824427,600026,89,2662,13365,100
2791743185938984,600026,89,2662,13365,100
2791743191053216,600026,89,2662,13365,100
2791743196189373,600026,89,2662,13365,100
2791743201303790,600026,89,2662,13365,100
2791743206417830,600026,89,2662,13365,100
2791743211532081,600026,89,2662,13365,100
2791743216646312,600026,89,2662,13365,100
2791743221760691,600026,89,2662,13365,100
2791743226876259,600026,89,2662,13365,100
2791743231992064,600026,89,2662,13365,100
2791743237126255,600026,89,2662,13365,100
2791743242240733,600026,89,2662,13365,100
2791743247356438,600026,89,2662,13365,100
2791743252470838,600026,89,2662,13365,100
2791743257585312,600026,89,2662,13365,100
2791743262700971,600026,89,2662,13365,100
2791743267815281,600026,89,2662,13365,100
2791743272929619,600026,89,2662,13365,100
2791743278044083,600026,89,2662,13365,100
2791743283159684,600026,89,2662,13365,100
2791743288274199,600026,89,2662,13365,100
2791743293406969,600026,89,2662,13365,100
2791743298521653,600026,89,2662,13365,100
2791743303635972,600026,89,2662,13365,100
2791743308750460,600026,89,2662,13365,100
2791743313865390,600026,89,2662,13365,100
2791743318980047,600026,89,2662,13365,100
2791743324094139,600026,89,2662,13365,100
2791743329209694,600026,89,2662,13365,100
2791743334325218,600026,89,2662,13365,100
2791743339439452,600026,89,2662,13365,100
2791743344553573,600026,89,2662,13365,100
2791743349668145,600026,89,2662,13365,100
2791743354782883,600026,89,2662,13365,100
2791743359905334,600026,89,2662,13365,100
2791743365020046,600026,89,2662,13365,100
2791743370134211,600026,89,2662,13365,100
2791743375248347,600026,89,2662,13365,100
2791743380362638,600026,89,2662,13365,100
2791743385478282,600026,89,2662,13365,100
2791743390594274,600026,89,2662,13365,100
2791743395708300,600026,89,2662,13365,100
2791743400822869,600026,89,2662,13365,100
2791743405937109,600026,89,2662,13365,100
2791743411051264,600026,89,2662,13365,100
2791743416165898,600026,89,2662,13365,100
2791743421280411,600026,89,2662,13365,100
2791743426394727,600026,89,2662,13365,100
2791743431509122,600026,89,2662,13365,100
2791743436625015,600026,89,2662,13365,100
2791743441739768,600026,89,2662,13365,100
2791743446854240,600026,89,2662,13365,100
2791743451968679,600026,89,2662,13365,100
2791743457084173,600026,89,2662,13365,100
2791743462198434,600026,89,2662,13365,100
2791743467312698,600026,89,2662,13365,100
2791743472426991,600026,89,2662,13365,100
2791743477541375,600026,89,2662,13365,100
2791743482655915,600026,89,2662,13365,100
2791743487772310,600026,89,2662,13365,100
2791743492886688,600026,89,2662,13365,100
2791743498016872,600026,89,2662,13365,100
2791743503131623,600026,89,2662,13365,100
2791743508246157,600026,89,2662,13365,100
2791743513360912,600026,89,2662,13365,100
2791743518475110,600026,89,2662,13365,100
2791743523590719,600026,89,2662,13365,100
2791743528705083,600026,89,2662,13365,100
2791743533819711,600026,89,2662,13365,100
2791743538935454,600026,89,2662,13365,100
2791743544049780,600026,89,2662,13365,100
2791743549164210,600026,89,2662,13365,100
2791743554279176,600026,89,2662,13365,100
2791743559393297,600026,89,2662,13365,100
2791743564507509,600026,89,2662,13365,100
2791743569621889,600026,89,2662,13365,100
2791743574736294,600026,89,2662,13365,100
2791743579850515,600026,89,2662,13365,100
2791743584964721,600026,89,2662,13365,100
2791743590081223,599982,89,2662,13365,100
2791743595196524,599982,89,2662,13365,100
2791743600312392,599982,89,2662,13365,100
2791743605426705,599982,89,2662,13365,100
2791743610540961,599982,89,2662,13365,100
2791743615655149,599982,89,2662,13365,100
2791743620770910,599982,89,2662,13365,100
2791743625885788,599982,89,2662,13365,100
2791743630999971,599982,89,2662,13365,100
2791743636130335,599982,89,2662,13365,100
2791743641246041,599982,89,2662,13365,100
2791743646361060,599982,89,2662,13365,100
2791743651475836,599982,89,2662,13365,100
2791743656590295,599982,89,2662,13365,100
2791743661704699,599982,89,2662,13365,100
2791743666819283,599982,89,2662,13365,100
2791743671944641,599982,89,2662,13365,100
2791743677058654,599982,89,2662,13365,100
2791743682172836,599982,89,2662,13365,100
2791743687288361,599982,89,2662,13365,100
2791743692404291,599982,89,2662,13365,100
2791743697519488,599982,89,2662,13365,100
2791743702634114,599982,89,2662,13365,100
2791743707748328,599982,89,2662,13365,100
2791743712862849,599982,89,2662,13365,100
2791743717978529,599982,89,2662,13365,100
2791743723092710,599982,89,2662,13365,100
2791743728206996,599982,89,2662,13365,100
2791743733321406,599982,89,2662,13365,100
2791743738435634,599982,89,2662,13365,100
2791743743551843,599982,89,2662,13365,100
2791743748666508,599982,89,2662,13365,100
2791743753781291,599982,89,2662,13365,100
2791743758895664,599982,89,2662,13365,100
2791743764025307,599982,89,2662,13365,100
2791743769139811,599982,89,2662,13365,100
2791743774254181,599982,89,2662,13365,100
2791743779368349,599982,89,2662,13365,100
2791743784484717,599982,89,2662,13365,100
2791743789599174,599982,89,2662,13365,100
2791743794715221,599982,89,2662,13365,100
2791743799829777,599982,89,2662,13365,100
2791743804944442,599982,89,2662,13365,100
2791743810058979,599982,89,2662,13365,100
2791743815174924,599982,89,2662,13365,100
2791743820289001,599982,89,2662,13365,100
2791743825403189,599982,89,2662,13365,100
2791743830517544,599982,89,2662,13365,100
2791743835631670,599982,89,2662,13365,100
2791743840745686,599982,89,2662,13365,100
2791743845861543,599982,89,2662,13365,100
2791743850977343,599982,89,2662,13365,100
2791743856092028,599982,89,2662,13365,100
2791743861206676,599982,89,2662,13365,100
2791743866320928,599982,89,2662,13365,100
2791743871435379,599982,89,2662,13365,100
2791743876549333,599982,89,2662,13365,100
2791743881665288,599982,89,2662,13365,100
2791743886779405,599982,89,2662,13365,100
2791743891893678,599982,89,2662,13365,100
2791743897027099,599982,89,2662,13365,100
2791743902141523,599982,89,2662,13365,100
2791743907255731,599982,89,2662,13365,100
2791743912369936,599982,89,2662,13365,100
2791743917484264,599982,89,2662,13365,100
2791743922598332,599982,89,2662,13365,100
2791743927712793,599982,89,2662,13365,100
2791743932827066,599982,89,2662,13365,100
2791743937941401,599982,89,2662,13365,100
2791743943055818,599982,89,2662,13365,100
2791743948189954,599982,89,2662,13365,100
2791743953304751,599982,89,2662,13365,100
2791743958419019,599982,89,2662,13365,100
2791743963533118,599982,89,2662,13365,100
2791743968647477,599982,89,2662,13365,100
2791743973761734,599982,89,2662,13365,100
2791743978877298,599982,89,2662,13365,100
2791743983991609,599982,89,2662,13365,100
2791743989126249,599982,89,2662,13365,100
2791743994240538,599982,89,2662,13365,100
2791743999356823,599982,89,2662,13365,100
2791744004471535,599982,89,2662,13365,100
2791744009585899,599982,89,2662,13365,100
2791744014700231,599982,89,2662,13365,100
2791744019815239,599982,89,2662,13365,100
2791744024929224,599982,89,2662,13365,100
2791744030043396,599982,89,2662,13365,100
2791744035157493,599982,89,2662,13365,100
2791744040271845,599982,89,2662,13365,100
2791744045387622,599982,89,2662,13365,100
2791744050503665,599982,89,2662,13365,100
2791744055618378,599982,89,2662,13365,100
2791744060732599,599982,89,2662,13365,100
2791744065847015,599982,89,2662,13365,100
2791744070961188,599982,89,2662,13365,100
2791744076075972,599982,89,2662,13365,100
2791744081190088,599982,89,2662,13365,100
2791744086304425,599982,89,2662,13365,100
2791744091418577,599916,89,2662,13365,100
2791744096533894,599916,89,2662,13365,100
2791744101649774,599916,89,2662,13365,100
2791744106764655,599916,89,2662,13365,100
2791744111880265,599916,89,2662,13365,100
2791744116994817,599916,89,2662,13365,100
2791744122129079,599916,89,2662,13365,100
2791744127243384,599916,89,2662,13365,100
2791744132357322,599916,89,2662,13365,100
2791744137471125,599916,89,2662,13365,100
2791744142586553,599916,89,2662,13365,100
2791744147701389,599916,89,2662,13365,100
2791744152818253,599916,89,2662,13365,100
2791744157932934,599916,89,2662,13365,100
2791744163062187,599916,89,2662,13365,100
2791744168176439,599916,89,2662,13365,100
2791744173291283,599916,89,2662,13365,100
2791744178405542,599916,89,2662,13365,100
2791744183520106,599916,89,2662,13365,100
2791744188634456,599916,89,2662,13365,100
2791744193748928,599916,89,2662,13365,100
2791744198863134,599916,89,2662,13365,100
2791744203979118,599916,89,2662,13365,100
2791744209095616,599916,89,2662,13365,100
2791744214209927,599916,89,2662,13365,100
2791744219324359,599916,89,2662,13365,100
2791744224438747,599916,89,2662,13365,100
2791744229552935,599916,89,2662,13365,100
2791744234667164,599916,89,2662,13365,100
2791744239782324,599916,89,2662,13365,100
2791744244896499,599916,89,2662,13365,100
2791744250026013,599916,89,2662,13365,100
2791744255142041,599916,89,2662,13365,100
2791744260256858,599916,89,2662,13365,100
2791744265370930,599916,89,2662,13365,100
2791744270487219,599916,89,2662,13365,100
2791744275601375,599916,89,2662,13365,100
2791744280728637,599916,89,2662,13365,100
2791744285843003,599916,89,2662,13365,100
2791744290957432,599916,89,2662,13365,100
2791744296071690,599916,89,2662,13365,100
2791744301186296,599916,89,2662,13365,100
2791744306303405,599916,89,2662,13365,100
2791744311418014,599916,89,2662,13365,100
2791744316532986,599916,89,2662,13365,100
2791744321647543,599916,89,2662,13365,100
2791744326761758,599916,89,2662,13365,100
2791744331876231,599916,89,2662,13365,100
2791744336992427,599916,89,2662,13365,100
2791744342127036,599916,89,2662,13365,100
2791744347241272,599916,89,2662,13365,100
2791744352355260,599916,89,2662,13365,100
2791744357471155,599916,89,2662,13365,100
2791744362586139,599916,89,2662,13365,100
2791744367700373,599916,89,2662,13365,100
2791744372815830,599916,89,2662,13365,100
2791744377930360,599916,89,2662,13365,100
2791744383044571,599916,89,2662,13365,100
2791744388158895,599916,89,2662,13365,100
2791744393272964,599916,89,2662,13365,100
2791744398387124,599916,89,2662,13365,100
2791744403507484,599916,89,2662,13365,100
2791744408623479,599916,89,2662,13365,100
2791744413738221,599916,89,2662,13365,100
2791744418852310,599916,89,2662,13365,100
2791744423966606,599916,89,2662,13365,100
2791744429081331,599916,89,2662,13365,100
2791744434195683,599916,89,2662,13365,100
2791744439310520,599916,89,2662,13365,100
2791744444424972,599916,89,2662,13365,100
2791744449539807,599916,89,2662,13365,100
2791744454654508,599916,89,2662,13365,100
2791744459770332,599916,89,2662,13365,100
2791744464885177,599916,89,2662,13365,100
2791744470017021,599916,89,2662,13365,100
2791744475131525,599916,89,2662,13365,100
2791744480245834,599916,89,2662,13365,100
2791744485360287,599916,89,2662,13365,100
2791744490474402,599916,89,2662,13365,100
2791744495588715,599916,89,2662,13365,100
2791744500703447,599916,89,2662,13365,100
2791744505817628,599916,89,2662,13365,100
2791744510933660,599916,89,2662,13365,100
2791744516048421,599916,89,2662,13365,100
2791744521162695,599916,89,2662,13365,100
2791744526277120,599916,89,2662,13365,100
2791744531391304,599916,89,2662,13365,100
2791744536506847,599916,89,2662,13365,100
2791744541620991,599916,89,2662,13365,100
2791744546708659,599916,89,2662,13365,100
2791744551823596,599916,89,2662,13365,100
2791744556937725,599916,89,2662,13365,100
2791744562053573,599916,89,2662,13365,100
2791744567168595,599916,89,2662,13365,100
2791744572282974,599916,89,2662,13365,100
2791744577400213,599916,89,2662,13365,100
2791744582506376,599916,89,2662,13365,100
2791744587616522,599916,89,2662,13365,100
2791744592731165,599920,89,2662,13365,100
2791744597846515,599920,89,2662,13365,100
2791744602973279,599920,89,2662,13365,100
2791744608087480,599920,89,2662,13365,100
2791744613203340,599920,89,2662,13365,100
2791744618317629,599920,89,2662,13365,100
2791744623431993,599920,89,2662,13365,100
2791744628546542,599920,89,2662,13365,100
2791744633662100,599920,89,2662,13365,100
2791744638776722,599920,89,2662,13365,100
2791744643891299,599920,89,2662,13365,100
2791744649022980,599920,89,2662,13365,100
2791744654148783,599920,89,2662,13365,100
2791744659263568,599920,89,2662,13365,100
2791744664380432,599920,89,2662,13365,100
2791744669494549,599920,89,2662,13365,100
2791744674608845,599920,89,2662,13365,100
2791744679723173,599920,89,2662,13365,100
2791744684837510,599920,89,2662,13365,100
2791744689951730,599920,89,2662,13365,100
2791744695067338,599920,89,2662,13365,100
2791744700183051,599920,89,2662,13365,100
2791744705297303,599920,89,2662,13365,100
2791744710411556,599920,89,2662,13365,100
2791744715527210,599920,89,2662,13365,100
2791744720641541,599920,89,2662,13365,100
2791744725756601,599920,89,2662,13365,100
2791744730872545,599920,89,2662,13365,100
2791744735986894,599920,89,2662,13365,100
2791744741120886,599920,89,2662,13365,100
2791744746235367,599920,89,2662,13365,100
2791744751350062,599920,89,2662,13365,100
2791744756464547,599920,89,2662,13365,100
2791744761579655,599920,89,2662,13365,100
2791744766695106,599920,89,2662,13365,100
2791744771809696,599920,89,2662,13365,100
2791744776923809,599920,89,2662,13365,100
2791744782038489,599920,89,2662,13365,100
2791744787152637,599920,89,2662,13365,100
2791744792268218,599920,89,2662,13365,100
2791744797382578,599920,89,2662,13365,100
2791744802504755,599920,89,2662,13365,100
2791744807618975,599920,89,2662,13365,100
2791744812733491,599920,89,2662,13365,100
2791744817849559,599920,89,2662,13365,100
2791744822963974,599920,89,2662,13365,100
2791744828079761,599920,89,2662,13365,100
2791744833194197,599920,89,2662,13365,100
2791744838308475,599920,89,2662,13365,100
2791744843422766,599920,89,2662,13365,100
2791744848537210,599920,89,2662,13365,100
2791744853651363,599920,89,2662,13365,100
2791744858766878,599920,89,2662,13365,100
2791744863881457,599920,89,2662,13365,100
2791744868997003,599920,89,2662,13365,100
2791744874136328,599920,89,2662,13365,100
2791744879251888,599920,89,2662,13365,100
2791744884367441,599920,89,2662,13365,100
2791744889484097,599920,89,2662,13365,100
2791744894600369,599920,89,2662,13365,100
2791744899716810,599920,89,2662,13365,100
2791744904833164,599920,89,2662,13365,100
2791744909950031,599920,89,2662,13365,100
2791744915066335,599920,89,2662,13365,100
2791744920183827,599920,89,2662,13365,100
2791744925299350,599920,89,2662,13365,100
2791744930415326,599920,89,2662,13365,100
2791744935531676,599920,89,2662,13365,100
2791744940647883,599920,89,2662,13365,100
2791744945763909,599920,89,2662,13365,100
2791744950880138,599920,89,2662,13365,100
2791744955996430,599920,89,2662,13365,100
2791744961169812,599920,89,2662,13365,100
2791744966285857,599920,89,2662,13365,100
2791744971403543,599920,89,2662,13365,100
2791744976518999,599920,89,2662,13365,100
2791744981634397,599920,89,2662,13365,100
2791744986750456,599920,89,2662,13365,100
2791744991866493,599920,89,2662,13365,100
2791744996983690,599920,89,2662,13365,100
2791745002134081,599920,89,2662,13365,100
2791745007285045,599920,89,2662,13365,100
2791745012400265,599920,89,2662,13365,100
2791745017515598,599920,89,2662,13365,100
2791745022632850,599920,89,2662,13365,100
2791745027748767,599920,89,2662,13365,100
2791745032865601,599920,89,2662,13365,100
2791745037981456,599920,89,2662,13365,100
2791745043111980,599920,89,2662,13365,100
2791745048284975,599920,89,2662,13365,100
2791745053400324,599920,89,2662,13365,100
2791745058515422,599920,89,2662,13365,100
2791745063630792,599920,89,2662,13365,100
2791745068746109,599920,89,2662,13365,100
2791745073863801,599920,89,2662,13365,100
2791745078981334,599920,89,2662,13365,100
2791745084115070,599920,89,2662,13365,100
2791745089230515,600021,89,2662,13365,100
2791745094347875,600021,89,2662,13365,100
2791745099463899,600021,89,2662,13365,100
2791745104579312,600021,89,2662,13365,100
2791745109694996,600021,89,2662,13365,100
2791745114810692,600021,89,2662,13365,100
2791745119926367,600021,89,2662,13365,100
2791745125043686,600021,89,2662,13365,100
2791745130159949,600021,89,2662,13365,100
2791745135276106,600021,89,2662,13365,100
2791745140393203,600021,89,2662,13365,100
2791745145509062,600021,89,2662,13365,100
2791745150624451,600021,89,2662,13365,100
2791745155742451,600021,89,2662,13365,100
2791745160858276,600021,89,2662,13365,100
2791745165974406,600021,89,2662,13365,100
2791745171136700,600021,89,2662,13365,100
2791745176306224,600021,89,2662,13365,100
2791745181423144,600021,89,2662,13365,100
2791745186538405,600021,89,2662,13365,100
2791745191654602,600021,89,2662,13365,100
2791745196771612,600021,89,2662,13365,100
2791745201887982,600021,89,2662,13365,100
2791745207020803,600021,89,2662,13365,100
2791745212136319,600021,89,2662,13365,100
2791745217263123,600021,89,2662,13365,100
2791745222377794,600021,89,2662,13365,100
2791745227493971,600021,89,2662,13365,100
2791745232610577,600021,89,2662,13365,100
2791745237725661,600021,89,2662,13365,100
2791745242840304,600021,89,2662,13365,100
2791745247954969,600021,89,2662,13365,100
2791745253069749,600021,89,2662,13365,100
2791745258201324,600021,89,2662,13365,100
2791745263315527,600021,89,2662,13365,100
2791745268431306,600021,89,2662,13365,100
2791745273546139,600021,89,2662,13365,100
2791745278662329,600021,89,2662,13365,100
2791745283777128,600021,89,2662,13365,100
2791745288891876,600021,89,2662,13365,100
2791745294027775,600021,89,2662,13365,100
2791745299143925,600021,89,2662,13365,100
2791745304258564,600021,89,2662,13365,100
2791745309373306,600021,89,2662,13365,100
2791745314487987,600021,89,2662,13365,100
2791745319603175,600021,89,2662,13365,100
2791745324717907,600021,89,2662,13365,100
2791745329837075,600021,89,2662,13365,100
2791745334952136,600021,89,2662,13365,100
2791745340066900,600021,89,2662,13365,100
2791745345181817,600021,89,2662,13365,100
2791745350296541,600021,89,2662,13365,100
2791745355411041,600021,89,2662,13365,100
2791745360525665,600021,89,2662,13365,100
2791745365641226,600021,89,2662,13365,100
2791745370756041,600021,89,2662,13365,100
2791745375870979,600021,89,2662,13365,100
2791745380987103,600021,89,2662,13365,100
2791745386122288,600021,89,2662,13365,100
2791745391236768,600021,89,2662,13365,100
2791745396353070,600021,89,2662,13365,100
2791745401467889,600021,89,2662,13365,100
2791745406582501,600021,89,2662,13365,100
2791745411697234,600021,89,2662,13365,100
2791745416811998,600021,89,2662,13365,100
2791745421926986,600021,89,2662,13365,100
2791745427043378,600021,89,2662,13365,100
2791745432160735,600021,89,2662,13365,100
2791745437275311,600021,89,2662,13365,100
2791745442389691,600021,89,2662,13365,100
2791745447504468,600021,89,2662,13365,100
2791745452619411,600021,89,2662,13365,100
2791745457734088,600021,89,2662,13365,100
2791745462850609,600021,89,2662,13365,100
2791745467965497,600021,89,2662,13365,100
2791745473079914,600021,89,2662,13365,100
2791745478194247,600021,89,2662,13365,100
2791745483310259,600021,89,2662,13365,100
2791745488424751,600021,89,2662,13365,100
2791745493540895,600021,89,2662,13365,100
2791745498655650,600021,89,2662,13365,100
2791745503770524,600021,89,2662,13365,100
2791745508885279,600021,89,2662,13365,100
2791745513999998,600021,89,2662,13365,100
2791745519134697,600021,89,2662,13365,100
2791745524249186,600021,89,2662,13365,100
2791745529363776,600021,89,2662,13365,100
2791745534479690,600021,89,2662,13365,100
2791745539594199,600021,89,2662,13365,100
2791745544708791,600021,89,2662,13365,100
2791745549823463,600021,89,2662,13365,100
2791745554938008,600021,89,2662,13365,100
2791745560053917,600021,89,2662,13365,100
2791745565168309,600021,89,2662,13365,100
2791745570283126,600021,89,2662,13365,100
2791745575397605,600021,89,2662,13365,100
2791745580512370,600021,89,2662,13365,100
2791745585628374,600021,89,2662,13365,100
2791745590744115,599989,89,2662,13365,100
2791745595859652,599989,89,2662,13365,100
2791745600974718,599989,89,2662,13365,100
2791745606089450,599989,89,2662,13365,100
2791745611204056,599989,89,2662,13365,100
2791745616318859,599989,89,2662,13365,100
2791745621433823,599989,89,2662,13365,100
2791745626548387,599989,89,2662,13365,100
2791745631663006,599989,89,2662,13365,100
2791745636779074,599989,89,2662,13365,100
2791745641893519,599989,89,2662,13365,100
2791745647023859,599989,89,2662,13365,100
2791745652138695,599989,89,2662,13365,100
2791745657254088,599989,89,2662,13365,100
2791745662368920,599989,89,2662,13365,100
2791745667483228,599989,89,2662,13365,100
2791745672597854,599989,89,2662,13365,100
2791745677712318,599989,89,2662,13365,100
2791745682827134,599989,89,2662,13365,100
2791745687944231,599989,89,2662,13365,100
2791745693058857,599989,89,2662,13365,100
2791745698173111,599989,89,2662,13365,100
2791745703287764,599989,89,2662,13365,100
2791745708402176,599989,89,2662,13365,100
2791745713516908,599989,89,2662,13365,100
2791745718640239,599989,89,2662,13365,100
2791745723754665,599989,89,2662,13365,100
2791745728869353,599989,89,2662,13365,100
2791745733984105,599989,89,2662,13365,100
2791745739132382,599989,89,2662,13365,100
2791745744246834,599989,89,2662,13365,100
2791745749361345,599989,89,2662,13365,100
2791745754483239,599989,89,2662,13365,100
2791745759597888,599989,89,2662,13365,100
2791745764712546,599989,89,2662,13365,100
2791745769827002,599989,89,2662,13365,100
2791745774941692,599989,89,2662,13365,100
2791745780056201,599989,89,2662,13365,100
2791745785171505,599989,89,2662,13365,100
2791745790287262,599989,89,2662,13365,100
2791745795401834,599989,89,2662,13365,100
2791745800516098,599989,89,2662,13365,100
2791745805630381,599989,89,2662,13365,100
2791745810745047,599989,89,2662,13365,100
2791745815859524,599989,89,2662,13365,100
2791745820975252,599989,89,2662,13365,100
2791745826089844,599989,89,2662,13365,100
2791745831204535,599989,89,2662,13365,100
2791745836319693,599989,89,2662,13365,100
2791745841435891,599989,89,2662,13365,100
2791745846550570,599989,89,2662,13365,100
2791745851666233,599989,89,2662,13365,100
2791745856781286,599989,89,2662,13365,100
2791745861895863,599989,89,2662,13365,100
2791745867027473,599989,89,2662,13365,100
2791745872142130,599989,89,2662,13365,100
2791745877257104,599989,89,2662,13365,100
2791745882371713,599989,89,2662,13365,100
2791745887486643,599989,89,2662,13365,100
2791745892602697,599989,89,2662,13365,100
2791745897717158,599989,89,2662,13365,100
2791745902831542,599989,89,2662,13365,100
2791745907946219,599989,89,2662,13365,100
2791745913077353,599989,89,2662,13365,100
2791745918193588,599989,89,2662,13365,100
2791745923308103,599989,89,2662,13365,100
2791745928422726,599989,89,2662,13365,100
2791745933537196,599989,89,2662,13365,100
2791745938651641,599989,89,2662,13365,100
2791745943767333,599989,89,2662,13365,100
2791745948883114,599989,89,2662,13365,100
2791745953997930,599989,89,2662,13365,100
2791745959132234,599989,89,2662,13365,100
2791745964246778,599989,89,2662,13365,100
2791745969361394,599989,89,2662,13365,100
2791745974476052,599989,89,2662,13365,100
2791745979590588,599989,89,2662,13365,100
2791745984704961,599989,89,2662,13365,100
2791745989819820,599989,89,2662,13365,100
2791745994935937,599989,89,2662,13365,100
2791746000050474,599989,89,2662,13365,100
2791746005164964,599989,89,2662,13365,100
2791746010279763,599989,89,2662,13365,100
2791746015395738,599989,89,2662,13365,100
2791746020510283,599989,89,2662,13365,100
2791746025624887,599989,89,2662,13365,100
2791746030739620,599989,89,2662,13365,100
2791746035854245,599989,89,2662,13365,100
2791746040969093,599989,89,2662,13365,100
2791746046086417,599989,89,2662,13365,100
2791746051200933,599989,89,2662,13365,100
2791746056315717,599989,89,2662,13365,100
2791746061430440,599989,89,2662,13365,100
2791746066544918,599989,89,2662,13365,100
2791746071659479,599989,89,2662,13365,100
2791746076774195,599989,89,2662,13365,100
2791746081889999,599989,89,2662,13365,100
2791746087022554,599989,89,2662,13365,100
2791746092137586,600059,89,2662,13365,100
2791746097254550,600059,89,2662,13365,100
2791746102369650,600059,89,2662,13365,100
2791746107484719,600059,89,2662,13365,100
2791746112600469,600059,89,2662,13365,100
2791746117715226,600059,89,2662,13365,100
2791746122830499,600059,89,2662,13365,100
2791746127945255,600059,89,2662,13365,100
2791746133059659,600059,89,2662,13365,100
2791746138174196,600059,89,2662,13365,100
2791746143289077,600059,89,2662,13365,100
2791746148405056,600059,89,2662,13365,100
2791746153520837,600059,89,2662,13365,100
2791746158635514,600059,89,2662,13365,100
2791746163750326,600059,89,2662,13365,100
2791746168864772,600059,89,2662,13365,100
2791746173979271,600059,89,2662,13365,100
2791746179093763,600059,89,2662,13365,100
2791746184208397,600059,89,2662,13365,100
2791746189322891,600059,89,2662,13365,100
2791746194437864,600059,89,2662,13365,100
2791746199553789,600059,89,2662,13365,100
2791746204670177,600059,89,2662,13365,100
2791746209784914,600059,89,2662,13365,100
2791746214899437,600059,89,2662,13365,100
2791746220029438,600059,89,2662,13365,100
2791746225143867,600059,89,2662,13365,100
2791746230258943,600059,89,2662,13365,100
2791746235373823,600059,89,2662,13365,100
2791746240488660,600059,89,2662,13365,100
2791746245603003,600059,89,2662,13365,100
2791746250719184,600059,89,2662,13365,100
2791746255833579,600059,89,2662,13365,100
2791746260948316,600059,89,2662,13365,100
2791746266062913,600059,89,2662,13365,100
2791746271178900,600059,89,2662,13365,100
2791746276293366,600059,89,2662,13365,100
2791746281408001,600059,89,2662,13365,100
2791746286523151,600059,89,2662,13365,100
2791746291637663,600059,89,2662,13365,100
2791746296752601,600059,89,2662,13365,100
2791746301869652,600059,89,2662,13365,100
2791746306984065,600059,89,2662,13365,100
2791746312119465,600059,89,2662,13365,100
2791746317234911,600059,89,2662,13365,100
2791746322349550,600059,89,2662,13365,100
2791746327464188,600059,89,2662,13365,100
2791746332578818,600059,89,2662,13365,100
2791746337694962,600059,89,2662,13365,100
2791746342809591,600059,89,2662,13365,100
2791746347924572,600059,89,2662,13365,100
2791746353041435,600059,89,2662,13365,100
2791746358156172,600059,89,2662,13365,100
2791746363270684,600059,89,2662,13365,100
2791746368387415,600059,89,2662,13365,100
2791746373502273,600059,89,2662,13365,100
2791746378617210,600059,89,2662,13365,100
2791746383732098,600059,89,2662,13365,100
2791746388846920,600059,89,2662,13365,100
2791746393961487,600059,89,2662,13365,100
2791746399076175,600059,89,2662,13365,100
2791746404193046,600059,89,2662,13365,100
2791746409307524,600059,89,2662,13365,100
2791746414422493,600059,89,2662,13365,100
2791746419537249,600059,89,2662,13365,100
2791746424652213,600059,89,2662,13365,100
2791746429766690,600059,89,2662,13365,100
2791746434882832,600059,89,2662,13365,100
2791746439997619,600059,89,2662,13365,100
2791746445133835,600059,89,2662,13365,100
2791746450248325,600059,89,2662,13365,100
2791746455364755,600059,89,2662,13365,100
2791746460479427,600059,89,2662,13365,100
2791746465594404,600059,89,2662,13365,100
2791746470709085,600059,89,2662,13365,100
2791746475823322,600059,89,2662,13365,100
2791746480938161,600059,89,2662,13365,100
2791746486052469,600059,89,2662,13365,100
2791746491167255,600059,89,2662,13365,100
2791746496281887,600059,89,2662,13365,100
2791746501397511,600059,89,2662,13365,100
2791746506513815,600059,89,2662,13365,100
2791746511628584,600059,89,2662,13365,100
2791746516743470,600059,89,2662,13365,100
2791746521858325,600059,89,2662,13365,100
2791746526973004,600059,89,2662,13365,100
2791746532088836,600059,89,2662,13365,100
2791746537203362,600059,89,2662,13365,100
2791746542318042,600059,89,2662,13365,100
2791746547432442,600059,89,2662,13365,100
2791746552547073,600059,89,2662,13365,100
2791746557663267,600059,89,2662,13365,100
2791746562779500,600059,89,2662,13365,100
2791746567911499,600059,89,2662,13365,100
2791746573026289,600059,89,2662,13365,100
2791746578145017,600059,89,2662,13365,100
2791746583259634,600059,89,2662,13365,100
2791746588374253,600059,89,2662,13365,100
2791746593489018,600061,89,2662,13365,100
2791746598606042,600061,89,2662,13365,100
2791746603720997,600061,89,2662,13365,100
2791746608837171,600061,89,2662,13365,100
2791746613951579,600061,89,2662,13365,100
2791746619066279,600061,89,2662,13365,100
2791746624181156,600061,89,2662,13365,100
2791746629297400,600061,89,2662,13365,100
2791746634412229,600061,89,2662,13365,100
2791746639526757,600061,89,2662,13365,100
2791746644641681,600061,89,2662,13365,100
2791746649756876,600061,89,2662,13365,100
2791746654872763,600061,89,2662,13365,100
2791746659990735,600061,89,2662,13365,100
2791746665126479,600061,89,2662,13365,100
2791746670242259,600061,89,2662,13365,100
2791746675357985,600061,89,2662,13365,100
2791746680473841,600061,89,2662,13365,100
2791746685590681,600061,89,2662,13365,100
2791746690707201,600061,89,2662,13365,100
2791746695824677,600061,89,2662,13365,100
2791746700941273,600061,89,2662,13365,100
2791746706057750,600061,89,2662,13365,100
2791746711175049,600061,89,2662,13365,100
2791746716291233,600061,89,2662,13365,100
2791746721406679,600061,89,2662,13365,100
2791746726522388,600061,89,2662,13365,100
2791746731637708,600061,89,2662,13365,100
2791746736753109,600061,89,2662,13365,100
2791746741868937,600061,89,2662,13365,100
2791746746985519,600061,89,2662,13365,100
2791746752128824,600061,89,2662,13365,100
2791746757244116,600061,89,2662,13365,100
2791746762360432,600061,89,2662,13365,100
2791746767475950,600061,89,2662,13365,100
2791746772590614,600061,89,2662,13365,100
2791746777705195,600061,89,2662,13365,100
2791746782820200,600061,89,2662,13365,100
2791746787935148,600061,89,2662,13365,100
2791746793049748,600061,89,2662,13365,100
2791746798164391,600061,89,2662,13365,100
2791746803279586,600061,89,2662,13365,100
2791746808393834,600061,89,2662,13365,100
2791746813511691,600061,89,2662,13365,100
2791746818626550,600061,89,2662,13365,100
2791746823741098,600061,89,2662,13365,100
2791746828855671,600061,89,2662,13365,100
2791746833970087,600061,89,2662,13365,100
2791746839085158,600061,89,2662,13365,100
2791746844201532,600061,89,2662,13365,100
2791746849316060,600061,89,2662,13365,100
2791746854430613,600061,89,2662,13365,100
2791746859545877,600061,89,2662,13365,100
2791746864661966,600061,89,2662,13365,100
2791746869777770,600061,89,2662,13365,100
2791746874892377,600061,89,2662,13365,100
2791746880023973,600061,89,2662,13365,100
2791746885138651,600061,89,2662,13365,100
2791746890253390,600061,89,2662,13365,100
2791746895368036,600061,89,2662,13365,100
2791746900482598,600061,89,2662,13365,100
2791746905597148,600061,89,2662,13365,100
2791746910713527,600061,89,2662,13365,100
2791746915830034,600061,89,2662,13365,100
2791746920944282,600061,89,2662,13365,100
2791746926058971,600061,89,2662,13365,100
2791746931173505,600061,89,2662,13365,100
2791746936287996,600061,89,2662,13365,100
2791746941404268,600061,89,2662,13365,100
2791746946518836,600061,89,2662,13365,100
2791746951633405,600061,89,2662,13365,100
2791746956747689,600061,89,2662,13365,100
2791746961862243,600061,89,2662,13365,100
2791746966978735,600061,89,2662,13365,100
2791746972093374,600061,89,2662,13365,100
2791746977208526,600061,89,2662,13365,100
2791746982323114,600061,89,2662,13365,100
2791746987437620,600061,89,2662,13365,100
2791746992552288,600061,89,2662,13365,100
2791746997667544,600061,89,2662,13365,100
2791747002781717,600061,89,2662,13365,100
2791747007897492,600061,89,2662,13365,100
2791747013029087,600061,89,2662,13365,100
2791747018145419,600061,89,2662,13365,100
2791747023260162,600061,89,2662,13365,100
2791747028374786,600061,89,2662,13365,100
2791747033489385,600061,89,2662,13365,100
2791747038605713,600061,89,2662,13365,100
2791747043720303,600061,89,2662,13365,100
2791747048835012,600061,89,2662,13365,100
2791747053949437,600061,89,2662,13365,100
2791747059064016,600061,89,2662,13365,100
2791747064178741,600061,89,2662,13365,100
2791747069295096,600061,89,2662,13365,100
2791747074410129,600061,89,2662,13365,100
2791747079547586,600061,89,2662,13365,100
2791747084662258,600061,89,2662,13365,100
2791747089777246,600033,89,2662,13365,100
2791747094892617,600033,89,2662,13365,100
2791747100028431,600033,89,2662,13365,100
2791747105144215,600033,89,2662,13365,100
2791747110259312,600033,89,2662,13365,100
2791747115374295,600033,89,2662,13365,100
2791747120491297,600033,89,2662,13365,100
2791747125605657,600033,89,2662,13365,100
2791747130720762,600033,89,2662,13365,100
2791747135835894,600033,89,2662,13365,100
2791747140950910,600033,89,2662,13365,100
2791747146065563,600033,89,2662,13365,100
2791747151180173,600033,89,2662,13365,100
2791747156294672,600033,89,2662,13365,100
2791747161409396,600033,89,2662,13365,100
2791747166524361,600033,89,2662,13365,100
2791747171641777,600033,89,2662,13365,100
2791747176751427,600033,89,2662,13365,100
2791747181862992,600033,89,2662,13365,100
2791747186977596,600033,89,2662,13365,100
2791747192092661,600033,89,2662,13365,100
2791747197208199,600033,89,2662,13365,100
2791747202323275,600033,89,2662,13365,100
2791747207437903,600033,89,2662,13365,100
2791747212553111,600033,89,2662,13365,100
2791747217667912,600033,89,2662,13365,100
2791747222801447,600033,89,2662,13365,100
2791747227916086,600033,89,2662,13365,100
2791747233030941,600033,89,2662,13365,100
2791747238145654,600033,89,2662,13365,100
2791747243261722,600033,89,2662,13365,100
2791747248376683,600033,89,2662,13365,100
2791747253491533,600033,89,2662,13365,100
2791747258606337,600033,89,2662,13365,100
2791747263720910,600033,89,2662,13365,100
2791747268835492,600033,89,2662,13365,100
2791747273952324,600033,89,2662,13365,100
2791747279068381,600033,89,2662,13365,100
2791747284204301,600033,89,2662,13365,100
2791747289319984,600033,89,2662,13365,100
2791747294435441,600033,89,2662,13365,100
2791747299551372,600033,89,2662,13365,100
2791747304666871,600033,89,2662,13365,100
2791747309782549,600033,89,2662,13365,100
2791747314898913,600033,89,2662,13365,100
2791747320031883,600033,89,2662,13365,100
2791747325150004,600033,89,2662,13365,100
2791747330266021,600033,89,2662,13365,100
2791747335382021,600033,89,2662,13365,100
2791747340498357,600033,89,2662,13365,100
2791747345614561,600033,89,2662,13365,100
2791747350730264,600033,89,2662,13365,100
2791747355846581,600033,89,2662,13365,100
2791747360962798,600033,89,2662,13365,100
2791747366079557,600033,89,2662,13365,100
2791747371195819,600033,89,2662,13365,100
2791747376313366,600033,89,2662,13365,100
2791747381429881,600033,89,2662,13365,100
2791747386546396,600033,89,2662,13365,100
2791747391662701,600033,89,2662,13365,100
2791747396777109,600033,89,2662,13365,100
2791747401892442,600033,89,2662,13365,100
2791747407026838,600033,89,2662,13365,100
2791747412141607,600033,89,2662,13365,100
2791747417256106,600033,89,2662,13365,100
2791747422371912,600033,89,2662,13365,100
2791747427488220,600033,89,2662,13365,100
2791747432602676,600033,89,2662,13365,100
2791747437716993,600033,89,2662,13365,100
2791747442831729,600033,89,2662,13365,100
2791747447946677,600033,89,2662,13365,100
2791747453061162,600033,89,2662,13365,100
2791747458176394,600033,89,2662,13365,100
2791747463291431,600033,89,2662,13365,100
2791747468406463,600033,89,2662,13365,100
2791747473521195,600033,89,2662,13365,100
2791747478637535,600033,89,2662,13365,100
2791747483751996,600033,89,2662,13365,100
2791747488867168,600033,89,2662,13365,100
2791747493981893,600033,89,2662,13365,100
2791747499118273,600033,89,2662,13365,100
2791747504233213,600033,89,2662,13365,100
2791747509348210,600033,89,2662,13365,100
2791747514463074,600033,89,2662,13365,100
2791747519579746,600033,89,2662,13365,100
2791747524694445,600033,89,2662,13365,100
2791747529810967,600033,89,2662,13365,100
2791747534926008,600033,89,2662,13365,100
2791747540040532,600033,89,2662,13365,100
2791747545155232,600033,89,2662,13365,100
2791747550270027,600033,89,2662,13365,100
2791747555384871,600033,89,2662,13365,100
2791747560499598,600033,89,2662,13365,100
2791747565614670,600033,89,2662,13365,100
2791747570729674,600033,89,2662,13365,100
2791747575844755,600033,89,2662,13365,100
2791747580960995,600033,89,2662,13365,100
2791747586077212,600033,89,2662,13365,100
2791747591191990,599976,89,2662,13365,100
2791747596307632,599976,89,2662,13365,100
2791747601422529,599976,89,2662,13365,100
2791747606537469,599976,89,2662,13365,100
2791747611652025,599976,89,2662,13365,100
2791747616768302,599976,89,2662,13365,100
2791747621882902,599976,89,2662,13365,100
2791747626997471,599976,89,2662,13365,100
2791747632135083,599976,89,2662,13365,100
2791747637249736,599976,89,2662,13365,100
2791747642364273,599976,89,2662,13365,100
2791747647479038,599976,89,2662,13365,100
2791747652593840,599976,89,2662,13365,100
2791747657709192,599976,89,2662,13365,100
2791747662823943,599976,89,2662,13365,100
2791747667939130,599976,89,2662,13365,100
2791747673053786,599976,89,2662,13365,100
2791747678168395,599976,89,2662,13365,100
2791747683287059,599976,89,2662,13365,100
2791747688401793,599976,89,2662,13365,100
2791747693516795,599976,89,2662,13365,100
2791747698631784,599976,89,2662,13365,100
2791747703748712,599976,89,2662,13365,100
2791747708864432,599976,89,2662,13365,100
2791747713979745,599976,89,2662,13365,100
2791747719096299,599976,89,2662,13365,100
2791747724212042,599976,89,2662,13365,100
2791747729327514,599976,89,2662,13365,100
2791747734443830,599976,89,2662,13365,100
2791747739558489,599976,89,2662,13365,100
2791747744673654,599976,89,2662,13365,100
2791747749788658,599976,89,2662,13365,100
2791747754903272,599976,89,2662,13365,100
2791747760019987,599976,89,2662,13365,100
2791747765135013,599976,89,2662,13365,100
2791747770250857,599976,89,2662,13365,100
2791747775366738,599976,89,2662,13365,100
2791747780481424,599976,89,2662,13365,100
2791747785597702,599976,89,2662,13365,100
2791747790712479,599976,89,2662,13365,100
2791747795830723,599976,89,2662,13365,100
2791747800945596,599976,89,2662,13365,100
2791747806060384,599976,89,2662,13365,100
2791747811175392,599976,89,2662,13365,100
2791747816290173,599976,89,2662,13365,100
2791747821404938,599976,89,2662,13365,100
2791747826519502,599976,89,2662,13365,100
2791747831634316,599976,89,2662,13365,100
2791747836749954,599976,89,2662,13365,100
2791747841866157,599976,89,2662,13365,100
2791747846980456,599976,89,2662,13365,100
2791747852095335,599976,89,2662,13365,100
2791747857210067,599976,89,2662,13365,100
2791747862324876,599976,89,2662,13365,100
2791747867439512,599976,89,2662,13365,100
2791747872555441,599976,89,2662,13365,100
2791747877686888,599976,89,2662,13365,100
2791747882801525,599976,89,2662,13365,100
2791747887917806,599976,89,2662,13365,100
2791747893032521,599976,89,2662,13365,100
2791747898147123,599976,89,2662,13365,100
2791747903261563,599976,89,2662,13365,100
2791747908376454,599976,89,2662,13365,100
2791747913490853,599976,89,2662,13365,100
2791747918605403,599976,89,2662,13365,100
2791747923719729,599976,89,2662,13365,100
2791747928834213,599976,89,2662,13365,100
2791747933948729,599976,89,2662,13365,100
2791747939065910,599976,89,2662,13365,100
2791747944180899,599976,89,2662,13365,100
2791747949296107,599976,89,2662,13365,100
2791747954410707,599976,89,2662,13365,100
2791747959525518,599976,89,2662,13365,100
2791747964640782,599976,89,2662,13365,100
2791747969756916,599976,89,2662,13365,100
2791747974871617,599976,89,2662,13365,100
2791747979986385,599976,89,2662,13365,100
2791747985123693,599976,89,2662,13365,100
2791747990239762,599976,89,2662,13365,100
2791747995354262,599976,89,2662,13365,100
2791748000469100,599976,89,2662,13365,100
2791748005584687,599976,89,2662,13365,100
2791748010699422,599976,89,2662,13365,100
2791748015813735,599976,89,2662,13365,100
2791748020928490,599976,89,2662,13365,100
2791748026043253,599976,89,2662,13365,100
2791748031158197,599976,89,2662,13365,100
2791748036274091,599976,89,2662,13365,100
2791748041390466,599976,89,2662,13365,100
2791748046505094,599976,89,2662,13365,100
2791748051619671,599976,89,2662,13365,100
2791748056734141,599976,89,2662,13365,100
2791748061848965,599976,89,2662,13365,100
2791748066963650,599976,89,2662,13365,100
2791748072080024,599976,89,2662,13365,100
2791748077195053,599976,89,2662,13365,100
2791748082310043,599976,89,2662,13365,100
2791748087424861,599976,89,2662,13365,100
2791748092541277,600101,89,2662,13365,100
2791748097656762,600101,89,2662,13365,100
2791748102772882,600101,89,2662,13365,100
2791748107887727,600101,89,2662,13365,100
2791748113024163,600101,89,2662,13365,100
2791748118139388,600101,89,2662,13365,100
2791748123254052,600101,89,2662,13365,100
2791748128368570,600101,89,2662,13365,100
2791748133483912,600101,89,2662,13365,100
2791748138598704,600101,89,2662,13365,100
2791748143714983,600101,89,2662,13365,100
2791748148829540,600101,89,2662,13365,100
2791748153944084,600101,89,2662,13365,100
2791748159058662,600101,89,2662,13365,100
2791748164173281,600101,89,2662,13365,100
2791748169289122,600101,89,2662,13365,100
2791748174404131,600101,89,2662,13365,100
2791748179518796,600101,89,2662,13365,100
2791748184633560,600101,89,2662,13365,100
2791748189748943,600101,89,2662,13365,100
2791748194865685,600101,89,2662,13365,100
2791748199981586,600101,89,2662,13365,100
2791748205117534,600101,89,2662,13365,100
2791748210232790,600101,89,2662,13365,100
2791748215348502,600101,89,2662,13365,100
2791748220463431,600101,89,2662,13365,100
2791748225578091,600101,89,2662,13365,100
2791748230692839,600101,89,2662,13365,100
2791748235809352,600101,89,2662,13365,100
2791748240924152,600101,89,2662,13365,100
2791748246040833,600101,89,2662,13365,100
2791748251155846,600101,89,2662,13365,100
2791748256270425,600101,89,2662,13365,100
2791748261385016,600101,89,2662,13365,100
2791748266500866,600101,89,2662,13365,100
2791748271615919,600101,89,2662,13365,100
2791748276730189,600101,89,2662,13365,100
2791748281845167,600101,89,2662,13365,100
2791748286960016,600101,89,2662,13365,100
2791748292074972,600101,89,2662,13365,100
2791748297191441,600101,89,2662,13365,100
2791748302307589,600101,89,2662,13365,100
2791748307422185,600101,89,2662,13365,100
2791748312537046,600101,89,2662,13365,100
2791748317652426,600101,89,2662,13365,100
2791748322767375,600101,89,2662,13365,100
2791748327881928,600101,89,2662,13365,100
2791748332998371,600101,89,2662,13365,100
2791748338135100,600101,89,2662,13365,100
2791748343249701,600101,89,2662,13365,100
2791748348366044,600101,89,2662,13365,100
2791748353480315,600101,89,2662,13365,100
2791748358595061,600101,89,2662,13365,100
2791748363709458,600101,89,2662,13365,100
2791748368825830,600101,89,2662,13365,100
2791748373940915,600101,89,2662,13365,100
2791748379055550,600101,89,2662,13365,100
2791748384170296,600101,89,2662,13365,100
2791748389284935,600101,89,2662,13365,100
2791748394399456,600101,89,2662,13365,100
2791748399517113,600101,89,2662,13365,100
2791748404632039,600101,89,2662,13365,100
2791748409746483,600101,89,2662,13365,100
2791748414861121,600101,89,2662,13365,100
2791748419975954,600101,89,2662,13365,100
2791748425090495,600101,89,2662,13365,100
2791748430204999,600101,89,2662,13365,100
2791748435320191,600101,89,2662,13365,100
2791748440434635,600101,89,2662,13365,100
2791748445549327,600101,89,2662,13365,100
2791748450665797,600101,89,2662,13365,100
2791748455780412,600101,89,2662,13365,100
2791748460895153,600101,89,2662,13365,100
2791748466027017,600101,89,2662,13365,100
2791748471141629,600101,89,2662,13365,100
2791748476256755,600101,89,2662,13365,100
2791748481371547,600101,89,2662,13365,100
2791748486486427,600101,89,2662,13365,100
2791748491601063,600101,89,2662,13365,100
2791748496717258,600101,89,2662,13365,100
2791748501833648,600101,89,2662,13365,100
2791748506948254,600101,89,2662,13365,100
2791748512062864,600101,89,2662,13365,100
2791748517177669,600101,89,2662,13365,100
2791748522292042,600101,89,2662,13365,100
2791748527406499,600101,89,2662,13365,100
2791748532537829,600101,89,2662,13365,100
2791748537652351,600101,89,2662,13365,100
2791748542767085,600101,89,2662,13365,100
2791748547881740,600101,89,2662,13365,100
2791748552998006,600101,89,2662,13365,100
2791748558132204,600101,89,2662,13365,100
2791748563248100,600101,89,2662,13365,100
2791748568362719,600101,89,2662,13365,100
2791748573477153,600101,89,2662,13365,100
2791748578591697,600101,89,2662,13365,100
2791748583699614,600101,89,2662,13365,100
2791748588814430,600138,89,2662,13365,100
2791748593931727,600138,89,2662,13365,100
2791748599046952,600138,89,2662,13365,100
2791748604163104,600138,89,2662,13365,100
2791748609277654,600138,89,2662,13365,100
2791748614392197,600138,89,2662,13365,100
2791748619510825,600138,89,2662,13365,100
2791748624625987,600138,89,2662,13365,100
2791748629740350,600138,89,2662,13365,100
2791748634854990,600138,89,2662,13365,100
2791748639969466,600138,89,2662,13365,100
2791748645084195,600138,89,2662,13365,100
2791748650198859,600138,89,2662,13365,100
2791748655316679,600138,89,2662,13365,100
2791748660431568,600138,89,2662,13365,100
2791748665546364,600138,89,2662,13365,100
2791748670660921,600138,89,2662,13365,100
2791748675775511,600138,89,2662,13365,100
2791748680890230,600138,89,2662,13365,100
2791748686021874,600138,89,2662,13365,100
2791748691136606,600138,89,2662,13365,100
2791748696251534,600138,89,2662,13365,100
2791748701366426,600138,89,2662,13365,100
2791748706482727,600138,89,2662,13365,100
2791748711597088,600138,89,2662,13365,100
2791748716711876,600138,89,2662,13365,100
2791748721827736,600138,89,2662,13365,100
2791748726942375,600138,89,2662,13365,100
2791748732057021,600138,89,2662,13365,100
2791748737171804,600138,89,2662,13365,100
2791748742286598,600138,89,2662,13365,100
2791748747401213,600138,89,2662,13365,100
2791748752516751,600138,89,2662,13365,100
2791748757633163,600138,89,2662,13365,100
2791748762747624,600138,89,2662,13365,100
2791748767862396,600138,89,2662,13365,100
2791748772977029,600138,89,2662,13365,100
2791748778091661,600138,89,2662,13365,100
2791748783207851,600138,89,2662,13365,100
2791748788322650,600138,89,2662,13365,100
2791748793437305,600138,89,2662,13365,100
2791748798551526,600138,89,2662,13365,100
2791748803666155,600138,89,2662,13365,100
2791748808782825,600138,89,2662,13365,100
2791748813897664,600138,89,2662,13365,100
2791748819028868,600138,89,2662,13365,100
2791748824143664,600138,89,2662,13365,100
2791748829258256,600138,89,2662,13365,100
2791748834372695,600138,89,2662,13365,100
2791748839487573,600138,89,2662,13365,100
2791748844614614,600138,89,2662,13365,100
2791748849730610,600138,89,2662,13365,100
2791748854845578,600138,89,2662,13365,100
2791748859961935,600138,89,2662,13365,100
2791748865076371,600138,89,2662,13365,100
2791748870191227,600138,89,2662,13365,100
2791748875323570,600138,89,2662,13365,100
2791748880438405,600138,89,2662,13365,100
2791748885554760,600138,89,2662,13365,100
2791748890669575,600138,89,2662,13365,100
2791748895784500,600138,89,2662,13365,100
2791748900899118,600138,89,2662,13365,100
2791748906034478,600138,89,2662,13365,100
2791748911150967,600138,89,2662,13365,100
2791748916266859,600138,89,2662,13365,100
2791748921393471,600138,89,2662,13365,100
2791748926508160,600138,89,2662,13365,100
2791748931623440,600138,89,2662,13365,100
2791748936738169,600138,89,2662,13365,100
2791748941852817,600138,89,2662,13365,100
2791748946967665,600138,89,2662,13365,100
2791748952083908,600138,89,2662,13365,100
2791748957198642,600138,89,2662,13365,100
2791748962315075,600138,89,2662,13365,100
2791748967429581,600138,89,2662,13365,100
2791748972544225,600138,89,2662,13365,100
2791748977658943,600138,89,2662,13365,100
2791748982774583,600138,89,2662,13365,100
2791748987891244,600138,89,2662,13365,100
2791748993025108,600138,89,2662,13365,100
2791748998141281,600138,89,2662,13365,100
2791749003257861,600138,89,2662,13365,100
2791749008373330,600138,89,2662,13365,100
2791749013490110,600138,89,2662,13365,100
2791749018605046,600138,89,2662,13365,100
2791749023720949,600138,89,2662,13365,100
2791749028836655,600138,89,2662,13365,100
2791749033951787,600138,89,2662,13365,100
2791749039066802,600138,89,2662,13365,100
2791749044181620,600138,89,2662,13365,100
2791749049296491,600138,89,2662,13365,100
2791749054411095,600138,89,2662,13365,100
2791749059527685,600138,89,2662,13365,100
2791749064652446,600138,89,2662,13365,100
2791749069768026,600138,89,2662,13365,100
2791749074883411,600138,89,2662,13365,100
2791749079998007,600138,89,2662,13365,100
2791749085131267,600138,89,2662,13365,100
2791749090247280,599956,89,2662,13365,100
2791749095363344,599956,89,2662,13365,100
2791749100478042,599956,89,2662,13365,100
2791749105592579,599956,89,2662,13365,100
2791749110707294,599956,89,2662,13365,100
2791749115823497,599956,89,2662,13365,100
2791749120938442,599956,89,2662,13365,100
2791749126054682,599956,89,2662,13365,100
2791749131169615,599956,89,2662,13365,100
2791749136284040,599956,89,2662,13365,100
2791749141398599,599956,89,2662,13365,100
2791749146513104,599956,89,2662,13365,100
2791749151627860,599956,89,2662,13365,100
2791749156744681,599956,89,2662,13365,100
2791749161860053,599956,89,2662,13365,100
2791749166976165,599956,89,2662,13365,100
2791749172090909,599956,89,2662,13365,100
2791749177205562,599956,89,2662,13365,100
2791749182320192,599956,89,2662,13365,100
2791749187451959,599956,89,2662,13365,100
2791749192567613,599956,89,2662,13365,100
2791749197682196,599956,89,2662,13365,100
2791749202796942,599956,89,2662,13365,100
2791749207911716,599956,89,2662,13365,100
2791749213026480,599956,89,2662,13365,100
2791749218142615,599956,89,2662,13365,100
2791749223259387,599956,89,2662,13365,100
2791749228374094,599956,89,2662,13365,100
2791749233488842,599956,89,2662,13365,100
2791749238603515,599956,89,2662,13365,100
2791749243718227,599956,89,2662,13365,100
2791749248833002,599956,89,2662,13365,100
2791749253948956,599956,89,2662,13365,100
2791749259064109,599956,89,2662,13365,100
2791749264178784,599956,89,2662,13365,100
2791749269295025,599956,89,2662,13365,100
2791749274409613,599956,89,2662,13365,100
2791749279524046,599956,89,2662,13365,100
2791749284638640,599956,89,2662,13365,100
2791749289754857,599956,89,2662,13365,100
2791749294869399,599956,89,2662,13365,100
2791749299983971,599956,89,2662,13365,100
2791749305118519,599956,89,2662,13365,100
2791749310233182,599956,89,2662,13365,100
2791749315348317,599956,89,2662,13365,100
2791749320466849,599956,89,2662,13365,100
2791749325581773,599956,89,2662,13365,100
2791749330696399,599956,89,2662,13365,100
2791749335811311,599956,89,2662,13365,100
2791749340925675,599956,89,2662,13365,100
2791749346040598,599956,89,2662,13365,100
2791749351155204,599956,89,2662,13365,100
2791749356271019,599956,89,2662,13365,100
2791749361385768,599956,89,2662,13365,100
2791749366500488,599956,89,2662,13365,100
2791749371617229,599956,89,2662,13365,100
2791749376731897,599956,89,2662,13365,100
2791749381846558,599956,89,2662,13365,100
2791749386962754,599956,89,2662,13365,100
2791749392077354,599956,89,2662,13365,100
2791749397191775,599956,89,2662,13365,100
2791749402306199,599956,89,2662,13365,100
2791749407421012,599956,89,2662,13365,100
2791749412535868,599956,89,2662,13365,100
2791749417652488,599956,89,2662,13365,100
2791749422768380,599956,89,2662,13365,100
2791749427883153,599956,89,2662,13365,100
2791749432997673,599956,89,2662,13365,100
2791749438133698,599956,89,2662,13365,100
2791749443248336,599956,89,2662,13365,100
2791749448362862,599956,89,2662,13365,100
2791749453478657,599956,89,2662,13365,100
2791749458593291,599956,89,2662,13365,100
2791749463707920,599956,89,2662,13365,100
2791749468822545,599956,89,2662,13365,100
2791749473938544,599956,89,2662,13365,100
2791749479053073,599956,89,2662,13365,100
2791749484168518,599956,89,2662,13365,100
2791749489283077,599956,89,2662,13365,100
2791749494397565,599956,89,2662,13365,100
2791749499512262,599956,89,2662,13365,100
2791749504626855,599956,89,2662,13365,100
2791749509741447,599956,89,2662,13365,100
2791749514856039,599956,89,2662,13365,100
2791749519971754,599956,89,2662,13365,100
2791749525087486,599956,89,2662,13365,100
2791749530202205,599956,89,2662,13365,100
2791749535338729,599956,89,2662,13365,100
2791749540453517,599956,89,2662,13365,100
2791749545568090,599956,89,2662,13365,100
2791749550684058,599956,89,2662,13365,100
2791749555798370,599956,89,2662,13365,100
2791749560913091,599956,89,2662,13365,100
2791749566027648,599956,89,2662,13365,100
2791749571142404,599956,89,2662,13365,100
2791749576258552,599956,89,2662,13365,100
2791749581373227,599956,89,2662,13365,100
2791749586487591,599956,89,2662,13365,100
2791749591602061,600028,89,2662,13365,100
2791749596717813,600028,89,2662,13365,100
2791749601832574,600028,89,2662,13365,100
2791749606947196,600028,89,2662,13365,100
2791749612061682,600028,89,2662,13365,100
2791749617177667,600028,89,2662,13365,100
2791749622292520,600028,89,2662,13365,100
2791749627408534,600028,89,2662,13365,100
2791749632523109,600028,89,2662,13365,100
2791749637645408,600028,89,2662,13365,100
2791749642759861,600028,89,2662,13365,100
2791749647875653,600028,89,2662,13365,100
2791749652990686,600028,89,2662,13365,100
2791749658128496,600028,89,2662,13365,100
2791749663243295,600028,89,2662,13365,100
2791749668358031,600028,89,2662,13365,100
2791749673472755,600028,89,2662,13365,100
2791749678589032,600028,89,2662,13365,100
2791749683705204,600028,89,2662,13365,100
2791749688819586,600028,89,2662,13365,100
2791749693934896,600028,89,2662,13365,100
2791749699049821,600028,89,2662,13365,100
2791749704164601,600028,89,2662,13365,100
2791749709279346,600028,89,2662,13365,100
2791749714395008,600028,89,2662,13365,100
2791749719510027,600028,89,2662,13365,100
2791749724624423,600028,89,2662,13365,100
2791749729740314,600028,89,2662,13365,100
2791749734854838,600028,89,2662,13365,100
2791749739969712,600028,89,2662,13365,100
2791749745084445,600028,89,2662,13365,100
2791749750199501,600028,89,2662,13365,100
2791749755315195,600028,89,2662,13365,100
2791749760429706,600028,89,2662,13365,100
2791749765544142,600028,89,2662,13365,100
2791749770658707,600028,89,2662,13365,100
2791749775773347,600028,89,2662,13365,100
2791749780889331,600028,89,2662,13365,100
2791749786020704,600028,89,2662,13365,100
2791749791137432,600028,89,2662,13365,100
2791749796262020,600028,89,2662,13365,100
2791749801376477,600028,89,2662,13365,100
2791749806490957,600028,89,2662,13365,100
2791749811605566,600028,89,2662,13365,100
2791749816722128,600028,89,2662,13365,100
2791749821836714,600028,89,2662,13365,100
2791749826951423,600028,89,2662,13365,100
2791749832067095,600028,89,2662,13365,100
2791749837182040,600028,89,2662,13365,100
2791749842314352,600028,89,2662,13365,100
2791749847476988,600028,89,2662,13365,100
2791749852592836,600028,89,2662,13365,100
2791749857708210,600028,89,2662,13365,100
2791749862824229,600028,89,2662,13365,100
2791749867940517,600028,89,2662,13365,100
2791749873074005,600028,89,2662,13365,100
2791749878191882,600028,89,2662,13365,100
2791749883310403,600028,89,2662,13365,100
2791749888426435,600028,89,2662,13365,100
2791749893543248,600028,89,2662,13365,100
2791749898660087,600028,89,2662,13365,100
2791749903777424,600028,89,2662,13365,100
2791749908895276,600028,89,2662,13365,100
2791749914025429,600028,89,2662,13365,100
2791749919144113,600028,89,2662,13365,100
2791749924262354,600028,89,2662,13365,100
2791749929381118,600028,89,2662,13365,100
2791749934501716,600028,89,2662,13365,100
2791749939621067,600028,89,2662,13365,100
2791749944740577,600028,89,2662,13365,100
2791749949860527,600028,89,2662,13365,100
2791749954981247,600028,89,2662,13365,100
2791749960125137,600028,89,2662,13365,100
2791749965245184,600028,89,2662,13365,100
2791749970365660,600028,89,2662,13365,100
2791749975487612,600028,89,2662,13365,100
2791749980609567,600028,89,2662,13365,100
2791749985732559,600028,89,2662,13365,100
2791749990852036,600028,89,2662,13365,100
2791749995971010,600028,89,2662,13365,100
2791750001090714,600028,89,2662,13365,100
2791750006214951,600028,89,2662,13365,100
2791750011333391,600028,89,2662,13365,100
2791750016452767,600028,89,2662,13365,100
2791750021570382,600028,89,2662,13365,100
2791750026687600,600028,89,2662,13365,100
2791750031804358,600028,89,2662,13365,100
2791750036933501,600028,89,2662,13365,100
2791750042049665,600028,89,2662,13365,100
2791750047168706,600028,89,2662,13365,100
2791750052286041,600028,89,2662,13365,100
2791750057402382,600028,89,2662,13365,100
2791750062518671,600028,89,2662,13365,100
2791750067634647,600028,89,2662,13365,100
2791750072750940,600028,89,2662,13365,100
2791750077867360,600028,89,2662,13365,100
2791750082986133,600028,89,2662,13365,100
2791750088124021,600028,89,2662,13365,100
2791750093240833,599971,89,2662,13365,100
2791750098359601,599971,89,2662,13365,100
2791750103477454,599971,89,2662,13365,100
2791750108595162,599971,89,2662,13365,100
2791750113713599,599971,89,2662,13365,100
2791750118832254,599971,89,2662,13365,100
2791750123950895,599971,89,2662,13365,100
2791750129069447,599971,89,2662,13365,100
2791750134188500,599971,89,2662,13365,100
2791750139309064,599971,89,2662,13365,100
2791750144428332,599971,89,2662,13365,100
2791750149549411,599971,89,2662,13365,100
2791750154669721,599971,89,2662,13365,100
2791750159790233,599971,89,2662,13365,100
2791750164910224,599971,89,2662,13365,100
2791750170030678,599971,89,2662,13365,100
2791750175151178,599971,89,2662,13365,100
2791750180274837,599971,89,2662,13365,100
2791750185396795,599971,89,2662,13365,100
2791750190519464,599971,89,2662,13365,100
2791750195642000,599971,89,2662,13365,100
2791750200763528,599971,89,2662,13365,100
2791750205885241,599971,89,2662,13365,100
2791750211027917,599971,89,2662,13365,100
2791750216150701,599971,89,2662,13365,100
2791750221272701,599971,89,2662,13365,100
2791750226393942,599971,89,2662,13365,100
2791750231516975,599971,89,2662,13365,100
2791750236639923,599971,89,2662,13365,100
2791750241764329,599971,89,2662,13365,100
2791750246905803,599971,89,2662,13365,100
2791750252027227,599971,89,2662,13365,100
2791750257149390,599971,89,2662,13365,100
2791750262269724,599971,89,2662,13365,100
2791750267389949,599971,89,2662,13365,100
2791750272510721,599971,89,2662,13365,100
2791750277630397,599971,89,2662,13365,100
2791750282750684,599971,89,2662,13365,100
2791750287870574,599971,89,2662,13365,100
2791750292990858,599971,89,2662,13365,100
2791750298127736,599971,89,2662,13365,100
2791750303246119,599971,89,2662,13365,100
2791750308373659,599971,89,2662,13365,100
2791750313490304,599971,89,2662,13365,100
2791750318608200,599971,89,2662,13365,100
2791750323727446,599971,89,2662,13365,100
2791750328843748,599971,89,2662,13365,100
2791750333960500,599971,89,2662,13365,100
2791750339076641,599971,89,2662,13365,100
2791750344224310,599971,89,2662,13365,100
2791750349342854,599971,89,2662,13365,100
2791750354459598,599971,89,2662,13365,100
2791750359576223,599971,89,2662,13365,100
2791750364694686,599971,89,2662,13365,100
2791750369813067,599971,89,2662,13365,100
2791750374930676,599971,89,2662,13365,100
2791750380049336,599971,89,2662,13365,100
2791750385168536,599971,89,2662,13365,100
2791750390287689,599971,89,2662,13365,100
2791750395409034,599971,89,2662,13365,100
2791750400529358,599971,89,2662,13365,100
2791750405649458,599971,89,2662,13365,100
2791750410769687,599971,89,2662,13365,100
2791750415893057,599971,89,2662,13365,100
2791750421037487,599971,89,2662,13365,100
2791750426159459,599971,89,2662,13365,100
2791750431280635,599971,89,2662,13365,100
2791750436402812,599971,89,2662,13365,100
2791750441525552,599971,89,2662,13365,100
2791750446652288,599971,89,2662,13365,100
2791750451775587,599971,89,2662,13365,100
2791750456899039,599971,89,2662,13365,100
2791750462022661,599971,89,2662,13365,100
2791750467145327,599971,89,2662,13365,100
2791750472268864,599971,89,2662,13365,100
2791750477392176,599971,89,2662,13365,100
2791750482516991,599971,89,2662,13365,100
2791750487639503,599971,89,2662,13365,100
2791750492762476,599971,89,2662,13365,100
2791750497906188,599971,89,2662,13365,100
2791750503029050,599971,89,2662,13365,100
2791750508152194,599971,89,2662,13365,100
2791750513277348,599971,89,2662,13365,100
2791750518400929,599971,89,2662,13365,100
2791750523523637,599971,89,2662,13365,100
2791750528646370,599971,89,2662,13365,100
2791750533778298,599971,89,2662,13365,100
2791750538901188,599971,89,2662,13365,100
2791750544024045,599971,89,2662,13365,100
2791750549149191,599971,89,2662,13365,100
2791750554271923,599971,89,2662,13365,100
2791750559395820,599971,89,2662,13365,100
2791750564518782,599971,89,2662,13365,100
2791750569641640,599971,89,2662,13365,100
2791750574764309,599971,89,2662,13365,100
2791750579890204,599971,89,2662,13365,100
2791750585035439,599971,89,2662,13365,100
2791750590159062,599945,89,2662,13365,100
2791750595283768,599945,89,2662,13365,100
2791750600408645,599945,89,2662,13365,100
2791750605532076,599945,89,2662,13365,100
2791750610655010,599945,89,2662,13365,100
2791750615778251,599945,89,2662,13365,100
2791750620901189,599945,89,2662,13365,100
2791750626024548,599945,89,2662,13365,100
2791750631147471,599945,89,2662,13365,100
2791750636271288,599945,89,2662,13365,100
2791750641394016,599945,89,2662,13365,100
2791750646517513,599945,89,2662,13365,100
2791750651642125,599945,89,2662,13365,100
2791750656764653,599945,89,2662,13365,100
2791750661887302,599945,89,2662,13365,100
2791750667038838,599945,89,2662,13365,100
2791750672162218,599945,89,2662,13365,100
2791750677287070,599945,89,2662,13365,100
2791750682409971,599945,89,2662,13365,100
2791750687532971,599945,89,2662,13365,100
2791750692655976,599945,89,2662,13365,100
2791750697778452,599945,89,2662,13365,100
2791750702902917,599945,89,2662,13365,100
2791750708028083,599945,89,2662,13365,100
2791750713150981,599945,89,2662,13365,100
2791750718273539,599945,89,2662,13365,100
2791750723396262,599945,89,2662,13365,100
2791750728519134,599945,89,2662,13365,100
2791750733641718,599945,89,2662,13365,100
2791750738765287,599945,89,2662,13365,100
2791750743890219,599945,89,2662,13365,100
2791750749033767,599945,89,2662,13365,100
2791750754158462,599945,89,2662,13365,100
2791750759281306,599945,89,2662,13365,100
2791750764404772,599945,89,2662,13365,100
2791750769527753,599945,89,2662,13365,100
2791750774652085,599945,89,2662,13365,100
2791750779774922,599945,89,2662,13365,100
2791750784897313,599945,89,2662,13365,100
2791750790034358,599945,89,2662,13365,100
2791750795157816,599945,89,2662,13365,100
2791750800280266,599945,89,2662,13365,100
2791750805404563,599945,89,2662,13365,100
2791750810527367,599945,89,2662,13365,100
2791750815650332,599945,89,2662,13365,100
2791750820776991,599945,89,2662,13365,100
2791750825907444,599945,89,2662,13365,100
2791750831033740,599945,89,2662,13365,100
2791750836160838,599945,89,2662,13365,100
2791750841284031,599945,89,2662,13365,100
2791750846409413,599945,89,2662,13365,100
2791750851535362,599945,89,2662,13365,100
2791750856663761,599945,89,2662,13365,100
2791750861789892,599945,89,2662,13365,100
2791750866916862,599945,89,2662,13365,100
2791750872047407,599945,89,2662,13365,100
2791750877174014,599945,89,2662,13365,100
2791750882298209,599945,89,2662,13365,100
2791750887424927,599945,89,2662,13365,100
2791750892548512,599945,89,2662,13365,100
2791750897674720,599945,89,2662,13365,100
2791750902798636,599945,89,2662,13365,100
2791750907926169,599945,89,2662,13365,100
2791750913051397,599945,89,2662,13365,100
2791750918177765,599945,89,2662,13365,100
2791750923302678,599945,89,2662,13365,100
2791750928429177,599945,89,2662,13365,100
2791750933559147,599945,89,2662,13365,100
2791750938685179,599945,89,2662,13365,100
2791750943814481,599945,89,2662,13365,100
2791750948940115,599945,89,2662,13365,100
2791750954070167,599945,89,2662,13365,100
2791750959198054,599945,89,2662,13365,100
2791750964324952,599945,89,2662,13365,100
2791750969451916,599945,89,2662,13365,100
2791750974583361,599945,89,2662,13365,100
2791750979710131,599945,89,2662,13365,100
2791750984841363,599945,89,2662,13365,100
2791750989967605,599945,89,2662,13365,100
2791750995101470,599945,89,2662,13365,100
2791751000228368,599945,89,2662,13365,100
2791751005336797,599945,89,2662,13365,100
2791751010480070,599945,89,2662,13365,100
2791751015612314,599945,89,2662,13365,100
2791751020739255,599945,89,2662,13365,100
2791751025872770,599945,89,2662,13365,100
2791751031014244,599945,89,2662,13365,100
2791751036143760,599945,89,2662,13365,100
2791751041273405,599945,89,2662,13365,100
2791751046403613,599945,89,2662,13365,100
2791751051530209,599945,89,2662,13365,100
2791751056664129,599945,89,2662,13365,100
2791751061772500,599945,89,2662,13365,100
2791751066899792,599945,89,2662,13365,100
2791751072026602,599945,89,2662,13365,100
2791751077155062,599945,89,2662,13365,100
2791751082281497,599945,89,2662,13365,100
2791751087415111,599945,89,2662,13365,100
2791751092541359,500363,77,2700,13365,0
2791751097675112,500363,77,2700,13365,0
2791751102805488,500363,77,2700,13365,0
2791751107937600,500363,77,2700,13365,0
2791751113066652,500363,77,2700,13365,0
2791751118202625,500363,77,2700,13365,0
