monotonic_ns,board_power_mw,temperature_c,graphics_clock_mhz,memory_clock_mhz,utilization_percent
15232573253103578,121258,40,1410,1593,0
15232573262922871,121258,40,1410,1593,0
15232573268010888,121258,40,1410,1593,0
15232573273096505,121258,40,1410,1593,0
15232573278182321,121258,40,1410,1593,0
15232573283267588,121258,40,1410,1593,0
15232573288353034,121258,40,1410,1593,0
15232573293437801,121258,40,1410,1593,0
15232573298523608,121258,40,1410,1593,0
15232573303609694,121258,40,1410,1593,0
15232573308695581,121258,40,1410,1593,0
15232573313780528,121258,40,1410,1593,0
15232573318866264,121258,40,1410,1593,0
15232573323952071,121258,40,1410,1593,0
15232573329037607,121258,40,1410,1593,0
15232573334123054,121258,40,1410,1593,0
15232573339209991,121258,40,1410,1593,0
15232573344295257,121258,40,1410,1593,0
15232573349380374,121258,40,1410,1593,0
15232573354450521,121258,40,1410,1593,0
15232573359536707,121258,40,1410,1593,0
15232573364623304,86849,39,1410,1593,0
15232573369710921,86849,39,1410,1593,0
15232573374796377,86849,39,1410,1593,0
15232573379882114,86849,39,1410,1593,0
15232573384968421,86849,39,1410,1593,0
15232573390053677,86849,39,1410,1593,0
15232573395138754,86849,39,1410,1593,0
15232573400225101,86849,39,1410,1593,0
15232573405310607,86849,39,1410,1593,0
15232573410395634,86849,39,1410,1593,0
15232573415481310,86849,39,1410,1593,0
15232573420567497,86849,39,1410,1593,0
15232573425653754,86849,39,1410,1593,0
15232573430740010,86849,39,1410,1593,0
15232573435825357,86849,39,1410,1593,0
15232573440911414,86849,39,1410,1593,0
15232573445997180,86849,39,1410,1593,0
15232573451094847,86849,39,1410,1593,0
15232573456180524,86849,39,1410,1593,0
15232573461266270,86849,39,1410,1593,0
15232573466351777,86580,38,1410,1593,0
15232573471437473,86580,38,1410,1593,0
15232573476522960,86580,38,1410,1593,0
15232573481608507,86580,38,1410,1593,0
15232573486694933,86580,38,1410,1593,0
15232573491780100,86580,38,1410,1593,0
15232573496865837,86580,38,1410,1593,0
15232573501951863,86580,38,1410,1593,0
15232573507037340,86580,38,1410,1593,0
15232573512123737,86580,38,1410,1593,0
15232573517209053,86580,38,1410,1593,0
15232573522294550,86580,38,1410,1593,0
15232573527379317,86580,38,1410,1593,0
15232573532454033,86580,38,1410,1593,0
15232573537536090,86580,38,1410,1593,0
15232573542621367,86580,38,1410,1593,0
15232573547706873,86580,38,1410,1593,0
15232573552792910,86580,38,1410,1593,0
15232573557877906,86580,38,1410,1593,0
15232573562962813,86257,38,1410,1593,0
15232573568049430,86257,38,1410,1593,0
15232573573134596,86257,38,1410,1593,0
15232573578219613,86257,38,1410,1593,0
15232573583304650,86257,38,1410,1593,0
15232573588390216,86257,38,1410,1593,0
15232573593474713,86257,38,1410,1593,0
15232573598560049,86257,38,1410,1593,0
15232573603645336,86257,38,1410,1593,0
15232573608730813,86257,38,1410,1593,0
15232573613816199,86257,38,1410,1593,0
15232573618901446,86257,38,1410,1593,0
15232573623991753,86257,38,1410,1593,0
15232573629076569,86257,38,1410,1593,0
15232573634162466,86257,38,1410,1593,0
15232573639248033,86257,38,1410,1593,0
15232573644332879,86257,38,1410,1593,0
15232573649418716,86257,38,1410,1593,0
15232573654504303,86257,38,1410,1593,0
15232573659589309,86257,38,1410,1593,0
15232573664675076,120658,39,1410,1593,0
15232573669761313,120658,39,1410,1593,0
15232573674846499,120658,39,1410,1593,0
15232573679931606,120658,39,1410,1593,0
15232573685016732,120658,39,1410,1593,0
15232573690102189,120658,39,1410,1593,0
15232573695186826,120658,39,1410,1593,0
15232573700271382,120658,39,1410,1593,0
15232573705356319,120658,39,1410,1593,0
15232573710441806,120658,39,1410,1593,0
15232573715527072,120658,39,1410,1593,0
15232573720612539,120658,39,1410,1593,0
15232573725697356,120658,39,1410,1593,0
15232573730784302,120658,39,1410,1593,0
15232573735870149,120658,39,1410,1593,0
15232573740955145,120658,39,1410,1593,0
15232573746040282,120658,39,1410,1593,0
15232573751125519,120658,39,1410,1593,0
15232573756210215,120658,39,1410,1593,0
15232573761294692,120658,40,1410,1593,0
15232573766381849,120658,40,1410,1593,0
15232573771467025,120658,40,1410,1593,0
15232573776552482,120658,40,1410,1593,0
15232573781643439,120658,40,1410,1593,0
15232573786727925,120658,40,1410,1593,0
15232573791812692,120658,40,1410,1593,0
15232573796898559,120658,40,1410,1593,0
15232573801983695,120658,40,1410,1593,0
15232573807069212,120658,40,1410,1593,0
15232573812153779,120658,40,1410,1593,0
15232573817239045,120658,40,1410,1593,0
15232573822323952,120658,40,1410,1593,0
15232573827409318,120658,40,1410,1593,0
15232573832474315,120658,40,1410,1593,0
15232573837558992,120658,40,1410,1593,0
15232573842643938,120658,40,1410,1593,0
15232573847729075,120658,40,1410,1593,0
15232573852813692,120658,40,1410,1593,0
15232573857898538,120658,40,1410,1593,0
15232573862984025,120927,40,1410,1593,0
15232573868069301,120927,40,1410,1593,0
15232573873153758,120927,40,1410,1593,0
15232573878239225,120927,40,1410,1593,0
15232573883324521,120927,40,1410,1593,0
15232573888409918,120927,40,1410,1593,0
15232573893494825,120927,40,1410,1593,0
15232573898580681,120927,40,1410,1593,0
15232573903666008,120927,40,1410,1593,0
15232573908752455,120927,40,1410,1593,0
15232573913837351,120927,40,1410,1593,0
15232573918923498,120927,40,1410,1593,0
15232573924009675,120927,40,1410,1593,0
15232573929094351,120927,40,1410,1593,0
15232573934179488,120927,40,1410,1593,0
15232573939265115,120927,40,1410,1593,0
15232573944350391,120927,40,1410,1593,0
15232573949435288,120927,40,1410,1593,0
15232573954520504,120927,40,1410,1593,0
15232573959605841,120927,40,1410,1593,0
15232573964692218,120927,40,1410,1593,0
15232573969778424,120927,40,1410,1593,0
15232573974863761,120927,40,1410,1593,0
15232573979949608,120927,40,1410,1593,0
15232573985034424,120927,40,1410,1593,0
15232573990120131,120927,40,1410,1593,0
15232573995205558,120927,40,1410,1593,0
15232574000290804,120927,40,1410,1593,0
15232574005376001,120927,40,1410,1593,0
15232574010460997,120927,40,1410,1593,0
15232574015546014,120927,40,1410,1593,0
15232574020630841,120927,40,1410,1593,0
15232574025716077,120927,40,1410,1593,0
15232574030803204,120927,40,1410,1593,0
15232574035889011,120927,40,1410,1593,0
15232574040973867,120927,40,1410,1593,0
15232574046059454,120927,40,1410,1593,0
15232574051144361,120927,40,1410,1593,0
15232574056229047,120927,40,1410,1593,0
15232574061313824,120927,40,1410,1593,0
15232574066399961,120927,40,1410,1593,0
15232574071485647,120927,40,1410,1593,0
15232574076570604,120927,40,1410,1593,0
15232574081655640,120927,40,1410,1593,0
15232574086741187,120927,40,1410,1593,0
15232574091827004,120927,40,1410,1593,0
15232574096912890,120927,40,1410,1593,0
15232574101998767,120927,40,1410,1593,0
15232574107093694,120927,40,1410,1593,0
15232574112178420,120927,40,1410,1593,0
15232574117263057,120927,40,1410,1593,0
15232574122347884,120927,40,1410,1593,0
15232574127433100,120927,40,1410,1593,0
15232574132498127,120927,40,1410,1593,0
15232574137583163,120927,40,1410,1593,0
15232574142668430,120927,40,1410,1593,0
15232574147754517,120927,40,1410,1593,0
15232574152841443,120927,40,1410,1593,0
15232574157926500,120927,40,1410,1593,0
15232574163012337,120927,40,1410,1593,0
15232574168098423,120927,40,1410,1593,0
15232574173183680,120927,40,1410,1593,0
15232574178269167,120927,40,1410,1593,0
15232574183353853,120927,40,1410,1593,0
15232574188439270,120927,40,1410,1593,0
15232574193525137,120927,40,1410,1593,0
15232574198600403,120927,40,1410,1593,0
15232574203682630,120927,40,1410,1593,0
15232574208768246,120927,40,1410,1593,0
15232574213853953,120927,40,1410,1593,0
15232574218939740,120927,40,1410,1593,0
15232574224025616,120927,40,1410,1593,0
15232574229111393,120927,40,1410,1593,0
15232574234200230,120927,40,1410,1593,0
15232574239285376,120927,40,1410,1593,0
15232574244370253,120927,40,1410,1593,0
15232574249456030,120927,40,1410,1593,0
15232574254540836,120927,40,1410,1593,0
15232574259625673,120927,40,1410,1593,0
15232574264701080,120927,40,1410,1593,0
15232574269783636,120927,40,1410,1593,0
15232574274874623,120927,40,1410,1593,0
15232574279959689,120927,40,1410,1593,0
15232574285044536,120927,40,1410,1593,0
15232574290129483,120927,40,1410,1593,0
15232574295214559,120927,40,1410,1593,0
15232574300299146,120927,40,1410,1593,0
15232574305383583,120927,40,1410,1593,0
15232574310467929,120927,40,1410,1593,0
15232574315553366,120927,40,1410,1593,0
15232574320639153,120927,40,1410,1593,0
15232574325723549,120927,40,1410,1593,0
15232574330807986,120927,40,1410,1593,0
15232574335893922,120927,40,1410,1593,0
15232574340979719,120927,40,1410,1593,0
15232574346065096,120927,40,1410,1593,0
15232574351150332,120927,40,1410,1593,0
15232574356235499,120927,40,1410,1593,0
15232574361320016,120927,40,1410,1593,0
15232574366405372,120927,40,1410,1593,0
15232574371490259,120927,40,1410,1593,0
15232574376575556,120927,40,1410,1593,0
15232574381660392,120927,40,1410,1593,0
15232574386745429,120927,40,1410,1593,0
15232574391830516,120927,40,1410,1593,0
15232574396915892,120927,40,1410,1593,0
15232574402008349,120927,40,1410,1593,0
15232574407093236,120927,40,1410,1593,0
15232574412178352,120927,40,1410,1593,0
15232574417263619,120927,40,1410,1593,0
15232574422348155,120927,40,1410,1593,0
15232574427433042,120927,40,1410,1593,0
15232574432496979,120927,40,1410,1593,0
15232574437582145,120927,40,1410,1593,0
15232574442657612,120927,40,1410,1593,0
15232574447739849,120927,40,1410,1593,0
15232574452824825,120927,40,1410,1593,0
15232574457909672,120927,40,1410,1593,0
15232574462994868,121258,40,1410,1593,0
15232574468089155,121258,40,1410,1593,0
15232574473174062,121258,40,1410,1593,0
15232574478259478,121258,40,1410,1593,0
15232574483345175,121258,40,1410,1593,0
15232574488430172,121258,40,1410,1593,0
15232574493514828,121258,40,1410,1593,0
15232574498599815,121258,40,1410,1593,0
15232574503685042,121258,40,1410,1593,0
15232574508770408,121258,40,1410,1593,0
15232574513856265,121258,40,1410,1593,0
15232574518941212,121258,40,1410,1593,0
15232574524028588,121258,40,1410,1593,0
15232574529113385,121258,40,1410,1593,0
15232574534198782,121258,40,1410,1593,0
15232574539284188,121258,40,1410,1593,0
15232574544369395,121258,40,1410,1593,0
15232574549454491,121258,40,1410,1593,0
15232574554539798,121258,40,1410,1593,0
15232574559624785,121258,40,1410,1593,0
15232574564710321,120927,40,1410,1593,0
15232574569795858,120927,40,1410,1593,0
15232574574881445,120927,40,1410,1593,0
15232574579966961,120927,40,1410,1593,0
15232574585051658,120927,40,1410,1593,0
15232574590136734,120927,40,1410,1593,0
15232574595221541,120927,40,1410,1593,0
15232574600306408,120927,40,1410,1593,0
15232574605391594,120927,40,1410,1593,0
15232574610476511,120927,40,1410,1593,0
15232574615561708,120927,40,1410,1593,0
15232574620646224,120927,40,1410,1593,0
15232574625731121,120927,40,1410,1593,0
15232574630816308,120927,40,1410,1593,0
15232574635901924,120927,40,1410,1593,0
15232574640987481,120927,40,1410,1593,0
15232574646073138,120927,40,1410,1593,0
15232574651157924,120927,40,1410,1593,0
15232574656242821,120927,40,1410,1593,0
15232574661327778,121258,40,1410,1593,0
15232574666413304,121258,40,1410,1593,0
15232574671498321,121258,40,1410,1593,0
15232574676567797,121258,40,1410,1593,0
15232574681653134,121258,40,1410,1593,0
15232574686738671,121258,40,1410,1593,0
15232574691825267,121258,40,1410,1593,0
15232574696910914,121258,40,1410,1593,0
15232574701996261,121258,40,1410,1593,0
15232574707090707,121258,40,1410,1593,0
15232574712175864,121258,40,1410,1593,0
15232574717260360,121258,40,1410,1593,0
15232574722345507,121258,40,1410,1593,0
15232574727430474,121258,40,1410,1593,0
15232574732516090,121258,40,1410,1593,0
15232574737601167,121258,40,1410,1593,0
15232574742686004,121258,40,1410,1593,0
15232574747770170,121258,40,1410,1593,0
15232574752855597,121258,40,1410,1593,0
15232574757941064,121258,40,1410,1593,0
15232574763027440,120927,40,1410,1593,0
15232574768112867,120927,40,1410,1593,0
15232574773197204,120927,40,1410,1593,0
15232574778281910,120927,40,1410,1593,0
15232574783366997,120927,40,1410,1593,0
15232574788451964,120927,40,1410,1593,0
15232574793536760,120927,40,1410,1593,0
15232574798621717,120927,40,1410,1593,0
15232574803706693,120927,40,1410,1593,0
15232574808791650,120927,40,1410,1593,0
15232574813876307,120927,40,1410,1593,0
15232574818961493,120927,40,1410,1593,0
15232574824046290,120927,40,1410,1593,0
15232574829131847,120927,40,1410,1593,0
15232574834207453,120927,40,1410,1593,0
15232574839289190,120927,40,1410,1593,0
15232574844374107,120927,40,1410,1593,0
15232574849458873,120927,40,1410,1593,0
15232574854543630,120927,40,1410,1593,0
15232574859629286,120927,40,1410,1593,0
15232574864714723,121258,40,1410,1593,0
15232574869799920,121258,40,1410,1593,0
15232574874885876,121258,40,1410,1593,0
15232574879971033,121258,40,1410,1593,0
15232574885055840,121258,40,1410,1593,0
15232574890140156,121258,40,1410,1593,0
15232574895225733,121258,40,1410,1593,0
15232574900311080,121258,40,1410,1593,0
15232574905396966,121258,40,1410,1593,0
15232574910481343,121258,40,1410,1593,0
15232574915566650,121258,40,1410,1593,0
15232574920651486,121258,40,1410,1593,0
15232574925744223,121258,40,1410,1593,0
15232574930829489,121258,40,1410,1593,0
15232574935914556,121258,40,1410,1593,0
15232574940999523,121258,40,1410,1593,0
15232574946091579,121258,40,1410,1593,0
15232574951176946,121258,40,1410,1593,0
15232574956261383,121258,40,1410,1593,0
15232574961346399,120927,40,1410,1593,0
15232574966431276,120927,40,1410,1593,0
15232574971517013,120927,40,1410,1593,0
15232574976601739,120927,40,1410,1593,0
15232574981686926,120927,40,1410,1593,0
15232574986771702,120927,40,1410,1593,0
15232574991856499,120927,40,1410,1593,0
15232574996941176,120927,40,1410,1593,0
15232575002027382,120927,40,1410,1593,0
15232575007208359,120927,40,1410,1593,0
15232575012293276,120927,40,1410,1593,0
15232575017378382,120927,40,1410,1593,0
15232575022464169,120927,40,1410,1593,0
15232575027549716,120927,40,1410,1593,0
15232575032634062,120927,40,1410,1593,0
15232575037718849,120927,40,1410,1593,0
15232575042804466,120927,40,1410,1593,0
15232575047889652,120927,40,1410,1593,0
15232575052974539,120927,40,1410,1593,0
15232575058059246,120927,40,1410,1593,0
15232575063144072,120927,40,1410,1593,0
15232575068229659,120927,40,1410,1593,0
15232575073314716,120927,40,1410,1593,0
15232575078399842,120927,40,1410,1593,0
15232575083485049,120927,40,1410,1593,0
15232575088570565,120927,40,1410,1593,0
15232575093655412,120927,40,1410,1593,0
15232575098740429,120927,40,1410,1593,0
15232575103825555,120927,40,1410,1593,0
15232575108910472,120927,40,1410,1593,0
15232575113995499,120927,40,1410,1593,0
15232575119088275,120927,40,1410,1593,0
15232575124173422,120927,40,1410,1593,0
15232575129258249,120927,40,1410,1593,0
15232575134333935,120927,40,1410,1593,0
15232575139415872,120927,40,1410,1593,0
15232575144500668,120927,40,1410,1593,0
15232575149586125,120927,40,1410,1593,0
15232575154671542,120927,40,1410,1593,0
15232575159757298,120927,40,1410,1593,0
15232575164843245,120927,40,1410,1593,0
15232575169929032,120927,40,1410,1593,0
15232575175019438,120927,40,1410,1593,0
15232575180105005,120927,40,1410,1593,0
15232575185190332,120927,40,1410,1593,0
15232575190275168,120927,40,1410,1593,0
15232575195360135,120927,40,1410,1593,0
15232575200445002,120927,40,1410,1593,0
15232575205530488,120927,40,1410,1593,0
15232575210616175,120927,40,1410,1593,0
15232575215702091,120927,40,1410,1593,0
15232575220787778,120927,40,1410,1593,0
15232575225873235,120927,40,1410,1593,0
15232575230958991,120927,40,1410,1593,0
15232575236043938,120927,40,1410,1593,0
15232575241129625,120927,40,1410,1593,0
15232575246215041,120927,40,1410,1593,0
15232575251300298,120927,40,1410,1593,0
15232575256385685,120927,40,1410,1593,0
15232575261471081,120927,40,1410,1593,0
15232575266556468,120927,40,1410,1593,0
15232575271641275,120927,40,1410,1593,0
15232575276726391,120927,40,1410,1593,0
15232575281811668,120927,40,1410,1593,0
15232575286897034,120927,40,1410,1593,0
15232575291982241,120927,40,1410,1593,0
15232575297067408,120927,40,1410,1593,0
15232575302152544,120927,40,1410,1593,0
15232575307238421,120927,40,1410,1593,0
15232575312323198,120927,40,1410,1593,0
15232575317408644,120927,40,1410,1593,0
15232575322494191,120927,40,1410,1593,0
15232575327579028,120927,40,1410,1593,0
15232575332663834,120927,40,1410,1593,0
15232575337749481,120927,40,1410,1593,0
15232575342834588,120927,40,1410,1593,0
15232575347919834,120927,40,1410,1593,0
15232575353013091,120927,40,1410,1593,0
15232575358098487,120927,40,1410,1593,0
15232575363183364,121258,40,1410,1593,0
15232575368268661,121258,40,1410,1593,0
15232575373353857,121258,40,1410,1593,0
15232575378439324,121258,40,1410,1593,0
15232575383524741,121258,40,1410,1593,0
15232575388609187,121258,40,1410,1593,0
15232575393693684,121258,40,1410,1593,0
15232575398779591,121258,40,1410,1593,0
15232575403865247,121258,40,1410,1593,0
15232575408950284,121258,40,1410,1593,0
15232575414034860,121258,40,1410,1593,0
15232575419119757,121258,40,1410,1593,0
15232575424205394,121258,40,1410,1593,0
15232575429290300,121258,40,1410,1593,0
15232575434355037,121258,40,1410,1593,0
15232575439439504,121258,40,1410,1593,0
15232575444524360,121258,40,1410,1593,0
15232575449609497,121258,40,1410,1593,0
15232575454693904,121258,40,1410,1593,0
15232575459778580,121258,40,1410,1593,0
15232575464863977,120927,40,1410,1593,0
15232575469950034,120927,40,1410,1593,0
15232575475035340,120927,40,1410,1593,0
15232575480121037,120927,40,1410,1593,0
15232575485205393,120927,40,1410,1593,0
15232575490294040,120927,40,1410,1593,0
15232575495379287,120927,40,1410,1593,0
15232575500464253,120927,40,1410,1593,0
15232575505549560,120927,40,1410,1593,0
15232575510634487,120927,40,1410,1593,0
15232575515719273,120927,40,1410,1593,0
15232575520803850,120927,40,1410,1593,0
15232575525888567,120927,40,1410,1593,0
15232575530973713,120927,40,1410,1593,0
15232575536058410,120927,40,1410,1593,0
15232575541143467,120927,40,1410,1593,0
15232575546228603,120927,40,1410,1593,0
15232575551314150,120927,40,1410,1593,0
15232575556399266,120927,40,1410,1593,0
15232575561483783,120802,40,1410,1593,0
15232575566569500,120802,40,1410,1593,0
15232575571655216,120802,40,1410,1593,0
15232575576745833,120802,40,1410,1593,0
15232575581830410,120802,40,1410,1593,0
15232575586915626,120802,40,1410,1593,0
15232575592113393,120802,40,1410,1593,0
15232575597199800,120802,40,1410,1593,0
15232575602285136,120802,40,1410,1593,0
15232575607370923,120802,40,1410,1593,0
15232575612456560,120802,40,1410,1593,0
15232575617541486,120802,40,1410,1593,0
15232575622626003,120802,40,1410,1593,0
15232575627710380,120802,40,1410,1593,0
15232575632795716,120802,40,1410,1593,0
15232575637881673,120802,40,1410,1593,0
15232575642966680,120802,40,1410,1593,0
15232575648051646,120802,40,1410,1593,0
15232575653136243,120802,40,1410,1593,0
15232575658221269,120802,40,1410,1593,0
15232575663305596,121258,40,1410,1593,0
15232575668390893,121258,40,1410,1593,0
15232575673475659,121258,40,1410,1593,0
15232575678560756,121258,40,1410,1593,0
15232575683645373,121258,40,1410,1593,0
15232575688730549,121258,40,1410,1593,0
15232575693815876,121258,40,1410,1593,0
15232575698901733,121258,40,1410,1593,0
15232575703987289,121258,40,1410,1593,0
15232575709073476,121258,40,1410,1593,0
15232575714158522,121258,40,1410,1593,0
15232575719242949,121258,40,1410,1593,0
15232575724327276,121258,40,1410,1593,0
15232575729411812,121258,40,1410,1593,0
15232575734475909,121258,40,1410,1593,0
15232575739561096,121258,40,1410,1593,0
15232575744646682,121258,40,1410,1593,0
15232575749732099,121258,40,1410,1593,0
15232575754816776,121258,40,1410,1593,0
15232575759902062,121258,40,1410,1593,0
15232575764987869,120927,40,1410,1593,0
15232575770072716,120927,40,1410,1593,0
15232575775158032,120927,40,1410,1593,0
15232575780242599,120927,40,1410,1593,0
15232575785327145,120927,40,1410,1593,0
15232575790412002,120927,40,1410,1593,0
15232575795496839,120927,40,1410,1593,0
15232575800581805,120927,40,1410,1593,0
15232575805667172,120927,40,1410,1593,0
15232575810752689,120927,40,1410,1593,0
15232575815837525,120927,40,1410,1593,0
15232575820923202,120927,40,1410,1593,0
15232575826009958,120927,40,1410,1593,0
15232575831094715,120927,40,1410,1593,0
15232575836179602,120927,40,1410,1593,0
15232575841265278,120927,40,1410,1593,0
15232575846350075,120927,40,1410,1593,0
15232575851436112,120927,40,1410,1593,0
15232575856521008,120927,40,1410,1593,0
15232575861606695,121258,40,1410,1593,0
15232575866692442,121258,40,1410,1593,0
15232575871777718,121258,40,1410,1593,0
15232575876863285,121258,40,1410,1593,0
15232575881948612,121258,40,1410,1593,0
15232575887033958,121258,40,1410,1593,0
15232575892118615,121258,40,1410,1593,0
15232575897203922,121258,40,1410,1593,0
15232575902289208,121258,40,1410,1593,0
15232575907374845,121258,40,1410,1593,0
15232575912459681,121258,40,1410,1593,0
15232575917544338,121258,40,1410,1593,0
15232575922629575,121258,40,1410,1593,0
15232575927715171,121258,40,1410,1593,0
15232575932800538,121258,40,1410,1593,0
15232575937886645,121258,40,1410,1593,0
15232575942972271,121258,40,1410,1593,0
15232575948057788,121258,40,1410,1593,0
15232575953142815,121258,40,1410,1593,0
15232575958228001,121258,40,1410,1593,0
15232575963313658,121258,40,1410,1593,0
15232575968400335,121258,40,1410,1593,0
15232575973487131,121258,40,1410,1593,0
15232575978572198,121258,40,1410,1593,0
15232575983657724,121258,40,1410,1593,0
15232575988743351,121258,40,1410,1593,0
15232575993828228,121258,40,1410,1593,0
15232575998913284,121258,40,1410,1593,0
15232576003998271,121258,40,1410,1593,0
15232576009090328,121258,40,1410,1593,0
15232576014174994,121258,40,1410,1593,0
15232576019259461,121258,40,1410,1593,0
15232576024343918,121258,40,1410,1593,0
15232576029428794,121258,40,1410,1593,0
15232576034494521,121258,40,1410,1593,0
15232576039578767,121258,40,1410,1593,0
15232576044662974,121258,40,1410,1593,0
15232576049748351,121258,40,1410,1593,0
15232576054833977,121258,40,1410,1593,0
15232576059919014,121258,40,1410,1593,0
15232576065011951,120927,40,1410,1593,0
15232576070097547,120927,40,1410,1593,0
15232576075182034,120927,40,1410,1593,0
15232576080266581,120927,40,1410,1593,0
15232576085351017,120927,40,1410,1593,0
15232576090436794,120927,40,1410,1593,0
15232576095522271,120927,40,1410,1593,0
15232576100607627,120927,40,1410,1593,0
15232576105692434,120927,40,1410,1593,0
15232576110777840,120927,40,1410,1593,0
15232576115863217,120927,40,1410,1593,0
15232576120948194,120927,40,1410,1593,0
15232576126033090,120927,40,1410,1593,0
15232576131118267,120927,40,1410,1593,0
15232576136193534,120927,40,1410,1593,0
15232576141274920,120927,40,1410,1593,0
15232576146360787,120927,40,1410,1593,0
15232576151445974,120927,40,1410,1593,0
15232576156531410,120927,40,1410,1593,0
15232576161616727,121258,40,1410,1593,0
15232576166701613,121258,40,1410,1593,0
15232576171786190,121258,40,1410,1593,0
15232576176871267,121258,40,1410,1593,0
15232576181956053,121258,40,1410,1593,0
15232576187040820,121258,40,1410,1593,0
15232576192125707,121258,40,1410,1593,0
15232576197209893,121258,40,1410,1593,0
15232576202294970,121258,40,1410,1593,0
15232576207379547,121258,40,1410,1593,0
15232576212464093,121258,40,1410,1593,0
15232576217549520,121258,40,1410,1593,0
15232576222634967,121258,40,1410,1593,0
15232576227725963,121258,40,1410,1593,0
15232576232810630,121258,40,1410,1593,0
15232576237895997,121258,40,1410,1593,0
15232576242981063,121258,40,1410,1593,0
15232576248065950,121258,40,1410,1593,0
15232576253150606,121258,40,1410,1593,0
15232576258235963,121258,40,1410,1593,0
15232576263320970,120927,40,1410,1593,0
15232576268406726,120927,40,1410,1593,0
15232576273492073,120927,40,1410,1593,0
15232576278577500,120927,40,1410,1593,0
15232576283663426,120927,40,1410,1593,0
15232576288748643,120927,40,1410,1593,0
15232576293833830,120927,40,1410,1593,0
15232576298919396,120927,40,1410,1593,0
15232576304012003,120927,40,1410,1593,0
15232576309097229,120927,40,1410,1593,0
15232576314181926,120927,40,1410,1593,0
15232576319267363,120927,40,1410,1593,0
15232576324352749,120927,40,1410,1593,0
15232576329438386,120927,40,1410,1593,0
15232576334523353,120927,40,1410,1593,0
15232576339608289,120927,40,1410,1593,0
15232576344693116,120927,40,1410,1593,0
15232576349778183,120927,40,1410,1593,0
15232576354863329,120927,40,1410,1593,0
15232576359947906,120927,40,1410,1593,0
15232576365032843,120927,40,1410,1593,0
15232576370118659,120927,40,1410,1593,0
15232576375203176,120927,40,1410,1593,0
15232576380288232,120927,40,1410,1593,0
15232576385373169,120927,40,1410,1593,0
15232576390459126,120927,40,1410,1593,0
15232576395543992,120927,40,1410,1593,0
15232576400629029,120927,40,1410,1593,0
15232576405714006,120927,40,1410,1593,0
15232576410799572,120927,40,1410,1593,0
15232576415885009,120927,40,1410,1593,0
15232576420970436,120927,40,1410,1593,0
15232576426055312,120927,40,1410,1593,0
15232576431139869,120927,40,1410,1593,0
15232576436215125,120927,40,1410,1593,0
15232576441297032,120927,40,1410,1593,0
15232576446382099,120927,40,1410,1593,0
15232576451467535,120927,40,1410,1593,0
15232576456553152,120927,40,1410,1593,0
15232576461638539,121258,40,1410,1593,0
15232576466723925,121258,40,1410,1593,0
15232576471809072,121258,40,1410,1593,0
15232576476894549,121258,40,1410,1593,0
15232576481979765,121258,40,1410,1593,0
15232576487064662,121258,40,1410,1593,0
15232576492149179,121258,40,1410,1593,0
15232576497233705,121258,40,1410,1593,0
15232576502303582,121258,40,1410,1593,0
15232576507388579,121258,40,1410,1593,0
15232576512473425,121258,40,1410,1593,0
15232576517558172,121258,40,1410,1593,0
15232576522643318,121258,40,1410,1593,0
15232576527728935,121258,40,1410,1593,0
15232576532814432,121258,40,1410,1593,0
15232576537899848,121258,40,1410,1593,0
15232576542984955,121258,40,1410,1593,0
15232576548070982,121258,40,1410,1593,0
15232576553155398,121258,40,1410,1593,0
15232576558239645,121258,40,1410,1593,0
15232576563325321,120927,40,1410,1593,0
15232576568410578,120927,40,1410,1593,0
15232576573495885,120927,40,1410,1593,0
15232576578580271,120927,40,1410,1593,0
15232576583664958,120927,40,1410,1593,0
15232576588749925,120927,40,1410,1593,0
15232576593834941,120927,40,1410,1593,0
15232576598920168,120927,40,1410,1593,0
15232576604014695,120927,40,1410,1593,0
15232576609099701,120927,40,1410,1593,0
15232576614184288,120927,40,1410,1593,0
15232576619269295,120927,40,1410,1593,0
15232576624353781,120927,40,1410,1593,0
15232576629438608,120927,40,1410,1593,0
15232576634523855,120927,40,1410,1593,0
15232576639609261,120927,40,1410,1593,0
15232576644694078,120927,40,1410,1593,0
15232576649778714,120927,40,1410,1593,0
15232576654864331,120927,40,1410,1593,0
15232576659949968,120927,40,1410,1593,0
15232576665035034,120927,40,1410,1593,0
15232576670120071,120927,40,1410,1593,0
15232576675205218,120927,40,1410,1593,0
15232576680290604,120927,40,1410,1593,0
15232576685375321,120927,40,1410,1593,0
15232576690460627,120927,40,1410,1593,0
15232576695545654,120927,40,1410,1593,0
15232576700630711,120927,40,1410,1593,0
15232576705715467,120927,40,1410,1593,0
15232576710801034,120927,40,1410,1593,0
15232576715886561,120927,40,1410,1593,0
15232576720971657,120927,40,1410,1593,0
15232576726056394,120927,40,1410,1593,0
15232576731141111,120927,40,1410,1593,0
15232576736203617,120927,40,1410,1593,0
15232576741285564,120927,40,1410,1593,0
15232576746370491,120927,40,1410,1593,0
15232576751456257,120927,40,1410,1593,0
15232576756542184,120927,40,1410,1593,0
15232576761627591,120927,40,1410,1593,0
15232576766713387,120927,40,1410,1593,0
15232576771798524,120927,40,1410,1593,0
15232576776883500,120927,40,1410,1593,0
15232576781968687,120927,40,1410,1593,0
15232576787054054,120927,40,1410,1593,0
15232576792138830,120927,40,1410,1593,0
15232576797223567,120927,40,1410,1593,0
15232576802308414,120927,40,1410,1593,0
15232576807392900,120927,40,1410,1593,0
15232576812477237,120927,40,1410,1593,0
15232576817561674,120927,40,1410,1593,0
15232576822646690,120927,40,1410,1593,0
15232576827731717,120927,40,1410,1593,0
15232576832819253,120927,40,1410,1593,0
15232576837904400,120927,40,1410,1593,0
15232576842989547,120927,40,1410,1593,0
15232576848074433,120927,40,1410,1593,0
15232576853158980,120927,40,1410,1593,0
15232576858243527,120927,40,1410,1593,0
15232576863328593,120927,40,1410,1593,0
15232576868413750,120927,40,1410,1593,0
15232576873498877,120927,40,1410,1593,0
15232576878595983,120927,40,1410,1593,0
15232576883681730,120927,40,1410,1593,0
15232576888767037,120927,40,1410,1593,0
15232576893852253,120927,40,1410,1593,0
15232576898937430,120927,40,1410,1593,0
15232576904023556,120927,40,1410,1593,0
15232576909108233,120927,40,1410,1593,0
15232576914193040,120927,40,1410,1593,0
15232576919278336,120927,40,1410,1593,0
15232576924363873,120927,40,1410,1593,0
15232576929449670,120927,40,1410,1593,0
15232576934535086,120927,40,1410,1593,0
15232576939620183,120927,40,1410,1593,0
15232576944705640,120927,40,1410,1593,0
15232576949791006,120927,40,1410,1593,0
15232576954876623,120927,40,1410,1593,0
15232576959962519,120927,40,1410,1593,0
15232576965048336,120927,40,1410,1593,0
15232576970133443,120927,40,1410,1593,0
15232576975219079,120927,40,1410,1593,0
15232576980304126,120927,40,1410,1593,0
15232576985389083,120927,40,1410,1593,0
15232576990474249,120927,40,1410,1593,0
15232576995559806,120927,40,1410,1593,0
15232577000644653,120927,40,1410,1593,0
15232577005729659,120927,40,1410,1593,0
15232577010815476,120927,40,1410,1593,0
15232577015900883,120927,40,1410,1593,0
15232577020986379,120927,40,1410,1593,0
15232577026071166,120927,40,1410,1593,0
15232577031156323,120927,40,1410,1593,0
15232577036222289,120927,40,1410,1593,0
15232577041307806,120927,40,1410,1593,0
15232577046393282,120927,40,1410,1593,0
15232577051478969,120927,40,1410,1593,0
15232577056564406,120927,40,1410,1593,0
15232577061649612,120802,40,1410,1593,0
15232577069108772,120802,40,1410,1593,0
15232577074195269,120802,40,1410,1593,0
15232577079280545,120802,40,1410,1593,0
15232577084365372,120802,40,1410,1593,0
15232577089450639,120802,40,1410,1593,0
15232577094536245,120802,40,1410,1593,0
15232577099622612,120802,40,1410,1593,0
15232577104707869,120802,40,1410,1593,0
15232577109792465,120802,40,1410,1593,0
15232577114877562,120802,40,1410,1593,0
15232577119962579,120802,40,1410,1593,0
15232577125048065,120802,40,1410,1593,0
15232577130132642,120802,40,1410,1593,0
15232577135217778,120802,40,1410,1593,0
15232577140303015,120802,40,1410,1593,0
15232577145387662,120802,40,1410,1593,0
15232577150472188,120802,40,1410,1593,0
15232577155557305,120802,40,1410,1593,0
15232577160642482,120802,40,1410,1593,0
15232577165727898,121258,40,1410,1593,0
15232577170813215,121258,40,1410,1593,0
15232577175898621,121258,40,1410,1593,0
15232577180983528,121258,40,1410,1593,0
15232577186068405,121258,40,1410,1593,0
15232577191153271,121258,40,1410,1593,0
15232577196238438,121258,40,1410,1593,0
15232577201323645,121258,40,1410,1593,0
15232577206408021,121258,40,1410,1593,0
15232577211492658,121258,40,1410,1593,0
15232577216577625,121258,40,1410,1593,0
15232577221663021,121258,40,1410,1593,0
15232577226748368,121258,40,1410,1593,0
15232577231833375,121258,40,1410,1593,0
15232577236896561,121258,40,1410,1593,0
15232577241978608,121258,40,1410,1593,0
15232577247063664,121258,40,1410,1593,0
15232577252148331,121258,40,1410,1593,0
15232577257232828,121258,40,1410,1593,0
15232577262317704,120927,40,1410,1593,0
15232577267403081,120927,40,1410,1593,0
15232577272488068,120927,40,1410,1593,0
15232577277573164,120927,40,1410,1593,0
15232577282658191,120927,40,1410,1593,0
15232577287743768,120927,40,1410,1593,0
15232577292829454,120927,40,1410,1593,0
15232577297914351,120927,40,1410,1593,0
15232577302999288,120927,40,1410,1593,0
15232577308091184,120927,40,1410,1593,0
15232577313175831,120927,40,1410,1593,0
15232577318260308,120927,40,1410,1593,0
15232577323345664,120927,40,1410,1593,0
15232577328431081,120927,40,1410,1593,0
15232577333516067,120927,40,1410,1593,0
15232577338600924,120927,40,1410,1593,0
15232577343686501,120927,40,1410,1593,0
15232577348771777,120927,40,1410,1593,0
15232577353856944,120927,40,1410,1593,0
15232577358941971,120927,40,1410,1593,0
15232577364029417,120927,40,1410,1593,0
15232577369099284,120927,40,1410,1593,0
15232577374184460,120927,40,1410,1593,0
15232577379269167,120927,40,1410,1593,0
15232577384354334,120927,40,1410,1593,0
15232577389440010,120927,40,1410,1593,0
15232577394524817,120927,40,1410,1593,0
15232577399609904,120927,40,1410,1593,0
15232577404695450,120927,40,1410,1593,0
15232577409781007,120927,40,1410,1593,0
15232577414866024,120927,40,1410,1593,0
15232577419952150,120927,40,1410,1593,0
15232577425037047,120927,40,1410,1593,0
15232577430121694,120927,40,1410,1593,0
15232577435206740,120927,40,1410,1593,0
15232577440276707,120927,40,1410,1593,0
15232577445362233,120927,40,1410,1593,0
15232577450447680,120927,40,1410,1593,0
15232577455533087,120927,40,1410,1593,0
15232577460617833,121258,40,1410,1593,0
15232577465704060,121258,40,1410,1593,0
15232577470789907,121258,40,1410,1593,0
15232577475875463,121258,40,1410,1593,0
15232577480961050,121258,40,1410,1593,0
15232577486045877,121258,40,1410,1593,0
15232577491131353,121258,40,1410,1593,0
15232577496216430,121258,40,1410,1593,0
15232577501301486,121258,40,1410,1593,0
15232577506386473,121258,40,1410,1593,0
15232577511456950,121258,40,1410,1593,0
15232577516543466,121258,40,1410,1593,0
15232577521628203,121258,40,1410,1593,0
15232577526713030,121258,40,1410,1593,0
15232577531805016,121258,40,1410,1593,0
15232577536866343,121258,40,1410,1593,0
15232577541948580,121258,40,1410,1593,0
15232577547033936,121258,40,1410,1593,0
15232577552119513,121258,40,1410,1593,0
15232577557204450,121258,40,1410,1593,0
15232577562290156,120927,40,1410,1593,0
15232577567376073,120927,40,1410,1593,0
15232577572461510,120927,40,1410,1593,0
15232577577547366,120927,40,1410,1593,0
15232577582632573,120927,40,1410,1593,0
15232577587717499,120927,40,1410,1593,0
15232577592803056,120927,40,1410,1593,0
15232577597889013,120927,40,1410,1593,0
15232577602974529,120927,40,1410,1593,0
15232577608059916,120927,40,1410,1593,0
15232577613145353,120927,40,1410,1593,0
15232577618230179,120927,40,1410,1593,0
15232577623314936,120927,40,1410,1593,0
15232577628400772,120927,40,1410,1593,0
15232577633486009,120927,40,1410,1593,0
15232577638572006,120927,40,1410,1593,0
15232577643657992,120927,40,1410,1593,0
15232577648743129,120927,40,1410,1593,0
15232577653828196,120927,40,1410,1593,0
15232577658913522,120927,40,1410,1593,0
15232577663998859,121258,40,1410,1593,0
15232577669092786,121258,40,1410,1593,0
15232577674177772,121258,40,1410,1593,0
15232577679263369,121258,40,1410,1593,0
15232577684348076,121258,40,1410,1593,0
15232577689433012,121258,40,1410,1593,0
15232577694517529,121258,40,1410,1593,0
15232577699603086,121258,40,1410,1593,0
15232577704689052,121258,40,1410,1593,0
15232577709774549,121258,40,1410,1593,0
15232577714859925,121258,40,1410,1593,0
15232577719945522,121258,40,1410,1593,0
15232577725031209,121258,40,1410,1593,0
15232577730115635,121258,40,1410,1593,0
15232577735200172,121258,40,1410,1593,0
15232577740285709,121258,40,1410,1593,0
15232577745370305,121258,40,1410,1593,0
15232577750454872,121258,40,1410,1593,0
15232577755539859,121258,40,1410,1593,0
15232577760624915,121258,40,1410,1593,0
15232577765710102,121258,40,1410,1593,0
15232577770795868,121258,40,1410,1593,0
15232577775880965,121258,40,1410,1593,0
15232577780966062,121258,40,1410,1593,0
15232577786050698,121258,40,1410,1593,0
15232577791135455,121258,40,1410,1593,0
15232577796219912,121258,40,1410,1593,0
15232577801305348,121258,40,1410,1593,0
15232577806390465,121258,40,1410,1593,0
15232577811475092,121258,40,1410,1593,0
15232577816559618,121258,40,1410,1593,0
15232577821644065,121258,40,1410,1593,0
15232577826729072,121258,40,1410,1593,0
15232577831814588,121258,40,1410,1593,0
15232577836878525,121258,40,1410,1593,0
15232577841963391,121258,40,1410,1593,0
15232577847049788,121258,40,1410,1593,0
15232577852134825,121258,40,1410,1593,0
15232577857219551,121258,40,1410,1593,0
15232577862303848,120927,40,1410,1593,0
15232577867389395,120927,40,1410,1593,0
15232577872473851,120927,40,1410,1593,0
15232577877558618,120927,40,1410,1593,0
15232577882643635,120927,40,1410,1593,0
15232577887728621,120927,40,1410,1593,0
15232577892813918,120927,40,1410,1593,0
15232577897898704,120927,40,1410,1593,0
15232577902983741,120927,40,1410,1593,0
15232577908068888,120927,40,1410,1593,0
15232577913153954,120927,40,1410,1593,0
15232577918239011,120927,40,1410,1593,0
15232577923323938,120927,40,1410,1593,0
15232577928409004,120927,40,1410,1593,0
15232577933493951,120927,40,1410,1593,0
15232577938569398,120927,40,1410,1593,0
15232577943651154,120927,40,1410,1593,0
15232577948735951,120927,40,1410,1593,0
15232577953820878,120927,40,1410,1593,0
15232577958906314,120927,40,1410,1593,0
15232577963991211,121258,40,1410,1593,0
15232577969076147,121258,40,1410,1593,0
15232577974160514,121258,40,1410,1593,0
15232577979244941,121258,40,1410,1593,0
15232577984330047,121258,40,1410,1593,0
15232577989414954,121258,40,1410,1593,0
15232577994499721,121258,40,1410,1593,0
15232577999584977,121258,40,1410,1593,0
15232578004669884,121258,40,1410,1593,0
15232578009754221,121258,40,1410,1593,0
15232578014839157,121258,40,1410,1593,0
15232578019924184,121258,40,1410,1593,0
15232578025010350,121258,40,1410,1593,0
15232578030095347,121258,40,1410,1593,0
15232578035179984,121258,40,1410,1593,0
15232578040265240,121258,40,1410,1593,0
15232578045350267,121258,40,1410,1593,0
15232578050435404,121258,40,1410,1593,0
15232578055520770,121258,40,1410,1593,0
15232578060606047,120927,40,1410,1593,0
15232578065691854,120927,40,1410,1593,0
15232578070777230,120927,40,1410,1593,0
15232578075862977,120927,40,1410,1593,0
15232578080948374,120927,40,1410,1593,0
15232578086033420,120927,40,1410,1593,0
15232578091119147,120927,40,1410,1593,0
15232578096204613,120927,40,1410,1593,0
15232578101289620,120927,40,1410,1593,0
15232578106374797,120927,40,1410,1593,0
15232578111459773,120927,40,1410,1593,0
15232578116545080,120927,40,1410,1593,0
15232578121630417,120927,40,1410,1593,0
15232578126715933,120927,40,1410,1593,0
15232578131801050,120927,40,1410,1593,0
15232578136907807,120927,40,1410,1593,0
15232578141992643,120927,40,1410,1593,0
15232578147077850,120927,40,1410,1593,0
15232578152162617,120927,40,1410,1593,0
15232578157247793,120927,40,1410,1593,0
15232578162333100,120927,40,1410,1593,0
15232578167418487,120927,40,1410,1593,0
15232578172503933,120927,40,1410,1593,0
15232578177590170,120927,40,1410,1593,0
15232578182681166,120927,40,1410,1593,0
15232578187767233,120927,40,1410,1593,0
15232578192853640,120927,40,1410,1593,0
15232578197938596,120927,40,1410,1593,0
15232578203026203,120927,40,1410,1593,0
15232578208111910,120927,40,1410,1593,0
15232578213197286,120927,40,1410,1593,0
15232578218282633,120927,40,1410,1593,0
15232578223367970,120927,40,1410,1593,0
15232578228453426,120927,40,1410,1593,0
15232578233538843,120927,40,1410,1593,0
15232578238615499,120927,40,1410,1593,0
15232578243698036,120927,40,1410,1593,0
15232578248784073,120927,40,1410,1593,0
15232578253869329,120927,40,1410,1593,0
15232578258954746,120927,40,1410,1593,0
15232578264039463,121258,40,1410,1593,0
15232578269124589,121258,40,1410,1593,0
15232578274209116,121258,40,1410,1593,0
15232578279293683,121258,40,1410,1593,0
15232578284378539,121258,40,1410,1593,0
15232578289464036,121258,40,1410,1593,0
15232578294549113,121258,40,1410,1593,0
15232578299633419,121258,40,1410,1593,0
15232578304718356,121258,40,1410,1593,0
15232578309803822,121258,40,1410,1593,0
15232578314889489,121258,40,1410,1593,0
15232578319974596,121258,40,1410,1593,0
15232578325060112,121258,40,1410,1593,0
15232578330145079,121258,40,1410,1593,0
15232578335230436,121258,40,1410,1593,0
15232578340314892,121258,40,1410,1593,0
15232578345399529,121258,40,1410,1593,0
15232578350484726,121258,40,1410,1593,0
15232578355569122,121258,40,1410,1593,0
15232578360653549,121258,40,1410,1593,0
15232578365739515,121258,40,1410,1593,0
15232578370825282,121258,40,1410,1593,0
15232578375911169,121258,40,1410,1593,0
15232578380997085,121258,40,1410,1593,0
15232578386092552,121258,40,1410,1593,0
15232578391177329,121258,40,1410,1593,0
15232578396262695,121258,40,1410,1593,0
15232578401348082,121258,40,1410,1593,0
15232578406433149,121258,40,1410,1593,0
15232578411517955,121258,40,1410,1593,0
15232578416603052,121258,40,1410,1593,0
15232578421687979,121258,40,1410,1593,0
15232578426773195,121258,40,1410,1593,0
15232578431858692,121258,40,1410,1593,0
15232578436944089,121258,40,1410,1593,0
15232578442029415,121258,40,1410,1593,0
15232578447114102,121258,40,1410,1593,0
15232578452198748,121258,40,1410,1593,0
15232578457283815,121258,40,1410,1593,0
15232578462368702,120927,40,1410,1593,0
15232578467453578,120927,40,1410,1593,0
15232578472538575,120927,40,1410,1593,0
15232578477624782,120927,40,1410,1593,0
15232578482710238,120927,40,1410,1593,0
15232578487794875,120927,40,1410,1593,0
15232578492879692,120927,40,1410,1593,0
15232578497964808,120927,40,1410,1593,0
15232578503050355,120927,40,1410,1593,0
15232578508135381,120927,40,1410,1593,0
15232578513220838,120927,40,1410,1593,0
15232578518305285,120927,40,1410,1593,0
15232578523390301,120927,40,1410,1593,0
15232578528476048,120927,40,1410,1593,0
15232578533561905,120927,40,1410,1593,0
15232578538637661,120927,40,1410,1593,0
15232578543720178,120927,40,1410,1593,0
15232578548805815,120927,40,1410,1593,0
15232578553890851,120927,40,1410,1593,0
15232578558976308,120927,40,1410,1593,0
15232578564061555,121258,40,1410,1593,0
15232578569147031,121258,40,1410,1593,0
15232578574231378,121258,40,1410,1593,0
15232578579316544,121258,40,1410,1593,0
15232578584401221,121258,40,1410,1593,0
15232578589486018,121258,40,1410,1593,0
15232578594570434,121258,40,1410,1593,0
15232578599655481,121258,40,1410,1593,0
15232578604740818,121258,40,1410,1593,0
15232578609826414,121258,40,1410,1593,0
15232578614910831,121258,40,1410,1593,0
15232578619996048,121258,40,1410,1593,0
15232578625088144,121258,40,1410,1593,0
15232578630173471,121258,40,1410,1593,0
15232578635257997,121258,40,1410,1593,0
15232578640343104,121258,40,1410,1593,0
15232578645427411,121258,40,1410,1593,0
15232578650511937,121258,40,1410,1593,0
15232578655596674,121258,40,1410,1593,0
15232578660681471,120927,40,1410,1593,0
15232578665767197,120927,40,1410,1593,0
15232578670853094,120927,40,1410,1593,0
15232578675939131,120927,40,1410,1593,0
15232578681025717,120927,40,1410,1593,0
15232578686110424,120927,40,1410,1593,0
15232578691195781,120927,40,1410,1593,0
15232578696281207,120927,40,1410,1593,0
15232578701367154,120927,40,1410,1593,0
15232578706452471,120927,40,1410,1593,0
15232578711538067,120927,40,1410,1593,0
15232578716623854,120927,40,1410,1593,0
15232578721709360,120927,40,1410,1593,0
15232578726795337,120927,40,1410,1593,0
15232578731880884,120927,40,1410,1593,0
15232578736966750,120927,40,1410,1593,0
15232578742052277,120927,40,1410,1593,0
15232578747137004,120927,40,1410,1593,0
15232578752222180,120927,40,1410,1593,0
15232578757308177,120927,40,1410,1593,0
15232578762393663,121258,40,1410,1593,0
15232578767479810,121258,40,1410,1593,0
15232578772565077,121258,40,1410,1593,0
15232578777649923,121258,40,1410,1593,0
15232578782734770,121258,40,1410,1593,0
15232578787820407,121258,40,1410,1593,0
15232578792906703,121258,40,1410,1593,0
15232578797991850,121258,40,1410,1593,0
15232578803076607,121258,40,1410,1593,0
15232578808161703,121258,40,1410,1593,0
15232578813246800,121258,40,1410,1593,0
15232578818331777,121258,40,1410,1593,0
15232578823399513,121258,40,1410,1593,0
15232578828485030,121258,40,1410,1593,0
15232578833579677,121258,40,1410,1593,0
15232578838642013,121258,40,1410,1593,0
15232578843723580,121258,40,1410,1593,0
15232578848808756,121258,40,1410,1593,0
15232578853894533,121258,40,1410,1593,0
15232578858980450,121258,40,1410,1593,0
15232578864065726,121258,40,1410,1593,0
15232578869151213,121258,40,1410,1593,0
15232578874236240,121258,40,1410,1593,0
15232578879321516,121258,40,1410,1593,0
15232578884406433,121258,40,1410,1593,0
15232578889492249,121258,40,1410,1593,0
15232578894578136,121258,40,1410,1593,0
15232578899662813,121258,40,1410,1593,0
15232578904748059,121258,40,1410,1593,0
15232578909834326,121258,40,1410,1593,0
15232578914919263,121258,40,1410,1593,0
15232578920012209,121258,40,1410,1593,0
15232578925096496,121258,40,1410,1593,0
15232578930181033,121258,40,1410,1593,0
15232578935265529,121258,40,1410,1593,0
15232578940350106,121258,40,1410,1593,0
15232578945434483,121258,40,1410,1593,0
15232578950519739,121258,40,1410,1593,0
15232578955605296,121258,40,1410,1593,0
15232578960690193,120927,40,1410,1593,0
15232578965775059,120927,40,1410,1593,0
15232578970860406,120927,40,1410,1593,0
15232578975946062,120927,40,1410,1593,0
15232578981031689,120927,40,1410,1593,0
15232578986116356,120927,40,1410,1593,0
15232578991201422,120927,40,1410,1593,0
15232578996286359,120927,40,1410,1593,0
15232579001371226,120927,40,1410,1593,0
15232579006456432,120927,40,1410,1593,0
15232579011541559,120927,40,1410,1593,0
15232579016626466,120927,40,1410,1593,0
15232579021711952,120927,40,1410,1593,0
15232579026796389,120927,40,1410,1593,0
15232579031881945,120927,40,1410,1593,0
15232579036967122,120927,40,1410,1593,0
15232579042052639,120927,40,1410,1593,0
15232579047137385,120927,40,1410,1593,0
15232579052222162,120927,40,1410,1593,0
15232579057306789,120927,40,1410,1593,0
15232579062392155,121258,40,1410,1593,0
15232579067477042,121258,40,1410,1593,0
15232579072562039,121258,40,1410,1593,0
15232579077647365,121258,40,1410,1593,0
15232579082733222,121258,40,1410,1593,0
15232579087818769,121258,40,1410,1593,0
15232579092904405,121258,40,1410,1593,0
15232579097989672,121258,40,1410,1593,0
15232579103075148,121258,40,1410,1593,0
15232579108160345,121258,40,1410,1593,0
15232579113245392,121258,40,1410,1593,0
15232579118330598,121258,40,1410,1593,0
15232579123415955,121258,40,1410,1593,0
15232579128500902,121258,40,1410,1593,0
15232579133585808,121258,40,1410,1593,0
15232579138646915,121258,40,1410,1593,0
15232579143728852,121258,40,1410,1593,0
15232579148814638,121258,40,1410,1593,0
15232579153899705,121258,40,1410,1593,0
15232579158974081,121258,40,1410,1593,0
15232579164056868,120927,40,1410,1593,0
15232579169142475,120927,40,1410,1593,0
15232579174227371,120927,40,1410,1593,0
15232579179312548,120927,40,1410,1593,0
15232579184397365,120927,40,1410,1593,0
15232579189483061,120927,40,1410,1593,0
15232579194567958,120927,40,1410,1593,0
15232579199653715,120927,40,1410,1593,0
15232579204738881,120927,40,1410,1593,0
15232579209824158,120927,40,1410,1593,0
15232579214909114,120927,40,1410,1593,0
15232579219994601,120927,40,1410,1593,0
15232579225088598,120927,40,1410,1593,0
15232579230174434,120927,40,1410,1593,0
15232579235260131,120927,40,1410,1593,0
15232579240345608,120927,40,1410,1593,0
15232579245430814,120927,40,1410,1593,0
15232579250515541,120927,40,1410,1593,0
15232579255600648,120927,40,1410,1593,0
15232579260686034,121258,40,1410,1593,0
15232579265771801,121258,40,1410,1593,0
15232579270858238,121258,40,1410,1593,0
15232579275943534,121258,40,1410,1593,0
15232579281041181,121258,40,1410,1593,0
15232579286126728,121258,40,1410,1593,0
15232579291212034,121258,40,1410,1593,0
15232579296297371,121258,40,1410,1593,0
15232579301382107,121258,40,1410,1593,0
15232579306467584,121258,40,1410,1593,0
15232579311553041,121258,40,1410,1593,0
15232579316638017,121258,40,1410,1593,0
15232579321723074,121258,40,1410,1593,0
15232579326808551,121258,40,1410,1593,0
15232579331894107,121258,40,1410,1593,0
15232579336979344,121258,40,1410,1593,0
15232579342064831,121258,40,1410,1593,0
15232579347150647,121258,40,1410,1593,0
15232579352235634,121258,40,1410,1593,0
15232579357321190,121258,40,1410,1593,0
15232579362406047,121258,40,1410,1593,0
15232579367491804,121258,40,1410,1593,0
15232579372577290,121258,40,1410,1593,0
15232579377662587,121258,40,1410,1593,0
15232579382748154,121258,40,1410,1593,0
15232579387833690,121258,40,1410,1593,0
15232579392919207,121258,40,1410,1593,0
15232579398012124,121258,40,1410,1593,0
15232579403097500,121258,40,1410,1593,0
15232579408182957,121258,40,1410,1593,0
15232579413268164,121258,40,1410,1593,0
15232579418353900,121258,40,1410,1593,0
15232579423439887,121258,40,1410,1593,0
15232579428525713,121258,40,1410,1593,0
15232579433611240,121258,40,1410,1593,0
15232579438675077,121258,40,1410,1593,0
15232579443759693,121258,40,1410,1593,0
15232579448846370,121258,40,1410,1593,0
15232579453932357,121258,40,1410,1593,0
15232579459017273,121258,40,1410,1593,0
15232579464102520,121258,40,1410,1593,0
15232579469187827,121258,40,1410,1593,0
15232579474272663,121258,40,1410,1593,0
15232579479358340,121258,40,1410,1593,0
15232579484449206,121258,40,1410,1593,0
15232579489533813,121258,40,1410,1593,0
15232579494618950,121258,40,1410,1593,0
15232579499704056,121258,40,1410,1593,0
15232579504789803,121258,40,1410,1593,0
15232579509876440,121258,40,1410,1593,0
15232579514961726,121258,40,1410,1593,0
15232579520046773,121258,40,1410,1593,0
15232579525132050,121258,40,1410,1593,0
15232579530217216,121258,40,1410,1593,0
15232579535302063,121258,40,1410,1593,0
15232579540377330,121258,40,1410,1593,0
15232579545459386,121258,40,1410,1593,0
15232579550544763,121258,40,1410,1593,0
15232579555630110,121258,40,1410,1593,0
15232579560716026,121258,40,1410,1593,0
15232579565801383,121258,40,1410,1593,0
15232579570886329,121258,40,1410,1593,0
15232579575960756,121258,40,1410,1593,0
15232579581042563,121258,40,1410,1593,0
15232579586127089,121258,40,1410,1593,0
15232579591211746,121258,40,1410,1593,0
15232579596296953,121258,40,1410,1593,0
15232579601381949,121258,40,1410,1593,0
15232579606467146,121258,40,1410,1593,0
15232579611551982,121258,40,1410,1593,0
15232579616637539,121258,40,1410,1593,0
15232579621723016,121258,40,1410,1593,0
15232579626808022,121258,40,1410,1593,0
15232579631893359,121258,40,1410,1593,0
15232579636978206,121258,40,1410,1593,0
15232579642063422,121258,40,1410,1593,0
15232579647148149,121258,40,1410,1593,0
15232579652233166,121258,40,1410,1593,0
15232579657318232,121258,40,1410,1593,0
15232579662403449,120927,40,1410,1593,0
15232579667489486,120927,40,1410,1593,0
15232579672574762,120927,40,1410,1593,0
15232579677660369,120927,40,1410,1593,0
15232579682745785,120927,40,1410,1593,0
15232579687830952,120927,40,1410,1593,0
15232579692915709,120927,40,1410,1593,0
15232579698007415,120927,40,1410,1593,0
15232579703092852,120927,40,1410,1593,0
15232579708177269,120927,40,1410,1593,0
15232579713261905,120927,40,1410,1593,0
15232579718346252,120927,40,1410,1593,0
15232579723431119,120927,40,1410,1593,0
15232579728516305,120927,40,1410,1593,0
15232579733601182,120927,40,1410,1593,0
15232579738685869,120927,40,1410,1593,0
15232579743771005,120927,40,1410,1593,0
15232579748856162,120927,40,1410,1593,0
15232579753941168,120927,40,1410,1593,0
15232579759027575,120927,40,1410,1593,0
15232579764112592,120927,40,1410,1593,0
15232579769197858,120927,40,1410,1593,0
15232579774283555,120927,40,1410,1593,0
15232579779369442,120927,40,1410,1593,0
15232579784454848,120927,40,1410,1593,0
15232579789540365,120927,40,1410,1593,0
15232579794625932,120927,40,1410,1593,0
15232579799711448,120927,40,1410,1593,0
15232579804797435,120927,40,1410,1593,0
15232579809883412,120927,40,1410,1593,0
15232579814968608,120927,40,1410,1593,0
15232579820054095,120927,40,1410,1593,0
15232579825139211,120927,40,1410,1593,0
15232579830224108,120927,40,1410,1593,0
15232579835309215,120927,40,1410,1593,0
15232579840384921,120927,40,1410,1593,0
15232579845467128,120927,40,1410,1593,0
15232579850552095,120927,40,1410,1593,0
15232579855637071,120927,40,1410,1593,0
15232579860721928,121132,40,1410,1593,0
15232579865807365,121132,40,1410,1593,0
15232579870894101,121132,40,1410,1593,0
15232579875979338,121132,40,1410,1593,0
15232579881065194,121132,40,1410,1593,0
15232579886150991,121132,40,1410,1593,0
15232579891235388,121132,40,1410,1593,0
15232579896320194,121132,40,1410,1593,0
15232579901405231,121132,40,1410,1593,0
15232579906490088,121132,40,1410,1593,0
15232579911575344,121132,40,1410,1593,0
15232579916661091,121132,40,1410,1593,0
15232579921745428,121132,40,1410,1593,0
15232579926830544,121132,40,1410,1593,0
15232579931915761,121132,40,1410,1593,0
15232579937012058,121132,40,1410,1593,0
15232579942097004,121132,40,1410,1593,0
15232579947181621,121132,40,1410,1593,0
15232579952266747,121132,40,1410,1593,0
15232579957351674,121132,40,1410,1593,0
15232579962436481,120927,40,1410,1593,0
15232579967521477,120927,40,1410,1593,0
15232579972606554,120927,40,1410,1593,0
15232579977692321,120927,40,1410,1593,0
15232579982778037,120927,40,1410,1593,0
15232579987863134,120927,40,1410,1593,0
15232579992948251,120927,40,1410,1593,0
15232579998033137,120927,40,1410,1593,0
15232580003118024,120927,40,1410,1593,0
15232580008202600,120927,40,1410,1593,0
15232580013288367,120927,40,1410,1593,0
15232580018374064,120927,40,1410,1593,0
15232580023458660,120927,40,1410,1593,0
15232580028543267,120927,40,1410,1593,0
15232580033628794,120927,40,1410,1593,0
15232580038714340,120927,40,1410,1593,0
15232580043799667,120927,40,1410,1593,0
15232580048885994,120927,40,1410,1593,0
15232580053972040,120927,40,1410,1593,0
15232580059057297,120927,40,1410,1593,0
15232580064143014,121132,40,1410,1593,0
15232580069228690,121132,40,1410,1593,0
15232580074313817,121132,40,1410,1593,0
15232580079399013,121132,40,1410,1593,0
15232580084483600,121132,40,1410,1593,0
15232580089568377,121132,40,1410,1593,0
15232580094653623,121132,40,1410,1593,0
15232580099739500,121132,40,1410,1593,0
15232580104824947,121132,40,1410,1593,0
15232580109910193,121132,40,1410,1593,0
15232580114995370,121132,40,1410,1593,0
15232580120089027,121132,40,1410,1593,0
15232580125173593,121132,40,1410,1593,0
15232580130258940,121132,40,1410,1593,0
15232580135353477,121132,40,1410,1593,0
15232580140417063,121132,40,1410,1593,0
15232580145498940,121132,40,1410,1593,0
15232580150584156,121132,40,1410,1593,0
15232580155669253,121132,40,1410,1593,0
15232580160755140,120927,40,1410,1593,0
15232580165842776,120927,40,1410,1593,0
15232580170929623,120927,40,1410,1593,0
15232580176015390,120927,40,1410,1593,0
15232580181100876,120927,40,1410,1593,0
15232580186185673,120927,40,1410,1593,0
15232580191270840,120927,40,1410,1593,0
15232580196356586,120927,40,1410,1593,0
15232580201441673,120927,40,1410,1593,0
15232580206526760,120927,40,1410,1593,0
15232580211612256,120927,40,1410,1593,0
15232580216687583,120927,40,1410,1593,0
15232580221769639,120927,40,1410,1593,0
15232580226854846,120927,40,1410,1593,0
15232580231940053,120927,40,1410,1593,0
15232580237027399,120927,40,1410,1593,0
15232580242112786,120927,40,1410,1593,0
15232580247197913,120927,40,1410,1593,0
15232580252283209,120927,40,1410,1593,0
15232580257367936,120927,40,1410,1593,0
15232580262452493,121258,40,1410,1593,0
15232580267538239,121258,40,1410,1593,0
15232580272623306,121258,40,1410,1593,0
15232580277707962,121258,40,1410,1593,0
15232580282792609,121258,40,1410,1593,0
15232580287877946,121258,40,1410,1593,0
15232580292963542,121258,40,1410,1593,0
15232580298049129,121258,40,1410,1593,0
15232580303134396,121258,40,1410,1593,0
15232580308219552,121258,40,1410,1593,0
15232580313305189,121258,40,1410,1593,0
15232580318390726,121258,40,1410,1593,0
15232580323475712,121258,40,1410,1593,0
15232580328561409,121258,40,1410,1593,0
15232580333647366,121258,40,1410,1593,0
15232580338732672,121258,40,1410,1593,0
15232580343818139,121258,40,1410,1593,0
15232580348903485,121258,40,1410,1593,0
15232580353988992,121258,40,1410,1593,0
15232580359074589,121258,40,1410,1593,0
15232580364161105,121258,40,1410,1593,0
15232580369247282,121258,40,1410,1593,0
15232580374332889,121258,40,1410,1593,0
15232580379418285,121258,40,1410,1593,0
15232580384503482,121258,40,1410,1593,0
15232580389589089,121258,40,1410,1593,0
15232580394675295,121258,40,1410,1593,0
15232580399761282,121258,40,1410,1593,0
15232580404847059,121258,40,1410,1593,0
15232580409933285,121258,40,1410,1593,0
15232580415019432,121258,40,1410,1593,0
15232580420109329,121258,40,1410,1593,0
15232580425194495,121258,40,1410,1593,0
15232580430279262,121258,40,1410,1593,0
15232580435364528,121258,40,1410,1593,0
15232580440429155,121258,40,1410,1593,0
15232580445513222,121258,40,1410,1593,0
15232580450598068,121258,40,1410,1593,0
15232580455683185,121258,40,1410,1593,0
15232580460768512,121258,40,1410,1593,0
15232580465854008,121258,40,1410,1593,0
15232580470939615,121258,40,1410,1593,0
15232580476026411,121258,40,1410,1593,0
15232580481111378,121258,40,1410,1593,0
15232580486196175,121258,40,1410,1593,0
15232580491281241,121258,40,1410,1593,0
15232580496366298,121258,40,1410,1593,0
15232580501451695,121258,40,1410,1593,0
15232580506536511,121258,40,1410,1593,0
15232580511621418,121258,40,1410,1593,0
15232580516706475,121258,40,1410,1593,0
15232580521792341,121258,40,1410,1593,0
15232580526878328,121258,40,1410,1593,0
15232580531963805,121258,40,1410,1593,0
15232580537048691,121258,40,1410,1593,0
15232580542134258,121258,40,1410,1593,0
15232580547219104,121258,40,1410,1593,0
15232580552304811,121258,40,1410,1593,0
15232580557390658,121258,40,1410,1593,0
15232580562476274,121258,40,1410,1593,0
15232580567561781,121258,40,1410,1593,0
15232580572646768,121258,40,1410,1593,0
15232580577732674,121258,40,1410,1593,0
15232580582818821,121258,40,1410,1593,0
15232580587904188,121258,40,1410,1593,0
15232580592989634,121258,40,1410,1593,0
15232580598074871,121258,40,1410,1593,0
15232580603159667,121258,40,1410,1593,0
15232580608244454,121258,40,1410,1593,0
15232580613328971,121258,40,1410,1593,0
15232580618414817,121258,40,1410,1593,0
15232580623500204,121258,40,1410,1593,0
15232580628585081,121258,40,1410,1593,0
15232580633669717,121258,40,1410,1593,0
15232580638754684,121258,40,1410,1593,0
15232580643840711,121258,40,1410,1593,0
15232580648925647,121258,40,1410,1593,0
15232580654010604,121258,40,1410,1593,0
15232580659096011,121258,40,1410,1593,0
15232580664180887,121258,40,1410,1593,0
15232580669266024,121258,40,1410,1593,0
15232580674350411,121258,40,1410,1593,0
15232580679435387,121258,40,1410,1593,0
15232580684520674,121258,40,1410,1593,0
15232580689605650,121258,40,1410,1593,0
15232580694690247,121258,40,1410,1593,0
15232580699774884,121258,40,1410,1593,0
15232580704860410,121258,40,1410,1593,0
15232580709946087,121258,40,1410,1593,0
15232580715031114,121258,40,1410,1593,0
15232580720115980,121258,40,1410,1593,0
15232580725201087,121258,40,1410,1593,0
15232580730285933,121258,40,1410,1593,0
15232580735370720,121258,40,1410,1593,0
15232580740434107,121258,40,1410,1593,0
15232580745519563,121258,40,1410,1593,0
15232580750604940,121258,40,1410,1593,0
15232580755689997,121258,40,1410,1593,0
15232580760774633,121258,40,1410,1593,0
15232580765860940,121258,40,1410,1593,0
15232580770947047,121258,40,1410,1593,0
15232580776031963,121258,40,1410,1593,0
15232580781116930,121258,40,1410,1593,0
15232580786208877,121258,40,1410,1593,0
15232580791294343,121258,40,1410,1593,0
15232580796378990,121258,40,1410,1593,0
15232580801463427,121258,40,1410,1593,0
15232580806548003,121258,40,1410,1593,0
15232580811633050,121258,40,1410,1593,0
15232580816718016,121258,40,1410,1593,0
15232580821794143,121258,40,1410,1593,0
15232580826876030,121258,40,1410,1593,0
15232580831961566,121258,40,1410,1593,0
15232580837047363,121258,40,1410,1593,0
15232580842132660,121258,40,1410,1593,0
15232580847217766,121258,40,1410,1593,0
15232580852302493,121258,40,1410,1593,0
15232580857386970,121258,40,1410,1593,0
15232580862471356,120802,40,1410,1593,0
15232580867556393,120802,40,1410,1593,0
15232580872641709,120802,40,1410,1593,0
15232580877726996,120802,40,1410,1593,0
15232580882812333,120802,40,1410,1593,0
15232580887896969,120802,40,1410,1593,0
15232580892982006,120802,40,1410,1593,0
15232580898067593,120802,40,1410,1593,0
15232580903152329,120802,40,1410,1593,0
15232580908236806,120802,40,1410,1593,0
15232580913322003,120802,40,1410,1593,0
15232580918407499,120802,40,1410,1593,0
15232580923491916,120802,40,1410,1593,0
15232580928576502,120802,40,1410,1593,0
15232580933661469,120802,40,1410,1593,0
15232580938746476,120802,40,1410,1593,0
15232580943832142,120802,40,1410,1593,0
15232580948917509,120802,40,1410,1593,0
15232580954011756,120802,40,1410,1593,0
15232580959096752,120802,40,1410,1593,0
15232580964181629,121258,40,1410,1593,0
15232580969267806,121258,40,1410,1593,0
15232580974353892,121258,40,1410,1593,0
15232580979439239,121258,40,1410,1593,0
15232580984525396,121258,40,1410,1593,0
15232580989610122,121258,40,1410,1593,0
15232580994695569,121258,40,1410,1593,0
15232580999781515,121258,40,1410,1593,0
15232581004867022,121258,40,1410,1593,0
15232581009952409,121258,40,1410,1593,0
15232581015037445,121258,40,1410,1593,0
15232581020122922,121258,40,1410,1593,0
15232581025192369,121258,40,1410,1593,0
15232581030277215,121258,40,1410,1593,0
15232581035362242,121258,40,1410,1593,0
15232581040447499,121258,40,1410,1593,0
15232581045532925,121258,40,1410,1593,0
15232581050617802,121258,40,1410,1593,0
15232581055703029,121258,40,1410,1593,0
15232581060788835,121258,40,1410,1593,0
15232581065855592,121258,40,1410,1593,0
15232581070938528,121258,40,1410,1593,0
15232581076025285,121258,40,1410,1593,0
15232581081110272,121258,40,1410,1593,0
15232581086194798,121258,40,1410,1593,0
15232581091280335,121258,40,1410,1593,0
15232581096364762,121258,40,1410,1593,0
15232581101449638,121258,40,1410,1593,0
15232581106534615,121258,40,1410,1593,0
15232581111619732,121258,40,1410,1593,0
15232581116704448,121258,40,1410,1593,0
15232581121789885,121258,40,1410,1593,0
15232581126875062,121258,40,1410,1593,0
15232581131960918,121258,40,1410,1593,0
15232581137045335,121258,40,1410,1593,0
15232581142120541,121258,40,1410,1593,0
15232581147201988,121258,40,1410,1593,0
15232581152286525,121258,40,1410,1593,0
15232581157371051,121258,40,1410,1593,0
15232581162455998,121258,40,1410,1593,0
15232581167541395,121258,40,1410,1593,0
15232581172626941,121258,40,1410,1593,0
15232581177711318,121258,40,1410,1593,0
15232581182796744,121258,40,1410,1593,0
15232581187882671,121258,40,1410,1593,0
15232581192968268,121258,40,1410,1593,0
15232581198053694,121258,40,1410,1593,0
15232581203139151,121258,40,1410,1593,0
15232581208224208,121258,40,1410,1593,0
15232581213309134,121258,40,1410,1593,0
15232581218393971,121258,40,1410,1593,0
15232581223479288,121258,40,1410,1593,0
15232581228564774,121258,40,1410,1593,0
15232581233650131,121258,40,1410,1593,0
15232581238734918,121258,40,1410,1593,0
15232581243820684,121258,40,1410,1593,0
15232581248905951,121258,40,1410,1593,0
15232581253990918,121258,40,1410,1593,0
15232581259075474,121258,40,1410,1593,0
15232581264161091,120927,40,1410,1593,0
15232581269246507,120927,40,1410,1593,0
15232581274332864,120927,40,1410,1593,0
15232581279417941,120927,40,1410,1593,0
15232581284502927,120927,40,1410,1593,0
15232581289588024,120927,40,1410,1593,0
15232581294672881,120927,40,1410,1593,0
15232581299757647,120927,40,1410,1593,0
15232581304842154,120927,40,1410,1593,0
15232581309927571,120927,40,1410,1593,0
15232581315012967,120927,40,1410,1593,0
15232581320097514,120927,40,1410,1593,0
15232581325182520,120927,40,1410,1593,0
15232581330268577,120927,40,1410,1593,0
15232581335354844,120927,40,1410,1593,0
15232581340439890,120927,40,1410,1593,0
15232581345525587,120927,40,1410,1593,0
15232581350611844,120927,40,1410,1593,0
15232581355698460,120927,40,1410,1593,0
15232581360783757,120927,40,1410,1593,0
15232581365869894,120927,40,1410,1593,0
15232581370955890,120927,40,1410,1593,0
15232581376041017,120927,40,1410,1593,0
15232581381264334,120927,40,1410,1593,0
15232581386349100,120927,40,1410,1593,0
15232581391434177,120927,40,1410,1593,0
15232581396519054,120927,40,1410,1593,0
15232581401604030,120927,40,1410,1593,0
15232581406689167,120927,40,1410,1593,0
15232581411773784,120927,40,1410,1593,0
15232581416859070,120927,40,1410,1593,0
15232581421946357,120927,40,1410,1593,0
15232581427032093,120927,40,1410,1593,0
15232581432117420,120927,40,1410,1593,0
15232581437206197,120927,40,1410,1593,0
15232581442269603,120927,40,1410,1593,0
15232581447341000,120927,40,1410,1593,0
15232581452422907,120927,40,1410,1593,0
15232581457508293,120927,40,1410,1593,0
15232581462593910,121258,40,1410,1593,0
15232581467678877,121258,40,1410,1593,0
15232581472764073,121258,40,1410,1593,0
15232581477841920,121258,40,1410,1593,0
15232581482927726,121258,40,1410,1593,0
15232581488013563,121258,40,1410,1593,0
15232581493099430,121258,40,1410,1593,0
15232581498185216,121258,40,1410,1593,0
15232581503270433,121258,40,1410,1593,0
15232581508355690,121258,40,1410,1593,0
15232581513440516,121258,40,1410,1593,0
15232581518526183,121258,40,1410,1593,0
15232581523595830,121258,40,1410,1593,0
15232581528680666,121258,40,1410,1593,0
15232581533766333,121258,40,1410,1593,0
15232581538852150,121258,40,1410,1593,0
15232581543937596,121258,40,1410,1593,0
15232581549025223,121258,40,1410,1593,0
15232581554111179,121258,40,1410,1593,0
15232581559196356,121258,40,1410,1593,0
15232581564281913,121258,40,1410,1593,0
15232581569367789,121258,40,1410,1593,0
15232581574453046,121258,40,1410,1593,0
15232581579539293,121258,40,1410,1593,0
15232581584624899,121258,40,1410,1593,0
15232581589709736,121258,40,1410,1593,0
15232581594795103,121258,40,1410,1593,0
15232581599881239,121258,40,1410,1593,0
15232581604966786,121258,40,1410,1593,0
15232581610051962,121258,40,1410,1593,0
15232581615136769,121258,40,1410,1593,0
15232581620222016,121258,40,1410,1593,0
15232581625306682,121258,40,1410,1593,0
15232581630391329,121258,40,1410,1593,0
15232581635475956,121258,40,1410,1593,0
15232581640561072,121258,40,1410,1593,0
15232581645646309,121258,40,1410,1593,0
15232581650731256,121258,40,1410,1593,0
15232581655815712,121258,40,1410,1593,0
15232581660900749,121258,40,1410,1593,0
15232581665986036,121258,40,1410,1593,0
15232581671071732,121258,40,1410,1593,0
15232581676156129,121258,40,1410,1593,0
15232581681240835,121258,40,1410,1593,0
15232581686326072,121258,40,1410,1593,0
15232581691411229,121258,40,1410,1593,0
15232581696495545,121258,40,1410,1593,0
15232581701580352,121258,40,1410,1593,0
15232581706665279,121258,40,1410,1593,0
15232581711751005,121258,40,1410,1593,0
15232581716836312,121258,40,1410,1593,0
15232581721920889,121258,40,1410,1593,0
15232581727008315,121258,40,1410,1593,0
15232581732093602,121258,40,1410,1593,0
15232581737178299,121258,40,1410,1593,0
15232581742241045,121258,40,1410,1593,0
15232581747322262,121258,40,1410,1593,0
15232581752408278,121258,40,1410,1593,0
15232581757493255,121258,40,1410,1593,0
15232581762578222,121258,40,1410,1593,0
15232581767663708,121258,40,1410,1593,0
15232581772748695,121258,40,1410,1593,0
15232581777833802,121258,40,1410,1593,0
15232581782918518,121258,40,1410,1593,0
15232581788012485,121258,40,1410,1593,0
15232581793097162,121258,40,1410,1593,0
15232581798181718,121258,40,1410,1593,0
15232581803266155,121258,40,1410,1593,0
15232581808351052,121258,40,1410,1593,0
15232581813435428,121258,40,1410,1593,0
15232581818519885,121258,40,1410,1593,0
15232581823604301,121258,40,1410,1593,0
15232581828689478,121258,40,1410,1593,0
15232581833774845,121258,40,1410,1593,0
15232581838860441,121258,40,1410,1593,0
15232581843945698,121258,40,1410,1593,0
15232581849030485,121258,40,1410,1593,0
15232581854115631,121258,40,1410,1593,0
15232581859200518,121258,40,1410,1593,0
15232581864286555,120927,40,1410,1593,0
15232581869372281,120927,40,1410,1593,0
15232581874457658,120927,40,1410,1593,0
15232581879542794,120927,40,1410,1593,0
15232581884628261,120927,40,1410,1593,0
15232581889713138,120927,40,1410,1593,0
15232581894798204,120927,40,1410,1593,0
15232581899883321,120927,40,1410,1593,0
15232581904968458,120927,40,1410,1593,0
15232581910053474,120927,40,1410,1593,0
15232581915138041,120927,40,1410,1593,0
15232581920222408,120927,40,1410,1593,0
15232581925306884,120927,40,1410,1593,0
15232581930392091,120927,40,1410,1593,0
15232581935477618,120927,40,1410,1593,0
15232581940562364,120927,40,1410,1593,0
15232581945647531,120927,40,1410,1593,0
15232581950732637,120927,40,1410,1593,0
15232581955817624,120927,40,1410,1593,0
15232581960902761,121258,40,1410,1593,0
15232581965988097,121258,40,1410,1593,0
15232581971073194,121258,40,1410,1593,0
15232581976158081,121258,40,1410,1593,0
15232581981242567,121258,40,1410,1593,0
15232581986327164,121258,40,1410,1593,0
15232581991411811,121258,40,1410,1593,0
15232581996497077,121258,40,1410,1593,0
15232582001583014,121258,40,1410,1593,0
15232582006668530,121258,40,1410,1593,0
15232582011753127,121258,40,1410,1593,0
15232582016838294,121258,40,1410,1593,0
15232582021923680,121258,40,1410,1593,0
15232582027009557,121258,40,1410,1593,0
15232582032094104,121258,40,1410,1593,0
15232582037179070,121258,40,1410,1593,0
15232582042243617,121258,40,1410,1593,0
15232582047329514,121258,40,1410,1593,0
15232582052414070,121258,40,1410,1593,0
15232582057499607,121258,40,1410,1593,0
15232582062584914,120927,40,1410,1593,0
15232582067670180,120927,40,1410,1593,0
15232582072754977,120927,40,1410,1593,0
15232582077839963,120927,40,1410,1593,0
15232582082924930,120927,40,1410,1593,0
15232582088017447,120927,40,1410,1593,0
15232582093102983,120927,40,1410,1593,0
15232582098187920,120927,40,1410,1593,0
15232582103272527,120927,40,1410,1593,0
15232582108357243,120927,40,1410,1593,0
15232582113442330,120927,40,1410,1593,0
15232582118528097,120927,40,1410,1593,0
15232582123598973,120927,40,1410,1593,0
15232582128684520,120927,40,1410,1593,0
15232582133769536,120927,40,1410,1593,0
15232582138855453,120927,40,1410,1593,0
15232582143940990,120927,40,1410,1593,0
15232582149027556,120927,40,1410,1593,0
15232582154112523,120927,40,1410,1593,0
15232582159197750,120927,40,1410,1593,0
15232582164282946,121258,40,1410,1593,0
15232582169368223,121258,40,1410,1593,0
15232582174453290,121258,40,1410,1593,0
15232582179538266,121258,40,1410,1593,0
15232582184623643,121258,40,1410,1593,0
15232582189709120,121258,40,1410,1593,0
15232582194794066,121258,40,1410,1593,0
15232582199878623,121258,40,1410,1593,0
15232582204963709,121258,40,1410,1593,0
15232582210048506,121258,40,1410,1593,0
15232582215132943,121258,40,1410,1593,0
15232582220217679,121258,40,1410,1593,0
15232582225302486,121258,40,1410,1593,0
15232582230386963,121258,40,1410,1593,0
15232582235471279,121258,40,1410,1593,0
15232582240556216,121258,40,1410,1593,0
15232582245641883,121258,40,1410,1593,0
15232582250727669,121258,40,1410,1593,0
15232582255813226,121258,40,1410,1593,0
15232582260897832,120802,40,1410,1593,0
15232582265983069,120802,40,1410,1593,0
15232582271068436,120802,40,1410,1593,0
15232582276153352,120802,40,1410,1593,0
15232582281237839,120802,40,1410,1593,0
15232582286322706,120802,40,1410,1593,0
15232582291408012,120802,40,1410,1593,0
15232582296487829,120802,40,1410,1593,0
15232582301584896,120802,40,1410,1593,0
15232582306670312,120802,40,1410,1593,0
15232582311755609,120802,40,1410,1593,0
15232582316840406,120802,40,1410,1593,0
15232582321927382,120802,40,1410,1593,0
15232582327012929,120802,40,1410,1593,0
15232582332098186,120802,40,1410,1593,0
15232582337183102,120802,40,1410,1593,0
15232582342311819,120802,40,1410,1593,0
15232582347398176,120802,40,1410,1593,0
15232582352483772,120802,40,1410,1593,0
15232582357568779,120802,40,1410,1593,0
15232582362655055,121132,40,1410,1593,0
15232582367741422,121132,40,1410,1593,0
15232582372827019,121132,40,1410,1593,0
15232582377912945,121132,40,1410,1593,0
15232582382999082,121132,40,1410,1593,0
15232582388092809,121132,40,1410,1593,0
15232582393177345,121132,40,1410,1593,0
15232582398261992,121132,40,1410,1593,0
15232582403346619,121132,40,1410,1593,0
15232582408431835,121132,40,1410,1593,0
15232582413517532,121132,40,1410,1593,0
15232582418602958,121132,40,1410,1593,0
15232582423688065,121132,40,1410,1593,0
15232582428773222,121132,40,1410,1593,0
15232582433859188,121132,40,1410,1593,0
15232582438944695,121132,40,1410,1593,0
15232582444031232,121132,40,1410,1593,0
15232582449120998,121132,40,1410,1593,0
15232582454206925,121132,40,1410,1593,0
15232582459292072,121132,40,1410,1593,0
15232582464377638,121258,40,1410,1593,0
15232582469463525,121258,40,1410,1593,0
15232582474549182,121258,40,1410,1593,0
15232582479634808,121258,40,1410,1593,0
15232582484720645,121258,40,1410,1593,0
15232582489807111,121258,40,1410,1593,0
15232582494892108,121258,40,1410,1593,0
15232582499977545,121258,40,1410,1593,0
15232582505062231,121258,40,1410,1593,0
15232582510147618,121258,40,1410,1593,0
15232582515232585,121258,40,1410,1593,0
15232582520317541,121258,40,1410,1593,0
15232582525402058,121258,40,1410,1593,0
15232582530486785,121258,40,1410,1593,0
15232582535571691,121258,40,1410,1593,0
15232582540656618,121258,40,1410,1593,0
15232582545742234,121258,40,1410,1593,0
15232582550827201,121258,40,1410,1593,0
15232582555912448,121258,40,1410,1593,0
15232582560997984,120927,40,1410,1593,0
15232582566090151,120927,40,1410,1593,0
15232582571175248,120927,40,1410,1593,0
15232582576251204,120927,40,1410,1593,0
15232582581333621,120927,40,1410,1593,0
15232582586418508,120927,40,1410,1593,0
15232582591503634,120927,40,1410,1593,0
15232582596588781,120927,40,1410,1593,0
15232582601673818,120927,40,1410,1593,0
15232582606758874,120927,40,1410,1593,0
15232582611844121,120927,40,1410,1593,0
15232582616928798,120927,40,1410,1593,0
15232582622018334,120927,40,1410,1593,0
15232582627102861,120927,40,1410,1593,0
15232582632187537,120927,40,1410,1593,0
15232582637271874,120927,40,1410,1593,0
15232582642356781,120927,40,1410,1593,0
15232582647441437,120927,40,1410,1593,0
15232582652525884,120927,40,1410,1593,0
15232582657610411,120927,40,1410,1593,0
15232582662695247,121258,40,1410,1593,0
15232582667780744,121258,40,1410,1593,0
15232582672866001,121258,40,1410,1593,0
15232582677951427,121258,40,1410,1593,0
15232582683036404,121258,40,1410,1593,0
15232582688244071,121258,40,1410,1593,0
15232582693329267,121258,40,1410,1593,0
15232582698414224,121258,40,1410,1593,0
15232582703499721,121258,40,1410,1593,0
15232582708585587,121258,40,1410,1593,0
15232582713670924,121258,40,1410,1593,0
15232582718755970,121258,40,1410,1593,0
15232582723842797,121258,40,1410,1593,0
15232582728928764,121258,40,1410,1593,0
15232582734017170,121258,40,1410,1593,0
15232582739110867,121258,40,1410,1593,0
15232582744187034,121258,40,1410,1593,0
15232582749269010,121258,40,1410,1593,0
15232582754353547,121258,40,1410,1593,0
15232582759438394,121258,40,1410,1593,0
15232582764524610,120927,40,1410,1593,0
15232582769610337,120927,40,1410,1593,0
15232582774696424,120927,40,1410,1593,0
15232582779781460,120927,40,1410,1593,0
15232582784867477,120927,40,1410,1593,0
15232582789952774,120927,40,1410,1593,0
15232582795038610,120927,40,1410,1593,0
15232582800123597,120927,40,1410,1593,0
15232582805208613,120927,40,1410,1593,0
15232582810293450,120927,40,1410,1593,0
15232582815378467,120927,40,1410,1593,0
15232582820463453,120927,40,1410,1593,0
15232582825548600,120927,40,1410,1593,0
15232582830633577,120927,40,1410,1593,0
15232582835718423,120927,40,1410,1593,0
15232582840803580,120927,40,1410,1593,0
15232582845888246,120927,40,1410,1593,0
15232582850973453,120927,40,1410,1593,0
15232582856058650,120927,40,1410,1593,0
15232582861144006,120927,40,1410,1593,0
15232582866228673,120927,40,1410,1593,0
15232582871314060,120927,40,1410,1593,0
15232582876399146,120927,40,1410,1593,0
15232582881483903,120927,40,1410,1593,0
15232582886568470,120927,40,1410,1593,0
15232582891653476,120927,40,1410,1593,0
15232582896738943,120927,40,1410,1593,0
15232582901823870,120927,40,1410,1593,0
15232582906909116,120927,40,1410,1593,0
15232582911994413,120927,40,1410,1593,0
15232582917090140,120927,40,1410,1593,0
15232582922174926,120927,40,1410,1593,0
15232582927260263,120927,40,1410,1593,0
15232582932346119,120927,40,1410,1593,0
15232582937431576,120927,40,1410,1593,0
15232582942516213,120927,40,1410,1593,0
15232582947601629,120927,40,1410,1593,0
15232582952686646,120927,40,1410,1593,0
15232582957772033,120927,40,1410,1593,0
15232582962857449,121258,40,1410,1593,0
15232582967942786,121258,40,1410,1593,0
15232582973029883,121258,40,1410,1593,0
15232582978114589,121258,40,1410,1593,0
15232582983199216,121258,40,1410,1593,0
15232582988284132,121258,40,1410,1593,0
15232582993369119,121258,40,1410,1593,0
15232582998455386,121258,40,1410,1593,0
15232583003540592,121258,40,1410,1593,0
15232583008626059,121258,40,1410,1593,0
15232583013710616,121258,40,1410,1593,0
15232583018795532,121258,40,1410,1593,0
15232583023880619,121258,40,1410,1593,0
15232583028965826,121258,40,1410,1593,0
15232583034050512,121258,40,1410,1593,0
15232583039134969,121258,40,1410,1593,0
15232583044199226,121258,40,1410,1593,0
15232583049281162,121258,40,1410,1593,0
15232583054366239,121258,40,1410,1593,0
15232583059451595,121258,40,1410,1593,0
15232583064537272,120802,40,1410,1593,0
15232583069622879,120802,40,1410,1593,0
15232583074708185,120802,40,1410,1593,0
15232583079798102,120802,40,1410,1593,0
15232583084883909,120802,40,1410,1593,0
15232583089968815,120802,40,1410,1593,0
15232583095054462,120802,40,1410,1593,0
15232583100139999,120802,40,1410,1593,0
15232583105224845,120802,40,1410,1593,0
15232583110309392,120802,40,1410,1593,0
15232583115393879,120802,40,1410,1593,0
15232583120479165,120802,40,1410,1593,0
15232583125564942,120802,40,1410,1593,0
15232583130650418,120802,40,1410,1593,0
15232583135735355,120802,40,1410,1593,0
15232583140820732,120802,40,1410,1593,0
15232583145906438,120802,40,1410,1593,0
15232583150991905,120802,40,1410,1593,0
15232583156076782,120802,40,1410,1593,0
15232583161161228,121258,40,1410,1593,0
15232583166246685,121258,40,1410,1593,0
15232583171331562,121258,40,1410,1593,0
15232583176416648,121258,40,1410,1593,0
15232583181501925,121258,40,1410,1593,0
15232583186587501,121258,40,1410,1593,0
15232583191673518,121258,40,1410,1593,0
15232583196758665,121258,40,1410,1593,0
15232583201843391,121258,40,1410,1593,0
15232583206929118,121258,40,1410,1593,0
15232583212016425,121258,40,1410,1593,0
15232583217101871,121258,40,1410,1593,0
15232583222187168,121258,40,1410,1593,0
15232583227273295,121258,40,1410,1593,0
15232583232358611,121258,40,1410,1593,0
15232583237443878,121258,40,1410,1593,0
15232583242530045,121258,40,1410,1593,0
15232583247616271,121258,40,1410,1593,0
15232583252701578,121258,40,1410,1593,0
15232583257786884,121258,40,1410,1593,0
15232583262872921,120927,40,1410,1593,0
15232583267959118,120927,40,1410,1593,0
15232583273044834,120927,40,1410,1593,0
15232583278129791,120927,40,1410,1593,0
15232583283215438,120927,40,1410,1593,0
15232583288301244,120927,40,1410,1593,0
15232583293387191,120927,40,1410,1593,0
15232583298472518,120927,40,1410,1593,0
15232583303557824,120927,40,1410,1593,0
15232583308642821,120927,40,1410,1593,0
15232583313728138,120927,40,1410,1593,0
15232583318813454,120927,40,1410,1593,0
15232583323898451,120927,40,1410,1593,0
15232583328984157,120927,40,1410,1593,0
15232583334069084,120927,40,1410,1593,0
15232583339154141,120927,40,1410,1593,0
15232583344216627,120927,40,1410,1593,0
15232583349297974,120927,40,1410,1593,0
15232583354382931,120927,40,1410,1593,0
15232583359468587,120927,40,1410,1593,0
15232583364553454,121258,40,1410,1593,0
15232583369638551,121258,40,1410,1593,0
15232583374723827,121258,40,1410,1593,0
15232583379809184,121258,40,1410,1593,0
15232583384894280,121258,40,1410,1593,0
15232583389985187,121258,40,1410,1593,0
15232583395069784,121258,40,1410,1593,0
15232583400154320,121258,40,1410,1593,0
15232583405239027,121258,40,1410,1593,0
15232583410323274,121258,40,1410,1593,0
15232583415408490,121258,40,1410,1593,0
15232583420493687,121258,40,1410,1593,0
15232583425578664,121258,40,1410,1593,0
15232583430663140,121258,40,1410,1593,0
15232583435748077,121258,40,1410,1593,0
15232583440832834,121258,40,1410,1593,0
15232583445914640,121258,40,1410,1593,0
15232583450999697,121258,40,1410,1593,0
15232583456092913,121258,40,1410,1593,0
15232583461177970,120927,40,1410,1593,0
15232583466263507,120927,40,1410,1593,0
15232583471348063,120927,40,1410,1593,0
15232583476433080,120927,40,1410,1593,0
15232583481518247,120927,40,1410,1593,0
15232583486603513,120927,40,1410,1593,0
15232583491688890,120927,40,1410,1593,0
15232583496773947,120927,40,1410,1593,0
15232583501859793,120927,40,1410,1593,0
15232583506944740,120927,40,1410,1593,0
15232583512029717,120927,40,1410,1593,0
15232583517114883,120927,40,1410,1593,0
15232583522199390,120927,40,1410,1593,0
15232583527284376,120927,40,1410,1593,0
15232583532369803,120927,40,1410,1593,0
15232583537455170,120927,40,1410,1593,0
15232583542540646,120927,40,1410,1593,0
15232583547626603,120927,40,1410,1593,0
15232583552711950,120927,40,1410,1593,0
15232583557797166,120927,40,1410,1593,0
15232583562882343,120927,40,1410,1593,0
15232583567968420,120927,40,1410,1593,0
15232583573053866,120927,40,1410,1593,0
15232583578138573,120927,40,1410,1593,0
15232583583224299,120927,40,1410,1593,0
15232583588309396,120927,40,1410,1593,0
15232583593394933,120927,40,1410,1593,0
15232583598479879,120927,40,1410,1593,0
15232583603564876,120927,40,1410,1593,0
15232583608649973,120927,40,1410,1593,0
15232583613735499,120927,40,1410,1593,0
15232583618820086,120927,40,1410,1593,0
15232583623906303,120927,40,1410,1593,0
15232583628991269,120927,40,1410,1593,0
15232583634075786,120927,40,1410,1593,0
15232583639160713,120927,40,1410,1593,0
15232583644225639,120927,40,1410,1593,0
15232583649310016,120927,40,1410,1593,0
15232583654394932,120927,40,1410,1593,0
15232583659480349,120927,40,1410,1593,0
15232583664566316,121132,40,1410,1593,0
15232583669652342,121132,40,1410,1593,0
15232583674737869,121132,40,1410,1593,0
15232583679823166,121132,40,1410,1593,0
15232583684908452,121132,40,1410,1593,0
15232583689993329,121132,40,1410,1593,0
15232583695085206,121132,40,1410,1593,0
15232583700169592,121132,40,1410,1593,0
15232583705254669,121132,40,1410,1593,0
15232583710339785,121132,40,1410,1593,0
15232583715424942,121132,40,1410,1593,0
15232583720489679,121132,40,1410,1593,0
15232583725557095,121132,40,1410,1593,0
15232583730642572,121132,40,1410,1593,0
15232583735728069,121132,40,1410,1593,0
15232583740812885,121132,40,1410,1593,0
15232583745898332,121132,40,1410,1593,0
15232583750983839,121132,40,1410,1593,0
15232583756068495,121132,40,1410,1593,0
15232583761152722,120802,40,1410,1593,0
15232583766238059,120802,40,1410,1593,0
15232583771323275,120802,40,1410,1593,0
15232583776407612,120802,40,1410,1593,0
15232583781493068,120802,40,1410,1593,0
15232583786578145,120802,40,1410,1593,0
15232583791664682,120802,40,1410,1593,0
15232583796749978,120802,40,1410,1593,0
15232583801835205,120802,40,1410,1593,0
15232583806921542,120802,40,1410,1593,0
15232583812012948,120802,40,1410,1593,0
15232583817098375,120802,40,1410,1593,0
15232583822183522,120802,40,1410,1593,0
15232583827268808,120802,40,1410,1593,0
15232583832354095,120802,40,1410,1593,0
15232583837439381,120802,40,1410,1593,0
15232583842524358,120802,40,1410,1593,0
15232583847610615,120802,40,1410,1593,0
15232583852696511,120802,40,1410,1593,0
15232583857782368,120802,40,1410,1593,0
15232583862867525,121258,40,1410,1593,0
15232583867953461,121258,40,1410,1593,0
15232583873038598,121258,40,1410,1593,0
15232583878124045,121258,40,1410,1593,0
15232583883275501,121258,40,1410,1593,0
15232583888360298,121258,40,1410,1593,0
15232583893445595,121258,40,1410,1593,0
15232583898530951,121258,40,1410,1593,0
15232583903615918,121258,40,1410,1593,0
15232583908700635,121258,40,1410,1593,0
15232583913786101,121258,40,1410,1593,0
15232583918870998,121258,40,1410,1593,0
15232583923955815,121258,40,1410,1593,0
15232583929040871,121258,40,1410,1593,0
15232583934126258,121258,40,1410,1593,0
15232583939211224,121258,40,1410,1593,0
15232583944316751,121258,40,1410,1593,0
15232583949400748,121258,40,1410,1593,0
15232583954485254,121258,40,1410,1593,0
15232583959570391,121258,40,1410,1593,0
15232583964655638,120927,40,1410,1593,0
15232583969740984,120927,40,1410,1593,0
15232583974825191,120927,40,1410,1593,0
15232583979910608,120927,40,1410,1593,0
15232583984996734,120927,40,1410,1593,0
15232583990091691,120927,40,1410,1593,0
15232583995177047,120927,40,1410,1593,0
15232584000263414,120927,40,1410,1593,0
15232584005348111,120927,40,1410,1593,0
15232584010432877,120927,40,1410,1593,0
15232584015517854,120927,40,1410,1593,0
15232584020602781,120927,40,1410,1593,0
15232584025687747,120927,40,1410,1593,0
15232584030772904,120927,40,1410,1593,0
15232584035857811,120927,40,1410,1593,0
15232584040951407,120927,40,1410,1593,0
15232584046036194,120927,40,1410,1593,0
15232584051120991,120927,40,1410,1593,0
15232584056205727,120927,40,1410,1593,0
15232584061290714,121258,40,1410,1593,0
15232584066376391,121258,40,1410,1593,0
15232584071461067,121258,40,1410,1593,0
15232584076545694,121258,40,1410,1593,0
15232584081630670,121258,40,1410,1593,0
15232584086715747,121258,40,1410,1593,0
15232584091800944,121258,40,1410,1593,0
15232584096886090,121258,40,1410,1593,0
15232584101971077,121258,40,1410,1593,0
15232584107056234,121258,40,1410,1593,0
15232584112140710,121258,40,1410,1593,0
15232584117225537,121258,40,1410,1593,0
15232584122310033,121258,40,1410,1593,0
15232584127394970,121258,40,1410,1593,0
15232584132480717,121258,40,1410,1593,0
15232584137564903,121258,40,1410,1593,0
15232584142649170,121258,40,1410,1593,0
15232584147734417,121258,40,1410,1593,0
15232584152819713,121258,40,1410,1593,0
15232584157905130,121258,40,1410,1593,0
15232584162990327,120802,40,1410,1593,0
15232584168076143,120802,40,1410,1593,0
15232584173161830,120802,40,1410,1593,0
15232584178237787,120802,40,1410,1593,0
15232584183320183,120802,40,1410,1593,0
15232584188405840,120802,40,1410,1593,0
15232584193491227,120802,40,1410,1593,0
15232584198576653,120802,40,1410,1593,0
15232584203661930,120802,40,1410,1593,0
15232584208747266,120802,40,1410,1593,0
15232584213833253,120802,40,1410,1593,0
15232584218918810,120802,40,1410,1593,0
15232584224012076,120802,40,1410,1593,0
15232584229097053,120802,40,1410,1593,0
15232584234181820,120802,40,1410,1593,0
15232584239267096,120802,40,1410,1593,0
15232584244351523,120802,40,1410,1593,0
15232584249437010,120802,40,1410,1593,0
15232584254522176,120802,40,1410,1593,0
15232584259607043,120802,40,1410,1593,0
15232584264692019,120927,40,1410,1593,0
15232584269777376,120927,40,1410,1593,0
15232584274862313,120927,40,1410,1593,0
15232584279947749,120927,40,1410,1593,0
15232584285032426,120927,40,1410,1593,0
15232584290117243,120927,40,1410,1593,0
15232584295202279,120927,40,1410,1593,0
15232584300286926,120927,40,1410,1593,0
15232584305372083,120927,40,1410,1593,0
15232584310456539,120927,40,1410,1593,0
15232584315541836,120927,40,1410,1593,0
15232584320626873,120927,40,1410,1593,0
15232584325712139,120927,40,1410,1593,0
15232584330796946,120927,40,1410,1593,0
15232584335882512,120927,40,1410,1593,0
15232584340967989,120927,40,1410,1593,0
15232584346021616,120927,40,1410,1593,0
15232584351103712,120927,40,1410,1593,0
15232584356188999,120927,40,1410,1593,0
15232584361273776,121258,40,1410,1593,0
15232584366339442,121258,40,1410,1593,0
15232584371421379,121258,40,1410,1593,0
15232584376507405,121258,40,1410,1593,0
15232584381593372,121258,40,1410,1593,0
15232584386679159,121258,40,1410,1593,0
15232584391764315,121258,40,1410,1593,0
15232584396849862,121258,40,1410,1593,0
15232584401935689,121258,40,1410,1593,0
15232584407021255,121258,40,1410,1593,0
15232584412106342,121258,40,1410,1593,0
15232584417192169,121258,40,1410,1593,0
15232584422277505,121258,40,1410,1593,0
15232584427362792,121258,40,1410,1593,0
15232584432448329,121258,40,1410,1593,0
15232584437533835,121258,40,1410,1593,0
15232584442619562,121258,40,1410,1593,0
15232584447705478,121258,40,1410,1593,0
15232584452790565,121258,40,1410,1593,0
15232584457875592,121258,40,1410,1593,0
15232584462960968,121132,40,1410,1593,0
15232584468046815,121132,40,1410,1593,0
15232584473133312,121132,40,1410,1593,0
15232584478218818,121132,40,1410,1593,0
15232584483304565,121132,40,1410,1593,0
15232584488393172,121132,40,1410,1593,0
15232584493477848,121132,40,1410,1593,0
15232584498562915,121132,40,1410,1593,0
15232584503649022,121132,40,1410,1593,0
15232584508734668,121132,40,1410,1593,0
15232584513820075,121132,40,1410,1593,0
15232584518904791,121132,40,1410,1593,0
15232584523990398,121132,40,1410,1593,0
15232584529075135,121132,40,1410,1593,0
15232584534160031,121132,40,1410,1593,0
15232584539244888,121132,40,1410,1593,0
15232584544330285,121132,40,1410,1593,0
15232584549416041,121132,40,1410,1593,0
15232584554500918,121132,40,1410,1593,0
15232584559585875,121132,40,1410,1593,0
15232584564671781,120927,40,1410,1593,0
15232584569757868,120927,40,1410,1593,0
15232584574843644,120927,40,1410,1593,0
15232584579928751,120927,40,1410,1593,0
15232584585017028,120927,40,1410,1593,0
15232584590102714,120927,40,1410,1593,0
15232584595188271,120927,40,1410,1593,0
15232584600273038,120927,40,1410,1593,0
15232584605358534,120927,40,1410,1593,0
15232584610444051,120927,40,1410,1593,0
15232584615529008,120927,40,1410,1593,0
15232584620614094,120927,40,1410,1593,0
15232584625700051,120927,40,1410,1593,0
15232584630785518,120927,40,1410,1593,0
15232584635870854,120927,40,1410,1593,0
15232584640956051,120927,40,1410,1593,0
15232584646008218,120927,40,1410,1593,0
15232584651089894,120927,40,1410,1593,0
15232584656175831,120927,40,1410,1593,0
15232584661261497,120927,40,1410,1593,0
15232584666346774,120927,40,1410,1593,0
15232584671432981,120927,40,1410,1593,0
15232584676518027,120927,40,1410,1593,0
15232584681602494,120927,40,1410,1593,0
15232584686687611,120927,40,1410,1593,0
15232584691779627,120927,40,1410,1593,0
15232584696864684,120927,40,1410,1593,0
15232584701949680,120927,40,1410,1593,0
15232584707034277,120927,40,1410,1593,0
15232584712119554,120927,40,1410,1593,0
15232584717204210,120927,40,1410,1593,0
15232584722288687,120927,40,1410,1593,0
15232584727373374,120927,40,1410,1593,0
15232584732458420,120927,40,1410,1593,0
15232584737543247,120927,40,1410,1593,0
15232584742627544,120927,40,1410,1593,0
15232584747712120,120927,40,1410,1593,0
15232584752797197,120927,40,1410,1593,0
15232584757882514,120927,40,1410,1593,0
15232584762967750,121258,40,1410,1593,0
15232584768052847,121258,40,1410,1593,0
15232584773138194,121258,40,1410,1593,0
15232584778223730,121258,40,1410,1593,0
15232584783308617,121258,40,1410,1593,0
15232584788393423,121258,40,1410,1593,0
15232584793478750,121258,40,1410,1593,0
15232584798564137,121258,40,1410,1593,0
15232584803649183,121258,40,1410,1593,0
15232584808734500,121258,40,1410,1593,0
15232584813819457,121258,40,1410,1593,0
15232584818886763,121258,40,1410,1593,0
15232584823970390,121258,40,1410,1593,0
15232584829056006,121258,40,1410,1593,0
15232584834141133,121258,40,1410,1593,0
15232584839225850,121258,40,1410,1593,0
15232584844311056,121258,40,1410,1593,0
15232584849396573,121258,40,1410,1593,0
15232584854481290,121258,40,1410,1593,0
15232584859567206,121258,40,1410,1593,0
15232584867304216,121258,40,1410,1593,0
15232584872389273,121258,40,1410,1593,0
15232584877474870,121258,40,1410,1593,0
15232584882559666,121258,40,1410,1593,0
15232584887644603,121258,40,1410,1593,0
15232584892729830,121258,40,1410,1593,0
15232584897814786,121258,40,1410,1593,0
15232584902899793,121258,40,1410,1593,0
15232584907974490,121258,40,1410,1593,0
15232584913056716,121258,40,1410,1593,0
15232584918141183,121258,40,1410,1593,0
15232584923225669,121258,40,1410,1593,0
15232584928310416,121258,40,1410,1593,0
15232584933394993,121258,40,1410,1593,0
15232584938480059,121258,40,1410,1593,0
15232584943564946,121258,40,1410,1593,0
15232584948650453,121258,40,1410,1593,0
15232584953734979,121258,40,1410,1593,0
15232584958820316,121258,40,1410,1593,0
15232584963906113,121258,40,1410,1593,0
15232584968991989,121258,40,1410,1593,0
15232584974076806,121258,40,1410,1593,0
15232584979162413,121258,40,1410,1593,0
15232584984247539,121258,40,1410,1593,0
15232584989332876,121258,40,1410,1593,0
15232584994417802,121258,40,1410,1593,0
15232584999502869,121258,40,1410,1593,0
15232585004588366,121258,40,1410,1593,0
15232585009674322,121258,40,1410,1593,0
15232585014759829,121258,40,1410,1593,0
15232585019845236,121258,40,1410,1593,0
15232585024930862,121258,40,1410,1593,0
15232585030018039,121258,40,1410,1593,0
15232585035103666,121258,40,1410,1593,0
15232585040189122,121258,40,1410,1593,0
15232585045274339,121258,40,1410,1593,0
15232585050359716,121258,40,1410,1593,0
15232585055435682,121258,40,1410,1593,0
15232585060518589,121258,40,1410,1593,0
15232585065605015,121258,40,1410,1593,0
15232585070690882,121258,40,1410,1593,0
15232585075762029,121258,40,1410,1593,0
15232585080847085,121258,40,1410,1593,0
15232585085932652,121258,40,1410,1593,0
15232585091019219,121258,40,1410,1593,0
15232585096104365,121258,40,1410,1593,0
15232585101189032,121258,40,1410,1593,0
15232585106274399,121258,40,1410,1593,0
15232585111359625,121258,40,1410,1593,0
15232585116444842,121258,40,1410,1593,0
15232585121529619,121258,40,1410,1593,0
15232585126614955,121258,40,1410,1593,0
15232585131700112,121258,40,1410,1593,0
15232585136785258,121258,40,1410,1593,0
15232585141870705,121258,40,1410,1593,0
15232585146946432,121258,40,1410,1593,0
15232585152028388,121258,40,1410,1593,0
15232585157113915,121258,40,1410,1593,0
15232585162199192,121258,40,1410,1593,0
15232585167284698,120927,40,1410,1593,0
15232585172371065,120927,40,1410,1593,0
15232585177456081,120927,40,1410,1593,0
15232585182540988,120927,40,1410,1593,0
15232585187626805,120927,40,1410,1593,0
15232585192712271,120927,40,1410,1593,0
15232585197797888,120927,40,1410,1593,0
15232585202883135,120927,40,1410,1593,0
15232585207968391,120927,40,1410,1593,0
15232585213053978,120927,40,1410,1593,0
15232585218139405,120927,40,1410,1593,0
15232585223224441,120927,40,1410,1593,0
15232585228309398,120927,40,1410,1593,0
15232585233394845,120927,40,1410,1593,0
15232585238479471,120927,40,1410,1593,0
15232585243564498,120927,40,1410,1593,0
15232585248648995,120927,40,1410,1593,0
15232585253734531,120927,40,1410,1593,0
15232585258819438,120927,40,1410,1593,0
15232585263904544,121258,40,1410,1593,0
15232585268990301,121258,40,1410,1593,0
15232585274074568,121258,40,1410,1593,0
15232585279159374,121258,40,1410,1593,0
15232585284244401,121258,40,1410,1593,0
15232585289329098,121258,40,1410,1593,0
15232585294414144,121258,40,1410,1593,0
15232585299499251,121258,40,1410,1593,0
15232585304583698,121258,40,1410,1593,0
15232585309668624,121258,40,1410,1593,0
15232585314753731,121258,40,1410,1593,0
15232585319838597,121258,40,1410,1593,0
15232585324923534,121258,40,1410,1593,0
15232585330011311,121258,40,1410,1593,0
15232585335096657,121258,40,1410,1593,0
15232585340182284,121258,40,1410,1593,0
15232585345273621,121258,40,1410,1593,0
15232585350359237,121258,40,1410,1593,0
15232585355444594,121258,40,1410,1593,0
15232585360530091,121258,40,1410,1593,0
15232585365616087,121258,40,1410,1593,0
15232585370701674,121258,40,1410,1593,0
15232585375787201,121258,40,1410,1593,0
15232585380872527,121258,40,1410,1593,0
15232585385958304,121258,40,1410,1593,0
15232585391043890,121258,40,1410,1593,0
15232585396129297,121258,40,1410,1593,0
15232585401213784,121258,40,1410,1593,0
15232585406298840,121258,40,1410,1593,0
15232585411383727,121258,40,1410,1593,0
15232585416468834,121258,40,1410,1593,0
15232585421553980,121258,40,1410,1593,0
15232585426638717,121258,40,1410,1593,0
15232585431724334,121258,40,1410,1593,0
15232585436809340,121258,40,1410,1593,0
15232585441894867,121258,40,1410,1593,0
15232585446956793,121258,40,1410,1593,0
15232585452038200,121258,40,1410,1593,0
15232585457122807,121258,40,1410,1593,0
15232585462208353,121258,40,1410,1593,0
15232585467293870,121258,40,1410,1593,0
15232585472379047,121258,40,1410,1593,0
15232585477463783,121258,40,1410,1593,0
15232585482548920,121258,40,1410,1593,0
15232585487634307,121258,40,1410,1593,0
15232585492719803,121258,40,1410,1593,0
15232585497804810,121258,40,1410,1593,0
15232585502889717,121258,40,1410,1593,0
15232585507975013,121258,40,1410,1593,0
15232585513060150,121258,40,1410,1593,0
15232585518145106,121258,40,1410,1593,0
15232585523229893,121258,40,1410,1593,0
15232585528314790,121258,40,1410,1593,0
15232585533401086,121258,40,1410,1593,0
15232585538486063,121258,40,1410,1593,0
15232585543570960,121258,40,1410,1593,0
15232585548656406,121258,40,1410,1593,0
15232585553741843,121258,40,1410,1593,0
15232585558827190,121258,40,1410,1593,0
15232585563911726,120927,40,1410,1593,0
15232585568997623,120927,40,1410,1593,0
15232585574090200,120927,40,1410,1593,0
15232585579175396,120927,40,1410,1593,0
15232585584261033,120927,40,1410,1593,0
15232585589346239,120927,40,1410,1593,0
15232585594431306,120927,40,1410,1593,0
15232585599516193,120927,40,1410,1593,0
15232585604601229,120927,40,1410,1593,0
15232585609686236,120927,40,1410,1593,0
15232585614771193,120927,40,1410,1593,0
15232585619856609,120927,40,1410,1593,0
15232585624943326,120927,40,1410,1593,0
15232585630028913,120927,40,1410,1593,0
15232585635114269,120927,40,1410,1593,0
15232585640199446,120927,40,1410,1593,0
15232585645284343,120927,40,1410,1593,0
15232585650370019,120927,40,1410,1593,0
15232585655455366,120927,40,1410,1593,0
15232585660540982,120927,40,1410,1593,0
15232585665626469,120927,40,1410,1593,0
15232585670712336,120927,40,1410,1593,0
15232585675797582,120927,40,1410,1593,0
15232585680883439,120927,40,1410,1593,0
15232585685968656,120927,40,1410,1593,0
15232585691054452,120927,40,1410,1593,0
15232585696140019,120927,40,1410,1593,0
15232585701225186,120927,40,1410,1593,0
15232585706310352,120927,40,1410,1593,0
15232585711396329,120927,40,1410,1593,0
15232585716482015,120927,40,1410,1593,0
15232585721567312,120927,40,1410,1593,0
15232585726652669,120927,40,1410,1593,0
15232585731738295,120927,40,1410,1593,0
15232585736823222,120927,40,1410,1593,0
15232585741908409,120927,40,1410,1593,0
15232585746969545,120927,40,1410,1593,0
15232585752050972,120927,40,1410,1593,0
15232585757135989,120927,40,1410,1593,0
15232585762220725,121258,40,1410,1593,0
15232585767306002,121258,40,1410,1593,0
15232585772390918,121258,40,1410,1593,0
15232585777476055,121258,40,1410,1593,0
15232585782561712,121258,40,1410,1593,0
15232585787647078,121258,40,1410,1593,0
15232585792731775,121258,40,1410,1593,0
15232585797817152,121258,40,1410,1593,0
15232585802902378,121258,40,1410,1593,0
15232585807988095,121258,40,1410,1593,0
15232585813072962,121258,40,1410,1593,0
15232585818158068,121258,40,1410,1593,0
15232585823243295,121258,40,1410,1593,0
15232585828328012,121258,40,1410,1593,0
15232585833412448,121258,40,1410,1593,0
15232585838498345,121258,40,1410,1593,0
15232585843583952,121258,40,1410,1593,0
15232585848659068,121258,40,1410,1593,0
15232585853740675,121258,40,1410,1593,0
15232585858825701,121258,40,1410,1593,0
15232585863910928,120927,40,1410,1593,0
15232585868996345,120927,40,1410,1593,0
15232585874090361,120927,40,1410,1593,0
15232585879175248,120927,40,1410,1593,0
15232585884260605,120927,40,1410,1593,0
15232585889345191,120927,40,1410,1593,0
15232585894430568,120927,40,1410,1593,0
15232585899515764,120927,40,1410,1593,0
15232585904600731,120927,40,1410,1593,0
15232585909686028,120927,40,1410,1593,0
15232585914771154,120927,40,1410,1593,0
15232585919856941,120927,40,1410,1593,0
15232585924941888,120927,40,1410,1593,0
15232585930028714,120927,40,1410,1593,0
15232585935113621,120927,40,1410,1593,0
15232585940198628,120927,40,1410,1593,0
15232585945283624,120927,40,1410,1593,0
15232585950369151,120927,40,1410,1593,0
15232585955453898,120927,40,1410,1593,0
15232585960538794,121258,40,1410,1593,0
15232585965624351,121258,40,1410,1593,0
15232585970710128,121258,40,1410,1593,0
15232585975795664,121258,40,1410,1593,0
15232585980880651,121258,40,1410,1593,0
15232585985965947,121258,40,1410,1593,0
15232585991052334,121258,40,1410,1593,0
15232585996143421,121258,40,1410,1593,0
15232586001228397,121258,40,1410,1593,0
15232586006313284,121258,40,1410,1593,0
15232586011398501,121258,40,1410,1593,0
15232586016483427,121258,40,1410,1593,0
15232586021568144,121258,40,1410,1593,0
15232586026653051,121258,40,1410,1593,0
15232586031738017,121258,40,1410,1593,0
15232586036823064,121258,40,1410,1593,0
15232586041907740,121258,40,1410,1593,0
15232586046971457,121258,40,1410,1593,0
15232586052056314,121258,40,1410,1593,0
15232586057141350,121258,40,1410,1593,0
15232586062226727,120927,40,1410,1593,0
15232586067312134,120927,40,1410,1593,0
15232586072397100,120927,40,1410,1593,0
15232586077481757,120927,40,1410,1593,0
15232586082566334,120927,40,1410,1593,0
15232586087651480,120927,40,1410,1593,0
15232586092736877,120927,40,1410,1593,0
15232586097822184,120927,40,1410,1593,0
15232586102908170,120927,40,1410,1593,0
15232586107993987,120927,40,1410,1593,0
15232586113087563,120927,40,1410,1593,0
15232586118173040,120927,40,1410,1593,0
15232586123258187,120927,40,1410,1593,0
15232586128343553,120927,40,1410,1593,0
15232586133428880,120927,40,1410,1593,0
15232586138514287,120927,40,1410,1593,0
15232586143599843,120927,40,1410,1593,0
15232586148675940,120927,40,1410,1593,0
15232586153758347,120927,40,1410,1593,0
15232586158843943,120927,40,1410,1593,0
15232586163930590,120927,40,1410,1593,0
15232586169017276,120927,40,1410,1593,0
15232586174103003,120927,40,1410,1593,0
15232586179188220,120927,40,1410,1593,0
15232586184273136,120927,40,1410,1593,0
15232586189358883,120927,40,1410,1593,0
15232586194444300,120927,40,1410,1593,0
15232586199529696,120927,40,1410,1593,0
15232586204615033,120927,40,1410,1593,0
15232586209699920,120927,40,1410,1593,0
15232586214785196,120927,40,1410,1593,0
15232586219870403,120927,40,1410,1593,0
15232586224955680,120927,40,1410,1593,0
15232586230041136,120927,40,1410,1593,0
15232586235127003,120927,40,1410,1593,0
15232586240212150,120927,40,1410,1593,0
15232586245296996,120927,40,1410,1593,0
15232586250381793,120927,40,1410,1593,0
15232586255467139,120927,40,1410,1593,0
15232586260552306,121258,40,1410,1593,0
15232586265638293,121258,40,1410,1593,0
15232586270723969,121258,40,1410,1593,0
15232586275809746,121258,40,1410,1593,0
15232586280895453,121258,40,1410,1593,0
15232586285981089,121258,40,1410,1593,0
15232586291066666,121258,40,1410,1593,0
15232586296152462,121258,40,1410,1593,0
15232586301237589,121258,40,1410,1593,0
15232586306322836,121258,40,1410,1593,0
15232586311407822,121258,40,1410,1593,0
15232586316493049,121258,40,1410,1593,0
15232586321578966,121258,40,1410,1593,0
15232586326665052,121258,40,1410,1593,0
15232586331750919,121258,40,1410,1593,0
15232586336836166,121258,40,1410,1593,0
15232586341921482,121258,40,1410,1593,0
15232586347010289,121258,40,1410,1593,0
15232586352095876,121258,40,1410,1593,0
15232586357181952,121258,40,1410,1593,0
15232586362267919,120802,40,1410,1593,0
15232586367354016,120802,40,1410,1593,0
15232586372439622,120802,40,1410,1593,0
15232586377524929,120802,40,1410,1593,0
15232586382610275,120802,40,1410,1593,0
15232586387695652,120802,40,1410,1593,0
15232586392781959,120802,40,1410,1593,0
15232586397867755,120802,40,1410,1593,0
15232586402953012,120802,40,1410,1593,0
15232586408037789,120802,40,1410,1593,0
15232586413123045,120802,40,1410,1593,0
15232586418208092,120802,40,1410,1593,0
15232586423293379,120802,40,1410,1593,0
15232586428378315,120802,40,1410,1593,0
15232586433462792,120802,40,1410,1593,0
15232586438547189,120802,40,1410,1593,0
15232586443632645,120802,40,1410,1593,0
15232586448708132,120802,40,1410,1593,0
15232586453790478,120802,40,1410,1593,0
15232586458876265,120802,40,1410,1593,0
15232586463963822,121258,40,1410,1593,0
15232586469048908,121258,40,1410,1593,0
15232586474134115,121258,40,1410,1593,0
15232586479218632,121258,40,1410,1593,0
15232586484303618,121258,40,1410,1593,0
15232586489389005,121258,40,1410,1593,0
15232586494475032,121258,40,1410,1593,0
15232586499559638,121258,40,1410,1593,0
15232586504644735,121258,40,1410,1593,0
15232586509730221,121258,40,1410,1593,0
15232586514815258,121258,40,1410,1593,0
15232586519900425,121258,40,1410,1593,0
15232586524986031,121258,40,1410,1593,0
15232586530071168,121258,40,1410,1593,0
15232586535155865,121258,40,1410,1593,0
15232586540241091,121258,40,1410,1593,0
15232586545325948,121258,40,1410,1593,0
15232586550411045,121258,40,1410,1593,0
15232586555496171,121258,40,1410,1593,0
15232586560580868,120927,40,1410,1593,0
15232586565666444,120927,40,1410,1593,0
15232586570751781,120927,40,1410,1593,0
15232586575837098,120927,40,1410,1593,0
15232586580922274,120927,40,1410,1593,0
15232586586009751,120927,40,1410,1593,0
15232586591094598,120927,40,1410,1593,0
15232586596179354,120927,40,1410,1593,0
15232586601263931,120927,40,1410,1593,0
15232586606348988,120927,40,1410,1593,0
15232586611433994,120927,40,1410,1593,0
15232586616519141,120927,40,1410,1593,0
15232586621604338,120927,40,1410,1593,0
15232586626689654,120927,40,1410,1593,0
15232586631774731,120927,40,1410,1593,0
15232586636859688,120927,40,1410,1593,0
15232586641944934,120927,40,1410,1593,0
15232586647037191,120927,40,1410,1593,0
15232586652122697,120927,40,1410,1593,0
15232586657208234,120927,40,1410,1593,0
15232586662293161,121258,40,1410,1593,0
15232586667378597,121258,40,1410,1593,0
15232586672463884,121258,40,1410,1593,0
15232586677549271,121258,40,1410,1593,0
15232586682634767,121258,40,1410,1593,0
15232586687719954,121258,40,1410,1593,0
15232586692804821,121258,40,1410,1593,0
15232586697890247,121258,40,1410,1593,0
15232586702975424,121258,40,1410,1593,0
15232586708060561,121258,40,1410,1593,0
15232586713145627,121258,40,1410,1593,0
15232586718231194,121258,40,1410,1593,0
15232586723316280,121258,40,1410,1593,0
15232586728401797,121258,40,1410,1593,0
15232586733486804,121258,40,1410,1593,0
15232586738572290,121258,40,1410,1593,0
15232586743658417,121258,40,1410,1593,0
15232586748723094,121258,40,1410,1593,0
15232586753807100,121258,40,1410,1593,0
15232586758892477,121258,40,1410,1593,0
15232586763977504,120802,40,1410,1593,0
15232586769062660,120802,40,1410,1593,0
15232586774147567,120802,40,1410,1593,0
15232586779233153,120802,40,1410,1593,0
15232586784317730,120802,40,1410,1593,0
15232586789402157,120802,40,1410,1593,0
15232586794487413,120802,40,1410,1593,0
15232586799572790,120802,40,1410,1593,0
15232586804657827,120802,40,1410,1593,0
15232586809743113,120802,40,1410,1593,0
15232586814828140,120802,40,1410,1593,0
15232586819914197,120802,40,1410,1593,0
15232586824999143,120802,40,1410,1593,0
15232586830091220,120802,40,1410,1593,0
15232586835175807,120802,40,1410,1593,0
15232586840260753,120802,40,1410,1593,0
15232586845346170,120802,40,1410,1593,0
15232586850431176,120802,40,1410,1593,0
15232586855516873,120802,40,1410,1593,0
15232586860601690,120802,40,1410,1593,0
15232586865687086,121258,40,1410,1593,0
15232586870772933,121258,40,1410,1593,0
15232586875858670,121258,40,1410,1593,0
15232586880943256,121258,40,1410,1593,0
15232586886029203,121258,40,1410,1593,0
15232586891114470,121258,40,1410,1593,0
15232586896199666,121258,40,1410,1593,0
15232586901284673,121258,40,1410,1593,0
15232586906370199,121258,40,1410,1593,0
15232586911455306,121258,40,1410,1593,0
15232586916540433,121258,40,1410,1593,0
15232586921625539,121258,40,1410,1593,0
15232586926710956,121258,40,1410,1593,0
15232586931795903,121258,40,1410,1593,0
15232586936881299,121258,40,1410,1593,0
15232586941966186,121258,40,1410,1593,0
15232586947051353,121258,40,1410,1593,0
15232586952136899,121258,40,1410,1593,0
15232586957221346,121258,40,1410,1593,0
15232586962307003,121258,40,1410,1593,0
15232586967392939,121258,40,1410,1593,0
15232586972478286,121258,40,1410,1593,0
15232586977563702,121258,40,1410,1593,0
15232586982649119,121258,40,1410,1593,0
15232586987734566,121258,40,1410,1593,0
15232586992820282,121258,40,1410,1593,0
15232586997905719,121258,40,1410,1593,0
15232587002991096,121258,40,1410,1593,0
15232587008076022,121258,40,1410,1593,0
15232587013160969,121258,40,1410,1593,0
15232587018246386,121258,40,1410,1593,0
15232587023330882,121258,40,1410,1593,0
15232587028415849,121258,40,1410,1593,0
15232587033500795,121258,40,1410,1593,0
15232587038585922,121258,40,1410,1593,0
15232587043670399,121258,40,1410,1593,0
15232587048734055,121258,40,1410,1593,0
15232587053819042,121258,40,1410,1593,0
15232587058904569,121258,40,1410,1593,0
15232587063989505,121258,40,1410,1593,0
15232587069075022,121258,40,1410,1593,0
15232587074160149,121258,40,1410,1593,0
15232587079244965,121258,40,1410,1593,0
15232587084329832,121258,40,1410,1593,0
15232587089414929,121258,40,1410,1593,0
15232587094499995,121258,40,1410,1593,0
15232587099584882,121258,40,1410,1593,0
15232587104669279,121258,40,1410,1593,0
15232587109753905,121258,40,1410,1593,0
15232587114839072,121258,40,1410,1593,0
15232587119924158,121258,40,1410,1593,0
15232587125009805,121258,40,1410,1593,0
15232587130094462,121258,40,1410,1593,0
15232587135180188,121258,40,1410,1593,0
15232587140264665,121258,40,1410,1593,0
15232587145349192,121258,40,1410,1593,0
15232587150434508,121258,40,1410,1593,0
15232587155519705,121258,40,1410,1593,0
15232587160604391,121258,40,1410,1593,0
15232587165689588,121258,40,1410,1593,0
15232587170774915,121258,40,1410,1593,0
15232587175860121,121258,40,1410,1593,0
15232587180945188,121258,40,1410,1593,0
15232587186029725,121258,40,1410,1593,0
15232587191114611,121258,40,1410,1593,0
15232587196199888,121258,40,1410,1593,0
15232587201285095,121258,40,1410,1593,0
15232587206369681,121258,40,1410,1593,0
15232587211454468,121258,40,1410,1593,0
15232587216539685,121258,40,1410,1593,0
15232587221625101,121258,40,1410,1593,0
15232587226710538,121258,40,1410,1593,0
15232587231795835,121258,40,1410,1593,0
15232587236880421,121258,40,1410,1593,0
15232587241966378,121258,40,1410,1593,0
15232587247051524,121258,40,1410,1593,0
15232587252137111,121258,40,1410,1593,0
15232587257222218,121258,40,1410,1593,0
15232587262307364,120927,40,1410,1593,0
15232587267392781,120927,40,1410,1593,0
15232587272477658,120927,40,1410,1593,0
15232587277562634,120927,40,1410,1593,0
15232587282648101,120927,40,1410,1593,0
15232587287734158,120927,40,1410,1593,0
15232587292819974,120927,40,1410,1593,0
15232587297913721,120927,40,1410,1593,0
15232587302999127,120927,40,1410,1593,0
15232587308091004,120927,40,1410,1593,0
15232587313176001,120927,40,1410,1593,0
15232587318261287,120927,40,1410,1593,0
15232587323346714,120927,40,1410,1593,0
15232587328432431,120927,40,1410,1593,0
15232587333517827,120927,40,1410,1593,0
15232587338603084,120927,40,1410,1593,0
15232587343689251,120927,40,1410,1593,0
15232587348752817,120927,40,1410,1593,0
15232587353838064,120927,40,1410,1593,0
15232587358924131,120927,40,1410,1593,0
15232587364010257,121258,40,1410,1593,0
15232587369095504,121258,40,1410,1593,0
15232587374181150,121258,40,1410,1593,0
15232587379266117,121258,40,1410,1593,0
15232587384352154,121258,40,1410,1593,0
15232587389437820,121258,40,1410,1593,0
15232587394523407,121258,40,1410,1593,0
15232587399609014,121258,40,1410,1593,0
15232587404694040,121258,40,1410,1593,0
15232587409779387,121258,40,1410,1593,0
15232587414864814,121258,40,1410,1593,0
15232587419951300,121258,40,1410,1593,0
15232587425036187,121258,40,1410,1593,0
15232587430121043,121258,40,1410,1593,0
15232587435321320,121258,40,1410,1593,0
15232587440406327,121258,40,1410,1593,0
15232587445490714,121258,40,1410,1593,0
15232587450566620,121258,40,1410,1593,0
15232587455648837,121258,40,1410,1593,0
15232587460723873,121258,40,1410,1593,0
15232587465806150,120927,40,1410,1593,0
15232587470891457,120927,40,1410,1593,0
15232587475976423,120927,40,1410,1593,0
15232587481060960,120927,40,1410,1593,0
15232587486145547,120927,40,1410,1593,0
15232587491230413,120927,40,1410,1593,0
15232587496315130,120927,40,1410,1593,0
15232587501399877,120927,40,1410,1593,0
15232587506484413,120927,40,1410,1593,0
15232587511569540,120927,40,1410,1593,0
15232587516654867,120927,40,1410,1593,0
15232587521739763,120927,40,1410,1593,0
15232587526824420,120927,40,1410,1593,0
15232587531909986,120927,40,1410,1593,0
15232587536995323,120927,40,1410,1593,0
15232587542090300,120927,40,1410,1593,0
15232587547176116,120927,40,1410,1593,0
15232587552262173,120927,40,1410,1593,0
15232587557347280,120927,40,1410,1593,0
15232587562431856,121258,40,1410,1593,0
15232587567517883,121258,40,1410,1593,0
15232587572603400,121258,40,1410,1593,0
15232587577688466,121258,40,1410,1593,0
15232587582773453,121258,40,1410,1593,0
15232587587859269,121258,40,1410,1593,0
15232587592945306,121258,40,1410,1593,0
15232587598030293,121258,40,1410,1593,0
15232587603115209,121258,40,1410,1593,0
15232587608199476,121258,40,1410,1593,0
15232587613283833,121258,40,1410,1593,0
15232587618369059,121258,40,1410,1593,0
15232587623454186,121258,40,1410,1593,0
15232587628539063,121258,40,1410,1593,0
15232587633623709,121258,40,1410,1593,0
15232587638708626,121258,40,1410,1593,0
15232587643793543,121258,40,1410,1593,0
15232587648899869,121258,40,1410,1593,0
15232587653984156,121258,40,1410,1593,0
15232587659069403,121258,40,1410,1593,0
15232587664154369,121258,40,1410,1593,0
15232587669239286,121258,40,1410,1593,0
15232587674324272,121258,40,1410,1593,0
15232587679410269,121258,40,1410,1593,0
15232587684496306,121258,40,1410,1593,0
15232587689581152,121258,40,1410,1593,0
15232587694666409,121258,40,1410,1593,0
15232587699751796,121258,40,1410,1593,0
15232587704837782,121258,40,1410,1593,0
15232587709923019,121258,40,1410,1593,0
15232587715011246,121258,40,1410,1593,0
15232587720096622,121258,40,1410,1593,0
15232587725181179,121258,40,1410,1593,0
15232587730265745,121258,40,1410,1593,0
15232587735350372,121258,40,1410,1593,0
15232587740435379,121258,40,1410,1593,0
15232587745520465,121258,40,1410,1593,0
15232587750596892,121258,40,1410,1593,0
15232587755679039,121258,40,1410,1593,0
15232587760764215,121258,40,1410,1593,0
15232587765849542,121258,40,1410,1593,0
15232587770936619,121258,40,1410,1593,0
15232587776023785,121258,40,1410,1593,0
15232587781109342,121258,40,1410,1593,0
15232587786194459,121258,40,1410,1593,0
15232587791280265,121258,40,1410,1593,0
15232587796365332,121258,40,1410,1593,0
15232587801449828,121258,40,1410,1593,0
15232587806534855,121258,40,1410,1593,0
15232587811619822,121258,40,1410,1593,0
15232587816705168,121258,40,1410,1593,0
15232587821790505,121258,40,1410,1593,0
15232587826876092,121258,40,1410,1593,0
15232587831949678,121258,40,1410,1593,0
15232587837033555,121258,40,1410,1593,0
15232587842119552,121258,40,1410,1593,0
15232587847318818,121258,40,1410,1593,0
15232587852403495,121258,40,1410,1593,0
15232587857487902,121258,40,1410,1593,0
15232587862572878,121258,40,1410,1593,0
15232587867658335,121258,40,1410,1593,0
15232587872743942,121258,40,1410,1593,0
15232587877828958,121258,40,1410,1593,0
15232587882913695,121258,40,1410,1593,0
15232587887999061,121258,40,1410,1593,0
15232587893094428,121258,40,1410,1593,0
15232587898179175,121258,40,1410,1593,0
15232587903263621,121258,40,1410,1593,0
15232587908348908,121258,40,1410,1593,0
15232587913433385,121258,40,1410,1593,0
15232587918517981,121258,40,1410,1593,0
15232587923602578,121258,40,1410,1593,0
15232587928687505,121258,40,1410,1593,0
15232587933772791,121258,40,1410,1593,0
15232587938857658,121258,40,1410,1593,0
15232587943942715,121258,40,1410,1593,0
15232587949033431,121258,40,1410,1593,0
15232587954119608,121258,40,1410,1593,0
15232587959205105,121258,40,1410,1593,0
15232587964289771,120927,40,1410,1593,0
15232587969375768,120927,40,1410,1593,0
15232587974461464,120927,40,1410,1593,0
15232587979546481,120927,40,1410,1593,0
15232587984631338,120927,40,1410,1593,0
15232587989717064,120927,40,1410,1593,0
15232587994803271,120927,40,1410,1593,0
15232587999888988,120927,40,1410,1593,0
15232588004974544,120927,40,1410,1593,0
15232588010059531,120927,40,1410,1593,0
15232588015144988,120927,40,1410,1593,0
15232588020230334,120927,40,1410,1593,0
15232588025315521,120927,40,1410,1593,0
15232588030401037,120927,40,1410,1593,0
15232588035486464,120927,40,1410,1593,0
15232588040572151,120927,40,1410,1593,0
15232588045657277,120927,40,1410,1593,0
15232588050733484,120927,40,1410,1593,0
15232588055815951,120927,40,1410,1593,0
15232588060902157,121258,40,1410,1593,0
15232588065988094,121258,40,1410,1593,0
15232588071073851,121258,40,1410,1593,0
15232588076158847,121258,40,1410,1593,0
15232588081244044,121258,40,1410,1593,0
15232588086329911,121258,40,1410,1593,0
15232588091415127,121258,40,1410,1593,0
15232588096500884,121258,40,1410,1593,0
15232588101586330,121258,40,1410,1593,0
15232588106671807,121258,40,1410,1593,0
15232588111756764,121258,40,1410,1593,0
15232588116842280,121258,40,1410,1593,0
15232588121927917,121258,40,1410,1593,0
15232588127013124,121258,40,1410,1593,0
15232588132098360,121258,40,1410,1593,0
15232588137183947,121258,40,1410,1593,0
15232588142268854,121258,40,1410,1593,0
15232588147354090,121258,40,1410,1593,0
15232588152439297,121258,40,1410,1593,0
15232588157524663,121258,40,1410,1593,0
15232588162610200,121132,40,1410,1593,0
15232588167695997,121132,40,1410,1593,0
15232588172780723,121132,40,1410,1593,0
15232588177848760,121132,40,1410,1593,0
15232588182933867,121132,40,1410,1593,0
15232588188019333,121132,40,1410,1593,0
15232588193103950,121132,40,1410,1593,0
15232588198189737,121132,40,1410,1593,0
15232588203274893,121132,40,1410,1593,0
15232588208360500,121132,40,1410,1593,0
15232588213445537,121132,40,1410,1593,0
15232588218531383,121132,40,1410,1593,0
15232588223616580,121132,40,1410,1593,0
15232588228701806,121132,40,1410,1593,0
15232588233786563,121132,40,1410,1593,0
15232588238871700,121132,40,1410,1593,0
15232588243957116,121132,40,1410,1593,0
15232588249041823,121132,40,1410,1593,0
15232588254127450,121132,40,1410,1593,0
15232588259213206,121132,40,1410,1593,0
15232588264298793,121258,40,1410,1593,0
15232588269384180,121258,40,1410,1593,0
15232588274469336,121258,40,1410,1593,0
15232588279555003,121258,40,1410,1593,0
15232588284640319,121258,40,1410,1593,0
15232588289725526,121258,40,1410,1593,0
15232588294811113,121258,40,1410,1593,0
15232588299895679,121258,40,1410,1593,0
15232588304980586,121258,40,1410,1593,0
15232588310065493,121258,40,1410,1593,0
15232588315150469,121258,40,1410,1593,0
15232588320235076,121258,40,1410,1593,0
15232588325320373,121258,40,1410,1593,0
15232588330405209,121258,40,1410,1593,0
15232588335490026,121258,40,1410,1593,0
15232588340574513,121258,40,1410,1593,0
15232588345659669,121258,40,1410,1593,0
15232588350724666,121258,40,1410,1593,0
15232588355809222,121258,40,1410,1593,0
15232588360893679,121258,40,1410,1593,0
15232588365978936,121258,40,1410,1593,0
15232588371065222,121258,40,1410,1593,0
15232588376150699,121258,40,1410,1593,0
15232588381235566,121258,40,1410,1593,0
15232588386320612,121258,40,1410,1593,0
15232588391406059,121258,40,1410,1593,0
15232588396491266,121258,40,1410,1593,0
15232588401577602,121258,40,1410,1593,0
15232588406663049,121258,40,1410,1593,0
15232588411749085,121258,40,1410,1593,0
15232588416834972,121258,40,1410,1593,0
15232588421920039,121258,40,1410,1593,0
15232588427012355,121258,40,1410,1593,0
15232588432096892,121258,40,1410,1593,0
15232588437181969,121258,40,1410,1593,0
15232588442267685,121258,40,1410,1593,0
15232588447353402,121258,40,1410,1593,0
15232588452438729,121258,40,1410,1593,0
15232588457523325,121258,40,1410,1593,0
15232588462607912,121258,40,1410,1593,0
15232588467694089,121258,40,1410,1593,0
15232588472779205,121258,40,1410,1593,0
15232588477864412,121258,40,1410,1593,0
15232588482949999,121258,40,1410,1593,0
15232588488037085,121258,40,1410,1593,0
15232588493122132,121258,40,1410,1593,0
15232588498207418,121258,40,1410,1593,0
15232588503294095,121258,40,1410,1593,0
15232588508379072,121258,40,1410,1593,0
15232588513464048,121258,40,1410,1593,0
15232588518548965,121258,40,1410,1593,0
15232588523635242,121258,40,1410,1593,0
15232588528719888,121258,40,1410,1593,0
15232588533804675,121258,40,1410,1593,0
15232588538889591,121258,40,1410,1593,0
15232588543974708,121258,40,1410,1593,0
15232588549059735,121258,40,1410,1593,0
15232588554144671,121258,40,1410,1593,0
15232588559229048,121258,40,1410,1593,0
15232588564313635,121258,40,1410,1593,0
15232588569398611,121258,40,1410,1593,0
15232588574483648,121258,40,1410,1593,0
15232588579568515,121258,40,1410,1593,0
15232588584653511,121258,40,1410,1593,0
15232588589739338,121258,40,1410,1593,0
15232588594824665,121258,40,1410,1593,0
15232588599917671,121258,40,1410,1593,0
15232588605009898,121258,40,1410,1593,0
15232588610094925,121258,40,1410,1593,0
15232588615180801,121258,40,1410,1593,0
15232588620265798,121258,40,1410,1593,0
15232588625350814,121258,40,1410,1593,0
15232588630436411,121258,40,1410,1593,0
15232588635521448,121258,40,1410,1593,0
15232588640606774,121258,40,1410,1593,0
15232588645692011,121258,40,1410,1593,0
15232588650756008,121258,40,1410,1593,0
15232588655840774,121258,40,1410,1593,0
15232588660926701,121258,40,1410,1593,0
15232588666013308,121258,40,1410,1593,0
15232588671099344,121258,40,1410,1593,0
15232588676184311,121258,40,1410,1593,0
15232588681269578,121258,40,1410,1593,0
15232588686355464,121258,40,1410,1593,0
15232588691440621,121258,40,1410,1593,0
15232588696525507,121258,40,1410,1593,0
15232588701611304,121258,40,1410,1593,0
15232588706696591,121258,40,1410,1593,0
15232588711782027,121258,40,1410,1593,0
15232588716867134,121258,40,1410,1593,0
15232588721952511,121258,40,1410,1593,0
15232588727037877,121258,40,1410,1593,0
15232588732122784,121258,40,1410,1593,0
15232588737208301,121258,40,1410,1593,0
15232588742294747,121258,40,1410,1593,0
15232588747380904,121258,40,1410,1593,0
15232588752466090,121258,40,1410,1593,0
15232588757550767,121258,40,1410,1593,0
15232588762636124,121258,40,1410,1593,0
15232588767704990,121258,40,1410,1593,0
15232588772790907,121258,40,1410,1593,0
15232588777876764,121258,40,1410,1593,0
15232588782962330,121258,40,1410,1593,0
15232588788047647,121258,40,1410,1593,0
15232588793133114,121258,40,1410,1593,0
15232588798217740,121258,40,1410,1593,0
15232588803302657,121258,40,1410,1593,0
15232588808387734,121258,40,1410,1593,0
15232588813472380,121258,40,1410,1593,0
15232588818557417,121258,40,1410,1593,0
15232588823642573,121258,40,1410,1593,0
15232588828727900,121258,40,1410,1593,0
15232588833813697,121258,40,1410,1593,0
15232588838898573,121258,40,1410,1593,0
15232588843983550,121258,40,1410,1593,0
15232588849058137,121258,40,1410,1593,0
15232588854142843,121258,40,1410,1593,0
15232588859227980,121258,40,1410,1593,0
15232588864312997,120802,40,1410,1593,0
15232588869398393,120802,40,1410,1593,0
15232588874482810,120802,40,1410,1593,0
15232588879567426,120802,40,1410,1593,0
15232588884652603,120802,40,1410,1593,0
15232588889737960,120802,40,1410,1593,0
15232588894823846,120802,40,1410,1593,0
15232588899909193,120802,40,1410,1593,0
15232588904994290,120802,40,1410,1593,0
15232588910088046,120802,40,1410,1593,0
15232588915172973,120802,40,1410,1593,0
15232588920257550,120802,40,1410,1593,0
15232588925342546,120802,40,1410,1593,0
15232588930427973,120802,40,1410,1593,0
15232588935512940,120802,40,1410,1593,0
15232588940597346,120802,40,1410,1593,0
15232588945681973,120802,40,1410,1593,0
15232588950745679,120802,40,1410,1593,0
15232588955830226,120802,40,1410,1593,0
15232588960915333,120802,40,1410,1593,0
15232588966007399,121258,40,1410,1593,0
15232588971092446,121258,40,1410,1593,0
15232588976176913,121258,40,1410,1593,0
15232588981261539,121258,40,1410,1593,0
15232588986345836,121258,40,1410,1593,0
15232588991430943,121258,40,1410,1593,0
15232588996515839,121258,40,1410,1593,0
15232589001600406,121258,40,1410,1593,0
15232589006684862,121258,40,1410,1593,0
15232589011770129,121258,40,1410,1593,0
15232589016855266,121258,40,1410,1593,0
15232589021941302,121258,40,1410,1593,0
15232589027028289,121258,40,1410,1593,0
15232589032113756,121258,40,1410,1593,0
15232589037198912,121258,40,1410,1593,0
15232589042283809,121258,40,1410,1593,0
15232589047369186,121258,40,1410,1593,0
15232589052444812,121258,40,1410,1593,0
15232589057527159,121258,40,1410,1593,0
15232589062612396,121258,40,1410,1593,0
15232589067697462,121258,40,1410,1593,0
15232589072782809,121258,40,1410,1593,0
15232589077868345,121258,40,1410,1593,0
15232589082953592,121258,40,1410,1593,0
15232589088038209,121258,40,1410,1593,0
15232589093123465,121258,40,1410,1593,0
15232589098208512,121258,40,1410,1593,0
15232589103293899,121258,40,1410,1593,0
15232589108379555,121258,40,1410,1593,0
15232589113464882,121258,40,1410,1593,0
15232589118550499,121258,40,1410,1593,0
15232589123635895,121258,40,1410,1593,0
15232589128711962,121258,40,1410,1593,0
15232589133793878,121258,40,1410,1593,0
15232589138879395,121258,40,1410,1593,0
15232589143964672,121258,40,1410,1593,0
15232589149050008,121258,40,1410,1593,0
15232589154135725,121258,40,1410,1593,0
15232589159221222,121258,40,1410,1593,0
15232589164306228,121132,40,1410,1593,0
15232589169391805,121132,40,1410,1593,0
15232589174476972,121132,40,1410,1593,0
15232589179562768,121132,40,1410,1593,0
15232589184648705,121132,40,1410,1593,0
15232589189734382,121132,40,1410,1593,0
15232589194819998,121132,40,1410,1593,0
15232589199905745,121132,40,1410,1593,0
15232589204991232,121132,40,1410,1593,0
15232589210076128,121132,40,1410,1593,0
15232589215161245,121132,40,1410,1593,0
15232589220246501,121132,40,1410,1593,0
15232589225332508,121132,40,1410,1593,0
15232589230417965,121132,40,1410,1593,0
15232589235503981,121132,40,1410,1593,0
15232589240589148,121132,40,1410,1593,0
15232589245674715,121132,40,1410,1593,0
15232589250767671,121132,40,1410,1593,0
15232589255853408,121132,40,1410,1593,0
15232589260938864,121258,40,1410,1593,0
15232589266024771,121258,40,1410,1593,0
15232589271110828,121258,40,1410,1593,0
15232589276349585,121258,40,1410,1593,0
15232589281435061,121258,40,1410,1593,0
15232589286520148,121258,40,1410,1593,0
15232589291605125,121258,40,1410,1593,0
15232589296690131,121258,40,1410,1593,0
15232589301775118,121258,40,1410,1593,0
15232589306860345,121258,40,1410,1593,0
15232589311945391,121258,40,1410,1593,0
15232589317032118,121258,40,1410,1593,0
15232589322117414,121258,40,1410,1593,0
15232589327202481,121258,40,1410,1593,0
15232589332288208,121258,40,1410,1593,0
15232589337372994,121258,40,1410,1593,0
15232589342458271,121258,40,1410,1593,0
15232589347543208,121258,40,1410,1593,0
15232589352618694,121258,40,1410,1593,0
15232589357700861,121258,40,1410,1593,0
15232589362785618,120927,40,1410,1593,0
15232589367871224,120927,40,1410,1593,0
15232589372956451,120927,40,1410,1593,0
15232589378041288,120927,40,1410,1593,0
15232589383125984,120927,40,1410,1593,0
15232589388210891,120927,40,1410,1593,0
15232589393295237,120927,40,1410,1593,0
15232589398379764,120927,40,1410,1593,0
15232589403465161,120927,40,1410,1593,0
15232589408550347,120927,40,1410,1593,0
15232589413636104,120927,40,1410,1593,0
15232589418721031,120927,40,1410,1593,0
15232589423805647,120927,40,1410,1593,0
15232589428890804,120927,40,1410,1593,0
15232589433976441,120927,40,1410,1593,0
15232589439061997,120927,40,1410,1593,0
15232589444147154,120927,40,1410,1593,0
15232589449232400,120927,40,1410,1593,0
15232589454317987,120927,40,1410,1593,0
15232589459402354,120927,40,1410,1593,0
15232589464487390,121258,40,1410,1593,0
15232589469572627,121258,40,1410,1593,0
15232589474658054,121258,40,1410,1593,0
15232589479743550,121258,40,1410,1593,0
15232589484828717,121258,40,1410,1593,0
15232589489913974,121258,40,1410,1593,0
15232589494998890,121258,40,1410,1593,0
15232589500090157,121258,40,1410,1593,0
15232589505174784,121258,40,1410,1593,0
15232589510259410,121258,40,1410,1593,0
15232589515344457,121258,40,1410,1593,0
15232589520429083,121258,40,1410,1593,0
15232589525514160,121258,40,1410,1593,0
15232589530598777,121258,40,1410,1593,0
15232589535683983,121258,40,1410,1593,0
15232589540768900,121258,40,1410,1593,0
15232589545853837,121258,40,1410,1593,0
15232589550938083,121258,40,1410,1593,0
15232589556024860,121258,40,1410,1593,0
15232589561109297,120927,40,1410,1593,0
15232589566194263,120927,40,1410,1593,0
15232589571279580,120927,40,1410,1593,0
15232589576364566,120927,40,1410,1593,0
15232589581449383,120927,40,1410,1593,0
15232589586534940,120927,40,1410,1593,0
15232589591620366,120927,40,1410,1593,0
15232589596705763,120927,40,1410,1593,0
15232589601776620,120927,40,1410,1593,0
15232589606862536,120927,40,1410,1593,0
15232589611947853,120927,40,1410,1593,0
15232589617033330,120927,40,1410,1593,0
15232589622119776,120927,40,1410,1593,0
15232589627204643,120927,40,1410,1593,0
15232589632289560,120927,40,1410,1593,0
15232589637374936,120927,40,1410,1593,0
15232589642460173,120927,40,1410,1593,0
15232589647545200,120927,40,1410,1593,0
15232589652621336,120927,40,1410,1593,0
15232589657703713,120927,40,1410,1593,0
15232589662789279,121258,40,1410,1593,0
15232589667875196,121258,40,1410,1593,0
15232589672961353,121258,40,1410,1593,0
15232589678047649,121258,40,1410,1593,0
15232589683132426,121258,40,1410,1593,0
15232589688217293,121258,40,1410,1593,0
15232589693302279,121258,40,1410,1593,0
15232589698386936,121258,40,1410,1593,0
15232589703471922,121258,40,1410,1593,0
15232589708557429,121258,40,1410,1593,0
15232589713641976,121258,40,1410,1593,0
15232589718727262,121258,40,1410,1593,0
15232589723812349,121258,40,1410,1593,0
15232589728897716,121258,40,1410,1593,0
15232589733983262,121258,40,1410,1593,0
15232589739069059,121258,40,1410,1593,0
15232589744153676,121258,40,1410,1593,0
15232589749238512,121258,40,1410,1593,0
15232589754323129,121258,40,1410,1593,0
15232589759408306,121258,40,1410,1593,0
15232589764493472,120927,40,1410,1593,0
15232589769578659,120927,40,1410,1593,0
15232589774664726,120927,40,1410,1593,0
15232589779749492,120927,40,1410,1593,0
15232589784835089,120927,40,1410,1593,0
15232589789921775,120927,40,1410,1593,0
15232589795009692,120927,40,1410,1593,0
15232589800094419,120927,40,1410,1593,0
15232589805179685,120927,40,1410,1593,0
15232589810264032,120927,40,1410,1593,0
15232589815348279,120927,40,1410,1593,0
15232589820432825,120927,40,1410,1593,0
15232589825499822,120927,40,1410,1593,0
15232589830585778,120927,40,1410,1593,0
15232589835670485,120927,40,1410,1593,0
15232589840755052,120927,40,1410,1593,0
15232589845839718,120927,40,1410,1593,0
15232589850915685,120927,40,1410,1593,0
15232589855997372,120927,40,1410,1593,0
15232589861089888,120927,40,1410,1593,0
15232589866175165,120927,40,1410,1593,0
15232589871260062,120927,40,1410,1593,0
15232589876345018,120927,40,1410,1593,0
15232589881429825,120927,40,1410,1593,0
15232589886514062,120927,40,1410,1593,0
15232589891599078,120927,40,1410,1593,0
15232589896683975,120927,40,1410,1593,0
15232589901774952,120927,40,1410,1593,0
15232589906859388,120927,40,1410,1593,0
15232589911944855,120927,40,1410,1593,0
15232589917030061,120927,40,1410,1593,0
15232589922115478,120927,40,1410,1593,0
15232589927200195,120927,40,1410,1593,0
15232589932285161,120927,40,1410,1593,0
15232589937369558,120927,40,1410,1593,0
15232589942454315,120927,40,1410,1593,0
15232589947539171,120927,40,1410,1593,0
15232589952604348,120927,40,1410,1593,0
15232589957689874,120927,40,1410,1593,0
15232589962775291,121132,40,1410,1593,0
15232589967860568,121132,40,1410,1593,0
15232589972946034,121132,40,1410,1593,0
15232589978030941,121132,40,1410,1593,0
15232589983116098,121132,40,1410,1593,0
15232589988201184,121132,40,1410,1593,0
15232589993286271,121132,40,1410,1593,0
15232589998371348,121132,40,1410,1593,0
15232590003456474,121132,40,1410,1593,0
15232590008540951,121132,40,1410,1593,0
15232590013625858,121132,40,1410,1593,0
15232590018711034,121132,40,1410,1593,0
15232590023797141,121132,40,1410,1593,0
15232590028882247,121132,40,1410,1593,0
15232590033967604,121132,40,1410,1593,0
15232590039052321,121132,40,1410,1593,0
15232590044137227,121132,40,1410,1593,0
15232590049221744,121132,40,1410,1593,0
15232590054306321,121132,40,1410,1593,0
15232590059391357,121132,40,1410,1593,0
15232590064476444,120927,40,1410,1593,0
15232590069562181,120927,40,1410,1593,0
15232590074647357,120927,40,1410,1593,0
15232590079732474,120927,40,1410,1593,0
15232590084817841,120927,40,1410,1593,0
15232590089903847,120927,40,1410,1593,0
15232590094989384,120927,40,1410,1593,0
15232590100076530,120927,40,1410,1593,0
15232590105161877,120927,40,1410,1593,0
15232590110246654,120927,40,1410,1593,0
15232590115331210,120927,40,1410,1593,0
15232590120415987,120927,40,1410,1593,0
15232590125501274,120927,40,1410,1593,0
15232590130585770,120927,40,1410,1593,0
15232590135670437,120927,40,1410,1593,0
15232590140755784,120927,40,1410,1593,0
15232590145841570,120927,40,1410,1593,0
15232590150926697,120927,40,1410,1593,0
15232590156012414,120927,40,1410,1593,0
15232590161081740,121258,40,1410,1593,0
15232590166167127,121258,40,1410,1593,0
15232590171252253,121258,40,1410,1593,0
15232590176337620,121258,40,1410,1593,0
15232590181423147,121258,40,1410,1593,0
15232590186509013,121258,40,1410,1593,0
15232590191594320,121258,40,1410,1593,0
15232590196679597,121258,40,1410,1593,0
15232590201764613,121258,40,1410,1593,0
15232590206849830,121258,40,1410,1593,0
15232590211934867,121258,40,1410,1593,0
15232590217019943,121258,40,1410,1593,0
15232590222105040,121258,40,1410,1593,0
15232590227190267,121258,40,1410,1593,0
15232590232276263,121258,40,1410,1593,0
15232590237361670,121258,40,1410,1593,0
15232590242447366,121258,40,1410,1593,0
15232590247532683,121258,40,1410,1593,0
15232590252596730,121258,40,1410,1593,0
15232590257681076,121258,40,1410,1593,0
15232590262765773,120927,40,1410,1593,0
15232590267851640,120927,40,1410,1593,0
15232590272937856,120927,40,1410,1593,0
15232590278023203,120927,40,1410,1593,0
15232590283108179,120927,40,1410,1593,0
15232590288193056,120927,40,1410,1593,0
15232590293277753,120927,40,1410,1593,0
15232590298362849,120927,40,1410,1593,0
15232590303447626,120927,40,1410,1593,0
15232590308533423,120927,40,1410,1593,0
15232590313618829,120927,40,1410,1593,0
15232590318703856,120927,40,1410,1593,0
15232590323788323,120927,40,1410,1593,0
15232590328873249,120927,40,1410,1593,0
15232590333958806,120927,40,1410,1593,0
15232590339043483,120927,40,1410,1593,0
15232590344128189,120927,40,1410,1593,0
15232590349212776,120927,40,1410,1593,0
15232590354297502,120927,40,1410,1593,0
15232590359382329,120927,40,1410,1593,0
15232590364467046,121258,40,1410,1593,0
15232590369552792,121258,40,1410,1593,0
15232590374638449,121258,40,1410,1593,0
15232590379724606,121258,40,1410,1593,0
15232590384809502,121258,40,1410,1593,0
15232590389894539,121258,40,1410,1593,0
15232590394980016,121258,40,1410,1593,0
15232590400065082,121258,40,1410,1593,0
15232590405150259,121258,40,1410,1593,0
15232590410235845,121258,40,1410,1593,0
15232590415321672,121258,40,1410,1593,0
15232590420407209,121258,40,1410,1593,0
15232590425492155,121258,40,1410,1593,0
15232590430577092,121258,40,1410,1593,0
15232590435662759,121258,40,1410,1593,0
15232590440747715,121258,40,1410,1593,0
15232590445832982,121258,40,1410,1593,0
15232590450917999,121258,40,1410,1593,0
15232590456012805,121258,40,1410,1593,0
15232590461098282,121258,40,1410,1593,0
15232590466184009,121258,40,1410,1593,0
15232590471269685,121258,40,1410,1593,0
15232590476355182,121258,40,1410,1593,0
15232590481440519,121258,40,1410,1593,0
15232590486525465,121258,40,1410,1593,0
15232590491610152,121258,40,1410,1593,0
15232590496695628,121258,40,1410,1593,0
15232590501781785,121258,40,1410,1593,0
15232590506867492,121258,40,1410,1593,0
15232590511952888,121258,40,1410,1593,0
15232590517038025,121258,40,1410,1593,0
15232590522122722,121258,40,1410,1593,0
15232590527207528,121258,40,1410,1593,0
15232590532292095,121258,40,1410,1593,0
15232590537376972,121258,40,1410,1593,0
15232590542461848,121258,40,1410,1593,0
15232590547546105,121258,40,1410,1593,0
15232590552649121,121258,40,1410,1593,0
15232590557734428,121258,40,1410,1593,0
15232590562819255,120802,40,1410,1593,0
15232590567905031,120802,40,1410,1593,0
15232590572990288,120802,40,1410,1593,0
15232590578076395,120802,40,1410,1593,0
15232590583161551,120802,40,1410,1593,0
15232590588246448,120802,40,1410,1593,0
15232590593331425,120802,40,1410,1593,0
15232590598416351,120802,40,1410,1593,0
15232590603501718,120802,40,1410,1593,0
15232590608587115,120802,40,1410,1593,0
15232590613671871,120802,40,1410,1593,0
15232590618756628,120802,40,1410,1593,0
15232590623842095,120802,40,1410,1593,0
15232590628927741,120802,40,1410,1593,0
15232590634013098,120802,40,1410,1593,0
15232590639097754,120802,40,1410,1593,0
15232590644182271,120802,40,1410,1593,0
15232590649267088,120802,40,1410,1593,0
15232590654342434,120802,40,1410,1593,0
15232590659423751,120802,40,1410,1593,0
15232590664508868,121258,40,1410,1593,0
15232590669594554,121258,40,1410,1593,0
15232590674679821,121258,40,1410,1593,0
15232590679765217,121258,40,1410,1593,0
15232590684851054,121258,40,1410,1593,0
15232590689936401,121258,40,1410,1593,0
15232590695021497,121258,40,1410,1593,0
15232590700107094,121258,40,1410,1593,0
15232590705192591,121258,40,1410,1593,0
15232590710276977,121258,40,1410,1593,0
15232590715362154,121258,40,1410,1593,0
15232590720447031,121258,40,1410,1593,0
15232590725532367,121258,40,1410,1593,0
15232590730617344,121258,40,1410,1593,0
15232590735702661,121258,40,1410,1593,0
15232590740788307,121258,40,1410,1593,0
15232590745874094,121258,40,1410,1593,0
15232590750959161,121258,40,1410,1593,0
15232590756045837,121258,40,1410,1593,0
15232590761130614,121258,40,1410,1593,0
15232590766215880,121258,40,1410,1593,0
15232590771301067,121258,40,1410,1593,0
15232590776386534,121258,40,1410,1593,0
15232590781471290,121258,40,1410,1593,0
15232590786556297,121258,40,1410,1593,0
15232590791641474,121258,40,1410,1593,0
15232590796726380,121258,40,1410,1593,0
15232590801811897,121258,40,1410,1593,0
15232590806896944,121258,40,1410,1593,0
15232590811982370,121258,40,1410,1593,0
15232590817067077,121258,40,1410,1593,0
15232590822151633,121258,40,1410,1593,0
15232590827236160,121258,40,1410,1593,0
15232590832321227,121258,40,1410,1593,0
15232590837405693,121258,40,1410,1593,0
15232590842490650,121258,40,1410,1593,0
15232590847575037,121258,40,1410,1593,0
15232590852660593,121258,40,1410,1593,0
15232590857746180,121258,40,1410,1593,0
15232590862831977,121132,40,1410,1593,0
15232590867917803,121132,40,1410,1593,0
15232590873015160,121132,40,1410,1593,0
15232590878100237,121132,40,1410,1593,0
15232590883184973,121132,40,1410,1593,0
15232590888269890,121132,40,1410,1593,0
15232590893354947,121132,40,1410,1593,0
15232590898440243,121132,40,1410,1593,0
15232590903525710,121132,40,1410,1593,0
15232590908610536,121132,40,1410,1593,0
15232590913695703,121132,40,1410,1593,0
15232590918780660,121132,40,1410,1593,0
15232590923865516,121132,40,1410,1593,0
15232590928950753,121132,40,1410,1593,0
15232590934035920,121132,40,1410,1593,0
15232590939120366,121132,40,1410,1593,0
15232590944204923,121132,40,1410,1593,0
15232590949290149,121132,40,1410,1593,0
15232590954365606,121132,40,1410,1593,0
15232590959447463,121132,40,1410,1593,0
15232590964532149,121132,40,1410,1593,0
15232590969617236,121132,40,1410,1593,0
15232590974702563,121132,40,1410,1593,0
15232590979788419,121132,40,1410,1593,0
15232590984874156,121132,40,1410,1593,0
15232590989959453,121132,40,1410,1593,0
15232590995044999,121132,40,1410,1593,0
15232591000130506,121132,40,1410,1593,0
15232591005215363,121132,40,1410,1593,0
15232591010300239,121132,40,1410,1593,0
15232591015385026,121132,40,1410,1593,0
15232591020470793,121132,40,1410,1593,0
15232591025556659,121132,40,1410,1593,0
15232591030641976,121132,40,1410,1593,0
15232591035727552,121132,40,1410,1593,0
15232591040813009,121132,40,1410,1593,0
15232591045898456,121132,40,1410,1593,0
15232591050983712,121132,40,1410,1593,0
15232591056068579,121132,40,1410,1593,0
15232591061153666,120927,40,1410,1593,0
15232591066239232,120927,40,1410,1593,0
15232591071324569,120927,40,1410,1593,0
15232591076410036,120927,40,1410,1593,0
15232591081495482,120927,40,1410,1593,0
15232591086580429,120927,40,1410,1593,0
15232591091665695,120927,40,1410,1593,0
15232591096750222,120927,40,1410,1593,0
15232591101835149,120927,40,1410,1593,0
15232591106920395,120927,40,1410,1593,0
15232591112012152,120927,40,1410,1593,0
15232591117097099,120927,40,1410,1593,0
15232591122182095,120927,40,1410,1593,0
15232591127267162,120927,40,1410,1593,0
15232591132351839,120927,40,1410,1593,0
15232591137436285,120927,40,1410,1593,0
15232591142522082,120927,40,1410,1593,0
15232591147607619,120927,40,1410,1593,0
15232591152692785,120927,40,1410,1593,0
15232591157778042,120927,40,1410,1593,0
15232591162862738,121258,40,1410,1593,0
15232591167948305,121258,40,1410,1593,0
15232591173033222,121258,40,1410,1593,0
15232591178118048,121258,40,1410,1593,0
15232591183202585,121258,40,1410,1593,0
15232591188287532,121258,40,1410,1593,0
15232591193372308,121258,40,1410,1593,0
15232591198456795,121258,40,1410,1593,0
15232591203557332,121258,40,1410,1593,0
15232591208642268,121258,40,1410,1593,0
15232591213727145,121258,40,1410,1593,0
15232591218812221,121258,40,1410,1593,0
15232591223896808,121258,40,1410,1593,0
15232591228981905,121258,40,1410,1593,0
15232591234067121,121258,40,1410,1593,0
15232591239151628,121258,40,1410,1593,0
15232591244236635,121258,40,1410,1593,0
15232591249322341,121258,40,1410,1593,0
15232591254384698,121258,40,1410,1593,0
15232591259466765,121258,40,1410,1593,0
15232591264551681,120927,40,1410,1593,0
15232591269637368,120927,40,1410,1593,0
15232591274723045,120927,40,1410,1593,0
15232591279808231,120927,40,1410,1593,0
15232591284893198,120927,40,1410,1593,0
15232591289978294,120927,40,1410,1593,0
15232591295063931,120927,40,1410,1593,0
15232591300149228,120927,40,1410,1593,0
15232591305233794,120927,40,1410,1593,0
15232591310319161,120927,40,1410,1593,0
15232591315404588,120927,40,1410,1593,0
15232591320470304,120927,40,1410,1593,0
15232591325551721,120927,40,1410,1593,0
15232591330637798,120927,40,1410,1593,0
15232591335724714,120927,40,1410,1593,0
15232591340811031,120927,40,1410,1593,0
15232591345895898,120927,40,1410,1593,0
15232591350980304,120927,40,1410,1593,0
15232591356065481,120927,40,1410,1593,0
15232591361135757,121258,40,1410,1593,0
15232591366220684,121258,40,1410,1593,0
15232591371306501,121258,40,1410,1593,0
15232591376391917,121258,40,1410,1593,0
15232591381477004,121258,40,1410,1593,0
15232591386561791,121258,40,1410,1593,0
15232591391646787,121258,40,1410,1593,0
15232591396732174,121258,40,1410,1593,0
15232591401817930,121258,40,1410,1593,0
15232591406903607,121258,40,1410,1593,0
15232591411988034,121258,40,1410,1593,0
15232591417072850,121258,40,1410,1593,0
15232591422157687,121258,40,1410,1593,0
15232591427242424,121258,40,1410,1593,0
15232591432327440,121258,40,1410,1593,0
15232591437413177,121258,40,1410,1593,0
15232591442498484,121258,40,1410,1593,0
15232591447584300,121258,40,1410,1593,0
15232591452668997,121258,40,1410,1593,0
15232591457755024,121258,40,1410,1593,0
15232591462841020,121258,40,1410,1593,0
15232591467927887,121258,40,1410,1593,0
15232591473013274,121258,40,1410,1593,0
15232591478098570,121258,40,1410,1593,0
15232591483183367,121258,40,1410,1593,0
15232591488268443,121258,40,1410,1593,0
15232591493353430,121258,40,1410,1593,0
15232591498438817,121258,40,1410,1593,0
15232591503524873,121258,40,1410,1593,0
15232591508609840,121258,40,1410,1593,0
15232591513694797,121258,40,1410,1593,0
15232591518780463,121258,40,1410,1593,0
15232591523865770,121258,40,1410,1593,0
15232591528951707,121258,40,1410,1593,0
15232591534037193,121258,40,1410,1593,0
15232591539122580,121258,40,1410,1593,0
15232591544207266,121258,40,1410,1593,0
15232591549292103,121258,40,1410,1593,0
15232591554357540,121258,40,1410,1593,0
15232591559442656,121258,40,1410,1593,0
15232591564528563,120927,40,1410,1593,0
15232591569614360,120927,40,1410,1593,0
15232591574699476,120927,40,1410,1593,0
15232591579785433,120927,40,1410,1593,0
15232591584871010,120927,40,1410,1593,0
15232591589956026,120927,40,1410,1593,0
15232591595040863,120927,40,1410,1593,0
15232591600125940,120927,40,1410,1593,0
15232591605210936,120927,40,1410,1593,0
15232591610295533,120927,40,1410,1593,0
15232591615380369,120927,40,1410,1593,0
15232591620464686,120927,40,1410,1593,0
15232591625549673,120927,40,1410,1593,0
15232591630634599,120927,40,1410,1593,0
15232591635719026,120927,40,1410,1593,0
15232591640803663,120927,40,1410,1593,0
15232591645888569,120927,40,1410,1593,0
15232591650973706,120927,40,1410,1593,0
15232591656058583,120927,40,1410,1593,0
15232591661143829,121258,40,1410,1593,0
15232591666229166,121258,40,1410,1593,0
15232591671314392,121258,40,1410,1593,0
15232591676398719,121258,40,1410,1593,0
15232591681483176,121258,40,1410,1593,0
15232591686567832,121258,40,1410,1593,0
15232591691653319,121258,40,1410,1593,0
15232591696738306,121258,40,1410,1593,0
15232591701829942,121258,40,1410,1593,0
15232591706915269,121258,40,1410,1593,0
15232591712009976,121258,40,1410,1593,0
15232591717095512,121258,40,1410,1593,0
15232591722180029,121258,40,1410,1593,0
15232591727264936,121258,40,1410,1593,0
15232591732349942,121258,40,1410,1593,0
15232591737434379,121258,40,1410,1593,0
15232591742519596,121258,40,1410,1593,0
15232591747604902,121258,40,1410,1593,0
15232591752690139,121258,40,1410,1593,0
15232591757776055,121258,40,1410,1593,0
15232591762862372,121258,40,1410,1593,0
15232591767948289,121258,40,1410,1593,0
15232591773033855,121258,40,1410,1593,0
15232591778119402,121258,40,1410,1593,0
15232591783204489,121258,40,1410,1593,0
15232591788289275,121258,40,1410,1593,0
15232591793374852,121258,40,1410,1593,0
15232591798459349,121258,40,1410,1593,0
15232591803544625,121258,40,1410,1593,0
15232591808629102,121258,40,1410,1593,0
15232591813714328,121258,40,1410,1593,0
15232591818799335,121258,40,1410,1593,0
15232591823884632,121258,40,1410,1593,0
15232591828969818,121258,40,1410,1593,0
15232591834054435,121258,40,1410,1593,0
15232591839140332,121258,40,1410,1593,0
15232591844225168,121258,40,1410,1593,0
15232591849309745,121258,40,1410,1593,0
15232591854381432,121258,40,1410,1593,0
15232591859466148,121258,40,1410,1593,0
15232591864550915,120927,40,1410,1593,0
15232591869636622,120927,40,1410,1593,0
15232591874721968,120927,40,1410,1593,0
15232591879807115,120927,40,1410,1593,0
15232591884892541,120927,40,1410,1593,0
15232591889978218,120927,40,1410,1593,0
15232591895063835,120927,40,1410,1593,0
15232591900148831,120927,40,1410,1593,0
15232591905234598,120927,40,1410,1593,0
15232591910319525,120927,40,1410,1593,0
15232591915404991,120927,40,1410,1593,0
15232591920490518,120927,40,1410,1593,0
15232591925576095,120927,40,1410,1593,0
15232591930662341,120927,40,1410,1593,0
15232591935747828,120927,40,1410,1593,0
15232591940833274,120927,40,1410,1593,0
15232591945918821,120927,40,1410,1593,0
15232591951012308,120927,40,1410,1593,0
15232591956097904,120927,40,1410,1593,0
15232591961182741,121258,40,1410,1593,0
15232591966268458,121258,40,1410,1593,0
15232591971353354,121258,40,1410,1593,0
15232591976438871,121258,40,1410,1593,0
15232591981524368,121258,40,1410,1593,0
15232591986610284,121258,40,1410,1593,0
15232591991696231,121258,40,1410,1593,0
15232591996780968,121258,40,1410,1593,0
15232592001866164,121258,40,1410,1593,0
15232592006951861,121258,40,1410,1593,0
15232592012037307,121258,40,1410,1593,0
15232592017122934,121258,40,1410,1593,0
15232592022207541,121258,40,1410,1593,0
15232592027292747,121258,40,1410,1593,0
15232592032377654,121258,40,1410,1593,0
15232592037462331,121258,40,1410,1593,0
15232592042548187,121258,40,1410,1593,0
15232592047633964,121258,40,1410,1593,0
15232592052719551,121258,40,1410,1593,0
15232592057805037,121258,40,1410,1593,0
15232592062890814,120927,40,1410,1593,0
15232592067977311,120927,40,1410,1593,0
15232592073063377,120927,40,1410,1593,0
15232592078148064,120927,40,1410,1593,0
15232592083233360,120927,40,1410,1593,0
15232592088318337,120927,40,1410,1593,0
15232592093403684,120927,40,1410,1593,0
15232592098489290,120927,40,1410,1593,0
15232592103575167,120927,40,1410,1593,0
15232592108660524,120927,40,1410,1593,0
15232592113745800,120927,40,1410,1593,0
15232592118831067,120927,40,1410,1593,0
15232592123916884,120927,40,1410,1593,0
15232592129009550,120927,40,1410,1593,0
15232592134095427,120927,40,1410,1593,0
15232592139180564,120927,40,1410,1593,0
15232592144266080,120927,40,1410,1593,0
15232592149351487,120927,40,1410,1593,0
15232592154436413,120927,40,1410,1593,0
15232592159522090,120927,40,1410,1593,0
15232592164607637,121258,40,1410,1593,0
15232592169693703,121258,40,1410,1593,0
15232592174779710,121258,40,1410,1593,0
15232592179864437,121258,40,1410,1593,0
15232592184949463,121258,40,1410,1593,0
15232592190035670,121258,40,1410,1593,0
15232592195121277,121258,40,1410,1593,0
15232592200206193,121258,40,1410,1593,0
15232592205290790,121258,40,1410,1593,0
15232592210375577,121258,40,1410,1593,0
15232592215460853,121258,40,1410,1593,0
15232592220545760,121258,40,1410,1593,0
15232592225630736,121258,40,1410,1593,0
15232592230715693,121258,40,1410,1593,0
15232592235801110,121258,40,1410,1593,0
15232592240886186,121258,40,1410,1593,0
15232592245971903,121258,40,1410,1593,0
15232592251057080,121258,40,1410,1593,0
15232592256133356,121258,40,1410,1593,0
15232592261215163,121258,40,1410,1593,0
15232592266300290,121258,40,1410,1593,0
15232592271392186,121258,40,1410,1593,0
15232592276477543,121258,40,1410,1593,0
15232592281562809,121258,40,1410,1593,0
15232592286647576,121258,40,1410,1593,0
15232592291732673,121258,40,1410,1593,0
15232592296817569,121258,40,1410,1593,0
15232592301902606,121258,40,1410,1593,0
15232592306988043,121258,40,1410,1593,0
15232592312072659,121258,40,1410,1593,0
15232592317157106,121258,40,1410,1593,0
15232592322241683,121258,40,1410,1593,0
15232592327326159,121258,40,1410,1593,0
15232592332411556,121258,40,1410,1593,0
15232592337496653,121258,40,1410,1593,0
15232592342581939,121258,40,1410,1593,0
15232592347666986,121258,40,1410,1593,0
15232592352751412,121258,40,1410,1593,0
15232592357836969,121258,40,1410,1593,0
15232592362921896,121258,40,1410,1593,0
15232592368009232,121258,40,1410,1593,0
15232592373093649,121258,40,1410,1593,0
15232592378178186,121258,40,1410,1593,0
15232592383262612,121258,40,1410,1593,0
15232592388346989,121258,40,1410,1593,0
15232592393433036,121258,40,1410,1593,0
15232592398518122,121258,40,1410,1593,0
15232592403593939,121258,40,1410,1593,0
15232592408676455,121258,40,1410,1593,0
15232592413761912,121258,40,1410,1593,0
15232592418846909,121258,40,1410,1593,0
15232592423932125,121258,40,1410,1593,0
15232592429017852,121258,40,1410,1593,0
15232592434102529,121258,40,1410,1593,0
15232592439187295,121258,40,1410,1593,0
15232592444271832,121258,40,1410,1593,0
15232592449356659,121258,40,1410,1593,0
15232592454441785,121258,40,1410,1593,0
15232592459527572,121258,40,1410,1593,0
15232592464612539,121258,40,1410,1593,0
15232592469697625,121258,40,1410,1593,0
15232592474782322,121258,40,1410,1593,0
15232592479867919,121258,40,1410,1593,0
15232592484952945,121258,40,1410,1593,0
15232592490039612,121258,40,1410,1593,0
15232592495124308,121258,40,1410,1593,0
15232592500209085,121258,40,1410,1593,0
15232592505299902,121258,40,1410,1593,0
15232592510384238,121258,40,1410,1593,0
15232592515469235,121258,40,1410,1593,0
15232592520554542,121258,40,1410,1593,0
15232592525639858,121258,40,1410,1593,0
15232592530725055,121258,40,1410,1593,0
15232592535809511,121258,40,1410,1593,0
15232592540894488,121258,40,1410,1593,0
15232592545979715,121258,40,1410,1593,0
15232592551065021,121258,40,1410,1593,0
15232592556127048,121258,40,1410,1593,0
15232592561208685,120927,40,1410,1593,0
15232592566293931,120927,40,1410,1593,0
15232592571379348,120927,40,1410,1593,0
15232592576464205,120927,40,1410,1593,0
15232592581549031,120927,40,1410,1593,0
15232592586633918,120927,40,1410,1593,0
15232592591719195,120927,40,1410,1593,0
15232592596803561,120927,40,1410,1593,0
15232592601888648,120927,40,1410,1593,0
15232592606974035,120927,40,1410,1593,0
15232592612059401,120927,40,1410,1593,0
15232592617144748,120927,40,1410,1593,0
15232592622230084,120927,40,1410,1593,0
15232592627315021,120927,40,1410,1593,0
15232592632399458,120927,40,1410,1593,0
15232592637483994,120927,40,1410,1593,0
15232592642569301,120927,40,1410,1593,0
15232592647654358,120927,40,1410,1593,0
15232592652739354,120927,40,1410,1593,0
15232592657824321,120927,40,1410,1593,0
15232592662909737,121258,40,1410,1593,0
15232592667995804,121258,40,1410,1593,0
15232592673090591,121258,40,1410,1593,0
15232592678175607,121258,40,1410,1593,0
15232592683260614,121258,40,1410,1593,0
15232592688346171,121258,40,1410,1593,0
15232592693431017,121258,40,1410,1593,0
15232592698515584,121258,40,1410,1593,0
15232592703600131,121258,40,1410,1593,0
15232592708685307,121258,40,1410,1593,0
15232592713770104,121258,40,1410,1593,0
15232592718855671,121258,40,1410,1593,0
15232592723940497,121258,40,1410,1593,0
15232592729027624,121258,40,1410,1593,0
15232592734112991,121258,40,1410,1593,0
15232592739198217,121258,40,1410,1593,0
15232592744283844,121258,40,1410,1593,0
15232592749369190,121258,40,1410,1593,0
15232592754455037,121258,40,1410,1593,0
15232592759540854,121258,40,1410,1593,0
15232592764625950,121258,40,1410,1593,0
15232592769711927,121258,40,1410,1593,0
15232592774797444,121258,40,1410,1593,0
15232592779883540,121258,40,1410,1593,0
15232592784969567,121258,40,1410,1593,0
15232592790055274,121258,40,1410,1593,0
15232592795140150,121258,40,1410,1593,0
15232592800225177,121258,40,1410,1593,0
15232592805309873,121258,40,1410,1593,0
15232592810395230,121258,40,1410,1593,0
15232592815480787,121258,40,1410,1593,0
15232592820566403,121258,40,1410,1593,0
15232592825651010,121258,40,1410,1593,0
15232592830736057,121258,40,1410,1593,0
15232592835821193,121258,40,1410,1593,0
15232592840906070,121258,40,1410,1593,0
15232592845990947,121258,40,1410,1593,0
15232592851075573,121258,40,1410,1593,0
15232592856137960,121258,40,1410,1593,0
15232592861219217,121258,40,1410,1593,0
15232592866304603,121258,40,1410,1593,0
15232592871375170,121258,40,1410,1593,0
15232592876460826,121258,40,1410,1593,0
15232592881546493,121258,40,1410,1593,0
15232592886631380,121258,40,1410,1593,0
15232592891716446,121258,40,1410,1593,0
15232592896802473,121258,40,1410,1593,0
15232592901888130,121258,40,1410,1593,0
15232592906974546,121258,40,1410,1593,0
15232592912060193,121258,40,1410,1593,0
15232592917145060,121258,40,1410,1593,0
15232592922229936,121258,40,1410,1593,0
15232592927315143,121258,40,1410,1593,0
15232592932400319,121258,40,1410,1593,0
15232592937485556,121258,40,1410,1593,0
15232592942570903,121258,40,1410,1593,0
15232592947655829,121258,40,1410,1593,0
15232592952740736,121258,40,1410,1593,0
15232592957817053,121258,40,1410,1593,0
15232592962899359,121258,40,1410,1593,0
15232592967986036,121258,40,1410,1593,0
15232592973072273,121258,40,1410,1593,0
15232592978141859,121258,40,1410,1593,0
15232592983226586,121258,40,1410,1593,0
15232592988311302,121258,40,1410,1593,0
15232592993396109,121258,40,1410,1593,0
15232592998481526,121258,40,1410,1593,0
15232593003566802,121258,40,1410,1593,0
15232593008652199,121258,40,1410,1593,0
15232593013736956,121258,40,1410,1593,0
15232593018823282,121258,40,1410,1593,0
15232593023909319,121258,40,1410,1593,0
15232593028994716,121258,40,1410,1593,0
15232593034087782,121258,40,1410,1593,0
15232593039162469,121258,40,1410,1593,0
15232593044244576,121258,40,1410,1593,0
15232593049329752,121258,40,1410,1593,0
15232593054415049,121258,40,1410,1593,0
15232593059501185,121258,40,1410,1593,0
15232593064587262,120927,40,1410,1593,0
15232593069673399,120927,40,1410,1593,0
15232593074759515,120927,40,1410,1593,0
15232593079845172,120927,40,1410,1593,0
15232593084930769,120927,40,1410,1593,0
15232593090017175,120927,40,1410,1593,0
15232593095102212,120927,40,1410,1593,0
15232593100188219,120927,40,1410,1593,0
15232593105273675,120927,40,1410,1593,0
15232593110359052,120927,40,1410,1593,0
15232593115444779,120927,40,1410,1593,0
15232593120530345,120927,40,1410,1593,0
15232593125615602,120927,40,1410,1593,0
15232593130700888,120927,40,1410,1593,0
15232593135785675,120927,40,1410,1593,0
15232593140870942,120927,40,1410,1593,0
15232593145956568,120927,40,1410,1593,0
15232593151041125,120927,40,1410,1593,0
15232593156114522,120927,40,1410,1593,0
15232593161199138,120927,40,1410,1593,0
15232593166284125,120927,40,1410,1593,0
15232593171369052,120927,40,1410,1593,0
15232593176454348,120927,40,1410,1593,0
15232593181539725,120927,40,1410,1593,0
15232593186624932,120927,40,1410,1593,0
15232593191710008,120927,40,1410,1593,0
15232593196795355,120927,40,1410,1593,0
15232593201880251,120927,40,1410,1593,0
15232593206965998,120927,40,1410,1593,0
15232593212050745,120927,40,1410,1593,0
15232593217135651,120927,40,1410,1593,0
15232593222220178,120927,40,1410,1593,0
15232593227305725,120927,40,1410,1593,0
15232593232390551,120927,40,1410,1593,0
15232593237475348,120927,40,1410,1593,0
15232593242560595,120927,40,1410,1593,0
15232593247647351,120927,40,1410,1593,0
15232593252732488,120927,40,1410,1593,0
15232593257808664,120927,40,1410,1593,0
15232593262890621,121258,40,1410,1593,0
15232593267976668,121258,40,1410,1593,0
15232593273061494,121258,40,1410,1593,0
15232593278146561,121258,40,1410,1593,0
15232593283231058,121258,40,1410,1593,0
15232593288316184,121258,40,1410,1593,0
15232593293401801,121258,40,1410,1593,0
15232593298486408,121258,40,1410,1593,0
15232593303571124,121258,40,1410,1593,0
15232593308656891,121258,40,1410,1593,0
15232593313742118,121258,40,1410,1593,0
15232593318827294,121258,40,1410,1593,0
15232593323912731,121258,40,1410,1593,0
15232593328997897,121258,40,1410,1593,0
15232593334091434,121258,40,1410,1593,0
15232593339176271,121258,40,1410,1593,0
15232593344260887,121258,40,1410,1593,0
15232593349346464,121258,40,1410,1593,0
15232593354431861,121258,40,1410,1593,0
15232593359516827,121258,40,1410,1593,0
15232593364601824,120802,40,1410,1593,0
15232593369687281,120802,40,1410,1593,0
15232593374772407,120802,40,1410,1593,0
15232593379857534,120802,40,1410,1593,0
15232593384942840,120802,40,1410,1593,0
15232593390029067,120802,40,1410,1593,0
15232593395114284,120802,40,1410,1593,0
15232593400200200,120802,40,1410,1593,0
15232593405284957,120802,40,1410,1593,0
15232593410370274,120802,40,1410,1593,0
15232593415457280,120802,40,1410,1593,0
15232593420543127,120802,40,1410,1593,0
15232593425629174,120802,40,1410,1593,0
15232593430714630,120802,40,1410,1593,0
15232593435800187,120802,40,1410,1593,0
15232593440885674,120802,40,1410,1593,0
15232593445971680,120802,40,1410,1593,0
15232593451056417,120802,40,1410,1593,0
15232593456142284,120802,40,1410,1593,0
15232593461227380,121258,40,1410,1593,0
15232593466312617,121258,40,1410,1593,0
15232593471397863,121258,40,1410,1593,0
15232593476483150,121258,40,1410,1593,0
15232593481568327,121258,40,1410,1593,0
15232593486654003,121258,40,1410,1593,0
15232593491738780,121258,40,1410,1593,0
15232593496824037,121258,40,1410,1593,0
15232593501909763,121258,40,1410,1593,0
15232593506994910,121258,40,1410,1593,0
15232593512087126,121258,40,1410,1593,0
15232593517172033,121258,40,1410,1593,0
15232593522256650,121258,40,1410,1593,0
15232593527341456,121258,40,1410,1593,0
15232593532425893,121258,40,1410,1593,0
15232593537510390,121258,40,1410,1593,0
15232593542595416,121258,40,1410,1593,0
15232593547681003,121258,40,1410,1593,0
15232593552766410,121258,40,1410,1593,0
15232593557842356,121258,40,1410,1593,0
15232593562924623,121258,40,1410,1593,0
15232593568010960,121258,40,1410,1593,0
15232593573095656,121258,40,1410,1593,0
15232593578180673,121258,40,1410,1593,0
15232593583266230,121258,40,1410,1593,0
15232593588351226,121258,40,1410,1593,0
15232593593436443,121258,40,1410,1593,0
15232593598521859,121258,40,1410,1593,0
15232593603607276,121258,40,1410,1593,0
15232593608692963,121258,40,1410,1593,0
15232593613778279,121258,40,1410,1593,0
15232593618863246,121258,40,1410,1593,0
15232593623949143,121258,40,1410,1593,0
15232593629034289,121258,40,1410,1593,0
15232593634120116,121258,40,1410,1593,0
15232593639205812,121258,40,1410,1593,0
15232593644291519,121258,40,1410,1593,0
15232593649377426,121258,40,1410,1593,0
15232593654462562,121258,40,1410,1593,0
15232593659547739,121258,40,1410,1593,0
15232593664633486,117626,40,1410,1593,0
15232593669719682,117626,40,1410,1593,0
15232593674805809,117626,40,1410,1593,0
15232593679891546,117626,40,1410,1593,0
15232593684976882,117626,40,1410,1593,0
15232593690062999,117626,40,1410,1593,0
15232593695148976,117626,40,1410,1593,0
15232593700234822,117626,40,1410,1593,0
15232593705319869,117626,40,1410,1593,0
15232593710405896,117626,40,1410,1593,0
15232593715490892,117626,40,1410,1593,0
15232593720576489,117626,40,1410,1593,0
15232593725662245,117626,40,1410,1593,0
15232593730748852,117626,40,1410,1593,0
15232593735834739,117626,40,1410,1593,0
15232593740921135,117626,40,1410,1593,0
15232593746008542,117626,40,1410,1593,0
15232593751094009,117626,40,1410,1593,0
15232593756178845,117626,40,1410,1593,0
15232593761264632,86580,40,1410,1593,0
15232593766351409,86580,39,1410,1593,0
15232593771437605,86580,39,1410,1593,0
15232593776523432,86580,39,1410,1593,0
15232593781610239,86580,39,1410,1593,0
15232593786696965,86580,39,1410,1593,0
15232593791762632,86580,39,1410,1593,0
15232593796834788,86580,39,1410,1593,0
15232593801917535,86580,39,1410,1593,0
15232593807013502,86580,39,1410,1593,0
15232593812099398,86580,39,1410,1593,0
15232593817184615,86580,39,1410,1593,0
15232593822269892,86580,39,1410,1593,0
15232593827355978,86580,39,1410,1593,0
15232593832442475,86580,39,1410,1593,0
15232593837528392,86580,39,1410,1593,0
15232593842614148,86580,39,1410,1593,0
15232593847699855,86580,39,1410,1593,0
15232593852785602,86580,39,1410,1593,0
15232593857851438,86580,39,1410,1593,0
15232593862936745,86849,38,1410,1593,0
15232593868024951,86849,38,1410,1593,0
15232593873115488,86849,38,1410,1593,0
15232593878200685,86849,38,1410,1593,0
15232593883286501,86849,38,1410,1593,0
15232593888373048,86849,38,1410,1593,0
15232593893459305,86849,38,1410,1593,0
15232593898544971,86849,38,1410,1593,0
15232593903630798,86849,38,1410,1593,0
15232593908717315,86849,38,1410,1593,0
15232593913803071,86849,38,1410,1593,0
15232593918889538,86849,38,1410,1593,0
15232593923976944,86849,38,1410,1593,0
15232593929063091,86849,38,1410,1593,0
