monotonic_ns,board_power_mw,temperature_c,graphics_clock_mhz,memory_clock_mhz,utilization_percent
2806139757836417,361287,63,2812,13365,0
2806139764309917,361287,63,2812,13365,0
2806139769422993,361287,63,2812,13365,0
2806139774541008,361287,63,2812,13365,0
2806139779661083,361287,63,2812,13365,0
2806139784780667,361287,63,2812,13365,0
2806139789899590,361287,63,2812,13365,0
2806139795032846,361287,63,2812,13365,0
2806139800152694,361287,63,2812,13365,0
2806139805279970,361287,63,2812,13365,0
2806139810401463,361287,63,2812,13365,0
2806139815519699,361287,63,2812,13365,0
2806139820640225,361287,63,2812,13365,0
2806139825760156,361287,63,2812,13365,0
2806139830882572,361287,63,2812,13365,0
2806139836021489,361287,63,2812,13365,0
2806139841141269,361287,63,2812,13365,0
2806139846260113,361287,63,2812,13365,0
2806139851378466,361287,63,2812,13365,0
2806139856496558,361287,63,2812,13365,0
2806139861598526,361287,63,2812,13365,0
2806139866719507,361287,63,2812,13365,0
2806139871839607,361287,63,2812,13365,0
2806139876955306,361287,63,2812,13365,0
2806139882071710,361287,63,2812,13365,0
2806139887190882,361287,63,2812,13365,0
2806139892309697,361287,63,2812,13365,0
2806139897429309,361287,63,2812,13365,0
2806139902549255,361287,63,2812,13365,0
2806139907669690,361287,63,2812,13365,0
2806139912790822,361287,63,2812,13365,0
2806139917908945,361287,63,2812,13365,0
2806139923029259,361287,63,2812,13365,0
2806139928150438,361287,63,2812,13365,0
2806139933270047,361287,63,2812,13365,0
2806139938387918,339579,55,2812,13365,0
2806139943506112,339579,55,2812,13365,0
2806139948624292,339579,55,2812,13365,0
2806139953742277,339579,55,2812,13365,0
2806139958861823,339579,55,2812,13365,0
2806139963989474,339579,55,2812,13365,0
2806139969125050,339579,55,2812,13365,0
2806139974244483,339579,55,2812,13365,0
2806139979362351,339579,55,2812,13365,0
2806139984481477,339579,55,2812,13365,0
2806139989599796,339579,55,2812,13365,0
2806139994718920,339579,55,2812,13365,0
2806139999837768,339579,55,2812,13365,0
2806140004953620,339579,55,2812,13365,0
2806140010072072,339579,55,2812,13365,0
2806140015193093,339579,55,2812,13365,0
2806140020311246,339579,55,2812,13365,0
2806140025430452,339579,55,2812,13365,0
2806140030549846,339579,55,2812,13365,0
2806140035669418,339579,55,2812,13365,0
2806140040786794,339579,55,2812,13365,0
2806140045908639,339579,55,2812,13365,0
2806140051025068,339579,55,2812,13365,0
2806140056147512,339579,55,2812,13365,0
2806140061264645,339579,55,2812,13365,0
2806140066382405,339579,55,2812,13365,0
2806140071500089,339579,55,2812,13365,0
2806140076615250,339579,55,2812,13365,0
2806140081731322,339579,55,2812,13365,0
2806140086847859,339579,55,2812,13365,0
2806140091965563,339579,55,2812,13365,0
2806140097080863,339579,55,2812,13365,0
2806140102196636,339579,55,2812,13365,0
2806140107312008,339579,55,2812,13365,0
2806140112427304,339579,55,2812,13365,0
2806140117544533,339579,55,2812,13365,0
2806140122660137,339579,55,2812,13365,0
2806140127775633,339579,55,2812,13365,0
2806140132890358,339579,55,2812,13365,0
2806140138024308,339579,55,2812,13365,0
2806140143156646,339579,55,2812,13365,0
2806140148271995,339579,55,2812,13365,0
2806140153387619,339579,55,2812,13365,0
2806140158503546,339579,55,2812,13365,0
2806140163619230,339579,55,2812,13365,0
2806140168736522,339579,55,2812,13365,0
2806140173853744,339579,55,2812,13365,0
2806140178969531,339579,55,2812,13365,0
2806140184085197,339579,55,2812,13365,0
2806140189200690,339579,55,2812,13365,0
2806140194316006,339579,55,2812,13365,0
2806140199431970,339579,55,2812,13365,0
2806140204548559,339579,55,2812,13365,0
2806140209663317,339579,55,2812,13365,0
2806140214779067,339579,55,2812,13365,0
2806140219896384,339579,55,2812,13365,0
2806140225029262,339579,55,2812,13365,0
2806140230145440,339579,55,2812,13365,0
2806140235261369,339579,55,2812,13365,0
2806140240376961,339579,55,2812,13365,0
2806140245493042,339579,55,2812,13365,0
2806140250608694,339579,55,2812,13365,0
2806140255724098,339579,55,2812,13365,0
2806140260841143,339579,55,2812,13365,0
2806140265956805,339579,55,2812,13365,0
2806140271073855,339579,55,2812,13365,0
2806140276190148,339579,55,2812,13365,0
2806140281307153,339579,55,2812,13365,0
2806140286422428,339579,55,2812,13365,0
2806140291538009,339579,55,2812,13365,0
2806140296653453,339579,55,2812,13365,0
2806140301769378,339579,55,2812,13365,0
2806140306884282,339579,55,2812,13365,0
2806140311999377,339579,55,2812,13365,0
2806140317132527,339579,55,2812,13365,0
2806140322249599,339579,55,2812,13365,0
2806140327364572,339579,55,2812,13365,0
2806140332479864,339579,55,2812,13365,0
2806140337594844,339579,55,2812,13365,0
2806140342711256,339579,55,2812,13365,0
2806140347826595,339579,55,2812,13365,0
2806140352941726,339579,55,2812,13365,0
2806140358057402,339579,55,2812,13365,0
2806140363172623,339579,55,2812,13365,0
2806140368288079,339579,55,2812,13365,0
2806140373404689,339579,55,2812,13365,0
2806140378521420,339579,55,2812,13365,0
2806140383636818,339579,55,2812,13365,0
2806140388752372,339579,55,2812,13365,0
2806140393867613,339579,55,2812,13365,0
2806140398982999,339579,55,2812,13365,0
2806140404116134,339579,55,2812,13365,0
2806140409231910,339579,55,2812,13365,0
2806140414347306,339579,55,2812,13365,0
2806140419462354,339579,55,2812,13365,0
2806140424578807,339579,55,2812,13365,0
2806140429694585,339579,55,2812,13365,0
2806140434811750,339579,55,2812,13365,0
2806140439926652,292609,62,2812,13365,0
2806140445043122,292609,62,2812,13365,0
2806140450158435,292609,62,2812,13365,0
2806140455274093,292609,62,2812,13365,0
2806140460389590,292609,62,2812,13365,0
2806140465506222,292609,62,2812,13365,0
2806140470621493,292609,62,2812,13365,0
2806140475738597,292609,62,2812,13365,0
2806140480853936,292609,62,2812,13365,0
2806140485969393,292609,62,2812,13365,0
2806140491084430,292609,62,2812,13365,0
2806140496199484,292609,62,2812,13365,0
2806140501316212,292609,62,2812,13365,0
2806140506431538,292609,62,2812,13365,0
2806140511546421,292609,62,2812,13365,0
2806140516662326,292609,62,2812,13365,0
2806140521777646,292609,62,2812,13365,0
2806140526894459,292609,62,2812,13365,0
2806140532035615,292609,62,2812,13365,0
2806140537151663,292609,62,2812,13365,0
2806140542267008,292609,62,2812,13365,0
2806140547382058,292609,62,2812,13365,0
2806140552497281,292609,62,2812,13365,0
2806140557613325,292609,62,2812,13365,0
2806140562728373,292609,62,2812,13365,0
2806140567846578,292609,62,2812,13365,0
2806140572961734,292609,62,2812,13365,0
2806140578078499,292609,62,2812,13365,0
2806140583193895,292609,62,2812,13365,0
2806140588309228,292609,62,2812,13365,0
2806140593424496,292609,62,2812,13365,0
2806140598541935,292609,62,2812,13365,0
2806140603657326,292609,62,2812,13365,0
2806140608772417,292609,62,2812,13365,0
2806140613887553,292609,62,2812,13365,0
2806140619026405,292609,62,2812,13365,0
2806140624142226,292609,62,2812,13365,0
2806140629259234,292609,62,2812,13365,0
2806140634374475,292609,62,2812,13365,0
2806140639503310,292609,62,2812,13365,0
2806140644618456,292609,62,2812,13365,0
2806140649734171,292609,62,2812,13365,0
2806140654850765,292609,62,2812,13365,0
2806140659967629,292609,62,2812,13365,0
2806140665083737,292609,62,2812,13365,0
2806140670199445,292609,62,2812,13365,0
2806140675321635,292609,62,2812,13365,0
2806140680438585,292609,62,2812,13365,0
2806140685555922,292609,62,2812,13365,0
2806140690670655,292609,62,2812,13365,0
2806140695786027,292609,62,2812,13365,0
2806140700901048,292609,62,2812,13365,0
2806140706036619,292609,62,2812,13365,0
2806140711152480,292609,62,2812,13365,0
2806140716267701,292609,62,2812,13365,0
2806140721383027,292609,62,2812,13365,0
2806140726498377,292609,62,2812,13365,0
2806140731615425,292609,62,2812,13365,0
2806140736730888,292609,62,2812,13365,0
2806140741848399,292609,62,2812,13365,0
2806140746963436,292609,62,2812,13365,0
2806140752078415,292609,62,2812,13365,0
2806140757194351,292609,62,2812,13365,0
2806140762309115,292609,62,2812,13365,0
2806140767424766,292609,62,2812,13365,0
2806140772542233,292609,62,2812,13365,0
2806140777657497,292609,62,2812,13365,0
2806140782774494,292609,62,2812,13365,0
2806140787889778,292609,62,2812,13365,0
2806140793037742,292609,62,2812,13365,0
2806140798170726,292609,62,2812,13365,0
2806140803286135,292609,62,2812,13365,0
2806140808401831,292609,62,2812,13365,0
2806140813516935,292609,62,2812,13365,0
2806140818632264,292609,62,2812,13365,0
2806140823747584,292609,62,2812,13365,0
2806140828865119,292609,62,2812,13365,0
2806140833981977,292609,62,2812,13365,0
2806140839097117,292609,62,2812,13365,0
2806140844213161,292609,62,2812,13365,0
2806140849328102,292609,62,2812,13365,0
2806140854443459,292609,62,2812,13365,0
2806140859558483,292609,62,2812,13365,0
2806140864673963,292609,62,2812,13365,0
2806140869791348,292609,62,2812,13365,0
2806140874906918,292609,62,2812,13365,0
2806140880022184,292609,62,2812,13365,0
2806140885138669,292609,62,2812,13365,0
2806140890253637,292609,62,2812,13365,0
2806140895368601,292609,62,2812,13365,0
2806140900485266,292609,62,2812,13365,0
2806140905600664,292609,62,2812,13365,0
2806140910715654,292609,62,2812,13365,0
2806140915831271,292609,62,2812,13365,0
2806140920946796,292609,62,2812,13365,0
2806140926062140,292609,62,2812,13365,0
2806140931177494,292609,62,2812,13365,0
2806140936296236,292490,62,2812,13365,0
2806140941412428,292490,62,2812,13365,0
2806140946529181,292490,62,2812,13365,0
2806140951644378,292490,62,2812,13365,0
2806140956759521,292490,62,2812,13365,0
2806140961875038,292490,62,2812,13365,0
2806140966992402,292490,62,2812,13365,0
2806140972147529,292490,62,2812,13365,0
2806140977263451,292490,62,2812,13365,0
2806140982379239,292490,62,2812,13365,0
2806140987495944,292490,62,2812,13365,0
2806140992611548,292490,62,2812,13365,0
2806140997726892,292490,62,2812,13365,0
2806141002845393,292490,62,2812,13365,0
2806141007960394,292490,62,2812,13365,0
2806141013075910,292490,62,2812,13365,0
2806141018190959,292490,62,2812,13365,0
2806141023305671,292490,62,2812,13365,0
2806141028420584,292490,62,2812,13365,0
2806141033536823,292490,62,2812,13365,0
2806141038653872,292490,62,2812,13365,0
2806141043769932,292490,62,2812,13365,0
2806141048884920,292490,62,2812,13365,0
2806141054024353,292490,62,2812,13365,0
2806141059140425,292490,62,2812,13365,0
2806141064256226,292490,62,2812,13365,0
2806141069371718,292490,62,2812,13365,0
2806141074487016,292490,62,2812,13365,0
2806141079602347,292490,62,2812,13365,0
2806141084717219,292490,62,2812,13365,0
2806141089836375,292490,62,2812,13365,0
2806141094952006,292490,62,2812,13365,0
2806141100067040,292490,62,2812,13365,0
2806141105182508,292490,62,2812,13365,0
2806141110297934,292490,62,2812,13365,0
2806141115413082,292490,62,2812,13365,0
2806141120528998,292490,62,2812,13365,0
2806141125644900,292490,62,2812,13365,0
2806141130759771,292490,62,2812,13365,0
2806141135874823,292490,62,2812,13365,0
2806141140990900,292490,62,2812,13365,0
2806141146129670,292490,62,2812,13365,0
2806141151244614,292490,62,2812,13365,0
2806141156372413,292490,62,2812,13365,0
2806141161487857,292490,62,2812,13365,0
2806141166603241,292490,62,2812,13365,0
2806141171718126,292490,62,2812,13365,0
2806141176835390,292490,62,2812,13365,0
2806141181951030,292490,62,2812,13365,0
2806141187066272,292490,62,2812,13365,0
2806141192182763,292490,62,2812,13365,0
2806141197298888,292490,62,2812,13365,0
2806141202415958,292490,62,2812,13365,0
2806141207532492,292490,62,2812,13365,0
2806141212648836,292490,62,2812,13365,0
2806141217764765,292490,62,2812,13365,0
2806141222880085,292490,62,2812,13365,0
2806141227995154,292490,62,2812,13365,0
2806141233124634,292490,62,2812,13365,0
2806141238239042,292490,62,2812,13365,0
2806141243353299,292490,62,2812,13365,0
2806141248467003,292490,62,2812,13365,0
2806141253580369,292490,62,2812,13365,0
2806141258694300,292490,62,2812,13365,0
2806141263807218,292490,62,2812,13365,0
2806141268920768,292490,62,2812,13365,0
2806141274033479,292490,62,2812,13365,0
2806141279146177,292490,62,2812,13365,0
2806141284258770,292490,62,2812,13365,0
2806141289371462,292490,62,2812,13365,0
2806141294484147,292490,62,2812,13365,0
2806141299595191,292490,62,2812,13365,0
2806141304706859,292490,62,2812,13365,0
2806141309818768,292490,62,2812,13365,0
2806141314930757,292490,62,2812,13365,0
2806141320044152,292490,62,2812,13365,0
2806141325156902,292490,62,2812,13365,0
2806141330269997,292490,62,2812,13365,0
2806141335383372,292490,62,2812,13365,0
2806141340496726,292490,62,2812,13365,0
2806141345612555,292490,62,2812,13365,0
2806141350728564,292490,62,2812,13365,0
2806141355845199,292490,62,2812,13365,0
2806141360960972,292490,62,2812,13365,0
2806141366075277,292490,62,2812,13365,0
2806141371190057,292490,62,2812,13365,0
2806141376304825,292490,62,2812,13365,0
2806141381419461,292490,62,2812,13365,0
2806141386534542,292490,62,2812,13365,0
2806141391651646,292490,62,2812,13365,0
2806141396768378,292490,62,2812,13365,0
2806141401883963,292490,62,2812,13365,0
2806141406999212,292490,62,2812,13365,0
2806141412135171,292490,62,2812,13365,0
2806141417250237,292490,62,2812,13365,0
2806141422365207,292490,62,2812,13365,0
2806141427480105,292490,62,2812,13365,0
2806141432595283,292490,62,2812,13365,0
2806141437711159,361288,63,2812,13365,0
2806141442829442,361288,63,2812,13365,0
2806141447946130,361288,63,2812,13365,0
2806141453078475,361288,63,2812,13365,0
2806141458193323,361288,63,2812,13365,0
2806141463308100,361288,63,2812,13365,0
2806141468423236,361288,63,2812,13365,0
2806141473538478,361288,63,2812,13365,0
2806141478654337,361288,63,2812,13365,0
2806141483769189,361288,63,2812,13365,0
2806141488884884,361288,63,2812,13365,0
2806141494000002,361288,63,2812,13365,0
2806141499135102,361288,63,2812,13365,0
2806141504250051,361288,63,2812,13365,0
2806141509365214,361288,63,2812,13365,0
2806141514479740,361288,63,2812,13365,0
2806141519594665,361288,63,2812,13365,0
2806141524709836,361288,63,2812,13365,0
2806141529827148,361288,63,2812,13365,0
2806141534941956,361288,63,2812,13365,0
2806141540056982,361288,63,2812,13365,0
2806141545172232,361288,63,2812,13365,0
2806141550288610,361288,63,2812,13365,0
2806141555403522,361288,63,2812,13365,0
2806141560520392,361288,63,2812,13365,0
2806141565635879,361288,63,2812,13365,0
2806141570751392,361288,63,2812,13365,0
2806141575866668,361288,63,2812,13365,0
2806141580981636,361288,63,2812,13365,0
2806141586097407,361288,63,2812,13365,0
2806141591212371,361288,63,2812,13365,0
2806141596327598,361288,63,2812,13365,0
2806141601444038,361288,63,2812,13365,0
2806141606558910,361288,63,2812,13365,0
2806141611673789,361288,63,2812,13365,0
2806141616791153,361288,63,2812,13365,0
2806141621905939,361288,63,2812,13365,0
2806141627020795,361288,63,2812,13365,0
2806141632136056,361288,63,2812,13365,0
2806141637251040,361288,63,2812,13365,0
2806141642366189,361288,63,2812,13365,0
2806141647483053,361288,63,2812,13365,0
2806141652599017,361288,63,2812,13365,0
2806141657714218,361288,63,2812,13365,0
2806141662829353,361288,63,2812,13365,0
2806141667944777,361288,63,2812,13365,0
2806141673061135,361288,63,2812,13365,0
2806141678176151,361288,63,2812,13365,0
2806141683291480,361288,63,2812,13365,0
2806141688406804,361288,63,2812,13365,0
2806141693522201,361288,63,2812,13365,0
2806141698638053,361288,63,2812,13365,0
2806141703754801,361288,63,2812,13365,0
2806141708869658,361288,63,2812,13365,0
2806141713986990,361288,63,2812,13365,0
2806141719126459,361288,63,2812,13365,0
2806141724241395,361288,63,2812,13365,0
2806141729356628,361288,63,2812,13365,0
2806141734471568,361288,63,2812,13365,0
2806141739586658,361288,63,2812,13365,0
2806141744701644,361288,63,2812,13365,0
2806141749818407,361288,63,2812,13365,0
2806141754934906,361288,63,2812,13365,0
2806141760050210,361288,63,2812,13365,0
2806141765165253,361288,63,2812,13365,0
2806141770280205,361288,63,2812,13365,0
2806141775395602,361288,63,2812,13365,0
2806141780509773,361288,63,2812,13365,0
2806141785624940,361288,63,2812,13365,0
2806141790740316,361288,63,2812,13365,0
2806141795855100,361288,63,2812,13365,0
2806141800970157,361288,63,2812,13365,0
2806141806086963,361288,63,2812,13365,0
2806141811202093,361288,63,2812,13365,0
2806141816317004,361288,63,2812,13365,0
2806141821432288,361288,63,2812,13365,0
2806141826547475,361288,63,2812,13365,0
2806141831661999,361288,63,2812,13365,0
2806141836776875,361288,63,2812,13365,0
2806141841891915,361288,63,2812,13365,0
2806141847025750,361288,63,2812,13365,0
2806141852140997,361288,63,2812,13365,0
2806141857257132,361288,63,2812,13365,0
2806141862372193,361288,63,2812,13365,0
2806141867487161,361288,63,2812,13365,0
2806141872602170,361288,63,2812,13365,0
2806141877718850,361288,63,2812,13365,0
2806141882833995,361288,63,2812,13365,0
2806141887949351,361288,63,2812,13365,0
2806141893064944,361288,63,2812,13365,0
2806141898180032,361288,63,2812,13365,0
2806141903295404,361288,63,2812,13365,0
2806141908411492,361288,63,2812,13365,0
2806141913528489,361288,63,2812,13365,0
2806141918643452,361288,63,2812,13365,0
2806141923758729,361288,63,2812,13365,0
2806141928874202,361288,63,2812,13365,0
2806141933989247,361288,63,2812,13365,0
2806141939129437,361627,63,2812,13365,0
2806141944246163,361627,63,2812,13365,0
2806141949361378,361627,63,2812,13365,0
2806141954477920,361627,63,2812,13365,0
2806141959595166,361627,63,2812,13365,0
2806141964710949,361627,63,2812,13365,0
2806141969827575,361627,63,2812,13365,0
2806141974943094,361627,63,2812,13365,0
2806141980058917,361627,63,2812,13365,0
2806141985174363,361627,63,2812,13365,0
2806141990288957,361627,63,2812,13365,0
2806141995403725,361627,63,2812,13365,0
2806142000519167,361627,63,2812,13365,0
2806142005633859,361627,63,2812,13365,0
2806142010750085,361627,63,2812,13365,0
2806142015867438,361627,63,2812,13365,0
2806142020982365,361627,63,2812,13365,0
2806142026116961,361627,63,2812,13365,0
2806142031231662,361627,63,2812,13365,0
2806142036346832,361627,63,2812,13365,0
2806142041461938,361627,63,2812,13365,0
2806142046578670,361627,63,2812,13365,0
2806142051693827,361627,63,2812,13365,0
2806142056809152,361627,63,2812,13365,0
2806142061925447,361627,63,2812,13365,0
2806142067040452,361627,63,2812,13365,0
2806142072156081,361627,63,2812,13365,0
2806142077273025,361627,63,2812,13365,0
2806142082388190,361627,63,2812,13365,0
2806142087503266,361627,63,2812,13365,0
2806142092618680,361627,63,2812,13365,0
2806142097735545,361627,63,2812,13365,0
2806142102850643,361627,63,2812,13365,0
2806142107982587,361627,63,2812,13365,0
2806142113117460,361627,63,2812,13365,0
2806142118232628,361627,63,2812,13365,0
2806142123347781,361627,63,2812,13365,0
2806142128463564,361627,63,2812,13365,0
2806142133578575,361627,63,2812,13365,0
2806142138694794,361627,63,2812,13365,0
2806142143811824,361627,63,2812,13365,0
2806142148927234,361627,63,2812,13365,0
2806142154042966,361627,63,2812,13365,0
2806142159158727,361627,63,2812,13365,0
2806142164274967,361627,63,2812,13365,0
2806142169390132,361627,63,2812,13365,0
2806142174506910,361627,63,2812,13365,0
2806142179621988,361627,63,2812,13365,0
2806142184737133,361627,63,2812,13365,0
2806142189852073,361627,63,2812,13365,0
2806142194967214,361627,63,2812,13365,0
2806142200082090,361627,63,2812,13365,0
2806142205197131,361627,63,2812,13365,0
2806142210314563,361627,63,2812,13365,0
2806142215430704,361627,63,2812,13365,0
2806142220545444,361627,63,2812,13365,0
2806142225660334,361627,63,2812,13365,0
2806142230775153,361627,63,2812,13365,0
2806142235889929,361627,63,2812,13365,0
2806142241028140,361627,63,2812,13365,0
2806142246143121,361627,63,2812,13365,0
2806142251258138,361627,63,2812,13365,0
2806142256373610,361627,63,2812,13365,0
2806142261488550,361627,63,2812,13365,0
2806142266604779,361627,63,2812,13365,0
2806142271720323,361627,63,2812,13365,0
2806142276838165,361627,63,2812,13365,0
2806142281953180,361627,63,2812,13365,0
2806142287068374,361627,63,2812,13365,0
2806142292183397,361627,63,2812,13365,0
2806142297298710,361627,63,2812,13365,0
2806142302414033,361627,63,2812,13365,0
2806142307530706,361627,63,2812,13365,0
2806142312645716,361627,63,2812,13365,0
2806142317762313,361627,63,2812,13365,0
2806142322877771,361627,63,2812,13365,0
2806142327993320,361627,63,2812,13365,0
2806142333133319,361627,63,2812,13365,0
2806142338248072,361627,63,2812,13365,0
2806142343363864,361627,63,2812,13365,0
2806142348479237,361627,63,2812,13365,0
2806142353594517,361627,63,2812,13365,0
2806142358710122,361627,63,2812,13365,0
2806142363827314,361627,63,2812,13365,0
2806142368943551,361627,63,2812,13365,0
2806142374059223,361627,63,2812,13365,0
2806142379175259,361627,63,2812,13365,0
2806142384290708,361627,63,2812,13365,0
2806142389406400,361627,63,2812,13365,0
2806142394521592,361627,63,2812,13365,0
2806142399637029,361627,63,2812,13365,0
2806142404752257,361627,63,2812,13365,0
2806142409867610,361627,63,2812,13365,0
2806142414982710,361627,63,2812,13365,0
2806142420121422,361627,63,2812,13365,0
2806142425237545,361627,63,2812,13365,0
2806142430353231,361627,63,2812,13365,0
2806142435468723,361627,63,2812,13365,0
2806142440583838,361901,63,2812,13365,0
2806142445702962,361901,63,2812,13365,0
2806142450820452,361901,63,2812,13365,0
2806142455936337,361901,63,2812,13365,0
2806142461062741,361901,63,2812,13365,0
2806142466178100,361901,63,2812,13365,0
2806142471295004,361901,63,2812,13365,0
2806142476409762,361901,63,2812,13365,0
2806142481527501,361901,63,2812,13365,0
2806142486642717,361901,63,2812,13365,0
2806142491757676,361901,63,2812,13365,0
2806142496873074,361901,63,2812,13365,0
2806142501988232,361901,63,2812,13365,0
2806142507128397,361901,63,2812,13365,0
2806142512243837,361901,63,2812,13365,0
2806142517359103,361901,63,2812,13365,0
2806142522476157,361901,63,2812,13365,0
2806142527591482,361901,63,2812,13365,0
2806142532706818,361901,63,2812,13365,0
2806142537824610,361901,63,2812,13365,0
2806142542939667,361901,63,2812,13365,0
2806142548054823,361901,63,2812,13365,0
2806142553169934,361901,63,2812,13365,0
2806142558285237,361901,63,2812,13365,0
2806142563401196,361901,63,2812,13365,0
2806142568517553,361901,63,2812,13365,0
2806142573635141,361901,63,2812,13365,0
2806142578750584,361901,63,2812,13365,0
2806142583865638,361901,63,2812,13365,0
2806142588981043,361901,63,2812,13365,0
2806142594096763,361901,63,2812,13365,0
2806142599212272,361901,63,2812,13365,0
2806142604327846,361901,63,2812,13365,0
2806142609443292,361901,63,2812,13365,0
2806142614558652,361901,63,2812,13365,0
2806142619673444,361901,63,2812,13365,0
2806142624792245,361901,63,2812,13365,0
2806142629907054,361901,63,2812,13365,0
2806142635021839,361901,63,2812,13365,0
2806142640136798,361901,63,2812,13365,0
2806142645251839,361901,63,2812,13365,0
2806142650366787,361901,63,2812,13365,0
2806142655481596,361901,63,2812,13365,0
2806142660596756,361901,63,2812,13365,0
2806142665711869,361901,63,2812,13365,0
2806142670826773,361901,63,2812,13365,0
2806142675943427,361901,63,2812,13365,0
2806142681058589,361901,63,2812,13365,0
2806142686173898,361901,63,2812,13365,0
2806142691291334,361901,63,2812,13365,0
2806142696409335,361901,63,2812,13365,0
2806142701526215,361901,63,2812,13365,0
2806142706642740,361901,63,2812,13365,0
2806142711840295,361901,63,2812,13365,0
2806142716955820,361901,63,2812,13365,0
2806142722070872,361901,63,2812,13365,0
2806142727159752,361901,63,2812,13365,0
2806142732274041,361901,63,2812,13365,0
2806142737388105,361901,63,2812,13365,0
2806142742501930,361901,63,2812,13365,0
2806142747616366,361901,63,2812,13365,0
2806142752731054,361901,63,2812,13365,0
2806142757845739,361901,63,2812,13365,0
2806142762970648,361901,63,2812,13365,0
2806142768085531,361901,63,2812,13365,0
2806142773244960,361901,63,2812,13365,0
2806142778358834,361901,63,2812,13365,0
2806142783473989,361901,63,2812,13365,0
2806142788588225,361901,63,2812,13365,0
2806142793701281,361901,63,2812,13365,0
2806142798814513,361901,63,2812,13365,0
2806142803928350,361901,63,2812,13365,0
2806142809042638,361901,63,2812,13365,0
2806142814156887,361901,63,2812,13365,0
2806142819271676,361901,63,2812,13365,0
2806142824387615,361901,63,2812,13365,0
2806142829503060,361901,63,2812,13365,0
2806142834619322,361901,63,2812,13365,0
2806142839734852,361901,63,2812,13365,0
2806142844850073,361901,63,2812,13365,0
2806142849964590,361901,63,2812,13365,0
2806142855081662,361901,63,2812,13365,0
2806142860196537,361901,63,2812,13365,0
2806142865311671,361901,63,2812,13365,0
2806142870426623,361901,63,2812,13365,0
2806142875541815,361901,63,2812,13365,0
2806142880657140,361901,63,2812,13365,0
2806142885776192,361901,63,2812,13365,0
2806142890891225,361901,63,2812,13365,0
2806142896023480,361901,63,2812,13365,0
2806142901139712,361901,63,2812,13365,0
2806142906254094,361901,63,2812,13365,0
2806142911368828,361901,63,2812,13365,0
2806142916483550,361901,63,2812,13365,0
2806142921598557,361901,63,2812,13365,0
2806142926713083,361901,63,2812,13365,0
2806142931829467,361901,63,2812,13365,0
2806142936945712,362099,63,2812,13365,0
2806142942061676,362099,63,2812,13365,0
2806142947176493,362099,63,2812,13365,0
2806142952291381,362099,63,2812,13365,0
2806142957405862,362099,63,2812,13365,0
2806142962523552,362099,63,2812,13365,0
2806142967638244,362099,63,2812,13365,0
2806142972752747,362099,63,2812,13365,0
2806142977867491,362099,63,2812,13365,0
2806142982983871,362099,63,2812,13365,0
2806142988123744,362099,63,2812,13365,0
2806142993238812,362099,63,2812,13365,0
2806142998353764,362099,63,2812,13365,0
2806143003473049,362099,63,2812,13365,0
2806143008588033,362099,63,2812,13365,0
2806143013702941,362099,63,2812,13365,0
2806143018819742,362099,63,2812,13365,0
2806143023934606,362099,63,2812,13365,0
2806143029049547,362099,63,2812,13365,0
2806143034164219,362099,63,2812,13365,0
2806143039280816,362099,63,2812,13365,0
2806143044395568,362099,63,2812,13365,0
2806143049512532,362099,63,2812,13365,0
2806143054627136,362099,63,2812,13365,0
2806143059741977,362099,63,2812,13365,0
2806143064856839,362099,63,2812,13365,0
2806143069971686,362099,63,2812,13365,0
2806143075086782,362099,63,2812,13365,0
2806143080201658,362099,63,2812,13365,0
2806143085317024,362099,63,2812,13365,0
2806143090432734,362099,63,2812,13365,0
2806143095547591,362099,63,2812,13365,0
2806143100662177,362099,63,2812,13365,0
2806143105777047,362099,63,2812,13365,0
2806143110891329,362099,63,2812,13365,0
2806143116025614,362099,63,2812,13365,0
2806143121140879,362099,63,2812,13365,0
2806143126256445,362099,63,2812,13365,0
2806143131372287,362099,63,2812,13365,0
2806143136486006,362099,63,2812,13365,0
2806143141601505,362099,63,2812,13365,0
2806143146715595,362099,63,2812,13365,0
2806143151831101,362099,63,2812,13365,0
2806143156945156,362099,63,2812,13365,0
2806143162060148,362099,63,2812,13365,0
2806143167175113,362099,63,2812,13365,0
2806143172289938,362099,63,2812,13365,0
2806143177404358,362099,63,2812,13365,0
2806143182488718,362099,63,2812,13365,0
2806143187623990,362099,63,2812,13365,0
2806143192739361,362099,63,2812,13365,0
2806143197853637,362099,63,2812,13365,0
2806143202968718,362099,63,2812,13365,0
2806143208083104,362099,63,2812,13365,0
2806143213197181,362099,63,2812,13365,0
2806143218312153,362099,63,2812,13365,0
2806143223426262,362099,63,2812,13365,0
2806143228541438,362099,63,2812,13365,0
2806143233656371,362099,63,2812,13365,0
2806143238771361,362099,63,2812,13365,0
2806143243887275,362099,63,2812,13365,0
2806143249019319,362099,63,2812,13365,0
2806143254136094,362099,63,2812,13365,0
2806143259253256,362099,63,2812,13365,0
2806143264370597,362099,63,2812,13365,0
2806143269487800,362099,63,2812,13365,0
2806143274604117,362099,63,2812,13365,0
2806143279721178,362099,63,2812,13365,0
2806143284838290,362099,63,2812,13365,0
2806143289955107,362099,63,2812,13365,0
2806143295073723,362099,63,2812,13365,0
2806143300190575,362099,63,2812,13365,0
2806143305308151,362099,63,2812,13365,0
2806143310423244,362099,63,2812,13365,0
2806143315538276,362099,63,2812,13365,0
2806143320653900,362099,63,2812,13365,0
2806143325770601,362099,63,2812,13365,0
2806143330885473,362099,63,2812,13365,0
2806143336020217,362099,63,2812,13365,0
2806143341136322,362099,63,2812,13365,0
2806143346253275,362099,63,2812,13365,0
2806143351369415,362099,63,2812,13365,0
2806143356485675,362099,63,2812,13365,0
2806143361600940,362099,63,2812,13365,0
2806143366715985,362099,63,2812,13365,0
2806143371832916,362099,63,2812,13365,0
2806143376947317,362099,63,2812,13365,0
2806143382061803,362099,63,2812,13365,0
2806143387176988,362099,63,2812,13365,0
2806143392291332,362099,63,2812,13365,0
2806143397407566,362099,63,2812,13365,0
2806143402525315,362099,63,2812,13365,0
2806143407640715,362099,63,2812,13365,0
2806143412755279,362099,63,2812,13365,0
2806143417890300,362099,63,2812,13365,0
2806143423029248,362099,63,2812,13365,0
2806143428145072,362099,63,2812,13365,0
2806143433259721,362099,63,2812,13365,0
2806143438375113,362137,63,2812,13365,0
2806143443491701,362137,63,2812,13365,0
2806143448608322,362137,63,2812,13365,0
2806143453722984,362137,63,2812,13365,0
2806143458840947,362137,63,2812,13365,0
2806143463956955,362137,63,2812,13365,0
2806143469071463,362137,63,2812,13365,0
2806143474187171,362137,63,2812,13365,0
2806143479301948,362137,63,2812,13365,0
2806143484417700,362137,63,2812,13365,0
2806143489532548,362137,63,2812,13365,0
2806143494647629,362137,63,2812,13365,0
2806143499764064,362137,63,2812,13365,0
2806143504881568,362137,63,2812,13365,0
2806143509996066,362137,63,2812,13365,0
2806143515131951,362137,63,2812,13365,0
2806143520246961,362137,63,2812,13365,0
2806143525362099,362137,63,2812,13365,0
2806143530476683,362137,63,2812,13365,0
2806143535591049,362137,63,2812,13365,0
2806143540716839,362137,63,2812,13365,0
2806143545833885,362137,63,2812,13365,0
2806143550949786,362137,63,2812,13365,0
2806143556064794,362137,63,2812,13365,0
2806143561197174,362137,63,2812,13365,0
2806143566312294,362137,63,2812,13365,0
2806143571426843,362137,63,2812,13365,0
2806143576556394,362137,63,2812,13365,0
2806143581672123,362137,63,2812,13365,0
2806143586787500,362137,63,2812,13365,0
2806143591902117,362137,63,2812,13365,0
2806143597030540,362137,63,2812,13365,0
2806143602147569,362137,63,2812,13365,0
2806143607262054,362137,63,2812,13365,0
2806143612376690,362137,63,2812,13365,0
2806143617491726,362137,63,2812,13365,0
2806143622606298,362137,63,2812,13365,0
2806143627720831,362137,63,2812,13365,0
2806143632838076,362137,63,2812,13365,0
2806143637952971,362137,63,2812,13365,0
2806143643068054,362137,63,2812,13365,0
2806143648182240,362137,63,2812,13365,0
2806143653306081,362137,63,2812,13365,0
2806143658420474,362137,63,2812,13365,0
2806143663537033,362137,63,2812,13365,0
2806143668651741,362137,63,2812,13365,0
2806143673768038,362137,63,2812,13365,0
2806143678883383,362137,63,2812,13365,0
2806143683994609,362137,63,2812,13365,0
2806143689124164,362137,63,2812,13365,0
2806143694238660,362137,63,2812,13365,0
2806143699353513,362137,63,2812,13365,0
2806143704470053,362137,63,2812,13365,0
2806143709584921,362137,63,2812,13365,0
2806143714699709,362137,63,2812,13365,0
2806143719816246,362137,63,2812,13365,0
2806143724931654,362137,63,2812,13365,0
2806143730046370,362137,63,2812,13365,0
2806143735160798,362137,63,2812,13365,0
2806143740275223,362137,63,2812,13365,0
2806143745389803,362137,63,2812,13365,0
2806143750505364,362137,63,2812,13365,0
2806143755621452,362137,63,2812,13365,0
2806143760735675,362137,63,2812,13365,0
2806143765850801,362137,63,2812,13365,0
2806143770965970,362137,63,2812,13365,0
2806143776080422,362137,63,2812,13365,0
2806143781194994,362137,63,2812,13365,0
2806143786311299,362137,63,2812,13365,0
2806143791425792,362137,63,2812,13365,0
2806143796541098,362137,63,2812,13365,0
2806143801655428,362137,63,2812,13365,0
2806143806771261,362137,63,2812,13365,0
2806143811885797,362137,63,2812,13365,0
2806143817072824,362137,63,2812,13365,0
2806143822188149,362137,63,2812,13365,0
2806143827302446,362137,63,2812,13365,0
2806143832417382,362137,63,2812,13365,0
2806143837531694,362137,63,2812,13365,0
2806143842646491,362137,63,2812,13365,0
2806143847760535,362137,63,2812,13365,0
2806143852876695,362137,63,2812,13365,0
2806143857992758,362137,63,2812,13365,0
2806143863125452,362137,63,2812,13365,0
2806143868240001,362137,63,2812,13365,0
2806143873354877,362137,63,2812,13365,0
2806143878469255,362137,63,2812,13365,0
2806143883552725,362137,63,2812,13365,0
2806143888667258,362137,63,2812,13365,0
2806143893783272,362137,63,2812,13365,0
2806143898897665,362137,63,2812,13365,0
2806143904029317,362137,63,2812,13365,0
2806143909150514,362137,63,2812,13365,0
2806143914265068,362137,63,2812,13365,0
2806143919379636,362137,63,2812,13365,0
2806143924494609,362137,63,2812,13365,0
2806143929609331,362137,63,2812,13365,0
2806143934728621,362137,63,2812,13365,0
2806143939845554,361994,63,2812,13365,0
2806143944961978,361994,63,2812,13365,0
2806143950077282,361994,63,2812,13365,0
2806143955180799,361994,63,2812,13365,0
2806143960297231,361994,63,2812,13365,0
2806143965411875,361994,63,2812,13365,0
2806143970527876,361994,63,2812,13365,0
2806143975642277,361994,63,2812,13365,0
2806143980767485,361994,63,2812,13365,0
2806143985883105,361994,63,2812,13365,0
2806143990997872,361994,63,2812,13365,0
2806143996134142,361994,63,2812,13365,0
2806144001252958,361994,63,2812,13365,0
2806144006367615,361994,63,2812,13365,0
2806144011483911,361994,63,2812,13365,0
2806144016599164,361994,63,2812,13365,0
2806144021714672,361994,63,2812,13365,0
2806144026831544,361994,63,2812,13365,0
2806144031946859,361994,63,2812,13365,0
2806144037061565,361994,63,2812,13365,0
2806144042177108,361994,63,2812,13365,0
2806144047291405,361994,63,2812,13365,0
2806144052406586,361994,63,2812,13365,0
2806144057523055,361994,63,2812,13365,0
2806144062639155,361994,63,2812,13365,0
2806144067754404,361994,63,2812,13365,0
2806144072886183,361994,63,2812,13365,0
2806144078022164,361994,63,2812,13365,0
2806144083137504,361994,63,2812,13365,0
2806144088252787,361994,63,2812,13365,0
2806144093367417,361994,63,2812,13365,0
2806144098481594,361994,63,2812,13365,0
2806144103596166,361994,63,2812,13365,0
2806144108710194,361994,63,2812,13365,0
2806144113828522,361994,63,2812,13365,0
2806144118943811,361994,63,2812,13365,0
2806144124058076,361994,63,2812,13365,0
2806144129173656,361994,63,2812,13365,0
2806144134288034,361994,63,2812,13365,0
2806144139403004,361994,63,2812,13365,0
2806144144519609,361994,63,2812,13365,0
2806144149634087,361994,63,2812,13365,0
2806144154748846,361994,63,2812,13365,0
2806144159863696,361994,63,2812,13365,0
2806144164981151,361994,63,2812,13365,0
2806144170096037,361994,63,2812,13365,0
2806144175210376,361994,63,2812,13365,0
2806144180325808,361994,63,2812,13365,0
2806144185441168,361994,63,2812,13365,0
2806144190555608,361994,63,2812,13365,0
2806144195669981,361994,63,2812,13365,0
2806144200784563,361994,63,2812,13365,0
2806144205899142,361994,63,2812,13365,0
2806144211030900,361994,63,2812,13365,0
2806144216147637,361994,63,2812,13365,0
2806144221262735,361994,63,2812,13365,0
2806144226377145,361994,63,2812,13365,0
2806144231491704,361994,63,2812,13365,0
2806144236606547,361994,63,2812,13365,0
2806144241721733,361994,63,2812,13365,0
2806144246838465,361994,63,2812,13365,0
2806144251953277,361994,63,2812,13365,0
2806144257067821,361994,63,2812,13365,0
2806144262182035,361994,63,2812,13365,0
2806144267298320,361994,63,2812,13365,0
2806144272413258,361994,63,2812,13365,0
2806144277528929,361994,63,2812,13365,0
2806144282644428,361994,63,2812,13365,0
2806144287760096,361994,63,2812,13365,0
2806144292875220,361994,63,2812,13365,0
2806144297989760,361994,63,2812,13365,0
2806144303126491,361994,63,2812,13365,0
2806144308240861,361994,63,2812,13365,0
2806144313355889,361994,63,2812,13365,0
2806144318471806,361994,63,2812,13365,0
2806144323587071,361994,63,2812,13365,0
2806144328701615,361994,63,2812,13365,0
2806144333817931,361994,63,2812,13365,0
2806144338932471,361994,63,2812,13365,0
2806144344046784,361994,63,2812,13365,0
2806144349162372,361994,63,2812,13365,0
2806144354276504,361994,63,2812,13365,0
2806144359390667,361994,63,2812,13365,0
2806144364507973,361994,63,2812,13365,0
2806144369625866,361994,63,2812,13365,0
2806144374742772,361994,63,2812,13365,0
2806144379859457,361994,63,2812,13365,0
2806144384943535,361994,63,2812,13365,0
2806144390057235,361994,63,2812,13365,0
2806144395171430,361994,63,2812,13365,0
2806144400286420,361994,63,2812,13365,0
2806144405401109,361994,63,2812,13365,0
2806144410517917,361994,63,2812,13365,0
2806144415632106,361994,63,2812,13365,0
2806144420748652,361994,63,2812,13365,0
2806144425863838,361994,63,2812,13365,0
2806144430978434,361994,63,2812,13365,0
2806144436093055,361994,63,2812,13365,0
2806144441207912,361748,63,2812,13365,0
2806144446326444,361748,63,2812,13365,0
2806144451441233,361748,63,2812,13365,0
2806144456555623,361748,63,2812,13365,0
2806144461670127,361748,63,2812,13365,0
2806144466784301,361748,63,2812,13365,0
2806144471901222,361748,63,2812,13365,0
2806144477035202,361748,63,2812,13365,0
2806144482150674,361748,63,2812,13365,0
2806144487265271,361748,63,2812,13365,0
2806144492380139,361748,63,2812,13365,0
2806144497494640,361748,63,2812,13365,0
2806144502609176,361748,63,2812,13365,0
2806144507723141,361748,63,2812,13365,0
2806144512838879,361748,63,2812,13365,0
2806144517954165,361748,63,2812,13365,0
2806144523070527,361748,63,2812,13365,0
2806144528185714,361748,63,2812,13365,0
2806144533300229,361748,63,2812,13365,0
2806144538415482,361748,63,2812,13365,0
2806144543531912,361748,63,2812,13365,0
2806144548646282,361748,63,2812,13365,0
2806144553761059,361748,63,2812,13365,0
2806144558875410,361748,63,2812,13365,0
2806144563990197,361748,63,2812,13365,0
2806144569128065,361748,63,2812,13365,0
2806144574244018,361748,63,2812,13365,0
2806144579358874,361748,63,2812,13365,0
2806144584526426,361748,63,2812,13365,0
2806144589642774,361748,63,2812,13365,0
2806144594758021,361748,63,2812,13365,0
2806144599875338,361748,63,2812,13365,0
2806144604992187,361748,63,2812,13365,0
2806144610139081,361748,63,2812,13365,0
2806144615254400,361748,63,2812,13365,0
2806144620369697,361748,63,2812,13365,0
2806144625485292,361748,63,2812,13365,0
2806144630600459,361748,63,2812,13365,0
2806144635715761,361748,63,2812,13365,0
2806144640833046,361748,63,2812,13365,0
2806144645948364,361748,63,2812,13365,0
2806144651063363,361748,63,2812,13365,0
2806144656180067,361748,63,2812,13365,0
2806144661295203,361748,63,2812,13365,0
2806144666410620,361748,63,2812,13365,0
2806144671528252,361748,63,2812,13365,0
2806144676643489,361748,63,2812,13365,0
2806144681758324,361748,63,2812,13365,0
2806144686874101,361748,63,2812,13365,0
2806144691989944,361748,63,2812,13365,0
2806144697130661,361748,63,2812,13365,0
2806144702246114,361748,63,2812,13365,0
2806144707362926,361748,63,2812,13365,0
2806144712478351,361748,63,2812,13365,0
2806144717593975,361748,63,2812,13365,0
2806144722709156,361748,63,2812,13365,0
2806144727846582,361748,63,2812,13365,0
2806144732962039,361748,63,2812,13365,0
2806144738076956,361748,63,2812,13365,0
2806144743191949,361748,63,2812,13365,0
2806144748307246,361748,63,2812,13365,0
2806144753422574,361748,63,2812,13365,0
2806144758541540,361748,63,2812,13365,0
2806144763657034,361748,63,2812,13365,0
2806144768772395,361748,63,2812,13365,0
2806144773888027,361748,63,2812,13365,0
2806144779025865,361748,63,2812,13365,0
2806144784141532,361748,63,2812,13365,0
2806144789257116,361748,63,2812,13365,0
2806144794372380,361748,63,2812,13365,0
2806144799487841,361748,63,2812,13365,0
2806144804602802,361748,63,2812,13365,0
2806144809719166,361748,63,2812,13365,0
2806144814836448,361748,63,2812,13365,0
2806144819951780,361748,63,2812,13365,0
2806144825066585,361748,63,2812,13365,0
2806144830181800,361748,63,2812,13365,0
2806144835297114,361748,63,2812,13365,0
2806144840412180,361748,63,2812,13365,0
2806144845529389,361748,63,2812,13365,0
2806144850645325,361748,63,2812,13365,0
2806144855760709,361748,63,2812,13365,0
2806144860877148,361748,63,2812,13365,0
2806144865992482,361748,63,2812,13365,0
2806144871132904,361748,63,2812,13365,0
2806144876249635,361748,63,2812,13365,0
2806144881367235,361748,63,2812,13365,0
2806144886484410,361748,63,2812,13365,0
2806144891598964,361748,63,2812,13365,0
2806144896714340,361748,63,2812,13365,0
2806144901830223,361748,63,2812,13365,0
2806144906946277,361748,63,2812,13365,0
2806144912064230,361748,63,2812,13365,0
2806144917180984,361748,63,2812,13365,0
2806144922297114,361748,63,2812,13365,0
2806144927414085,361748,63,2812,13365,0
2806144932529767,361748,63,2812,13365,0
2806144937647303,361709,63,2812,13365,0
2806144942764547,361709,63,2812,13365,0
2806144947881320,361709,63,2812,13365,0
2806144952998500,361709,63,2812,13365,0
2806144958130037,361709,63,2812,13365,0
2806144963246521,361709,63,2812,13365,0
2806144968362365,361709,63,2812,13365,0
2806144973478617,361709,63,2812,13365,0
2806144978593688,361709,63,2812,13365,0
2806144983708695,361709,63,2812,13365,0
2806144988823165,361709,63,2812,13365,0
2806144993938811,361709,63,2812,13365,0
2806144999019627,361709,63,2812,13365,0
2806145004108307,361709,63,2812,13365,0
2806145009204173,361709,63,2812,13365,0
2806145014303000,361709,63,2812,13365,0
2806145019400814,361709,63,2812,13365,0
2806145024501043,361709,63,2812,13365,0
2806145029613681,361709,63,2812,13365,0
2806145034727416,361709,63,2812,13365,0
2806145039841650,361709,63,2812,13365,0
2806145044955272,361709,63,2812,13365,0
2806145050067716,361709,63,2812,13365,0
2806145055256169,361709,63,2812,13365,0
2806145060367729,361709,63,2812,13365,0
2806145065481742,361709,63,2812,13365,0
2806145070593321,361709,63,2812,13365,0
2806145075706594,361709,63,2812,13365,0
2806145080814622,361709,63,2812,13365,0
2806145085934134,361709,63,2812,13365,0
2806145091074459,361709,63,2812,13365,0
2806145096224230,361709,63,2812,13365,0
2806145101316105,361709,63,2812,13365,0
2806145106404325,361709,63,2812,13365,0
2806145111522605,361709,63,2812,13365,0
2806145116635925,361709,63,2812,13365,0
2806145121747957,361709,63,2812,13365,0
2806145126861570,361709,63,2812,13365,0
2806145131972634,361709,63,2812,13365,0
2806145137101911,361709,63,2812,13365,0
2806145142212447,361709,63,2812,13365,0
2806145147341732,361709,63,2812,13365,0
2806145152491392,361709,63,2812,13365,0
2806145157602192,361709,63,2812,13365,0
2806145162712336,361709,63,2812,13365,0
2806145167801451,361709,63,2812,13365,0
2806145172912998,361709,63,2812,13365,0
2806145178024094,361709,63,2812,13365,0
2806145183135478,361709,63,2812,13365,0
2806145188244675,361709,63,2812,13365,0
2806145193353973,361709,63,2812,13365,0
2806145198463718,361709,63,2812,13365,0
2806145203573855,361709,63,2812,13365,0
2806145208684016,361709,63,2812,13365,0
2806145213795764,361709,63,2812,13365,0
2806145218908373,361709,63,2812,13365,0
2806145224018998,361709,63,2812,13365,0
2806145229129859,361709,63,2812,13365,0
2806145234240609,361709,63,2812,13365,0
2806145239351461,361709,63,2812,13365,0
2806145244462511,361709,63,2812,13365,0
2806145249574788,361709,63,2812,13365,0
2806145254685924,361709,63,2812,13365,0
2806145259797593,361709,63,2812,13365,0
2806145264909497,361709,63,2812,13365,0
2806145270022938,361709,63,2812,13365,0
2806145275135153,361709,63,2812,13365,0
2806145280249136,361709,63,2812,13365,0
2806145285361140,361709,63,2812,13365,0
2806145290473587,361709,63,2812,13365,0
2806145295586316,361709,63,2812,13365,0
2806145300699019,361709,63,2812,13365,0
2806145305811610,361709,63,2812,13365,0
2806145310925189,361709,63,2812,13365,0
2806145316039297,361709,63,2812,13365,0
2806145321154542,361709,63,2812,13365,0
2806145326267886,361709,63,2812,13365,0
2806145331382426,361709,63,2812,13365,0
2806145336496682,361709,63,2812,13365,0
2806145341610895,361709,63,2812,13365,0
2806145346726020,361709,63,2812,13365,0
2806145351840152,361709,63,2812,13365,0
2806145356954104,361709,63,2812,13365,0
2806145362068068,361709,63,2812,13365,0
2806145367182976,361709,63,2812,13365,0
2806145372299429,361709,63,2812,13365,0
2806145377416334,361709,63,2812,13365,0
2806145382548709,361709,63,2812,13365,0
2806145387663655,361709,63,2812,13365,0
2806145392778859,361709,63,2812,13365,0
2806145397893655,361709,63,2812,13365,0
2806145403035228,361709,63,2812,13365,0
2806145408151267,361709,63,2812,13365,0
2806145413266372,361709,63,2812,13365,0
2806145418381872,361709,63,2812,13365,0
2806145423498424,361709,63,2812,13365,0
2806145428613485,361709,63,2812,13365,0
2806145433729034,361709,63,2812,13365,0
2806145438846242,361949,63,2812,13365,0
2806145443962807,361949,63,2812,13365,0
2806145449078062,361949,63,2812,13365,0
2806145454193552,361949,63,2812,13365,0
2806145459308502,361949,63,2812,13365,0
2806145464424148,361949,63,2812,13365,0
2806145469540760,361949,63,2812,13365,0
2806145474657701,361949,63,2812,13365,0
2806145479772725,361949,63,2812,13365,0
2806145484888058,361949,63,2812,13365,0
2806145490027888,361949,63,2812,13365,0
2806145495143538,361949,63,2812,13365,0
2806145500258630,361949,63,2812,13365,0
2806145505373827,361949,63,2812,13365,0
2806145510489255,361949,63,2812,13365,0
2806145515604217,361949,63,2812,13365,0
2806145520719228,361949,63,2812,13365,0
2806145525837404,361949,63,2812,13365,0
2806145530952257,361949,63,2812,13365,0
2806145536067675,361949,63,2812,13365,0
2806145541182821,361949,63,2812,13365,0
2806145546297846,361949,63,2812,13365,0
2806145551413570,361949,63,2812,13365,0
2806145556530525,361949,63,2812,13365,0
2806145561645409,361949,63,2812,13365,0
2806145566760083,361949,63,2812,13365,0
2806145571875191,361949,63,2812,13365,0
2806145576991390,361949,63,2812,13365,0
2806145582131889,361949,63,2812,13365,0
2806145587246505,361949,63,2812,13365,0
2806145592361921,361949,63,2812,13365,0
2806145597476978,361949,63,2812,13365,0
2806145602592186,361949,63,2812,13365,0
2806145607707409,361949,63,2812,13365,0
2806145612824507,361949,63,2812,13365,0
2806145617940023,361949,63,2812,13365,0
2806145623071916,361949,63,2812,13365,0
2806145628190948,361949,63,2812,13365,0
2806145633308680,361949,63,2812,13365,0
2806145638426128,361949,63,2812,13365,0
2806145643543072,361949,63,2812,13365,0
2806145648658877,361949,63,2812,13365,0
2806145653773928,361949,63,2812,13365,0
2806145658889446,361949,63,2812,13365,0
2806145664023862,361949,63,2812,13365,0
2806145669140130,361949,63,2812,13365,0
2806145674255307,361949,63,2812,13365,0
2806145679372099,361949,63,2812,13365,0
2806145684487348,361949,63,2812,13365,0
2806145689602488,361949,63,2812,13365,0
2806145694718076,361949,63,2812,13365,0
2806145699835507,361949,63,2812,13365,0
2806145704950861,361949,63,2812,13365,0
2806145710066424,361949,63,2812,13365,0
2806145715181414,361949,63,2812,13365,0
2806145720296618,361949,63,2812,13365,0
2806145725411599,361949,63,2812,13365,0
2806145730529823,361949,63,2812,13365,0
2806145735645164,361949,63,2812,13365,0
2806145740760084,361949,63,2812,13365,0
2806145745875340,361949,63,2812,13365,0
2806145750989951,361949,63,2812,13365,0
2806145756165757,361949,63,2812,13365,0
2806145761281093,361949,63,2812,13365,0
2806145766395790,361949,63,2812,13365,0
2806145771511170,361949,63,2812,13365,0
2806145776626447,361949,63,2812,13365,0
2806145781743127,361949,63,2812,13365,0
2806145786859395,361949,63,2812,13365,0
2806145791974800,361949,63,2812,13365,0
2806145797089876,361949,63,2812,13365,0
2806145802204760,361949,63,2812,13365,0
2806145807319965,361949,63,2812,13365,0
2806145812435657,361949,63,2812,13365,0
2806145817553075,361949,63,2812,13365,0
2806145822668160,361949,63,2812,13365,0
2806145827783258,361949,63,2812,13365,0
2806145832899723,361949,63,2812,13365,0
2806145838031155,361949,63,2812,13365,0
2806145843146879,361949,63,2812,13365,0
2806145848268227,361949,63,2812,13365,0
2806145853383840,361949,63,2812,13365,0
2806145858501372,361949,63,2812,13365,0
2806145863616555,361949,63,2812,13365,0
2806145868731799,361949,63,2812,13365,0
2806145873847291,361949,63,2812,13365,0
2806145878962898,361949,63,2812,13365,0
2806145884079705,361949,63,2812,13365,0
2806145889194995,361949,63,2812,13365,0
2806145894309675,361949,63,2812,13365,0
2806145899424680,361949,63,2812,13365,0
2806145904540128,361949,63,2812,13365,0
2806145909655161,361949,63,2812,13365,0
2806145914772376,361949,63,2812,13365,0
2806145919887469,361949,63,2812,13365,0
2806145925020185,361949,63,2812,13365,0
2806145930136310,361949,63,2812,13365,0
2806145935253186,361949,63,2812,13365,0
2806145940368287,362240,63,2812,13365,0
2806145945485255,362240,63,2812,13365,0
2806145950600131,362240,63,2812,13365,0
2806145955715346,362240,63,2812,13365,0
2806145960830112,362240,63,2812,13365,0
2806145965945644,362240,63,2812,13365,0
2806145971061181,362240,63,2812,13365,0
2806145976176325,362240,63,2812,13365,0
2806145981291821,362240,63,2812,13365,0
2806145986408254,362240,63,2812,13365,0
2806145991525742,362240,63,2812,13365,0
2806145996640850,362240,63,2812,13365,0
2806146001756105,362240,63,2812,13365,0
2806146006871039,362240,63,2812,13365,0
2806146011986488,362240,63,2812,13365,0
2806146017125993,362240,63,2812,13365,0
2806146022240952,362240,63,2812,13365,0
2806146027355947,362240,63,2812,13365,0
2806146032471350,362240,63,2812,13365,0
2806146037605598,362240,63,2812,13365,0
2806146042723818,362240,63,2812,13365,0
2806146047840910,362240,63,2812,13365,0
2806146052955947,362240,63,2812,13365,0
2806146058071327,362240,63,2812,13365,0
2806146063186416,362240,63,2812,13365,0
2806146068301515,362240,63,2812,13365,0
2806146073416812,362240,63,2812,13365,0
2806146078533736,362240,63,2812,13365,0
2806146083648781,362240,63,2812,13365,0
2806146088767633,362240,63,2812,13365,0
2806146093883213,362240,63,2812,13365,0
2806146098998186,362240,63,2812,13365,0
2806146104131322,362240,63,2812,13365,0
2806146109246295,362240,63,2812,13365,0
2806146114361396,362240,63,2812,13365,0
2806146119476586,362240,63,2812,13365,0
2806146124592210,362240,63,2812,13365,0
2806146129708222,362240,63,2812,13365,0
2806146134826539,362240,63,2812,13365,0
2806146139943276,362240,63,2812,13365,0
2806146145058270,362240,63,2812,13365,0
2806146150173385,362240,63,2812,13365,0
2806146155288574,362240,63,2812,13365,0
2806146160403710,362240,63,2812,13365,0
2806146165519838,362240,63,2812,13365,0
2806146170634944,362240,63,2812,13365,0
2806146175749734,362240,63,2812,13365,0
2806146180864844,362240,63,2812,13365,0
2806146185980017,362240,63,2812,13365,0
2806146191096920,362240,63,2812,13365,0
2806146196212101,362240,63,2812,13365,0
2806146201327642,362240,63,2812,13365,0
2806146206442910,362240,63,2812,13365,0
2806146211560390,362240,63,2812,13365,0
2806146216678203,362240,63,2812,13365,0
2806146221795531,362240,63,2812,13365,0
2806146226912212,362240,63,2812,13365,0
2806146232028550,362240,63,2812,13365,0
2806146237144108,362240,63,2812,13365,0
2806146242271284,362240,63,2812,13365,0
2806146247385869,362240,63,2812,13365,0
2806146252503258,362240,63,2812,13365,0
2806146257619077,362240,63,2812,13365,0
2806146262734078,362240,63,2812,13365,0
2806146267849220,362240,63,2812,13365,0
2806146272964891,362240,63,2812,13365,0
2806146278080420,362240,63,2812,13365,0
2806146283195692,362240,63,2812,13365,0
2806146288311180,362240,63,2812,13365,0
2806146293427664,362240,63,2812,13365,0
2806146298543353,362240,63,2812,13365,0
2806146303658358,362240,63,2812,13365,0
2806146308773348,362240,63,2812,13365,0
2806146313907605,362240,63,2812,13365,0
2806146319024970,362240,63,2812,13365,0
2806146324141947,362240,63,2812,13365,0
2806146329259525,362240,63,2812,13365,0
2806146334375210,362240,63,2812,13365,0
2806146339490448,362240,63,2812,13365,0
2806146344606338,362240,63,2812,13365,0
2806146349721323,362240,63,2812,13365,0
2806146354836421,362240,63,2812,13365,0
2806146359951361,362240,63,2812,13365,0
2806146365076185,362240,63,2812,13365,0
2806146370189782,362240,63,2812,13365,0
2806146375303352,362240,63,2812,13365,0
2806146380415439,362240,63,2812,13365,0
2806146385540487,362240,63,2812,13365,0
2806146390652247,362240,63,2812,13365,0
2806146395766300,362240,63,2812,13365,0
2806146400877772,362240,63,2812,13365,0
2806146405989244,362240,63,2812,13365,0
2806146411120655,362240,63,2812,13365,0
2806146416231594,362240,63,2812,13365,0
2806146421343262,362240,63,2812,13365,0
2806146426454730,362240,63,2812,13365,0
2806146431566201,362240,63,2812,13365,0
2806146436677925,362284,63,2812,13365,0
2806146441792591,362284,63,2812,13365,0
2806146446907032,362284,63,2812,13365,0
2806146452019892,362284,63,2812,13365,0
2806146457132764,362284,63,2812,13365,0
2806146462245857,362284,63,2812,13365,0
2806146467359438,362284,63,2812,13365,0
2806146472474614,362284,63,2812,13365,0
2806146477589634,362284,63,2812,13365,0
2806146482703895,362284,63,2812,13365,0
2806146487818315,362284,63,2812,13365,0
2806146492933691,362284,63,2812,13365,0
2806146498050276,362284,63,2812,13365,0
2806146503165462,362284,63,2812,13365,0
2806146508281372,362284,63,2812,13365,0
2806146513396473,362284,63,2812,13365,0
2806146518511408,362284,63,2812,13365,0
2806146523626586,362284,63,2812,13365,0
2806146528742138,362284,63,2812,13365,0
2806146533857421,362284,63,2812,13365,0
2806146538974445,362284,63,2812,13365,0
2806146544089883,362284,63,2812,13365,0
2806146549206403,362284,63,2812,13365,0
2806146554322053,362284,63,2812,13365,0
2806146559437468,362284,63,2812,13365,0
2806146564553167,362284,63,2812,13365,0
2806146569670705,362284,63,2812,13365,0
2806146574785862,362284,63,2812,13365,0
2806146579900995,362284,63,2812,13365,0
2806146585030150,362284,63,2812,13365,0
2806146590146038,362284,63,2812,13365,0
2806146595261315,362284,63,2812,13365,0
2806146600378498,362284,63,2812,13365,0
2806146605493724,362284,63,2812,13365,0
2806146610609300,362284,63,2812,13365,0
2806146615724398,362284,63,2812,13365,0
2806146620841003,362284,63,2812,13365,0
2806146625956502,362284,63,2812,13365,0
2806146631071444,362284,63,2812,13365,0
2806146636186802,362284,63,2812,13365,0
2806146641302253,362284,63,2812,13365,0
2806146646417251,362284,63,2812,13365,0
2806146651536080,362284,63,2812,13365,0
2806146656651024,362284,63,2812,13365,0
2806146661766085,362284,63,2812,13365,0
2806146666881504,362284,63,2812,13365,0
2806146671996321,362284,63,2812,13365,0
2806146677134038,362284,63,2812,13365,0
2806146682249917,362284,63,2812,13365,0
2806146687378498,362284,63,2812,13365,0
2806146692511550,362284,63,2812,13365,0
2806146697627163,362284,63,2812,13365,0
2806146702743705,362284,63,2812,13365,0
2806146707860969,362284,63,2812,13365,0
2806146712976201,362284,63,2812,13365,0
2806146718091436,362284,63,2812,13365,0
2806146723206404,362284,63,2812,13365,0
2806146728321916,362284,63,2812,13365,0
2806146733437629,362284,63,2812,13365,0
2806146738555569,362284,63,2812,13365,0
2806146743671030,362284,63,2812,13365,0
2806146748786259,362284,63,2812,13365,0
2806146753903478,362284,63,2812,13365,0
2806146759060573,362284,63,2812,13365,0
2806146764176912,362284,63,2812,13365,0
2806146769292111,362284,63,2812,13365,0
2806146774407536,362284,63,2812,13365,0
2806146779522360,362284,63,2812,13365,0
2806146784637628,362284,63,2812,13365,0
2806146789753234,362284,63,2812,13365,0
2806146794870513,362284,63,2812,13365,0
2806146799985861,362284,63,2812,13365,0
2806146805120950,362284,63,2812,13365,0
2806146810236266,362284,63,2812,13365,0
2806146815351654,362284,63,2812,13365,0
2806146820466835,362284,63,2812,13365,0
2806146825581799,362284,63,2812,13365,0
2806146830697080,362284,63,2812,13365,0
2806146835814584,362284,63,2812,13365,0
2806146840929556,362284,63,2812,13365,0
2806146846044929,362284,63,2812,13365,0
2806146851160139,362284,63,2812,13365,0
2806146856276858,362284,63,2812,13365,0
2806146861392530,362284,63,2812,13365,0
2806146866509747,362284,63,2812,13365,0
2806146871627067,362284,63,2812,13365,0
2806146876742536,362284,63,2812,13365,0
2806146881858176,362284,63,2812,13365,0
2806146886973510,362284,63,2812,13365,0
2806146892088526,362284,63,2812,13365,0
2806146897203285,362284,63,2812,13365,0
2806146902319154,362284,63,2812,13365,0
2806146907435989,362284,63,2812,13365,0
2806146912551486,362284,63,2812,13365,0
2806146917666729,362284,63,2812,13365,0
2806146922794531,362284,63,2812,13365,0
2806146927909892,362284,63,2812,13365,0
2806146933024904,362284,63,2812,13365,0
2806146938140264,362341,63,2812,13365,0
2806146943256616,362341,63,2812,13365,0
2806146948371949,362341,63,2812,13365,0
2806146953487445,362341,63,2812,13365,0
2806146958603717,362341,63,2812,13365,0
2806146963718926,362341,63,2812,13365,0
2806146968836282,362341,63,2812,13365,0
2806146973951795,362341,63,2812,13365,0
2806146979066631,362341,63,2812,13365,0
2806146984181946,362341,63,2812,13365,0
2806146989297076,362341,63,2812,13365,0
2806146994412084,362341,63,2812,13365,0
2806146999529752,362341,63,2812,13365,0
2806147004645681,362341,63,2812,13365,0
2806147009762586,362341,63,2812,13365,0
2806147014878052,362341,63,2812,13365,0
2806147019993216,362341,63,2812,13365,0
2806147025132504,362341,63,2812,13365,0
2806147030248311,362341,63,2812,13365,0
2806147035364644,362341,63,2812,13365,0
2806147040480056,362341,63,2812,13365,0
2806147045595878,362341,63,2812,13365,0
2806147050711704,362341,63,2812,13365,0
2806147055829305,362341,63,2812,13365,0
2806147060948725,362341,63,2812,13365,0
2806147066066834,362341,63,2812,13365,0
2806147071182970,362341,63,2812,13365,0
2806147076298824,362341,63,2812,13365,0
2806147081414087,362341,63,2812,13365,0
2806147086531179,362341,63,2812,13365,0
2806147091646285,362341,63,2812,13365,0
2806147096763380,362341,63,2812,13365,0
2806147101879312,362341,63,2812,13365,0
2806147106995605,362341,63,2812,13365,0
2806147112133484,362341,63,2812,13365,0
2806147117249587,362341,63,2812,13365,0
2806147122364602,362341,63,2812,13365,0
2806147127480076,362341,63,2812,13365,0
2806147132596522,362341,63,2812,13365,0
2806147137711582,362341,63,2812,13365,0
2806147142842089,362341,63,2812,13365,0
2806147147957584,362341,63,2812,13365,0
2806147153073410,362341,63,2812,13365,0
2806147158188434,362341,63,2812,13365,0
2806147163306466,362341,63,2812,13365,0
2806147168422281,362341,63,2812,13365,0
2806147173539769,362341,63,2812,13365,0
2806147178655490,362341,63,2812,13365,0
2806147183772196,362341,63,2812,13365,0
2806147188889374,362341,63,2812,13365,0
2806147194023905,362341,63,2812,13365,0
2806147199139747,362341,63,2812,13365,0
2806147204254888,362341,63,2812,13365,0
2806147209373007,362341,63,2812,13365,0
2806147214490184,362341,63,2812,13365,0
2806147219606601,362341,63,2812,13365,0
2806147224730929,362341,63,2812,13365,0
2806147229845601,362341,63,2812,13365,0
2806147234959967,362341,63,2812,13365,0
2806147240073852,362341,63,2812,13365,0
2806147245239530,362341,63,2812,13365,0
2806147250352833,362341,63,2812,13365,0
2806147255466917,362341,63,2812,13365,0
2806147260581080,362341,63,2812,13365,0
2806147265696584,362341,63,2812,13365,0
2806147270809508,362341,63,2812,13365,0
2806147275922122,362341,63,2812,13365,0
2806147281036169,362341,63,2812,13365,0
2806147286149938,362341,63,2812,13365,0
2806147291263335,362341,63,2812,13365,0
2806147296376392,362341,63,2812,13365,0
2806147301489930,362341,63,2812,13365,0
2806147306603051,362341,63,2812,13365,0
2806147311715513,362341,63,2812,13365,0
2806147316829999,362341,63,2812,13365,0
2806147321949252,362341,63,2812,13365,0
2806147327076577,362341,63,2812,13365,0
2806147332196052,362341,63,2812,13365,0
2806147337309585,362341,63,2812,13365,0
2806147342422486,362341,63,2812,13365,0
2806147347552930,362341,63,2812,13365,0
2806147352665746,362341,63,2812,13365,0
2806147357777985,362341,63,2812,13365,0
2806147362891763,362341,63,2812,13365,0
2806147368021639,362341,63,2812,13365,0
2806147373135671,362341,63,2812,13365,0
2806147378248980,362341,63,2812,13365,0
2806147383363054,362341,63,2812,13365,0
2806147388477557,362341,63,2812,13365,0
2806147393593090,362341,63,2812,13365,0
2806147398706369,362341,63,2812,13365,0
2806147403819374,362341,63,2812,13365,0
2806147408933709,362341,63,2812,13365,0
2806147414047247,362341,63,2812,13365,0
2806147419163303,362341,63,2812,13365,0
2806147424276729,362341,63,2812,13365,0
2806147429391414,362341,63,2812,13365,0
2806147434506186,362341,63,2812,13365,0
2806147439619113,362510,63,2812,13365,0
2806147444735099,362510,63,2812,13365,0
2806147449848898,362510,63,2812,13365,0
2806147454963036,362510,63,2812,13365,0
2806147460077302,362510,63,2812,13365,0
2806147465223266,362510,63,2812,13365,0
2806147470337991,362510,63,2812,13365,0
2806147475455131,362510,63,2812,13365,0
2806147480569172,362510,63,2812,13365,0
2806147485692404,362510,63,2812,13365,0
2806147490806573,362510,63,2812,13365,0
2806147495922645,362510,63,2812,13365,0
2806147501038867,362510,63,2812,13365,0
2806147506154501,362510,63,2812,13365,0
2806147511270010,362510,63,2812,13365,0
2806147516386510,362510,63,2812,13365,0
2806147521505314,362510,63,2812,13365,0
2806147526621069,362510,63,2812,13365,0
2806147531736834,362510,63,2812,13365,0
2806147536853291,362510,63,2812,13365,0
2806147541969277,362510,63,2812,13365,0
2806147547084905,362510,63,2812,13365,0
2806147552200149,362510,63,2812,13365,0
2806147557315376,362510,63,2812,13365,0
2806147562430498,362510,63,2812,13365,0
2806147567546314,362510,63,2812,13365,0
2806147572665083,362510,63,2812,13365,0
2806147577779906,362510,63,2812,13365,0
2806147582895511,362510,63,2812,13365,0
2806147588029069,362510,63,2812,13365,0
2806147593145416,362510,63,2812,13365,0
2806147598260850,362510,63,2812,13365,0
2806147603375844,362510,63,2812,13365,0
2806147608490769,362510,63,2812,13365,0
2806147613606018,362510,63,2812,13365,0
2806147618721868,362510,63,2812,13365,0
2806147623841170,362510,63,2812,13365,0
2806147628956606,362510,63,2812,13365,0
2806147634071535,362510,63,2812,13365,0
2806147639186873,362510,63,2812,13365,0
2806147644302379,362510,63,2812,13365,0
2806147649417736,362510,63,2812,13365,0
2806147654533997,362510,63,2812,13365,0
2806147659649237,362510,63,2812,13365,0
2806147664764521,362510,63,2812,13365,0
2806147669879690,362510,63,2812,13365,0
2806147674996651,362510,63,2812,13365,0
2806147680134259,362510,63,2812,13365,0
2806147685249303,362510,63,2812,13365,0
2806147690364843,362510,63,2812,13365,0
2806147695479983,362510,63,2812,13365,0
2806147700595398,362510,63,2812,13365,0
2806147705711130,362510,63,2812,13365,0
2806147710828276,362510,63,2812,13365,0
2806147715943651,362510,63,2812,13365,0
2806147721059358,362510,63,2812,13365,0
2806147726176282,362510,63,2812,13365,0
2806147731291679,362510,63,2812,13365,0
2806147736406794,362510,63,2812,13365,0
2806147741523107,362510,63,2812,13365,0
2806147746638927,362510,63,2812,13365,0
2806147751754928,362510,63,2812,13365,0
2806147756870521,362510,63,2812,13365,0
2806147761987133,362510,63,2812,13365,0
2806147767176288,362510,63,2812,13365,0
2806147772291677,362510,63,2812,13365,0
2806147777408621,362510,63,2812,13365,0
2806147782524097,362510,63,2812,13365,0
2806147787639646,362510,63,2812,13365,0
2806147792756391,362510,63,2812,13365,0
2806147797878448,362510,63,2812,13365,0
2806147802993779,362510,63,2812,13365,0
2806147808127497,362510,63,2812,13365,0
2806147813243063,362510,63,2812,13365,0
2806147818358573,362510,63,2812,13365,0
2806147823473988,362510,63,2812,13365,0
2806147828590805,362510,63,2812,13365,0
2806147833705669,362510,63,2812,13365,0
2806147838823176,362510,63,2812,13365,0
2806147843937959,362510,63,2812,13365,0
2806147849052794,362510,63,2812,13365,0
2806147854167782,362510,63,2812,13365,0
2806147859282813,362510,63,2812,13365,0
2806147864398247,362510,63,2812,13365,0
2806147869515224,362510,63,2812,13365,0
2806147874630660,362510,63,2812,13365,0
2806147879747369,362510,63,2812,13365,0
2806147884866635,362510,63,2812,13365,0
2806147889981498,362510,63,2812,13365,0
2806147895097572,362510,63,2812,13365,0
2806147900212778,362510,63,2812,13365,0
2806147905327980,362510,63,2812,13365,0
2806147910443271,362510,63,2812,13365,0
2806147915558431,362510,63,2812,13365,0
2806147920673748,362510,63,2812,13365,0
2806147925791436,362510,63,2812,13365,0
2806147930908348,362510,63,2812,13365,0
2806147936024007,362510,63,2812,13365,0
2806147941139398,362478,63,2812,13365,0
2806147946256468,362478,63,2812,13365,0
2806147951371786,362478,63,2812,13365,0
2806147956488551,362478,63,2812,13365,0
2806147961604355,362478,63,2812,13365,0
2806147966719807,362478,63,2812,13365,0
2806147971834699,362478,63,2812,13365,0
2806147976949882,362478,63,2812,13365,0
2806147982066773,362478,63,2812,13365,0
2806147987182248,362478,63,2812,13365,0
2806147992299741,362478,63,2812,13365,0
2806147997414710,362478,63,2812,13365,0
2806148002547996,362478,63,2812,13365,0
2806148007663502,362478,63,2812,13365,0
2806148012778854,362478,63,2812,13365,0
2806148017894175,362478,63,2812,13365,0
2806148023034975,362478,63,2812,13365,0
2806148028151000,362478,63,2812,13365,0
2806148033268296,362478,63,2812,13365,0
2806148038383974,362478,63,2812,13365,0
2806148043499491,362478,63,2812,13365,0
2806148048615153,362478,63,2812,13365,0
2806148053730274,362478,63,2812,13365,0
2806148058847230,362478,63,2812,13365,0
2806148063962468,362478,63,2812,13365,0
2806148069078247,362478,63,2812,13365,0
2806148074193990,362478,63,2812,13365,0
2806148079308995,362478,63,2812,13365,0
2806148084425532,362478,63,2812,13365,0
2806148089543010,362478,63,2812,13365,0
2806148094658328,362478,63,2812,13365,0
2806148099773561,362478,63,2812,13365,0
2806148104888818,362478,63,2812,13365,0
2806148110026168,362478,63,2812,13365,0
2806148115142462,362478,63,2812,13365,0
2806148120258018,362478,63,2812,13365,0
2806148125373594,362478,63,2812,13365,0
2806148130490099,362478,63,2812,13365,0
2806148135623519,362478,63,2812,13365,0
2806148140739792,362478,63,2812,13365,0
2806148145857024,362478,63,2812,13365,0
2806148150981624,362478,63,2812,13365,0
2806148156097745,362478,63,2812,13365,0
2806148161212997,362478,63,2812,13365,0
2806148166328975,362478,63,2812,13365,0
2806148171444114,362478,63,2812,13365,0
2806148176559086,362478,63,2812,13365,0
2806148181674591,362478,63,2812,13365,0
2806148186793967,362478,63,2812,13365,0
2806148191909167,362478,63,2812,13365,0
2806148197024496,362478,63,2812,13365,0
2806148202139816,362478,63,2812,13365,0
2806148207255196,362478,63,2812,13365,0
2806148212370883,362478,63,2812,13365,0
2806148217488407,362478,63,2812,13365,0
2806148222620218,362478,63,2812,13365,0
2806148227735838,362478,63,2812,13365,0
2806148232851278,362478,63,2812,13365,0
2806148237968070,362478,63,2812,13365,0
2806148243083349,362478,63,2812,13365,0
2806148248198425,362478,63,2812,13365,0
2806148253315592,362478,63,2812,13365,0
2806148258430924,362478,63,2812,13365,0
2806148263546097,362478,63,2812,13365,0
2806148268661477,362478,63,2812,13365,0
2806148273777087,362478,63,2812,13365,0
2806148278893020,362478,63,2812,13365,0
2806148284027606,362478,63,2812,13365,0
2806148289144946,362478,63,2812,13365,0
2806148294260559,362478,63,2812,13365,0
2806148299375891,362478,63,2812,13365,0
2806148304491267,362478,63,2812,13365,0
2806148309607136,362478,63,2812,13365,0
2806148314722312,362478,63,2812,13365,0
2806148319839469,362478,63,2812,13365,0
2806148324954846,362478,63,2812,13365,0
2806148330069789,362478,63,2812,13365,0
2806148335185250,362478,63,2812,13365,0
2806148340301872,362478,63,2812,13365,0
2806148345417807,362478,63,2812,13365,0
2806148350533695,362478,63,2812,13365,0
2806148355649367,362478,63,2812,13365,0
2806148360764602,362478,63,2812,13365,0
2806148365879501,362478,63,2812,13365,0
2806148370994833,362478,63,2812,13365,0
2806148376134489,362478,63,2812,13365,0
2806148381249793,362478,63,2812,13365,0
2806148386365149,362478,63,2812,13365,0
2806148391481888,362478,63,2812,13365,0
2806148396597302,362478,63,2812,13365,0
2806148401713215,362478,63,2812,13365,0
2806148406831167,362478,63,2812,13365,0
2806148411946851,362478,63,2812,13365,0
2806148417061980,362478,63,2812,13365,0
2806148422177116,362478,63,2812,13365,0
2806148427292544,362478,63,2812,13365,0
2806148432407869,362478,63,2812,13365,0
2806148437524681,362244,63,2805,13365,0
2806148442657474,362244,63,2805,13365,0
2806148447772918,362244,63,2805,13365,0
2806148452888115,362244,63,2805,13365,0
2806148458025343,362244,63,2805,13365,0
2806148463141049,362244,63,2805,13365,0
2806148468256532,362244,63,2805,13365,0
2806148473372008,362244,63,2805,13365,0
2806148478487562,362244,63,2805,13365,0
2806148483602765,362244,63,2805,13365,0
2806148488717933,362244,63,2805,13365,0
2806148493835850,362244,63,2805,13365,0
2806148498954968,362244,63,2805,13365,0
2806148504069884,362244,63,2805,13365,0
2806148509185291,362244,63,2805,13365,0
2806148514301786,362244,63,2805,13365,0
2806148519417117,362244,63,2805,13365,0
2806148524534795,362244,63,2805,13365,0
2806148529649924,362244,63,2805,13365,0
2806148534765591,362244,63,2805,13365,0
2806148539881129,362244,63,2805,13365,0
2806148544997745,362244,63,2805,13365,0
2806148550137397,362244,63,2805,13365,0
2806148555252957,362244,63,2805,13365,0
2806148560368446,362244,63,2805,13365,0
2806148565484575,362244,63,2805,13365,0
2806148570599589,362244,63,2805,13365,0
2806148575714827,362244,63,2805,13365,0
2806148580832323,362244,63,2805,13365,0
2806148585948020,362244,63,2805,13365,0
2806148591063081,362244,63,2805,13365,0
2806148596179616,362244,63,2805,13365,0
2806148601294922,362244,63,2805,13365,0
2806148606410370,362244,63,2805,13365,0
2806148611526786,362244,63,2805,13365,0
2806148616642068,362244,63,2805,13365,0
2806148621757567,362244,63,2805,13365,0
2806148626872597,362244,63,2805,13365,0
2806148631988452,362244,63,2805,13365,0
2806148637129340,362244,63,2805,13365,0
2806148642244656,362244,63,2805,13365,0
2806148647361300,362244,63,2805,13365,0
2806148652482771,362244,63,2805,13365,0
2806148657615701,362244,63,2805,13365,0
2806148662732418,362244,63,2805,13365,0
2806148667847986,362244,63,2805,13365,0
2806148672963418,362244,63,2805,13365,0
2806148678078446,362244,63,2805,13365,0
2806148683193967,362244,63,2805,13365,0
2806148688309387,362244,63,2805,13365,0
2806148693425976,362244,63,2805,13365,0
2806148698543204,362244,63,2805,13365,0
2806148703658601,362244,63,2805,13365,0
2806148708773573,362244,63,2805,13365,0
2806148713888933,362244,63,2805,13365,0
2806148719022201,362244,63,2805,13365,0
2806148724138082,362244,63,2805,13365,0
2806148729253578,362244,63,2805,13365,0
2806148734369107,362244,63,2805,13365,0
2806148739484679,362244,63,2805,13365,0
2806148744600223,362244,63,2805,13365,0
2806148749716960,362244,63,2805,13365,0
2806148754834070,362244,63,2805,13365,0
2806148759949125,362244,63,2805,13365,0
2806148765064195,362244,63,2805,13365,0
2806148770179712,362244,63,2805,13365,0
2806148775295309,362244,63,2805,13365,0
2806148780410655,362244,63,2805,13365,0
2806148785526765,362244,63,2805,13365,0
2806148790642293,362244,63,2805,13365,0
2806148795757592,362244,63,2805,13365,0
2806148800874657,362244,63,2805,13365,0
2806148805990080,362244,63,2805,13365,0
2806148811184776,362244,63,2805,13365,0
2806148816299980,362244,63,2805,13365,0
2806148821420928,362244,63,2805,13365,0
2806148826536353,362244,63,2805,13365,0
2806148831651624,362244,63,2805,13365,0
2806148836766618,362244,63,2805,13365,0
2806148841883451,362244,63,2805,13365,0
2806148846998883,362244,63,2805,13365,0
2806148852134175,362244,63,2805,13365,0
2806148857251419,362244,63,2805,13365,0
2806148862366779,362244,63,2805,13365,0
2806148867482562,362244,63,2805,13365,0
2806148872597724,362244,63,2805,13365,0
2806148877713373,362244,63,2805,13365,0
2806148882829322,362244,63,2805,13365,0
2806148887945670,362244,63,2805,13365,0
2806148893061498,362244,63,2805,13365,0
2806148898177514,362244,63,2805,13365,0
2806148903294747,362244,63,2805,13365,0
2806148908409669,362244,63,2805,13365,0
2806148913524819,362244,63,2805,13365,0
2806148918640924,362244,63,2805,13365,0
2806148923756452,362244,63,2805,13365,0
2806148928871907,362244,63,2805,13365,0
2806148933987897,362244,63,2805,13365,0
2806148939123414,361915,63,2805,13365,0
2806148944239918,361915,63,2805,13365,0
2806148949355284,361915,63,2805,13365,0
2806148954472118,361915,63,2805,13365,0
2806148959587667,361915,63,2805,13365,0
2806148964703159,361915,63,2805,13365,0
2806148969819882,361915,63,2805,13365,0
2806148974935164,361915,63,2805,13365,0
2806148980050511,361915,63,2805,13365,0
2806148985165897,361915,63,2805,13365,0
2806148990281074,361915,63,2805,13365,0
2806148995396529,361915,63,2805,13365,0
2806149000513668,361915,63,2805,13365,0
2806149005630246,361915,63,2805,13365,0
2806149010745575,361915,63,2805,13365,0
2806149015860607,361915,63,2805,13365,0
2806149020975619,361915,63,2805,13365,0
2806149026091112,361915,63,2805,13365,0
2806149031206920,361915,63,2805,13365,0
2806149036322439,361915,63,2805,13365,0
2806149041437289,361915,63,2805,13365,0
2806149046552782,361915,63,2805,13365,0
2806149051667992,361915,63,2805,13365,0
2806149056784671,361915,63,2805,13365,0
2806149061900166,361915,63,2805,13365,0
2806149067031755,361915,63,2805,13365,0
2806149072147555,361915,63,2805,13365,0
2806149077262947,361915,63,2805,13365,0
2806149082378036,361915,63,2805,13365,0
2806149087493283,361915,63,2805,13365,0
2806149092608241,361915,63,2805,13365,0
2806149097745031,361915,63,2805,13365,0
2806149102862416,361915,63,2805,13365,0
2806149107979022,361915,63,2805,13365,0
2806149113094378,361915,63,2805,13365,0
2806149118209628,361915,63,2805,13365,0
2806149123334063,361915,63,2805,13365,0
2806149128449459,361915,63,2805,13365,0
2806149133566211,361915,63,2805,13365,0
2806149138681656,361915,63,2805,13365,0
2806149143797165,361915,63,2805,13365,0
2806149148912649,361915,63,2805,13365,0
2806149154027709,361915,63,2805,13365,0
2806149159144409,361915,63,2805,13365,0
2806149164260050,361915,63,2805,13365,0
2806149169377158,361915,63,2805,13365,0
2806149174493286,361915,63,2805,13365,0
2806149179608311,361915,63,2805,13365,0
2806149184723471,361915,63,2805,13365,0
2806149189838556,361915,63,2805,13365,0
2806149194954369,361915,63,2805,13365,0
2806149200070359,361915,63,2805,13365,0
2806149205185285,361915,63,2805,13365,0
2806149210302161,361915,63,2805,13365,0
2806149215417465,361915,63,2805,13365,0
2806149220532902,361915,63,2805,13365,0
2806149225647601,361915,63,2805,13365,0
2806149230762683,361915,63,2805,13365,0
2806149235880059,361915,63,2805,13365,0
2806149240995492,361915,63,2805,13365,0
2806149246132504,361915,63,2805,13365,0
2806149251247752,361915,63,2805,13365,0
2806149256362700,361915,63,2805,13365,0
2806149261479061,361915,63,2805,13365,0
2806149266594221,361915,63,2805,13365,0
2806149271709500,361915,63,2805,13365,0
2806149276826634,361915,63,2805,13365,0
2806149281941715,361915,63,2805,13365,0
2806149287056899,361915,63,2805,13365,0
2806149292172119,361915,63,2805,13365,0
2806149297286952,361915,63,2805,13365,0
2806149302401996,361915,63,2805,13365,0
2806149307518505,361915,63,2805,13365,0
2806149312652823,361915,63,2805,13365,0
2806149317768059,361915,63,2805,13365,0
2806149322883453,361915,63,2805,13365,0
2806149327998588,361915,63,2805,13365,0
2806149333136870,361915,63,2805,13365,0
2806149338252079,361915,63,2805,13365,0
2806149343368143,361915,63,2805,13365,0
2806149348483800,361915,63,2805,13365,0
2806149353599663,361915,63,2805,13365,0
2806149358714902,361915,63,2805,13365,0
2806149363832272,361915,63,2805,13365,0
2806149368947896,361915,63,2805,13365,0
2806149374064066,361915,63,2805,13365,0
2806149379180106,361915,63,2805,13365,0
2806149384295830,361915,63,2805,13365,0
2806149389420675,361915,63,2805,13365,0
2806149394536945,361915,63,2805,13365,0
2806149399652039,361915,63,2805,13365,0
2806149404767432,361915,63,2805,13365,0
2806149409883204,361915,63,2805,13365,0
2806149415024062,361915,63,2805,13365,0
2806149420140907,361915,63,2805,13365,0
2806149425256625,361915,63,2805,13365,0
2806149430372050,361915,63,2805,13365,0
2806149435487460,361915,63,2805,13365,0
2806149440602842,361658,63,2805,13365,0
2806149445718838,361658,63,2805,13365,0
2806149450836323,361658,63,2805,13365,0
2806149455951671,361658,63,2805,13365,0
2806149461067460,361658,63,2805,13365,0
2806149466183944,361658,63,2805,13365,0
2806149471298924,361658,63,2805,13365,0
2806149476414929,361658,63,2805,13365,0
2806149481531714,361658,63,2805,13365,0
2806149486646553,361658,63,2805,13365,0
2806149491761822,361658,63,2805,13365,0
2806149496877466,361658,63,2805,13365,0
2806149501992837,361658,63,2805,13365,0
2806149507133355,361658,63,2805,13365,0
2806149512248399,361658,63,2805,13365,0
2806149517365296,361658,63,2805,13365,0
2806149522480708,361658,63,2805,13365,0
2806149527595284,361658,63,2805,13365,0
2806149532710783,361658,63,2805,13365,0
2806149537827517,361658,63,2805,13365,0
2806149542942521,361658,63,2805,13365,0
2806149548057549,361658,63,2805,13365,0
2806149553172461,361658,63,2805,13365,0
2806149558289647,361658,63,2805,13365,0
2806149563405319,361658,63,2805,13365,0
2806149568521847,361658,63,2805,13365,0
2806149573636628,361658,63,2805,13365,0
2806149578751736,361658,63,2805,13365,0
2806149583866661,361658,63,2805,13365,0
2806149588981661,361658,63,2805,13365,0
2806149594098270,361658,63,2805,13365,0
2806149599213334,361658,63,2805,13365,0
2806149604328434,361658,63,2805,13365,0
2806149609443163,361658,63,2805,13365,0
2806149614558327,361658,63,2805,13365,0
2806149619674271,361658,63,2805,13365,0
2806149624789444,361658,63,2805,13365,0
2806149629906572,361658,63,2805,13365,0
2806149635021705,361658,63,2805,13365,0
2806149640136777,361658,63,2805,13365,0
2806149645252013,361658,63,2805,13365,0
2806149650367006,361658,63,2805,13365,0
2806149655482098,361658,63,2805,13365,0
2806149660599553,361658,63,2805,13365,0
2806149665714507,361658,63,2805,13365,0
2806149670830851,361658,63,2805,13365,0
2806149675945926,361658,63,2805,13365,0
2806149681061120,361658,63,2805,13365,0
2806149686176722,361658,63,2805,13365,0
2806149691293677,361658,63,2805,13365,0
2806149696408613,361658,63,2805,13365,0
2806149701524128,361658,63,2805,13365,0
2806149706638958,361658,63,2805,13365,0
2806149711753816,361658,63,2805,13365,0
2806149716868821,361658,63,2805,13365,0
2806149721987653,361658,63,2805,13365,0
2806149727121265,361658,63,2805,13365,0
2806149732236541,361658,63,2805,13365,0
2806149737351648,361658,63,2805,13365,0
2806149742466643,361658,63,2805,13365,0
2806149747581960,361658,63,2805,13365,0
2806149752698837,361658,63,2805,13365,0
2806149757814502,361658,63,2805,13365,0
2806149762929918,361658,63,2805,13365,0
2806149768060710,361658,63,2805,13365,0
2806149773177518,361658,63,2805,13365,0
2806149778292835,361658,63,2805,13365,0
2806149783409971,361658,63,2805,13365,0
2806149788525256,361658,63,2805,13365,0
2806149793640274,361658,63,2805,13365,0
2806149798755496,361658,63,2805,13365,0
2806149803870705,361658,63,2805,13365,0
2806149808990109,361658,63,2805,13365,0
2806149814188123,361658,63,2805,13365,0
2806149819303137,361658,63,2805,13365,0
2806149824419852,361658,63,2805,13365,0
2806149829535155,361658,63,2805,13365,0
2806149834650174,361658,63,2805,13365,0
2806149839765411,361658,63,2805,13365,0
2806149844882530,361658,63,2805,13365,0
2806149849998032,361658,63,2805,13365,0
2806149855131148,361658,63,2805,13365,0
2806149860246076,361658,63,2805,13365,0
2806149865361107,361658,63,2805,13365,0
2806149870476361,361658,63,2805,13365,0
2806149875593102,361658,63,2805,13365,0
2806149880708575,361658,63,2805,13365,0
2806149885825479,361658,63,2805,13365,0
2806149890940922,361658,63,2805,13365,0
2806149896056053,361658,63,2805,13365,0
2806149901171637,361658,63,2805,13365,0
2806149906286942,361658,63,2805,13365,0
2806149911402168,361658,63,2805,13365,0
2806149916520240,361658,63,2805,13365,0
2806149921635583,361658,63,2805,13365,0
2806149926752089,361658,63,2805,13365,0
2806149931867104,361658,63,2805,13365,0
2806149936982214,361620,64,2805,13365,0
2806149942123191,361620,64,2805,13365,0
2806149947238271,361620,64,2805,13365,0
2806149952353900,361620,64,2805,13365,0
2806149957469455,361620,64,2805,13365,0
2806149962584200,361620,64,2805,13365,0
2806149967716640,361620,64,2805,13365,0
2806149972834261,361620,64,2805,13365,0
2806149977950923,361620,64,2805,13365,0
2806149983066053,361620,64,2805,13365,0
2806149988181782,361620,64,2805,13365,0
2806149993297262,361620,64,2805,13365,0
2806149998412439,361620,64,2805,13365,0
2806150003535805,361620,64,2805,13365,0
2806150008650688,361620,64,2805,13365,0
2806150013765394,361620,64,2805,13365,0
2806150018880928,361620,64,2805,13365,0
2806150023995823,361620,64,2805,13365,0
2806150029135129,361620,64,2805,13365,0
2806150034250033,361620,64,2805,13365,0
2806150039365756,361620,64,2805,13365,0
2806150044480818,361620,64,2805,13365,0
2806150049596030,361620,64,2805,13365,0
2806150054712089,361620,64,2805,13365,0
2806150059829907,361620,64,2805,13365,0
2806150064944618,361620,64,2805,13365,0
2806150070060084,361620,64,2805,13365,0
2806150075175794,361620,64,2805,13365,0
2806150080291876,361620,64,2805,13365,0
2806150085407145,361620,64,2805,13365,0
2806150090524561,361620,64,2805,13365,0
2806150095639822,361620,64,2805,13365,0
2806150100754774,361620,64,2805,13365,0
2806150105869475,361620,64,2805,13365,0
2806150110984671,361620,64,2805,13365,0
2806150116123016,361620,64,2805,13365,0
2806150121237711,361620,64,2805,13365,0
2806150126353136,361620,64,2805,13365,0
2806150131470654,361620,64,2805,13365,0
2806150136585961,361620,64,2805,13365,0
2806150141701851,361620,64,2805,13365,0
2806150146819182,361620,64,2805,13365,0
2806150151934058,361620,64,2805,13365,0
2806150157048970,361620,64,2805,13365,0
2806150162164135,361620,64,2805,13365,0
2806150167279198,361620,64,2805,13365,0
2806150172394459,361620,64,2805,13365,0
2806150177512320,361620,64,2805,13365,0
2806150182628528,361620,64,2805,13365,0
2806150187743776,361620,64,2805,13365,0
2806150192858905,361620,64,2805,13365,0
2806150197954461,361620,64,2805,13365,0
2806150203069776,361620,64,2805,13365,0
2806150208184910,361620,64,2805,13365,0
2806150213300059,361620,64,2805,13365,0
2806150218414557,361620,64,2805,13365,0
2806150223533187,361620,64,2805,13365,0
2806150228648366,361620,64,2805,13365,0
2806150233764737,361620,64,2805,13365,0
2806150238879614,361620,64,2805,13365,0
2806150243997244,361620,64,2805,13365,0
2806150249134421,361620,64,2805,13365,0
2806150254249307,361620,64,2805,13365,0
2806150259364232,361620,64,2805,13365,0
2806150264479423,361620,64,2805,13365,0
2806150269594626,361620,64,2805,13365,0
2806150274710071,361620,64,2805,13365,0
2806150279826542,361620,64,2805,13365,0
2806150284943392,361620,64,2805,13365,0
2806150290058458,361620,64,2805,13365,0
2806150295173768,361620,64,2805,13365,0
2806150300289065,361620,64,2805,13365,0
2806150305404417,361620,64,2805,13365,0
2806150310521841,361620,64,2805,13365,0
2806150315637526,361620,64,2805,13365,0
2806150320752466,361620,64,2805,13365,0
2806150325868161,361620,64,2805,13365,0
2806150330983231,361620,64,2805,13365,0
2806150336123804,361620,64,2805,13365,0
2806150341238832,361620,64,2805,13365,0
2806150346354028,361620,64,2805,13365,0
2806150351469023,361620,64,2805,13365,0
2806150356584201,361620,64,2805,13365,0
2806150361699245,361620,64,2805,13365,0
2806150366814635,361620,64,2805,13365,0
2806150371929980,361620,64,2805,13365,0
2806150377044947,361620,64,2805,13365,0
2806150382160382,361620,64,2805,13365,0
2806150387276799,361620,64,2805,13365,0
2806150392391658,361620,64,2805,13365,0
2806150397506990,361620,64,2805,13365,0
2806150402621776,361620,64,2805,13365,0
2806150407736665,361620,64,2805,13365,0
2806150412851805,361620,64,2805,13365,0
2806150417966929,361620,64,2805,13365,0
2806150423082346,361620,64,2805,13365,0
2806150428202669,361620,64,2805,13365,0
2806150433318507,361620,64,2805,13365,0
2806150438434905,361888,64,2805,13365,0
2806150443551115,361888,64,2805,13365,0
2806150448666424,361888,64,2805,13365,0
2806150453781558,361888,64,2805,13365,0
2806150458896481,361888,64,2805,13365,0
2806150464034439,361888,64,2805,13365,0
2806150469150025,361888,64,2805,13365,0
2806150474264701,361888,64,2805,13365,0
2806150479379546,361888,64,2805,13365,0
2806150484495111,361888,64,2805,13365,0
2806150489611831,361888,64,2805,13365,0
2806150494727040,361888,64,2805,13365,0
2806150499843872,361888,64,2805,13365,0
2806150504959288,361888,64,2805,13365,0
2806150510074321,361888,64,2805,13365,0
2806150515189881,361888,64,2805,13365,0
2806150520304829,361888,64,2805,13365,0
2806150525420174,361888,64,2805,13365,0
2806150530536798,361888,64,2805,13365,0
2806150535652302,361888,64,2805,13365,0
2806150540769198,361888,64,2805,13365,0
2806150545884487,361888,64,2805,13365,0
2806150550999783,361888,64,2805,13365,0
2806150556137947,361888,64,2805,13365,0
2806150561253788,361888,64,2805,13365,0
2806150566369261,361888,64,2805,13365,0
2806150571484821,361888,64,2805,13365,0
2806150576600085,361888,64,2805,13365,0
2806150581736364,361888,64,2805,13365,0
2806150586854277,361888,64,2805,13365,0
2806150591971516,361888,64,2805,13365,0
2806150597087059,361888,64,2805,13365,0
2806150602202187,361888,64,2805,13365,0
2806150607317735,361888,64,2805,13365,0
2806150612433184,361888,64,2805,13365,0
2806150617548600,361888,64,2805,13365,0
2806150622681782,361888,64,2805,13365,0
2806150627796972,361888,64,2805,13365,0
2806150632911953,361888,64,2805,13365,0
2806150638027007,361888,64,2805,13365,0
2806150643143532,361888,64,2805,13365,0
2806150648259099,361888,64,2805,13365,0
2806150653395154,361888,64,2805,13365,0
2806150658510375,361888,64,2805,13365,0
2806150663625272,361888,64,2805,13365,0
2806150668740127,361888,64,2805,13365,0
2806150673855524,361888,64,2805,13365,0
2806150678970877,361888,64,2805,13365,0
2806150684088189,361888,64,2805,13365,0
2806150689203533,361888,64,2805,13365,0
2806150694320484,361888,64,2805,13365,0
2806150699435635,361888,64,2805,13365,0
2806150704550954,361888,64,2805,13365,0
2806150709645119,361888,64,2805,13365,0
2806150714762892,361888,64,2805,13365,0
2806150719878217,361888,64,2805,13365,0
2806150724993684,361888,64,2805,13365,0
2806150730185984,361888,64,2805,13365,0
2806150735301518,361888,64,2805,13365,0
2806150740416925,361888,64,2805,13365,0
2806150745533414,361888,64,2805,13365,0
2806150750662451,361888,64,2805,13365,0
2806150755817337,361888,64,2805,13365,0
2806150760934710,361888,64,2805,13365,0
2806150766049666,361888,64,2805,13365,0
2806150771164650,361888,64,2805,13365,0
2806150776280015,361888,64,2805,13365,0
2806150781395283,361888,64,2805,13365,0
2806150786510784,361888,64,2805,13365,0
2806150791627333,361888,64,2805,13365,0
2806150796744252,361888,64,2805,13365,0
2806150801859452,361888,64,2805,13365,0
2806150806974554,361888,64,2805,13365,0
2806150812090494,361888,64,2805,13365,0
2806150817206035,361888,64,2805,13365,0
2806150822321463,361888,64,2805,13365,0
2806150827439147,361888,64,2805,13365,0
2806150832554788,361888,64,2805,13365,0
2806150837670311,361888,64,2805,13365,0
2806150842785340,361888,64,2805,13365,0
2806150847901989,361888,64,2805,13365,0
2806150853032093,361888,64,2805,13365,0
2806150858148013,361888,64,2805,13365,0
2806150863263009,361888,64,2805,13365,0
2806150868377817,361888,64,2805,13365,0
2806150873493103,361888,64,2805,13365,0
2806150878608282,361888,64,2805,13365,0
2806150883723517,361888,64,2805,13365,0
2806150888840511,361888,64,2805,13365,0
2806150893955328,361888,64,2805,13365,0
2806150899071785,361888,64,2805,13365,0
2806150904187793,361888,64,2805,13365,0
2806150909302839,361888,64,2805,13365,0
2806150914417977,361888,64,2805,13365,0
2806150919541730,361888,64,2805,13365,0
2806150924657978,361888,64,2805,13365,0
2806150929773486,361888,64,2805,13365,0
2806150934888521,361888,64,2805,13365,0
2806150940025679,361879,64,2805,13365,0
2806150945143024,361879,64,2805,13365,0
2806150950260068,361879,64,2805,13365,0
2806150955375258,361879,64,2805,13365,0
2806150960490445,361879,64,2805,13365,0
2806150965606401,361879,64,2805,13365,0
2806150970722081,361879,64,2805,13365,0
2806150975838946,361879,64,2805,13365,0
2806150980954306,361879,64,2805,13365,0
2806150986069338,361879,64,2805,13365,0
2806150991184847,361879,64,2805,13365,0
2806150996300104,361879,64,2805,13365,0
2806151001416816,361879,64,2805,13365,0
2806151006531932,361879,64,2805,13365,0
2806151011647360,361879,64,2805,13365,0
2806151016762493,361879,64,2805,13365,0
2806151021877465,361879,64,2805,13365,0
2806151026992426,361879,64,2805,13365,0
2806151032131726,361879,64,2805,13365,0
2806151037247162,361879,64,2805,13365,0
2806151042362487,361879,64,2805,13365,0
2806151047477915,361879,64,2805,13365,0
2806151052595051,361879,64,2805,13365,0
2806151057710048,361879,64,2805,13365,0
2806151062826532,361879,64,2805,13365,0
2806151067941773,361879,64,2805,13365,0
2806151073057081,361879,64,2805,13365,0
2806151078172309,361879,64,2805,13365,0
2806151083287348,361879,64,2805,13365,0
2806151088402287,361879,64,2805,13365,0
2806151093539322,361879,64,2805,13365,0
2806151098654287,361879,64,2805,13365,0
2806151103770943,361879,64,2805,13365,0
2806151108886104,361879,64,2805,13365,0
2806151114023432,361879,64,2805,13365,0
2806151119139480,361879,64,2805,13365,0
2806151124254468,361879,64,2805,13365,0
2806151129369841,361879,64,2805,13365,0
2806151134485826,361879,64,2805,13365,0
2806151139600909,361879,64,2805,13365,0
2806151144716250,361879,64,2805,13365,0
2806151149833210,361879,64,2805,13365,0
2806151154950059,361879,64,2805,13365,0
2806151160065173,361879,64,2805,13365,0
2806151165180165,361879,64,2805,13365,0
2806151170295520,361879,64,2805,13365,0
2806151175410821,361879,64,2805,13365,0
2806151180527045,361879,64,2805,13365,0
2806151185642385,361879,64,2805,13365,0
2806151190757242,361879,64,2805,13365,0
2806151195872817,361879,64,2805,13365,0
2806151200988147,361879,64,2805,13365,0
2806151206127733,361879,64,2805,13365,0
2806151211243211,361879,64,2805,13365,0
2806151216358102,361879,64,2805,13365,0
2806151221473115,361879,64,2805,13365,0
2806151226588964,361879,64,2805,13365,0
2806151231704080,361879,64,2805,13365,0
2806151236821609,361879,64,2805,13365,0
2806151241936738,361879,64,2805,13365,0
2806151247051955,361879,64,2805,13365,0
2806151252166906,361879,64,2805,13365,0
2806151257283935,361879,64,2805,13365,0
2806151262399079,361879,64,2805,13365,0
2806151267515880,361879,64,2805,13365,0
2806151272630715,361879,64,2805,13365,0
2806151277763444,361879,64,2805,13365,0
2806151282879320,361879,64,2805,13365,0
2806151287994763,361879,64,2805,13365,0
2806151293135496,361879,64,2805,13365,0
2806151298252585,361879,64,2805,13365,0
2806151303367789,361879,64,2805,13365,0
2806151308484534,361879,64,2805,13365,0
2806151313603983,361879,64,2805,13365,0
2806151318719743,361879,64,2805,13365,0
2806151323835128,361879,64,2805,13365,0
2806151328950580,361879,64,2805,13365,0
2806151334065772,361879,64,2805,13365,0
2806151339181046,361879,64,2805,13365,0
2806151344296364,361879,64,2805,13365,0
2806151349411825,361879,64,2805,13365,0
2806151354526618,361879,64,2805,13365,0
2806151359643492,361879,64,2805,13365,0
2806151364761243,361879,64,2805,13365,0
2806151369876902,361879,64,2805,13365,0
2806151374992515,361879,64,2805,13365,0
2806151380125867,361879,64,2805,13365,0
2806151385241015,361879,64,2805,13365,0
2806151390355828,361879,64,2805,13365,0
2806151395470856,361879,64,2805,13365,0
2806151400586041,361879,64,2805,13365,0
2806151405701337,361879,64,2805,13365,0
2806151410820233,361879,64,2805,13365,0
2806151415942358,361879,64,2805,13365,0
2806151421057896,361879,64,2805,13365,0
2806151426173281,361879,64,2805,13365,0
2806151431288835,361879,64,2805,13365,0
2806151436403743,361879,64,2805,13365,0
2806151441520023,361883,64,2805,13365,0
2806151446636504,361883,64,2805,13365,0
2806151451751863,361883,64,2805,13365,0
2806151456867329,361883,64,2805,13365,0
2806151461983997,361883,64,2805,13365,0
2806151467123418,361883,64,2805,13365,0
2806151472238546,361883,64,2805,13365,0
2806151477353714,361883,64,2805,13365,0
2806151482468903,361883,64,2805,13365,0
2806151487584023,361883,64,2805,13365,0
2806151492699016,361883,64,2805,13365,0
2806151497816044,361883,64,2805,13365,0
2806151502930981,361883,64,2805,13365,0
2806151508045877,361883,64,2805,13365,0
2806151513162221,361883,64,2805,13365,0
2806151518277413,361883,64,2805,13365,0
2806151523392564,361883,64,2805,13365,0
2806151528510202,361883,64,2805,13365,0
2806151533625171,361883,64,2805,13365,0
2806151538740227,361883,64,2805,13365,0
2806151543857569,361883,64,2805,13365,0
2806151548974688,361883,64,2805,13365,0
2806151554089656,361883,64,2805,13365,0
2806151559205048,361883,64,2805,13365,0
2806151564321753,361883,64,2805,13365,0
2806151569436713,361883,64,2805,13365,0
2806151574551915,361883,64,2805,13365,0
2806151579669670,361883,64,2805,13365,0
2806151584785146,361883,64,2805,13365,0
2806151589900470,361883,64,2805,13365,0
2806151595030035,361883,64,2805,13365,0
2806151600145863,361883,64,2805,13365,0
2806151605261372,361883,64,2805,13365,0
2806151610376696,361883,64,2805,13365,0
2806151615493283,361883,64,2805,13365,0
2806151620608505,361883,64,2805,13365,0
2806151625723621,361883,64,2805,13365,0
2806151630840665,361883,64,2805,13365,0
2806151635956020,361883,64,2805,13365,0
2806151641070990,361883,64,2805,13365,0
2806151646186169,361883,64,2805,13365,0
2806151651301367,361883,64,2805,13365,0
2806151656416672,361883,64,2805,13365,0
2806151661533756,361883,64,2805,13365,0
2806151666650372,361883,64,2805,13365,0
2806151671788397,361883,64,2805,13365,0
2806151676903989,361883,64,2805,13365,0
2806151682022062,361883,64,2805,13365,0
2806151687137126,361883,64,2805,13365,0
2806151692251908,361883,64,2805,13365,0
2806151697366951,361883,64,2805,13365,0
2806151702482887,361883,64,2805,13365,0
2806151707597802,361883,64,2805,13365,0
2806151712713355,361883,64,2805,13365,0
2806151717830228,361883,64,2805,13365,0
2806151722945884,361883,64,2805,13365,0
2806151728060653,361883,64,2805,13365,0
2806151733176322,361883,64,2805,13365,0
2806151738293621,361883,64,2805,13365,0
2806151743409006,361883,64,2805,13365,0
2806151748524459,361883,64,2805,13365,0
2806151753639923,361883,64,2805,13365,0
2806151758755245,361883,64,2805,13365,0
2806151763870212,361883,64,2805,13365,0
2806151768989634,361883,64,2805,13365,0
2806151774187491,361883,64,2805,13365,0
2806151779302744,361883,64,2805,13365,0
2806151784417716,361883,64,2805,13365,0
2806151789533011,361883,64,2805,13365,0
2806151794648325,361883,64,2805,13365,0
2806151799763438,361883,64,2805,13365,0
2806151804880574,361883,64,2805,13365,0
2806151809995994,361883,64,2805,13365,0
2806151815129187,361883,64,2805,13365,0
2806151820245903,361883,64,2805,13365,0
2806151825361316,361883,64,2805,13365,0
2806151830476636,361883,64,2805,13365,0
2806151835591625,361883,64,2805,13365,0
2806151840707489,361883,64,2805,13365,0
2806151845824969,361883,64,2805,13365,0
2806151850941013,361883,64,2805,13365,0
2806151856056242,361883,64,2805,13365,0
2806151861170698,361883,64,2805,13365,0
2806151866285851,361883,64,2805,13365,0
2806151871402799,361883,64,2805,13365,0
2806151876519333,361883,64,2805,13365,0
2806151881635012,361883,64,2805,13365,0
2806151886749984,361883,64,2805,13365,0
2806151891865417,361883,64,2805,13365,0
2806151896980257,361883,64,2805,13365,0
2806151902095417,361883,64,2805,13365,0
2806151907210386,361883,64,2805,13365,0
2806151912327538,361883,64,2805,13365,0
2806151917443150,361883,64,2805,13365,0
2806151922560414,361883,64,2805,13365,0
2806151927676389,361883,64,2805,13365,0
2806151932808688,361883,64,2805,13365,0
2806151937924388,361987,64,2805,13365,0
2806151943043310,361987,64,2805,13365,0
2806151948158649,361987,64,2805,13365,0
2806151953273971,361987,64,2805,13365,0
2806151958389410,361987,64,2805,13365,0
2806151963504822,361987,64,2805,13365,0
2806151968619852,361987,64,2805,13365,0
2806151973736678,361987,64,2805,13365,0
2806151978854463,361987,64,2805,13365,0
2806151983969637,361987,64,2805,13365,0
2806151989085131,361987,64,2805,13365,0
2806151994200840,361987,64,2805,13365,0
2806151999315660,361987,64,2805,13365,0
2806152004430865,361987,64,2805,13365,0
2806152009548389,361987,64,2805,13365,0
2806152014663833,361987,64,2805,13365,0
2806152019779022,361987,64,2805,13365,0
2806152024895722,361987,64,2805,13365,0
2806152030027495,361987,64,2805,13365,0
2806152035143075,361987,64,2805,13365,0
2806152040257939,361987,64,2805,13365,0
2806152045372970,361987,64,2805,13365,0
2806152050488339,361987,64,2805,13365,0
2806152055603948,361987,64,2805,13365,0
2806152060718993,361987,64,2805,13365,0
2806152065836169,361987,64,2805,13365,0
2806152070951854,361987,64,2805,13365,0
2806152076068990,361987,64,2805,13365,0
2806152081184055,361987,64,2805,13365,0
2806152086299118,361987,64,2805,13365,0
2806152091414103,361987,64,2805,13365,0
2806152096531076,361987,64,2805,13365,0
2806152101646408,361987,64,2805,13365,0
2806152106761810,361987,64,2805,13365,0
2806152111877107,361987,64,2805,13365,0
2806152116992411,361987,64,2805,13365,0
2806152122129869,361987,64,2805,13365,0
2806152127246638,361987,64,2805,13365,0
2806152132362422,361987,64,2805,13365,0
2806152137478643,361987,64,2805,13365,0
2806152142593347,361987,64,2805,13365,0
2806152147709203,361987,64,2805,13365,0
2806152152826751,361987,64,2805,13365,0
2806152157941844,361987,64,2805,13365,0
2806152163058349,361987,64,2805,13365,0
2806152168173593,361987,64,2805,13365,0
2806152173289245,361987,64,2805,13365,0
2806152178406558,361987,64,2805,13365,0
2806152183522182,361987,64,2805,13365,0
2806152188637798,361987,64,2805,13365,0
2806152193755430,361987,64,2805,13365,0
2806152198870771,361987,64,2805,13365,0
2806152203985879,361987,64,2805,13365,0
2806152209119850,361987,64,2805,13365,0
2806152214235504,361987,64,2805,13365,0
2806152219351085,361987,64,2805,13365,0
2806152224466201,361987,64,2805,13365,0
2806152229583046,361987,64,2805,13365,0
2806152234698190,361987,64,2805,13365,0
2806152239815124,361987,64,2805,13365,0
2806152244930154,361987,64,2805,13365,0
2806152250056007,361987,64,2805,13365,0
2806152255171311,361987,64,2805,13365,0
2806152260286447,361987,64,2805,13365,0
2806152265401292,361987,64,2805,13365,0
2806152270519224,361987,64,2805,13365,0
2806152275634176,361987,64,2805,13365,0
2806152280750679,361987,64,2805,13365,0
2806152285865929,361987,64,2805,13365,0
2806152290981153,361987,64,2805,13365,0
2806152296097163,361987,64,2805,13365,0
2806152301212363,361987,64,2805,13365,0
2806152306327627,361987,64,2805,13365,0
2806152311443551,361987,64,2805,13365,0
2806152316561096,361987,64,2805,13365,0
2806152321677384,361987,64,2805,13365,0
2806152326793593,361987,64,2805,13365,0
2806152331913321,361987,64,2805,13365,0
2806152337030593,361987,64,2805,13365,0
2806152342148186,361987,64,2805,13365,0
2806152347264426,361987,64,2805,13365,0
2806152352382231,361987,64,2805,13365,0
2806152357499695,361987,64,2805,13365,0
2806152362615141,361987,64,2805,13365,0
2806152367730375,361987,64,2805,13365,0
2806152372846136,361987,64,2805,13365,0
2806152377961522,361987,64,2805,13365,0
2806152383078917,361987,64,2805,13365,0
2806152388197661,361987,64,2805,13365,0
2806152393313233,361987,64,2805,13365,0
2806152398428826,361987,64,2805,13365,0
2806152403546442,361987,64,2805,13365,0
2806152408663388,361987,64,2805,13365,0
2806152413779459,361987,64,2805,13365,0
2806152418896503,361987,64,2805,13365,0
2806152424032263,361987,64,2805,13365,0
2806152429148332,361987,64,2805,13365,0
2806152434265103,361987,64,2805,13365,0
2806152439379813,362008,64,2805,13365,0
2806152444496486,362008,64,2805,13365,0
2806152449611810,362008,64,2805,13365,0
2806152454726733,362008,64,2805,13365,0
2806152459844043,362008,64,2805,13365,0
2806152464959291,362008,64,2805,13365,0
2806152470074491,362008,64,2805,13365,0
2806152475190243,362008,64,2805,13365,0
2806152480305330,362008,64,2805,13365,0
2806152485421564,362008,64,2805,13365,0
2806152490538024,362008,64,2805,13365,0
2806152495653473,362008,64,2805,13365,0
2806152500768187,362008,64,2805,13365,0
2806152505883826,362008,64,2805,13365,0
2806152510998888,362008,64,2805,13365,0
2806152516136246,362008,64,2805,13365,0
2806152521251330,362008,64,2805,13365,0
2806152526366391,362008,64,2805,13365,0
2806152531481613,362008,64,2805,13365,0
2806152536598504,362008,64,2805,13365,0
2806152541713749,362008,64,2805,13365,0
2806152546831005,362008,64,2805,13365,0
2806152551946249,362008,64,2805,13365,0
2806152557061790,362008,64,2805,13365,0
2806152562176982,362008,64,2805,13365,0
2806152567292644,362008,64,2805,13365,0
2806152572408710,362008,64,2805,13365,0
2806152577525639,362008,64,2805,13365,0
2806152582641272,362008,64,2805,13365,0
2806152587775820,362008,64,2805,13365,0
2806152592891077,362008,64,2805,13365,0
2806152598027132,362008,64,2805,13365,0
2806152603143160,362008,64,2805,13365,0
2806152608258325,362008,64,2805,13365,0
2806152613373369,362008,64,2805,13365,0
2806152618488070,362008,64,2805,13365,0
2806152623603379,362008,64,2805,13365,0
2806152628718722,362008,64,2805,13365,0
2806152633837023,362008,64,2805,13365,0
2806152638953736,362008,64,2805,13365,0
2806152644069222,362008,64,2805,13365,0
2806152649183948,362008,64,2805,13365,0
2806152654299780,362008,64,2805,13365,0
2806152659414873,362008,64,2805,13365,0
2806152664531378,362008,64,2805,13365,0
2806152669646450,362008,64,2805,13365,0
2806152674761782,362008,64,2805,13365,0
2806152679877226,362008,64,2805,13365,0
2806152684992259,362008,64,2805,13365,0
2806152690132195,362008,64,2805,13365,0
2806152695247520,362008,64,2805,13365,0
2806152700362716,362008,64,2805,13365,0
2806152705477824,362008,64,2805,13365,0
2806152710593133,362008,64,2805,13365,0
2806152715708937,362008,64,2805,13365,0
2806152720824682,362008,64,2805,13365,0
2806152725940138,362008,64,2805,13365,0
2806152731056271,362008,64,2805,13365,0
2806152736171410,362008,64,2805,13365,0
2806152741287751,362008,64,2805,13365,0
2806152746403035,362008,64,2805,13365,0
2806152751528956,362008,64,2805,13365,0
2806152756644298,362008,64,2805,13365,0
2806152761759223,362008,64,2805,13365,0
2806152766874773,362008,64,2805,13365,0
2806152771990241,362008,64,2805,13365,0
2806152777170543,362008,64,2805,13365,0
2806152782285762,362008,64,2805,13365,0
2806152787401274,362008,64,2805,13365,0
2806152792518030,362008,64,2805,13365,0
2806152797633287,362008,64,2805,13365,0
2806152802748355,362008,64,2805,13365,0
2806152807866316,362008,64,2805,13365,0
2806152812981226,362008,64,2805,13365,0
2806152818096624,362008,64,2805,13365,0
2806152823211804,362008,64,2805,13365,0
2806152828327119,362008,64,2805,13365,0
2806152833442089,362008,64,2805,13365,0
2806152838557470,362008,64,2805,13365,0
2806152843674146,362008,64,2805,13365,0
2806152848790779,362008,64,2805,13365,0
2806152853905939,362008,64,2805,13365,0
2806152859021180,362008,64,2805,13365,0
2806152864136523,362008,64,2805,13365,0
2806152869251684,362008,64,2805,13365,0
2806152874366901,362008,64,2805,13365,0
2806152879483356,362008,64,2805,13365,0
2806152884598657,362008,64,2805,13365,0
2806152889714050,362008,64,2805,13365,0
2806152894831082,362008,64,2805,13365,0
2806152899946255,362008,64,2805,13365,0
2806152905062127,362008,64,2805,13365,0
2806152910177204,362008,64,2805,13365,0
2806152915294443,362008,64,2805,13365,0
2806152920409416,362008,64,2805,13365,0
2806152925524272,362008,64,2805,13365,0
2806152930639580,362008,64,2805,13365,0
2806152935755309,362008,64,2805,13365,0
2806152940870721,362143,64,2805,13365,0
2806152946027642,362143,64,2805,13365,0
2806152951144130,362143,64,2805,13365,0
2806152956259118,362143,64,2805,13365,0
2806152961374262,362143,64,2805,13365,0
2806152966489647,362143,64,2805,13365,0
2806152971604924,362143,64,2805,13365,0
2806152976720376,362143,64,2805,13365,0
2806152981837265,362143,64,2805,13365,0
2806152986952333,362143,64,2805,13365,0
2806152992067273,362143,64,2805,13365,0
2806152997193242,362143,64,2805,13365,0
2806153002310074,362143,64,2805,13365,0
2806153007425514,362143,64,2805,13365,0
2806153012540997,362143,64,2805,13365,0
2806153017656734,362143,64,2805,13365,0
2806153022771913,362143,64,2805,13365,0
2806153027887117,362143,64,2805,13365,0
2806153033024314,362143,64,2805,13365,0
2806153038140152,362143,64,2805,13365,0
2806153043255517,362143,64,2805,13365,0
2806153048372409,362143,64,2805,13365,0
2806153053487293,362143,64,2805,13365,0
2806153058602350,362143,64,2805,13365,0
2806153063717314,362143,64,2805,13365,0
2806153068834194,362143,64,2805,13365,0
2806153073949415,362143,64,2805,13365,0
2806153079064323,362143,64,2805,13365,0
2806153084179904,362143,64,2805,13365,0
2806153089295284,362143,64,2805,13365,0
2806153094410361,362143,64,2805,13365,0
2806153099528717,362143,64,2805,13365,0
2806153104643469,362143,64,2805,13365,0
2806153109758246,362143,64,2805,13365,0
2806153114873534,362143,64,2805,13365,0
2806153119988474,362143,64,2805,13365,0
2806153125126831,362143,64,2805,13365,0
2806153130243337,362143,64,2805,13365,0
2806153135360087,362143,64,2805,13365,0
2806153140475624,362143,64,2805,13365,0
2806153145592220,362143,64,2805,13365,0
2806153150709100,362143,64,2805,13365,0
2806153155825129,362143,64,2805,13365,0
2806153160940102,362143,64,2805,13365,0
2806153166055266,362143,64,2805,13365,0
2806153171171072,362143,64,2805,13365,0
2806153176286317,362143,64,2805,13365,0
2806153181401899,362143,64,2805,13365,0
2806153186518055,362143,64,2805,13365,0
2806153191633459,362143,64,2805,13365,0
2806153196748804,362143,64,2805,13365,0
2806153201865640,362143,64,2805,13365,0
2806153206981283,362143,64,2805,13365,0
2806153212097273,362143,64,2805,13365,0
2806153217212690,362143,64,2805,13365,0
2806153222328176,362143,64,2805,13365,0
2806153227443762,362143,64,2805,13365,0
2806153232558919,362143,64,2805,13365,0
2806153237674297,362143,64,2805,13365,0
2806153242809083,362143,64,2805,13365,0
2806153247923900,362143,64,2805,13365,0
2806153253041132,362143,64,2805,13365,0
2806153258156385,362143,64,2805,13365,0
2806153263271997,362143,64,2805,13365,0
2806153268387313,362143,64,2805,13365,0
2806153273503442,362143,64,2805,13365,0
2806153278618818,362143,64,2805,13365,0
2806153283736347,362143,64,2805,13365,0
2806153288851253,362143,64,2805,13365,0
2806153293966812,362143,64,2805,13365,0
2806153299082651,362143,64,2805,13365,0
2806153304199314,362143,64,2805,13365,0
2806153309314750,362143,64,2805,13365,0
2806153314429988,362143,64,2805,13365,0
2806153319544981,362143,64,2805,13365,0
2806153324660046,362143,64,2805,13365,0
2806153329775201,362143,64,2805,13365,0
2806153334890091,362143,64,2805,13365,0
2806153340023137,362143,64,2805,13365,0
2806153345138791,362143,64,2805,13365,0
2806153350254026,362143,64,2805,13365,0
2806153355371099,362143,64,2805,13365,0
2806153360486329,362143,64,2805,13365,0
2806153365601879,362143,64,2805,13365,0
2806153370733977,362143,64,2805,13365,0
2806153375850321,362143,64,2805,13365,0
2806153380965946,362143,64,2805,13365,0
2806153386081062,362143,64,2805,13365,0
2806153391196319,362143,64,2805,13365,0
2806153396311634,362143,64,2805,13365,0
2806153401426423,362143,64,2805,13365,0
2806153406545354,362143,64,2805,13365,0
2806153411660898,362143,64,2805,13365,0
2806153416782836,362143,64,2805,13365,0
2806153421898069,362143,64,2805,13365,0
2806153427034364,362143,64,2805,13365,0
2806153432164085,362143,64,2805,13365,0
2806153437279458,362200,64,2805,13365,0
2806153442396533,362200,64,2805,13365,0
2806153447511958,362200,64,2805,13365,0
2806153452627139,362200,64,2805,13365,0
2806153457744020,362200,64,2805,13365,0
2806153462861001,362200,64,2805,13365,0
2806153467975859,362200,64,2805,13365,0
2806153473090344,362200,64,2805,13365,0
2806153478205077,362200,64,2805,13365,0
2806153483320319,362200,64,2805,13365,0
2806153488435398,362200,64,2805,13365,0
2806153493551410,362200,64,2805,13365,0
2806153498667146,362200,64,2805,13365,0
2806153503782026,362200,64,2805,13365,0
2806153508898714,362200,64,2805,13365,0
2806153514030525,362200,64,2805,13365,0
2806153519145895,362200,64,2805,13365,0
2806153524261056,362200,64,2805,13365,0
2806153529375872,362200,64,2805,13365,0
2806153534491043,362200,64,2805,13365,0
2806153539606057,362200,64,2805,13365,0
2806153544721490,362200,64,2805,13365,0
2806153549838214,362200,64,2805,13365,0
2806153554953290,362200,64,2805,13365,0
2806153560070310,362200,64,2805,13365,0
2806153565185351,362200,64,2805,13365,0
2806153570300292,362200,64,2805,13365,0
2806153575416952,362200,64,2805,13365,0
2806153580533392,362200,64,2805,13365,0
2806153585648141,362200,64,2805,13365,0
2806153590763751,362200,64,2805,13365,0
2806153595879165,362200,64,2805,13365,0
2806153601032354,362200,64,2805,13365,0
2806153606148666,362200,64,2805,13365,0
2806153611264638,362200,64,2805,13365,0
2806153616379631,362200,64,2805,13365,0
2806153621494345,362200,64,2805,13365,0
2806153626609647,362200,64,2805,13365,0
2806153631724499,362200,64,2805,13365,0
2806153636841508,362200,64,2805,13365,0
2806153641956789,362200,64,2805,13365,0
2806153647071572,362200,64,2805,13365,0
2806153652186609,362200,64,2805,13365,0
2806153657301834,362200,64,2805,13365,0
2806153662418546,362200,64,2805,13365,0
2806153667535635,362200,64,2805,13365,0
2806153672651055,362200,64,2805,13365,0
2806153677766485,362200,64,2805,13365,0
2806153682881339,362200,64,2805,13365,0
2806153687996492,362200,64,2805,13365,0
2806153693134144,362200,64,2805,13365,0
2806153698249217,362200,64,2805,13365,0
2806153703363965,362200,64,2805,13365,0
2806153708479286,362200,64,2805,13365,0
2806153713595350,362200,64,2805,13365,0
2806153718710806,362200,64,2805,13365,0
2806153723827798,362200,64,2805,13365,0
2806153728943343,362200,64,2805,13365,0
2806153734058279,362200,64,2805,13365,0
2806153739173452,362200,64,2805,13365,0
2806153744288482,362200,64,2805,13365,0
2806153749403565,362200,64,2805,13365,0
2806153754519573,362200,64,2805,13365,0
2806153759634550,362200,64,2805,13365,0
2806153764751062,362200,64,2805,13365,0
2806153769866446,362200,64,2805,13365,0
2806153774981249,362200,64,2805,13365,0
2806153780097855,362200,64,2805,13365,0
2806153785212843,362200,64,2805,13365,0
2806153790328736,362200,64,2805,13365,0
2806153795443568,362200,64,2805,13365,0
2806153800558952,362200,64,2805,13365,0
2806153805674404,362200,64,2805,13365,0
2806153810792401,362200,64,2805,13365,0
2806153815908884,362200,64,2805,13365,0
2806153821024988,362200,64,2805,13365,0
2806153826139602,362200,64,2805,13365,0
2806153831254459,362200,64,2805,13365,0
2806153836369591,362200,64,2805,13365,0
2806153841487046,362200,64,2805,13365,0
2806153846601728,362200,64,2805,13365,0
2806153851717356,362200,64,2805,13365,0
2806153856832599,362200,64,2805,13365,0
2806153861947873,362200,64,2805,13365,0
2806153867064566,362200,64,2805,13365,0
2806153872179581,362200,64,2805,13365,0
2806153877313430,362200,64,2805,13365,0
2806153882428010,362200,64,2805,13365,0
2806153887542671,362200,64,2805,13365,0
2806153892657531,362200,64,2805,13365,0
2806153897790139,362200,64,2805,13365,0
2806153902905307,362200,64,2805,13365,0
2806153908022276,362200,64,2805,13365,0
2806153913137587,362200,64,2805,13365,0
2806153918254113,362200,64,2805,13365,0
2806153923369545,362200,64,2805,13365,0
2806153928484520,362200,64,2805,13365,0
2806153933599639,362200,64,2805,13365,0
2806153938717107,362154,64,2805,13365,0
2806153943833723,362154,64,2805,13365,0
2806153948948919,362154,64,2805,13365,0
2806153954064011,362154,64,2805,13365,0
2806153959179152,362154,64,2805,13365,0
2806153964294349,362154,64,2805,13365,0
2806153969410957,362154,64,2805,13365,0
2806153974527669,362154,64,2805,13365,0
2806153979642729,362154,64,2805,13365,0
2806153984758096,362154,64,2805,13365,0
2806153989873260,362154,64,2805,13365,0
2806153994988603,362154,64,2805,13365,0
2806154000126615,362154,64,2805,13365,0
2806154005261411,362154,64,2805,13365,0
2806154010376350,362154,64,2805,13365,0
2806154015491834,362154,64,2805,13365,0
2806154020607988,362154,64,2805,13365,0
2806154025723303,362154,64,2805,13365,0
2806154030840375,362154,64,2805,13365,0
2806154035955361,362154,64,2805,13365,0
2806154041071010,362154,64,2805,13365,0
2806154046185810,362154,64,2805,13365,0
2806154051300918,362154,64,2805,13365,0
2806154056416467,362154,64,2805,13365,0
2806154061533534,362154,64,2805,13365,0
2806154066650332,362154,64,2805,13365,0
2806154071767658,362154,64,2805,13365,0
2806154076882889,362154,64,2805,13365,0
2806154082020491,362154,64,2805,13365,0
2806154087135429,362154,64,2805,13365,0
2806154092250674,362154,64,2805,13365,0
2806154097368094,362154,64,2805,13365,0
2806154102485507,362154,64,2805,13365,0
2806154107601015,362154,64,2805,13365,0
2806154112716443,362154,64,2805,13365,0
2806154117831640,362154,64,2805,13365,0
2806154122948519,362154,64,2805,13365,0
2806154128063720,362154,64,2805,13365,0
2806154133178397,362154,64,2805,13365,0
2806154138294577,362154,64,2805,13365,0
2806154143409718,362154,64,2805,13365,0
2806154148524688,362154,64,2805,13365,0
2806154153639698,362154,64,2805,13365,0
2806154158754770,362154,64,2805,13365,0
2806154163870079,362154,64,2805,13365,0
2806154168985739,362154,64,2805,13365,0
2806154174126532,362154,64,2805,13365,0
2806154179241460,362154,64,2805,13365,0
2806154184356633,362154,64,2805,13365,0
2806154189471849,362154,64,2805,13365,0
2806154194586653,362154,64,2805,13365,0
2806154199702672,362154,64,2805,13365,0
2806154204817782,362154,64,2805,13365,0
2806154209932995,362154,64,2805,13365,0
2806154215048314,362154,64,2805,13365,0
2806154220163959,362154,64,2805,13365,0
2806154225280488,362154,64,2805,13365,0
2806154230396076,362154,64,2805,13365,0
2806154235513292,362154,64,2805,13365,0
2806154240628276,362154,64,2805,13365,0
2806154245743761,362154,64,2805,13365,0
2806154250859297,362154,64,2805,13365,0
2806154255974368,362154,64,2805,13365,0
2806154261089122,362154,64,2805,13365,0
2806154266203251,362154,64,2805,13365,0
2806154271318246,362154,64,2805,13365,0
2806154276436516,362154,64,2805,13365,0
2806154281552309,362154,64,2805,13365,0
2806154286667524,362154,64,2805,13365,0
2806154291782516,362154,64,2805,13365,0
2806154296897388,362154,64,2805,13365,0
2806154302031077,362154,64,2805,13365,0
2806154307146893,362154,64,2805,13365,0
2806154312261718,362154,64,2805,13365,0
2806154317376686,362154,64,2805,13365,0
2806154322491497,362154,64,2805,13365,0
2806154327608127,362154,64,2805,13365,0
2806154332723188,362154,64,2805,13365,0
2806154337839648,362154,64,2805,13365,0
2806154342954552,362154,64,2805,13365,0
2806154348070179,362154,64,2805,13365,0
2806154353185613,362154,64,2805,13365,0
2806154358301026,362154,64,2805,13365,0
2806154363416178,362154,64,2805,13365,0
2806154368533914,362154,64,2805,13365,0
2806154373649030,362154,64,2805,13365,0
2806154378766495,362154,64,2805,13365,0
2806154383881723,362154,64,2805,13365,0
2806154389031721,362154,64,2805,13365,0
2806154394147852,362154,64,2805,13365,0
2806154399263517,362154,64,2805,13365,0
2806154404378569,362154,64,2805,13365,0
2806154409494101,362154,64,2805,13365,0
2806154414609585,362154,64,2805,13365,0
2806154419724918,362154,64,2805,13365,0
2806154424842592,362154,64,2805,13365,0
2806154429959162,362154,64,2805,13365,0
2806154435074553,362154,64,2805,13365,0
2806154440189757,362176,64,2805,13365,0
2806154445307231,362176,64,2805,13365,0
2806154450422920,362176,64,2805,13365,0
2806154455539812,362176,64,2805,13365,0
2806154460654629,362176,64,2805,13365,0
2806154465769913,362176,64,2805,13365,0
2806154470884937,362176,64,2805,13365,0
2806154476022670,362176,64,2805,13365,0
2806154481139892,362176,64,2805,13365,0
2806154486255537,362176,64,2805,13365,0
2806154491371235,362176,64,2805,13365,0
2806154496487425,362176,64,2805,13365,0
2806154501603216,362176,64,2805,13365,0
2806154506718552,362176,64,2805,13365,0
2806154511836168,362176,64,2805,13365,0
2806154516951433,362176,64,2805,13365,0
2806154522066357,362176,64,2805,13365,0
2806154527181410,362176,64,2805,13365,0
2806154532297964,362176,64,2805,13365,0
2806154537412986,362176,64,2805,13365,0
2806154542529659,362176,64,2805,13365,0
2806154547645151,362176,64,2805,13365,0
2806154552779234,362176,64,2805,13365,0
2806154557895346,362176,64,2805,13365,0
2806154563031324,362176,64,2805,13365,0
2806154568147736,362176,64,2805,13365,0
2806154573263251,362176,64,2805,13365,0
2806154578379493,362176,64,2805,13365,0
2806154583497114,362176,64,2805,13365,0
2806154588630422,362176,64,2805,13365,0
2806154593745888,362176,64,2805,13365,0
2806154598863942,362176,64,2805,13365,0
2806154603979275,362176,64,2805,13365,0
2806154609094082,362176,64,2805,13365,0
2806154614209168,362176,64,2805,13365,0
2806154619324456,362176,64,2805,13365,0
2806154624439828,362176,64,2805,13365,0
2806154629562549,362176,64,2805,13365,0
2806154634680463,362176,64,2805,13365,0
2806154639798286,362176,64,2805,13365,0
2806154644916038,362176,64,2805,13365,0
2806154650034015,362176,64,2805,13365,0
2806154655149228,362176,64,2805,13365,0
2806154660264651,362176,64,2805,13365,0
2806154665381968,362176,64,2805,13365,0
2806154670497256,362176,64,2805,13365,0
2806154675612558,362176,64,2805,13365,0
2806154680727581,362176,64,2805,13365,0
2806154685844473,362176,64,2805,13365,0
2806154690960001,362176,64,2805,13365,0
2806154696074716,362176,64,2805,13365,0
2806154701238814,362176,64,2805,13365,0
2806154706353134,362176,64,2805,13365,0
2806154711466454,362176,64,2805,13365,0
2806154716580043,362176,64,2805,13365,0
2806154721692776,362176,64,2805,13365,0
2806154726805562,362176,64,2805,13365,0
2806154731919760,362176,64,2805,13365,0
2806154737034869,362176,64,2805,13365,0
2806154742147773,362176,64,2805,13365,0
2806154747259940,362176,64,2805,13365,0
2806154752371512,362176,64,2805,13365,0
2806154757484498,362176,64,2805,13365,0
2806154762596435,362176,64,2805,13365,0
2806154767709371,362176,64,2805,13365,0
2806154772822911,362176,64,2805,13365,0
2806154777937366,362176,64,2805,13365,0
2806154783126959,362176,64,2805,13365,0
2806154788241934,362176,64,2805,13365,0
2806154793355277,362176,64,2805,13365,0
2806154798467809,362176,64,2805,13365,0
2806154803580922,362176,64,2805,13365,0
2806154808693440,362176,64,2805,13365,0
2806154813807476,362176,64,2805,13365,0
2806154818921248,362176,64,2805,13365,0
2806154824034723,362176,64,2805,13365,0
2806154829147910,362176,64,2805,13365,0
2806154834261563,362176,64,2805,13365,0
2806154839376458,362176,64,2805,13365,0
2806154844514541,362176,64,2805,13365,0
2806154849635660,362176,64,2805,13365,0
2806154854785989,362176,64,2805,13365,0
2806154859899441,362176,64,2805,13365,0
2806154865030458,362176,64,2805,13365,0
2806154870143194,362176,64,2805,13365,0
2806154875255927,362176,64,2805,13365,0
2806154880369795,362176,64,2805,13365,0
2806154885482731,362176,64,2805,13365,0
2806154890597303,362176,64,2805,13365,0
2806154895710299,362176,64,2805,13365,0
2806154900823345,362176,64,2805,13365,0
2806154905936149,362176,64,2805,13365,0
2806154911074239,362176,64,2805,13365,0
2806154916224709,362176,64,2805,13365,0
2806154921336282,362176,64,2805,13365,0
2806154926448114,362176,64,2805,13365,0
2806154931559790,362176,64,2805,13365,0
2806154936671741,362120,64,2805,13365,0
2806154941785586,362120,64,2805,13365,0
2806154946898419,362120,64,2805,13365,0
2806154952028652,362120,64,2805,13365,0
2806154957140648,362120,64,2805,13365,0
2806154962252085,362120,64,2805,13365,0
2806154967364502,362120,64,2805,13365,0
2806154972477161,362120,64,2805,13365,0
2806154977589616,362120,64,2805,13365,0
2806154982701966,362120,64,2805,13365,0
2806154987815713,362120,64,2805,13365,0
2806154992929409,362120,64,2805,13365,0
2806154998041774,362120,64,2805,13365,0
2806155003154588,362120,64,2805,13365,0
2806155008267468,362120,64,2805,13365,0
2806155013380749,362120,64,2805,13365,0
2806155018495005,362120,64,2805,13365,0
2806155023609021,362120,64,2805,13365,0
2806155028722466,362120,64,2805,13365,0
2806155033836314,362120,64,2805,13365,0
2806155038949458,362120,64,2805,13365,0
2806155044064575,362120,64,2805,13365,0
2806155049179803,362120,64,2805,13365,0
2806155054295232,362120,64,2805,13365,0
2806155059411368,362120,64,2805,13365,0
2806155064527420,362120,64,2805,13365,0
2806155069642569,362120,64,2805,13365,0
2806155074758427,362120,64,2805,13365,0
2806155079874122,362120,64,2805,13365,0
2806155084989423,362120,64,2805,13365,0
2806155090127054,362120,64,2805,13365,0
2806155095244095,362120,64,2805,13365,0
2806155100359376,362120,64,2805,13365,0
2806155105480479,362120,64,2805,13365,0
2806155110595140,362120,64,2805,13365,0
2806155115712714,362120,64,2805,13365,0
2806155120830113,362120,64,2805,13365,0
2806155125947157,362120,64,2805,13365,0
2806155131065066,362120,64,2805,13365,0
2806155136182325,362120,64,2805,13365,0
2806155141298476,362120,64,2805,13365,0
2806155146416163,362120,64,2805,13365,0
2806155151532023,362120,64,2805,13365,0
2806155156648664,362120,64,2805,13365,0
2806155161764168,362120,64,2805,13365,0
2806155166881228,362120,64,2805,13365,0
2806155171990366,362120,64,2805,13365,0
2806155177117337,362120,64,2805,13365,0
2806155182234159,362120,64,2805,13365,0
2806155187323096,362120,64,2805,13365,0
2806155192421507,362120,64,2805,13365,0
2806155197535887,362120,64,2805,13365,0
2806155202650884,362120,64,2805,13365,0
2806155207783992,362120,64,2805,13365,0
2806155212876201,362120,64,2805,13365,0
2806155217989257,362120,64,2805,13365,0
2806155223127176,362120,64,2805,13365,0
2806155228239905,362120,64,2805,13365,0
2806155233353114,362120,64,2805,13365,0
2806155238466800,362120,64,2805,13365,0
2806155243579452,362120,64,2805,13365,0
2806155248695027,362120,64,2805,13365,0
2806155253809383,362120,64,2805,13365,0
2806155258923625,362120,64,2805,13365,0
2806155264038448,362120,64,2805,13365,0
2806155269152576,362120,64,2805,13365,0
2806155274285100,362120,64,2805,13365,0
2806155279398581,362120,64,2805,13365,0
2806155284512394,362120,64,2805,13365,0
2806155289627604,362120,64,2805,13365,0
2806155294726484,362120,64,2805,13365,0
2806155299824647,362120,64,2805,13365,0
2806155304923071,362120,64,2805,13365,0
2806155310039747,362120,64,2805,13365,0
2806155315139179,362120,64,2805,13365,0
2806155320253492,362120,64,2805,13365,0
2806155325366864,362120,64,2805,13365,0
2806155330480193,362120,64,2805,13365,0
2806155335601597,362120,64,2805,13365,0
2806155340715234,362120,64,2805,13365,0
2806155345828032,362120,64,2805,13365,0
2806155350941639,362120,64,2805,13365,0
2806155356121234,362120,64,2805,13365,0
2806155361292067,362120,64,2805,13365,0
2806155366407423,362120,64,2805,13365,0
2806155371518568,362120,64,2805,13365,0
2806155376630564,362120,64,2805,13365,0
2806155381743704,362120,64,2805,13365,0
2806155386855800,362120,64,2805,13365,0
2806155391968351,362120,64,2805,13365,0
2806155397081256,362120,64,2805,13365,0
2806155402195398,362120,64,2805,13365,0
2806155407308704,362120,64,2805,13365,0
2806155412421529,362120,64,2805,13365,0
2806155417534859,362120,64,2805,13365,0
2806155422647811,362120,64,2805,13365,0
2806155427761192,362120,64,2805,13365,0
2806155432872966,362120,64,2805,13365,0
2806155437984585,362292,64,2805,13365,0
2806155443119677,362292,64,2805,13365,0
2806155448260341,362292,64,2805,13365,0
2806155453374093,362292,64,2805,13365,0
2806155458486294,362292,64,2805,13365,0
2806155463599307,362292,64,2805,13365,0
2806155468713466,362292,64,2805,13365,0
2806155473826703,362292,64,2805,13365,0
2806155478940599,362292,64,2805,13365,0
2806155484075196,362292,64,2805,13365,0
2806155489229692,362292,64,2805,13365,0
2806155494341664,362292,64,2805,13365,0
2806155499454583,362292,64,2805,13365,0
2806155504569113,362292,64,2805,13365,0
2806155509683632,362292,64,2805,13365,0
2806155514797076,362292,64,2805,13365,0
2806155519910679,362292,64,2805,13365,0
2806155525023314,362292,64,2805,13365,0
2806155530135217,362292,64,2805,13365,0
2806155535247474,362292,64,2805,13365,0
2806155540359804,362292,64,2805,13365,0
2806155545472444,362292,64,2805,13365,0
2806155550585753,362292,64,2805,13365,0
2806155555701085,362292,64,2805,13365,0
2806155560814369,362292,64,2805,13365,0
2806155565950966,362292,64,2805,13365,0
2806155571064559,362292,64,2805,13365,0
2806155576177209,362292,64,2805,13365,0
2806155581289187,362292,64,2805,13365,0
2806155586402591,362292,64,2805,13365,0
2806155591515491,362292,64,2805,13365,0
2806155596628026,362292,64,2805,13365,0
2806155601741809,362292,64,2805,13365,0
2806155606857361,362292,64,2805,13365,0
2806155611972138,362292,64,2805,13365,0
2806155617086252,362292,64,2805,13365,0
2806155622203510,362292,64,2805,13365,0
2806155627318886,362292,64,2805,13365,0
2806155632433577,362292,64,2805,13365,0
2806155637548309,362292,64,2805,13365,0
2806155642663039,362292,64,2805,13365,0
2806155647778132,362292,64,2805,13365,0
2806155652894373,362292,64,2805,13365,0
2806155658031141,362292,64,2805,13365,0
2806155663147513,362292,64,2805,13365,0
2806155668262606,362292,64,2805,13365,0
2806155673378542,362292,64,2805,13365,0
2806155678574009,362292,64,2805,13365,0
2806155683691130,362292,64,2805,13365,0
2806155688808207,362292,64,2805,13365,0
2806155693924349,362292,64,2805,13365,0
2806155699046593,362292,64,2805,13365,0
2806155704131547,362292,64,2805,13365,0
2806155709249082,362292,64,2805,13365,0
2806155714374200,362292,64,2805,13365,0
2806155719492979,362292,64,2805,13365,0
2806155724610053,362292,64,2805,13365,0
2806155729726125,362292,64,2805,13365,0
2806155734841774,362292,64,2805,13365,0
2806155739957858,362292,64,2805,13365,0
2806155745073506,362292,64,2805,13365,0
2806155750188951,362292,64,2805,13365,0
2806155755306676,362292,64,2805,13365,0
2806155760422176,362292,64,2805,13365,0
2806155765540060,362292,64,2805,13365,0
2806155770656409,362292,64,2805,13365,0
2806155775772409,362292,64,2805,13365,0
2806155780890425,362292,64,2805,13365,0
2806155786025728,362292,64,2805,13365,0
2806155791142226,362292,64,2805,13365,0
2806155796257950,362292,64,2805,13365,0
2806155801374689,362292,64,2805,13365,0
2806155806490765,362292,64,2805,13365,0
2806155811606284,362292,64,2805,13365,0
2806155816721008,362292,64,2805,13365,0
2806155821838837,362292,64,2805,13365,0
2806155826953832,362292,64,2805,13365,0
2806155832071982,362292,64,2805,13365,0
2806155837190194,362292,64,2805,13365,0
2806155842307825,362292,64,2805,13365,0
2806155847423986,362292,64,2805,13365,0
2806155852540305,362292,64,2805,13365,0
2806155857656362,362292,64,2805,13365,0
2806155862791932,362292,64,2805,13365,0
2806155867900772,362292,64,2805,13365,0
2806155873031236,362292,64,2805,13365,0
2806155878148756,362292,64,2805,13365,0
2806155883265093,362292,64,2805,13365,0
2806155888384729,362292,64,2805,13365,0
2806155893521105,362292,64,2805,13365,0
2806155898635878,362292,64,2805,13365,0
2806155903750158,362292,64,2805,13365,0
2806155908867266,362292,64,2805,13365,0
2806155913982050,362292,64,2805,13365,0
2806155919114031,362292,64,2805,13365,0
2806155924241515,362292,64,2805,13365,0
2806155929355888,362292,64,2805,13365,0
2806155934472324,362292,64,2805,13365,0
2806155939587548,362363,64,2805,13365,0
2806155944703513,362363,64,2805,13365,0
2806155949820442,362363,64,2805,13365,0
2806155954935581,362363,64,2805,13365,0
2806155960050154,362363,64,2805,13365,0
2806155965164621,362363,64,2805,13365,0
2806155970279207,362363,64,2805,13365,0
2806155975394619,362363,64,2805,13365,0
2806155980512003,362363,64,2805,13365,0
2806155985629046,362363,64,2805,13365,0
2806155990743917,362363,64,2805,13365,0
2806155995858356,362363,64,2805,13365,0
2806156000972241,362363,64,2805,13365,0
2806156006087818,362363,64,2805,13365,0
2806156011202498,362363,64,2805,13365,0
2806156016319570,362363,64,2805,13365,0
2806156021433662,362363,64,2805,13365,0
2806156026548143,362363,64,2805,13365,0
2806156031662631,362363,64,2805,13365,0
2806156036778975,362363,64,2805,13365,0
2806156041894241,362363,64,2805,13365,0
2806156047027464,362363,64,2805,13365,0
2806156052142545,362363,64,2805,13365,0
2806156057256799,362363,64,2805,13365,0
2806156062371570,362363,64,2805,13365,0
2806156067486138,362363,64,2805,13365,0
2806156072600982,362363,64,2805,13365,0
2806156077715227,362363,64,2805,13365,0
2806156082831951,362363,64,2805,13365,0
2806156087948426,362363,64,2805,13365,0
2806156093064068,362363,64,2805,13365,0
2806156098178977,362363,64,2805,13365,0
2806156103293312,362363,64,2805,13365,0
2806156108409177,362363,64,2805,13365,0
2806156113525201,362363,64,2805,13365,0
2806156118640294,362363,64,2805,13365,0
2806156123755017,362363,64,2805,13365,0
2806156128869554,362363,64,2805,13365,0
2806156133984225,362363,64,2805,13365,0
2806156139119715,362363,64,2805,13365,0
2806156144234988,362363,64,2805,13365,0
2806156149349986,362363,64,2805,13365,0
2806156154475765,362363,64,2805,13365,0
2806156159590757,362363,64,2805,13365,0
2806156164705401,362363,64,2805,13365,0
2806156169822634,362363,64,2805,13365,0
2806156174937142,362363,64,2805,13365,0
2806156180065070,362363,64,2805,13365,0
2806156185179358,362363,64,2805,13365,0
2806156190295891,362363,64,2805,13365,0
2806156195411120,362363,64,2805,13365,0
2806156200528492,362363,64,2805,13365,0
2806156205611447,362363,64,2805,13365,0
2806156210726689,362363,64,2805,13365,0
2806156215841377,362363,64,2805,13365,0
2806156220964542,362363,64,2805,13365,0
2806156226079042,362363,64,2805,13365,0
2806156231193622,362363,64,2805,13365,0
2806156236309219,362363,64,2805,13365,0
2806156241425791,362363,64,2805,13365,0
2806156246540876,362363,64,2805,13365,0
2806156251655700,362363,64,2805,13365,0
2806156256770729,362363,64,2805,13365,0
2806156261885393,362363,64,2805,13365,0
2806156267021847,362363,64,2805,13365,0
2806156272143877,362363,64,2805,13365,0
2806156277260174,362363,64,2805,13365,0
2806156282376607,362363,64,2805,13365,0
2806156287492497,362363,64,2805,13365,0
2806156292609514,362363,64,2805,13365,0
2806156297724793,362363,64,2805,13365,0
2806156302842710,362363,64,2805,13365,0
2806156307957207,362363,64,2805,13365,0
2806156313071573,362363,64,2805,13365,0
2806156318191896,362363,64,2805,13365,0
2806156323305381,362363,64,2805,13365,0
2806156328419554,362363,64,2805,13365,0
2806156333531834,362363,64,2805,13365,0
2806156338645546,362363,64,2805,13365,0
2806156343772187,362363,64,2805,13365,0
2806156348885024,362363,64,2805,13365,0
2806156353997312,362363,64,2805,13365,0
2806156359123231,362363,64,2805,13365,0
2806156364235250,362363,64,2805,13365,0
2806156369347334,362363,64,2805,13365,0
2806156374458585,362363,64,2805,13365,0
2806156379569665,362363,64,2805,13365,0
2806156384680526,362363,64,2805,13365,0
2806156389791474,362363,64,2805,13365,0
2806156394904538,362363,64,2805,13365,0
2806156400032373,362363,64,2805,13365,0
2806156405114983,362363,64,2805,13365,0
2806156410226682,362363,64,2805,13365,0
2806156415339401,362363,64,2805,13365,0
2806156420452044,362363,64,2805,13365,0
2806156425564621,362363,64,2805,13365,0
2806156430677461,362363,64,2805,13365,0
2806156435792398,362363,64,2805,13365,0
2806156440906018,362134,64,2805,13365,0
2806156446022515,362134,64,2805,13365,0
2806156451137952,362134,64,2805,13365,0
2806156456252364,362134,64,2805,13365,0
2806156461367068,362134,64,2805,13365,0
2806156466483292,362134,64,2805,13365,0
2806156471619140,362134,64,2805,13365,0
2806156476733277,362134,64,2805,13365,0
2806156481848045,362134,64,2805,13365,0
2806156486962577,362134,64,2805,13365,0
2806156492076638,362134,64,2805,13365,0
2806156497192930,362134,64,2805,13365,0
2806156502309596,362134,64,2805,13365,0
2806156507424735,362134,64,2805,13365,0
2806156512538712,362134,64,2805,13365,0
2806156517670312,362134,64,2805,13365,0
2806156522785179,362134,64,2805,13365,0
2806156527899612,362134,64,2805,13365,0
2806156533037107,362134,64,2805,13365,0
2806156538152085,362134,64,2805,13365,0
2806156543266974,362134,64,2805,13365,0
2806156548382990,362134,64,2805,13365,0
2806156553498243,362134,64,2805,13365,0
2806156558612635,362134,64,2805,13365,0
2806156563727292,362134,64,2805,13365,0
2806156568842312,362134,64,2805,13365,0
2806156573957557,362134,64,2805,13365,0
2806156579073309,362134,64,2805,13365,0
2806156584188321,362134,64,2805,13365,0
2806156589302715,362134,64,2805,13365,0
2806156594417154,362134,64,2805,13365,0
2806156599535479,362134,64,2805,13365,0
2806156604650254,362134,64,2805,13365,0
2806156609765771,362134,64,2805,13365,0
2806156614879959,362134,64,2805,13365,0
2806156619994740,362134,64,2805,13365,0
2806156625127468,362134,64,2805,13365,0
2806156630241652,362134,64,2805,13365,0
2806156635356357,362134,64,2805,13365,0
2806156640470473,362134,64,2805,13365,0
2806156645585002,362134,64,2805,13365,0
2806156650701362,362134,64,2805,13365,0
2806156655820196,362134,64,2805,13365,0
2806156660934635,362134,64,2805,13365,0
2806156666049351,362134,64,2805,13365,0
2806156671163759,362134,64,2805,13365,0
2806156676278904,362134,64,2805,13365,0
2806156681393549,362134,64,2805,13365,0
2806156686510239,362134,64,2805,13365,0
2806156691624723,362134,64,2805,13365,0
2806156696739368,362134,64,2805,13365,0
2806156701855221,362134,64,2805,13365,0
2806156706970536,362134,64,2805,13365,0
2806156712084661,362134,64,2805,13365,0
2806156717199203,362134,64,2805,13365,0
2806156722314691,362134,64,2805,13365,0
2806156727429392,362134,64,2805,13365,0
2806156732543876,362134,64,2805,13365,0
2806156737658685,362134,64,2805,13365,0
2806156742773105,362134,64,2805,13365,0
2806156747887431,362134,64,2805,13365,0
2806156753030494,362134,64,2805,13365,0
2806156758146366,362134,64,2805,13365,0
2806156763261198,362134,64,2805,13365,0
2806156768375811,362134,64,2805,13365,0
2806156773490417,362134,64,2805,13365,0
2806156778605843,362134,64,2805,13365,0
2806156783721336,362134,64,2805,13365,0
2806156788837836,362134,64,2805,13365,0
2806156793953049,362134,64,2805,13365,0
2806156799067885,362134,64,2805,13365,0
2806156804184181,362134,64,2805,13365,0
2806156809299813,362134,64,2805,13365,0
2806156814415008,362134,64,2805,13365,0
2806156819531094,362134,64,2805,13365,0
2806156824646031,362134,64,2805,13365,0
2806156829760875,362134,64,2805,13365,0
2806156834876173,362134,64,2805,13365,0
2806156839990983,362134,64,2805,13365,0
2806156845130349,362134,64,2805,13365,0
2806156850245117,362134,64,2805,13365,0
2806156855361705,362134,64,2805,13365,0
2806156860477068,362134,64,2805,13365,0
2806156865591346,362134,64,2805,13365,0
2806156870705774,362134,64,2805,13365,0
2806156875822441,362134,64,2805,13365,0
2806156880937367,362134,64,2805,13365,0
2806156886051963,362134,64,2805,13365,0
2806156891166492,362134,64,2805,13365,0
2806156896297071,362134,64,2805,13365,0
2806156901411388,362134,64,2805,13365,0
2806156906497117,362134,64,2805,13365,0
2806156911611221,362134,64,2805,13365,0
2806156916725874,362134,64,2805,13365,0
2806156921840994,362134,64,2805,13365,0
2806156926955292,362134,64,2805,13365,0
2806156932069691,362134,64,2805,13365,0
2806156937184367,362236,64,2805,13365,0
2806156942300007,362236,64,2805,13365,0
2806156947415140,362236,64,2805,13365,0
2806156952530029,362236,64,2805,13365,0
2806156957646657,362236,64,2805,13365,0
2806156962762334,362236,64,2805,13365,0
2806156967876649,362236,64,2805,13365,0
2806156972993470,362236,64,2805,13365,0
2806156978130202,362236,64,2805,13365,0
2806156983244871,362236,64,2805,13365,0
2806156988359467,362236,64,2805,13365,0
2806156993473844,362236,64,2805,13365,0
2806156998588940,362236,64,2805,13365,0
2806157003703696,362236,64,2805,13365,0
2806157008820633,362236,64,2805,13365,0
2806157013935789,362236,64,2805,13365,0
2806157019050524,362236,64,2805,13365,0
2806157024165062,362236,64,2805,13365,0
2806157029279972,362236,64,2805,13365,0
2806157034394759,362236,64,2805,13365,0
2806157039525071,362236,64,2805,13365,0
2806157044639979,362236,64,2805,13365,0
2806157049754492,362236,64,2805,13365,0
2806157054869552,362236,64,2805,13365,0
2806157059985604,362236,64,2805,13365,0
2806157065125232,362236,64,2805,13365,0
2806157070240187,362236,64,2805,13365,0
2806157075362797,362236,64,2805,13365,0
2806157080477205,362236,64,2805,13365,0
2806157085592366,362236,64,2805,13365,0
2806157090708279,362236,64,2805,13365,0
2806157095822967,362236,64,2805,13365,0
2806157100937063,362236,64,2805,13365,0
2806157106057845,362236,64,2805,13365,0
2806157111176348,362236,64,2805,13365,0
2806157116292707,362236,64,2805,13365,0
2806157121407785,362236,64,2805,13365,0
2806157126522209,362236,64,2805,13365,0
2806157131637089,362236,64,2805,13365,0
2806157136753524,362236,64,2805,13365,0
2806157141868587,362236,64,2805,13365,0
2806157146985739,362236,64,2805,13365,0
2806157152119655,362236,64,2805,13365,0
2806157157235371,362236,64,2805,13365,0
2806157162351574,362236,64,2805,13365,0
2806157167466440,362236,64,2805,13365,0
2806157172598975,362236,64,2805,13365,0
2806157177716432,362236,64,2805,13365,0
2806157182831105,362236,64,2805,13365,0
2806157187946648,362236,64,2805,13365,0
2806157193061872,362236,64,2805,13365,0
2806157198176811,362236,64,2805,13365,0
2806157203292059,362236,64,2805,13365,0
2806157208407485,362236,64,2805,13365,0
2806157213523992,362236,64,2805,13365,0
2806157218638668,362236,64,2805,13365,0
2806157223753713,362236,64,2805,13365,0
2806157228868596,362236,64,2805,13365,0
2806157233983445,362236,64,2805,13365,0
2806157239115710,362236,64,2805,13365,0
2806157244230616,362236,64,2805,13365,0
2806157249345635,362236,64,2805,13365,0
2806157254460125,362236,64,2805,13365,0
2806157259575860,362236,64,2805,13365,0
2806157264691908,362236,64,2805,13365,0
2806157269807107,362236,64,2805,13365,0
2806157274921932,362236,64,2805,13365,0
2806157280037301,362236,64,2805,13365,0
2806157285152360,362236,64,2805,13365,0
2806157290267689,362236,64,2805,13365,0
2806157295382909,362236,64,2805,13365,0
2806157300499494,362236,64,2805,13365,0
2806157305614970,362236,64,2805,13365,0
2806157310730559,362236,64,2805,13365,0
2806157315847047,362236,64,2805,13365,0
2806157320962322,362236,64,2805,13365,0
2806157326077459,362236,64,2805,13365,0
2806157331192416,362236,64,2805,13365,0
2806157336306904,362236,64,2805,13365,0
2806157341421645,362236,64,2805,13365,0
2806157346538973,362236,64,2805,13365,0
2806157351654554,362236,64,2805,13365,0
2806157356770282,362236,64,2805,13365,0
2806157361885406,362236,64,2805,13365,0
2806157367019472,362236,64,2805,13365,0
2806157372136793,362236,64,2805,13365,0
2806157377252979,362236,64,2805,13365,0
2806157382371789,362236,64,2805,13365,0
2806157387488252,362236,64,2805,13365,0
2806157392603297,362236,64,2805,13365,0
2806157397717881,362236,64,2805,13365,0
2806157402833032,362236,64,2805,13365,0
2806157407948846,362236,64,2805,13365,0
2806157413066680,362236,64,2805,13365,0
2806157418182439,362236,64,2805,13365,0
2806157423297135,362236,64,2805,13365,0
2806157428416481,362236,64,2805,13365,0
2806157433530084,362236,64,2805,13365,0
2806157438643122,362584,64,2805,13365,0
2806157443756587,362584,64,2805,13365,0
2806157448870265,362584,64,2805,13365,0
2806157453982783,362584,64,2805,13365,0
2806157459094948,362584,64,2805,13365,0
2806157464223339,362584,64,2805,13365,0
2806157469338463,362584,64,2805,13365,0
2806157474453355,362584,64,2805,13365,0
2806157479565911,362584,64,2805,13365,0
2806157484678002,362584,64,2805,13365,0
2806157489789508,362584,64,2805,13365,0
2806157494900760,362584,64,2805,13365,0
2806157499988705,362584,64,2805,13365,0
2806157505102174,362584,64,2805,13365,0
2806157510199986,362584,64,2805,13365,0
2806157515297382,362584,64,2805,13365,0
2806157520394343,362584,64,2805,13365,0
2806157525506678,362584,64,2805,13365,0
2806157530616292,362584,64,2805,13365,0
2806157535726740,362584,64,2805,13365,0
2806157540837705,362584,64,2805,13365,0
2806157545948489,362584,64,2805,13365,0
2806157551076582,362584,64,2805,13365,0
2806157556199714,362584,64,2805,13365,0
2806157561309530,362584,64,2805,13365,0
2806157566419062,362584,64,2805,13365,0
2806157571531827,362584,64,2805,13365,0
2806157576642136,362584,64,2805,13365,0
2806157581752400,362584,64,2805,13365,0
2806157586865550,362584,64,2805,13365,0
2806157591976737,362584,64,2805,13365,0
2806157597087497,362584,64,2805,13365,0
2806157602235733,362584,64,2805,13365,0
2806157607346028,362584,64,2805,13365,0
2806157612456352,362584,64,2805,13365,0
2806157617566902,362584,64,2805,13365,0
2806157622678734,362584,64,2805,13365,0
2806157627789931,362584,64,2805,13365,0
2806157632910866,362584,64,2805,13365,0
2806157638019900,362584,64,2805,13365,0
2806157643129744,362584,64,2805,13365,0
2806157648283663,362584,64,2805,13365,0
2806157653393393,362584,64,2805,13365,0
2806157658544901,362584,64,2805,13365,0
2806157663654265,362584,64,2805,13365,0
2806157668807218,362584,64,2805,13365,0
2806157673918758,362584,64,2805,13365,0
2806157679030287,362584,64,2805,13365,0
2806157684140559,362584,64,2805,13365,0
2806157689250260,362584,64,2805,13365,0
2806157694361144,362584,64,2805,13365,0
2806157699470812,362584,64,2805,13365,0
2806157704580140,362584,64,2805,13365,0
2806157709689981,362584,64,2805,13365,0
2806157714800360,362584,64,2805,13365,0
2806157719910554,362584,64,2805,13365,0
2806157725023303,362584,64,2805,13365,0
2806157730134175,362584,64,2805,13365,0
2806157735244772,362584,64,2805,13365,0
2806157740355062,362584,64,2805,13365,0
2806157745465300,362584,64,2805,13365,0
2806157750575625,362584,64,2805,13365,0
2806157755685813,362584,64,2805,13365,0
2806157760798120,362584,64,2805,13365,0
2806157765908926,362584,64,2805,13365,0
2806157771019548,362584,64,2805,13365,0
2806157776131855,362584,64,2805,13365,0
2806157781243223,362584,64,2805,13365,0
2806157786354347,362584,64,2805,13365,0
2806157791467459,362584,64,2805,13365,0
2806157796579145,362584,64,2805,13365,0
2806157801690861,362584,64,2805,13365,0
2806157806802153,362584,64,2805,13365,0
2806157811913544,362584,64,2805,13365,0
2806157817025470,362584,64,2805,13365,0
2806157822138474,362584,64,2805,13365,0
2806157827269526,362584,64,2805,13365,0
2806157832381855,362584,64,2805,13365,0
2806157837494800,362584,64,2805,13365,0
2806157842607820,362584,64,2805,13365,0
2806157847720854,362584,64,2805,13365,0
2806157852833605,362584,64,2805,13365,0
2806157857948709,362584,64,2805,13365,0
2806157863062213,362584,64,2805,13365,0
2806157868190626,362584,64,2805,13365,0
2806157873306590,362584,64,2805,13365,0
2806157878421941,362584,64,2805,13365,0
2806157883535763,362584,64,2805,13365,0
2806157888649463,362584,64,2805,13365,0
2806157893763783,362584,64,2805,13365,0
2806157898878420,362584,64,2805,13365,0
2806157903993503,362584,64,2805,13365,0
2806157909138356,362584,64,2805,13365,0
2806157914253181,362584,64,2805,13365,0
2806157919368103,362584,64,2805,13365,0
2806157924482493,362584,64,2805,13365,0
2806157929598890,362584,64,2805,13365,0
2806157934713867,362584,64,2805,13365,0
2806157939830415,362684,64,2805,13365,0
2806157944946263,362684,64,2805,13365,0
2806157950061180,362684,64,2805,13365,0
2806157955175816,362684,64,2805,13365,0
2806157960290629,362684,64,2805,13365,0
2806157965405365,362684,64,2805,13365,0
2806157970520653,362684,64,2805,13365,0
2806157975635230,362684,64,2805,13365,0
2806157980750843,362684,64,2805,13365,0
2806157985865862,362684,64,2805,13365,0
2806157990981157,362684,64,2805,13365,0
2806157996097456,362684,64,2805,13365,0
2806158001212326,362684,64,2805,13365,0
2806158006327840,362684,64,2805,13365,0
2806158011445642,362684,64,2805,13365,0
2806158016560328,362684,64,2805,13365,0
2806158021675149,362684,64,2805,13365,0
2806158026792213,362684,64,2805,13365,0
2806158031908226,362684,64,2805,13365,0
2806158037023222,362684,64,2805,13365,0
2806158042137854,362684,64,2805,13365,0
2806158047252451,362684,64,2805,13365,0
2806158052367099,362684,64,2805,13365,0
2806158057483982,362684,64,2805,13365,0
2806158062598832,362684,64,2805,13365,0
2806158067713532,362684,64,2805,13365,0
2806158072830407,362684,64,2805,13365,0
2806158077945225,362684,64,2805,13365,0
2806158083060978,362684,64,2805,13365,0
2806158088175918,362684,64,2805,13365,0
2806158093290998,362684,64,2805,13365,0
2806158098405939,362684,64,2805,13365,0
2806158103522083,362684,64,2805,13365,0
2806158108636951,362684,64,2805,13365,0
2806158113751757,362684,64,2805,13365,0
2806158118867021,362684,64,2805,13365,0
2806158123982489,362684,64,2805,13365,0
2806158129115189,362684,64,2805,13365,0
2806158134231329,362684,64,2805,13365,0
2806158139346923,362684,64,2805,13365,0
2806158144461550,362684,64,2805,13365,0
2806158149576302,362684,64,2805,13365,0
2806158154691612,362684,64,2805,13365,0
2806158159808251,362684,64,2805,13365,0
2806158164922736,362684,64,2805,13365,0
2806158170038224,362684,64,2805,13365,0
2806158175153568,362684,64,2805,13365,0
2806158180269069,362684,64,2805,13365,0
2806158185385573,362684,64,2805,13365,0
2806158190501718,362684,64,2805,13365,0
2806158195616947,362684,64,2805,13365,0
2806158200732659,362684,64,2805,13365,0
2806158205847229,362684,64,2805,13365,0
2806158210964791,362684,64,2805,13365,0
2806158216079699,362684,64,2805,13365,0
2806158221194672,362684,64,2805,13365,0
2806158226309377,362684,64,2805,13365,0
2806158231423901,362684,64,2805,13365,0
2806158236539762,362684,64,2805,13365,0
2806158241655634,362684,64,2805,13365,0
2806158246770704,362684,64,2805,13365,0
2806158251885668,362684,64,2805,13365,0
2806158257017647,362684,64,2805,13365,0
2806158262133467,362684,64,2805,13365,0
2806158267247967,362684,64,2805,13365,0
2806158272362788,362684,64,2805,13365,0
2806158277477992,362684,64,2805,13365,0
2806158282592818,362684,64,2805,13365,0
2806158287708906,362684,64,2805,13365,0
2806158292825758,362684,64,2805,13365,0
2806158297940562,362684,64,2805,13365,0
2806158303055352,362684,64,2805,13365,0
2806158308170076,362684,64,2805,13365,0
2806158313284975,362684,64,2805,13365,0
2806158318399363,362684,64,2805,13365,0
2806158323515256,362684,64,2805,13365,0
2806158328630652,362684,64,2805,13365,0
2806158333751936,362684,64,2805,13365,0
2806158338868869,362684,64,2805,13365,0
2806158343984960,362684,64,2805,13365,0
2806158349126118,362684,64,2805,13365,0
2806158354241718,362684,64,2805,13365,0
2806158359357434,362684,64,2805,13365,0
2806158364472771,362684,64,2805,13365,0
2806158369588595,362684,64,2805,13365,0
2806158374704031,362684,64,2805,13365,0
2806158379821512,362684,64,2805,13365,0
2806158384936800,362684,64,2805,13365,0
2806158390044568,362684,64,2805,13365,0
2806158395159116,362684,64,2805,13365,0
2806158400274237,362684,64,2805,13365,0
2806158405397512,362684,64,2805,13365,0
2806158410513974,362684,64,2805,13365,0
2806158415630235,362684,64,2805,13365,0
2806158420745151,362684,64,2805,13365,0
2806158425860571,362684,64,2805,13365,0
2806158430977912,362684,64,2805,13365,0
2806158436093508,362684,64,2805,13365,0
2806158441211592,362734,64,2805,13365,0
2806158446329753,362734,64,2805,13365,0
2806158451445571,362734,64,2805,13365,0
2806158456560485,362734,64,2805,13365,0
2806158461676478,362734,64,2805,13365,0
2806158466792034,362734,64,2805,13365,0
2806158471906831,362734,64,2805,13365,0
2806158477021927,362734,64,2805,13365,0
2806158482155478,362734,64,2805,13365,0
2806158487270176,362734,64,2805,13365,0
2806158492386664,362734,64,2805,13365,0
2806158497503405,362734,64,2805,13365,0
2806158502618035,362734,64,2805,13365,0
2806158507733494,362734,64,2805,13365,0
2806158512848538,362734,64,2805,13365,0
2806158517963423,362734,64,2805,13365,0
2806158523077946,362734,64,2805,13365,0
2806158528195320,362734,64,2805,13365,0
2806158533310181,362734,64,2805,13365,0
2806158538425466,362734,64,2805,13365,0
2806158543541888,362734,64,2805,13365,0
2806158548656735,362734,64,2805,13365,0
2806158553771468,362734,64,2805,13365,0
2806158558889181,362734,64,2805,13365,0
2806158564027997,362734,64,2805,13365,0
2806158569144205,362734,64,2805,13365,0
2806158574258666,362734,64,2805,13365,0
2806158579374374,362734,64,2805,13365,0
2806158584489403,362734,64,2805,13365,0
2806158589605231,362734,64,2805,13365,0
2806158594721802,362734,64,2805,13365,0
2806158599839446,362734,64,2805,13365,0
2806158604954741,362734,64,2805,13365,0
2806158610070141,362734,64,2805,13365,0
2806158615184981,362734,64,2805,13365,0
2806158620299630,362734,64,2805,13365,0
2806158625414573,362734,64,2805,13365,0
2806158630531483,362734,64,2805,13365,0
2806158635646911,362734,64,2805,13365,0
2806158640762391,362734,64,2805,13365,0
2806158645879047,362734,64,2805,13365,0
2806158650994032,362734,64,2805,13365,0
2806158656134528,362734,64,2805,13365,0
2806158661249036,362734,64,2805,13365,0
2806158666363945,362734,64,2805,13365,0
2806158671478918,362734,64,2805,13365,0
2806158676593573,362734,64,2805,13365,0
2806158681708990,362734,64,2805,13365,0
2806158686826426,362734,64,2805,13365,0
2806158691940931,362734,64,2805,13365,0
2806158697057279,362734,64,2805,13365,0
2806158702172046,362734,64,2805,13365,0
2806158707286756,362734,64,2805,13365,0
2806158712401656,362734,64,2805,13365,0
2806158717518697,362734,64,2805,13365,0
2806158722633497,362734,64,2805,13365,0
2806158727748677,362734,64,2805,13365,0
2806158732863705,362734,64,2805,13365,0
2806158737978916,362734,64,2805,13365,0
2806158743094054,362734,64,2805,13365,0
2806158748210399,362734,64,2805,13365,0
2806158753325924,362734,64,2805,13365,0
2806158758440484,362734,64,2805,13365,0
2806158763555633,362734,64,2805,13365,0
2806158768670145,362734,64,2805,13365,0
2806158773785117,362734,64,2805,13365,0
2806158778899905,362734,64,2805,13365,0
2806158784031494,362734,64,2805,13365,0
2806158789147118,362734,64,2805,13365,0
2806158794263474,362734,64,2805,13365,0
2806158799381202,362734,64,2805,13365,0
2806158804496273,362734,64,2805,13365,0
2806158809617785,362734,64,2805,13365,0
2806158814732600,362734,64,2805,13365,0
2806158819850234,362734,64,2805,13365,0
2806158824965360,362734,64,2805,13365,0
2806158830080115,362734,64,2805,13365,0
2806158835195767,362734,64,2805,13365,0
2806158840310917,362734,64,2805,13365,0
2806158845425358,362734,64,2805,13365,0
2806158850543027,362734,64,2805,13365,0
2806158855658127,362734,64,2805,13365,0
2806158860772803,362734,64,2805,13365,0
2806158865887546,362734,64,2805,13365,0
2806158870990905,362734,64,2805,13365,0
2806158876131120,362734,64,2805,13365,0
2806158881246213,362734,64,2805,13365,0
2806158886361273,362734,64,2805,13365,0
2806158891476574,362734,64,2805,13365,0
2806158896591060,362734,64,2805,13365,0
2806158901707277,362734,64,2805,13365,0
2806158906823951,362734,64,2805,13365,0
2806158911939000,362734,64,2805,13365,0
2806158917053819,362734,64,2805,13365,0
2806158922169008,362734,64,2805,13365,0
2806158927284037,362734,64,2805,13365,0
2806158932398731,362734,64,2805,13365,0
2806158937515953,362680,64,2805,13365,0
2806158942632274,362680,64,2805,13365,0
2806158947747189,362680,64,2805,13365,0
2806158952863566,362680,64,2805,13365,0
2806158957977687,362680,64,2805,13365,0
2806158963092129,362680,64,2805,13365,0
2806158968208519,362680,64,2805,13365,0
2806158973323751,362680,64,2805,13365,0
2806158978438544,362680,64,2805,13365,0
2806158983553316,362680,64,2805,13365,0
2806158988668605,362680,64,2805,13365,0
2806158993783815,362680,64,2805,13365,0
2806158998898373,362680,64,2805,13365,0
2806159004033242,362680,64,2805,13365,0
2806159009150038,362680,64,2805,13365,0
2806159014267159,362680,64,2805,13365,0
2806159019382659,362680,64,2805,13365,0
2806159024497551,362680,64,2805,13365,0
2806159029612396,362680,64,2805,13365,0
2806159034727353,362680,64,2805,13365,0
2806159039842009,362680,64,2805,13365,0
2806159044956989,362680,64,2805,13365,0
2806159050071838,362680,64,2805,13365,0
2806159055188538,362680,64,2805,13365,0
2806159060303213,362680,64,2805,13365,0
2806159065418391,362680,64,2805,13365,0
2806159070534636,362680,64,2805,13365,0
2806159075649735,362680,64,2805,13365,0
2806159080766663,362680,64,2805,13365,0
2806159085881372,362680,64,2805,13365,0
2806159090996093,362680,64,2805,13365,0
2806159096130573,362680,64,2805,13365,0
2806159101245777,362680,64,2805,13365,0
2806159106362079,362680,64,2805,13365,0
2806159111477670,362680,64,2805,13365,0
2806159116592623,362680,64,2805,13365,0
2806159121722898,362680,64,2805,13365,0
2806159126837543,362680,64,2805,13365,0
2806159131952874,362680,64,2805,13365,0
2806159137085978,362680,64,2805,13365,0
2806159142200504,362680,64,2805,13365,0
2806159147315181,362680,64,2805,13365,0
2806159152433159,362680,64,2805,13365,0
2806159157549301,362680,64,2805,13365,0
2806159162663946,362680,64,2805,13365,0
2806159167778812,362680,64,2805,13365,0
2806159172894496,362680,64,2805,13365,0
2806159178026235,362680,64,2805,13365,0
2806159183142071,362680,64,2805,13365,0
2806159188256591,362680,64,2805,13365,0
2806159193371506,362680,64,2805,13365,0
2806159198485998,362680,64,2805,13365,0
2806159203600537,362680,64,2805,13365,0
2806159208716797,362680,64,2805,13365,0
2806159213834273,362680,64,2805,13365,0
2806159218948936,362680,64,2805,13365,0
2806159224063952,362680,64,2805,13365,0
2806159229179183,362680,64,2805,13365,0
2806159234294175,362680,64,2805,13365,0
2806159239409264,362680,64,2805,13365,0
2806159244526359,362680,64,2805,13365,0
2806159249641202,362680,64,2805,13365,0
2806159254755973,362680,64,2805,13365,0
2806159259872051,362680,64,2805,13365,0
2806159264986853,362680,64,2805,13365,0
2806159270124725,362680,64,2805,13365,0
2806159275239769,362680,64,2805,13365,0
2806159280354859,362680,64,2805,13365,0
2806159285469739,362680,64,2805,13365,0
2806159290585259,362680,64,2805,13365,0
2806159295699736,362680,64,2805,13365,0
2806159300816780,362680,64,2805,13365,0
2806159305931801,362680,64,2805,13365,0
2806159311048065,362680,64,2805,13365,0
2806159316163059,362680,64,2805,13365,0
2806159321278205,362680,64,2805,13365,0
2806159326393760,362680,64,2805,13365,0
2806159331511054,362680,64,2805,13365,0
2806159336625967,362680,64,2805,13365,0
2806159341740681,362680,64,2805,13365,0
2806159346855952,362680,64,2805,13365,0
2806159351986360,362680,64,2805,13365,0
2806159357126086,362680,64,2805,13365,0
2806159362242472,362680,64,2805,13365,0
2806159367357382,362680,64,2805,13365,0
2806159372472289,362680,64,2805,13365,0
2806159377587573,362680,64,2805,13365,0
2806159382702698,362680,64,2805,13365,0
2806159387819642,362680,64,2805,13365,0
2806159392934790,362680,64,2805,13365,0
2806159398049921,362680,64,2805,13365,0
2806159403165115,362680,64,2805,13365,0
2806159408280023,362680,64,2805,13365,0
2806159413396769,362680,64,2805,13365,0
2806159418513984,362680,64,2805,13365,0
2806159423628816,362680,64,2805,13365,0
2806159428743447,362680,64,2805,13365,0
2806159433858352,362680,64,2805,13365,0
2806159438973124,362748,64,2805,13365,0
2806159444089761,362748,64,2805,13365,0
2806159449204418,362748,64,2805,13365,0
2806159454319064,362748,64,2805,13365,0
2806159459433903,362748,64,2805,13365,0
2806159464550488,362748,64,2805,13365,0
2806159469665163,362748,64,2805,13365,0
2806159474779976,362748,64,2805,13365,0
2806159479895199,362748,64,2805,13365,0
2806159485031370,362748,64,2805,13365,0
2806159490147062,362748,64,2805,13365,0
2806159495261834,362748,64,2805,13365,0
2806159500376718,362748,64,2805,13365,0
2806159505491303,362748,64,2805,13365,0
2806159510606396,362748,64,2805,13365,0
2806159515722291,362748,64,2805,13365,0
2806159520839248,362748,64,2805,13365,0
2806159525954480,362748,64,2805,13365,0
2806159531068893,362748,64,2805,13365,0
2806159536183421,362748,64,2805,13365,0
2806159541298678,362748,64,2805,13365,0
2806159546413848,362748,64,2805,13365,0
2806159551529940,362748,64,2805,13365,0
2806159556645199,362748,64,2805,13365,0
2806159561760669,362748,64,2805,13365,0
2806159566877146,362748,64,2805,13365,0
2806159571992540,362748,64,2805,13365,0
2806159577129956,362748,64,2805,13365,0
2806159582245208,362748,64,2805,13365,0
2806159587360576,362748,64,2805,13365,0
2806159592475073,362748,64,2805,13365,0
2806159597590414,362748,64,2805,13365,0
2806159602705686,362748,64,2805,13365,0
2806159607823428,362748,64,2805,13365,0
2806159612938519,362748,64,2805,13365,0
2806159618055157,362748,64,2805,13365,0
2806159623169756,362748,64,2805,13365,0
2806159628284664,362748,64,2805,13365,0
2806159633399537,362748,64,2805,13365,0
2806159638515709,362748,64,2805,13365,0
2806159643630433,362748,64,2805,13365,0
2806159648746002,362748,64,2805,13365,0
2806159653861018,362748,64,2805,13365,0
2806159658976078,362748,64,2805,13365,0
2806159664091055,362748,64,2805,13365,0
2806159669207511,362748,64,2805,13365,0
2806159674322596,362748,64,2805,13365,0
2806159679438072,362748,64,2805,13365,0
2806159684553141,362748,64,2805,13365,0
2806159689667953,362748,64,2805,13365,0
2806159694783261,362748,64,2805,13365,0
2806159699898209,362748,64,2805,13365,0
2806159705031666,362748,64,2805,13365,0
2806159710147567,362748,64,2805,13365,0
2806159715262622,362748,64,2805,13365,0
2806159720378591,362748,64,2805,13365,0
2806159725493695,362748,64,2805,13365,0
2806159730609544,362748,64,2805,13365,0
2806159735724640,362748,64,2805,13365,0
2806159740841824,362748,64,2805,13365,0
2806159745957049,362748,64,2805,13365,0
2806159751072243,362748,64,2805,13365,0
2806159756187657,362748,64,2805,13365,0
2806159761302790,362748,64,2805,13365,0
2806159766417586,362748,64,2805,13365,0
2806159771533730,362748,64,2805,13365,0
2806159776648959,362748,64,2805,13365,0
2806159781764547,362748,64,2805,13365,0
2806159786879894,362748,64,2805,13365,0
2806159792035846,362748,64,2805,13365,0
2806159797151588,362748,64,2805,13365,0
2806159802266101,362748,64,2805,13365,0
2806159807381110,362748,64,2805,13365,0
2806159812496630,362748,64,2805,13365,0
2806159817611630,362748,64,2805,13365,0
2806159822728679,362748,64,2805,13365,0
2806159827845167,362748,64,2805,13365,0
2806159832959895,362748,64,2805,13365,0
2806159838074687,362748,64,2805,13365,0
2806159843189172,362748,64,2805,13365,0
2806159848304045,362748,64,2805,13365,0
2806159853419997,362748,64,2805,13365,0
2806159858536441,362748,64,2805,13365,0
2806159863651382,362748,64,2805,13365,0
2806159868766302,362748,64,2805,13365,0
2806159873882838,362748,64,2805,13365,0
2806159878997933,362748,64,2805,13365,0
2806159884135335,362748,64,2805,13365,0
2806159889250087,362748,64,2805,13365,0
2806159894365380,362748,64,2805,13365,0
2806159899480158,362748,64,2805,13365,0
2806159904594877,362748,64,2805,13365,0
2806159909709879,362748,64,2805,13365,0
2806159914826978,362748,64,2805,13365,0
2806159919941788,362748,64,2805,13365,0
2806159925058785,362748,64,2805,13365,0
2806159930173978,362748,64,2805,13365,0
2806159935295179,362748,64,2805,13365,0
2806159940409479,362662,64,2805,13365,0
2806159945528148,362662,64,2805,13365,0
2806159950642863,362662,64,2805,13365,0
2806159955758224,362662,64,2805,13365,0
2806159960873157,362662,64,2805,13365,0
2806159965988413,362662,64,2805,13365,0
2806159971128057,362662,64,2805,13365,0
2806159976246145,362662,64,2805,13365,0
2806159981361850,362662,64,2805,13365,0
2806159986477019,362662,64,2805,13365,0
2806159991591887,362662,64,2805,13365,0
2806159996707103,362662,64,2805,13365,0
2806160001821936,362662,64,2805,13365,0
2806160006938662,362662,64,2805,13365,0
2806160012053261,362662,64,2805,13365,0
2806160017168124,362662,64,2805,13365,0
2806160022302273,362662,64,2805,13365,0
2806160027418945,362662,64,2805,13365,0
2806160032533642,362662,64,2805,13365,0
2806160037648628,362662,64,2805,13365,0
2806160042763786,362662,64,2805,13365,0
2806160047878667,362662,64,2805,13365,0
2806160052993543,362662,64,2805,13365,0
2806160058131031,362662,64,2805,13365,0
2806160063246624,362662,64,2805,13365,0
2806160068361022,362662,64,2805,13365,0
2806160073476845,362662,64,2805,13365,0
2806160078593717,362662,64,2805,13365,0
2806160083708669,362662,64,2805,13365,0
2806160088825974,362662,64,2805,13365,0
2806160093940536,362662,64,2805,13365,0
2806160099057088,362662,64,2805,13365,0
2806160104171718,362662,64,2805,13365,0
2806160109286635,362662,64,2805,13365,0
2806160114401963,362662,64,2805,13365,0
2806160119517018,362662,64,2805,13365,0
2806160124631692,362662,64,2805,13365,0
2806160129748057,362662,64,2805,13365,0
2806160134863353,362662,64,2805,13365,0
2806160139978989,362662,64,2805,13365,0
2806160145094314,362662,64,2805,13365,0
2806160150209298,362662,64,2805,13365,0
2806160155323951,362662,64,2805,13365,0
2806160160438719,362662,64,2805,13365,0
2806160165555687,362662,64,2805,13365,0
2806160170688995,362662,64,2805,13365,0
2806160175804540,362662,64,2805,13365,0
2806160180920871,362662,64,2805,13365,0
2806160186035985,362662,64,2805,13365,0
2806160191151139,362662,64,2805,13365,0
2806160196268358,362662,64,2805,13365,0
2806160201382966,362662,64,2805,13365,0
2806160206498020,362662,64,2805,13365,0
2806160211612207,362662,64,2805,13365,0
2806160216727582,362662,64,2805,13365,0
2806160221842108,362662,64,2805,13365,0
2806160226956958,362662,64,2805,13365,0
2806160232073522,362662,64,2805,13365,0
2806160237187772,362662,64,2805,13365,0
2806160242302802,362662,64,2805,13365,0
2806160247421988,362662,64,2805,13365,0
2806160252540170,362662,64,2805,13365,0
2806160257660538,362662,64,2805,13365,0
2806160262778895,362662,64,2805,13365,0
2806160267894415,362662,64,2805,13365,0
2806160273026911,362662,64,2805,13365,0
2806160278118125,362662,64,2805,13365,0
2806160283238044,362662,64,2805,13365,0
2806160288356977,362662,64,2805,13365,0
2806160293475085,362662,64,2805,13365,0
2806160298596541,362662,64,2805,13365,0
2806160303714744,362662,64,2805,13365,0
2806160308830854,362662,64,2805,13365,0
2806160313950359,362662,64,2805,13365,0
2806160319070835,362662,64,2805,13365,0
2806160324189763,362662,64,2805,13365,0
2806160329310356,362662,64,2805,13365,0
2806160334431451,362662,64,2805,13365,0
2806160339551832,362662,64,2805,13365,0
2806160344671012,362662,64,2805,13365,0
2806160349791264,362662,64,2805,13365,0
2806160354910252,362662,64,2805,13365,0
2806160360030813,362662,64,2805,13365,0
2806160365147526,362662,64,2805,13365,0
2806160370265018,362662,64,2805,13365,0
2806160375381331,362662,64,2805,13365,0
2806160380496991,362662,64,2805,13365,0
2806160385617159,362662,64,2805,13365,0
2806160390739863,362662,64,2805,13365,0
2806160395859064,362662,64,2805,13365,0
2806160400982248,362662,64,2805,13365,0
2806160406126923,362662,64,2805,13365,0
2806160411250641,362662,64,2805,13365,0
2806160416369366,362662,64,2805,13365,0
2806160421490036,362662,64,2805,13365,0
2806160426609498,362662,64,2805,13365,0
2806160431729774,362662,64,2805,13365,0
2806160436849215,362662,64,2812,13365,0
2806160441969723,337414,57,2812,13365,0
2806160447127896,337414,57,2812,13365,0
2806160452251101,337414,57,2812,13365,0
2806160457371308,337414,57,2812,13365,0
2806160462490830,337414,57,2812,13365,0
2806160467608064,337414,57,2812,13365,0
2806160472711445,337414,57,2812,13365,0
2806160477827904,337414,57,2812,13365,0
2806160482950233,337414,57,2812,13365,0
2806160488071090,337414,57,2812,13365,0
2806160493190624,337414,57,2812,13365,0
2806160498312639,337414,57,2812,13365,0
2806160503433247,337414,57,2812,13365,0
2806160508553317,337414,57,2812,13365,0
2806160513672972,337414,57,2812,13365,0
2806160518792824,337414,57,2812,13365,0
2806160523913561,337414,57,2812,13365,0
2806160529030673,337414,57,2812,13365,0
2806160534152529,337414,57,2812,13365,0
2806160539271098,337414,57,2812,13365,0
