monotonic_ns,board_power_mw,temperature_c,graphics_clock_mhz,memory_clock_mhz,utilization_percent
2786143493667855,600099,89,2730,13365,100
2786143500238837,600099,89,2730,13365,100
2786143505351780,600099,89,2730,13365,100
2786143510472777,600099,89,2730,13365,100
2786143515595319,600099,89,2730,13365,100
2786143520716935,600099,89,2730,13365,100
2786143525838835,600099,89,2730,13365,100
2786143530960316,600099,89,2730,13365,100
2786143536087584,600099,89,2730,13365,100
2786143541191381,600099,89,2730,13365,100
2786143546315527,600099,89,2730,13365,100
2786143551437251,600099,89,2730,13365,100
2786143556558789,600099,89,2730,13365,100
2786143561678320,600099,89,2730,13365,100
2786143566797364,600099,89,2730,13365,100
2786143571918718,600099,89,2730,13365,100
2786143577041482,600099,89,2730,13365,100
2786143582164397,600099,89,2730,13365,100
2786143587287303,600099,89,2730,13365,100
2786143592410252,600099,89,2730,13365,100
2786143597537818,600099,89,2730,13365,100
2786143602658424,600099,89,2730,13365,100
2786143607781837,600099,89,2730,13365,100
2786143612923991,600099,89,2730,13365,100
2786143618046429,600099,89,2730,13365,100
2786143623167012,600099,89,2730,13365,100
2786143628290026,563400,79,2730,13365,13
2786143633409070,563400,79,2730,13365,13
2786143638535130,563400,79,2730,13365,13
2786143643654615,563400,79,2730,13365,13
2786143648777159,563400,79,2730,13365,13
2786143653897656,563400,79,2730,13365,13
2786143659028242,563400,79,2730,13365,13
2786143664151332,563400,79,2730,13365,13
2786143669256711,563400,79,2730,13365,13
2786143674376654,563400,79,2730,13365,13
2786143679496698,563400,79,2730,13365,13
2786143684619462,563400,79,2730,13365,13
2786143689742263,563400,79,2730,13365,13
2786143694867002,563400,79,2730,13365,13
2786143699988785,563400,79,2730,13365,13
2786143705127027,563400,79,2730,13365,13
2786143710250084,563400,79,2730,13365,13
2786143715372732,563400,79,2730,13365,13
2786143720495529,563400,79,2730,13365,13
2786143725618528,563400,79,2730,13365,13
2786143730741785,563400,79,2730,13365,13
2786143735865001,563400,79,2730,13365,13
2786143740987906,563400,79,2730,13365,13
2786143746133609,563400,79,2730,13365,13
2786143751264762,563400,79,2730,13365,13
2786143756389947,563400,79,2730,13365,13
2786143761514703,563400,79,2730,13365,13
2786143766639223,563400,79,2730,13365,13
2786143771764072,563400,79,2730,13365,13
2786143776888231,563400,79,2730,13365,13
2786143782027759,563400,79,2730,13365,13
2786143787151480,563400,79,2730,13365,13
2786143792276034,563400,79,2730,13365,13
2786143797383492,563400,79,2730,13365,13
2786143802506943,563400,79,2730,13365,13
2786143807628653,563400,79,2730,13365,13
2786143812748898,563400,79,2730,13365,13
2786143817868077,563400,79,2730,13365,13
2786143822986907,563400,79,2730,13365,13
2786143828123699,563400,79,2730,13365,13
2786143833242370,563400,79,2730,13365,13
2786143838361492,563400,79,2730,13365,13
2786143843485312,563400,79,2730,13365,13
2786143848604503,563400,79,2730,13365,13
2786143853724873,563400,79,2730,13365,13
2786143858843573,563400,79,2730,13365,13
2786143863962698,563400,79,2730,13365,13
2786143869081533,563400,79,2730,13365,13
2786143874215732,563400,79,2730,13365,13
2786143879334203,563400,79,2730,13365,13
2786143884452819,563400,79,2730,13365,13
2786143889571487,563400,79,2730,13365,13
2786143894689784,563400,79,2730,13365,13
2786143899808776,563400,79,2730,13365,13
2786143904929876,563400,79,2730,13365,13
2786143910048588,563400,79,2730,13365,13
2786143915167239,563400,79,2730,13365,13
2786143920285713,563400,79,2730,13365,13
2786143925404182,563400,79,2730,13365,13
2786143930522734,563400,79,2730,13365,13
2786143935641031,563400,79,2730,13365,13
2786143940759919,563400,79,2730,13365,13
2786143945878193,563400,79,2730,13365,13
2786143950996479,563400,79,2730,13365,13
2786143956132034,563400,79,2730,13365,13
2786143961250797,563400,79,2730,13365,13
2786143966368396,563400,79,2730,13365,13
2786143971485793,563400,79,2730,13365,13
2786143976604201,563400,79,2730,13365,13
2786143981722096,563400,79,2730,13365,13
2786143986841242,563400,79,2730,13365,13
2786143991960563,563400,79,2730,13365,13
2786143997078702,563400,79,2730,13365,13
2786144002196788,563400,79,2730,13365,13
2786144007315816,563400,79,2730,13365,13
2786144012433780,563400,79,2730,13365,13
2786144017550466,563400,79,2730,13365,13
2786144022666600,563400,79,2730,13365,13
2786144027784289,563400,79,2730,13365,13
2786144032902333,563400,79,2730,13365,13
2786144038022613,563400,79,2730,13365,13
2786144043141086,563400,79,2730,13365,13
2786144048259282,563400,79,2730,13365,13
2786144053377759,563400,79,2730,13365,13
2786144058497916,563400,79,2730,13365,13
2786144063616148,563400,79,2730,13365,13
2786144068734570,563400,79,2730,13365,13
2786144073852113,563400,79,2730,13365,13
2786144078970119,563400,79,2730,13365,13
2786144084088665,563400,79,2730,13365,13
2786144089206986,563400,79,2730,13365,13
2786144094324906,563400,79,2730,13365,13
2786144099442998,563400,79,2730,13365,13
2786144104561501,563400,79,2730,13365,13
2786144109681963,563400,79,2730,13365,13
2786144114800135,563400,79,2730,13365,13
2786144119918363,563400,79,2730,13365,13
2786144125036838,563400,79,2730,13365,13
2786144130155416,477694,88,2782,13365,100
2786144135291216,477694,88,2782,13365,100
2786144140409999,477694,88,2782,13365,100
2786144145528229,477694,88,2782,13365,100
2786144150646254,477694,88,2782,13365,100
2786144155764330,477694,88,2782,13365,100
2786144160884482,477694,88,2782,13365,100
2786144166025575,477694,88,2782,13365,100
2786144171144127,477694,88,2782,13365,100
2786144176262522,477694,88,2782,13365,100
2786144181381300,477694,88,2782,13365,100
2786144186499188,477694,88,2782,13365,100
2786144191617800,477694,88,2782,13365,100
2786144196735965,477694,88,2782,13365,100
2786144201854698,477694,88,2782,13365,100
2786144206972850,477694,88,2782,13365,100
2786144212092882,477694,88,2782,13365,100
2786144217211150,477694,88,2782,13365,100
2786144222329263,477694,88,2782,13365,100
2786144227447295,477694,88,2782,13365,100
2786144232566088,477694,88,2782,13365,100
2786144237684167,477694,88,2782,13365,100
2786144242802260,477694,88,2782,13365,100
2786144247920488,477694,88,2782,13365,100
2786144253039101,477694,88,2782,13365,100
2786144258157061,477694,88,2782,13365,100
2786144263276850,477694,88,2782,13365,100
2786144268395420,477694,88,2782,13365,100
2786144273513534,477694,88,2782,13365,100
2786144278641198,477694,88,2782,13365,100
2786144283759711,477694,88,2782,13365,100
2786144288878258,477694,88,2782,13365,100
2786144293997211,477694,88,2782,13365,100
2786144299137236,477694,88,2782,13365,100
2786144304255938,477694,88,2782,13365,100
2786144309374044,477694,88,2782,13365,100
2786144314502787,477694,88,2782,13365,100
2786144319621568,477694,88,2782,13365,100
2786144324753030,477694,88,2782,13365,100
2786144329871405,477694,88,2782,13365,100
2786144334989802,477694,88,2782,13365,100
2786144340126448,477694,88,2782,13365,100
2786144345244915,477694,88,2782,13365,100
2786144350362503,477694,88,2782,13365,100
2786144355479727,477694,88,2782,13365,100
2786144360596498,477694,88,2782,13365,100
2786144365715982,477694,88,2782,13365,100
2786144370834236,477694,88,2782,13365,100
2786144375952426,477694,88,2782,13365,100
2786144381070505,477694,88,2782,13365,100
2786144386188580,477694,88,2782,13365,100
2786144391307074,477694,88,2782,13365,100
2786144396425371,477694,88,2782,13365,100
2786144401543821,477694,88,2782,13365,100
2786144406662703,477694,88,2782,13365,100
2786144411780928,477694,88,2782,13365,100
2786144416900979,477694,88,2782,13365,100
2786144422039588,477694,88,2782,13365,100
2786144427158033,477694,88,2782,13365,100
2786144432276081,477694,88,2782,13365,100
2786144437394705,477694,88,2782,13365,100
2786144442512682,477694,88,2782,13365,100
2786144447630906,477694,88,2782,13365,100
2786144452748739,477694,88,2782,13365,100
2786144457867254,477694,88,2782,13365,100
2786144462985713,477694,88,2782,13365,100
2786144468122991,477694,88,2782,13365,100
2786144473241392,477694,88,2782,13365,100
2786144478359628,477694,88,2782,13365,100
2786144483477976,477694,88,2782,13365,100
2786144488596227,477694,88,2782,13365,100
2786144493714749,477694,88,2782,13365,100
2786144498833836,477694,88,2782,13365,100
2786144503951946,477694,88,2782,13365,100
2786144509070418,477694,88,2782,13365,100
2786144514188843,477694,88,2782,13365,100
2786144519308803,477694,88,2782,13365,100
2786144524426963,477694,88,2782,13365,100
2786144529544370,477694,88,2782,13365,100
2786144534662806,477694,88,2782,13365,100
2786144539780993,477694,88,2782,13365,100
2786144544899149,477694,88,2782,13365,100
2786144550036273,477694,88,2782,13365,100
2786144555154582,477694,88,2782,13365,100
2786144560273898,477694,88,2782,13365,100
2786144565393332,477694,88,2782,13365,100
2786144570513071,477694,88,2782,13365,100
2786144575631849,477694,88,2782,13365,100
2786144580750406,477694,88,2782,13365,100
2786144585869456,477694,88,2782,13365,100
2786144590987974,477694,88,2782,13365,100
2786144596125252,477694,88,2782,13365,100
2786144601243612,477694,88,2782,13365,100
2786144606370380,477694,88,2782,13365,100
2786144611488710,477694,88,2782,13365,100
2786144616607202,477694,88,2782,13365,100
2786144621726982,477694,88,2782,13365,100
2786144626845799,479872,88,2737,13365,100
2786144631964067,479872,88,2737,13365,100
2786144637082388,479872,88,2737,13365,100
2786144642200851,479872,88,2737,13365,100
2786144647319052,479872,88,2737,13365,100
2786144652438056,479872,88,2737,13365,100
2786144657555309,479872,88,2737,13365,100
2786144662689808,479872,88,2737,13365,100
2786144667808029,479872,88,2737,13365,100
2786144672928102,479872,88,2737,13365,100
2786144678046602,479872,88,2737,13365,100
2786144683164731,479872,88,2737,13365,100
2786144688283451,479872,88,2737,13365,100
2786144693403303,479872,88,2737,13365,100
2786144698521726,479872,88,2737,13365,100
2786144703639750,479872,88,2737,13365,100
2786144708759124,479872,88,2737,13365,100
2786144713877468,479872,88,2737,13365,100
2786144718995785,479872,88,2737,13365,100
2786144724137077,479872,88,2737,13365,100
2786144729255521,479872,88,2737,13365,100
2786144734373949,479872,88,2737,13365,100
2786144739492394,479872,88,2737,13365,100
2786144744609647,479872,88,2737,13365,100
2786144749728047,479872,88,2737,13365,100
2786144754846579,479872,88,2737,13365,100
2786144759965245,479872,88,2737,13365,100
2786144765083202,479872,88,2737,13365,100
2786144770201607,479872,88,2737,13365,100
2786144775321259,479872,88,2737,13365,100
2786144780439625,479872,88,2737,13365,100
2786144785557940,479872,88,2737,13365,100
2786144790688712,479872,88,2737,13365,100
2786144795807210,479872,88,2737,13365,100
2786144800925467,479872,88,2737,13365,100
2786144806043877,479872,88,2737,13365,100
2786144811161359,479872,88,2737,13365,100
2786144816279915,479872,88,2737,13365,100
2786144821398820,479872,88,2737,13365,100
2786144826518734,479872,88,2737,13365,100
2786144831637226,479872,88,2737,13365,100
2786144836755741,479872,88,2737,13365,100
2786144841874301,479872,88,2737,13365,100
2786144846992521,479872,88,2737,13365,100
2786144852132910,479872,88,2737,13365,100
2786144857251282,479872,88,2737,13365,100
2786144862370132,479872,88,2737,13365,100
2786144867488767,479872,88,2737,13365,100
2786144872607123,479872,88,2737,13365,100
2786144877727956,479872,88,2737,13365,100
2786144882847316,479872,88,2737,13365,100
2786144887967200,479872,88,2737,13365,100
2786144893087001,479872,88,2737,13365,100
2786144898207969,479872,88,2737,13365,100
2786144903306422,479872,88,2737,13365,100
2786144908422990,479872,88,2737,13365,100
2786144913539862,479872,88,2737,13365,100
2786144918657007,479872,88,2737,13365,100
2786144923774387,479872,88,2737,13365,100
2786144928893915,479872,88,2737,13365,100
2786144934030295,479872,88,2737,13365,100
2786144939147838,479872,88,2737,13365,100
2786144944266135,479872,88,2737,13365,100
2786144949384221,479872,88,2737,13365,100
2786144954499958,479872,88,2737,13365,100
2786144959616615,479872,88,2737,13365,100
2786144964733312,479872,88,2737,13365,100
2786144969849878,479872,88,2737,13365,100
2786144974966109,479872,88,2737,13365,100
2786144980084465,479872,88,2737,13365,100
2786144985200950,479872,88,2737,13365,100
2786144990317347,479872,88,2737,13365,100
2786144995432468,479872,88,2737,13365,100
2786145000547976,479872,88,2737,13365,100
2786145005663041,479872,88,2737,13365,100
2786145010779370,479872,88,2737,13365,100
2786145015896716,479872,88,2737,13365,100
2786145021031378,479872,88,2737,13365,100
2786145026145939,479872,88,2737,13365,100
2786145031262471,479872,88,2737,13365,100
2786145036382003,479872,88,2737,13365,100
2786145041496936,479872,88,2737,13365,100
2786145046611192,479872,88,2737,13365,100
2786145051726261,479872,88,2737,13365,100
2786145056841513,479872,88,2737,13365,100
2786145061957210,479872,88,2737,13365,100
2786145067071882,479872,88,2737,13365,100
2786145072187517,479872,88,2737,13365,100
2786145077301654,479872,88,2737,13365,100
2786145082416691,479872,88,2737,13365,100
2786145087531115,479872,88,2737,13365,100
2786145092645860,479872,88,2737,13365,100
2786145097760986,479872,88,2737,13365,100
2786145102875804,479872,88,2737,13365,100
2786145107990557,479872,88,2737,13365,100
2786145113120732,479872,88,2737,13365,100
2786145118234062,479872,88,2737,13365,100
2786145123347796,479872,88,2737,13365,100
2786145128461120,602751,88,2730,13365,100
2786145133575586,602751,88,2730,13365,100
2786145138689151,602751,88,2730,13365,100
2786145143803704,602751,88,2730,13365,100
2786145148918576,602751,88,2730,13365,100
2786145154032760,602751,88,2730,13365,100
2786145159146641,602751,88,2730,13365,100
2786145164278096,602751,88,2730,13365,100
2786145169391662,602751,88,2730,13365,100
2786145174504661,602751,88,2730,13365,100
2786145179617874,602751,88,2730,13365,100
2786145184733142,602751,88,2730,13365,100
2786145189846285,602751,88,2730,13365,100
2786145194959908,602751,88,2730,13365,100
2786145200073434,602751,88,2730,13365,100
2786145205187196,602751,88,2730,13365,100
2786145210301212,602751,88,2730,13365,100
2786145215414833,602751,88,2730,13365,100
2786145220529577,602751,88,2730,13365,100
2786145225643390,602751,88,2730,13365,100
2786145230757550,602751,88,2730,13365,100
2786145235873090,602751,88,2730,13365,100
2786145240987431,602751,88,2730,13365,100
2786145246121107,602751,88,2730,13365,100
2786145251237400,602751,88,2730,13365,100
2786145256352132,602751,88,2730,13365,100
2786145261477088,602751,88,2730,13365,100
2786145266592073,602751,88,2730,13365,100
2786145271707328,602751,88,2730,13365,100
2786145276823693,602751,88,2730,13365,100
2786145281939358,602751,88,2730,13365,100
2786145287057058,602751,88,2730,13365,100
2786145292172733,602751,88,2730,13365,100
2786145297288237,602751,88,2730,13365,100
2786145302403836,602751,88,2730,13365,100
2786145307520073,602751,88,2730,13365,100
2786145312636324,602751,88,2730,13365,100
2786145317752320,602751,88,2730,13365,100
2786145322868065,602751,88,2730,13365,100
2786145327986137,602751,88,2730,13365,100
2786145333126101,602751,88,2730,13365,100
2786145338243810,602751,88,2730,13365,100
2786145343360474,602751,88,2730,13365,100
2786145348476970,602751,88,2730,13365,100
2786145353592815,602751,88,2730,13365,100
2786145358709283,602751,88,2730,13365,100
2786145363826147,602751,88,2730,13365,100
2786145368943091,602751,88,2730,13365,100
2786145374059648,602751,88,2730,13365,100
2786145379175836,602751,88,2730,13365,100
2786145384292209,602751,88,2730,13365,100
2786145389410789,602751,88,2730,13365,100
2786145394528820,602751,88,2730,13365,100
2786145399646190,602751,88,2730,13365,100
2786145404763447,602751,88,2730,13365,100
2786145409880713,602751,88,2730,13365,100
2786145414998005,602751,88,2730,13365,100
2786145420137995,602751,88,2730,13365,100
2786145425255219,602751,88,2730,13365,100
2786145430372832,602751,88,2730,13365,100
2786145435490409,602751,88,2730,13365,100
2786145440609849,602751,88,2730,13365,100
2786145445745989,602751,88,2730,13365,100
2786145450864617,602751,88,2730,13365,100
2786145455983658,602751,88,2730,13365,100
2786145461120091,602751,88,2730,13365,100
2786145466237430,602751,88,2730,13365,100
2786145471354479,602751,88,2730,13365,100
2786145476472859,602751,88,2730,13365,100
2786145481591047,602751,88,2730,13365,100
2786145486709624,602751,88,2730,13365,100
2786145491830072,602751,88,2730,13365,100
2786145496948336,602751,88,2730,13365,100
2786145502066485,602751,88,2730,13365,100
2786145507185376,602751,88,2730,13365,100
2786145512303820,602751,88,2730,13365,100
2786145517422154,602751,88,2730,13365,100
2786145522540702,602751,88,2730,13365,100
2786145527659363,602751,88,2730,13365,100
2786145532777651,602751,88,2730,13365,100
2786145537906842,602751,88,2730,13365,100
2786145543027086,602751,88,2730,13365,100
2786145548145320,602751,88,2730,13365,100
2786145553263495,602751,88,2730,13365,100
2786145558381537,602751,88,2730,13365,100
2786145563500402,602751,88,2730,13365,100
2786145568618798,602751,88,2730,13365,100
2786145573737202,602751,88,2730,13365,100
2786145578855219,602751,88,2730,13365,100
2786145583973614,602751,88,2730,13365,100
2786145589117135,602751,88,2730,13365,100
2786145594237364,602751,88,2730,13365,100
2786145599355887,602751,88,2730,13365,100
2786145604474320,602751,88,2730,13365,100
2786145609592456,602751,88,2730,13365,100
2786145614710780,602751,88,2730,13365,100
2786145619829779,602751,88,2730,13365,100
2786145624948169,602751,88,2730,13365,100
2786145630066693,600110,88,2730,13365,100
2786145635185194,600110,88,2730,13365,100
2786145640303189,600110,88,2730,13365,100
2786145645423213,600110,88,2730,13365,100
2786145650541303,600110,88,2730,13365,100
2786145655667072,600110,88,2730,13365,100
2786145660785576,600110,88,2730,13365,100
2786145665903618,600110,88,2730,13365,100
2786145671022029,600110,88,2730,13365,100
2786145676140009,600110,88,2730,13365,100
2786145681258490,600110,88,2730,13365,100
2786145686377074,600110,88,2730,13365,100
2786145691495693,600110,88,2730,13365,100
2786145696615591,600110,88,2730,13365,100
2786145701733941,600110,88,2730,13365,100
2786145706852571,600110,88,2730,13365,100
2786145711971040,600110,88,2730,13365,100
2786145717089034,600110,88,2730,13365,100
2786145722207492,600110,88,2730,13365,100
2786145727325385,600110,88,2730,13365,100
2786145732443777,600110,88,2730,13365,100
2786145737562326,600110,88,2730,13365,100
2786145742680698,600110,88,2730,13365,100
2786145747799950,600110,88,2730,13365,100
2786145752918645,600110,88,2730,13365,100
2786145758037231,600110,88,2730,13365,100
2786145763155972,600110,88,2730,13365,100
2786145768274271,600110,88,2730,13365,100
2786145773392590,600110,88,2730,13365,100
2786145778511207,600110,88,2730,13365,100
2786145783630185,600110,88,2730,13365,100
2786145788748929,600110,88,2730,13365,100
2786145793867453,600110,88,2730,13365,100
2786145798987009,600110,88,2730,13365,100
2786145804127190,600110,88,2730,13365,100
2786145809245647,600110,88,2730,13365,100
2786145814364145,600110,88,2730,13365,100
2786145819482435,600110,88,2730,13365,100
2786145824600639,600110,88,2730,13365,100
2786145829719004,600110,88,2730,13365,100
2786145834837237,600110,88,2730,13365,100
2786145839955767,600110,88,2730,13365,100
2786145845073957,600110,88,2730,13365,100
2786145850193708,600110,88,2730,13365,100
2786145855312485,600110,88,2730,13365,100
2786145860430966,600110,88,2730,13365,100
2786145865549355,600110,88,2730,13365,100
2786145870667427,600110,88,2730,13365,100
2786145875785559,600110,88,2730,13365,100
2786145880904249,600110,88,2730,13365,100
2786145886022932,600110,88,2730,13365,100
2786145891141423,600110,88,2730,13365,100
2786145896259253,600110,88,2730,13365,100
2786145901378801,600110,88,2730,13365,100
2786145906496894,600110,88,2730,13365,100
2786145911615086,600110,88,2730,13365,100
2786145916733074,600110,88,2730,13365,100
2786145921852038,600110,88,2730,13365,100
2786145926970367,600110,88,2730,13365,100
2786145932088391,600110,88,2730,13365,100
2786145937222535,600110,88,2730,13365,100
2786145942340926,600110,88,2730,13365,100
2786145947459351,600110,88,2730,13365,100
2786145952578888,600110,88,2730,13365,100
2786145957697421,600110,88,2730,13365,100
2786145962817349,600110,88,2730,13365,100
2786145967935568,600110,88,2730,13365,100
2786145973053278,600110,88,2730,13365,100
2786145978171395,600110,88,2730,13365,100
2786145983289689,600110,88,2730,13365,100
2786145988405675,600110,88,2730,13365,100
2786145993521799,600110,88,2730,13365,100
2786145998637414,600110,88,2730,13365,100
2786146003755553,600110,88,2730,13365,100
2786146008872325,600110,88,2730,13365,100
2786146013989417,600110,88,2730,13365,100
2786146019129052,600110,88,2730,13365,100
2786146024245964,600110,88,2730,13365,100
2786146029363842,600110,88,2730,13365,100
2786146034481887,600110,88,2730,13365,100
2786146039599937,600110,88,2730,13365,100
2786146044719055,600110,88,2730,13365,100
2786146049838287,600110,88,2730,13365,100
2786146054958628,600110,88,2730,13365,100
2786146060077648,600110,88,2730,13365,100
2786146065195704,600110,88,2730,13365,100
2786146070313957,600110,88,2730,13365,100
2786146075431713,600110,88,2730,13365,100
2786146080550612,600110,88,2730,13365,100
2786146085669330,600110,88,2730,13365,100
2786146090791135,600110,88,2730,13365,100
2786146095909755,600110,88,2730,13365,100
2786146101046189,600110,88,2730,13365,100
2786146106165826,600110,88,2730,13365,100
2786146111284996,600110,88,2730,13365,100
2786146116403242,600110,88,2730,13365,100
2786146121521679,600110,88,2730,13365,100
2786146126639817,600025,88,2730,13365,100
2786146131757735,600025,88,2730,13365,100
2786146136876106,600025,88,2730,13365,100
2786146141994918,600025,88,2730,13365,100
2786146147137510,600025,88,2730,13365,100
2786146152256334,600025,88,2730,13365,100
2786146157376231,600025,88,2730,13365,100
2786146162494587,600025,88,2730,13365,100
2786146167612796,600025,88,2730,13365,100
2786146172730824,600025,88,2730,13365,100
2786146177849956,600025,88,2730,13365,100
2786146182968339,600025,88,2730,13365,100
2786146188086435,600025,88,2730,13365,100
2786146193204440,600025,88,2730,13365,100
2786146198322757,600025,88,2730,13365,100
2786146203440822,600025,88,2730,13365,100
2786146208559782,600025,88,2730,13365,100
2786146213678591,600025,88,2730,13365,100
2786146218810847,600025,88,2730,13365,100
2786146223928926,600025,88,2730,13365,100
2786146229049732,600025,88,2730,13365,100
2786146234168213,600025,88,2730,13365,100
2786146239286477,600025,88,2730,13365,100
2786146244405601,600025,88,2730,13365,100
2786146249523889,600025,88,2730,13365,100
2786146254642965,600025,88,2730,13365,100
2786146259762266,600025,88,2730,13365,100
2786146264880523,600025,88,2730,13365,100
2786146269999195,600025,88,2730,13365,100
2786146275141399,600025,88,2730,13365,100
2786146280259587,600025,88,2730,13365,100
2786146285378132,600025,88,2730,13365,100
2786146290496320,600025,88,2730,13365,100
2786146295614176,600025,88,2730,13365,100
2786146300733024,600025,88,2730,13365,100
2786146305852275,600025,88,2730,13365,100
2786146310972126,600025,88,2730,13365,100
2786146316089450,600025,88,2730,13365,100
2786146321206649,600025,88,2730,13365,100
2786146326323566,600025,88,2730,13365,100
2786146331441439,600025,88,2730,13365,100
2786146336559116,600025,88,2730,13365,100
2786146341677386,600025,88,2730,13365,100
2786146346796290,600025,88,2730,13365,100
2786146351914697,600025,88,2730,13365,100
2786146357034139,600025,88,2730,13365,100
2786146362171309,600025,88,2730,13365,100
2786146367290055,600025,88,2730,13365,100
2786146372408546,600025,88,2730,13365,100
2786146377526755,600025,88,2730,13365,100
2786146382646095,600025,88,2730,13365,100
2786146387765275,600025,88,2730,13365,100
2786146392883448,600025,88,2730,13365,100
2786146398019308,600025,88,2730,13365,100
2786146403138028,600025,88,2730,13365,100
2786146408256497,600025,88,2730,13365,100
2786146413376221,600025,88,2730,13365,100
2786146418494637,600025,88,2730,13365,100
2786146423613416,600025,88,2730,13365,100
2786146428731514,600025,88,2730,13365,100
2786146433850714,600025,88,2730,13365,100
2786146438969134,600025,88,2730,13365,100
2786146444086379,600025,88,2730,13365,100
2786146449203311,600025,88,2730,13365,100
2786146454321249,600025,88,2730,13365,100
2786146459438259,600025,88,2730,13365,100
2786146464556418,600025,88,2730,13365,100
2786146469674744,600025,88,2730,13365,100
2786146474792929,600025,88,2730,13365,100
2786146479911151,600025,88,2730,13365,100
2786146485030386,600025,88,2730,13365,100
2786146490148810,600025,88,2730,13365,100
2786146495266775,600025,88,2730,13365,100
2786146500386054,600025,88,2730,13365,100
2786146505518243,600025,88,2730,13365,100
2786146510636652,600025,88,2730,13365,100
2786146515756140,600025,88,2730,13365,100
2786146520874639,600025,88,2730,13365,100
2786146525992645,600025,88,2730,13365,100
2786146531133609,600025,88,2730,13365,100
2786146536252197,600025,88,2730,13365,100
2786146541370250,600025,88,2730,13365,100
2786146546488760,600025,88,2730,13365,100
2786146551607019,600025,88,2730,13365,100
2786146556725611,600025,88,2730,13365,100
2786146561849031,600025,88,2730,13365,100
2786146566969318,600025,88,2730,13365,100
2786146572087876,600025,88,2730,13365,100
2786146577206312,600025,88,2730,13365,100
2786146582324873,600025,88,2730,13365,100
2786146587442285,600025,88,2730,13365,100
2786146592561007,600025,88,2730,13365,100
2786146597678749,600025,88,2730,13365,100
2786146602797558,600025,88,2730,13365,100
2786146607916060,600025,88,2730,13365,100
2786146613035655,600025,88,2730,13365,100
2786146618169531,600025,88,2730,13365,100
2786146623287985,600025,88,2730,13365,100
2786146628406436,600165,89,2730,13365,100
2786146633522944,600165,89,2730,13365,100
2786146638640719,600165,89,2730,13365,100
2786146643757943,600165,89,2730,13365,100
2786146648875801,600165,89,2730,13365,100
2786146653992777,600165,89,2730,13365,100
2786146659138136,600165,89,2730,13365,100
2786146664254842,600165,89,2730,13365,100
2786146669373286,600165,89,2730,13365,100
2786146674490042,600165,89,2730,13365,100
2786146679607695,600165,89,2730,13365,100
2786146684725467,600165,89,2730,13365,100
2786146689843908,600165,89,2730,13365,100
2786146694961780,600165,89,2730,13365,100
2786146700080329,600165,89,2730,13365,100
2786146705198473,600165,89,2730,13365,100
2786146710316494,600165,89,2730,13365,100
2786146715434650,600165,89,2730,13365,100
2786146720554174,600165,89,2730,13365,100
2786146725672631,600165,89,2730,13365,100
2786146730790551,600165,89,2730,13365,100
2786146735908929,600165,89,2730,13365,100
2786146741027659,600165,89,2730,13365,100
2786146746145980,600165,89,2730,13365,100
2786146751264076,600165,89,2730,13365,100
2786146756401093,600165,89,2730,13365,100
2786146761519309,600165,89,2730,13365,100
2786146766637746,600165,89,2730,13365,100
2786146771757654,600165,89,2730,13365,100
2786146776875973,600165,89,2730,13365,100
2786146781994514,600165,89,2730,13365,100
2786146787136545,600165,89,2730,13365,100
2786146792254977,600165,89,2730,13365,100
2786146797373355,600165,89,2730,13365,100
2786146802492064,600165,89,2730,13365,100
2786146807610972,600165,89,2730,13365,100
2786146812729456,600165,89,2730,13365,100
2786146817847605,600165,89,2730,13365,100
2786146822967117,600165,89,2730,13365,100
2786146828085820,600165,89,2730,13365,100
2786146833204014,600165,89,2730,13365,100
2786146838322330,600165,89,2730,13365,100
2786146843441002,600165,89,2730,13365,100
2786146848559471,600165,89,2730,13365,100
2786146853677956,600165,89,2730,13365,100
2786146858796379,600165,89,2730,13365,100
2786146863915144,600165,89,2730,13365,100
2786146869034082,600165,89,2730,13365,100
2786146874154799,600165,89,2730,13365,100
2786146879273451,600165,89,2730,13365,100
2786146884391761,600165,89,2730,13365,100
2786146889510212,600165,89,2730,13365,100
2786146894628415,600165,89,2730,13365,100
2786146899766103,600165,89,2730,13365,100
2786146904883867,600165,89,2730,13365,100
2786146910023535,600165,89,2730,13365,100
2786146915141779,600165,89,2730,13365,100
2786146920260096,600165,89,2730,13365,100
2786146925379966,600165,89,2730,13365,100
2786146930498556,600165,89,2730,13365,100
2786146935616859,600165,89,2730,13365,100
2786146940734970,600165,89,2730,13365,100
2786146945853642,600165,89,2730,13365,100
2786146950971486,600165,89,2730,13365,100
2786146956089734,600165,89,2730,13365,100
2786146961208440,600165,89,2730,13365,100
2786146966326572,600165,89,2730,13365,100
2786146971445127,600165,89,2730,13365,100
2786146976565555,600165,89,2730,13365,100
2786146981684176,600165,89,2730,13365,100
2786146986802455,600165,89,2730,13365,100
2786146991921153,600165,89,2730,13365,100
2786146997039958,600165,89,2730,13365,100
2786147002158442,600165,89,2730,13365,100
2786147007277382,600165,89,2730,13365,100
2786147012395757,600165,89,2730,13365,100
2786147017514481,600165,89,2730,13365,100
2786147022632595,600165,89,2730,13365,100
2786147027751839,600165,89,2730,13365,100
2786147032870074,600165,89,2730,13365,100
2786147037991400,600165,89,2730,13365,100
2786147043128936,600165,89,2730,13365,100
2786147048247013,600165,89,2730,13365,100
2786147053364965,600165,89,2730,13365,100
2786147058482230,600165,89,2730,13365,100
2786147063599718,600165,89,2730,13365,100
2786147068717092,600165,89,2730,13365,100
2786147073834982,600165,89,2730,13365,100
2786147078954875,600165,89,2730,13365,100
2786147084073699,600165,89,2730,13365,100
2786147089192388,600165,89,2730,13365,100
2786147094310632,600165,89,2730,13365,100
2786147099428945,600165,89,2730,13365,100
2786147104547304,600165,89,2730,13365,100
2786147109665401,600165,89,2730,13365,100
2786147114783158,600165,89,2730,13365,100
2786147119901561,600165,89,2730,13365,100
2786147125020847,600165,89,2730,13365,100
2786147130145611,599988,89,2730,13365,100
2786147135263967,599988,89,2730,13365,100
2786147140381975,599988,89,2730,13365,100
2786147145500123,599988,89,2730,13365,100
2786147150618594,599988,89,2730,13365,100
2786147155736899,599988,89,2730,13365,100
2786147160855521,599988,89,2730,13365,100
2786147165974045,599988,89,2730,13365,100
2786147171092246,599988,89,2730,13365,100
2786147176210366,599988,89,2730,13365,100
2786147181330939,599988,89,2730,13365,100
2786147186449112,599988,89,2730,13365,100
2786147191567511,599988,89,2730,13365,100
2786147196685448,599988,89,2730,13365,100
2786147201803687,599988,89,2730,13365,100
2786147206922112,599988,89,2730,13365,100
2786147212040516,599988,89,2730,13365,100
2786147217159144,599988,89,2730,13365,100
2786147222277533,599988,89,2730,13365,100
2786147227395880,599988,89,2730,13365,100
2786147232516066,599988,89,2730,13365,100
2786147237634127,599988,89,2730,13365,100
2786147242752371,599988,89,2730,13365,100
2786147247871587,599988,89,2730,13365,100
2786147252990307,599988,89,2730,13365,100
2786147258134020,599988,89,2730,13365,100
2786147263252260,599988,89,2730,13365,100
2786147268370976,599988,89,2730,13365,100
2786147273489113,599988,89,2730,13365,100
2786147278607337,599988,89,2730,13365,100
2786147283727487,599988,89,2730,13365,100
2786147288853301,599988,89,2730,13365,100
2786147293971391,599988,89,2730,13365,100
2786147299089542,599988,89,2730,13365,100
2786147304207903,599988,89,2730,13365,100
2786147309326179,599988,89,2730,13365,100
2786147314444216,599988,89,2730,13365,100
2786147319563236,599988,89,2730,13365,100
2786147324681742,599988,89,2730,13365,100
2786147329799794,599988,89,2730,13365,100
2786147334919389,599988,89,2730,13365,100
2786147340037241,599988,89,2730,13365,100
2786147345155487,599988,89,2730,13365,100
2786147350273879,599988,89,2730,13365,100
2786147355392278,599988,89,2730,13365,100
2786147360510479,599988,89,2730,13365,100
2786147365629019,599988,89,2730,13365,100
2786147370746662,599988,89,2730,13365,100
2786147375864419,599988,89,2730,13365,100
2786147380982758,599988,89,2730,13365,100
2786147386126437,599988,89,2730,13365,100
2786147391244792,599988,89,2730,13365,100
2786147396362969,599988,89,2730,13365,100
2786147401481297,599988,89,2730,13365,100
2786147406599565,599988,89,2730,13365,100
2786147411735436,599988,89,2730,13365,100
2786147416853895,599988,89,2730,13365,100
2786147421972158,599988,89,2730,13365,100
2786147427090371,599988,89,2730,13365,100
2786147432208816,599988,89,2730,13365,100
2786147437328572,599988,89,2730,13365,100
2786147442446397,599988,89,2730,13365,100
2786147447564467,599988,89,2730,13365,100
2786147452683393,599988,89,2730,13365,100
2786147457801945,599988,89,2730,13365,100
2786147462920213,599988,89,2730,13365,100
2786147468038854,599988,89,2730,13365,100
2786147473157396,599988,89,2730,13365,100
2786147478280846,599988,89,2730,13365,100
2786147483399837,599988,89,2730,13365,100
2786147488520051,599988,89,2730,13365,100
2786147493638259,599988,89,2730,13365,100
2786147498756580,599988,89,2730,13365,100
2786147503875044,599988,89,2730,13365,100
2786147508993817,599988,89,2730,13365,100
2786147514136038,599988,89,2730,13365,100
2786147519254357,599988,89,2730,13365,100
2786147524372574,599988,89,2730,13365,100
2786147529490817,599988,89,2730,13365,100
2786147534609061,599988,89,2730,13365,100
2786147539728547,599988,89,2730,13365,100
2786147544847155,599988,89,2730,13365,100
2786147549965582,599988,89,2730,13365,100
2786147555083918,599988,89,2730,13365,100
2786147560202116,599988,89,2730,13365,100
2786147565320601,599988,89,2730,13365,100
2786147570439077,599988,89,2730,13365,100
2786147575557630,599988,89,2730,13365,100
2786147580676242,599988,89,2730,13365,100
2786147585794663,599988,89,2730,13365,100
2786147590914809,599988,89,2730,13365,100
2786147596033339,599988,89,2730,13365,100
2786147601151483,599988,89,2730,13365,100
2786147606270332,599988,89,2730,13365,100
2786147611389546,599988,89,2730,13365,100
2786147616508004,599988,89,2730,13365,100
2786147621625877,599988,89,2730,13365,100
2786147626744239,599972,89,2730,13365,100
2786147631862958,599972,89,2730,13365,100
2786147636981443,599972,89,2730,13365,100
2786147642123211,599972,89,2730,13365,100
2786147647242010,599972,89,2730,13365,100
2786147652360455,599972,89,2730,13365,100
2786147657479524,599972,89,2730,13365,100
2786147662598652,599972,89,2730,13365,100
2786147667717034,599972,89,2730,13365,100
2786147672835804,599972,89,2730,13365,100
2786147677953971,599972,89,2730,13365,100
2786147683072109,599972,89,2730,13365,100
2786147688209532,599972,89,2730,13365,100
2786147693329654,599972,89,2730,13365,100
2786147698447658,599972,89,2730,13365,100
2786147703565863,599972,89,2730,13365,100
2786147708684618,599972,89,2730,13365,100
2786147713803012,599972,89,2730,13365,100
2786147718921647,599972,89,2730,13365,100
2786147724040120,599972,89,2730,13365,100
2786147729158861,599972,89,2730,13365,100
2786147734277477,599972,89,2730,13365,100
2786147739409121,599972,89,2730,13365,100
2786147744529394,599972,89,2730,13365,100
2786147749647658,599972,89,2730,13365,100
2786147754765718,599972,89,2730,13365,100
2786147759883631,599972,89,2730,13365,100
2786147765025534,599972,89,2730,13365,100
2786147770143994,599972,89,2730,13365,100
2786147775262039,599972,89,2730,13365,100
2786147780380199,599972,89,2730,13365,100
2786147785499480,599972,89,2730,13365,100
2786147790617817,599972,89,2730,13365,100
2786147795737843,599972,89,2730,13365,100
2786147800855993,599972,89,2730,13365,100
2786147805974014,599972,89,2730,13365,100
2786147811091946,599972,89,2730,13365,100
2786147816210162,599972,89,2730,13365,100
2786147821328367,599972,89,2730,13365,100
2786147826446931,599972,89,2730,13365,100
2786147831565579,599972,89,2730,13365,100
2786147836684012,599972,89,2730,13365,100
2786147841802116,599972,89,2730,13365,100
2786147846922105,599972,89,2730,13365,100
2786147852045453,599972,89,2730,13365,100
2786147857164185,599972,89,2730,13365,100
2786147862282289,599972,89,2730,13365,100
2786147867400302,599972,89,2730,13365,100
2786147872518678,599972,89,2730,13365,100
2786147877637067,599972,89,2730,13365,100
2786147882755197,599972,89,2730,13365,100
2786147887873580,599972,89,2730,13365,100
2786147892991700,599972,89,2730,13365,100
2786147898134144,599972,89,2730,13365,100
2786147903252362,599972,89,2730,13365,100
2786147908370903,599972,89,2730,13365,100
2786147913489357,599972,89,2730,13365,100
2786147918607537,599972,89,2730,13365,100
2786147923725594,599972,89,2730,13365,100
2786147928844186,599972,89,2730,13365,100
2786147933962455,599972,89,2730,13365,100
2786147939080858,599972,89,2730,13365,100
2786147944199267,599972,89,2730,13365,100
2786147949319152,599972,89,2730,13365,100
2786147954437598,599972,89,2730,13365,100
2786147959555088,599972,89,2730,13365,100
2786147964673836,599972,89,2730,13365,100
2786147969791921,599972,89,2730,13365,100
2786147974910829,599972,89,2730,13365,100
2786147980029466,599972,89,2730,13365,100
2786147985147884,599972,89,2730,13365,100
2786147990266427,599972,89,2730,13365,100
2786147995384507,599972,89,2730,13365,100
2786148000504167,599972,89,2730,13365,100
2786148005622042,599972,89,2730,13365,100
2786148010740716,599972,89,2730,13365,100
2786148015858936,599972,89,2730,13365,100
2786148020977380,599972,89,2730,13365,100
2786148026095367,599972,89,2730,13365,100
2786148031213873,599972,89,2730,13365,100
2786148036332117,599972,89,2730,13365,100
2786148041451650,599972,89,2730,13365,100
2786148046570231,599972,89,2730,13365,100
2786148051690241,599972,89,2730,13365,100
2786148056808951,599972,89,2730,13365,100
2786148061927239,599972,89,2730,13365,100
2786148067063214,599972,89,2730,13365,100
2786148072182168,599972,89,2730,13365,100
2786148077300372,599972,89,2730,13365,100
2786148082418789,599972,89,2730,13365,100
2786148087536771,599972,89,2730,13365,100
2786148092655003,599972,89,2730,13365,100
2786148097772914,599972,89,2730,13365,100
2786148102892972,599972,89,2730,13365,100
2786148108028369,599972,89,2730,13365,100
2786148113146527,599972,89,2730,13365,100
2786148118264959,599972,89,2730,13365,100
2786148123383091,599972,89,2730,13365,100
2786148128501306,600002,89,2730,13365,100
2786148133619451,600002,89,2730,13365,100
2786148138737797,600002,89,2730,13365,100
2786148143855873,600002,89,2730,13365,100
2786148148974142,600002,89,2730,13365,100
2786148154107197,600002,89,2730,13365,100
2786148159225512,600002,89,2730,13365,100
2786148164343859,600002,89,2730,13365,100
2786148169462214,600002,89,2730,13365,100
2786148174582447,600002,89,2730,13365,100
2786148179700883,600002,89,2730,13365,100
2786148184818980,600002,89,2730,13365,100
2786148189937519,600002,89,2730,13365,100
2786148195055985,600002,89,2730,13365,100
2786148200174485,600002,89,2730,13365,100
2786148205294794,600002,89,2730,13365,100
2786148210413018,600002,89,2730,13365,100
2786148215531190,600002,89,2730,13365,100
2786148220649754,600002,89,2730,13365,100
2786148225768247,600002,89,2730,13365,100
2786148230886683,600002,89,2730,13365,100
2786148236028903,600002,89,2730,13365,100
2786148241147208,600002,89,2730,13365,100
2786148246266236,600002,89,2730,13365,100
2786148251384396,600002,89,2730,13365,100
2786148256505045,600002,89,2730,13365,100
2786148261645537,600002,89,2730,13365,100
2786148266764173,600002,89,2730,13365,100
2786148271882986,600002,89,2730,13365,100
2786148277081146,600002,89,2730,13365,100
2786148282200382,600002,89,2730,13365,100
2786148287318402,600002,89,2730,13365,100
2786148292436951,600002,89,2730,13365,100
2786148297567295,600002,89,2730,13365,100
2786148302685295,600002,89,2730,13365,100
2786148307805280,600002,89,2730,13365,100
2786148312924212,600002,89,2730,13365,100
2786148318042765,600002,89,2730,13365,100
2786148323160845,600002,89,2730,13365,100
2786148328279490,600002,89,2730,13365,100
2786148333397640,600002,89,2730,13365,100
2786148338515846,600002,89,2730,13365,100
2786148343633163,600002,89,2730,13365,100
2786148348751475,600002,89,2730,13365,100
2786148353870051,600002,89,2730,13365,100
2786148358989707,600002,89,2730,13365,100
2786148364129639,600002,89,2730,13365,100
2786148369247820,600002,89,2730,13365,100
2786148374366416,600002,89,2730,13365,100
2786148379484728,600002,89,2730,13365,100
2786148384603198,600002,89,2730,13365,100
2786148389721377,600002,89,2730,13365,100
2786148394839450,600002,89,2730,13365,100
2786148399957514,600002,89,2730,13365,100
2786148405075788,600002,89,2730,13365,100
2786148410195835,600002,89,2730,13365,100
2786148415314328,600002,89,2730,13365,100
2786148420432452,600002,89,2730,13365,100
2786148425550052,600002,89,2730,13365,100
2786148430668097,600002,89,2730,13365,100
2786148435786493,600002,89,2730,13365,100
2786148440905021,600002,89,2730,13365,100
2786148446023285,600002,89,2730,13365,100
2786148451141878,600002,89,2730,13365,100
2786148456260503,600002,89,2730,13365,100
2786148461380538,600002,89,2730,13365,100
2786148466498991,600002,89,2730,13365,100
2786148471617276,600002,89,2730,13365,100
2786148476735562,600002,89,2730,13365,100
2786148481854000,600002,89,2730,13365,100
2786148486972331,600002,89,2730,13365,100
2786148492091755,600002,89,2730,13365,100
2786148497210279,600002,89,2730,13365,100
2786148502329151,600002,89,2730,13365,100
2786148507447946,600002,89,2730,13365,100
2786148512568262,600002,89,2730,13365,100
2786148517686859,600002,89,2730,13365,100
2786148522805435,600002,89,2730,13365,100
2786148527923660,600002,89,2730,13365,100
2786148533041919,600002,89,2730,13365,100
2786148538160008,600002,89,2730,13365,100
2786148543278599,600002,89,2730,13365,100
2786148548397065,600002,89,2730,13365,100
2786148553515493,600002,89,2730,13365,100
2786148558644817,600002,89,2730,13365,100
2786148563765186,600002,89,2730,13365,100
2786148568883370,600002,89,2730,13365,100
2786148574023023,600002,89,2730,13365,100
2786148579141631,600002,89,2730,13365,100
2786148584259793,600002,89,2730,13365,100
2786148589377812,600002,89,2730,13365,100
2786148594496212,600002,89,2730,13365,100
2786148599614646,600002,89,2730,13365,100
2786148604732404,600002,89,2730,13365,100
2786148609851441,600002,89,2730,13365,100
2786148614971185,600002,89,2730,13365,100
2786148620089353,600002,89,2730,13365,100
2786148625207398,600002,89,2730,13365,100
2786148630325682,599907,89,2730,13365,100
2786148635444130,599907,89,2730,13365,100
2786148640562287,599907,89,2730,13365,100
2786148645680580,599907,89,2730,13365,100
2786148650799198,599907,89,2730,13365,100
2786148655918049,599907,89,2730,13365,100
2786148661036628,599907,89,2730,13365,100
2786148666156553,599907,89,2730,13365,100
2786148671275037,599907,89,2730,13365,100
2786148676393612,599907,89,2730,13365,100
2786148681512114,599907,89,2730,13365,100
2786148686630362,599907,89,2730,13365,100
2786148691748594,599907,89,2730,13365,100
2786148696866997,599907,89,2730,13365,100
2786148701985079,599907,89,2730,13365,100
2786148707127567,599907,89,2730,13365,100
2786148712245480,599907,89,2730,13365,100
2786148717356609,599907,89,2730,13365,100
2786148722492784,599907,89,2730,13365,100
2786148727610921,599907,89,2730,13365,100
2786148732729085,599907,89,2730,13365,100
2786148737847530,599907,89,2730,13365,100
2786148742965588,599907,89,2730,13365,100
2786148748083960,599907,89,2730,13365,100
2786148753202203,599907,89,2730,13365,100
2786148758320791,599907,89,2730,13365,100
2786148763439344,599907,89,2730,13365,100
2786148768559264,599907,89,2730,13365,100
2786148773677544,599907,89,2730,13365,100
2786148778795877,599907,89,2730,13365,100
2786148783914421,599907,89,2730,13365,100
2786148789034533,599907,89,2730,13365,100
2786148794152738,599907,89,2730,13365,100
2786148799271256,599907,89,2730,13365,100
2786148804389894,599907,89,2730,13365,100
2786148809508435,599907,89,2730,13365,100
2786148814626775,599907,89,2730,13365,100
2786148819746767,599907,89,2730,13365,100
2786148824865018,599907,89,2730,13365,100
2786148829983328,599907,89,2730,13365,100
2786148835123449,599907,89,2730,13365,100
2786148840242121,599907,89,2730,13365,100
2786148845360710,599907,89,2730,13365,100
2786148850482562,599907,89,2730,13365,100
2786148855600994,599907,89,2730,13365,100
2786148860705818,599907,89,2730,13365,100
2786148865818291,599907,89,2730,13365,100
2786148870937611,599907,89,2730,13365,100
2786148876054642,599907,89,2730,13365,100
2786148881172124,599907,89,2730,13365,100
2786148886290271,599907,89,2730,13365,100
2786148891408033,599907,89,2730,13365,100
2786148896525653,599907,89,2730,13365,100
2786148901642998,599907,89,2730,13365,100
2786148906746100,599907,89,2730,13365,100
2786148911857340,599907,89,2730,13365,100
2786148916975630,599907,89,2730,13365,100
2786148922095536,599907,89,2730,13365,100
2786148927214560,599907,89,2730,13365,100
2786148932333383,599907,89,2730,13365,100
2786148937451856,599907,89,2730,13365,100
2786148942569999,599907,89,2730,13365,100
2786148947688149,599907,89,2730,13365,100
2786148952806037,599907,89,2730,13365,100
2786148957924561,599907,89,2730,13365,100
2786148963043182,599907,89,2730,13365,100
2786148968161468,599907,89,2730,13365,100
2786148973280953,599907,89,2730,13365,100
2786148978399077,599907,89,2730,13365,100
2786148983518352,599907,89,2730,13365,100
2786148988636200,599907,89,2730,13365,100
2786148993753912,599907,89,2730,13365,100
2786148998872725,599907,89,2730,13365,100
2786149003990651,599907,89,2730,13365,100
2786149009133793,599907,89,2730,13365,100
2786149014251689,599907,89,2730,13365,100
2786149019369242,599907,89,2730,13365,100
2786149024489348,599907,89,2730,13365,100
2786149029608002,599907,89,2730,13365,100
2786149034725547,599907,89,2730,13365,100
2786149039843447,599907,89,2730,13365,100
2786149044961246,599907,89,2730,13365,100
2786149050079520,599907,89,2730,13365,100
2786149055199604,599907,89,2730,13365,100
2786149060318449,599907,89,2730,13365,100
2786149065436537,599907,89,2730,13365,100
2786149070554422,599907,89,2730,13365,100
2786149075674102,599907,89,2730,13365,100
2786149080792686,599907,89,2730,13365,100
2786149085910655,599907,89,2730,13365,100
2786149091029239,599907,89,2730,13365,100
2786149096147279,599907,89,2730,13365,100
2786149101265394,599907,89,2730,13365,100
2786149106383168,599907,89,2730,13365,100
2786149111501683,599907,89,2730,13365,100
2786149116619667,599907,89,2730,13365,100
2786149121737671,599907,89,2730,13365,100
2786149126857245,599940,89,2730,13365,100
2786149131975540,599940,89,2730,13365,100
2786149137093634,599940,89,2730,13365,100
2786149142211563,599940,89,2730,13365,100
2786149147329388,599940,89,2730,13365,100
2786149152447331,599940,89,2730,13365,100
2786149157565382,599940,89,2730,13365,100
2786149162683221,599940,89,2730,13365,100
2786149167800841,599940,89,2730,13365,100
2786149172918929,599940,89,2730,13365,100
2786149178038761,599940,89,2730,13365,100
2786149183157113,599940,89,2730,13365,100
2786149188275158,599940,89,2730,13365,100
2786149193393214,599940,89,2730,13365,100
2786149198511715,599940,89,2730,13365,100
2786149203629823,599940,89,2730,13365,100
2786149208747579,599940,89,2730,13365,100
2786149213865638,599940,89,2730,13365,100
2786149218983784,599940,89,2730,13365,100
2786149224125317,599940,89,2730,13365,100
2786149229244977,599940,89,2730,13365,100
2786149234363577,599940,89,2730,13365,100
2786149239481310,599940,89,2730,13365,100
2786149244606916,599940,89,2730,13365,100
2786149249724930,599940,89,2730,13365,100
2786149254843174,599940,89,2730,13365,100
2786149259961169,599940,89,2730,13365,100
2786149265079163,599940,89,2730,13365,100
2786149270197011,599940,89,2730,13365,100
2786149275315650,599940,89,2730,13365,100
2786149280435796,599940,89,2730,13365,100
2786149285553771,599940,89,2730,13365,100
2786149290672135,599940,89,2730,13365,100
2786149295790238,599940,89,2730,13365,100
2786149300908862,599940,89,2730,13365,100
2786149306026910,599940,89,2730,13365,100
2786149311144771,599940,89,2730,13365,100
2786149316262727,599940,89,2730,13365,100
2786149321380896,599940,89,2730,13365,100
2786149326499175,599940,89,2730,13365,100
2786149331619012,599940,89,2730,13365,100
2786149336737422,599940,89,2730,13365,100
2786149341855477,599940,89,2730,13365,100
2786149346973537,599940,89,2730,13365,100
2786149352091368,599940,89,2730,13365,100
2786149357209422,599940,89,2730,13365,100
2786149362327416,599940,89,2730,13365,100
2786149367445423,599940,89,2730,13365,100
2786149372563525,599940,89,2730,13365,100
2786149377699149,599940,89,2730,13365,100
2786149382818799,599940,89,2730,13365,100
2786149387945506,599940,89,2730,13365,100
2786149393063877,599940,89,2730,13365,100
2786149398181680,599940,89,2730,13365,100
2786149403299665,599940,89,2730,13365,100
2786149408417545,599940,89,2730,13365,100
2786149413535509,599940,89,2730,13365,100
2786149418653114,599940,89,2730,13365,100
2786149423771282,599940,89,2730,13365,100
2786149428904986,599940,89,2730,13365,100
2786149434024847,599940,89,2730,13365,100
2786149439143382,599940,89,2730,13365,100
2786149444261580,599940,89,2730,13365,100
2786149449379689,599940,89,2730,13365,100
2786149454497913,599940,89,2730,13365,100
2786149459616189,599940,89,2730,13365,100
2786149464733882,599940,89,2730,13365,100
2786149469852050,599940,89,2730,13365,100
2786149474970470,599940,89,2730,13365,100
2786149480088438,599940,89,2730,13365,100
2786149485208115,599940,89,2730,13365,100
2786149490326105,599940,89,2730,13365,100
2786149495444357,599940,89,2730,13365,100
2786149500562280,599940,89,2730,13365,100
2786149505680304,599940,89,2730,13365,100
2786149510798477,599940,89,2730,13365,100
2786149515916745,599940,89,2730,13365,100
2786149521035061,599940,89,2730,13365,100
2786149526153276,599940,89,2730,13365,100
2786149531271694,599940,89,2730,13365,100
2786149536396810,599940,89,2730,13365,100
2786149541515149,599940,89,2730,13365,100
2786149546633503,599940,89,2730,13365,100
2786149551751983,599940,89,2730,13365,100
2786149556870880,599940,89,2730,13365,100
2786149561989120,599940,89,2730,13365,100
2786149567130256,599940,89,2730,13365,100
2786149572248249,599940,89,2730,13365,100
2786149577366699,599940,89,2730,13365,100
2786149582484984,599940,89,2730,13365,100
2786149587604970,599940,89,2730,13365,100
2786149592722952,599940,89,2730,13365,100
2786149597841839,599940,89,2730,13365,100
2786149602959751,599940,89,2730,13365,100
2786149608078155,599940,89,2730,13365,100
2786149613196132,599940,89,2730,13365,100
2786149618314156,599940,89,2730,13365,100
2786149623432424,599940,89,2730,13365,100
2786149628551093,600034,89,2730,13365,100
2786149633669607,600034,89,2730,13365,100
2786149638789312,600034,89,2730,13365,100
2786149643907958,600034,89,2730,13365,100
2786149649026920,600034,89,2730,13365,100
2786149654145019,600034,89,2730,13365,100
2786149659263215,600034,89,2730,13365,100
2786149664381899,600034,89,2730,13365,100
2786149669499996,600034,89,2730,13365,100
2786149674618476,600034,89,2730,13365,100
2786149679736847,600034,89,2730,13365,100
2786149684855131,600034,89,2730,13365,100
2786149689975149,600034,89,2730,13365,100
2786149695094460,600034,89,2730,13365,100
2786149700212394,600034,89,2730,13365,100
2786149705330770,600034,89,2730,13365,100
2786149710448739,600034,89,2730,13365,100
2786149715566959,600034,89,2730,13365,100
2786149720684989,600034,89,2730,13365,100
2786149725803566,600034,89,2730,13365,100
2786149730921310,600034,89,2730,13365,100
2786149736040048,600034,89,2730,13365,100
2786149741159617,600034,89,2730,13365,100
2786149746278398,600034,89,2730,13365,100
2786149751396477,600034,89,2730,13365,100
2786149756514906,600034,89,2730,13365,100
2786149761633326,600034,89,2730,13365,100
2786149766751387,600034,89,2730,13365,100
2786149771870183,600034,89,2730,13365,100
2786149776988132,600034,89,2730,13365,100
2786149782128588,600034,89,2730,13365,100
2786149787246720,600034,89,2730,13365,100
2786149792366481,600034,89,2730,13365,100
2786149797485015,600034,89,2730,13365,100
2786149802621753,600034,89,2730,13365,100
2786149807739855,600034,89,2730,13365,100
2786149812857769,600034,89,2730,13365,100
2786149817976370,600034,89,2730,13365,100
2786149823094378,600034,89,2730,13365,100
2786149828212786,600034,89,2730,13365,100
2786149833330951,600034,89,2730,13365,100
2786149838449327,600034,89,2730,13365,100
2786149843568832,600034,89,2730,13365,100
2786149848686960,600034,89,2730,13365,100
2786149853805049,600034,89,2730,13365,100
2786149858923533,600034,89,2730,13365,100
2786149864041693,600034,89,2730,13365,100
2786149869159994,600034,89,2730,13365,100
2786149874278294,600034,89,2730,13365,100
2786149879397337,600034,89,2730,13365,100
2786149884515767,600034,89,2730,13365,100
2786149889634373,600034,89,2730,13365,100
2786149894754359,600034,89,2730,13365,100
2786149899872747,600034,89,2730,13365,100
2786149904991113,600034,89,2730,13365,100
2786149910133703,600034,89,2730,13365,100
2786149915251705,600034,89,2730,13365,100
2786149920369930,600034,89,2730,13365,100
2786149925488086,600034,89,2730,13365,100
2786149930606533,600034,89,2730,13365,100
2786149935724979,600034,89,2730,13365,100
2786149940843303,600034,89,2730,13365,100
2786149945962963,600034,89,2730,13365,100
2786149951081336,600034,89,2730,13365,100
2786149956199595,600034,89,2730,13365,100
2786149961361088,600034,89,2730,13365,100
2786149966479716,600034,89,2730,13365,100
2786149971597915,600034,89,2730,13365,100
2786149976715857,600034,89,2730,13365,100
2786149981834053,600034,89,2730,13365,100
2786149986952126,600034,89,2730,13365,100
2786149992070607,600034,89,2730,13365,100
2786149997190366,600034,89,2730,13365,100
2786150002308810,600034,89,2730,13365,100
2786150007427251,600034,89,2730,13365,100
2786150012545684,600034,89,2730,13365,100
2786150017664076,600034,89,2730,13365,100
2786150022782408,600034,89,2730,13365,100
2786150027900930,600034,89,2730,13365,100
2786150033037993,600034,89,2730,13365,100
2786150038156369,600034,89,2730,13365,100
2786150043275049,600034,89,2730,13365,100
2786150048394430,600034,89,2730,13365,100
2786150053511723,600034,89,2730,13365,100
2786150058629029,600034,89,2730,13365,100
2786150063745373,600034,89,2730,13365,100
2786150068861845,600034,89,2730,13365,100
2786150073977715,600034,89,2730,13365,100
2786150079094161,600034,89,2730,13365,100
2786150084210520,600034,89,2730,13365,100
2786150089325936,600034,89,2730,13365,100
2786150094459005,600034,89,2730,13365,100
2786150099577266,600034,89,2730,13365,100
2786150104695462,600034,89,2730,13365,100
2786150109813440,600034,89,2730,13365,100
2786150114931543,600034,89,2730,13365,100
2786150120059531,600034,89,2730,13365,100
2786150125178290,600034,89,2730,13365,100
2786150130296696,600028,89,2730,13365,100
2786150135415184,600028,89,2730,13365,100
2786150140533619,600028,89,2730,13365,100
2786150145652169,600028,89,2730,13365,100
2786150150771487,600028,89,2730,13365,100
2786150155889910,600028,89,2730,13365,100
2786150161031016,600028,89,2730,13365,100
2786150166149580,600028,89,2730,13365,100
2786150171268210,600028,89,2730,13365,100
2786150176386651,600028,89,2730,13365,100
2786150181504872,600028,89,2730,13365,100
2786150186622383,600028,89,2730,13365,100
2786150191740164,600028,89,2730,13365,100
2786150196859416,600028,89,2730,13365,100
2786150201979297,600028,89,2730,13365,100
2786150207098069,600028,89,2730,13365,100
2786150212216105,600028,89,2730,13365,100
2786150217334682,600028,89,2730,13365,100
2786150222453016,600028,89,2730,13365,100
2786150227570940,600028,89,2730,13365,100
2786150232689105,600028,89,2730,13365,100
2786150237807415,600028,89,2730,13365,100
2786150242926084,600028,89,2730,13365,100
2786150248044180,600028,89,2730,13365,100
2786150253163908,600028,89,2730,13365,100
2786150258282172,600028,89,2730,13365,100
2786150263400508,600028,89,2730,13365,100
2786150268519353,600028,89,2730,13365,100
2786150273637414,600028,89,2730,13365,100
2786150278779036,600028,89,2730,13365,100
2786150283897570,600028,89,2730,13365,100
2786150289038305,600028,89,2730,13365,100
2786150294157302,600028,89,2730,13365,100
2786150299275499,600028,89,2730,13365,100
2786150304394725,600028,89,2730,13365,100
2786150309514052,600028,89,2730,13365,100
2786150314632254,600028,89,2730,13365,100
2786150319750704,600028,89,2730,13365,100
2786150324869481,600028,89,2730,13365,100
2786150329987569,600028,89,2730,13365,100
2786150335126126,600028,89,2730,13365,100
2786150340244722,600028,89,2730,13365,100
2786150345363080,600028,89,2730,13365,100
2786150350481557,600028,89,2730,13365,100
2786150355601416,600028,89,2730,13365,100
2786150360718946,600028,89,2730,13365,100
2786150365836244,600028,89,2730,13365,100
2786150370953929,600028,89,2730,13365,100
2786150376071692,600028,89,2730,13365,100
2786150381188863,600028,89,2730,13365,100
2786150386305748,600028,89,2730,13365,100
2786150391423802,600028,89,2730,13365,100
2786150396542462,600028,89,2730,13365,100
2786150401662815,600028,89,2730,13365,100
2786150406782471,600028,89,2730,13365,100
2786150411900404,600028,89,2730,13365,100
2786150417034792,600028,89,2730,13365,100
2786150422153447,600028,89,2730,13365,100
2786150427272182,600028,89,2730,13365,100
2786150432390821,600028,89,2730,13365,100
2786150437508911,600028,89,2730,13365,100
2786150442627415,600028,89,2730,13365,100
2786150447745606,600028,89,2730,13365,100
2786150452864384,600028,89,2730,13365,100
2786150457984114,600028,89,2730,13365,100
2786150463120333,600028,89,2730,13365,100
2786150468238439,600028,89,2730,13365,100
2786150473357211,600028,89,2730,13365,100
2786150478475339,600028,89,2730,13365,100
2786150483593850,600028,89,2730,13365,100
2786150488712293,600028,89,2730,13365,100
2786150493830572,600028,89,2730,13365,100
2786150498948805,600028,89,2730,13365,100
2786150504067130,600028,89,2730,13365,100
2786150509186710,600028,89,2730,13365,100
2786150514304886,600028,89,2730,13365,100
2786150519427228,600028,89,2730,13365,100
2786150524546199,600028,89,2730,13365,100
2786150529664304,600028,89,2730,13365,100
2786150534782367,600028,89,2730,13365,100
2786150539900692,600028,89,2730,13365,100
2786150545036944,600028,89,2730,13365,100
2786150550155669,600028,89,2730,13365,100
2786150555273881,600028,89,2730,13365,100
2786150560393641,600028,89,2730,13365,100
2786150565513006,600028,89,2730,13365,100
2786150570631842,600028,89,2730,13365,100
2786150575749963,600028,89,2730,13365,100
2786150580868943,600028,89,2730,13365,100
2786150585987147,600028,89,2730,13365,100
2786150591132751,600028,89,2730,13365,100
2786150596251315,600028,89,2730,13365,100
2786150601369700,600028,89,2730,13365,100
2786150606497128,600028,89,2730,13365,100
2786150611640333,600028,89,2730,13365,100
2786150616758753,600028,89,2730,13365,100
2786150621889526,600028,89,2730,13365,100
2786150627024852,600018,89,2730,13365,100
2786150632143076,600018,89,2730,13365,100
2786150637261450,600018,89,2730,13365,100
2786150642380374,600018,89,2730,13365,100
2786150647498959,600018,89,2730,13365,100
2786150652617328,600018,89,2730,13365,100
2786150657736044,600018,89,2730,13365,100
2786150662858068,600018,89,2730,13365,100
2786150667977025,600018,89,2730,13365,100
2786150673095313,600018,89,2730,13365,100
2786150678213537,600018,89,2730,13365,100
2786150683331998,600018,89,2730,13365,100
2786150688467626,600018,89,2730,13365,100
2786150693586770,600018,89,2730,13365,100
2786150698705175,600018,89,2730,13365,100
2786150703823277,600018,89,2730,13365,100
2786150708941483,600018,89,2730,13365,100
2786150714061335,600018,89,2730,13365,100
2786150719179704,600018,89,2730,13365,100
2786150724297584,600018,89,2730,13365,100
2786150729416779,600018,89,2730,13365,100
2786150734534957,600018,89,2730,13365,100
2786150739653557,600018,89,2730,13365,100
2786150744771914,600018,89,2730,13365,100
2786150749890106,600018,89,2730,13365,100
2786150755035770,600018,89,2730,13365,100
2786150760153965,600018,89,2730,13365,100
2786150765273867,600018,89,2730,13365,100
2786150770392059,600018,89,2730,13365,100
2786150775517596,600018,89,2730,13365,100
2786150780635937,600018,89,2730,13365,100
2786150785754347,600018,89,2730,13365,100
2786150790872904,600018,89,2730,13365,100
2786150795991054,600018,89,2730,13365,100
2786150801126413,600018,89,2730,13365,100
2786150806244478,600018,89,2730,13365,100
2786150811362768,600018,89,2730,13365,100
2786150816482982,600018,89,2730,13365,100
2786150821600891,600018,89,2730,13365,100
2786150826719203,600018,89,2730,13365,100
2786150831837548,600018,89,2730,13365,100
2786150836956332,600018,89,2730,13365,100
2786150842074915,600018,89,2730,13365,100
2786150847193157,600018,89,2730,13365,100
2786150852311157,600018,89,2730,13365,100
2786150857429570,600018,89,2730,13365,100
2786150862548342,600018,89,2730,13365,100
2786150867668306,600018,89,2730,13365,100
2786150872786475,600018,89,2730,13365,100
2786150877905031,600018,89,2730,13365,100
2786150883023511,600018,89,2730,13365,100
2786150888141979,600018,89,2730,13365,100
2786150893260308,600018,89,2730,13365,100
2786150898378637,600018,89,2730,13365,100
2786150903496809,600018,89,2730,13365,100
2786150908615091,600018,89,2730,13365,100
2786150913733390,600018,89,2730,13365,100
2786150918853306,600018,89,2730,13365,100
2786150923971554,600018,89,2730,13365,100
2786150929089989,600018,89,2730,13365,100
2786150934208243,600018,89,2730,13365,100
2786150939326672,600018,89,2730,13365,100
2786150944444888,600018,89,2730,13365,100
2786150949563300,600018,89,2730,13365,100
2786150954681892,600018,89,2730,13365,100
2786150959798681,600018,89,2730,13365,100
2786150964917213,600018,89,2730,13365,100
2786150970037769,600018,89,2730,13365,100
2786150975155722,600018,89,2730,13365,100
2786150980273622,600018,89,2730,13365,100
2786150985391797,600018,89,2730,13365,100
2786150990510535,600018,89,2730,13365,100
2786150995629246,600018,89,2730,13365,100
2786151000747492,600018,89,2730,13365,100
2786151005865549,600018,89,2730,13365,100
2786151010983688,600018,89,2730,13365,100
2786151016122425,600018,89,2730,13365,100
2786151021242367,600018,89,2730,13365,100
2786151026360732,600018,89,2730,13365,100
2786151031479422,600018,89,2730,13365,100
2786151036597735,600018,89,2730,13365,100
2786151041716159,600018,89,2730,13365,100
2786151046834235,600018,89,2730,13365,100
2786151051952315,600018,89,2730,13365,100
2786151057074251,600018,89,2730,13365,100
2786151062192304,600018,89,2730,13365,100
2786151067310860,600018,89,2730,13365,100
2786151072430458,600018,89,2730,13365,100
2786151077548537,600018,89,2730,13365,100
2786151082666947,600018,89,2730,13365,100
2786151087784937,600018,89,2730,13365,100
2786151092904498,600018,89,2730,13365,100
2786151098023306,600018,89,2730,13365,100
2786151103141937,600018,89,2730,13365,100
2786151108260155,600018,89,2730,13365,100
2786151113378324,600018,89,2730,13365,100
2786151118497092,600018,89,2730,13365,100
2786151123617813,600018,89,2730,13365,100
2786151128735941,599962,89,2730,13365,100
2786151133854429,599962,89,2730,13365,100
2786151138972275,599962,89,2730,13365,100
2786151144090692,599962,89,2730,13365,100
2786151149208954,599962,89,2730,13365,100
2786151154327114,599962,89,2730,13365,100
2786151159445115,599962,89,2730,13365,100
2786151164563369,599962,89,2730,13365,100
2786151169681592,599962,89,2730,13365,100
2786151174801638,599962,89,2730,13365,100
2786151179919790,599962,89,2730,13365,100
2786151185038385,599962,89,2730,13365,100
2786151190156565,599962,89,2730,13365,100
2786151195274705,599962,89,2730,13365,100
2786151200392918,599962,89,2730,13365,100
2786151205510930,599962,89,2730,13365,100
2786151210629623,599962,89,2730,13365,100
2786151215748207,599962,89,2730,13365,100
2786151220865456,599962,89,2730,13365,100
2786151225985487,599962,89,2730,13365,100
2786151231125679,599962,89,2730,13365,100
2786151236243838,599962,89,2730,13365,100
2786151241362715,599962,89,2730,13365,100
2786151246480833,599962,89,2730,13365,100
2786151251599051,599962,89,2730,13365,100
2786151256717495,599962,89,2730,13365,100
2786151261835700,599962,89,2730,13365,100
2786151266954137,599962,89,2730,13365,100
2786151272072841,599962,89,2730,13365,100
2786151277193120,599962,89,2730,13365,100
2786151282311687,599962,89,2730,13365,100
2786151287429884,599962,89,2730,13365,100
2786151292548253,599962,89,2730,13365,100
2786151297666968,599962,89,2730,13365,100
2786151302785225,599962,89,2730,13365,100
2786151307902877,599962,89,2730,13365,100
2786151313021645,599962,89,2730,13365,100
2786151318139938,599962,89,2730,13365,100
2786151323258374,599962,89,2730,13365,100
2786151328378543,599962,89,2730,13365,100
2786151333496515,599962,89,2730,13365,100
2786151338614596,599962,89,2730,13365,100
2786151343751156,599962,89,2730,13365,100
2786151348869628,599962,89,2730,13365,100
2786151353987782,599962,89,2730,13365,100
2786151359128461,599962,89,2730,13365,100
2786151364246859,599962,89,2730,13365,100
2786151369365524,599962,89,2730,13365,100
2786151374483914,599962,89,2730,13365,100
2786151379604006,599962,89,2730,13365,100
2786151384722266,599962,89,2730,13365,100
2786151389841154,599962,89,2730,13365,100
2786151394959284,599962,89,2730,13365,100
2786151400081355,599962,89,2730,13365,100
2786151405199652,599962,89,2730,13365,100
2786151410317938,599962,89,2730,13365,100
2786151415436750,599962,89,2730,13365,100
2786151420555187,599962,89,2730,13365,100
2786151425673233,599962,89,2730,13365,100
2786151430793205,599962,89,2730,13365,100
2786151435911694,599962,89,2730,13365,100
2786151441030138,599962,89,2730,13365,100
2786151446148118,599962,89,2730,13365,100
2786151451270971,599962,89,2730,13365,100
2786151456389598,599962,89,2730,13365,100
2786151461507975,599962,89,2730,13365,100
2786151466626552,599962,89,2730,13365,100
2786151471744604,599962,89,2730,13365,100
2786151476862689,599962,89,2730,13365,100
2786151481982754,599962,89,2730,13365,100
2786151487124691,599962,89,2730,13365,100
2786151492243062,599962,89,2730,13365,100
2786151497361586,599962,89,2730,13365,100
2786151502479735,599962,89,2730,13365,100
2786151507598101,599962,89,2730,13365,100
2786151512716833,599962,89,2730,13365,100
2786151517835610,599962,89,2730,13365,100
2786151522953872,599962,89,2730,13365,100
2786151528072073,599962,89,2730,13365,100
2786151533192182,599962,89,2730,13365,100
2786151538310587,599962,89,2730,13365,100
2786151543429305,599962,89,2730,13365,100
2786151548547878,599962,89,2730,13365,100
2786151553666350,599962,89,2730,13365,100
2786151558784331,599962,89,2730,13365,100
2786151563902864,599962,89,2730,13365,100
2786151569022519,599962,89,2730,13365,100
2786151574140878,599962,89,2730,13365,100
2786151579270043,599962,89,2730,13365,100
2786151584390772,599962,89,2730,13365,100
2786151589509045,599962,89,2730,13365,100
2786151594627989,599962,89,2730,13365,100
2786151599746058,599962,89,2730,13365,100
2786151604863362,599962,89,2730,13365,100
2786151609981428,599962,89,2730,13365,100
2786151615118158,599962,89,2730,13365,100
2786151620234205,599962,89,2730,13365,100
2786151625351163,599962,89,2730,13365,100
2786151630466900,599943,89,2730,13365,100
2786151635585363,599943,89,2730,13365,100
2786151640702302,599943,89,2730,13365,100
2786151645819653,599943,89,2730,13365,100
2786151650937405,599943,89,2730,13365,100
2786151656055617,599943,89,2730,13365,100
2786151661173566,599943,89,2730,13365,100
2786151666291338,599943,89,2730,13365,100
2786151671409419,599943,89,2730,13365,100
2786151676527198,599943,89,2730,13365,100
2786151681644990,599943,89,2730,13365,100
2786151686764456,599943,89,2730,13365,100
2786151691883684,599943,89,2730,13365,100
2786151697021012,599943,89,2730,13365,100
2786151702140056,599943,89,2730,13365,100
2786151707251461,599943,89,2730,13365,100
2786151712369841,599943,89,2730,13365,100
2786151717488149,599943,89,2730,13365,100
2786151722606164,599943,89,2730,13365,100
2786151727724609,599943,89,2730,13365,100
2786151732843371,599943,89,2730,13365,100
2786151737963363,599943,89,2730,13365,100
2786151743081716,599943,89,2730,13365,100
2786151748200339,599943,89,2730,13365,100
2786151753318769,599943,89,2730,13365,100
2786151758436153,599943,89,2730,13365,100
2786151763554927,599943,89,2730,13365,100
2786151768673598,599943,89,2730,13365,100
2786151773791537,599943,89,2730,13365,100
2786151778909038,599943,89,2730,13365,100
2786151784025864,599943,89,2730,13365,100
2786151789144241,599943,89,2730,13365,100
2786151794260871,599943,89,2730,13365,100
2786151799376668,599943,89,2730,13365,100
2786151804492054,599943,89,2730,13365,100
2786151809607713,599943,89,2730,13365,100
2786151814722833,599943,89,2730,13365,100
2786151819837266,599943,89,2730,13365,100
2786151824951665,599943,89,2730,13365,100
2786151830066794,599943,89,2730,13365,100
2786151835255786,599943,89,2730,13365,100
2786151840371830,599943,89,2730,13365,100
2786151845486478,599943,89,2730,13365,100
2786151850601093,599943,89,2730,13365,100
2786151855715485,599943,89,2730,13365,100
2786151860830155,599943,89,2730,13365,100
2786151865944444,599943,89,2730,13365,100
2786151871058600,599943,89,2730,13365,100
2786151876173273,599943,89,2730,13365,100
2786151881287674,599943,89,2730,13365,100
2786151886403657,599943,89,2730,13365,100
2786151891520162,599943,89,2730,13365,100
2786151896634786,599943,89,2730,13365,100
2786151901750287,599943,89,2730,13365,100
2786151906866271,599943,89,2730,13365,100
2786151911982395,599943,89,2730,13365,100
2786151917122204,599943,89,2730,13365,100
2786151922238693,599943,89,2730,13365,100
2786151927355387,599943,89,2730,13365,100
2786151932471618,599943,89,2730,13365,100
2786151937587753,599943,89,2730,13365,100
2786151942705782,599943,89,2730,13365,100
2786151947822546,599943,89,2730,13365,100
2786151952938888,599943,89,2730,13365,100
2786151958056045,599943,89,2730,13365,100
2786151963173784,599943,89,2730,13365,100
2786151968291072,599943,89,2730,13365,100
2786151973408072,599943,89,2730,13365,100
2786151978526136,599943,89,2730,13365,100
2786151983644700,599943,89,2730,13365,100
2786151988762533,599943,89,2730,13365,100
2786151993882763,599943,89,2730,13365,100
2786151999037418,599943,89,2730,13365,100
2786152004156438,599943,89,2730,13365,100
2786152009274922,599943,89,2730,13365,100
2786152014392922,599943,89,2730,13365,100
2786152019514955,599943,89,2730,13365,100
2786152024633287,599943,89,2730,13365,100
2786152029751626,599943,89,2730,13365,100
2786152034870896,599943,89,2730,13365,100
2786152039988968,599943,89,2730,13365,100
2786152045128965,599943,89,2730,13365,100
2786152050265773,599943,89,2730,13365,100
2786152055383801,599943,89,2730,13365,100
2786152060501906,599943,89,2730,13365,100
2786152065620278,599943,89,2730,13365,100
2786152070738466,599943,89,2730,13365,100
2786152075857591,599943,89,2730,13365,100
2786152080976144,599943,89,2730,13365,100
2786152086094627,599943,89,2730,13365,100
2786152091212892,599943,89,2730,13365,100
2786152096332817,599943,89,2730,13365,100
2786152101450980,599943,89,2730,13365,100
2786152106568739,599943,89,2730,13365,100
2786152111687557,599943,89,2730,13365,100
2786152116805718,599943,89,2730,13365,100
2786152121924002,599943,89,2730,13365,100
2786152127042076,599908,89,2730,13365,100
2786152132160093,599908,89,2730,13365,100
2786152137278339,599908,89,2730,13365,100
2786152142397240,599908,89,2730,13365,100
2786152147517260,599908,89,2730,13365,100
2786152152635136,599908,89,2730,13365,100
2786152157753477,599908,89,2730,13365,100
2786152162884289,599908,89,2730,13365,100
2786152168019418,599908,89,2730,13365,100
2786152173137421,599908,89,2730,13365,100
2786152178255902,599908,89,2730,13365,100
2786152183374575,599908,89,2730,13365,100
2786152188492755,599908,89,2730,13365,100
2786152193611151,599908,89,2730,13365,100
2786152198730850,599908,89,2730,13365,100
2786152203849022,599908,89,2730,13365,100
2786152208967528,599908,89,2730,13365,100
2786152214085430,599908,89,2730,13365,100
2786152219203677,599908,89,2730,13365,100
2786152224321737,599908,89,2730,13365,100
2786152229440241,599908,89,2730,13365,100
2786152234558288,599908,89,2730,13365,100
2786152239676614,599908,89,2730,13365,100
2786152244794657,599908,89,2730,13365,100
2786152249914893,599908,89,2730,13365,100
2786152255033718,599908,89,2730,13365,100
2786152260151848,599908,89,2730,13365,100
2786152265270376,599908,89,2730,13365,100
2786152270388876,599908,89,2730,13365,100
2786152275507188,599908,89,2730,13365,100
2786152280643729,599908,89,2730,13365,100
2786152285761802,599908,89,2730,13365,100
2786152290879522,599908,89,2730,13365,100
2786152295997654,599908,89,2730,13365,100
2786152301135157,599908,89,2730,13365,100
2786152306253469,599908,89,2730,13365,100
2786152311371625,599908,89,2730,13365,100
2786152316490004,599908,89,2730,13365,100
2786152321608104,599908,89,2730,13365,100
2786152326726484,599908,89,2730,13365,100
2786152331844521,599908,89,2730,13365,100
2786152336962937,599908,89,2730,13365,100
2786152342081417,599908,89,2730,13365,100
2786152347199538,599908,89,2730,13365,100
2786152352319348,599908,89,2730,13365,100
2786152357442859,599908,89,2730,13365,100
2786152362560995,599908,89,2730,13365,100
2786152367678648,599908,89,2730,13365,100
2786152372797207,599908,89,2730,13365,100
2786152377916032,599908,89,2730,13365,100
2786152383034486,599908,89,2730,13365,100
2786152388152924,599908,89,2730,13365,100
2786152393271475,599908,89,2730,13365,100
2786152398389854,599908,89,2730,13365,100
2786152403509790,599908,89,2730,13365,100
2786152408628082,599908,89,2730,13365,100
2786152413746567,599908,89,2730,13365,100
2786152418864767,599908,89,2730,13365,100
2786152423983347,599908,89,2730,13365,100
2786152429125379,599908,89,2730,13365,100
2786152434243632,599908,89,2730,13365,100
2786152439362189,599908,89,2730,13365,100
2786152444480292,599908,89,2730,13365,100
2786152449598723,599908,89,2730,13365,100
2786152454718977,599908,89,2730,13365,100
2786152459838061,599908,89,2730,13365,100
2786152464956496,599908,89,2730,13365,100
2786152470075121,599908,89,2730,13365,100
2786152475193647,599908,89,2730,13365,100
2786152480312003,599908,89,2730,13365,100
2786152485430587,599908,89,2730,13365,100
2786152490548432,599908,89,2730,13365,100
2786152495667028,599908,89,2730,13365,100
2786152500785292,599908,89,2730,13365,100
2786152505904931,599908,89,2730,13365,100
2786152511023235,599908,89,2730,13365,100
2786152516141509,599908,89,2730,13365,100
2786152521259874,599908,89,2730,13365,100
2786152526378462,599908,89,2730,13365,100
2786152531496741,599908,89,2730,13365,100
2786152536615167,599908,89,2730,13365,100
2786152541733760,599908,89,2730,13365,100
2786152546851640,599908,89,2730,13365,100
2786152551969740,599908,89,2730,13365,100
2786152557090069,599908,89,2730,13365,100
2786152562208567,599908,89,2730,13365,100
2786152567326513,599908,89,2730,13365,100
2786152572444815,599908,89,2730,13365,100
2786152577562130,599908,89,2730,13365,100
2786152582679430,599908,89,2730,13365,100
2786152587797179,599908,89,2730,13365,100
2786152592915567,599908,89,2730,13365,100
2786152598033997,599908,89,2730,13365,100
2786152603152812,599908,89,2730,13365,100
2786152608273092,599908,89,2730,13365,100
2786152613391517,599908,89,2730,13365,100
2786152618510157,599908,89,2730,13365,100
2786152623628453,599908,89,2730,13365,100
2786152628746862,600106,89,2722,13365,100
2786152633865210,600106,89,2722,13365,100
2786152638984405,600106,89,2722,13365,100
2786152644127233,600106,89,2722,13365,100
2786152649244287,600106,89,2722,13365,100
2786152654379475,600106,89,2722,13365,100
2786152659499267,600106,89,2722,13365,100
2786152664616344,600106,89,2722,13365,100
2786152669733285,600106,89,2722,13365,100
2786152674850164,600106,89,2722,13365,100
2786152679968259,600106,89,2722,13365,100
2786152685086082,600106,89,2722,13365,100
2786152690209108,600106,89,2722,13365,100
2786152695329014,600106,89,2722,13365,100
2786152700446351,600106,89,2722,13365,100
2786152705563351,600106,89,2722,13365,100
2786152710683155,600106,89,2722,13365,100
2786152715801330,600106,89,2722,13365,100
2786152720920364,600106,89,2722,13365,100
2786152726038628,600106,89,2722,13365,100
2786152731156736,600106,89,2722,13365,100
2786152736275097,600106,89,2722,13365,100
2786152741393698,600106,89,2722,13365,100
2786152746512004,600106,89,2722,13365,100
2786152751630990,600106,89,2722,13365,100
2786152756749238,600106,89,2722,13365,100
2786152761869199,600106,89,2722,13365,100
2786152766987328,600106,89,2722,13365,100
2786152772129038,600106,89,2722,13365,100
2786152777247316,600106,89,2722,13365,100
2786152782365696,600106,89,2722,13365,100
2786152787484164,600106,89,2722,13365,100
2786152792602137,600106,89,2722,13365,100
2786152797720620,600106,89,2722,13365,100
2786152802838813,600106,89,2722,13365,100
2786152807957362,600106,89,2722,13365,100
2786152813076946,600106,89,2722,13365,100
2786152818194766,600106,89,2722,13365,100
2786152823312936,600106,89,2722,13365,100
2786152828431059,600106,89,2722,13365,100
2786152833549780,600106,89,2722,13365,100
2786152838668469,600106,89,2722,13365,100
2786152843787061,600106,89,2722,13365,100
2786152848905381,600106,89,2722,13365,100
2786152854023828,600106,89,2722,13365,100
2786152859142379,600106,89,2722,13365,100
2786152864262216,600106,89,2722,13365,100
2786152869380766,600106,89,2722,13365,100
2786152874498871,600106,89,2722,13365,100
2786152879617079,600106,89,2722,13365,100
2786152884735427,600106,89,2722,13365,100
2786152889854918,600106,89,2722,13365,100
2786152894973524,600106,89,2722,13365,100
2786152900091940,600106,89,2722,13365,100
2786152905209429,600106,89,2722,13365,100
2786152910326917,600106,89,2722,13365,100
2786152915445329,600106,89,2722,13365,100
2786152920562106,600106,89,2722,13365,100
2786152925678683,600106,89,2722,13365,100
2786152930794479,600106,89,2722,13365,100
2786152935910383,600106,89,2722,13365,100
2786152941026042,600106,89,2722,13365,100
2786152946141292,600106,89,2722,13365,100
2786152951256340,600106,89,2722,13365,100
2786152956370609,600106,89,2722,13365,100
2786152961485109,600106,89,2722,13365,100
2786152966600733,600106,89,2722,13365,100
2786152971714716,600106,89,2722,13365,100
2786152976843102,600106,89,2722,13365,100
2786152981956663,600106,89,2722,13365,100
2786152987092861,600106,89,2722,13365,100
2786152992206185,600106,89,2722,13365,100
2786152997319610,600106,89,2722,13365,100
2786153002432249,600106,89,2722,13365,100
2786153007545088,600106,89,2722,13365,100
2786153012657701,600106,89,2722,13365,100
2786153017771857,600106,89,2722,13365,100
2786153022884206,600106,89,2722,13365,100
2786153027996566,600106,89,2722,13365,100
2786153033126842,600106,89,2722,13365,100
2786153038239205,600106,89,2722,13365,100
2786153043351399,600106,89,2722,13365,100
2786153048463454,600106,89,2722,13365,100
2786153053575848,600106,89,2722,13365,100
2786153058688230,600106,89,2722,13365,100
2786153063801737,600106,89,2722,13365,100
2786153068915846,600106,89,2722,13365,100
2786153074029234,600106,89,2722,13365,100
2786153079140754,600106,89,2722,13365,100
2786153084279930,600106,89,2722,13365,100
2786153089392398,600106,89,2722,13365,100
2786153094504779,600106,89,2722,13365,100
2786153099616912,600106,89,2722,13365,100
2786153104729212,600106,89,2722,13365,100
2786153109841725,600106,89,2722,13365,100
2786153114954325,600106,89,2722,13365,100
2786153120068545,600106,89,2722,13365,100
2786153125180800,600106,89,2722,13365,100
2786153130293158,599980,89,2722,13365,100
2786153135405914,599980,89,2722,13365,100
2786153140517895,599980,89,2722,13365,100
2786153145630499,599980,89,2722,13365,100
2786153150742864,599980,89,2722,13365,100
2786153155855279,599980,89,2722,13365,100
2786153160967460,599980,89,2722,13365,100
2786153166079763,599980,89,2722,13365,100
2786153171193585,599980,89,2722,13365,100
2786153176305702,599980,89,2722,13365,100
2786153181418302,599980,89,2722,13365,100
2786153186530747,599980,89,2722,13365,100
2786153191643166,599980,89,2722,13365,100
2786153196755331,599980,89,2722,13365,100
2786153201867652,599980,89,2722,13365,100
2786153206980118,599980,89,2722,13365,100
2786153212093024,599980,89,2722,13365,100
2786153217205301,599980,89,2722,13365,100
2786153222319125,599980,89,2722,13365,100
2786153227431854,599980,89,2722,13365,100
2786153232544166,599980,89,2722,13365,100
2786153237656366,599980,89,2722,13365,100
2786153242769389,599980,89,2722,13365,100
2786153247882167,599980,89,2722,13365,100
2786153252994832,599980,89,2722,13365,100
2786153258124574,599980,89,2722,13365,100
2786153263236748,599980,89,2722,13365,100
2786153268348892,599980,89,2722,13365,100
2786153273462542,599980,89,2722,13365,100
2786153278574632,599980,89,2722,13365,100
2786153283686966,599980,89,2722,13365,100
2786153288799446,599980,89,2722,13365,100
2786153293912038,599980,89,2722,13365,100
2786153299024477,599980,89,2722,13365,100
2786153304136712,599980,89,2722,13365,100
2786153309264538,599980,89,2722,13365,100
2786153314376541,599980,89,2722,13365,100
2786153319489415,599980,89,2722,13365,100
2786153324603341,599980,89,2722,13365,100
2786153329715596,599980,89,2722,13365,100
2786153334827870,599980,89,2722,13365,100
2786153339940192,599980,89,2722,13365,100
2786153345052458,599980,89,2722,13365,100
2786153350164712,599980,89,2722,13365,100
2786153355277680,599980,89,2722,13365,100
2786153360389996,599980,89,2722,13365,100
2786153365502356,599980,89,2722,13365,100
2786153370614637,599980,89,2722,13365,100
2786153375728310,599980,89,2722,13365,100
2786153380840427,599980,89,2722,13365,100
2786153385952512,599980,89,2722,13365,100
2786153391064702,599980,89,2722,13365,100
2786153396176783,599980,89,2722,13365,100
2786153401289365,599980,89,2722,13365,100
2786153406401628,599980,89,2722,13365,100
2786153411516796,599980,89,2722,13365,100
2786153416628836,599980,89,2722,13365,100
2786153421741209,599980,89,2722,13365,100
2786153426855069,599980,89,2722,13365,100
2786153431967398,599980,89,2722,13365,100
2786153437079716,599980,89,2722,13365,100
2786153442191813,599980,89,2722,13365,100
2786153447304187,599980,89,2722,13365,100
2786153452416375,599980,89,2722,13365,100
2786153457528459,599980,89,2722,13365,100
2786153462640920,599980,89,2722,13365,100
2786153467753293,599980,89,2722,13365,100
2786153472865253,599980,89,2722,13365,100
2786153477979197,599980,89,2722,13365,100
2786153483091562,599980,89,2722,13365,100
2786153488203852,599980,89,2722,13365,100
2786153493316082,599980,89,2722,13365,100
2786153498428359,599980,89,2722,13365,100
2786153503540519,599980,89,2722,13365,100
2786153508653130,599980,89,2722,13365,100
2786153513765236,599980,89,2722,13365,100
2786153518877724,599980,89,2722,13365,100
2786153523990218,599980,89,2722,13365,100
2786153529121186,599980,89,2722,13365,100
2786153534233541,599980,89,2722,13365,100
2786153539345730,599980,89,2722,13365,100
2786153544458101,599980,89,2722,13365,100
2786153549570395,599980,89,2722,13365,100
2786153554701767,599980,89,2722,13365,100
2786153559814327,599980,89,2722,13365,100
2786153564926473,599980,89,2722,13365,100
2786153570039376,599980,89,2722,13365,100
2786153575151380,599980,89,2722,13365,100
2786153580265541,599980,89,2722,13365,100
2786153585377842,599980,89,2722,13365,100
2786153590489128,599980,89,2722,13365,100
2786153595601505,599980,89,2722,13365,100
2786153600713623,599980,89,2722,13365,100
2786153605825912,599980,89,2722,13365,100
2786153610937976,599980,89,2722,13365,100
2786153616050512,599980,89,2722,13365,100
2786153621162594,599980,89,2722,13365,100
2786153626275271,599980,89,2722,13365,100
2786153631388945,599958,89,2730,13365,100
2786153636501422,599958,89,2730,13365,100
2786153641613402,599958,89,2730,13365,100
2786153646725623,599958,89,2730,13365,100
2786153651837991,599958,89,2730,13365,100
2786153656951072,599958,89,2730,13365,100
2786153662063404,599958,89,2730,13365,100
2786153667175626,599958,89,2730,13365,100
2786153672288109,599958,89,2730,13365,100
2786153677400261,599958,89,2730,13365,100
2786153682513789,599958,89,2730,13365,100
2786153687626092,599958,89,2730,13365,100
2786153692738088,599958,89,2730,13365,100
2786153697850326,599958,89,2730,13365,100
2786153702962947,599958,89,2730,13365,100
2786153708075475,599958,89,2730,13365,100
2786153713187256,599958,89,2730,13365,100
2786153718299750,599958,89,2730,13365,100
2786153723411889,599958,89,2730,13365,100
2786153728524293,599958,89,2730,13365,100
2786153733637433,599958,89,2730,13365,100
2786153738749326,599958,89,2730,13365,100
2786153743861878,599958,89,2730,13365,100
2786153748974071,599958,89,2730,13365,100
2786153754086435,599958,89,2730,13365,100
2786153759198406,599958,89,2730,13365,100
2786153764310408,599958,89,2730,13365,100
2786153769423054,599958,89,2730,13365,100
2786153774535201,599958,89,2730,13365,100
2786153779647285,599958,89,2730,13365,100
2786153784760937,599958,89,2730,13365,100
2786153789873354,599958,89,2730,13365,100
2786153794985117,599958,89,2730,13365,100
2786153800114387,599958,89,2730,13365,100
2786153805226659,599958,89,2730,13365,100
2786153810338763,599958,89,2730,13365,100
2786153815450848,599958,89,2730,13365,100
2786153820563192,599958,89,2730,13365,100
2786153825675589,599958,89,2730,13365,100
2786153830787567,599958,89,2730,13365,100
2786153835901081,599958,89,2730,13365,100
2786153841029175,599958,89,2730,13365,100
2786153846140922,599958,89,2730,13365,100
2786153851259819,599958,89,2730,13365,100
2786153856371919,599958,89,2730,13365,100
2786153861484143,599958,89,2730,13365,100
2786153866596396,599958,89,2730,13365,100
2786153871708629,599958,89,2730,13365,100
2786153876820787,599958,89,2730,13365,100
2786153881933265,599958,89,2730,13365,100
2786153887046810,599958,89,2730,13365,100
2786153892159350,599958,89,2730,13365,100
2786153897271550,599958,89,2730,13365,100
2786153902383778,599958,89,2730,13365,100
2786153907495293,599958,89,2730,13365,100
2786153912607900,599958,89,2730,13365,100
2786153917720210,599958,89,2730,13365,100
2786153922832441,599958,89,2730,13365,100
2786153927944757,599958,89,2730,13365,100
2786153933057285,599958,89,2730,13365,100
2786153938180220,599958,89,2730,13365,100
2786153943292562,599958,89,2730,13365,100
2786153948404547,599958,89,2730,13365,100
2786153953516533,599958,89,2730,13365,100
2786153958628537,599958,89,2730,13365,100
2786153963757383,599958,89,2730,13365,100
2786153968869568,599958,89,2730,13365,100
2786153973981840,599958,89,2730,13365,100
2786153979116259,599958,89,2730,13365,100
2786153984228333,599958,89,2730,13365,100
2786153989342218,599958,89,2730,13365,100
2786153994454334,599958,89,2730,13365,100
2786153999566406,599958,89,2730,13365,100
2786154004678291,599958,89,2730,13365,100
2786154009794867,599958,89,2730,13365,100
2786154014907135,599958,89,2730,13365,100
2786154020019476,599958,89,2730,13365,100
2786154025131742,599958,89,2730,13365,100
2786154030243692,599958,89,2730,13365,100
2786154035356117,599958,89,2730,13365,100
2786154040468226,599958,89,2730,13365,100
2786154045580560,599958,89,2730,13365,100
2786154050692886,599958,89,2730,13365,100
2786154055805030,599958,89,2730,13365,100
2786154060917213,599958,89,2730,13365,100
2786154066029851,599958,89,2730,13365,100
2786154071142040,599958,89,2730,13365,100
2786154076254186,599958,89,2730,13365,100
2786154081366492,599958,89,2730,13365,100
2786154086478687,599958,89,2730,13365,100
2786154091592030,599958,89,2730,13365,100
2786154096704190,599958,89,2730,13365,100
2786154101816634,599958,89,2730,13365,100
2786154106928991,599958,89,2730,13365,100
2786154112040929,599958,89,2730,13365,100
2786154117153296,599958,89,2730,13365,100
2786154122265744,599958,89,2730,13365,100
2786154127378012,599969,89,2730,13365,100
2786154132490405,599969,89,2730,13365,100
2786154137602709,599969,89,2730,13365,100
2786154142716254,599969,89,2730,13365,100
2786154147828350,599969,89,2730,13365,100
2786154152940434,599969,89,2730,13365,100
2786154158052562,599969,89,2730,13365,100
2786154163164928,599969,89,2730,13365,100
2786154168277132,599969,89,2730,13365,100
2786154173389576,599969,89,2730,13365,100
2786154178501928,599969,89,2730,13365,100
2786154183614010,599969,89,2730,13365,100
2786154188726215,599969,89,2730,13365,100
2786154193839982,599969,89,2730,13365,100
2786154198952474,599969,89,2730,13365,100
2786154204064558,599969,89,2730,13365,100
2786154209176542,599969,89,2730,13365,100
2786154214288705,599969,89,2730,13365,100
2786154219401076,599969,89,2730,13365,100
2786154224513514,599969,89,2730,13365,100
2786154229625758,599969,89,2730,13365,100
2786154234737855,599969,89,2730,13365,100
2786154239849869,599969,89,2730,13365,100
2786154244963737,599969,89,2730,13365,100
2786154250076114,599969,89,2730,13365,100
2786154255188193,599969,89,2730,13365,100
2786154260300627,599969,89,2730,13365,100
2786154265412801,599969,89,2730,13365,100
2786154270525139,599969,89,2730,13365,100
2786154275637185,599969,89,2730,13365,100
2786154280773814,599969,89,2730,13365,100
2786154285885808,599969,89,2730,13365,100
2786154290998122,599969,89,2730,13365,100
2786154296133213,599969,89,2730,13365,100
2786154301245634,599969,89,2730,13365,100
2786154306357991,599969,89,2730,13365,100
2786154311470014,599969,89,2730,13365,100
2786154316582579,599969,89,2730,13365,100
2786154321694852,599969,89,2730,13365,100
2786154326807027,599969,89,2730,13365,100
2786154331919404,599969,89,2730,13365,100
2786154337031496,599969,89,2730,13365,100
2786154342143609,599969,89,2730,13365,100
2786154347257086,599969,89,2730,13365,100
2786154352369216,599969,89,2730,13365,100
2786154357482802,599969,89,2730,13365,100
2786154362595238,599969,89,2730,13365,100
2786154367707484,599969,89,2730,13365,100
2786154372819439,599969,89,2730,13365,100
2786154377931624,599969,89,2730,13365,100
2786154383043930,599969,89,2730,13365,100
2786154388156333,599969,89,2730,13365,100
2786154393268393,599969,89,2730,13365,100
2786154398382134,599969,89,2730,13365,100
2786154403494200,599969,89,2730,13365,100
2786154408606554,599969,89,2730,13365,100
2786154413718855,599969,89,2730,13365,100
2786154418831063,599969,89,2730,13365,100
2786154423943267,599969,89,2730,13365,100
2786154429055368,599969,89,2730,13365,100
2786154434167236,599969,89,2730,13365,100
2786154439292284,599969,89,2730,13365,100
2786154444459125,599969,89,2730,13365,100
2786154449572634,599969,89,2730,13365,100
2786154454683813,599969,89,2730,13365,100
2786154459795926,599969,89,2730,13365,100
2786154464907875,599969,89,2730,13365,100
2786154470019887,599969,89,2730,13365,100
2786154475131827,599969,89,2730,13365,100
2786154480244126,599969,89,2730,13365,100
2786154485356765,599969,89,2730,13365,100
2786154490469180,599969,89,2730,13365,100
2786154495581333,599969,89,2730,13365,100
2786154500695178,599969,89,2730,13365,100
2786154505807694,599969,89,2730,13365,100
2786154510920087,599969,89,2730,13365,100
2786154516032255,599969,89,2730,13365,100
2786154521146267,599969,89,2730,13365,100
2786154526258253,599969,89,2730,13365,100
2786154531370208,599969,89,2730,13365,100
2786154536482740,599969,89,2730,13365,100
2786154541595088,599969,89,2730,13365,100
2786154546707462,599969,89,2730,13365,100
2786154551821097,599969,89,2730,13365,100
2786154556933746,599969,89,2730,13365,100
2786154562045802,599969,89,2730,13365,100
2786154567158479,599969,89,2730,13365,100
2786154572271355,599969,89,2730,13365,100
2786154577383771,599969,89,2730,13365,100
2786154582496342,599969,89,2730,13365,100
2786154587608656,599969,89,2730,13365,100
2786154592743416,599969,89,2730,13365,100
2786154597855533,599969,89,2730,13365,100
2786154602968873,599969,89,2730,13365,100
2786154608081343,599969,89,2730,13365,100
2786154613193686,599969,89,2730,13365,100
2786154618321639,599969,89,2730,13365,100
2786154623433907,599969,89,2730,13365,100
2786154628546153,599984,89,2730,13365,100
2786154633658558,599984,89,2730,13365,100
2786154638770552,599984,89,2730,13365,100
2786154643882714,599984,89,2730,13365,100
2786154648994933,599984,89,2730,13365,100
2786154654125725,599984,89,2730,13365,100
2786154659238389,599984,89,2730,13365,100
2786154664350674,599984,89,2730,13365,100
2786154669463214,599984,89,2730,13365,100
2786154674575522,599984,89,2730,13365,100
2786154679688043,599984,89,2730,13365,100
2786154684800211,599984,89,2730,13365,100
2786154689912468,599984,89,2730,13365,100
2786154695024980,599984,89,2730,13365,100
2786154700137601,599984,89,2730,13365,100
2786154705251333,599984,89,2730,13365,100
2786154710363406,599984,89,2730,13365,100
2786154715474550,599984,89,2730,13365,100
2786154720586738,599984,89,2730,13365,100
2786154725699557,599984,89,2730,13365,100
2786154730812795,599984,89,2730,13365,100
2786154735925088,599984,89,2730,13365,100
2786154741038284,599984,89,2730,13365,100
2786154746168553,599984,89,2730,13365,100
2786154751281417,599984,89,2730,13365,100
2786154756395969,599984,89,2730,13365,100
2786154761508262,599984,89,2730,13365,100
2786154766620325,599984,89,2730,13365,100
2786154771732631,599984,89,2730,13365,100
2786154776845059,599984,89,2730,13365,100
2786154781957285,599984,89,2730,13365,100
2786154787069759,599984,89,2730,13365,100
2786154792181952,599984,89,2730,13365,100
2786154797294599,599984,89,2730,13365,100
2786154802407685,599984,89,2730,13365,100
2786154807522197,599984,89,2730,13365,100
2786154812634765,599984,89,2730,13365,100
2786154817747122,599984,89,2730,13365,100
2786154822860279,599984,89,2730,13365,100
2786154827972863,599984,89,2730,13365,100
2786154833085499,599984,89,2730,13365,100
2786154838198094,599984,89,2730,13365,100
2786154843310492,599984,89,2730,13365,100
2786154848422792,599984,89,2730,13365,100
2786154853535467,599984,89,2730,13365,100
2786154858649021,599984,89,2730,13365,100
2786154863760583,599984,89,2730,13365,100
2786154868873158,599984,89,2730,13365,100
2786154873985514,599984,89,2730,13365,100
2786154879124103,599984,89,2730,13365,100
2786154884236503,599984,89,2730,13365,100
2786154889348692,599984,89,2730,13365,100
2786154894460828,599984,89,2730,13365,100
2786154899573712,599984,89,2730,13365,100
2786154904686305,599984,89,2730,13365,100
2786154909800590,599984,89,2730,13365,100
2786154914913162,599984,89,2730,13365,100
2786154920025777,599984,89,2730,13365,100
2786154925138169,599984,89,2730,13365,100
2786154930250515,599984,89,2730,13365,100
2786154935362817,599984,89,2730,13365,100
2786154940475531,599984,89,2730,13365,100
2786154945588006,599984,89,2730,13365,100
2786154950700036,599984,89,2730,13365,100
2786154955812804,599984,89,2730,13365,100
2786154960926459,599984,89,2730,13365,100
2786154966038822,599984,89,2730,13365,100
2786154971151002,599984,89,2730,13365,100
2786154976263593,599984,89,2730,13365,100
2786154981375730,599984,89,2730,13365,100
2786154986488036,599984,89,2730,13365,100
2786154991600395,599984,89,2730,13365,100
2786154996712460,599984,89,2730,13365,100
2786155001824488,599984,89,2730,13365,100
2786155006937549,599984,89,2730,13365,100
2786155012051351,599984,89,2730,13365,100
2786155017163750,599984,89,2730,13365,100
2786155022275838,599984,89,2730,13365,100
2786155027388404,599984,89,2730,13365,100
2786155032500561,599984,89,2730,13365,100
2786155037612100,599984,89,2730,13365,100
2786155042724144,599984,89,2730,13365,100
2786155047836304,599984,89,2730,13365,100
2786155052948517,599984,89,2730,13365,100
2786155058060813,599984,89,2730,13365,100
2786155063174648,599984,89,2730,13365,100
2786155068287132,599984,89,2730,13365,100
2786155073400026,599984,89,2730,13365,100
2786155078512455,599984,89,2730,13365,100
2786155083624351,599984,89,2730,13365,100
2786155088736688,599984,89,2730,13365,100
2786155093848667,599984,89,2730,13365,100
2786155098961158,599984,89,2730,13365,100
2786155104073836,599984,89,2730,13365,100
2786155109186333,599984,89,2730,13365,100
2786155114300054,599984,89,2730,13365,100
2786155119412209,599984,89,2730,13365,100
2786155124524222,599984,89,2730,13365,100
2786155129636398,600035,89,2730,13365,100
2786155134749069,600035,89,2730,13365,100
2786155139861303,600035,89,2730,13365,100
2786155144973628,600035,89,2730,13365,100
2786155150085724,600035,89,2730,13365,100
2786155155197809,600035,89,2730,13365,100
2786155160310331,600035,89,2730,13365,100
2786155165424016,600035,89,2730,13365,100
2786155170536780,600035,89,2730,13365,100
2786155175649103,600035,89,2730,13365,100
2786155180761289,600035,89,2730,13365,100
2786155185873748,600035,89,2730,13365,100
2786155190986896,600035,89,2730,13365,100
2786155196119212,600035,89,2730,13365,100
2786155201231201,600035,89,2730,13365,100
2786155206344396,600035,89,2730,13365,100
2786155211456181,600035,89,2730,13365,100
2786155216570638,600035,89,2730,13365,100
2786155221683858,600035,89,2730,13365,100
2786155226841402,600035,89,2730,13365,100
2786155231954838,600035,89,2730,13365,100
2786155237071499,600035,89,2730,13365,100
2786155242184687,600035,89,2730,13365,100
2786155247297848,600035,89,2730,13365,100
2786155252411063,600035,89,2730,13365,100
2786155257523416,600035,89,2730,13365,100
2786155262635497,600035,89,2730,13365,100
2786155267750173,600035,89,2730,13365,100
2786155272876001,600035,89,2730,13365,100
2786155277988630,600035,89,2730,13365,100
2786155283119771,600035,89,2730,13365,100
2786155288232101,600035,89,2730,13365,100
2786155293344135,600035,89,2730,13365,100
2786155298455949,600035,89,2730,13365,100
2786155303568522,600035,89,2730,13365,100
2786155308681358,600035,89,2730,13365,100
2786155313799003,600035,89,2730,13365,100
2786155318913100,600035,89,2730,13365,100
2786155324025430,600035,89,2730,13365,100
2786155329137502,600035,89,2730,13365,100
2786155334250014,600035,89,2730,13365,100
2786155339362278,600035,89,2730,13365,100
2786155344474962,600035,89,2730,13365,100
2786155349586788,600035,89,2730,13365,100
2786155354699251,600035,89,2730,13365,100
2786155359811272,600035,89,2730,13365,100
2786155364923574,600035,89,2730,13365,100
2786155370037805,600035,89,2730,13365,100
2786155375150317,600035,89,2730,13365,100
2786155380262766,600035,89,2730,13365,100
2786155385375319,600035,89,2730,13365,100
2786155390487707,600035,89,2730,13365,100
2786155395600143,600035,89,2730,13365,100
2786155400712458,600035,89,2730,13365,100
2786155405824844,600035,89,2730,13365,100
2786155410937112,600035,89,2730,13365,100
2786155416049520,600035,89,2730,13365,100
2786155421163533,600035,89,2730,13365,100
2786155426276160,600035,89,2730,13365,100
2786155431388586,600035,89,2730,13365,100
2786155436500818,600035,89,2730,13365,100
2786155441612742,600035,89,2730,13365,100
2786155446725267,600035,89,2730,13365,100
2786155451837282,600035,89,2730,13365,100
2786155456949680,600035,89,2730,13365,100
2786155462062009,600035,89,2730,13365,100
2786155467174304,600035,89,2730,13365,100
2786155472288425,600035,89,2730,13365,100
2786155477400749,600035,89,2730,13365,100
2786155482512788,600035,89,2730,13365,100
2786155487624847,600035,89,2730,13365,100
2786155492737379,600035,89,2730,13365,100
2786155497849561,600035,89,2730,13365,100
2786155502961859,600035,89,2730,13365,100
2786155508074288,600035,89,2730,13365,100
2786155513186700,600035,89,2730,13365,100
2786155518298881,600035,89,2730,13365,100
2786155523412618,600035,89,2730,13365,100
2786155528525208,600035,89,2730,13365,100
2786155533637686,600035,89,2730,13365,100
2786155538750015,600035,89,2730,13365,100
2786155543863794,600035,89,2730,13365,100
2786155548976133,600035,89,2730,13365,100
2786155554088483,600035,89,2730,13365,100
2786155559200800,600035,89,2730,13365,100
2786155564312733,600035,89,2730,13365,100
2786155569425151,600035,89,2730,13365,100
2786155574539593,600035,89,2730,13365,100
2786155579651879,600035,89,2730,13365,100
2786155584764058,600035,89,2730,13365,100
2786155589876383,600035,89,2730,13365,100
2786155594988443,600035,89,2730,13365,100
2786155600119704,600035,89,2730,13365,100
2786155605231828,600035,89,2730,13365,100
2786155610343778,600035,89,2730,13365,100
2786155615455948,600035,89,2730,13365,100
2786155620568041,600035,89,2730,13365,100
2786155625681526,600035,89,2730,13365,100
2786155630794470,599968,89,2730,13365,100
2786155635906615,599968,89,2730,13365,100
2786155641018987,599968,89,2730,13365,100
2786155646131387,599968,89,2730,13365,100
2786155651243579,599968,89,2730,13365,100
2786155656355847,599968,89,2730,13365,100
2786155661468297,599968,89,2730,13365,100
2786155666604954,599968,89,2730,13365,100
2786155671717244,599968,89,2730,13365,100
2786155676830981,599968,89,2730,13365,100
2786155681942863,599968,89,2730,13365,100
2786155687055354,599968,89,2730,13365,100
2786155692166616,599968,89,2730,13365,100
2786155697279102,599968,89,2730,13365,100
2786155702391732,599968,89,2730,13365,100
2786155707504031,599968,89,2730,13365,100
2786155712616388,599968,89,2730,13365,100
2786155717728780,599968,89,2730,13365,100
2786155722841035,599968,89,2730,13365,100
2786155727954647,599968,89,2730,13365,100
2786155733067102,599968,89,2730,13365,100
2786155738192170,599968,89,2730,13365,100
2786155743304431,599968,89,2730,13365,100
2786155748416603,599968,89,2730,13365,100
2786155753528616,599968,89,2730,13365,100
2786155758640824,599968,89,2730,13365,100
2786155763753420,599968,89,2730,13365,100
2786155768865275,599968,89,2730,13365,100
2786155773977739,599968,89,2730,13365,100
2786155779091557,599968,89,2730,13365,100
2786155784203928,599968,89,2730,13365,100
2786155789316482,599968,89,2730,13365,100
2786155794428757,599968,89,2730,13365,100
2786155799541023,599968,89,2730,13365,100
2786155804653264,599968,89,2730,13365,100
2786155809765690,599968,89,2730,13365,100
2786155814877962,599968,89,2730,13365,100
2786155819990133,599968,89,2730,13365,100
2786155825119457,599968,89,2730,13365,100
2786155830233389,599968,89,2730,13365,100
2786155835358685,599968,89,2730,13365,100
2786155840470864,599968,89,2730,13365,100
2786155845583150,599968,89,2730,13365,100
2786155850695479,599968,89,2730,13365,100
2786155855807635,599968,89,2730,13365,100
2786155860919772,599968,89,2730,13365,100
2786155866031908,599968,89,2730,13365,100
2786155871143941,599968,89,2730,13365,100
2786155876256137,599968,89,2730,13365,100
2786155881369591,599968,89,2730,13365,100
2786155886482165,599968,89,2730,13365,100
2786155891594726,599968,89,2730,13365,100
2786155896706798,599968,89,2730,13365,100
2786155901819187,599968,89,2730,13365,100
2786155906931239,599968,89,2730,13365,100
2786155912043592,599968,89,2730,13365,100
2786155917155895,599968,89,2730,13365,100
2786155922268145,599968,89,2730,13365,100
2786155927397385,599968,89,2730,13365,100
2786155932511250,599968,89,2730,13365,100
2786155937623667,599968,89,2730,13365,100
2786155942735964,599968,89,2730,13365,100
2786155947848348,599968,89,2730,13365,100
2786155952960846,599968,89,2730,13365,100
2786155958073159,599968,89,2730,13365,100
2786155963185480,599968,89,2730,13365,100
2786155968297784,599968,89,2730,13365,100
2786155973409960,599968,89,2730,13365,100
2786155978521808,599968,89,2730,13365,100
2786155983635889,599968,89,2730,13365,100
2786155988748038,599968,89,2730,13365,100
2786155993860366,599968,89,2730,13365,100
2786155998972354,599968,89,2730,13365,100
2786156004084963,599968,89,2730,13365,100
2786156009197431,599968,89,2730,13365,100
2786156014309804,599968,89,2730,13365,100
2786156019422310,599968,89,2730,13365,100
2786156024534548,599968,89,2730,13365,100
2786156029646448,599968,89,2730,13365,100
2786156034760283,599968,89,2730,13365,100
2786156039872762,599968,89,2730,13365,100
2786156044984954,599968,89,2730,13365,100
2786156050114198,599968,89,2730,13365,100
2786156055226559,599968,89,2730,13365,100
2786156060338599,599968,89,2730,13365,100
2786156065451108,599968,89,2730,13365,100
2786156070563827,599968,89,2730,13365,100
2786156075676252,599968,89,2730,13365,100
2786156080788921,599968,89,2730,13365,100
2786156085903313,599968,89,2730,13365,100
2786156091031146,599968,89,2730,13365,100
2786156096143682,599968,89,2730,13365,100
2786156101253535,599968,89,2730,13365,100
2786156106365909,599968,89,2730,13365,100
2786156111478267,599968,89,2730,13365,100
2786156116590403,599968,89,2730,13365,100
2786156121702756,599968,89,2730,13365,100
2786156126815161,600011,89,2730,13365,100
2786156131927813,600011,89,2730,13365,100
2786156137042361,600011,89,2730,13365,100
2786156142154610,600011,89,2730,13365,100
2786156147267290,600011,89,2730,13365,100
2786156152379354,600011,89,2730,13365,100
2786156157491947,600011,89,2730,13365,100
2786156162606693,600011,89,2730,13365,100
2786156167719144,600011,89,2730,13365,100
2786156172846344,600011,89,2730,13365,100
2786156177958466,600011,89,2730,13365,100
2786156183070304,600011,89,2730,13365,100
2786156188183901,600011,89,2730,13365,100
2786156193296298,600011,89,2730,13365,100
2786156198408138,600011,89,2730,13365,100
2786156203520478,600011,89,2730,13365,100
2786156208632527,600011,89,2730,13365,100
2786156213744791,600011,89,2730,13365,100
2786156218856931,600011,89,2730,13365,100
2786156223968820,600011,89,2730,13365,100
2786156229081109,600011,89,2730,13365,100
2786156234193844,600011,89,2730,13365,100
2786156239307965,600011,89,2730,13365,100
2786156244420209,600011,89,2730,13365,100
2786156249532770,600011,89,2730,13365,100
2786156254644787,600011,89,2730,13365,100
2786156259757246,600011,89,2730,13365,100
2786156264870347,600011,89,2730,13365,100
2786156269983112,600011,89,2730,13365,100
2786156275112616,600011,89,2730,13365,100
2786156280224709,600011,89,2730,13365,100
2786156285337133,600011,89,2730,13365,100
2786156290451133,600011,89,2730,13365,100
2786156295563430,600011,89,2730,13365,100
2786156300675602,600011,89,2730,13365,100
2786156305789762,600011,89,2730,13365,100
2786156310902154,600011,89,2730,13365,100
2786156316029515,600011,89,2730,13365,100
2786156321161828,600011,89,2730,13365,100
2786156326274143,600011,89,2730,13365,100
2786156331386368,600011,89,2730,13365,100
2786156336498592,600011,89,2730,13365,100
2786156341612507,600011,89,2730,13365,100
2786156346724953,600011,89,2730,13365,100
2786156351837749,600011,89,2730,13365,100
2786156356949978,600011,89,2730,13365,100
2786156362061978,600011,89,2730,13365,100
2786156367174491,600011,89,2730,13365,100
2786156372286748,600011,89,2730,13365,100
2786156377399308,600011,89,2730,13365,100
2786156382510917,600011,89,2730,13365,100
2786156387623161,600011,89,2730,13365,100
2786156392736939,600011,89,2730,13365,100
2786156397849161,600011,89,2730,13365,100
2786156402961602,600011,89,2730,13365,100
2786156408073986,600011,89,2730,13365,100
2786156413186702,600011,89,2730,13365,100
2786156418299115,600011,89,2730,13365,100
2786156423411427,600011,89,2730,13365,100
2786156428523702,600011,89,2730,13365,100
2786156433637036,600011,89,2730,13365,100
2786156438749491,600011,89,2730,13365,100
2786156443862869,600011,89,2730,13365,100
2786156448976454,600011,89,2730,13365,100
2786156454088746,600011,89,2730,13365,100
2786156459201174,600011,89,2730,13365,100
2786156464313513,600011,89,2730,13365,100
2786156469426057,600011,89,2730,13365,100
2786156474538331,600011,89,2730,13365,100
2786156479650676,600011,89,2730,13365,100
2786156484763109,600011,89,2730,13365,100
2786156489875748,600011,89,2730,13365,100
2786156494989705,600011,89,2730,13365,100
2786156500118733,600011,89,2730,13365,100
2786156505230922,600011,89,2730,13365,100
2786156510343406,600011,89,2730,13365,100
2786156515455455,600011,89,2730,13365,100
2786156520568151,600011,89,2730,13365,100
2786156525680515,600011,89,2730,13365,100
2786156530793232,600011,89,2730,13365,100
2786156535905349,600011,89,2730,13365,100
2786156541031348,600011,89,2730,13365,100
2786156546145433,600011,89,2730,13365,100
2786156551257766,600011,89,2730,13365,100
2786156556369972,600011,89,2730,13365,100
2786156561482216,600011,89,2730,13365,100
2786156566594454,600011,89,2730,13365,100
2786156571707391,600011,89,2730,13365,100
2786156576819864,600011,89,2730,13365,100
2786156581947963,600011,89,2730,13365,100
2786156587061000,600011,89,2730,13365,100
2786156592173928,600011,89,2730,13365,100
2786156597287397,600011,89,2730,13365,100
2786156602400237,600011,89,2730,13365,100
2786156607511985,600011,89,2730,13365,100
2786156612624958,600011,89,2730,13365,100
2786156617737590,600011,89,2730,13365,100
2786156622850511,600011,89,2730,13365,100
2786156627970899,600028,89,2722,13365,100
2786156633083287,600028,89,2722,13365,100
2786156638196222,600028,89,2722,13365,100
2786156643309096,600028,89,2722,13365,100
2786156648423285,600028,89,2722,13365,100
2786156653535769,600028,89,2722,13365,100
2786156658648194,600028,89,2722,13365,100
2786156663760859,600028,89,2722,13365,100
2786156668873535,600028,89,2722,13365,100
2786156673986393,600028,89,2722,13365,100
2786156679119479,600028,89,2722,13365,100
2786156684231984,600028,89,2722,13365,100
2786156689344274,600028,89,2722,13365,100
2786156694456851,600028,89,2722,13365,100
2786156699570495,600028,89,2722,13365,100
2786156704682918,600028,89,2722,13365,100
2786156709795486,600028,89,2722,13365,100
2786156714907843,600028,89,2722,13365,100
2786156720020238,600028,89,2722,13365,100
2786156725132503,600028,89,2722,13365,100
2786156730244831,600028,89,2722,13365,100
2786156735357239,600028,89,2722,13365,100
2786156740469064,600028,89,2722,13365,100
2786156745596453,600028,89,2722,13365,100
2786156750710405,600028,89,2722,13365,100
2786156755823058,600028,89,2722,13365,100
2786156760935317,600028,89,2722,13365,100
2786156766047497,600028,89,2722,13365,100
2786156771159746,600028,89,2722,13365,100
2786156776272501,600028,89,2722,13365,100
2786156781384799,600028,89,2722,13365,100
2786156786496916,600028,89,2722,13365,100
2786156791610052,600028,89,2722,13365,100
2786156796722613,600028,89,2722,13365,100
2786156801836481,600028,89,2722,13365,100
2786156806948857,600028,89,2722,13365,100
2786156812063834,600028,89,2722,13365,100
2786156817176036,600028,89,2722,13365,100
2786156822287810,600028,89,2722,13365,100
2786156827400527,600028,89,2722,13365,100
2786156832512688,600028,89,2722,13365,100
2786156837625056,600028,89,2722,13365,100
2786156842737653,600028,89,2722,13365,100
2786156847849757,600028,89,2722,13365,100
2786156852964009,600028,89,2722,13365,100
2786156858077032,600028,89,2722,13365,100
2786156863189184,600028,89,2722,13365,100
2786156868301606,600028,89,2722,13365,100
2786156873413854,600028,89,2722,13365,100
2786156878525963,600028,89,2722,13365,100
2786156883638299,600028,89,2722,13365,100
2786156888750806,600028,89,2722,13365,100
2786156893863256,600028,89,2722,13365,100
2786156898975100,600028,89,2722,13365,100
2786156904089419,600028,89,2722,13365,100
2786156909202436,600028,89,2722,13365,100
2786156914315748,600028,89,2722,13365,100
2786156919429258,600028,89,2722,13365,100
2786156924543095,600028,89,2722,13365,100
2786156929656427,600028,89,2722,13365,100
2786156934770712,600028,89,2722,13365,100
2786156939883800,600028,89,2722,13365,100
2786156944997100,600028,89,2722,13365,100
2786156950127231,600028,89,2722,13365,100
2786156955242181,600028,89,2722,13365,100
2786156960355801,600028,89,2722,13365,100
2786156965469093,600028,89,2722,13365,100
2786156970582663,600028,89,2722,13365,100
2786156975696480,600028,89,2722,13365,100
2786156980810107,600028,89,2722,13365,100
2786156985924071,600028,89,2722,13365,100
2786156991037966,600028,89,2722,13365,100
2786156996151870,600028,89,2722,13365,100
2786157001265637,600028,89,2722,13365,100
2786157006381392,600028,89,2722,13365,100
2786157011495373,600028,89,2722,13365,100
2786157016609217,600028,89,2722,13365,100
2786157021723074,600028,89,2722,13365,100
2786157026836751,600028,89,2722,13365,100
2786157031951421,600028,89,2722,13365,100
2786157037066080,600028,89,2722,13365,100
2786157042180959,600028,89,2722,13365,100
2786157047296422,600028,89,2722,13365,100
2786157052411413,600028,89,2722,13365,100
2786157057527929,600028,89,2722,13365,100
2786157062642873,600028,89,2722,13365,100
2786157067758032,600028,89,2722,13365,100
2786157072873429,600028,89,2722,13365,100
2786157077989606,600028,89,2722,13365,100
2786157083128938,600028,89,2722,13365,100
2786157088245091,600028,89,2722,13365,100
2786157093361403,600028,89,2722,13365,100
2786157098477820,600028,89,2722,13365,100
2786157103594636,600028,89,2722,13365,100
2786157108712652,600028,89,2722,13365,100
2786157113830565,600028,89,2722,13365,100
2786157118947365,600028,89,2722,13365,100
2786157124064782,600028,89,2722,13365,100
2786157129182457,600008,89,2730,13365,100
2786157134300908,600008,89,2730,13365,100
2786157139419539,600008,89,2730,13365,100
2786157144537995,600008,89,2730,13365,100
2786157149656451,600008,89,2730,13365,100
2786157154774606,600008,89,2730,13365,100
2786157159894865,600008,89,2730,13365,100
2786157165030084,600008,89,2730,13365,100
2786157170148148,600008,89,2730,13365,100
2786157175266541,600008,89,2730,13365,100
2786157180385081,600008,89,2730,13365,100
2786157185503152,600008,89,2730,13365,100
2786157190621746,600008,89,2730,13365,100
2786157195740341,600008,89,2730,13365,100
2786157200858827,600008,89,2730,13365,100
2786157205977115,600008,89,2730,13365,100
2786157211097412,600008,89,2730,13365,100
2786157216215784,600008,89,2730,13365,100
2786157221334032,600008,89,2730,13365,100
2786157226452227,600008,89,2730,13365,100
2786157231570966,600008,89,2730,13365,100
2786157236707609,600008,89,2730,13365,100
2786157241826154,600008,89,2730,13365,100
2786157246944258,600008,89,2730,13365,100
2786157252062738,600008,89,2730,13365,100
2786157257181011,600008,89,2730,13365,100
2786157262300903,600008,89,2730,13365,100
2786157267419340,600008,89,2730,13365,100
2786157272537772,600008,89,2730,13365,100
2786157277655929,600008,89,2730,13365,100
2786157282774655,600008,89,2730,13365,100
2786157287892997,600008,89,2730,13365,100
2786157293032925,600008,89,2730,13365,100
2786157298151915,600008,89,2730,13365,100
2786157303270506,600008,89,2730,13365,100
2786157308388916,600008,89,2730,13365,100
2786157313509150,600008,89,2730,13365,100
2786157318627543,600008,89,2730,13365,100
2786157323745948,600008,89,2730,13365,100
2786157328864634,600008,89,2730,13365,100
2786157333983124,600008,89,2730,13365,100
2786157339118504,600008,89,2730,13365,100
2786157344236736,600008,89,2730,13365,100
2786157349355033,600008,89,2730,13365,100
2786157354473294,600008,89,2730,13365,100
2786157359591538,600008,89,2730,13365,100
2786157364711359,600008,89,2730,13365,100
2786157369828514,600008,89,2730,13365,100
2786157374947427,600008,89,2730,13365,100
2786157380067659,600008,89,2730,13365,100
2786157385187180,600008,89,2730,13365,100
2786157390327220,600008,89,2730,13365,100
2786157395445389,600008,89,2730,13365,100
2786157400562395,600008,89,2730,13365,100
2786157405679385,600008,89,2730,13365,100
2786157410794433,600008,89,2730,13365,100
2786157415912601,600008,89,2730,13365,100
2786157421029242,600008,89,2730,13365,100
2786157426145777,600008,89,2730,13365,100
2786157431262594,600008,89,2730,13365,100
2786157436379665,600008,89,2730,13365,100
2786157441495899,600008,89,2730,13365,100
2786157446613248,600008,89,2730,13365,100
2786157451730799,600008,89,2730,13365,100
2786157456848081,600008,89,2730,13365,100
2786157461963622,600008,89,2730,13365,100
2786157467081770,600008,89,2730,13365,100
2786157472198436,600008,89,2730,13365,100
2786157477315062,600008,89,2730,13365,100
2786157482431265,600008,89,2730,13365,100
2786157487547731,600008,89,2730,13365,100
2786157492664634,600008,89,2730,13365,100
2786157497780980,600008,89,2730,13365,100
2786157502898382,600008,89,2730,13365,100
2786157508028340,600008,89,2730,13365,100
2786157513145324,600008,89,2730,13365,100
2786157518263925,600008,89,2730,13365,100
2786157523378987,600008,89,2730,13365,100
2786157528495866,600008,89,2730,13365,100
2786157533612243,600008,89,2730,13365,100
2786157538728827,600008,89,2730,13365,100
2786157543843972,600008,89,2730,13365,100
2786157548960576,600008,89,2730,13365,100
2786157554077732,600008,89,2730,13365,100
2786157559194332,600008,89,2730,13365,100
2786157564332136,600008,89,2730,13365,100
2786157569450252,600008,89,2730,13365,100
2786157574566865,600008,89,2730,13365,100
2786157579683308,600008,89,2730,13365,100
2786157584798352,600008,89,2730,13365,100
2786157589914057,600008,89,2730,13365,100
2786157595029809,600008,89,2730,13365,100
2786157600145575,600008,89,2730,13365,100
2786157605259932,600008,89,2730,13365,100
2786157610373809,600008,89,2730,13365,100
2786157615488918,600008,89,2730,13365,100
2786157620605401,600008,89,2730,13365,100
2786157625719185,600008,89,2730,13365,100
2786157630833077,599969,89,2730,13365,100
2786157635947389,599969,89,2730,13365,100
2786157641063934,599969,89,2730,13365,100
2786157646177163,599969,89,2730,13365,100
2786157651290279,599969,89,2730,13365,100
2786157656403983,599969,89,2730,13365,100
2786157661519207,599969,89,2730,13365,100
2786157666633256,599969,89,2730,13365,100
2786157671749621,599969,89,2730,13365,100
2786157676864639,599969,89,2730,13365,100
2786157682029923,599969,89,2730,13365,100
2786157687149758,599969,89,2730,13365,100
2786157692264422,599969,89,2730,13365,100
2786157697379054,599969,89,2730,13365,100
2786157702493346,599969,89,2730,13365,100
2786157707607699,599969,89,2730,13365,100
2786157712722476,599969,89,2730,13365,100
2786157717837528,599969,89,2730,13365,100
2786157722953838,599969,89,2730,13365,100
2786157728069160,599969,89,2730,13365,100
2786157733184873,599969,89,2730,13365,100
2786157738301037,599969,89,2730,13365,100
2786157743417141,599969,89,2730,13365,100
2786157748534194,599969,89,2730,13365,100
2786157753651018,599969,89,2730,13365,100
2786157758767621,599969,89,2730,13365,100
2786157763884513,599969,89,2730,13365,100
2786157769033035,599969,89,2730,13365,100
2786157774152723,599969,89,2730,13365,100
2786157779270192,599969,89,2730,13365,100
2786157784387776,599969,89,2730,13365,100
2786157789505233,599969,89,2730,13365,100
2786157794623321,599969,89,2730,13365,100
2786157799741616,599969,89,2730,13365,100
2786157804860706,599969,89,2730,13365,100
2786157809979144,599969,89,2730,13365,100
2786157815098231,599969,89,2730,13365,100
2786157820219815,599969,89,2730,13365,100
2786157825339279,599969,89,2730,13365,100
2786157830457600,599969,89,2730,13365,100
2786157835575852,599969,89,2730,13365,100
2786157840694249,599969,89,2730,13365,100
2786157845813143,599969,89,2730,13365,100
2786157850931267,599969,89,2730,13365,100
2786157856049398,599969,89,2730,13365,100
2786157861167938,599969,89,2730,13365,100
2786157866286452,599969,89,2730,13365,100
2786157871405370,599969,89,2730,13365,100
2786157876525311,599969,89,2730,13365,100
2786157881669575,599969,89,2730,13365,100
2786157886788123,599969,89,2730,13365,100
2786157891924243,599969,89,2730,13365,100
2786157897042408,599969,89,2730,13365,100
2786157902160717,599969,89,2730,13365,100
2786157907279145,599969,89,2730,13365,100
2786157912398159,599969,89,2730,13365,100
2786157917516522,599969,89,2730,13365,100
2786157922634794,599969,89,2730,13365,100
2786157927754750,599969,89,2730,13365,100
2786157932872896,599969,89,2730,13365,100
2786157937991515,599969,89,2730,13365,100
2786157943131939,599969,89,2730,13365,100
2786157948250260,599969,89,2730,13365,100
2786157953368424,599969,89,2730,13365,100
2786157958487024,599969,89,2730,13365,100
2786157963605321,599969,89,2730,13365,100
2786157968723877,599969,89,2730,13365,100
2786157973842689,599969,89,2730,13365,100
2786157978962488,599969,89,2730,13365,100
2786157984081387,599969,89,2730,13365,100
2786157989199199,599969,89,2730,13365,100
2786157994317491,599969,89,2730,13365,100
2786157999435499,599969,89,2730,13365,100
2786158004553784,599969,89,2730,13365,100
2786158009672254,599969,89,2730,13365,100
2786158014790212,599969,89,2730,13365,100
2786158019908512,599969,89,2730,13365,100
2786158025026789,599969,89,2730,13365,100
2786158030146486,599969,89,2730,13365,100
2786158035264910,599969,89,2730,13365,100
2786158040383170,599969,89,2730,13365,100
2786158045501592,599969,89,2730,13365,100
2786158050620029,599969,89,2730,13365,100
2786158055738348,599969,89,2730,13365,100
2786158060856732,599969,89,2730,13365,100
2786158065975372,599969,89,2730,13365,100
2786158071093952,599969,89,2730,13365,100
2786158076212097,599969,89,2730,13365,100
2786158081331669,599969,89,2730,13365,100
2786158086450078,599969,89,2730,13365,100
2786158091568004,599969,89,2730,13365,100
2786158096686294,599969,89,2730,13365,100
2786158101803942,599969,89,2730,13365,100
2786158106922163,599969,89,2730,13365,100
2786158112040623,599969,89,2730,13365,100
2786158117167119,599969,89,2730,13365,100
2786158122285818,599969,89,2730,13365,100
2786158127404033,600004,89,2730,13365,100
2786158132523587,600004,89,2730,13365,100
2786158137642177,600004,89,2730,13365,100
2786158142761086,600004,89,2730,13365,100
2786158147879712,600004,89,2730,13365,100
2786158152997642,600004,89,2730,13365,100
2786158158139521,600004,89,2730,13365,100
2786158163257985,600004,89,2730,13365,100
2786158168376211,600004,89,2730,13365,100
2786158173494299,600004,89,2730,13365,100
2786158178612591,600004,89,2730,13365,100
2786158183732024,600004,89,2730,13365,100
2786158188857256,600004,89,2730,13365,100
2786158193975551,600004,89,2730,13365,100
2786158199093575,600004,89,2730,13365,100
2786158204211829,600004,89,2730,13365,100
2786158209330158,600004,89,2730,13365,100
2786158214448618,600004,89,2730,13365,100
2786158219567207,600004,89,2730,13365,100
2786158224685659,600004,89,2730,13365,100
2786158229803709,600004,89,2730,13365,100
2786158234923616,600004,89,2730,13365,100
2786158240042045,600004,89,2730,13365,100
2786158245160384,600004,89,2730,13365,100
2786158250278673,600004,89,2730,13365,100
2786158255397233,600004,89,2730,13365,100
2786158260515690,600004,89,2730,13365,100
2786158265634180,600004,89,2730,13365,100
2786158270752590,600004,89,2730,13365,100
2786158275870555,600004,89,2730,13365,100
2786158280988793,600004,89,2730,13365,100
2786158286130339,600004,89,2730,13365,100
2786158291248696,600004,89,2730,13365,100
2786158296366756,600004,89,2730,13365,100
2786158301485236,600004,89,2730,13365,100
2786158306603413,600004,89,2730,13365,100
2786158311721459,600004,89,2730,13365,100
2786158316840134,600004,89,2730,13365,100
2786158321958422,600004,89,2730,13365,100
2786158327076612,600004,89,2730,13365,100
2786158332195178,600004,89,2730,13365,100
2786158337314611,600004,89,2730,13365,100
2786158342433327,600004,89,2730,13365,100
2786158347551662,600004,89,2730,13365,100
2786158352675906,600004,89,2730,13365,100
2786158357794133,600004,89,2730,13365,100
2786158362912181,600004,89,2730,13365,100
2786158368031409,600004,89,2730,13365,100
2786158373149626,600004,89,2730,13365,100
2786158378268101,600004,89,2730,13365,100
2786158383386336,600004,89,2730,13365,100
2786158388505826,600004,89,2730,13365,100
2786158393624527,600004,89,2730,13365,100
2786158398742947,600004,89,2730,13365,100
2786158403861036,600004,89,2730,13365,100
2786158408979609,600004,89,2730,13365,100
2786158414121060,600004,89,2730,13365,100
2786158419239229,600004,89,2730,13365,100
2786158424357657,600004,89,2730,13365,100
2786158429475825,600004,89,2730,13365,100
2786158434593925,600004,89,2730,13365,100
2786158439713734,600004,89,2730,13365,100
2786158444832354,600004,89,2730,13365,100
2786158449951258,600004,89,2730,13365,100
2786158455069693,600004,89,2730,13365,100
2786158460188178,600004,89,2730,13365,100
2786158465307704,600004,89,2730,13365,100
2786158470426588,600004,89,2730,13365,100
2786158475544017,600004,89,2730,13365,100
2786158480662669,600004,89,2730,13365,100
2786158485780629,600004,89,2730,13365,100
2786158490900746,600004,89,2730,13365,100
2786158496037914,600004,89,2730,13365,100
2786158501157066,600004,89,2730,13365,100
2786158506275703,600004,89,2730,13365,100
2786158511394309,600004,89,2730,13365,100
2786158516512504,600004,89,2730,13365,100
2786158521631259,600004,89,2730,13365,100
2786158526749700,600004,89,2730,13365,100
2786158531868312,600004,89,2730,13365,100
2786158536986601,600004,89,2730,13365,100
2786158542123861,600004,89,2730,13365,100
2786158547472088,600004,89,2730,13365,100
2786158552575229,600004,89,2730,13365,100
2786158557678709,600004,89,2730,13365,100
2786158562797061,600004,89,2730,13365,100
2786158567914995,600004,89,2730,13365,100
2786158573035990,600004,89,2730,13365,100
2786158578154231,600004,89,2730,13365,100
2786158583272767,600004,89,2730,13365,100
2786158588391045,600004,89,2730,13365,100
2786158593510730,600004,89,2730,13365,100
2786158598629256,600004,89,2730,13365,100
2786158603769116,600004,89,2730,13365,100
2786158608887457,600004,89,2730,13365,100
2786158614024605,600004,89,2730,13365,100
2786158619143521,600004,89,2730,13365,100
2786158624261777,600004,89,2730,13365,100
2786158629380358,600031,89,2730,13365,100
2786158634499058,600031,89,2730,13365,100
2786158639617683,600031,89,2730,13365,100
2786158644737901,600031,89,2730,13365,100
2786158649856487,600031,89,2730,13365,100
2786158654975067,600031,89,2730,13365,100
2786158660093764,600031,89,2730,13365,100
2786158665212198,600031,89,2730,13365,100
2786158670330602,600031,89,2730,13365,100
2786158675448929,600031,89,2730,13365,100
2786158680567177,600031,89,2730,13365,100
2786158685684926,600031,89,2730,13365,100
2786158690803472,600031,89,2730,13365,100
2786158695923482,600031,89,2730,13365,100
2786158701041421,600031,89,2730,13365,100
2786158706159855,600031,89,2730,13365,100
2786158711277650,600031,89,2730,13365,100
2786158716395864,600031,89,2730,13365,100
2786158721513748,600031,89,2730,13365,100
2786158726632152,600031,89,2730,13365,100
2786158731750353,600031,89,2730,13365,100
2786158736869171,600031,89,2730,13365,100
2786158741987329,600031,89,2730,13365,100
2786158747130222,600031,89,2730,13365,100
2786158752248754,600031,89,2730,13365,100
2786158757367411,600031,89,2730,13365,100
2786158762485403,600031,89,2730,13365,100
2786158767603932,600031,89,2730,13365,100
2786158772722455,600031,89,2730,13365,100
2786158777840600,600031,89,2730,13365,100
2786158782959044,600031,89,2730,13365,100
2786158788077415,600031,89,2730,13365,100
2786158793195601,600031,89,2730,13365,100
2786158798315678,600031,89,2730,13365,100
2786158803434202,600031,89,2730,13365,100
2786158808552166,600031,89,2730,13365,100
2786158813670397,600031,89,2730,13365,100
2786158818797287,600031,89,2730,13365,100
2786158823915420,600031,89,2730,13365,100
2786158829033708,600031,89,2730,13365,100
2786158834152174,600031,89,2730,13365,100
2786158839271573,600031,89,2730,13365,100
2786158844390401,600031,89,2730,13365,100
2786158849510662,600031,89,2730,13365,100
2786158854628577,600031,89,2730,13365,100
2786158859746269,600031,89,2730,13365,100
2786158864863725,600031,89,2730,13365,100
2786158869980503,600031,89,2730,13365,100
2786158875113842,600031,89,2730,13365,100
2786158880229663,600031,89,2730,13365,100
2786158885345385,600031,89,2730,13365,100
2786158890461092,600031,89,2730,13365,100
2786158895576447,600031,89,2730,13365,100
2786158900692869,600031,89,2730,13365,100
2786158905808385,600031,89,2730,13365,100
2786158910923173,600031,89,2730,13365,100
2786158916038074,600031,89,2730,13365,100
2786158921152094,600031,89,2730,13365,100
2786158926266171,600031,89,2730,13365,100
2786158931379652,600031,89,2730,13365,100
2786158936492993,600031,89,2730,13365,100
2786158941606564,600031,89,2730,13365,100
2786158946720000,600031,89,2730,13365,100
2786158951834923,600031,89,2730,13365,100
2786158956947769,600031,89,2730,13365,100
2786158962060211,600031,89,2730,13365,100
2786158967172738,600031,89,2730,13365,100
2786158972284774,600031,89,2730,13365,100
2786158977397167,600031,89,2730,13365,100
2786158982509695,600031,89,2730,13365,100
2786158987622101,600031,89,2730,13365,100
2786158992734644,600031,89,2730,13365,100
2786158997846944,600031,89,2730,13365,100
2786159002961081,600031,89,2730,13365,100
2786159008073757,600031,89,2730,13365,100
2786159013185902,600031,89,2730,13365,100
2786159018298352,600031,89,2730,13365,100
2786159023410662,600031,89,2730,13365,100
2786159028523079,600031,89,2730,13365,100
2786159033634995,600031,89,2730,13365,100
2786159038747630,600031,89,2730,13365,100
2786159043859976,600031,89,2730,13365,100
2786159048972308,600031,89,2730,13365,100
2786159054085957,600031,89,2730,13365,100
2786159059198137,600031,89,2730,13365,100
2786159064310681,600031,89,2730,13365,100
2786159069423326,600031,89,2730,13365,100
2786159074536019,600031,89,2730,13365,100
2786159079648395,600031,89,2730,13365,100
2786159084760744,600031,89,2730,13365,100
2786159089872787,600031,89,2730,13365,100
2786159094985024,600031,89,2730,13365,100
2786159100114428,600031,89,2730,13365,100
2786159105236413,600031,89,2730,13365,100
2786159110349366,600031,89,2730,13365,100
2786159115462376,600031,89,2730,13365,100
2786159120575114,600031,89,2730,13365,100
2786159125687798,600031,89,2730,13365,100
2786159130800687,599959,89,2730,13365,100
2786159135933919,599959,89,2730,13365,100
2786159141045958,599959,89,2730,13365,100
2786159146158282,599959,89,2730,13365,100
2786159151270726,599959,89,2730,13365,100
2786159156384724,599959,89,2730,13365,100
2786159161496805,599959,89,2730,13365,100
2786159166608760,599959,89,2730,13365,100
2786159171721392,599959,89,2730,13365,100
2786159176833362,599959,89,2730,13365,100
2786159181945766,599959,89,2730,13365,100
2786159187057967,599959,89,2730,13365,100
2786159192170347,599959,89,2730,13365,100
2786159197283348,599959,89,2730,13365,100
2786159202412089,599959,89,2730,13365,100
2786159207525781,599959,89,2730,13365,100
2786159212638209,599959,89,2730,13365,100
2786159217750529,599959,89,2730,13365,100
2786159222862906,599959,89,2730,13365,100
2786159227975502,599959,89,2730,13365,100
2786159233087706,599959,89,2730,13365,100
2786159238200299,599959,89,2730,13365,100
2786159243312595,599959,89,2730,13365,100
2786159248424703,599959,89,2730,13365,100
2786159253536933,599959,89,2730,13365,100
2786159258650639,599959,89,2730,13365,100
2786159263763613,599959,89,2730,13365,100
2786159268875853,599959,89,2730,13365,100
2786159273988306,599959,89,2730,13365,100
2786159279117850,599959,89,2730,13365,100
2786159284230270,599959,89,2730,13365,100
2786159289342531,599959,89,2730,13365,100
2786159294455011,599959,89,2730,13365,100
2786159299567416,599959,89,2730,13365,100
2786159304679648,599959,89,2730,13365,100
2786159309793956,599959,89,2730,13365,100
2786159314906125,599959,89,2730,13365,100
2786159320018610,599959,89,2730,13365,100
2786159325130914,599959,89,2730,13365,100
2786159330243114,599959,89,2730,13365,100
2786159335355527,599959,89,2730,13365,100
2786159340468084,599959,89,2730,13365,100
2786159345580808,599959,89,2730,13365,100
2786159350693268,599959,89,2730,13365,100
2786159355805702,599959,89,2730,13365,100
2786159360919700,599959,89,2730,13365,100
2786159366032417,599959,89,2730,13365,100
2786159371144885,599959,89,2730,13365,100
2786159376257630,599959,89,2730,13365,100
2786159381370186,599959,89,2730,13365,100
2786159386482418,599959,89,2730,13365,100
2786159391594771,599959,89,2730,13365,100
2786159396707147,599959,89,2730,13365,100
2786159401819576,599959,89,2730,13365,100
2786159406932667,599959,89,2730,13365,100
2786159412046860,599959,89,2730,13365,100
2786159417159153,599959,89,2730,13365,100
2786159422271465,599959,89,2730,13365,100
2786159427383482,599959,89,2730,13365,100
2786159432495963,599959,89,2730,13365,100
2786159437608339,599959,89,2730,13365,100
2786159442720559,599959,89,2730,13365,100
2786159447832836,599959,89,2730,13365,100
2786159452944876,599959,89,2730,13365,100
2786159458057093,599959,89,2730,13365,100
2786159463171213,599959,89,2730,13365,100
2786159468283459,599959,89,2730,13365,100
2786159473396198,599959,89,2730,13365,100
2786159478508622,599959,89,2730,13365,100
2786159483620980,599959,89,2730,13365,100
2786159488733059,599959,89,2730,13365,100
2786159493845207,599959,89,2730,13365,100
2786159498957100,599959,89,2730,13365,100
2786159504070250,599959,89,2730,13365,100
2786159509182524,599959,89,2730,13365,100
2786159514296349,599959,89,2730,13365,100
2786159519408633,599959,89,2730,13365,100
2786159524520877,599959,89,2730,13365,100
2786159529633126,599959,89,2730,13365,100
2786159534745346,599959,89,2730,13365,100
2786159539857887,599959,89,2730,13365,100
2786159544970015,599959,89,2730,13365,100
2786159550082263,599959,89,2730,13365,100
2786159555194549,599959,89,2730,13365,100
2786159560317181,599959,89,2730,13365,100
2786159565430801,599959,89,2730,13365,100
2786159570543386,599959,89,2730,13365,100
2786159575655981,599959,89,2730,13365,100
2786159580768062,599959,89,2730,13365,100
2786159585880666,599959,89,2730,13365,100
2786159590992955,599959,89,2730,13365,100
2786159596121579,599959,89,2730,13365,100
2786159601233614,599959,89,2730,13365,100
2786159606346224,599959,89,2730,13365,100
2786159611458363,599959,89,2730,13365,100
2786159616572587,599959,89,2730,13365,100
2786159621684641,599959,89,2730,13365,100
2786159626797378,599959,89,2730,13365,100
2786159631909534,599932,89,2730,13365,100
2786159637021887,599932,89,2730,13365,100
2786159642134189,599932,89,2730,13365,100
2786159647246694,599932,89,2730,13365,100
2786159652358787,599932,89,2730,13365,100
2786159657470704,599932,89,2730,13365,100
2786159662582976,599932,89,2730,13365,100
2786159667696981,599932,89,2730,13365,100
2786159672809349,599932,89,2730,13365,100
2786159677921393,599932,89,2730,13365,100
2786159683033783,599932,89,2730,13365,100
2786159688145891,599932,89,2730,13365,100
2786159693258227,599932,89,2730,13365,100
2786159698370279,599932,89,2730,13365,100
2786159703482684,599932,89,2730,13365,100
2786159708594986,599932,89,2730,13365,100
2786159713707245,599932,89,2730,13365,100
2786159718821361,599932,89,2730,13365,100
2786159723933538,599932,89,2730,13365,100
2786159729045846,599932,89,2730,13365,100
2786159734158043,599932,89,2730,13365,100
2786159739270600,599932,89,2730,13365,100
2786159744383291,599932,89,2730,13365,100
2786159749500084,599932,89,2730,13365,100
2786159754612580,599932,89,2730,13365,100
2786159759724726,599932,89,2730,13365,100
2786159764836733,599932,89,2730,13365,100
2786159769950673,599932,89,2730,13365,100
2786159775063093,599932,89,2730,13365,100
2786159780175274,599932,89,2730,13365,100
2786159785287806,599932,89,2730,13365,100
2786159790400110,599932,89,2730,13365,100
2786159795512671,599932,89,2730,13365,100
2786159800625119,599932,89,2730,13365,100
2786159805737556,599932,89,2730,13365,100
2786159810849820,599932,89,2730,13365,100
2786159815962285,599932,89,2730,13365,100
2786159821076373,599932,89,2730,13365,100
2786159826188566,599932,89,2730,13365,100
2786159831300902,599932,89,2730,13365,100
2786159836413258,599932,89,2730,13365,100
2786159841525530,599932,89,2730,13365,100
2786159846638115,599932,89,2730,13365,100
2786159851750379,599932,89,2730,13365,100
2786159856878853,599932,89,2730,13365,100
2786159861991266,599932,89,2730,13365,100
2786159867126223,599932,89,2730,13365,100
2786159872240267,599932,89,2730,13365,100
2786159877352513,599932,89,2730,13365,100
2786159882464962,599932,89,2730,13365,100
2786159887577360,599932,89,2730,13365,100
2786159892689714,599932,89,2730,13365,100
2786159897802131,599932,89,2730,13365,100
2786159902914759,599932,89,2730,13365,100
2786159908027167,599932,89,2730,13365,100
2786159913139517,599932,89,2730,13365,100
2786159918251716,599932,89,2730,13365,100
2786159923365565,599932,89,2730,13365,100
2786159928477590,599932,89,2730,13365,100
2786159933589930,599932,89,2730,13365,100
2786159938702423,599932,89,2730,13365,100
2786159943814818,599932,89,2730,13365,100
2786159948926981,599932,89,2730,13365,100
2786159954039207,599932,89,2730,13365,100
2786159959151532,599932,89,2730,13365,100
2786159964263706,599932,89,2730,13365,100
2786159969375833,599932,89,2730,13365,100
2786159974489833,599932,89,2730,13365,100
2786159979602065,599932,89,2730,13365,100
2786159984714412,599932,89,2730,13365,100
2786159989826563,599932,89,2730,13365,100
2786159994938942,599932,89,2730,13365,100
2786160000051157,599932,89,2730,13365,100
2786160005164660,599932,89,2730,13365,100
2786160010277036,599932,89,2730,13365,100
2786160015389492,599932,89,2730,13365,100
2786160020501837,599932,89,2730,13365,100
2786160025615773,599932,89,2730,13365,100
2786160030728093,599932,89,2730,13365,100
2786160035840226,599932,89,2730,13365,100
2786160040952694,599932,89,2730,13365,100
2786160046065183,599932,89,2730,13365,100
2786160051177599,599932,89,2730,13365,100
2786160056289540,599932,89,2730,13365,100
2786160061401430,599932,89,2730,13365,100
2786160066514064,599932,89,2730,13365,100
2786160071626869,599932,89,2730,13365,100
2786160076740617,599932,89,2730,13365,100
2786160081852910,599932,89,2730,13365,100
2786160086965207,599932,89,2730,13365,100
2786160092077350,599932,89,2730,13365,100
2786160097189808,599932,89,2730,13365,100
2786160102301967,599932,89,2730,13365,100
2786160107414923,599932,89,2730,13365,100
2786160112527389,599932,89,2730,13365,100
2786160117639501,599932,89,2730,13365,100
2786160122751736,599932,89,2730,13365,100
2786160127865517,599954,89,2730,13365,100
2786160132977741,599954,89,2730,13365,100
2786160138090406,599954,89,2730,13365,100
2786160143202730,599954,89,2730,13365,100
2786160148315231,599954,89,2730,13365,100
2786160153427688,599954,89,2730,13365,100
2786160158539721,599954,89,2730,13365,100
2786160163653753,599954,89,2730,13365,100
2786160168765743,599954,89,2730,13365,100
2786160173877655,599954,89,2730,13365,100
2786160178991281,599954,89,2730,13365,100
2786160184121745,599954,89,2730,13365,100
2786160189234238,599954,89,2730,13365,100
2786160194346707,599954,89,2730,13365,100
2786160199459027,599954,89,2730,13365,100
2786160204571135,599954,89,2730,13365,100
2786160209683205,599954,89,2730,13365,100
2786160214795404,599954,89,2730,13365,100
2786160219907627,599954,89,2730,13365,100
2786160225020249,599954,89,2730,13365,100
2786160230134325,599954,89,2730,13365,100
2786160235246486,599954,89,2730,13365,100
2786160240358798,599954,89,2730,13365,100
2786160245471783,599954,89,2730,13365,100
2786160250584739,599954,89,2730,13365,100
2786160255697756,599954,89,2730,13365,100
2786160260810831,599954,89,2730,13365,100
2786160265923241,599954,89,2730,13365,100
2786160271036573,599954,89,2730,13365,100
2786160276148773,599954,89,2730,13365,100
2786160281263174,599954,89,2730,13365,100
2786160286375297,599954,89,2730,13365,100
2786160291487490,599954,89,2730,13365,100
2786160296599906,599954,89,2730,13365,100
2786160301712003,599954,89,2730,13365,100
2786160306838783,599954,89,2730,13365,100
2786160311950868,599954,89,2730,13365,100
2786160317063938,599954,89,2730,13365,100
2786160322176013,599954,89,2730,13365,100
2786160327288481,599954,89,2730,13365,100
2786160332402427,599954,89,2730,13365,100
2786160337514734,599954,89,2730,13365,100
2786160342626652,599954,89,2730,13365,100
2786160347739546,599954,89,2730,13365,100
2786160352851975,599954,89,2730,13365,100
2786160357964635,599954,89,2730,13365,100
2786160363077232,599954,89,2730,13365,100
2786160368189544,599954,89,2730,13365,100
2786160373301939,599954,89,2730,13365,100
2786160378414949,599954,89,2730,13365,100
2786160383529248,599954,89,2730,13365,100
2786160388641378,599954,89,2730,13365,100
2786160393753550,599954,89,2730,13365,100
2786160398865674,599954,89,2730,13365,100
2786160403977899,599954,89,2730,13365,100
2786160409090271,599954,89,2730,13365,100
2786160414203524,599954,89,2730,13365,100
2786160419316113,599954,89,2730,13365,100
2786160424428677,599954,89,2730,13365,100
2786160429541105,599954,89,2730,13365,100
2786160434655106,599954,89,2730,13365,100
2786160439767396,599954,89,2730,13365,100
2786160444880660,599954,89,2730,13365,100
2786160449992911,599954,89,2730,13365,100
2786160455122697,599954,89,2730,13365,100
2786160460235101,599954,89,2730,13365,100
2786160465347456,599954,89,2730,13365,100
2786160470460430,599954,89,2730,13365,100
2786160475572481,599954,89,2730,13365,100
2786160480684391,599954,89,2730,13365,100
2786160485799025,599954,89,2730,13365,100
2786160490911248,599954,89,2730,13365,100
2786160496023652,599954,89,2730,13365,100
2786160501136202,599954,89,2730,13365,100
2786160506248653,599954,89,2730,13365,100
2786160511377098,599954,89,2730,13365,100
2786160516489044,599954,89,2730,13365,100
2786160521601276,599954,89,2730,13365,100
2786160526720645,599954,89,2730,13365,100
2786160531832689,599954,89,2730,13365,100
2786160536946974,599954,89,2730,13365,100
2786160542059302,599954,89,2730,13365,100
2786160547171762,599954,89,2730,13365,100
2786160552284482,599954,89,2730,13365,100
2786160557397223,599954,89,2730,13365,100
2786160562509611,599954,89,2730,13365,100
2786160567622219,599954,89,2730,13365,100
2786160572734398,599954,89,2730,13365,100
2786160577847140,599954,89,2730,13365,100
2786160582960299,599954,89,2730,13365,100
2786160588074411,599954,89,2730,13365,100
2786160593186294,599954,89,2730,13365,100
2786160598298514,599954,89,2730,13365,100
2786160603410919,599954,89,2730,13365,100
2786160608523709,599954,89,2730,13365,100
2786160613635884,599954,89,2730,13365,100
2786160618749128,599954,89,2730,13365,100
2786160623861484,599954,89,2730,13365,100
2786160628973597,600058,89,2730,13365,100
2786160634085841,600058,89,2730,13365,100
2786160639199946,600058,89,2730,13365,100
2786160644312458,600058,89,2730,13365,100
2786160649425210,600058,89,2730,13365,100
2786160654537670,600058,89,2730,13365,100
2786160659649923,600058,89,2730,13365,100
2786160664762472,600058,89,2730,13365,100
2786160669874996,600058,89,2730,13365,100
2786160674987453,600058,89,2730,13365,100
2786160680118808,600058,89,2730,13365,100
2786160685231169,600058,89,2730,13365,100
2786160690345550,600058,89,2730,13365,100
2786160695458118,600058,89,2730,13365,100
2786160700570170,600058,89,2730,13365,100
2786160705682670,600058,89,2730,13365,100
2786160710795359,600058,89,2730,13365,100
2786160715907454,600058,89,2730,13365,100
2786160721019548,600058,89,2730,13365,100
2786160726132260,600058,89,2730,13365,100
2786160731244309,600058,89,2730,13365,100
2786160736356829,600058,89,2730,13365,100
2786160741469645,600058,89,2730,13365,100
2786160746582082,600058,89,2730,13365,100
2786160751694654,600058,89,2730,13365,100
2786160756807091,600058,89,2730,13365,100
2786160761919703,600058,89,2730,13365,100
2786160767032403,600058,89,2730,13365,100
2786160772144640,600058,89,2730,13365,100
2786160777257861,600058,89,2730,13365,100
2786160782369960,600058,89,2730,13365,100
2786160787482175,600058,89,2730,13365,100
2786160792596060,600058,89,2730,13365,100
2786160797708410,600058,89,2730,13365,100
2786160802820807,600058,89,2730,13365,100
2786160807933019,600058,89,2730,13365,100
2786160813045277,600058,89,2730,13365,100
2786160818157264,600058,89,2730,13365,100
2786160823269460,600058,89,2730,13365,100
2786160828381929,600058,89,2730,13365,100
2786160833494425,600058,89,2730,13365,100
2786160838606833,600058,89,2730,13365,100
2786160843720544,600058,89,2730,13365,100
2786160848832986,600058,89,2730,13365,100
2786160853945151,600058,89,2730,13365,100
2786160859057371,600058,89,2730,13365,100
2786160864169795,600058,89,2730,13365,100
2786160869282464,600058,89,2730,13365,100
2786160874395068,600058,89,2730,13365,100
2786160879507640,600058,89,2730,13365,100
2786160884620079,600058,89,2730,13365,100
2786160889732585,600058,89,2730,13365,100
2786160894846757,600058,89,2730,13365,100
2786160899958946,600058,89,2730,13365,100
2786160905072006,600058,89,2730,13365,100
2786160910183769,600058,89,2730,13365,100
2786160915295973,600058,89,2730,13365,100
2786160920408416,600058,89,2730,13365,100
2786160925520644,600058,89,2730,13365,100
2786160930632924,600058,89,2730,13365,100
2786160935745097,600058,89,2730,13365,100
2786160940857241,600058,89,2730,13365,100
2786160945971278,600058,89,2730,13365,100
2786160951083971,600058,89,2730,13365,100
2786160956196368,600058,89,2730,13365,100
2786160961308835,600058,89,2730,13365,100
2786160966421151,600058,89,2730,13365,100
2786160971533363,600058,89,2730,13365,100
2786160976645593,600058,89,2730,13365,100
2786160981757957,600058,89,2730,13365,100
2786160986870245,600058,89,2730,13365,100
2786160991982397,600058,89,2730,13365,100
2786160997112134,600058,89,2730,13365,100
2786161002224322,600058,89,2730,13365,100
2786161007336544,600058,89,2730,13365,100
2786161012448931,600058,89,2730,13365,100
2786161017561543,600058,89,2730,13365,100
2786161022674100,600058,89,2730,13365,100
2786161027786442,600058,89,2730,13365,100
2786161032898529,600058,89,2730,13365,100
2786161038029065,600058,89,2730,13365,100
2786161043141381,600058,89,2730,13365,100
2786161048255122,600058,89,2730,13365,100
2786161053367622,600058,89,2730,13365,100
2786161058479929,600058,89,2730,13365,100
2786161063592339,600058,89,2730,13365,100
2786161068704665,600058,89,2730,13365,100
2786161073817411,600058,89,2730,13365,100
2786161078930216,600058,89,2730,13365,100
2786161084042400,600058,89,2730,13365,100
2786161089154509,600058,89,2730,13365,100
2786161094266989,600058,89,2730,13365,100
2786161099381057,600058,89,2730,13365,100
2786161104493623,600058,89,2730,13365,100
2786161109605986,600058,89,2730,13365,100
2786161114718530,600058,89,2730,13365,100
2786161119830902,600058,89,2730,13365,100
2786161124943468,600058,89,2730,13365,100
2786161130055576,599937,89,2730,13365,100
2786161135167808,599937,89,2730,13365,100
2786161140280437,599937,89,2730,13365,100
2786161145393453,599937,89,2730,13365,100
2786161150507374,599937,89,2730,13365,100
2786161155619926,599937,89,2730,13365,100
2786161160732070,599937,89,2730,13365,100
2786161165860371,599937,89,2730,13365,100
2786161170972651,599937,89,2730,13365,100
2786161176084952,599937,89,2730,13365,100
2786161181197202,599937,89,2730,13365,100
2786161186309366,599937,89,2730,13365,100
2786161191435632,599937,89,2730,13365,100
2786161196548301,599937,89,2730,13365,100
2786161201662232,599937,89,2730,13365,100
2786161206774766,599937,89,2730,13365,100
2786161211887175,599937,89,2730,13365,100
2786161216999451,599937,89,2730,13365,100
2786161222134911,599937,89,2730,13365,100
2786161227247254,599937,89,2730,13365,100
2786161232359412,599937,89,2730,13365,100
2786161237472041,599937,89,2730,13365,100
2786161242584113,599937,89,2730,13365,100
2786161247696419,599937,89,2730,13365,100
2786161252810461,599937,89,2730,13365,100
2786161257922513,599937,89,2730,13365,100
2786161263035134,599937,89,2730,13365,100
2786161268147375,599937,89,2730,13365,100
2786161273259521,599937,89,2730,13365,100
2786161278371751,599937,89,2730,13365,100
2786161283484208,599937,89,2730,13365,100
2786161288596445,599937,89,2730,13365,100
2786161293708673,599937,89,2730,13365,100
2786161298820837,599937,89,2730,13365,100
2786161303934989,599937,89,2730,13365,100
2786161309047557,599937,89,2730,13365,100
2786161314159743,599937,89,2730,13365,100
2786161319272146,599937,89,2730,13365,100
2786161324384497,599937,89,2730,13365,100
2786161329496764,599937,89,2730,13365,100
2786161334608686,599937,89,2730,13365,100
2786161339720856,599937,89,2730,13365,100
2786161344833309,599937,89,2730,13365,100
2786161349945673,599937,89,2730,13365,100
2786161355061111,599937,89,2730,13365,100
2786161360173930,599937,89,2730,13365,100
2786161365286382,599937,89,2730,13365,100
2786161370398915,599937,89,2730,13365,100
2786161375511336,599937,89,2730,13365,100
2786161380623613,599937,89,2730,13365,100
2786161385736430,599937,89,2730,13365,100
2786161390848988,599937,89,2730,13365,100
2786161395961107,599937,89,2730,13365,100
2786161401073445,599937,89,2730,13365,100
2786161406187517,599937,89,2730,13365,100
2786161411299970,599937,89,2730,13365,100
2786161416412466,599937,89,2730,13365,100
2786161421525249,599937,89,2730,13365,100
2786161426637411,599937,89,2730,13365,100
2786161431749763,599937,89,2730,13365,100
2786161436862084,599937,89,2730,13365,100
2786161441974237,599937,89,2730,13365,100
2786161447086289,599937,89,2730,13365,100
2786161452199017,599937,89,2730,13365,100
2786161457312870,599937,89,2730,13365,100
2786161462425722,599937,89,2730,13365,100
2786161467537983,599937,89,2730,13365,100
2786161472650305,599937,89,2730,13365,100
2786161477762435,599937,89,2730,13365,100
2786161482875414,599937,89,2730,13365,100
2786161487987940,599937,89,2730,13365,100
2786161493117523,599937,89,2730,13365,100
2786161498230113,599937,89,2730,13365,100
2786161503342497,599937,89,2730,13365,100
2786161508456316,599937,89,2730,13365,100
2786161513568738,599937,89,2730,13365,100
2786161518681039,599937,89,2730,13365,100
2786161523793819,599937,89,2730,13365,100
2786161528905923,599937,89,2730,13365,100
2786161534020518,599937,89,2730,13365,100
2786161539132780,599937,89,2730,13365,100
2786161544245101,599937,89,2730,13365,100
2786161549357261,599937,89,2730,13365,100
2786161554468956,599937,89,2730,13365,100
2786161559582926,599937,89,2730,13365,100
2786161564695170,599937,89,2730,13365,100
2786161569807454,599937,89,2730,13365,100
2786161574920386,599937,89,2730,13365,100
2786161580032783,599937,89,2730,13365,100
2786161585145060,599937,89,2730,13365,100
2786161590258024,599937,89,2730,13365,100
2786161595370564,599937,89,2730,13365,100
2786161600482329,599937,89,2730,13365,100
2786161605594853,599937,89,2730,13365,100
2786161610709062,599937,89,2730,13365,100
2786161615821626,599937,89,2730,13365,100
2786161620935093,599937,89,2730,13365,100
2786161626047895,599937,89,2730,13365,100
2786161631159764,599876,89,2730,13365,100
2786161636271520,599876,89,2730,13365,100
2786161641384349,599876,89,2730,13365,100
2786161646497242,599876,89,2730,13365,100
2786161651609994,599876,89,2730,13365,100
2786161656722993,599876,89,2730,13365,100
2786161661837341,599876,89,2730,13365,100
2786161666949826,599876,89,2730,13365,100
2786161672063823,599876,89,2730,13365,100
2786161677176056,599876,89,2730,13365,100
2786161682288311,599876,89,2730,13365,100
2786161687400840,599876,89,2730,13365,100
2786161692512916,599876,89,2730,13365,100
2786161697625005,599876,89,2730,13365,100
2786161702737367,599876,89,2730,13365,100
2786161707850010,599876,89,2730,13365,100
2786161712966642,599876,89,2730,13365,100
2786161718078837,599876,89,2730,13365,100
2786161723190999,599876,89,2730,13365,100
2786161728303295,599876,89,2730,13365,100
2786161733415590,599876,89,2730,13365,100
2786161738528176,599876,89,2730,13365,100
2786161743640373,599876,89,2730,13365,100
2786161748752705,599876,89,2730,13365,100
2786161753865187,599876,89,2730,13365,100
2786161758977437,599876,89,2730,13365,100
2786161764094710,599876,89,2730,13365,100
2786161769207386,599876,89,2730,13365,100
2786161774319473,599876,89,2730,13365,100
2786161779442819,599876,89,2730,13365,100
2786161784562852,599876,89,2730,13365,100
2786161789674988,599876,89,2730,13365,100
2786161794787242,599876,89,2730,13365,100
2786161799899256,599876,89,2730,13365,100
2786161805027165,599876,89,2730,13365,100
2786161810139834,599876,89,2730,13365,100
2786161815253266,599876,89,2730,13365,100
2786161820382719,599876,89,2730,13365,100
2786161825494923,599876,89,2730,13365,100
2786161830607283,599876,89,2730,13365,100
2786161835719596,599876,89,2730,13365,100
2786161840832351,599876,89,2730,13365,100
2786161845944486,599876,89,2730,13365,100
2786161851056384,599876,89,2730,13365,100
2786161856168693,599876,89,2730,13365,100
2786161861281100,599876,89,2730,13365,100
2786161866394957,599876,89,2730,13365,100
2786161871507723,599876,89,2730,13365,100
2786161876620262,599876,89,2730,13365,100
2786161881732519,599876,89,2730,13365,100
2786161886844376,599876,89,2730,13365,100
2786161891956340,599876,89,2730,13365,100
2786161897068324,599876,89,2730,13365,100
2786161902180780,599876,89,2730,13365,100
2786161907293554,599876,89,2730,13365,100
2786161912405997,599876,89,2730,13365,100
2786161917519846,599876,89,2730,13365,100
2786161922632207,599876,89,2730,13365,100
2786161927744526,599876,89,2730,13365,100
2786161932856767,599876,89,2730,13365,100
2786161937969455,599876,89,2730,13365,100
2786161943081578,599876,89,2730,13365,100
2786161948193814,599876,89,2730,13365,100
2786161953306273,599876,89,2730,13365,100
2786161958418653,599876,89,2730,13365,100
2786161963530830,599876,89,2730,13365,100
2786161968643554,599876,89,2730,13365,100
2786161973755915,599876,89,2730,13365,100
2786161978868107,599876,89,2730,13365,100
2786161983980155,599876,89,2730,13365,100
2786161989092304,599876,89,2730,13365,100
2786161994204384,599876,89,2730,13365,100
2786161999316786,599876,89,2730,13365,100
2786162004429229,599876,89,2730,13365,100
2786162009541645,599876,89,2730,13365,100
2786162014654061,599876,89,2730,13365,100
2786162019767726,599876,89,2730,13365,100
2786162024880061,599876,89,2730,13365,100
2786162029992614,599876,89,2730,13365,100
2786162035121697,599876,89,2730,13365,100
2786162040234039,599876,89,2730,13365,100
2786162045346532,599876,89,2730,13365,100
2786162050459037,599876,89,2730,13365,100
2786162055571547,599876,89,2730,13365,100
2786162060683917,599876,89,2730,13365,100
2786162065795998,599876,89,2730,13365,100
2786162070909534,599876,89,2730,13365,100
2786162076023565,599876,89,2730,13365,100
2786162081135498,599876,89,2730,13365,100
2786162086247327,599876,89,2730,13365,100
2786162091360378,599876,89,2730,13365,100
2786162096472020,599876,89,2730,13365,100
2786162101583776,599876,89,2730,13365,100
2786162106697084,599876,89,2730,13365,100
2786162111810537,599876,89,2730,13365,100
2786162116922918,599876,89,2730,13365,100
2786162122037218,599876,89,2730,13365,100
2786162127150278,599993,89,2722,13365,100
2786162132262258,599993,89,2722,13365,100
2786162137375065,599993,89,2722,13365,100
2786162142486971,599993,89,2722,13365,100
2786162147599892,599993,89,2722,13365,100
2786162152712740,599993,89,2722,13365,100
2786162157825737,599993,89,2722,13365,100
2786162162938658,599993,89,2722,13365,100
2786162168051633,599993,89,2722,13365,100
2786162173165288,599993,89,2722,13365,100
2786162178278426,599993,89,2722,13365,100
2786162183390670,599993,89,2722,13365,100
2786162188503789,599993,89,2722,13365,100
2786162193627800,599993,89,2722,13365,100
2786162198740076,599993,89,2722,13365,100
2786162203852315,599993,89,2722,13365,100
2786162208964588,599993,89,2722,13365,100
2786162214077078,599993,89,2722,13365,100
2786162219189350,599993,89,2722,13365,100
2786162224303322,599993,89,2722,13365,100
2786162229415526,599993,89,2722,13365,100
2786162234527821,599993,89,2722,13365,100
2786162239639695,599993,89,2722,13365,100
2786162244752108,599993,89,2722,13365,100
2786162249864312,599993,89,2722,13365,100
2786162254977446,599993,89,2722,13365,100
2786162260089923,599993,89,2722,13365,100
2786162265202397,599993,89,2722,13365,100
2786162270315380,599993,89,2722,13365,100
2786162275429838,599993,89,2722,13365,100
2786162280542210,599993,89,2722,13365,100
2786162285655687,599993,89,2722,13365,100
2786162290768864,599993,89,2722,13365,100
2786162295883616,599993,89,2722,13365,100
2786162300996076,599993,89,2722,13365,100
2786162306127637,599993,89,2722,13365,100
2786162311239989,599993,89,2722,13365,100
2786162316363377,599993,89,2722,13365,100
2786162321482983,599993,89,2722,13365,100
2786162326596788,599993,89,2722,13365,100
2786162331709038,599993,89,2722,13365,100
2786162336822227,599993,89,2722,13365,100
2786162341934263,599993,89,2722,13365,100
2786162347062560,599993,89,2722,13365,100
2786162352175200,599993,89,2722,13365,100
2786162357288521,599993,89,2722,13365,100
2786162362401244,599993,89,2722,13365,100
2786162367514225,599993,89,2722,13365,100
2786162372626894,599993,89,2722,13365,100
2786162377740637,599993,89,2722,13365,100
2786162382852862,599993,89,2722,13365,100
2786162387965142,599993,89,2722,13365,100
2786162393077387,599993,89,2722,13365,100
2786162398189900,599993,89,2722,13365,100
2786162403303116,599993,89,2722,13365,100
2786162408415340,599993,89,2722,13365,100
2786162413527364,599993,89,2722,13365,100
2786162418640489,599993,89,2722,13365,100
2786162423753026,599993,89,2722,13365,100
2786162428866608,599993,89,2722,13365,100
2786162433979611,599993,89,2722,13365,100
2786162439109332,599993,89,2722,13365,100
2786162444221623,599993,89,2722,13365,100
2786162449333967,599993,89,2722,13365,100
2786162454446930,599993,89,2722,13365,100
2786162459559044,599993,89,2722,13365,100
2786162464671333,599993,89,2722,13365,100
2786162469784397,599993,89,2722,13365,100
2786162474912862,599993,89,2722,13365,100
2786162480026950,599993,89,2722,13365,100
2786162485139231,599993,89,2722,13365,100
2786162490251434,599993,89,2722,13365,100
2786162495363395,599993,89,2722,13365,100
2786162500476571,599993,89,2722,13365,100
2786162505589080,599993,89,2722,13365,100
2786162510701256,599993,89,2722,13365,100
2786162515813605,599993,89,2722,13365,100
2786162520925687,599993,89,2722,13365,100
2786162526037990,599993,89,2722,13365,100
2786162531151625,599993,89,2722,13365,100
2786162536264526,599993,89,2722,13365,100
2786162541376398,599993,89,2722,13365,100
2786162546488669,599993,89,2722,13365,100
2786162551600867,599993,89,2722,13365,100
2786162556713140,599993,89,2722,13365,100
2786162561825441,599993,89,2722,13365,100
2786162566937749,599993,89,2722,13365,100
2786162572049749,599993,89,2722,13365,100
2786162577162485,599993,89,2722,13365,100
2786162582276070,599993,89,2722,13365,100
2786162587388384,599993,89,2722,13365,100
2786162592500296,599993,89,2722,13365,100
2786162597612973,599993,89,2722,13365,100
2786162602725420,599993,89,2722,13365,100
2786162607837502,599993,89,2722,13365,100
2786162612949908,599993,89,2722,13365,100
2786162618062239,599993,89,2722,13365,100
2786162623174477,599993,89,2722,13365,100
2786162628286769,599983,89,2722,13365,100
2786162633401637,599983,89,2722,13365,100
2786162638514042,599983,89,2722,13365,100
2786162643626675,599983,89,2722,13365,100
2786162648739597,599983,89,2722,13365,100
2786162653852202,599983,89,2722,13365,100
2786162658964760,599983,89,2722,13365,100
2786162664101108,599983,89,2722,13365,100
2786162669213773,599983,89,2722,13365,100
2786162674326253,599983,89,2722,13365,100
2786162679439122,599983,89,2722,13365,100
2786162684552782,599983,89,2722,13365,100
2786162689665186,599983,89,2722,13365,100
2786162694777117,599983,89,2722,13365,100
2786162699889291,599983,89,2722,13365,100
2786162705028105,599983,89,2722,13365,100
2786162710140590,599983,89,2722,13365,100
2786162715252768,599983,89,2722,13365,100
2786162720364997,599983,89,2722,13365,100
2786162725477225,599983,89,2722,13365,100
2786162730589397,599983,89,2722,13365,100
2786162735703401,599983,89,2722,13365,100
2786162740816230,599983,89,2722,13365,100
2786162745928294,599983,89,2722,13365,100
2786162751040605,599983,89,2722,13365,100
2786162756152891,599983,89,2722,13365,100
2786162761265216,599983,89,2722,13365,100
2786162766377504,599983,89,2722,13365,100
2786162771489381,599983,89,2722,13365,100
2786162776601587,599983,89,2722,13365,100
2786162781713821,599983,89,2722,13365,100
2786162786827674,599983,89,2722,13365,100
2786162791940062,599983,89,2722,13365,100
2786162797052405,599983,89,2722,13365,100
2786162802164675,599983,89,2722,13365,100
2786162807277228,599983,89,2722,13365,100
2786162812389388,599983,89,2722,13365,100
2786162817501744,599983,89,2722,13365,100
2786162822614081,599983,89,2722,13365,100
2786162827726686,599983,89,2722,13365,100
2786162832839045,599983,89,2722,13365,100
2786162837951782,599983,89,2722,13365,100
2786162843064250,599983,89,2722,13365,100
2786162848176262,599983,89,2722,13365,100
2786162853288567,599983,89,2722,13365,100
2786162858400918,599983,89,2722,13365,100
2786162863513162,599983,89,2722,13365,100
2786162868625876,599983,89,2722,13365,100
2786162873738298,599983,89,2722,13365,100
2786162878850805,599983,89,2722,13365,100
2786162883963225,599983,89,2722,13365,100
2786162889077257,599983,89,2722,13365,100
2786162894189870,599983,89,2722,13365,100
2786162899302433,599983,89,2722,13365,100
2786162904415083,599983,89,2722,13365,100
2786162909527431,599983,89,2722,13365,100
2786162914640026,599983,89,2722,13365,100
2786162919752444,599983,89,2722,13365,100
2786162924864776,599983,89,2722,13365,100
2786162929976753,599983,89,2722,13365,100
2786162935089204,599983,89,2722,13365,100
2786162940203222,599983,89,2722,13365,100
2786162945315593,599983,89,2722,13365,100
2786162950427866,599983,89,2722,13365,100
2786162955540423,599983,89,2722,13365,100
2786162960652555,599983,89,2722,13365,100
2786162965764704,599983,89,2722,13365,100
2786162970877044,599983,89,2722,13365,100
2786162976020559,599983,89,2722,13365,100
2786162981132998,599983,89,2722,13365,100
2786162986245161,599983,89,2722,13365,100
2786162991359166,599983,89,2722,13365,100
2786162996471375,599983,89,2722,13365,100
2786163001583721,599983,89,2722,13365,100
2786163006695960,599983,89,2722,13365,100
2786163011808403,599983,89,2722,13365,100
2786163016920504,599983,89,2722,13365,100
2786163022032917,599983,89,2722,13365,100
2786163027145043,599983,89,2722,13365,100
2786163032257305,599983,89,2722,13365,100
2786163037369412,599983,89,2722,13365,100
2786163042483936,599983,89,2722,13365,100
2786163047596646,599983,89,2722,13365,100
2786163052709205,599983,89,2722,13365,100
2786163057821287,599983,89,2722,13365,100
2786163062933928,599983,89,2722,13365,100
2786163068046116,599983,89,2722,13365,100
2786163073176037,599983,89,2722,13365,100
2786163078288513,599983,89,2722,13365,100
2786163083400789,599983,89,2722,13365,100
2786163088513502,599983,89,2722,13365,100
2786163093627190,599983,89,2722,13365,100
2786163098739423,599983,89,2722,13365,100
2786163103851967,599983,89,2722,13365,100
2786163108964527,599983,89,2722,13365,100
2786163114076865,599983,89,2722,13365,100
2786163119189252,599983,89,2722,13365,100
2786163124301640,599983,89,2722,13365,100
2786163129429869,600008,89,2730,13365,100
2786163134542065,600008,89,2730,13365,100
2786163139654934,600008,89,2730,13365,100
2786163144768770,600008,89,2730,13365,100
2786163149880987,600008,89,2730,13365,100
2786163154993242,600008,89,2730,13365,100
2786163160133530,600008,89,2730,13365,100
2786163165245891,600008,89,2730,13365,100
2786163170357995,600008,89,2730,13365,100
2786163175470792,600008,89,2730,13365,100
2786163180583197,600008,89,2730,13365,100
2786163185695552,600008,89,2730,13365,100
2786163190807664,600008,89,2730,13365,100
2786163195921682,600008,89,2730,13365,100
2786163201034050,600008,89,2730,13365,100
2786163206146239,600008,89,2730,13365,100
2786163211258247,600008,89,2730,13365,100
2786163216370591,600008,89,2730,13365,100
2786163221500432,600008,89,2730,13365,100
2786163226612588,600008,89,2730,13365,100
2786163231725008,600008,89,2730,13365,100
2786163236837323,600008,89,2730,13365,100
2786163241949621,600008,89,2730,13365,100
2786163247063574,600008,89,2730,13365,100
2786163252175231,600008,89,2730,13365,100
2786163257287299,600008,89,2730,13365,100
2786163262399602,600008,89,2730,13365,100
2786163267511871,600008,89,2730,13365,100
2786163272624400,600008,89,2730,13365,100
2786163277736896,600008,89,2730,13365,100
2786163282849025,600008,89,2730,13365,100
2786163287960760,600008,89,2730,13365,100
2786163293073377,600008,89,2730,13365,100
2786163298187238,600008,89,2730,13365,100
2786163303318348,600008,89,2730,13365,100
2786163308430490,600008,89,2730,13365,100
2786163313543039,600008,89,2730,13365,100
2786163318655321,600008,89,2730,13365,100
2786163323768231,600008,89,2730,13365,100
2786163328880260,600008,89,2730,13365,100
2786163333992556,600008,89,2730,13365,100
2786163339127409,600008,89,2730,13365,100
2786163344239390,600008,89,2730,13365,100
2786163349353009,600008,89,2730,13365,100
2786163354465518,600008,89,2730,13365,100
2786163359577778,600008,89,2730,13365,100
2786163364690333,600008,89,2730,13365,100
2786163369802563,600008,89,2730,13365,100
2786163374914995,600008,89,2730,13365,100
2786163380027560,600008,89,2730,13365,100
2786163385140100,600008,89,2730,13365,100
2786163390252324,600008,89,2730,13365,100
2786163395364621,600008,89,2730,13365,100
2786163400478490,600008,89,2730,13365,100
2786163405590722,600008,89,2730,13365,100
2786163410702993,600008,89,2730,13365,100
2786163415815231,600008,89,2730,13365,100
2786163420928021,600008,89,2730,13365,100
2786163426040406,600008,89,2730,13365,100
2786163431152644,600008,89,2730,13365,100
2786163436264915,600008,89,2730,13365,100
2786163441377229,600008,89,2730,13365,100
2786163446489605,600008,89,2730,13365,100
2786163451603757,600008,89,2730,13365,100
2786163456715680,600008,89,2730,13365,100
2786163461827890,600008,89,2730,13365,100
2786163466940327,600008,89,2730,13365,100
2786163472052915,600008,89,2730,13365,100
2786163477165510,600008,89,2730,13365,100
2786163482277534,600008,89,2730,13365,100
2786163487389864,600008,89,2730,13365,100
2786163492502017,600008,89,2730,13365,100
2786163497614675,600008,89,2730,13365,100
2786163502728030,600008,89,2730,13365,100
2786163507840376,600008,89,2730,13365,100
2786163512952641,600008,89,2730,13365,100
2786163518065159,600008,89,2730,13365,100
2786163523177439,600008,89,2730,13365,100
2786163528289763,600008,89,2730,13365,100
2786163533419756,600008,89,2730,13365,100
2786163538540350,600008,89,2730,13365,100
2786163543652325,600008,89,2730,13365,100
2786163548764551,600008,89,2730,13365,100
2786163553878229,600008,89,2730,13365,100
2786163558990242,600008,89,2730,13365,100
2786163564125618,600008,89,2730,13365,100
2786163569237903,600008,89,2730,13365,100
2786163574350343,600008,89,2730,13365,100
2786163579463140,600008,89,2730,13365,100
2786163584575392,600008,89,2730,13365,100
2786163589687956,600008,89,2730,13365,100
2786163594799999,600008,89,2730,13365,100
2786163599912433,600008,89,2730,13365,100
2786163605026153,600008,89,2730,13365,100
2786163610138622,600008,89,2730,13365,100
2786163615251036,600008,89,2730,13365,100
2786163620363446,600008,89,2730,13365,100
2786163625476097,600008,89,2730,13365,100
2786163630588422,600007,89,2722,13365,100
2786163635700856,600007,89,2722,13365,100
2786163640813180,600007,89,2722,13365,100
2786163645925395,600007,89,2722,13365,100
2786163651037399,600007,89,2722,13365,100
2786163656151417,600007,89,2722,13365,100
2786163661263838,600007,89,2722,13365,100
2786163666376335,600007,89,2722,13365,100
2786163671488923,600007,89,2722,13365,100
2786163676600771,600007,89,2722,13365,100
2786163681713568,600007,89,2722,13365,100
2786163686825678,600007,89,2722,13365,100
2786163691938689,600007,89,2722,13365,100
2786163697051232,600007,89,2722,13365,100
2786163702163563,600007,89,2722,13365,100
2786163707277394,600007,89,2722,13365,100
2786163712389872,600007,89,2722,13365,100
2786163717502479,600007,89,2722,13365,100
2786163722614411,600007,89,2722,13365,100
2786163727726627,600007,89,2722,13365,100
2786163732839003,600007,89,2722,13365,100
2786163737951188,600007,89,2722,13365,100
2786163743063493,600007,89,2722,13365,100
2786163748175925,600007,89,2722,13365,100
2786163753288662,600007,89,2722,13365,100
2786163758403641,600007,89,2722,13365,100
2786163763515970,600007,89,2722,13365,100
2786163768628079,600007,89,2722,13365,100
2786163773740423,600007,89,2722,13365,100
2786163778871203,600007,89,2722,13365,100
2786163783999412,600007,89,2722,13365,100
2786163789132248,600007,89,2722,13365,100
2786163794244508,600007,89,2722,13365,100
2786163799356861,600007,89,2722,13365,100
2786163804469561,600007,89,2722,13365,100
2786163809583561,600007,89,2722,13365,100
2786163814696034,600007,89,2722,13365,100
2786163819808383,600007,89,2722,13365,100
2786163824920863,600007,89,2722,13365,100
2786163830033143,600007,89,2722,13365,100
2786163835145483,600007,89,2722,13365,100
2786163840257872,600007,89,2722,13365,100
2786163845369960,600007,89,2722,13365,100
2786163850482325,600007,89,2722,13365,100
2786163855594675,600007,89,2722,13365,100
2786163860708240,600007,89,2722,13365,100
2786163865820498,600007,89,2722,13365,100
2786163870932834,600007,89,2722,13365,100
2786163876045227,600007,89,2722,13365,100
2786163881158317,600007,89,2722,13365,100
2786163886270647,600007,89,2722,13365,100
2786163891382700,600007,89,2722,13365,100
2786163896495052,600007,89,2722,13365,100
2786163901607635,600007,89,2722,13365,100
2786163906719599,600007,89,2722,13365,100
2786163911833498,600007,89,2722,13365,100
2786163916946316,600007,89,2722,13365,100
2786163922058807,600007,89,2722,13365,100
2786163927171130,600007,89,2722,13365,100
2786163932283556,600007,89,2722,13365,100
2786163937395373,600007,89,2722,13365,100
2786163942507770,600007,89,2722,13365,100
2786163947620324,600007,89,2722,13365,100
2786163952732637,600007,89,2722,13365,100
2786163957844773,600007,89,2722,13365,100
2786163962958554,600007,89,2722,13365,100
2786163968074042,600007,89,2722,13365,100
2786163973186415,600007,89,2722,13365,100
2786163978298467,600007,89,2722,13365,100
2786163983410915,600007,89,2722,13365,100
2786163988523116,600007,89,2722,13365,100
2786163993635484,600007,89,2722,13365,100
2786163998747988,600007,89,2722,13365,100
2786164003863556,600007,89,2722,13365,100
2786164008976621,600007,89,2722,13365,100
2786164014094165,600007,89,2722,13365,100
2786164019207582,600007,89,2722,13365,100
2786164024323955,600007,89,2722,13365,100
2786164029439279,600007,89,2722,13365,100
2786164034554809,600007,89,2722,13365,100
2786164039670363,600007,89,2722,13365,100
2786164044786038,600007,89,2722,13365,100
2786164049901142,600007,89,2722,13365,100
2786164055029892,600007,89,2722,13365,100
2786164060144804,600007,89,2722,13365,100
2786164065262061,600007,89,2722,13365,100
2786164070377494,600007,89,2722,13365,100
2786164075494678,600007,89,2722,13365,100
2786164080610182,600007,89,2722,13365,100
2786164085700015,600007,89,2722,13365,100
2786164090812298,600007,89,2722,13365,100
2786164095927596,600007,89,2722,13365,100
2786164101043208,600007,89,2722,13365,100
2786164106158751,600007,89,2722,13365,100
2786164111274605,600007,89,2722,13365,100
2786164116394374,600007,89,2722,13365,100
2786164121507104,600007,89,2722,13365,100
2786164126622843,600007,89,2722,13365,100
2786164131742442,562916,80,2722,13365,12
2786164136858297,562916,80,2722,13365,12
2786164141971255,562916,80,2722,13365,12
2786164147087375,562916,80,2722,13365,12
2786164152204004,562916,80,2722,13365,12
2786164157322344,562916,80,2722,13365,12
2786164162437841,562916,80,2722,13365,12
2786164167556045,562916,80,2722,13365,12
2786164172677528,562916,80,2722,13365,12
2786164177790682,562916,80,2722,13365,12
2786164182903936,562916,80,2722,13365,12
2786164188020201,562916,80,2722,13365,12
2786164193136711,562916,80,2722,13365,12
2786164198250519,562916,80,2722,13365,12
2786164203367248,562916,80,2722,13365,12
2786164208483907,562916,80,2722,13365,12
2786164213574257,562916,80,2722,13365,12
2786164218699681,562916,80,2722,13365,12
2786164223817706,562916,80,2722,13365,12
2786164228934190,562916,80,2722,13365,12
2786164234050930,562916,80,2722,13365,12
2786164239170670,562916,80,2722,13365,12
2786164244287431,562916,80,2722,13365,12
2786164249404275,562916,80,2722,13365,12
2786164254521184,562916,80,2722,13365,12
2786164259640264,562916,80,2722,13365,12
2786164264762792,562916,80,2722,13365,12
2786164269882329,562916,80,2722,13365,12
2786164275017125,562916,80,2722,13365,12
2786164280132714,562916,80,2722,13365,12
2786164285247298,562916,80,2722,13365,12
2786164290364736,562916,80,2722,13365,12
