monotonic_ns,board_power_mw,temperature_c,graphics_clock_mhz,memory_clock_mhz,utilization_percent
2792501608405591,599978,87,2685,13365,100
2792501614971958,599978,87,2685,13365,100
2792501620093124,599978,87,2685,13365,100
2792501625215206,599978,87,2685,13365,100
2792501630340662,599978,87,2685,13365,100
2792501635464170,599978,87,2685,13365,100
2792501640584635,599978,87,2685,13365,100
2792501645708135,599978,87,2685,13365,100
2792501650828251,599978,87,2685,13365,100
2792501655951263,599978,87,2685,13365,100
2792501661073173,599978,87,2685,13365,100
2792501666194176,599978,87,2685,13365,100
2792501671320080,599978,87,2685,13365,100
2792501676449557,599978,87,2685,13365,100
2792501681571345,599978,87,2685,13365,100
2792501686692586,599978,87,2685,13365,100
2792501691814334,599978,87,2685,13365,100
2792501696936489,599978,87,2685,13365,100
2792501702072746,599978,87,2685,13365,100
2792501707193283,599978,87,2685,13365,100
2792501712333602,599978,87,2685,13365,100
2792501717453946,599978,87,2685,13365,100
2792501722576568,599978,87,2685,13365,100
2792501727698902,599978,87,2685,13365,100
2792501732822233,599978,87,2685,13365,100
2792501737945893,599978,87,2685,13365,100
2792501743081768,599978,87,2685,13365,100
2792501748233165,599978,87,2685,13365,100
2792501753355054,599978,87,2685,13365,100
2792501758476315,599978,87,2685,13365,100
2792501763598579,599978,87,2685,13365,100
2792501768724643,599978,87,2685,13365,100
2792501773855287,599978,87,2685,13365,100
2792501778985703,599978,87,2685,13365,100
2792501784132749,599978,87,2685,13365,100
2792501789256800,599978,87,2685,13365,100
2792501794380096,599978,87,2685,13365,100
2792501799506353,599978,87,2685,13365,100
2792501804653513,599978,87,2685,13365,100
2792501809774621,599978,87,2685,13365,100
2792501814899193,599978,87,2685,13365,100
2792501820027538,599978,87,2685,13365,100
2792501825149906,599978,87,2685,13365,100
2792501830276319,599978,87,2685,13365,100
2792501835402638,599978,87,2685,13365,100
2792501840527339,599978,87,2685,13365,100
2792501845649679,599978,87,2685,13365,100
2792501850773187,599978,87,2685,13365,100
2792501855917809,599978,87,2685,13365,100
2792501861042441,599978,87,2685,13365,100
2792501866165951,599978,87,2685,13365,100
2792501871289565,599978,87,2685,13365,100
2792501876418554,599978,87,2685,13365,100
2792501881548829,599978,87,2685,13365,100
2792501886671413,599978,87,2685,13365,100
2792501891796002,599978,87,2685,13365,100
2792501896920146,599978,87,2685,13365,100
2792501902043870,599978,87,2685,13365,100
2792501907167900,599978,87,2685,13365,100
2792501912289704,599978,87,2685,13365,100
2792501917412774,599978,87,2685,13365,100
2792501922531160,599978,87,2685,13365,100
2792501927648761,599978,87,2685,13365,100
2792501932766893,599978,87,2685,13365,100
2792501937887050,599978,87,2685,13365,100
2792501943021689,599978,87,2685,13365,100
2792501948139098,599978,87,2685,13365,100
2792501953256722,599978,87,2685,13365,100
2792501958374695,599978,87,2685,13365,100
2792501963492263,599978,87,2685,13365,100
2792501968610956,599978,87,2685,13365,100
2792501973728462,599978,87,2685,13365,100
2792501978848306,599978,87,2685,13365,100
2792501983965918,599978,87,2685,13365,100
2792501989083568,599978,87,2685,13365,100
2792501994200801,599978,87,2685,13365,100
2792501999318146,599978,87,2685,13365,100
2792502004435906,599978,87,2685,13365,100
2792502009555882,599978,87,2685,13365,100
2792502014673855,599978,87,2685,13365,100
2792502019792903,599978,87,2685,13365,100
2792502024910420,599978,87,2685,13365,100
2792502030028492,599978,87,2685,13365,100
2792502035146036,599978,87,2685,13365,100
2792502040263997,599978,87,2685,13365,100
2792502045381629,599978,87,2685,13365,100
2792502050499733,599978,87,2685,13365,100
2792502055617072,599978,87,2685,13365,100
2792502060734446,599978,87,2685,13365,100
2792502065851694,599978,87,2685,13365,100
2792502070970398,599978,87,2685,13365,100
2792502076089879,599978,87,2685,13365,100
2792502081207063,599978,87,2685,13365,100
2792502086324318,599978,87,2685,13365,100
2792502091442481,599978,87,2685,13365,100
2792502096561720,599978,87,2685,13365,100
2792502101681144,599978,87,2685,13365,100
2792502106799250,599978,87,2685,13365,100
2792502111918062,599978,87,2685,13365,100
2792502117036804,599978,87,2685,13365,100
2792502122155538,599978,87,2685,13365,100
2792502127273026,482448,86,2797,13365,100
2792502132393299,482448,86,2797,13365,100
2792502137510902,482448,86,2797,13365,100
2792502142628668,482448,86,2797,13365,100
2792502147746300,482448,86,2797,13365,100
2792502152863609,482448,86,2797,13365,100
2792502157980829,482448,86,2797,13365,100
2792502163118043,482448,86,2797,13365,100
2792502168235094,482448,86,2797,13365,100
2792502173353514,482448,86,2797,13365,100
2792502178470491,482448,86,2797,13365,100
2792502183587590,482448,86,2797,13365,100
2792502188704391,482448,86,2797,13365,100
2792502193824170,482448,86,2797,13365,100
2792502198940974,482448,86,2797,13365,100
2792502204057888,482448,86,2797,13365,100
2792502209174937,482448,86,2797,13365,100
2792502214291860,482448,86,2797,13365,100
2792502219408821,482448,86,2797,13365,100
2792502224529323,482448,86,2797,13365,100
2792502229660300,482448,86,2797,13365,100
2792502234777646,482448,86,2797,13365,100
2792502239894869,482448,86,2797,13365,100
2792502245033367,482448,86,2797,13365,100
2792502250151985,482448,86,2797,13365,100
2792502255269149,482448,86,2797,13365,100
2792502260386326,482448,86,2797,13365,100
2792502265503189,482448,86,2797,13365,100
2792502270620645,482448,86,2797,13365,100
2792502275739241,482448,86,2797,13365,100
2792502280858924,482448,86,2797,13365,100
2792502285976202,482448,86,2797,13365,100
2792502291093667,482448,86,2797,13365,100
2792502296210395,482448,86,2797,13365,100
2792502301327867,482448,86,2797,13365,100
2792502306445033,482448,86,2797,13365,100
2792502311564596,482448,86,2797,13365,100
2792502316681294,482448,86,2797,13365,100
2792502321797981,482448,86,2797,13365,100
2792502326916281,482448,86,2797,13365,100
2792502332033422,482448,86,2797,13365,100
2792502337150294,482448,86,2797,13365,100
2792502342267426,482448,86,2797,13365,100
2792502347385274,482448,86,2797,13365,100
2792502352502314,482448,86,2797,13365,100
2792502357619684,482448,86,2797,13365,100
2792502362736647,482448,86,2797,13365,100
2792502367853744,482448,86,2797,13365,100
2792502372973272,482448,86,2797,13365,100
2792502378092481,482448,86,2797,13365,100
2792502383210249,482448,86,2797,13365,100
2792502388327556,482448,86,2797,13365,100
2792502393445458,482448,86,2797,13365,100
2792502398562774,482448,86,2797,13365,100
2792502403680134,482448,86,2797,13365,100
2792502408797343,482448,86,2797,13365,100
2792502413916797,482448,86,2797,13365,100
2792502419033615,482448,86,2797,13365,100
2792502424150784,482448,86,2797,13365,100
2792502429269312,482448,86,2797,13365,100
2792502434387795,482448,86,2797,13365,100
2792502439505059,482448,86,2797,13365,100
2792502444622718,482448,86,2797,13365,100
2792502449740042,482448,86,2797,13365,100
2792502454856622,482448,86,2797,13365,100
2792502459974050,482448,86,2797,13365,100
2792502465093514,482448,86,2797,13365,100
2792502470210615,482448,86,2797,13365,100
2792502475327988,482448,86,2797,13365,100
2792502480446728,482448,86,2797,13365,100
2792502485563819,482448,86,2797,13365,100
2792502490680625,482448,86,2797,13365,100
2792502495800147,482448,86,2797,13365,100
2792502500917217,482448,86,2797,13365,100
2792502506034389,482448,86,2797,13365,100
2792502511168888,482448,86,2797,13365,100
2792502516286744,482448,86,2797,13365,100
2792502521404167,482448,86,2797,13365,100
2792502526521443,482448,86,2797,13365,100
2792502531641607,482448,86,2797,13365,100
2792502536758944,482448,86,2797,13365,100
2792502541876085,482448,86,2797,13365,100
2792502546993251,482448,86,2797,13365,100
2792502552142669,482448,86,2797,13365,100
2792502557259919,482448,86,2797,13365,100
2792502562376873,482448,86,2797,13365,100
2792502567494341,482448,86,2797,13365,100
2792502572611518,482448,86,2797,13365,100
2792502577728777,482448,86,2797,13365,100
2792502582849595,482448,86,2797,13365,100
2792502587966793,482448,86,2797,13365,100
2792502593083930,482448,86,2797,13365,100
2792502598201052,482448,86,2797,13365,100
2792502603318308,482448,86,2797,13365,100
2792502608435553,482448,86,2797,13365,100
2792502613552775,482448,86,2797,13365,100
2792502618683514,482448,86,2797,13365,100
2792502623804278,482448,86,2797,13365,100
2792502628921815,485679,87,2707,13365,100
2792502634042243,485679,87,2707,13365,100
2792502639159729,485679,87,2707,13365,100
2792502644277183,485679,87,2707,13365,100
2792502649394977,485679,87,2707,13365,100
2792502654511972,485679,87,2707,13365,100
2792502659628985,485679,87,2707,13365,100
2792502664746245,485679,87,2707,13365,100
2792502669863654,485679,87,2707,13365,100
2792502674980613,485679,87,2707,13365,100
2792502680119898,485679,87,2707,13365,100
2792502685238354,485679,87,2707,13365,100
2792502690355415,485679,87,2707,13365,100
2792502695472517,485679,87,2707,13365,100
2792502700589582,485679,87,2707,13365,100
2792502705706748,485679,87,2707,13365,100
2792502710825692,485679,87,2707,13365,100
2792502715943822,485679,87,2707,13365,100
2792502721061213,485679,87,2707,13365,100
2792502726178158,485679,87,2707,13365,100
2792502731295437,485679,87,2707,13365,100
2792502736414992,485679,87,2707,13365,100
2792502741535242,485679,87,2707,13365,100
2792502746653839,485679,87,2707,13365,100
2792502751773403,485679,87,2707,13365,100
2792502756891150,485679,87,2707,13365,100
2792502762028907,485679,87,2707,13365,100
2792502767146904,485679,87,2707,13365,100
2792502772264972,485679,87,2707,13365,100
2792502777382289,485679,87,2707,13365,100
2792502782500251,485679,87,2707,13365,100
2792502787619116,485679,87,2707,13365,100
2792502792736450,485679,87,2707,13365,100
2792502797853398,485679,87,2707,13365,100
2792502802970909,485679,87,2707,13365,100
2792502808088127,485679,87,2707,13365,100
2792502813205771,485679,87,2707,13365,100
2792502818323328,485679,87,2707,13365,100
2792502823440536,485679,87,2707,13365,100
2792502828560220,485679,87,2707,13365,100
2792502833677861,485679,87,2707,13365,100
2792502838796877,485679,87,2707,13365,100
2792502843914877,485679,87,2707,13365,100
2792502849032758,485679,87,2707,13365,100
2792502854150122,485679,87,2707,13365,100
2792502859267103,485679,87,2707,13365,100
2792502864384591,485679,87,2707,13365,100
2792502869501986,485679,87,2707,13365,100
2792502874619056,485679,87,2707,13365,100
2792502879736536,485679,87,2707,13365,100
2792502884853788,485679,87,2707,13365,100
2792502889972689,485679,87,2707,13365,100
2792502895091431,485679,87,2707,13365,100
2792502900208766,485679,87,2707,13365,100
2792502905325950,485679,87,2707,13365,100
2792502910443290,485679,87,2707,13365,100
2792502915560531,485679,87,2707,13365,100
2792502920677815,485679,87,2707,13365,100
2792502925797519,485679,87,2707,13365,100
2792502930915004,485679,87,2707,13365,100
2792502936032332,485679,87,2707,13365,100
2792502941117437,485679,87,2707,13365,100
2792502946234366,485679,87,2707,13365,100
2792502951351936,485679,87,2707,13365,100
2792502956469098,485679,87,2707,13365,100
2792502961588632,485679,87,2707,13365,100
2792502966705876,485679,87,2707,13365,100
2792502971823827,485679,87,2707,13365,100
2792502976941003,485679,87,2707,13365,100
2792502982058100,485679,87,2707,13365,100
2792502987175821,485679,87,2707,13365,100
2792502992295764,485679,87,2707,13365,100
2792502997414405,485679,87,2707,13365,100
2792503002531505,485679,87,2707,13365,100
2792503007648573,485679,87,2707,13365,100
2792503012765478,485679,87,2707,13365,100
2792503017882898,485679,87,2707,13365,100
2792503023024211,485679,87,2707,13365,100
2792503028143031,485679,87,2707,13365,100
2792503033260619,485679,87,2707,13365,100
2792503038378430,485679,87,2707,13365,100
2792503043497612,485679,87,2707,13365,100
2792503048614957,485679,87,2707,13365,100
2792503053732963,485679,87,2707,13365,100
2792503058852502,485679,87,2707,13365,100
2792503063970712,485679,87,2707,13365,100
2792503069087724,485679,87,2707,13365,100
2792503074204781,485679,87,2707,13365,100
2792503079322363,485679,87,2707,13365,100
2792503084439359,485679,87,2707,13365,100
2792503089558063,485679,87,2707,13365,100
2792503094677018,485679,87,2707,13365,100
2792503099793956,485679,87,2707,13365,100
2792503104911345,485679,87,2707,13365,100
2792503110028361,485679,87,2707,13365,100
2792503115145574,485679,87,2707,13365,100
2792503120262829,485679,87,2707,13365,100
2792503125382654,485679,87,2707,13365,100
2792503130499767,603610,87,2685,13365,100
2792503135618795,603610,87,2685,13365,100
2792503140735923,603610,87,2685,13365,100
2792503145854662,603610,87,2685,13365,100
2792503150971616,603610,87,2685,13365,100
2792503156089604,603610,87,2685,13365,100
2792503161207313,603610,87,2685,13365,100
2792503166341905,603610,87,2685,13365,100
2792503171458883,603610,87,2685,13365,100
2792503176576086,603610,87,2685,13365,100
2792503181693610,603610,87,2685,13365,100
2792503186810990,603610,87,2685,13365,100
2792503191929694,603610,87,2685,13365,100
2792503197048919,603610,87,2685,13365,100
2792503202166119,603610,87,2685,13365,100
2792503207283694,603610,87,2685,13365,100
2792503212401492,603610,87,2685,13365,100
2792503217518552,603610,87,2685,13365,100
2792503222637215,603610,87,2685,13365,100
2792503227755490,603610,87,2685,13365,100
2792503232872609,603610,87,2685,13365,100
2792503237989998,603610,87,2685,13365,100
2792503243132999,603610,87,2685,13365,100
2792503248254487,603610,87,2685,13365,100
2792503253374353,603610,87,2685,13365,100
2792503258492527,603610,87,2685,13365,100
2792503263611742,603610,87,2685,13365,100
2792503268731146,603610,87,2685,13365,100
2792503273850740,603610,87,2685,13365,100
2792503278968101,603610,87,2685,13365,100
2792503284085734,603610,87,2685,13365,100
2792503289203071,603610,87,2685,13365,100
2792503294320966,603610,87,2685,13365,100
2792503299440218,603610,87,2685,13365,100
2792503304559586,603610,87,2685,13365,100
2792503309695427,603610,87,2685,13365,100
2792503314812539,603610,87,2685,13365,100
2792503319930388,603610,87,2685,13365,100
2792503325048356,603610,87,2685,13365,100
2792503330166660,603610,87,2685,13365,100
2792503335285109,603610,87,2685,13365,100
2792503340402995,603610,87,2685,13365,100
2792503345522170,603610,87,2685,13365,100
2792503350641025,603610,87,2685,13365,100
2792503355758222,603610,87,2685,13365,100
2792503360877045,603610,87,2685,13365,100
2792503365996811,603610,87,2685,13365,100
2792503371135539,603610,87,2685,13365,100
2792503376252679,603610,87,2685,13365,100
2792503381369800,603610,87,2685,13365,100
2792503386486766,603610,87,2685,13365,100
2792503391604113,603610,87,2685,13365,100
2792503396721521,603610,87,2685,13365,100
2792503401842709,603610,87,2685,13365,100
2792503406960273,603610,87,2685,13365,100
2792503412077554,603610,87,2685,13365,100
2792503417194331,603610,87,2685,13365,100
2792503422311570,603610,87,2685,13365,100
2792503427428843,603610,87,2685,13365,100
2792503432547084,603610,87,2685,13365,100
2792503437665798,603610,87,2685,13365,100
2792503442783336,603610,87,2685,13365,100
2792503447900299,603610,87,2685,13365,100
2792503453037823,603610,87,2685,13365,100
2792503458156362,603610,87,2685,13365,100
2792503463273406,603610,87,2685,13365,100
2792503468391009,603610,87,2685,13365,100
2792503473508342,603610,87,2685,13365,100
2792503478625374,603610,87,2685,13365,100
2792503483742299,603610,87,2685,13365,100
2792503488862356,603610,87,2685,13365,100
2792503493979424,603610,87,2685,13365,100
2792503499097721,603610,87,2685,13365,100
2792503504216501,603610,87,2685,13365,100
2792503509333664,603610,87,2685,13365,100
2792503514451194,603610,87,2685,13365,100
2792503519570918,603610,87,2685,13365,100
2792503524688630,603610,87,2685,13365,100
2792503529805390,603610,87,2685,13365,100
2792503534922679,603610,87,2685,13365,100
2792503540040147,603610,87,2685,13365,100
2792503545159882,603610,87,2685,13365,100
2792503550277068,603610,87,2685,13365,100
2792503555395965,603610,87,2685,13365,100
2792503560513313,603610,87,2685,13365,100
2792503565630165,603610,87,2685,13365,100
2792503570747313,603610,87,2685,13365,100
2792503575864521,603610,87,2685,13365,100
2792503580982312,603610,87,2685,13365,100
2792503586118591,603610,87,2685,13365,100
2792503591235611,603610,87,2685,13365,100
2792503596352963,603610,87,2685,13365,100
2792503601470612,603610,87,2685,13365,100
2792503606593284,603610,87,2685,13365,100
2792503611711013,603610,87,2685,13365,100
2792503616828196,603610,87,2685,13365,100
2792503621948077,603610,87,2685,13365,100
2792503627065839,600020,87,2685,13365,100
2792503632185096,600020,87,2685,13365,100
2792503637302066,600020,87,2685,13365,100
2792503642419166,600020,87,2685,13365,100
2792503647536331,600020,87,2685,13365,100
2792503652656488,600020,87,2685,13365,100
2792503657775278,600020,87,2685,13365,100
2792503662892442,600020,87,2685,13365,100
2792503668026576,600020,87,2685,13365,100
2792503673144880,600020,87,2685,13365,100
2792503678262368,600020,87,2685,13365,100
2792503683380047,600020,87,2685,13365,100
2792503688497402,600020,87,2685,13365,100
2792503693614670,600020,87,2685,13365,100
2792503698732327,600020,87,2685,13365,100
2792503703851215,600020,87,2685,13365,100
2792503708969759,600020,87,2685,13365,100
2792503714086966,600020,87,2685,13365,100
2792503719204023,600020,87,2685,13365,100
2792503724320894,600020,87,2685,13365,100
2792503729438232,600020,87,2685,13365,100
2792503734556313,600020,87,2685,13365,100
2792503739673567,600020,87,2685,13365,100
2792503744790605,600020,87,2685,13365,100
2792503749908066,600020,87,2685,13365,100
2792503755025261,600020,87,2685,13365,100
2792503760144223,600020,87,2685,13365,100
2792503765261299,600020,87,2685,13365,100
2792503770380539,600020,87,2685,13365,100
2792503775497846,600020,87,2685,13365,100
2792503780615121,600020,87,2685,13365,100
2792503785732286,600020,87,2685,13365,100
2792503790849577,600020,87,2685,13365,100
2792503795966470,600020,87,2685,13365,100
2792503801084530,600020,87,2685,13365,100
2792503806201744,600020,87,2685,13365,100
2792503811320202,600020,87,2685,13365,100
2792503816437193,600020,87,2685,13365,100
2792503821571939,600020,87,2685,13365,100
2792503826689315,600020,87,2685,13365,100
2792503831806374,600020,87,2685,13365,100
2792503836923272,600020,87,2685,13365,100
2792503842041217,600020,87,2685,13365,100
2792503847158934,600020,87,2685,13365,100
2792503852276077,600020,87,2685,13365,100
2792503857393348,600020,87,2685,13365,100
2792503862512107,600020,87,2685,13365,100
2792503867631130,600020,87,2685,13365,100
2792503872748083,600020,87,2685,13365,100
2792503877865095,600020,87,2685,13365,100
2792503882982897,600020,87,2685,13365,100
2792503888125484,600020,87,2685,13365,100
2792503893259024,600020,87,2685,13365,100
2792503898376283,600020,87,2685,13365,100
2792503903493733,600020,87,2685,13365,100
2792503908611053,600020,87,2685,13365,100
2792503913729665,600020,87,2685,13365,100
2792503918848528,600020,87,2685,13365,100
2792503923966810,600020,87,2685,13365,100
2792503929084283,600020,87,2685,13365,100
2792503934201899,600020,87,2685,13365,100
2792503939318803,600020,87,2685,13365,100
2792503944437276,600020,87,2685,13365,100
2792503949555576,600020,87,2685,13365,100
2792503954673496,600020,87,2685,13365,100
2792503959791043,600020,87,2685,13365,100
2792503964909554,600020,87,2685,13365,100
2792503970027033,600020,87,2685,13365,100
2792503975144736,600020,87,2685,13365,100
2792503980277471,600020,87,2685,13365,100
2792503985397317,600020,87,2685,13365,100
2792503990514283,600020,87,2685,13365,100
2792503995631239,600020,87,2685,13365,100
2792504000748503,600020,87,2685,13365,100
2792504005865274,600020,87,2685,13365,100
2792504010982679,600020,87,2685,13365,100
2792504016126197,600020,87,2685,13365,100
2792504021243237,600020,87,2685,13365,100
2792504026359992,600020,87,2685,13365,100
2792504031476929,600020,87,2685,13365,100
2792504036594319,600020,87,2685,13365,100
2792504041711854,600020,87,2685,13365,100
2792504046831202,600020,87,2685,13365,100
2792504051948263,600020,87,2685,13365,100
2792504057066124,600020,87,2685,13365,100
2792504062183032,600020,87,2685,13365,100
2792504067301647,600020,87,2685,13365,100
2792504072418604,600020,87,2685,13365,100
2792504077538261,600020,87,2685,13365,100
2792504082655438,600020,87,2685,13365,100
2792504087773242,600020,87,2685,13365,100
2792504092890388,600020,87,2685,13365,100
2792504098030520,600020,87,2685,13365,100
2792504103147679,600020,87,2685,13365,100
2792504108265751,600020,87,2685,13365,100
2792504113383639,600020,87,2685,13365,100
2792504118503156,600020,87,2685,13365,100
2792504123620740,600020,87,2685,13365,100
2792504128738193,599979,87,2685,13365,100
2792504133857173,599979,87,2685,13365,100
2792504138974261,599979,87,2685,13365,100
2792504144093586,599979,87,2685,13365,100
2792504149210782,599979,87,2685,13365,100
2792504154327679,599979,87,2685,13365,100
2792504159444798,599979,87,2685,13365,100
2792504164563079,599979,87,2685,13365,100
2792504169681696,599979,87,2685,13365,100
2792504174800888,599979,87,2685,13365,100
2792504179918470,599979,87,2685,13365,100
2792504185036349,599979,87,2685,13365,100
2792504190153471,599979,87,2685,13365,100
2792504195270565,599979,87,2685,13365,100
2792504200388582,599979,87,2685,13365,100
2792504205506238,599979,87,2685,13365,100
2792504210625911,599979,87,2685,13365,100
2792504215743803,599979,87,2685,13365,100
2792504220864137,599979,87,2685,13365,100
2792504225982196,599979,87,2685,13365,100
2792504231124826,599979,87,2685,13365,100
2792504236242118,599979,87,2685,13365,100
2792504241359413,599979,87,2685,13365,100
2792504246476894,599979,87,2685,13365,100
2792504251594642,599979,87,2685,13365,100
2792504256712021,599979,87,2685,13365,100
2792504261831572,599979,87,2685,13365,100
2792504266949082,599979,87,2685,13365,100
2792504272068223,599979,87,2685,13365,100
2792504277185527,599979,87,2685,13365,100
2792504282302879,599979,87,2685,13365,100
2792504287420488,599979,87,2685,13365,100
2792504292540020,599979,87,2685,13365,100
2792504297657385,599979,87,2685,13365,100
2792504302774557,599979,87,2685,13365,100
2792504307891681,599979,87,2685,13365,100
2792504313031805,599979,87,2685,13365,100
2792504318150350,599979,87,2685,13365,100
2792504323269305,599979,87,2685,13365,100
2792504328386603,599979,87,2685,13365,100
2792504333503651,599979,87,2685,13365,100
2792504338620698,599979,87,2685,13365,100
2792504343737875,599979,87,2685,13365,100
2792504348857334,599979,87,2685,13365,100
2792504353974249,599979,87,2685,13365,100
2792504359091445,599979,87,2685,13365,100
2792504364208400,599979,87,2685,13365,100
2792504369325573,599979,87,2685,13365,100
2792504374445223,599979,87,2685,13365,100
2792504379563280,599979,87,2685,13365,100
2792504384680395,599979,87,2685,13365,100
2792504389797769,599979,87,2685,13365,100
2792504394914808,599979,87,2685,13365,100
2792504400032110,599979,87,2685,13365,100
2792504405149235,599979,87,2685,13365,100
2792504410268245,599979,87,2685,13365,100
2792504415385603,599979,87,2685,13365,100
2792504420502817,599979,87,2685,13365,100
2792504425621338,599979,87,2685,13365,100
2792504430738658,599979,87,2685,13365,100
2792504435855894,599979,87,2685,13365,100
2792504440973865,599979,87,2685,13365,100
2792504446095799,599979,87,2685,13365,100
2792504451213583,599979,87,2685,13365,100
2792504456330572,599979,87,2685,13365,100
2792504461447816,599979,87,2685,13365,100
2792504466565140,599979,87,2685,13365,100
2792504471691606,599979,87,2685,13365,100
2792504476830541,599979,87,2685,13365,100
2792504481947498,599979,87,2685,13365,100
2792504487064624,599979,87,2685,13365,100
2792504492181967,599979,87,2685,13365,100
2792504497298923,599979,87,2685,13365,100
2792504502416375,599979,87,2685,13365,100
2792504507533587,599979,87,2685,13365,100
2792504512651092,599979,87,2685,13365,100
2792504517768540,599979,87,2685,13365,100
2792504522885544,599979,87,2685,13365,100
2792504528035368,599979,87,2685,13365,100
2792504533153858,599979,87,2685,13365,100
2792504538270853,599979,87,2685,13365,100
2792504543388034,599979,87,2685,13365,100
2792504548505266,599979,87,2685,13365,100
2792504553622381,599979,87,2685,13365,100
2792504558739433,599979,87,2685,13365,100
2792504563859003,599979,87,2685,13365,100
2792504568976328,599979,87,2685,13365,100
2792504574093673,599979,87,2685,13365,100
2792504579212197,599979,87,2685,13365,100
2792504584329421,599979,87,2685,13365,100
2792504589446606,599979,87,2685,13365,100
2792504594565258,599979,87,2685,13365,100
2792504599682520,599979,87,2685,13365,100
2792504604800039,599979,87,2685,13365,100
2792504609916902,599979,87,2685,13365,100
2792504615034027,599979,87,2685,13365,100
2792504620151023,599979,87,2685,13365,100
2792504625268015,599979,87,2685,13365,100
2792504630388836,599993,87,2685,13365,100
2792504635507971,599993,87,2685,13365,100
2792504640624928,599993,87,2685,13365,100
2792504645742041,599993,87,2685,13365,100
2792504650859324,599993,87,2685,13365,100
2792504655976554,599993,87,2685,13365,100
2792504661101598,599993,87,2685,13365,100
2792504666219167,599993,87,2685,13365,100
2792504671336991,599993,87,2685,13365,100
2792504676454351,599993,87,2685,13365,100
2792504681573072,599993,87,2685,13365,100
2792504686690224,599993,87,2685,13365,100
2792504691807817,599993,87,2685,13365,100
2792504696927317,599993,87,2685,13365,100
2792504702044315,599993,87,2685,13365,100
2792504707161525,599993,87,2685,13365,100
2792504712278582,599993,87,2685,13365,100
2792504717396163,599993,87,2685,13365,100
2792504722513355,599993,87,2685,13365,100
2792504727632984,599993,87,2685,13365,100
2792504732752123,599993,87,2685,13365,100
2792504737871672,599993,87,2685,13365,100
2792504742989204,599993,87,2685,13365,100
2792504748125147,599993,87,2685,13365,100
2792504753242991,599993,87,2685,13365,100
2792504758360043,599993,87,2685,13365,100
2792504763477338,599993,87,2685,13365,100
2792504768594246,599993,87,2685,13365,100
2792504773711707,599993,87,2685,13365,100
2792504778831362,599993,87,2685,13365,100
2792504783950511,599993,87,2685,13365,100
2792504789067387,599993,87,2685,13365,100
2792504794184744,599993,87,2685,13365,100
2792504799301944,599993,87,2685,13365,100
2792504804419895,599993,87,2685,13365,100
2792504809538933,599993,87,2685,13365,100
2792504814656464,599993,87,2685,13365,100
2792504819773674,599993,87,2685,13365,100
2792504824890607,599993,87,2685,13365,100
2792504830029246,599993,87,2685,13365,100
2792504835148314,599993,87,2685,13365,100
2792504840265459,599993,87,2685,13365,100
2792504845382439,599993,87,2685,13365,100
2792504850499434,599993,87,2685,13365,100
2792504855616548,599993,87,2685,13365,100
2792504860733803,599993,87,2685,13365,100
2792504865852781,599993,87,2685,13365,100
2792504870978733,599993,87,2685,13365,100
2792504876097950,599993,87,2685,13365,100
2792504881214880,599993,87,2685,13365,100
2792504886338726,599993,87,2685,13365,100
2792504891455722,599993,87,2685,13365,100
2792504896573159,599993,87,2685,13365,100
2792504901690356,599993,87,2685,13365,100
2792504906807762,599993,87,2685,13365,100
2792504911925021,599993,87,2685,13365,100
2792504917042597,599993,87,2685,13365,100
2792504922159865,599993,87,2685,13365,100
2792504927277009,599993,87,2685,13365,100
2792504932394898,599993,87,2685,13365,100
2792504937513458,599993,87,2685,13365,100
2792504942631800,599993,87,2685,13365,100
2792504947748917,599993,87,2685,13365,100
2792504952866381,599993,87,2685,13365,100
2792504957983666,599993,87,2685,13365,100
2792504963125910,599993,87,2685,13365,100
2792504968243014,599993,87,2685,13365,100
2792504973378808,599993,87,2685,13365,100
2792504978496336,599993,87,2685,13365,100
2792504983613307,599993,87,2685,13365,100
2792504988731957,599993,87,2685,13365,100
2792504993849242,599993,87,2685,13365,100
2792504998966470,599993,87,2685,13365,100
2792505004083899,599993,87,2685,13365,100
2792505009202123,599993,87,2685,13365,100
2792505014319487,599993,87,2685,13365,100
2792505019436538,599993,87,2685,13365,100
2792505024553502,599993,87,2685,13365,100
2792505029686472,599993,87,2685,13365,100
2792505034803360,599993,87,2685,13365,100
2792505039923797,599993,87,2685,13365,100
2792505045040858,599993,87,2685,13365,100
2792505050158090,599993,87,2685,13365,100
2792505055275422,599993,87,2685,13365,100
2792505060392806,599993,87,2685,13365,100
2792505065510879,599993,87,2685,13365,100
2792505070629971,599993,87,2685,13365,100
2792505075747319,599993,87,2685,13365,100
2792505080864668,599993,87,2685,13365,100
2792505085982009,599993,87,2685,13365,100
2792505091125572,599993,87,2685,13365,100
2792505096243065,599993,87,2685,13365,100
2792505101360729,599993,87,2685,13365,100
2792505106478025,599993,87,2685,13365,100
2792505111595206,599993,87,2685,13365,100
2792505116712866,599993,87,2685,13365,100
2792505121832265,599993,87,2685,13365,100
2792505126949797,599985,87,2685,13365,100
2792505132085983,599985,87,2685,13365,100
2792505137204156,599985,87,2685,13365,100
2792505142322776,599985,87,2685,13365,100
2792505147440247,599985,87,2685,13365,100
2792505152558773,599985,87,2685,13365,100
2792505157676334,599985,87,2685,13365,100
2792505162793509,599985,87,2685,13365,100
2792505167910886,599985,87,2685,13365,100
2792505173028503,599985,87,2685,13365,100
2792505178145973,599985,87,2685,13365,100
2792505183262951,599985,87,2685,13365,100
2792505188381851,599985,87,2685,13365,100
2792505193501392,599985,87,2685,13365,100
2792505198618429,599985,87,2685,13365,100
2792505203736493,599985,87,2685,13365,100
2792505208856625,599985,87,2685,13365,100
2792505213974577,599985,87,2685,13365,100
2792505219094395,599985,87,2685,13365,100
2792505224214346,599985,87,2685,13365,100
2792505229334426,599985,87,2685,13365,100
2792505234452823,599985,87,2685,13365,100
2792505239572739,599985,87,2685,13365,100
2792505244694104,599985,87,2685,13365,100
2792505249813376,599985,87,2685,13365,100
2792505254932988,599985,87,2685,13365,100
2792505260077312,599985,87,2685,13365,100
2792505265226681,599985,87,2685,13365,100
2792505270347633,599985,87,2685,13365,100
2792505275468861,599985,87,2685,13365,100
2792505280587654,599985,87,2685,13365,100
2792505285705594,599985,87,2685,13365,100
2792505290825230,599985,87,2685,13365,100
2792505295944813,599985,87,2685,13365,100
2792505301062292,599985,87,2685,13365,100
2792505306179469,599985,87,2685,13365,100
2792505311296594,599985,87,2685,13365,100
2792505316413560,599985,87,2685,13365,100
2792505321532553,599985,87,2685,13365,100
2792505326650661,599985,87,2685,13365,100
2792505331768533,599985,87,2685,13365,100
2792505336885594,599985,87,2685,13365,100
2792505342022260,599985,87,2685,13365,100
2792505347142391,599985,87,2685,13365,100
2792505352260161,599985,87,2685,13365,100
2792505357377393,599985,87,2685,13365,100
2792505362494315,599985,87,2685,13365,100
2792505367611276,599985,87,2685,13365,100
2792505372728148,599985,87,2685,13365,100
2792505377848057,599985,87,2685,13365,100
2792505382965621,599985,87,2685,13365,100
2792505388082841,599985,87,2685,13365,100
2792505393200270,599985,87,2685,13365,100
2792505398318926,599985,87,2685,13365,100
2792505403436245,599985,87,2685,13365,100
2792505408555028,599985,87,2685,13365,100
2792505413672348,599985,87,2685,13365,100
2792505418789605,599985,87,2685,13365,100
2792505423906892,599985,87,2685,13365,100
2792505429024226,599985,87,2685,13365,100
2792505434141364,599985,87,2685,13365,100
2792505439258369,599985,87,2685,13365,100
2792505444376118,599985,87,2685,13365,100
2792505449494658,599985,87,2685,13365,100
2792505454612658,599985,87,2685,13365,100
2792505459730093,599985,87,2685,13365,100
2792505464847615,599985,87,2685,13365,100
2792505469964647,599985,87,2685,13365,100
2792505475084011,599985,87,2685,13365,100
2792505480201130,599985,87,2685,13365,100
2792505485318108,599985,87,2685,13365,100
2792505490435346,599985,87,2685,13365,100
2792505495552311,599985,87,2685,13365,100
2792505500671062,599985,87,2685,13365,100
2792505505788352,599985,87,2685,13365,100
2792505510905126,599985,87,2685,13365,100
2792505516022235,599985,87,2685,13365,100
2792505521151259,599985,87,2685,13365,100
2792505526268789,599985,87,2685,13365,100
2792505531385847,599985,87,2685,13365,100
2792505536503471,599985,87,2685,13365,100
2792505541622936,599985,87,2685,13365,100
2792505546740693,599985,87,2685,13365,100
2792505551859186,599985,87,2685,13365,100
2792505556976398,599985,87,2685,13365,100
2792505562093962,599985,87,2685,13365,100
2792505567211172,599985,87,2685,13365,100
2792505572339249,599985,87,2685,13365,100
2792505577456643,599985,87,2685,13365,100
2792505582574207,599985,87,2685,13365,100
2792505587691511,599985,87,2685,13365,100
2792505592822056,599985,87,2685,13365,100
2792505597939438,599985,87,2685,13365,100
2792505603062115,599985,87,2685,13365,100
2792505608179939,599985,87,2685,13365,100
2792505613296985,599985,87,2685,13365,100
2792505618420862,599985,87,2685,13365,100
2792505623538438,599985,87,2685,13365,100
2792505628655542,599958,87,2685,13365,100
2792505633775107,599958,87,2685,13365,100
2792505638892511,599958,87,2685,13365,100
2792505644033028,599958,87,2685,13365,100
2792505649151300,599958,87,2685,13365,100
2792505654269864,599958,87,2685,13365,100
2792505659387157,599958,87,2685,13365,100
2792505664504385,599958,87,2685,13365,100
2792505669622653,599958,87,2685,13365,100
2792505674739881,599958,87,2685,13365,100
2792505679858210,599958,87,2685,13365,100
2792505684975830,599958,87,2685,13365,100
2792505690093389,599958,87,2685,13365,100
2792505695211183,599958,87,2685,13365,100
2792505700328067,599958,87,2685,13365,100
2792505705446682,599958,87,2685,13365,100
2792505710571812,599958,87,2685,13365,100
2792505715699680,599958,87,2685,13365,100
2792505720816997,599958,87,2685,13365,100
2792505725934353,599958,87,2685,13365,100
2792505731051737,599958,87,2685,13365,100
2792505736168726,599958,87,2685,13365,100
2792505741286232,599958,87,2685,13365,100
2792505746405266,599958,87,2685,13365,100
2792505751522631,599958,87,2685,13365,100
2792505756641435,599958,87,2685,13365,100
2792505761758812,599958,87,2685,13365,100
2792505766875652,599958,87,2685,13365,100
2792505771992501,599958,87,2685,13365,100
2792505777132592,599958,87,2685,13365,100
2792505782249909,599958,87,2685,13365,100
2792505787384472,599958,87,2685,13365,100
2792505792501794,599958,87,2685,13365,100
2792505797618910,599958,87,2685,13365,100
2792505802736198,599958,87,2685,13365,100
2792505807856111,599958,87,2685,13365,100
2792505812973155,599958,87,2685,13365,100
2792505818090556,599958,87,2685,13365,100
2792505823207732,599958,87,2685,13365,100
2792505828325106,599958,87,2685,13365,100
2792505833442004,599958,87,2685,13365,100
2792505838561033,599958,87,2685,13365,100
2792505843678209,599958,87,2685,13365,100
2792505848795026,599958,87,2685,13365,100
2792505853913054,599958,87,2685,13365,100
2792505859032180,599958,87,2685,13365,100
2792505864148970,599958,87,2685,13365,100
2792505869266296,599958,87,2685,13365,100
2792505874385299,599958,87,2685,13365,100
2792505879518272,599958,87,2685,13365,100
2792505884635508,599958,87,2685,13365,100
2792505889752399,599958,87,2685,13365,100
2792505894869793,599958,87,2685,13365,100
2792505899987821,599958,87,2685,13365,100
2792505905129901,599958,87,2685,13365,100
2792505910249676,599958,87,2685,13365,100
2792505915367020,599958,87,2685,13365,100
2792505920484527,599958,87,2685,13365,100
2792505925601363,599958,87,2685,13365,100
2792505930718107,599958,87,2685,13365,100
2792505935837147,599958,87,2685,13365,100
2792505940958342,599958,87,2685,13365,100
2792505946076187,599958,87,2685,13365,100
2792505951193144,599958,87,2685,13365,100
2792505956310315,599958,87,2685,13365,100
2792505961428866,599958,87,2685,13365,100
2792505966548150,599958,87,2685,13365,100
2792505971665322,599958,87,2685,13365,100
2792505976785351,599958,87,2685,13365,100
2792505981902117,599958,87,2685,13365,100
2792505987020135,599958,87,2685,13365,100
2792505992137715,599958,87,2685,13365,100
2792505997255505,599958,87,2685,13365,100
2792506002372664,599958,87,2685,13365,100
2792506007491972,599958,87,2685,13365,100
2792506012610778,599958,87,2685,13365,100
2792506017728270,599958,87,2685,13365,100
2792506022845102,599958,87,2685,13365,100
2792506027962298,599958,87,2685,13365,100
2792506033079969,599958,87,2685,13365,100
2792506038197693,599958,87,2685,13365,100
2792506043317039,599958,87,2685,13365,100
2792506048434336,599958,87,2685,13365,100
2792506053551257,599958,87,2685,13365,100
2792506058668645,599958,87,2685,13365,100
2792506063787077,599958,87,2685,13365,100
2792506068904381,599958,87,2685,13365,100
2792506074023930,599958,87,2685,13365,100
2792506079141190,599958,87,2685,13365,100
2792506084258403,599958,87,2685,13365,100
2792506089375339,599958,87,2685,13365,100
2792506094492493,599958,87,2685,13365,100
2792506099609520,599958,87,2685,13365,100
2792506104726310,599958,87,2685,13365,100
2792506109845812,599958,87,2685,13365,100
2792506114964771,599958,87,2685,13365,100
2792506120084305,599958,87,2685,13365,100
2792506125203854,599958,87,2685,13365,100
2792506130322954,599969,87,2685,13365,100
2792506135443598,599969,87,2685,13365,100
2792506140561682,599969,87,2685,13365,100
2792506145679259,599969,87,2685,13365,100
2792506150797075,599969,87,2685,13365,100
2792506155912366,599969,87,2685,13365,100
2792506161027374,599969,87,2685,13365,100
2792506166143516,599969,87,2685,13365,100
2792506171257945,599969,87,2685,13365,100
2792506176372073,599969,87,2685,13365,100
2792506181488062,599969,87,2685,13365,100
2792506186601806,599969,87,2685,13365,100
2792506191715264,599969,87,2685,13365,100
2792506196828210,599969,87,2685,13365,100
2792506201942925,599969,87,2685,13365,100
2792506207070930,599969,87,2685,13365,100
2792506212191394,599969,87,2685,13365,100
2792506217305736,599969,87,2685,13365,100
2792506222418988,599969,87,2685,13365,100
2792506227532537,599969,87,2685,13365,100
2792506232647992,599969,87,2685,13365,100
2792506237762110,599969,87,2685,13365,100
2792506242876115,599969,87,2685,13365,100
2792506247990439,599969,87,2685,13365,100
2792506253124979,599969,87,2685,13365,100
2792506258240063,599969,87,2685,13365,100
2792506263355645,599969,87,2685,13365,100
2792506268472492,599969,87,2685,13365,100
2792506273588467,599969,87,2685,13365,100
2792506278703924,599969,87,2685,13365,100
2792506283821770,599969,87,2685,13365,100
2792506288937889,599969,87,2685,13365,100
2792506294054414,599969,87,2685,13365,100
2792506299170574,599969,87,2685,13365,100
2792506304287775,599969,87,2685,13365,100
2792506309404765,599969,87,2685,13365,100
2792506314523995,599969,87,2685,13365,100
2792506319642228,599969,87,2685,13365,100
2792506324759320,599969,87,2685,13365,100
2792506329876295,599969,87,2685,13365,100
2792506334993547,599969,87,2685,13365,100
2792506340134265,599969,87,2685,13365,100
2792506345251613,599969,87,2685,13365,100
2792506350368718,599969,87,2685,13365,100
2792506355485950,599969,87,2685,13365,100
2792506360602907,599969,87,2685,13365,100
2792506365740438,599969,87,2685,13365,100
2792506370859107,599969,87,2685,13365,100
2792506375976736,599969,87,2685,13365,100
2792506381093986,599969,87,2685,13365,100
2792506386211012,599969,87,2685,13365,100
2792506391328053,599969,87,2685,13365,100
2792506396445249,599969,87,2685,13365,100
2792506401564416,599969,87,2685,13365,100
2792506406681540,599969,87,2685,13365,100
2792506411798394,599969,87,2685,13365,100
2792506416916171,599969,87,2685,13365,100
2792506422034673,599969,87,2685,13365,100
2792506427151785,599969,87,2685,13365,100
2792506432268635,599969,87,2685,13365,100
2792506437386046,599969,87,2685,13365,100
2792506442489084,599969,87,2685,13365,100
2792506447605325,599969,87,2685,13365,100
2792506452722561,599969,87,2685,13365,100
2792506457840253,599969,87,2685,13365,100
2792506462968681,599969,87,2685,13365,100
2792506468088340,599969,87,2685,13365,100
2792506473207139,599969,87,2685,13365,100
2792506478324443,599969,87,2685,13365,100
2792506483441888,599969,87,2685,13365,100
2792506488559124,599969,87,2685,13365,100
2792506493676928,599969,87,2685,13365,100
2792506498796681,599969,87,2685,13365,100
2792506503914145,599969,87,2685,13365,100
2792506509031257,599969,87,2685,13365,100
2792506514148498,599969,87,2685,13365,100
2792506519266554,599969,87,2685,13365,100
2792506524384946,599969,87,2685,13365,100
2792506529502214,599969,87,2685,13365,100
2792506534619264,599969,87,2685,13365,100
2792506539736534,599969,87,2685,13365,100
2792506544854028,599969,87,2685,13365,100
2792506549971924,599969,87,2685,13365,100
2792506555091636,599969,87,2685,13365,100
2792506560208871,599969,87,2685,13365,100
2792506565325965,599969,87,2685,13365,100
2792506570443038,599969,87,2685,13365,100
2792506575561674,599969,87,2685,13365,100
2792506580678531,599969,87,2685,13365,100
2792506585797826,599969,87,2685,13365,100
2792506590915307,599969,87,2685,13365,100
2792506596033280,599969,87,2685,13365,100
2792506601150484,599969,87,2685,13365,100
2792506606267536,599969,87,2685,13365,100
2792506611385057,599969,87,2685,13365,100
2792506616502199,599969,87,2685,13365,100
2792506621619351,599969,87,2685,13365,100
2792506626737617,600020,87,2685,13365,100
2792506631856246,600020,87,2685,13365,100
2792506636973891,600020,87,2685,13365,100
2792506642090841,600020,87,2685,13365,100
2792506647207811,600020,87,2685,13365,100
2792506652324884,600020,87,2685,13365,100
2792506657421576,600020,87,2685,13365,100
2792506662539241,600020,87,2685,13365,100
2792506667656405,600020,87,2685,13365,100
2792506672776173,600020,87,2685,13365,100
2792506677897439,600020,87,2685,13365,100
2792506683030082,600020,87,2685,13365,100
2792506688150626,600020,87,2685,13365,100
2792506693270859,600020,87,2685,13365,100
2792506698390671,600020,87,2685,13365,100
2792506703527181,600020,87,2685,13365,100
2792506708653538,600020,87,2685,13365,100
2792506713770608,600020,87,2685,13365,100
2792506718889936,600020,87,2685,13365,100
2792506724025289,600020,87,2685,13365,100
2792506729146257,600020,87,2685,13365,100
2792506734265837,600020,87,2685,13365,100
2792506739383873,600020,87,2685,13365,100
2792506744503398,600020,87,2685,13365,100
2792506749621286,600020,87,2685,13365,100
2792506754739959,600020,87,2685,13365,100
2792506759857827,600020,87,2685,13365,100
2792506764975466,600020,87,2685,13365,100
2792506770092339,600020,87,2685,13365,100
2792506775211104,600020,87,2685,13365,100
2792506780330119,600020,87,2685,13365,100
2792506785447545,600020,87,2685,13365,100
2792506790564497,600020,87,2685,13365,100
2792506795681814,600020,87,2685,13365,100
2792506800799746,600020,87,2685,13365,100
2792506805916950,600020,87,2685,13365,100
2792506811036325,600020,87,2685,13365,100
2792506816153369,600020,87,2685,13365,100
2792506821270641,600020,87,2685,13365,100
2792506826388538,600020,87,2685,13365,100
2792506831507048,600020,87,2685,13365,100
2792506836624347,600020,87,2685,13365,100
2792506841743904,600020,87,2685,13365,100
2792506846861001,600020,87,2685,13365,100
2792506851983820,600020,87,2685,13365,100
2792506857124274,600020,87,2685,13365,100
2792506862241558,600020,87,2685,13365,100
2792506867358760,600020,87,2685,13365,100
2792506872475715,600020,87,2685,13365,100
2792506877592967,600020,87,2685,13365,100
2792506882711520,600020,87,2685,13365,100
2792506887831176,600020,87,2685,13365,100
2792506892948328,600020,87,2685,13365,100
2792506898065289,600020,87,2685,13365,100
2792506903181997,600020,87,2685,13365,100
2792506908299233,600020,87,2685,13365,100
2792506913416282,600020,87,2685,13365,100
2792506918536151,600020,87,2685,13365,100
2792506923653047,600020,87,2685,13365,100
2792506928770247,600020,87,2685,13365,100
2792506933889937,600020,87,2685,13365,100
2792506939027872,600020,87,2685,13365,100
2792506944145332,600020,87,2685,13365,100
2792506949262748,600020,87,2685,13365,100
2792506954380076,600020,87,2685,13365,100
2792506959497341,600020,87,2685,13365,100
2792506964614534,600020,87,2685,13365,100
2792506969732048,600020,87,2685,13365,100
2792506974851154,600020,87,2685,13365,100
2792506979968856,600020,87,2685,13365,100
2792506985087323,600020,87,2685,13365,100
2792506990212338,600020,87,2685,13365,100
2792506995329440,600020,87,2685,13365,100
2792507000447366,600020,87,2685,13365,100
2792507005567169,600020,87,2685,13365,100
2792507010686029,600020,87,2685,13365,100
2792507015805097,600020,87,2685,13365,100
2792507020922609,600020,87,2685,13365,100
2792507026039930,600020,87,2685,13365,100
2792507031157247,600020,87,2685,13365,100
2792507036276771,600020,87,2685,13365,100
2792507041396311,600020,87,2685,13365,100
2792507046513464,600020,87,2685,13365,100
2792507051630452,600020,87,2685,13365,100
2792507056747429,600020,87,2685,13365,100
2792507061864381,600020,87,2685,13365,100
2792507066981981,600020,87,2685,13365,100
2792507072120441,600020,87,2685,13365,100
2792507077237441,600020,87,2685,13365,100
2792507082354262,600020,87,2685,13365,100
2792507087473054,600020,87,2685,13365,100
2792507092589599,600020,87,2685,13365,100
2792507097724767,600020,87,2685,13365,100
2792507102841828,600020,87,2685,13365,100
2792507107958971,600020,87,2685,13365,100
2792507113076184,600020,87,2685,13365,100
2792507118193792,600020,87,2685,13365,100
2792507123310873,600020,87,2685,13365,100
2792507128427850,600017,87,2685,13365,100
2792507133548565,600017,87,2685,13365,100
2792507138667293,600017,87,2685,13365,100
2792507143784602,600017,87,2685,13365,100
2792507148901722,600017,87,2685,13365,100
2792507154019547,600017,87,2685,13365,100
2792507159136591,600017,87,2685,13365,100
2792507164256546,600017,87,2685,13365,100
2792507169374538,600017,87,2685,13365,100
2792507174492189,600017,87,2685,13365,100
2792507179609505,600017,87,2685,13365,100
2792507184726805,600017,87,2685,13365,100
2792507189845601,600017,87,2685,13365,100
2792507194962880,600017,87,2685,13365,100
2792507200081796,600017,87,2685,13365,100
2792507205199030,600017,87,2685,13365,100
2792507210316271,600017,87,2685,13365,100
2792507215439549,600017,87,2685,13365,100
2792507220557023,600017,87,2685,13365,100
2792507225675198,600017,87,2685,13365,100
2792507230793545,600017,87,2685,13365,100
2792507235911527,600017,87,2685,13365,100
2792507241030791,600017,87,2685,13365,100
2792507246149185,600017,87,2685,13365,100
2792507251268366,600017,87,2685,13365,100
2792507256386722,600017,87,2685,13365,100
2792507261503989,600017,87,2685,13365,100
2792507266623355,600017,87,2685,13365,100
2792507271740825,600017,87,2685,13365,100
2792507276857928,600017,87,2685,13365,100
2792507281975576,600017,87,2685,13365,100
2792507287092780,600017,87,2685,13365,100
2792507292211443,600017,87,2685,13365,100
2792507297331154,600017,87,2685,13365,100
2792507302448386,600017,87,2685,13365,100
2792507307565641,600017,87,2685,13365,100
2792507312682871,600017,87,2685,13365,100
2792507317801156,600017,87,2685,13365,100
2792507322918195,600017,87,2685,13365,100
2792507328036433,600017,87,2685,13365,100
2792507333154088,600017,87,2685,13365,100
2792507338271324,600017,87,2685,13365,100
2792507343390493,600017,87,2685,13365,100
2792507348507683,600017,87,2685,13365,100
2792507353624806,600017,87,2685,13365,100
2792507358742419,600017,87,2685,13365,100
2792507363862046,600017,87,2685,13365,100
2792507368979341,600017,87,2685,13365,100
2792507374121707,600017,87,2685,13365,100
2792507379241779,600017,87,2685,13365,100
2792507384360339,600017,87,2685,13365,100
2792507389478331,600017,87,2685,13365,100
2792507394598610,600017,87,2685,13365,100
2792507399729081,600017,87,2685,13365,100
2792507404846969,600017,87,2685,13365,100
2792507409964317,600017,87,2685,13365,100
2792507415081121,600017,87,2685,13365,100
2792507420203564,600017,87,2685,13365,100
2792507425319458,600017,87,2685,13365,100
2792507430434738,600017,87,2685,13365,100
2792507435550867,600017,87,2685,13365,100
2792507440666560,600017,87,2685,13365,100
2792507445783080,600017,87,2685,13365,100
2792507450898292,600017,87,2685,13365,100
2792507456026533,600017,87,2685,13365,100
2792507461145881,600017,87,2685,13365,100
2792507466259673,600017,87,2685,13365,100
2792507471373793,600017,87,2685,13365,100
2792507476488285,600017,87,2685,13365,100
2792507481602846,600017,87,2685,13365,100
2792507486715870,600017,87,2685,13365,100
2792507491873685,600017,87,2685,13365,100
2792507496988447,600017,87,2685,13365,100
2792507502086289,600017,87,2685,13365,100
2792507507166661,600017,87,2685,13365,100
2792507512245976,600017,87,2685,13365,100
2792507517337386,600017,87,2685,13365,100
2792507522450954,600017,87,2685,13365,100
2792507527564676,600017,87,2685,13365,100
2792507532670674,600017,87,2685,13365,100
2792507537783331,600017,87,2685,13365,100
2792507542896519,600017,87,2685,13365,100
2792507548026080,600017,87,2685,13365,100
2792507553140353,600017,87,2685,13365,100
2792507558252710,600017,87,2685,13365,100
2792507563365041,600017,87,2685,13365,100
2792507568478492,600017,87,2685,13365,100
2792507573590990,600017,87,2685,13365,100
2792507578704215,600017,87,2685,13365,100
2792507583817527,600017,87,2685,13365,100
2792507588931249,600017,87,2685,13365,100
2792507594044318,600017,87,2685,13365,100
2792507599159228,600017,87,2685,13365,100
2792507604271968,600017,87,2685,13365,100
2792507609384536,600017,87,2685,13365,100
2792507614496931,600017,87,2685,13365,100
2792507619609641,600017,87,2685,13365,100
2792507624723658,600017,87,2685,13365,100
2792507629838830,599970,87,2685,13365,100
2792507634955083,599970,87,2685,13365,100
2792507640070083,599970,87,2685,13365,100
2792507645184598,599970,87,2685,13365,100
2792507650299830,599970,87,2685,13365,100
2792507655414736,599970,87,2685,13365,100
2792507660529960,599970,87,2685,13365,100
2792507665644977,599970,87,2685,13365,100
2792507670761565,599970,87,2685,13365,100
2792507675878538,599970,87,2685,13365,100
2792507680995028,599970,87,2685,13365,100
2792507686126086,599970,87,2685,13365,100
2792507691243007,599970,87,2685,13365,100
2792507696357847,599970,87,2685,13365,100
2792507701476539,599970,87,2685,13365,100
2792507706592460,599970,87,2685,13365,100
2792507711707774,599970,87,2685,13365,100
2792507716823941,599970,87,2685,13365,100
2792507721939883,599970,87,2685,13365,100
2792507727055453,599970,87,2685,13365,100
2792507732170846,599970,87,2685,13365,100
2792507737289196,599970,87,2685,13365,100
2792507742407388,599970,87,2685,13365,100
2792507747525363,599970,87,2685,13365,100
2792507752661324,599970,87,2685,13365,100
2792507757778132,599970,87,2685,13365,100
2792507762895192,599970,87,2685,13365,100
2792507768032544,599970,87,2685,13365,100
2792507773150347,599970,87,2685,13365,100
2792507778268071,599970,87,2685,13365,100
2792507783385169,599970,87,2685,13365,100
2792507788502118,599970,87,2685,13365,100
2792507793619346,599970,87,2685,13365,100
2792507798736390,599970,87,2685,13365,100
2792507803856091,599970,87,2685,13365,100
2792507808973283,599970,87,2685,13365,100
2792507814090536,599970,87,2685,13365,100
2792507819207732,599970,87,2685,13365,100
2792507824324838,599970,87,2685,13365,100
2792507829442293,599970,87,2685,13365,100
2792507834561641,599970,87,2685,13365,100
2792507839686443,599970,87,2685,13365,100
2792507844803797,599970,87,2685,13365,100
2792507849920890,599970,87,2685,13365,100
2792507855039902,599970,87,2685,13365,100
2792507860157041,599970,87,2685,13365,100
2792507865274251,599970,87,2685,13365,100
2792507870392332,599970,87,2685,13365,100
2792507875509396,599970,87,2685,13365,100
2792507880626768,599970,87,2685,13365,100
2792507885744263,599970,87,2685,13365,100
2792507890861833,599970,87,2685,13365,100
2792507895979112,599970,87,2685,13365,100
2792507901098110,599970,87,2685,13365,100
2792507906216762,599970,87,2685,13365,100
2792507911333903,599970,87,2685,13365,100
2792507916452051,599970,87,2685,13365,100
2792507921569655,599970,87,2685,13365,100
2792507926686927,599970,87,2685,13365,100
2792507931806424,599970,87,2685,13365,100
2792507936923727,599970,87,2685,13365,100
2792507942022833,599970,87,2685,13365,100
2792507947140549,599970,87,2685,13365,100
2792507952257574,599970,87,2685,13365,100
2792507957376314,599970,87,2685,13365,100
2792507962494058,599970,87,2685,13365,100
2792507967611019,599970,87,2685,13365,100
2792507972728131,599970,87,2685,13365,100
2792507977846376,599970,87,2685,13365,100
2792507982963684,599970,87,2685,13365,100
2792507988081420,599970,87,2685,13365,100
2792507993198344,599970,87,2685,13365,100
2792507998315589,599970,87,2685,13365,100
2792508003432557,599970,87,2685,13365,100
2792508008553414,599970,87,2685,13365,100
2792508013670830,599970,87,2685,13365,100
2792508018788150,599970,87,2685,13365,100
2792508023905754,599970,87,2685,13365,100
2792508029022735,599970,87,2685,13365,100
2792508034140012,599970,87,2685,13365,100
2792508039257128,599970,87,2685,13365,100
2792508044374500,599970,87,2685,13365,100
2792508049491477,599970,87,2685,13365,100
2792508054608693,599970,87,2685,13365,100
2792508059727705,599970,87,2685,13365,100
2792508064844889,599970,87,2685,13365,100
2792508069961866,599970,87,2685,13365,100
2792508075081047,599970,87,2685,13365,100
2792508080198091,599970,87,2685,13365,100
2792508085315443,599970,87,2685,13365,100
2792508090433151,599970,87,2685,13365,100
2792508095550202,599970,87,2685,13365,100
2792508100667094,599970,87,2685,13365,100
2792508105786320,599970,87,2685,13365,100
2792508110905029,599970,87,2685,13365,100
2792508116022229,599970,87,2685,13365,100
2792508121140054,599970,87,2685,13365,100
2792508126258138,599970,87,2685,13365,100
2792508131375606,599980,87,2685,13365,100
2792508136501395,599980,87,2685,13365,100
2792508141620581,599980,87,2685,13365,100
2792508146738452,599980,87,2685,13365,100
2792508151856050,599980,87,2685,13365,100
2792508156973189,599980,87,2685,13365,100
2792508162091752,599980,87,2685,13365,100
2792508167208758,599980,87,2685,13365,100
2792508172327773,599980,87,2685,13365,100
2792508177444752,599980,87,2685,13365,100
2792508182561731,599980,87,2685,13365,100
2792508187678848,599980,87,2685,13365,100
2792508192796979,599980,87,2685,13365,100
2792508197913850,599980,87,2685,13365,100
2792508203030854,599980,87,2685,13365,100
2792508208148008,599980,87,2685,13365,100
2792508213267021,599980,87,2685,13365,100
2792508218384201,599980,87,2685,13365,100
2792508223501325,599980,87,2685,13365,100
2792508228618325,599980,87,2685,13365,100
2792508233735670,599980,87,2685,13365,100
2792508238854399,599980,87,2685,13365,100
2792508243971855,599980,87,2685,13365,100
2792508249088831,599980,87,2685,13365,100
2792508254205952,599980,87,2685,13365,100
2792508259322975,599980,87,2685,13365,100
2792508264441781,599980,87,2685,13365,100
2792508269560340,599980,87,2685,13365,100
2792508274677893,599980,87,2685,13365,100
2792508279795338,599980,87,2685,13365,100
2792508284912778,599980,87,2685,13365,100
2792508290030438,599980,87,2685,13365,100
2792508295147458,599980,87,2685,13365,100
2792508300265097,599980,87,2685,13365,100
2792508305385197,599980,87,2685,13365,100
2792508310502446,599980,87,2685,13365,100
2792508315621443,599980,87,2685,13365,100
2792508320738588,599980,87,2685,13365,100
2792508325856188,599980,87,2685,13365,100
2792508330973881,599980,87,2685,13365,100
2792508336093721,599980,87,2685,13365,100
2792508341211218,599980,87,2685,13365,100
2792508346328336,599980,87,2685,13365,100
2792508351445650,599980,87,2685,13365,100
2792508356563598,599980,87,2685,13365,100
2792508361680624,599980,87,2685,13365,100
2792508366801796,599980,87,2685,13365,100
2792508371919020,599980,87,2685,13365,100
2792508377036437,599980,87,2685,13365,100
2792508382153720,599980,87,2685,13365,100
2792508387270669,599980,87,2685,13365,100
2792508392387814,599980,87,2685,13365,100
2792508397504780,599980,87,2685,13365,100
2792508402624166,599980,87,2685,13365,100
2792508407759482,599980,87,2685,13365,100
2792508412876791,599980,87,2685,13365,100
2792508417995397,599980,87,2685,13365,100
2792508423136791,599980,87,2685,13365,100
2792508428253820,599980,87,2685,13365,100
2792508433371085,599980,87,2685,13365,100
2792508438487975,599980,87,2685,13365,100
2792508443606285,599980,87,2685,13365,100
2792508448724083,599980,87,2685,13365,100
2792508453841408,599980,87,2685,13365,100
2792508458958506,599980,87,2685,13365,100
2792508464075466,599980,87,2685,13365,100
2792508469193894,599980,87,2685,13365,100
2792508474311571,599980,87,2685,13365,100
2792508479428703,599980,87,2685,13365,100
2792508484545712,599980,87,2685,13365,100
2792508489662776,599980,87,2685,13365,100
2792508494779523,599980,87,2685,13365,100
2792508499896715,599980,87,2685,13365,100
2792508505034717,599980,87,2685,13365,100
2792508510151925,599980,87,2685,13365,100
2792508515268870,599980,87,2685,13365,100
2792508520387825,599980,87,2685,13365,100
2792508525504923,599980,87,2685,13365,100
2792508530622048,599980,87,2685,13365,100
2792508535739371,599980,87,2685,13365,100
2792508540858356,599980,87,2685,13365,100
2792508545975521,599980,87,2685,13365,100
2792508551092789,599980,87,2685,13365,100
2792508556209915,599980,87,2685,13365,100
2792508561326978,599980,87,2685,13365,100
2792508566444102,599980,87,2685,13365,100
2792508571563970,599980,87,2685,13365,100
2792508576681722,599980,87,2685,13365,100
2792508581798951,599980,87,2685,13365,100
2792508586916199,599980,87,2685,13365,100
2792508592033491,599980,87,2685,13365,100
2792508597151564,599980,87,2685,13365,100
2792508602269148,599980,87,2685,13365,100
2792508607387646,599980,87,2685,13365,100
2792508612505121,599980,87,2685,13365,100
2792508617624173,599980,87,2685,13365,100
2792508622744212,599980,87,2685,13365,100
2792508627862171,599991,87,2685,13365,100
2792508632981028,599991,87,2685,13365,100
2792508638116549,599991,87,2685,13365,100
2792508643234004,599991,87,2685,13365,100
2792508648350859,599991,87,2685,13365,100
2792508653468024,599991,87,2685,13365,100
2792508658584977,599991,87,2685,13365,100
2792508663702065,599991,87,2685,13365,100
2792508668820629,599991,87,2685,13365,100
2792508673939274,599991,87,2685,13365,100
2792508679056189,599991,87,2685,13365,100
2792508684174544,599991,87,2685,13365,100
2792508689291994,599991,87,2685,13365,100
2792508694409843,599991,87,2685,13365,100
2792508699527831,599991,87,2685,13365,100
2792508704645107,599991,87,2685,13365,100
2792508709762644,599991,87,2685,13365,100
2792508714879996,599991,87,2685,13365,100
2792508719996804,599991,87,2685,13365,100
2792508725139525,599991,87,2685,13365,100
2792508730256773,599991,87,2685,13365,100
2792508735373881,599991,87,2685,13365,100
2792508740490938,599991,87,2685,13365,100
2792508745610326,599991,87,2685,13365,100
2792508750727670,599991,87,2685,13365,100
2792508755845860,599991,87,2685,13365,100
2792508760963351,599991,87,2685,13365,100
2792508766081004,599991,87,2685,13365,100
2792508771198833,599991,87,2685,13365,100
2792508776319576,599991,87,2685,13365,100
2792508781437345,599991,87,2685,13365,100
2792508786554885,599991,87,2685,13365,100
2792508791672649,599991,87,2685,13365,100
2792508796789970,599991,87,2685,13365,100
2792508801907185,599991,87,2685,13365,100
2792508807024489,599991,87,2685,13365,100
2792508812142343,599991,87,2685,13365,100
2792508817259398,599991,87,2685,13365,100
2792508822376455,599991,87,2685,13365,100
2792508827495000,599991,87,2685,13365,100
2792508832612097,599991,87,2685,13365,100
2792508837729197,599991,87,2685,13365,100
2792508842848133,599991,87,2685,13365,100
2792508847965286,599991,87,2685,13365,100
2792508853083118,599991,87,2685,13365,100
2792508858200375,599991,87,2685,13365,100
2792508863317787,599991,87,2685,13365,100
2792508868434963,599991,87,2685,13365,100
2792508873553560,599991,87,2685,13365,100
2792508878672512,599991,87,2685,13365,100
2792508883800714,599991,87,2685,13365,100
2792508888917757,599991,87,2685,13365,100
2792508894035123,599991,87,2685,13365,100
2792508899152473,599991,87,2685,13365,100
2792508904269386,599991,87,2685,13365,100
2792508909386550,599991,87,2685,13365,100
2792508914503610,599991,87,2685,13365,100
2792508919621147,599991,87,2685,13365,100
2792508924740909,599991,87,2685,13365,100
2792508929860176,599991,87,2685,13365,100
2792508934978428,599991,87,2685,13365,100
2792508940096327,599991,87,2685,13365,100
2792508945213973,599991,87,2685,13365,100
2792508950331217,599991,87,2685,13365,100
2792508955449076,599991,87,2685,13365,100
2792508960566228,599991,87,2685,13365,100
2792508965683278,599991,87,2685,13365,100
2792508970802638,599991,87,2685,13365,100
2792508975920706,599991,87,2685,13365,100
2792508981040052,599991,87,2685,13365,100
2792508986157140,599991,87,2685,13365,100
2792508991274476,599991,87,2685,13365,100
2792508996391725,599991,87,2685,13365,100
2792509001509581,599991,87,2685,13365,100
2792509006626714,599991,87,2685,13365,100
2792509011744273,599991,87,2685,13365,100
2792509016863666,599991,87,2685,13365,100
2792509021980407,599991,87,2685,13365,100
2792509027115699,599991,87,2685,13365,100
2792509032234155,599991,87,2685,13365,100
2792509037351511,599991,87,2685,13365,100
2792509042468683,599991,87,2685,13365,100
2792509047586152,599991,87,2685,13365,100
2792509052703321,599991,87,2685,13365,100
2792509057822656,599991,87,2685,13365,100
2792509062957357,599991,87,2685,13365,100
2792509068074491,599991,87,2685,13365,100
2792509073191665,599991,87,2685,13365,100
2792509078308782,599991,87,2685,13365,100
2792509083429919,599991,87,2685,13365,100
2792509088549819,599991,87,2685,13365,100
2792509093667195,599991,87,2685,13365,100
2792509098784625,599991,87,2685,13365,100
2792509103902092,599991,87,2685,13365,100
2792509109021956,599991,87,2685,13365,100
2792509114138937,599991,87,2685,13365,100
2792509119257189,599991,87,2685,13365,100
2792509124374447,599991,87,2685,13365,100
2792509129491486,599987,87,2685,13365,100
2792509134611862,599987,87,2685,13365,100
2792509139729340,599987,87,2685,13365,100
2792509144846183,599987,87,2685,13365,100
2792509149963436,599987,87,2685,13365,100
2792509155082708,599987,87,2685,13365,100
2792509160200743,599987,87,2685,13365,100
2792509165317955,599987,87,2685,13365,100
2792509170435408,599987,87,2685,13365,100
2792509175553089,599987,87,2685,13365,100
2792509180670521,599987,87,2685,13365,100
2792509185791042,599987,87,2685,13365,100
2792509190908171,599987,87,2685,13365,100
2792509196025748,599987,87,2685,13365,100
2792509201142718,599987,87,2685,13365,100
2792509206260011,599987,87,2685,13365,100
2792509211377116,599987,87,2685,13365,100
2792509216494480,599987,87,2685,13365,100
2792509221612136,599987,87,2685,13365,100
2792509226729813,599987,87,2685,13365,100
2792509231847077,599987,87,2685,13365,100
2792509236966010,599987,87,2685,13365,100
2792509242083010,599987,87,2685,13365,100
2792509247200438,599987,87,2685,13365,100
2792509252319489,599987,87,2685,13365,100
2792509257436983,599987,87,2685,13365,100
2792509262554007,599987,87,2685,13365,100
2792509267671480,599987,87,2685,13365,100
2792509272789212,599987,87,2685,13365,100
2792509277906651,599987,87,2685,13365,100
2792509283023845,599987,87,2685,13365,100
2792509288142633,599987,87,2685,13365,100
2792509293259979,599987,87,2685,13365,100
2792509298377294,599987,87,2685,13365,100
2792509303494567,599987,87,2685,13365,100
2792509308611710,599987,87,2685,13365,100
2792509313728729,599987,87,2685,13365,100
2792509318845853,599987,87,2685,13365,100
2792509323963044,599987,87,2685,13365,100
2792509329080568,599987,87,2685,13365,100
2792509334197833,599987,87,2685,13365,100
2792509339316733,599987,87,2685,13365,100
2792509344433817,599987,87,2685,13365,100
2792509349554070,599987,87,2685,13365,100
2792509354671238,599987,87,2685,13365,100
2792509359789221,599987,87,2685,13365,100
2792509364906723,599987,87,2685,13365,100
2792509370024155,599987,87,2685,13365,100
2792509375141248,599987,87,2685,13365,100
2792509380260866,599987,87,2685,13365,100
2792509385378096,599987,87,2685,13365,100
2792509390496993,599987,87,2685,13365,100
2792509395614105,599987,87,2685,13365,100
2792509400731290,599987,87,2685,13365,100
2792509405848642,599987,87,2685,13365,100
2792509410965938,599987,87,2685,13365,100
2792509416084018,599987,87,2685,13365,100
2792509421201787,599987,87,2685,13365,100
2792509426318811,599987,87,2685,13365,100
2792509431436422,599987,87,2685,13365,100
2792509436553644,599987,87,2685,13365,100
2792509441672356,599987,87,2685,13365,100
2792509446792723,599987,87,2685,13365,100
2792509451910213,599987,87,2685,13365,100
2792509457027302,599987,87,2685,13365,100
2792509462144174,599987,87,2685,13365,100
2792509467261306,599987,87,2685,13365,100
2792509472378504,599987,87,2685,13365,100
2792509477496559,599987,87,2685,13365,100
2792509482614300,599987,87,2685,13365,100
2792509487731299,599987,87,2685,13365,100
2792509492850109,599987,87,2685,13365,100
2792509497968893,599987,87,2685,13365,100
2792509503085769,599987,87,2685,13365,100
2792509508202527,599987,87,2685,13365,100
2792509513320741,599987,87,2685,13365,100
2792509518437966,599987,87,2685,13365,100
2792509523556330,599987,87,2685,13365,100
2792509528673491,599987,87,2685,13365,100
2792509533791197,599987,87,2685,13365,100
2792509538908594,599987,87,2685,13365,100
2792509544031584,599987,87,2685,13365,100
2792509549148742,599987,87,2685,13365,100
2792509554266705,599987,87,2685,13365,100
2792509559387353,599987,87,2685,13365,100
2792509564504829,599987,87,2685,13365,100
2792509569622160,599987,87,2685,13365,100
2792509574739286,599987,87,2685,13365,100
2792509579856190,599987,87,2685,13365,100
2792509584972767,599987,87,2685,13365,100
2792509590088632,599987,87,2685,13365,100
2792509595212231,599987,87,2685,13365,100
2792509600327596,599987,87,2685,13365,100
2792509605443828,599987,87,2685,13365,100
2792509610558408,599987,87,2685,13365,100
2792509615672341,599987,87,2685,13365,100
2792509620786791,599987,87,2685,13365,100
2792509625901010,599987,87,2685,13365,100
2792509631028382,599971,87,2685,13365,100
2792509636143566,599971,87,2685,13365,100
2792509641256711,599971,87,2685,13365,100
2792509646371135,599971,87,2685,13365,100
2792509651483750,599971,87,2685,13365,100
2792509656596904,599971,87,2685,13365,100
2792509661709312,599971,87,2685,13365,100
2792509666822933,599971,87,2685,13365,100
2792509671935341,599971,87,2685,13365,100
2792509677047650,599971,87,2685,13365,100
2792509682159734,599971,87,2685,13365,100
2792509687271779,599971,87,2685,13365,100
2792509692383825,599971,87,2685,13365,100
2792509697498451,599971,87,2685,13365,100
2792509702610280,599971,87,2685,13365,100
2792509707721876,599971,87,2685,13365,100
2792509712833483,599971,87,2685,13365,100
2792509717960941,599971,87,2685,13365,100
2792509723072505,599971,87,2685,13365,100
2792509728184136,599971,87,2685,13365,100
2792509733297186,599971,87,2685,13365,100
2792509738408779,599971,87,2685,13365,100
2792509743520929,599971,87,2685,13365,100
2792509748633815,599971,87,2685,13365,100
2792509753745292,599971,87,2685,13365,100
2792509758856957,599971,87,2685,13365,100
2792509763969813,599971,87,2685,13365,100
2792509769081625,599971,87,2685,13365,100
2792509774193563,599971,87,2685,13365,100
2792509779305042,599971,87,2685,13365,100
2792509784416984,599971,87,2685,13365,100
2792509789528658,599971,87,2685,13365,100
2792509794640587,599971,87,2685,13365,100
2792509799753516,599971,87,2685,13365,100
2792509804865115,599971,87,2685,13365,100
2792509809977986,599971,87,2685,13365,100
2792509815089758,599971,87,2685,13365,100
2792509820201401,599971,87,2685,13365,100
2792509825312909,599971,87,2685,13365,100
2792509830425932,599971,87,2685,13365,100
2792509835537883,599971,87,2685,13365,100
2792509840649571,599971,87,2685,13365,100
2792509845761072,599971,87,2685,13365,100
2792509850873907,599971,87,2685,13365,100
2792509855985844,599971,87,2685,13365,100
2792509861114932,599971,87,2685,13365,100
2792509866226801,599971,87,2685,13365,100
2792509871339629,599971,87,2685,13365,100
2792509876452726,599971,87,2685,13365,100
2792509881564274,599971,87,2685,13365,100
2792509886675998,599971,87,2685,13365,100
2792509891787411,599971,87,2685,13365,100
2792509896898971,599971,87,2685,13365,100
2792509902029411,599971,87,2685,13365,100
2792509907141463,599971,87,2685,13365,100
2792509912253200,599971,87,2685,13365,100
2792509917364812,599971,87,2685,13365,100
2792509922476458,599971,87,2685,13365,100
2792509927587997,599971,87,2685,13365,100
2792509932699466,599971,87,2685,13365,100
2792509937812971,599971,87,2685,13365,100
2792509942896431,599971,87,2685,13365,100
2792509948023763,599971,87,2685,13365,100
2792509953136884,599971,87,2685,13365,100
2792509958248932,599971,87,2685,13365,100
2792509963360359,599971,87,2685,13365,100
2792509968472118,599971,87,2685,13365,100
2792509973583693,599971,87,2685,13365,100
2792509978695774,599971,87,2685,13365,100
2792509983808936,599971,87,2685,13365,100
2792509988920723,599971,87,2685,13365,100
2792509994032205,599971,87,2685,13365,100
2792509999143597,599971,87,2685,13365,100
2792510004256476,599971,87,2685,13365,100
2792510009368332,599971,87,2685,13365,100
2792510014480881,599971,87,2685,13365,100
2792510019592901,599971,87,2685,13365,100
2792510024704461,599971,87,2685,13365,100
2792510029816006,599971,87,2685,13365,100
2792510034927628,599971,87,2685,13365,100
2792510040039299,599971,87,2685,13365,100
2792510045150899,599971,87,2685,13365,100
2792510050264127,599971,87,2685,13365,100
2792510055376716,599971,87,2685,13365,100
2792510060488362,599971,87,2685,13365,100
2792510065599821,599971,87,2685,13365,100
2792510070711686,599971,87,2685,13365,100
2792510075823429,599971,87,2685,13365,100
2792510080935550,599971,87,2685,13365,100
2792510086067039,599971,87,2685,13365,100
2792510091178547,599971,87,2685,13365,100
2792510096289787,599971,87,2685,13365,100
2792510101401311,599971,87,2685,13365,100
2792510106514188,599971,87,2685,13365,100
2792510111625456,599971,87,2685,13365,100
2792510116738778,599971,87,2685,13365,100
2792510121850777,599971,87,2685,13365,100
2792510126963002,599887,87,2685,13365,100
2792510132075522,599887,87,2685,13365,100
2792510137187828,599887,87,2685,13365,100
2792510142299506,599887,87,2685,13365,100
2792510147413237,599887,87,2685,13365,100
2792510152524944,599887,87,2685,13365,100
2792510157637700,599887,87,2685,13365,100
2792510162749485,599887,87,2685,13365,100
2792510167861009,599887,87,2685,13365,100
2792510172972509,599887,87,2685,13365,100
2792510178084189,599887,87,2685,13365,100
2792510183196138,599887,87,2685,13365,100
2792510188307951,599887,87,2685,13365,100
2792510193419610,599887,87,2685,13365,100
2792510198531356,599887,87,2685,13365,100
2792510203642964,599887,87,2685,13365,100
2792510208755536,599887,87,2685,13365,100
2792510213868684,599887,87,2685,13365,100
2792510218980453,599887,87,2685,13365,100
2792510224092729,599887,87,2685,13365,100
2792510229211086,599887,87,2685,13365,100
2792510234322794,599887,87,2685,13365,100
2792510239435026,599887,87,2685,13365,100
2792510244546654,599887,87,2685,13365,100
2792510249659864,599887,87,2685,13365,100
2792510254773228,599887,87,2685,13365,100
2792510259901636,599887,87,2685,13365,100
2792510265030164,599887,87,2685,13365,100
2792510270142670,599887,87,2685,13365,100
2792510275256261,599887,87,2685,13365,100
2792510280367701,599887,87,2685,13365,100
2792510285479736,599887,87,2685,13365,100
2792510290591620,599887,87,2685,13365,100
2792510295703412,599887,87,2685,13365,100
2792510300815323,599887,87,2685,13365,100
2792510305926996,599887,87,2685,13365,100
2792510311041948,599887,87,2685,13365,100
2792510316153704,599887,87,2685,13365,100
2792510321265755,599887,87,2685,13365,100
2792510326378373,599887,87,2685,13365,100
2792510331490494,599887,87,2685,13365,100
2792510336602050,599887,87,2685,13365,100
2792510341715478,599887,87,2685,13365,100
2792510346837063,599887,87,2685,13365,100
2792510351948661,599887,87,2685,13365,100
2792510357060118,599887,87,2685,13365,100
2792510362172804,599887,87,2685,13365,100
2792510367284176,599887,87,2685,13365,100
2792510372444925,599887,87,2685,13365,100
2792510377556855,599887,87,2685,13365,100
2792510382669069,599887,87,2685,13365,100
2792510387780373,599887,87,2685,13365,100
2792510392892134,599887,87,2685,13365,100
2792510398024662,599887,87,2685,13365,100
2792510403136970,599887,87,2685,13365,100
2792510408248616,599887,87,2685,13365,100
2792510413361459,599887,87,2685,13365,100
2792510418473264,599887,87,2685,13365,100
2792510423585453,599887,87,2685,13365,100
2792510428696873,599887,87,2685,13365,100
2792510433809913,599887,87,2685,13365,100
2792510438921834,599887,87,2685,13365,100
2792510444034434,599887,87,2685,13365,100
2792510449164410,599887,87,2685,13365,100
2792510454275989,599887,87,2685,13365,100
2792510459387675,599887,87,2685,13365,100
2792510464502695,599887,87,2685,13365,100
2792510469614424,599887,87,2685,13365,100
2792510474725868,599887,87,2685,13365,100
2792510479837772,599887,87,2685,13365,100
2792510484953037,599887,87,2685,13365,100
2792510490064525,599887,87,2685,13365,100
2792510495176206,599887,87,2685,13365,100
2792510500288455,599887,87,2685,13365,100
2792510505400447,599887,87,2685,13365,100
2792510510511720,599887,87,2685,13365,100
2792510515624732,599887,87,2685,13365,100
2792510520736300,599887,87,2685,13365,100
2792510525848568,599887,87,2685,13365,100
2792510530961437,599887,87,2685,13365,100
2792510536073350,599887,87,2685,13365,100
2792510541185170,599887,87,2685,13365,100
2792510546297115,599887,87,2685,13365,100
2792510551409005,599887,87,2685,13365,100
2792510556520702,599887,87,2685,13365,100
2792510561633983,599887,87,2685,13365,100
2792510566747192,599887,87,2685,13365,100
2792510571858904,599887,87,2685,13365,100
2792510576970492,599887,87,2685,13365,100
2792510582082321,599887,87,2685,13365,100
2792510587194109,599887,87,2685,13365,100
2792510592305594,599887,87,2685,13365,100
2792510597418722,599887,87,2685,13365,100
2792510602530374,599887,87,2685,13365,100
2792510607642263,599887,87,2685,13365,100
2792510612753691,599887,87,2685,13365,100
2792510617866715,599887,87,2685,13365,100
2792510622978361,599887,87,2685,13365,100
2792510628089909,599915,87,2685,13365,100
2792510633202343,599915,87,2685,13365,100
2792510638313780,599915,87,2685,13365,100
2792510643425294,599915,87,2685,13365,100
2792510648537022,599915,87,2685,13365,100
2792510653648822,599915,87,2685,13365,100
2792510658761215,599915,87,2685,13365,100
2792510663872391,599915,87,2685,13365,100
2792510668985552,599915,87,2685,13365,100
2792510674116204,599915,87,2685,13365,100
2792510679227653,599915,87,2685,13365,100
2792510684339405,599915,87,2685,13365,100
2792510689450744,599915,87,2685,13365,100
2792510694562538,599915,87,2685,13365,100
2792510699674791,599915,87,2685,13365,100
2792510704787991,599915,87,2685,13365,100
2792510709899701,599915,87,2685,13365,100
2792510715027426,599915,87,2685,13365,100
2792510720141076,599915,87,2685,13365,100
2792510725253274,599915,87,2685,13365,100
2792510730364959,599915,87,2685,13365,100
2792510735476123,599915,87,2685,13365,100
2792510740587995,599915,87,2685,13365,100
2792510745699610,599915,87,2685,13365,100
2792510750812642,599915,87,2685,13365,100
2792510755924239,599915,87,2685,13365,100
2792510761036215,599915,87,2685,13365,100
2792510766147692,599915,87,2685,13365,100
2792510771260854,599915,87,2685,13365,100
2792510776372319,599915,87,2685,13365,100
2792510781485861,599915,87,2685,13365,100
2792510786597635,599915,87,2685,13365,100
2792510791709474,599915,87,2685,13365,100
2792510796821426,599915,87,2685,13365,100
2792510801933270,599915,87,2685,13365,100
2792510807044431,599915,87,2685,13365,100
2792510812156227,599915,87,2685,13365,100
2792510817267776,599915,87,2685,13365,100
2792510822381066,599915,87,2685,13365,100
2792510827493004,599915,87,2685,13365,100
2792510832604801,599915,87,2685,13365,100
2792510837716866,599915,87,2685,13365,100
2792510842828694,599915,87,2685,13365,100
2792510847941502,599915,87,2685,13365,100
2792510853053207,599915,87,2685,13365,100
2792510858164737,599915,87,2685,13365,100
2792510863276461,599915,87,2685,13365,100
2792510868388112,599915,87,2685,13365,100
2792510873501350,599915,87,2685,13365,100
2792510878614416,599915,87,2685,13365,100
2792510883726325,599915,87,2685,13365,100
2792510888837997,599915,87,2685,13365,100
2792510893949522,599915,87,2685,13365,100
2792510899061254,599915,87,2685,13365,100
2792510904173114,599915,87,2685,13365,100
2792510909284987,599915,87,2685,13365,100
2792510914396718,599915,87,2685,13365,100
2792510919508430,599915,87,2685,13365,100
2792510924621984,599915,87,2685,13365,100
2792510929733300,599915,87,2685,13365,100
2792510934844590,599915,87,2685,13365,100
2792510939956573,599915,87,2685,13365,100
2792510945068772,599915,87,2685,13365,100
2792510950180598,599915,87,2685,13365,100
2792510955292387,599915,87,2685,13365,100
2792510960404015,599915,87,2685,13365,100
2792510965516020,599915,87,2685,13365,100
2792510970627808,599915,87,2685,13365,100
2792510975741669,599915,87,2685,13365,100
2792510980853308,599915,87,2685,13365,100
2792510985965061,599915,87,2685,13365,100
2792510991076769,599915,87,2685,13365,100
2792510996188546,599915,87,2685,13365,100
2792511001300434,599915,87,2685,13365,100
2792511006413865,599915,87,2685,13365,100
2792511011541587,599915,87,2685,13365,100
2792511016653426,599915,87,2685,13365,100
2792511021765200,599915,87,2685,13365,100
2792511026894313,599915,87,2685,13365,100
2792511032027646,599915,87,2685,13365,100
2792511037140021,599915,87,2685,13365,100
2792511042251697,599915,87,2685,13365,100
2792511047363130,599915,87,2685,13365,100
2792511052474658,599915,87,2685,13365,100
2792511057586190,599915,87,2685,13365,100
2792511062697879,599915,87,2685,13365,100
2792511067811259,599915,87,2685,13365,100
2792511072922916,599915,87,2685,13365,100
2792511078036406,599915,87,2685,13365,100
2792511083148332,599915,87,2685,13365,100
2792511088260101,599915,87,2685,13365,100
2792511093371739,599915,87,2685,13365,100
2792511098486085,599915,87,2685,13365,100
2792511103598166,599915,87,2685,13365,100
2792511108709731,599915,87,2685,13365,100
2792511113821379,599915,87,2685,13365,100
2792511118933203,599915,87,2685,13365,100
2792511124045844,599915,87,2685,13365,100
2792511129158862,600004,87,2685,13365,100
2792511134271460,600004,87,2685,13365,100
2792511139383141,600004,87,2685,13365,100
2792511144495125,600004,87,2685,13365,100
2792511149606913,600004,87,2685,13365,100
2792511154719850,600004,87,2685,13365,100
2792511159831811,600004,87,2685,13365,100
2792511164943303,600004,87,2685,13365,100
2792511170055836,600004,87,2685,13365,100
2792511175167552,600004,87,2685,13365,100
2792511180280547,600004,87,2685,13365,100
2792511185392485,600004,87,2685,13365,100
2792511190504255,600004,87,2685,13365,100
2792511195615918,600004,87,2685,13365,100
2792511200727590,600004,87,2685,13365,100
2792511205839363,600004,87,2685,13365,100
2792511210951022,600004,87,2685,13365,100
2792511216062567,600004,87,2685,13365,100
2792511221175971,600004,87,2685,13365,100
2792511226287560,600004,87,2685,13365,100
2792511231400684,600004,87,2685,13365,100
2792511236512205,600004,87,2685,13365,100
2792511241625569,600004,87,2685,13365,100
2792511246737513,600004,87,2685,13365,100
2792511251849280,600004,87,2685,13365,100
2792511256960911,600004,87,2685,13365,100
2792511262072857,600004,87,2685,13365,100
2792511267184560,600004,87,2685,13365,100
2792511272296952,600004,87,2685,13365,100
2792511277408652,600004,87,2685,13365,100
2792511282522370,600004,87,2685,13365,100
2792511287634499,600004,87,2685,13365,100
2792511292746249,600004,87,2685,13365,100
2792511297857722,600004,87,2685,13365,100
2792511302969847,600004,87,2685,13365,100
2792511308083282,600004,87,2685,13365,100
2792511313194991,600004,87,2685,13365,100
2792511318306528,600004,87,2685,13365,100
2792511323418738,600004,87,2685,13365,100
2792511328530740,600004,87,2685,13365,100
2792511333644393,600004,87,2685,13365,100
2792511338757785,600004,87,2685,13365,100
2792511343869401,600004,87,2685,13365,100
2792511348981174,600004,87,2685,13365,100
2792511354093530,600004,87,2685,13365,100
2792511359205168,600004,87,2685,13365,100
2792511364316700,600004,87,2685,13365,100
2792511369428288,600004,87,2685,13365,100
2792511374539868,600004,87,2685,13365,100
2792511379651684,600004,87,2685,13365,100
2792511384766470,600004,87,2685,13365,100
2792511389878045,600004,87,2685,13365,100
2792511394989505,600004,87,2685,13365,100
2792511400119138,600004,87,2685,13365,100
2792511405230895,600004,87,2685,13365,100
2792511410342539,600004,87,2685,13365,100
2792511415454531,600004,87,2685,13365,100
2792511420566203,600004,87,2685,13365,100
2792511425677900,600004,87,2685,13365,100
2792511430791177,600004,87,2685,13365,100
2792511435904365,600004,87,2685,13365,100
2792511441029461,600004,87,2685,13365,100
2792511446141678,600004,87,2685,13365,100
2792511451253510,600004,87,2685,13365,100
2792511456365334,600004,87,2685,13365,100
2792511461477042,600004,87,2685,13365,100
2792511466588723,600004,87,2685,13365,100
2792511471700471,600004,87,2685,13365,100
2792511476813315,600004,87,2685,13365,100
2792511481925261,600004,87,2685,13365,100
2792511487038333,600004,87,2685,13365,100
2792511492150329,600004,87,2685,13365,100
2792511497262069,600004,87,2685,13365,100
2792511502373962,600004,87,2685,13365,100
2792511507485963,600004,87,2685,13365,100
2792511512597853,600004,87,2685,13365,100
2792511517709847,600004,87,2685,13365,100
2792511522821800,600004,87,2685,13365,100
2792511527933586,600004,87,2685,13365,100
2792511533045125,600004,87,2685,13365,100
2792511538158277,600004,87,2685,13365,100
2792511543271367,600004,87,2685,13365,100
2792511548383093,600004,87,2685,13365,100
2792511553494708,600004,87,2685,13365,100
2792511558606902,600004,87,2685,13365,100
2792511563718387,600004,87,2685,13365,100
2792511568830176,600004,87,2685,13365,100
2792511573943255,600004,87,2685,13365,100
2792511579055120,600004,87,2685,13365,100
2792511584166928,600004,87,2685,13365,100
2792511589280361,600004,87,2685,13365,100
2792511594392277,600004,87,2685,13365,100
2792511599504148,600004,87,2685,13365,100
2792511604617166,600004,87,2685,13365,100
2792511609729126,600004,87,2685,13365,100
2792511614840921,600004,87,2685,13365,100
2792511619952360,600004,87,2685,13365,100
2792511625063659,600004,87,2685,13365,100
2792511630175064,599984,87,2685,13365,100
2792511635288097,599984,87,2685,13365,100
2792511640402663,599984,87,2685,13365,100
2792511645514582,599984,87,2685,13365,100
2792511650626050,599984,87,2685,13365,100
2792511655737856,599984,87,2685,13365,100
2792511660849581,599984,87,2685,13365,100
2792511665961120,599984,87,2685,13365,100
2792511671074699,599984,87,2685,13365,100
2792511676187744,599984,87,2685,13365,100
2792511681316432,599984,87,2685,13365,100
2792511686429396,599984,87,2685,13365,100
2792511691544220,599984,87,2685,13365,100
2792511696657446,599984,87,2685,13365,100
2792511701770894,599984,87,2685,13365,100
2792511706883286,599984,87,2685,13365,100
2792511711996765,599984,87,2685,13365,100
2792511717134059,599984,87,2685,13365,100
2792511722247571,599984,87,2685,13365,100
2792511727361376,599984,87,2685,13365,100
2792511732474376,599984,87,2685,13365,100
2792511737586436,599984,87,2685,13365,100
2792511742700671,599984,87,2685,13365,100
2792511747813205,599984,87,2685,13365,100
2792511752925707,599984,87,2685,13365,100
2792511758037792,599984,87,2685,13365,100
2792511763150323,599984,87,2685,13365,100
2792511768262201,599984,87,2685,13365,100
2792511773373639,599984,87,2685,13365,100
2792511778485331,599984,87,2685,13365,100
2792511783596786,599984,87,2685,13365,100
2792511788708338,599984,87,2685,13365,100
2792511793823325,599984,87,2685,13365,100
2792511798935439,599984,87,2685,13365,100
2792511804047282,599984,87,2685,13365,100
2792511809158783,599984,87,2685,13365,100
2792511814270547,599984,87,2685,13365,100
2792511819382165,599984,87,2685,13365,100
2792511824494775,599984,87,2685,13365,100
2792511829606175,599984,87,2685,13365,100
2792511834717785,599984,87,2685,13365,100
2792511839829549,599984,87,2685,13365,100
2792511844942739,599984,87,2685,13365,100
2792511850054418,599984,87,2685,13365,100
2792511855166126,599984,87,2685,13365,100
2792511860279534,599984,87,2685,13365,100
2792511865391435,599984,87,2685,13365,100
2792511870503771,599984,87,2685,13365,100
2792511875615375,599984,87,2685,13365,100
2792511880726972,599984,87,2685,13365,100
2792511885838984,599984,87,2685,13365,100
2792511890952797,599984,87,2685,13365,100
2792511896066289,599984,87,2685,13365,100
2792511901178097,599984,87,2685,13365,100
2792511906289772,599984,87,2685,13365,100
2792511911401426,599984,87,2685,13365,100
2792511916513947,599984,87,2685,13365,100
2792511921626275,599984,87,2685,13365,100
2792511926739610,599984,87,2685,13365,100
2792511931851074,599984,87,2685,13365,100
2792511936962999,599984,87,2685,13365,100
2792511942074652,599984,87,2685,13365,100
2792511947188777,599984,87,2685,13365,100
2792511952300492,599984,87,2685,13365,100
2792511957413534,599984,87,2685,13365,100
2792511962525022,599984,87,2685,13365,100
2792511967636543,599984,87,2685,13365,100
2792511972748359,599984,87,2685,13365,100
2792511977860799,599984,87,2685,13365,100
2792511982972648,599984,87,2685,13365,100
2792511988084357,599984,87,2685,13365,100
2792511993196525,599984,87,2685,13365,100
2792511998309901,599984,87,2685,13365,100
2792512003421509,599984,87,2685,13365,100
2792512008533450,599984,87,2685,13365,100
2792512013645050,599984,87,2685,13365,100
2792512018756831,599984,87,2685,13365,100
2792512023869243,599984,87,2685,13365,100
2792512028981098,599984,87,2685,13365,100
2792512034093484,599984,87,2685,13365,100
2792512039204792,599984,87,2685,13365,100
2792512044316525,599984,87,2685,13365,100
2792512049429650,599984,87,2685,13365,100
2792512054541008,599984,87,2685,13365,100
2792512059652754,599984,87,2685,13365,100
2792512064766003,599984,87,2685,13365,100
2792512069877819,599984,87,2685,13365,100
2792512074989491,599984,87,2685,13365,100
2792512080118616,599984,87,2685,13365,100
2792512085230328,599984,87,2685,13365,100
2792512090342264,599984,87,2685,13365,100
2792512095454009,599984,87,2685,13365,100
2792512100567354,599984,87,2685,13365,100
2792512105679018,599984,87,2685,13365,100
2792512110792028,599984,87,2685,13365,100
2792512115903693,599984,87,2685,13365,100
2792512121029037,599984,87,2685,13365,100
2792512126141207,599984,87,2685,13365,100
2792512131253028,599988,87,2685,13365,100
2792512136365492,599988,87,2685,13365,100
2792512141477200,599988,87,2685,13365,100
2792512146588873,599988,87,2685,13365,100
2792512151701985,599988,87,2685,13365,100
2792512156815802,599988,87,2685,13365,100
2792512161927507,599988,87,2685,13365,100
2792512167039042,599988,87,2685,13365,100
2792512172150681,599988,87,2685,13365,100
2792512177262391,599988,87,2685,13365,100
2792512182374052,599988,87,2685,13365,100
2792512187486064,599988,87,2685,13365,100
2792512192597897,599988,87,2685,13365,100
2792512197709601,599988,87,2685,13365,100
2792512202822702,599988,87,2685,13365,100
2792512207934210,599988,87,2685,13365,100
2792512213045878,599988,87,2685,13365,100
2792512218157499,599988,87,2685,13365,100
2792512223268955,599988,87,2685,13365,100
2792512228380672,599988,87,2685,13365,100
2792512233492392,599988,87,2685,13365,100
2792512238603928,599988,87,2685,13365,100
2792512243715725,599988,87,2685,13365,100
2792512248827182,599988,87,2685,13365,100
2792512253941897,599988,87,2685,13365,100
2792512259053630,599988,87,2685,13365,100
2792512264165266,599988,87,2685,13365,100
2792512269276838,599988,87,2685,13365,100
2792512274388543,599988,87,2685,13365,100
2792512279500343,599988,87,2685,13365,100
2792512284612758,599988,87,2685,13365,100
2792512289724483,599988,87,2685,13365,100
2792512294836097,599988,87,2685,13365,100
2792512299947653,599988,87,2685,13365,100
2792512305061205,599988,87,2685,13365,100
2792512310172966,599988,87,2685,13365,100
2792512315284765,599988,87,2685,13365,100
2792512320397947,599988,87,2685,13365,100
2792512325509655,599988,87,2685,13365,100
2792512330621464,599988,87,2685,13365,100
2792512335749100,599988,87,2685,13365,100
2792512340861140,599988,87,2685,13365,100
2792512345973011,599988,87,2685,13365,100
2792512351085050,599988,87,2685,13365,100
2792512356198249,599988,87,2685,13365,100
2792512361309910,599988,87,2685,13365,100
2792512366421767,599988,87,2685,13365,100
2792512371534891,599988,87,2685,13365,100
2792512376647927,599988,87,2685,13365,100
2792512381759676,599988,87,2685,13365,100
2792512386871196,599988,87,2685,13365,100
2792512391982938,599988,87,2685,13365,100
2792512397113169,599988,87,2685,13365,100
2792512402224794,599988,87,2685,13365,100
2792512407337870,599988,87,2685,13365,100
2792512412449594,599988,87,2685,13365,100
2792512417561018,599988,87,2685,13365,100
2792512422672651,599988,87,2685,13365,100
2792512427785616,599988,87,2685,13365,100
2792512432897244,599988,87,2685,13365,100
2792512438025116,599988,87,2685,13365,100
2792512443108048,599988,87,2685,13365,100
2792512448219421,599988,87,2685,13365,100
2792512453331338,599988,87,2685,13365,100
2792512458444541,599988,87,2685,13365,100
2792512463556427,599988,87,2685,13365,100
2792512468668230,599988,87,2685,13365,100
2792512473781287,599988,87,2685,13365,100
2792512478892955,599988,87,2685,13365,100
2792512484020990,599988,87,2685,13365,100
2792512489133060,599988,87,2685,13365,100
2792512494244864,599988,87,2685,13365,100
2792512499356517,599988,87,2685,13365,100
2792512504468217,599988,87,2685,13365,100
2792512509603761,599988,87,2685,13365,100
2792512514732416,599988,87,2685,13365,100
2792512519845934,599988,87,2685,13365,100
2792512524959378,599988,87,2685,13365,100
2792512530071019,599988,87,2685,13365,100
2792512535182819,599988,87,2685,13365,100
2792512540294096,599988,87,2685,13365,100
2792512545405752,599988,87,2685,13365,100
2792512550517509,599988,87,2685,13365,100
2792512555630489,599988,87,2685,13365,100
2792512560743522,599988,87,2685,13365,100
2792512565855255,599988,87,2685,13365,100
2792512570967034,599988,87,2685,13365,100
2792512576078762,599988,87,2685,13365,100
2792512581190455,599988,87,2685,13365,100
2792512586302060,599988,87,2685,13365,100
2792512591414128,599988,87,2685,13365,100
2792512596525627,599988,87,2685,13365,100
2792512601637353,599988,87,2685,13365,100
2792512606749190,599988,87,2685,13365,100
2792512611862288,599988,87,2685,13365,100
2792512616974034,599988,87,2685,13365,100
2792512622087018,599988,87,2685,13365,100
2792512627198707,600002,87,2685,13365,100
2792512632311338,600002,87,2685,13365,100
2792512637423620,600002,87,2685,13365,100
2792512642535048,600002,87,2685,13365,100
2792512647647100,600002,87,2685,13365,100
2792512652759081,600002,87,2685,13365,100
2792512657871193,600002,87,2685,13365,100
2792512662984306,600002,87,2685,13365,100
2792512668113308,600002,87,2685,13365,100
2792512673225162,600002,87,2685,13365,100
2792512678336799,600002,87,2685,13365,100
2792512683448400,600002,87,2685,13365,100
2792512688559908,600002,87,2685,13365,100
2792512693671580,600002,87,2685,13365,100
2792512698784313,600002,87,2685,13365,100
2792512703896013,600002,87,2685,13365,100
2792512709025397,600002,87,2685,13365,100
2792512714138761,600002,87,2685,13365,100
2792512719250642,600002,87,2685,13365,100
2792512724362051,600002,87,2685,13365,100
2792512729474229,600002,87,2685,13365,100
2792512734599944,600002,87,2685,13365,100
2792512739749295,600002,87,2685,13365,100
2792512744861396,600002,87,2685,13365,100
2792512749973228,600002,87,2685,13365,100
2792512755085163,600002,87,2685,13365,100
2792512760197265,600002,87,2685,13365,100
2792512765312372,600002,87,2685,13365,100
2792512770425010,600002,87,2685,13365,100
2792512775536770,600002,87,2685,13365,100
2792512780648494,600002,87,2685,13365,100
2792512785760251,600002,87,2685,13365,100
2792512790871703,600002,87,2685,13365,100
2792512795984944,600002,87,2685,13365,100
2792512801116032,600002,87,2685,13365,100
2792512806227669,600002,87,2685,13365,100
2792512811339433,600002,87,2685,13365,100
2792512816452670,600002,87,2685,13365,100
2792512821564693,600002,87,2685,13365,100
2792512826676383,600002,87,2685,13365,100
2792512831789931,600002,87,2685,13365,100
2792512836901673,600002,87,2685,13365,100
2792512842027331,600002,87,2685,13365,100
2792512847139562,600002,87,2685,13365,100
2792512852252461,600002,87,2685,13365,100
2792512857363824,600002,87,2685,13365,100
2792512862475638,600002,87,2685,13365,100
2792512867589027,600002,87,2685,13365,100
2792512872701150,600002,87,2685,13365,100
2792512877812818,600002,87,2685,13365,100
2792512882925339,600002,87,2685,13365,100
2792512888038534,600002,87,2685,13365,100
2792512893151835,600002,87,2685,13365,100
2792512898263512,600002,87,2685,13365,100
2792512903375349,600002,87,2685,13365,100
2792512908487008,600002,87,2685,13365,100
2792512913598809,600002,87,2685,13365,100
2792512918711973,600002,87,2685,13365,100
2792512923823681,600002,87,2685,13365,100
2792512928935567,600002,87,2685,13365,100
2792512934047091,600002,87,2685,13365,100
2792512939158959,600002,87,2685,13365,100
2792512944271344,600002,87,2685,13365,100
2792512949383224,600002,87,2685,13365,100
2792512954497180,600002,87,2685,13365,100
2792512959608668,600002,87,2685,13365,100
2792512964720181,600002,87,2685,13365,100
2792512969833281,600002,87,2685,13365,100
2792512974945070,600002,87,2685,13365,100
2792512980057635,600002,87,2685,13365,100
2792512985171574,600002,87,2685,13365,100
2792512990299580,600002,87,2685,13365,100
2792512995411243,600002,87,2685,13365,100
2792513000524444,600002,87,2685,13365,100
2792513005638866,600002,87,2685,13365,100
2792513010752372,600002,87,2685,13365,100
2792513015864685,600002,87,2685,13365,100
2792513020979486,600002,87,2685,13365,100
2792513026093142,600002,87,2685,13365,100
2792513031206035,600002,87,2685,13365,100
2792513036317965,600002,87,2685,13365,100
2792513041429519,600002,87,2685,13365,100
2792513046541116,600002,87,2685,13365,100
2792513051652848,600002,87,2685,13365,100
2792513056764497,600002,87,2685,13365,100
2792513061876167,600002,87,2685,13365,100
2792513066989346,600002,87,2685,13365,100
2792513072121457,600002,87,2685,13365,100
2792513077285033,600002,87,2685,13365,100
2792513082398310,600002,87,2685,13365,100
2792513087510547,600002,87,2685,13365,100
2792513092622102,600002,87,2685,13365,100
2792513097733672,600002,87,2685,13365,100
2792513102845267,600002,87,2685,13365,100
2792513107957079,600002,87,2685,13365,100
2792513113070118,600002,87,2685,13365,100
2792513118182608,600002,87,2685,13365,100
2792513123296537,600002,87,2685,13365,100
2792513128409482,599979,87,2685,13365,100
2792513133523174,599979,87,2685,13365,100
2792513138636138,599979,87,2685,13365,100
2792513143750971,599979,87,2685,13365,100
2792513148864315,599979,87,2685,13365,100
2792513153978175,599979,87,2685,13365,100
2792513159091608,599979,87,2685,13365,100
2792513164205249,599979,87,2685,13365,100
2792513169319109,599979,87,2685,13365,100
2792513174436997,599979,87,2685,13365,100
2792513179551162,599979,87,2685,13365,100
2792513184664974,599979,87,2685,13365,100
2792513189778836,599979,87,2685,13365,100
2792513194911335,599979,87,2685,13365,100
2792513200026565,599979,87,2685,13365,100
2792513205143464,599979,87,2685,13365,100
2792513210258988,599979,87,2685,13365,100
2792513215373720,599979,87,2685,13365,100
2792513220489017,599979,87,2685,13365,100
2792513225606221,599979,87,2685,13365,100
2792513230722219,599979,87,2685,13365,100
2792513235838463,599979,87,2685,13365,100
2792513240957858,599979,87,2685,13365,100
2792513246075152,599979,87,2685,13365,100
2792513251192289,599979,87,2685,13365,100
2792513256309447,599979,87,2685,13365,100
2792513261426531,599979,87,2685,13365,100
2792513266543852,599979,87,2685,13365,100
2792513271663440,599979,87,2685,13365,100
2792513276782505,599979,87,2685,13365,100
2792513281900105,599979,87,2685,13365,100
2792513287038489,599979,87,2685,13365,100
2792513292156866,599979,87,2685,13365,100
2792513297274066,599979,87,2685,13365,100
2792513302392142,599979,87,2685,13365,100
2792513307509486,599979,87,2685,13365,100
2792513312626536,599979,87,2685,13365,100
2792513317743891,599979,87,2685,13365,100
2792513322863032,599979,87,2685,13365,100
2792513327981680,599979,87,2685,13365,100
2792513333117779,599979,87,2685,13365,100
2792513338234881,599979,87,2685,13365,100
2792513343361357,599979,87,2685,13365,100
2792513348478592,599979,87,2685,13365,100
2792513353595796,599979,87,2685,13365,100
2792513358713115,599979,87,2685,13365,100
2792513363832652,599979,87,2685,13365,100
2792513368950462,599979,87,2685,13365,100
2792513374068553,599979,87,2685,13365,100
2792513379187118,599979,87,2685,13365,100
2792513384304284,599979,87,2685,13365,100
2792513389421507,599979,87,2685,13365,100
2792513394541213,599979,87,2685,13365,100
2792513399658750,599979,87,2685,13365,100
2792513404775845,599979,87,2685,13365,100
2792513409892732,599979,87,2685,13365,100
2792513415031274,599979,87,2685,13365,100
2792513420149866,599979,87,2685,13365,100
2792513425267283,599979,87,2685,13365,100
2792513430385749,599979,87,2685,13365,100
2792513435503033,599979,87,2685,13365,100
2792513440620180,599979,87,2685,13365,100
2792513445737756,599979,87,2685,13365,100
2792513450857352,599979,87,2685,13365,100
2792513455975078,599979,87,2685,13365,100
2792513461092437,599979,87,2685,13365,100
2792513466209614,599979,87,2685,13365,100
2792513471326898,599979,87,2685,13365,100
2792513476444430,599979,87,2685,13365,100
2792513481563018,599979,87,2685,13365,100
2792513486680815,599979,87,2685,13365,100
2792513491797663,599979,87,2685,13365,100
2792513496914996,599979,87,2685,13365,100
2792513502032203,599979,87,2685,13365,100
2792513507149561,599979,87,2685,13365,100
2792513512267191,599979,87,2685,13365,100
2792513517387005,599979,87,2685,13365,100
2792513522503973,599979,87,2685,13365,100
2792513527621712,599979,87,2685,13365,100
2792513532740358,599979,87,2685,13365,100
2792513537858075,599979,87,2685,13365,100
2792513542975418,599979,87,2685,13365,100
2792513548094796,599979,87,2685,13365,100
2792513553211692,599979,87,2685,13365,100
2792513558328880,599979,87,2685,13365,100
2792513563446188,599979,87,2685,13365,100
2792513568563465,599979,87,2685,13365,100
2792513573680564,599979,87,2685,13365,100
2792513578797718,599979,87,2685,13365,100
2792513583916987,599979,87,2685,13365,100
2792513589036164,599979,87,2685,13365,100
2792513594153415,599979,87,2685,13365,100
2792513599270459,599979,87,2685,13365,100
2792513604387672,599979,87,2685,13365,100
2792513609504829,599979,87,2685,13365,100
2792513614623825,599979,87,2685,13365,100
2792513619744013,599979,87,2685,13365,100
2792513624861606,599979,87,2685,13365,100
2792513629979585,600008,87,2685,13365,100
2792513635119026,600008,87,2685,13365,100
2792513640236130,600008,87,2685,13365,100
2792513645371087,600008,87,2685,13365,100
2792513650488187,600008,87,2685,13365,100
2792513655606123,600008,87,2685,13365,100
2792513660723300,600008,87,2685,13365,100
2792513665842840,600008,87,2685,13365,100
2792513670960200,600008,87,2685,13365,100
2792513676077484,600008,87,2685,13365,100
2792513681194537,600008,87,2685,13365,100
2792513686313673,600008,87,2685,13365,100
2792513691430882,600008,87,2685,13365,100
2792513696550450,600008,87,2685,13365,100
2792513701667698,600008,87,2685,13365,100
2792513706785230,600008,87,2685,13365,100
2792513711902875,600008,87,2685,13365,100
2792513717020484,600008,87,2685,13365,100
2792513722137652,600008,87,2685,13365,100
2792513727254648,600008,87,2685,13365,100
2792513732374099,600008,87,2685,13365,100
2792513737492629,600008,87,2685,13365,100
2792513742609548,600008,87,2685,13365,100
2792513747726530,600008,87,2685,13365,100
2792513752843818,600008,87,2685,13365,100
2792513757960887,600008,87,2685,13365,100
2792513763080479,600008,87,2685,13365,100
2792513768197915,600008,87,2685,13365,100
2792513773314944,600008,87,2685,13365,100
2792513778432924,600008,87,2685,13365,100
2792513783550245,600008,87,2685,13365,100
2792513788668737,600008,87,2685,13365,100
2792513793786137,600008,87,2685,13365,100
2792513798905814,600008,87,2685,13365,100
2792513804023226,600008,87,2685,13365,100
2792513809140403,600008,87,2685,13365,100
2792513814257667,600008,87,2685,13365,100
2792513819374679,600008,87,2685,13365,100
2792513824491596,600008,87,2685,13365,100
2792513829610835,600008,87,2685,13365,100
2792513834728221,600008,87,2685,13365,100
2792513839846753,600008,87,2685,13365,100
2792513844964185,600008,87,2685,13365,100
2792513850081094,600008,87,2685,13365,100
2792513855198117,600008,87,2685,13365,100
2792513860316266,600008,87,2685,13365,100
2792513865454200,600008,87,2685,13365,100
2792513870571266,600008,87,2685,13365,100
2792513875688939,600008,87,2685,13365,100
2792513880806175,600008,87,2685,13365,100
2792513885923368,600008,87,2685,13365,100
2792513891041814,600008,87,2685,13365,100
2792513896160699,600008,87,2685,13365,100
2792513901278117,600008,87,2685,13365,100
2792513906395426,600008,87,2685,13365,100
2792513911512861,600008,87,2685,13365,100
2792513916630136,600008,87,2685,13365,100
2792513921747266,600008,87,2685,13365,100
2792513926866878,600008,87,2685,13365,100
2792513931984497,600008,87,2685,13365,100
2792513937127623,600008,87,2685,13365,100
2792513942246371,600008,87,2685,13365,100
2792513947363982,600008,87,2685,13365,100
2792513952481021,600008,87,2685,13365,100
2792513957598161,600008,87,2685,13365,100
2792513962715330,600008,87,2685,13365,100
2792513967834398,600008,87,2685,13365,100
2792513972951602,600008,87,2685,13365,100
2792513978073194,600008,87,2685,13365,100
2792513983191255,600008,87,2685,13365,100
2792513988308317,600008,87,2685,13365,100
2792513993426676,600008,87,2685,13365,100
2792513998546066,600008,87,2685,13365,100
2792514003663310,600008,87,2685,13365,100
2792514008780362,600008,87,2685,13365,100
2792514013898121,600008,87,2685,13365,100
2792514019036981,600008,87,2685,13365,100
2792514024155101,600008,87,2685,13365,100
2792514029272546,600008,87,2685,13365,100
2792514034389762,600008,87,2685,13365,100
2792514039506863,600008,87,2685,13365,100
2792514044625073,600008,87,2685,13365,100
2792514049742135,600008,87,2685,13365,100
2792514054862007,600008,87,2685,13365,100
2792514059979000,600008,87,2685,13365,100
2792514065096532,600008,87,2685,13365,100
2792514070213896,600008,87,2685,13365,100
2792514075330801,600008,87,2685,13365,100
2792514080447721,600008,87,2685,13365,100
2792514085564793,600008,87,2685,13365,100
2792514090681930,600008,87,2685,13365,100
2792514095802858,600008,87,2685,13365,100
2792514100920131,600008,87,2685,13365,100
2792514106037587,600008,87,2685,13365,100
2792514111154576,600008,87,2685,13365,100
2792514116271720,600008,87,2685,13365,100
2792514121389316,600008,87,2685,13365,100
2792514126508405,600008,87,2685,13365,100
2792514131626113,600024,87,2685,13365,100
2792514136745557,600024,87,2685,13365,100
2792514141863141,600024,87,2685,13365,100
2792514146981647,600024,87,2685,13365,100
2792514152121106,600024,87,2685,13365,100
2792514157238601,600024,87,2685,13365,100
2792514162355844,600024,87,2685,13365,100
2792514167472799,600024,87,2685,13365,100
2792514172589684,600024,87,2685,13365,100
2792514177707079,600024,87,2685,13365,100
2792514182825992,600024,87,2685,13365,100
2792514187943102,600024,87,2685,13365,100
2792514193060434,600024,87,2685,13365,100
2792514198178926,600024,87,2685,13365,100
2792514203310786,600024,87,2685,13365,100
2792514208428200,600024,87,2685,13365,100
2792514213547211,600024,87,2685,13365,100
2792514218664487,600024,87,2685,13365,100
2792514223781298,600024,87,2685,13365,100
2792514228898200,600024,87,2685,13365,100
2792514234036521,600024,87,2685,13365,100
2792514239154680,600024,87,2685,13365,100
2792514244272157,600024,87,2685,13365,100
2792514249390482,600024,87,2685,13365,100
2792514254508013,600024,87,2685,13365,100
2792514259625382,600024,87,2685,13365,100
2792514264743353,600024,87,2685,13365,100
2792514269862023,600024,87,2685,13365,100
2792514274979283,600024,87,2685,13365,100
2792514280097024,600024,87,2685,13365,100
2792514285214252,600024,87,2685,13365,100
2792514290331364,600024,87,2685,13365,100
2792514295448788,600024,87,2685,13365,100
2792514300584365,600024,87,2685,13365,100
2792514305701221,600024,87,2685,13365,100
2792514310820454,600024,87,2685,13365,100
2792514315937330,600024,87,2685,13365,100
2792514321054221,600024,87,2685,13365,100
2792514326172347,600024,87,2685,13365,100
2792514331289971,600024,87,2685,13365,100
2792514336406987,600024,87,2685,13365,100
2792514341525711,600024,87,2685,13365,100
2792514346643372,600024,87,2685,13365,100
2792514351762165,600024,87,2685,13365,100
2792514356879093,600024,87,2685,13365,100
2792514361996257,600024,87,2685,13365,100
2792514367140187,600024,87,2685,13365,100
2792514372257484,600024,87,2685,13365,100
2792514377374567,600024,87,2685,13365,100
2792514382492199,600024,87,2685,13365,100
2792514387609395,600024,87,2685,13365,100
2792514392726511,600024,87,2685,13365,100
2792514397845876,600024,87,2685,13365,100
2792514402964332,600024,87,2685,13365,100
2792514408081609,600024,87,2685,13365,100
2792514413198865,600024,87,2685,13365,100
2792514418315803,600024,87,2685,13365,100
2792514423432726,600024,87,2685,13365,100
2792514428552092,600024,87,2685,13365,100
2792514433668910,600024,87,2685,13365,100
2792514438786759,600024,87,2685,13365,100
2792514443873371,600024,87,2685,13365,100
2792514448998823,600024,87,2685,13365,100
2792514454135582,600024,87,2685,13365,100
2792514459252739,600024,87,2685,13365,100
2792514464369812,600024,87,2685,13365,100
2792514469487315,600024,87,2685,13365,100
2792514474604781,600024,87,2685,13365,100
2792514479722186,600024,87,2685,13365,100
2792514484841022,600024,87,2685,13365,100
2792514489958003,600024,87,2685,13365,100
2792514495075327,600024,87,2685,13365,100
2792514500192327,600024,87,2685,13365,100
2792514505310767,600024,87,2685,13365,100
2792514510428468,600024,87,2685,13365,100
2792514515547707,600024,87,2685,13365,100
2792514520665281,600024,87,2685,13365,100
2792514525783365,600024,87,2685,13365,100
2792514530901009,600024,87,2685,13365,100
2792514536036932,600024,87,2685,13365,100
2792514541154856,600024,87,2685,13365,100
2792514546272220,600024,87,2685,13365,100
2792514551389225,600024,87,2685,13365,100
2792514556507315,600024,87,2685,13365,100
2792514561636511,600024,87,2685,13365,100
2792514566753480,600024,87,2685,13365,100
2792514571872856,600024,87,2685,13365,100
2792514576990577,600024,87,2685,13365,100
2792514582126186,600024,87,2685,13365,100
2792514587243262,600024,87,2685,13365,100
2792514592360472,600024,87,2685,13365,100
2792514597477818,600024,87,2685,13365,100
2792514602595388,600024,87,2685,13365,100
2792514607713934,600024,87,2685,13365,100
2792514612830923,600024,87,2685,13365,100
2792514617948476,600024,87,2685,13365,100
2792514623065804,600024,87,2685,13365,100
2792514628183192,600020,87,2685,13365,100
2792514633302427,600020,87,2685,13365,100
2792514638419513,600020,87,2685,13365,100
2792514643538437,600020,87,2685,13365,100
2792514648655562,600020,87,2685,13365,100
2792514653773266,600020,87,2685,13365,100
2792514658891971,600020,87,2685,13365,100
2792514664032407,600020,87,2685,13365,100
2792514669150517,600020,87,2685,13365,100
2792514674267667,600020,87,2685,13365,100
2792514679385064,600020,87,2685,13365,100
2792514684502496,600020,87,2685,13365,100
2792514689619717,600020,87,2685,13365,100
2792514694737039,600020,87,2685,13365,100
2792514699856817,600020,87,2685,13365,100
2792514704973915,600020,87,2685,13365,100
2792514710092647,600020,87,2685,13365,100
2792514715209497,600020,87,2685,13365,100
2792514720326969,600020,87,2685,13365,100
2792514725444000,600020,87,2685,13365,100
2792514730566532,600020,87,2685,13365,100
2792514735683596,600020,87,2685,13365,100
2792514740801053,600020,87,2685,13365,100
2792514745918597,600020,87,2685,13365,100
2792514751035865,600020,87,2685,13365,100
2792514756153165,600020,87,2685,13365,100
2792514761274422,600020,87,2685,13365,100
2792514766391735,600020,87,2685,13365,100
2792514771508923,600020,87,2685,13365,100
2792514776626102,600020,87,2685,13365,100
2792514781743347,600020,87,2685,13365,100
2792514786861100,600020,87,2685,13365,100
2792514791978148,600020,87,2685,13365,100
2792514797096428,600020,87,2685,13365,100
2792514802213673,600020,87,2685,13365,100
2792514807330735,600020,87,2685,13365,100
2792514812449374,600020,87,2685,13365,100
2792514817567124,600020,87,2685,13365,100
2792514822684486,600020,87,2685,13365,100
2792514827801407,600020,87,2685,13365,100
2792514832918810,600020,87,2685,13365,100
2792514838035601,600020,87,2685,13365,100
2792514843152644,600020,87,2685,13365,100
2792514848269765,600020,87,2685,13365,100
2792514853387089,600020,87,2685,13365,100
2792514858505888,600020,87,2685,13365,100
2792514863624437,600020,87,2685,13365,100
2792514868741528,600020,87,2685,13365,100
2792514873863958,600020,87,2685,13365,100
2792514878993766,600020,87,2685,13365,100
2792514884131721,600020,87,2685,13365,100
2792514889248858,600020,87,2685,13365,100
2792514894366155,600020,87,2685,13365,100
2792514899483596,600020,87,2685,13365,100
2792514904600788,600020,87,2685,13365,100
2792514909718088,600020,87,2685,13365,100
2792514914838920,600020,87,2685,13365,100
2792514919956781,600020,87,2685,13365,100
2792514925074025,600020,87,2685,13365,100
2792514930190827,600020,87,2685,13365,100
2792514935307906,600020,87,2685,13365,100
2792514940425543,600020,87,2685,13365,100
2792514945543183,600020,87,2685,13365,100
2792514950660397,600020,87,2685,13365,100
2792514955795042,600020,87,2685,13365,100
2792514960912436,600020,87,2685,13365,100
2792514966031264,600020,87,2685,13365,100
2792514971148660,600020,87,2685,13365,100
2792514976268359,600020,87,2685,13365,100
2792514981386053,600020,87,2685,13365,100
2792514986504077,600020,87,2685,13365,100
2792514991621270,600020,87,2685,13365,100
2792514996738626,600020,87,2685,13365,100
2792515001856151,600020,87,2685,13365,100
2792515006973423,600020,87,2685,13365,100
2792515012090870,600020,87,2685,13365,100
2792515017209474,600020,87,2685,13365,100
2792515022326848,600020,87,2685,13365,100
2792515027446430,600020,87,2685,13365,100
2792515032563987,600020,87,2685,13365,100
2792515037681541,600020,87,2685,13365,100
2792515042798905,600020,87,2685,13365,100
2792515047915940,600020,87,2685,13365,100
2792515053033754,600020,87,2685,13365,100
2792515058151543,600020,87,2685,13365,100
2792515063269155,600020,87,2685,13365,100
2792515068388056,600020,87,2685,13365,100
2792515073505812,600020,87,2685,13365,100
2792515078623587,600020,87,2685,13365,100
2792515083741077,600020,87,2685,13365,100
2792515088858245,600020,87,2685,13365,100
2792515093977913,600020,87,2685,13365,100
2792515099095162,600020,87,2685,13365,100
2792515104212368,600020,87,2685,13365,100
2792515109329566,600020,87,2685,13365,100
2792515114446659,600020,87,2685,13365,100
2792515119565181,600020,87,2685,13365,100
2792515124684215,600020,87,2685,13365,100
2792515129801838,599987,87,2685,13365,100
2792515134920904,599987,87,2685,13365,100
2792515140038245,599987,87,2685,13365,100
2792515145155573,599987,87,2685,13365,100
2792515150273062,599987,87,2685,13365,100
2792515155390322,599987,87,2685,13365,100
2792515160507376,599987,87,2685,13365,100
2792515165624590,599987,87,2685,13365,100
2792515170743043,599987,87,2685,13365,100
2792515175860410,599987,87,2685,13365,100
2792515180977836,599987,87,2685,13365,100
2792515186095000,599987,87,2685,13365,100
2792515191213932,599987,87,2685,13365,100
2792515196331081,599987,87,2685,13365,100
2792515201448409,599987,87,2685,13365,100
2792515206565645,599987,87,2685,13365,100
2792515211683210,599987,87,2685,13365,100
2792515216800599,599987,87,2685,13365,100
2792515221920609,599987,87,2685,13365,100
2792515227038255,599987,87,2685,13365,100
2792515232155700,599987,87,2685,13365,100
2792515237273172,599987,87,2685,13365,100
2792515242390472,599987,87,2685,13365,100
2792515247507945,599987,87,2685,13365,100
2792515252624848,599987,87,2685,13365,100
2792515257744139,599987,87,2685,13365,100
2792515262861486,599987,87,2685,13365,100
2792515267978634,599987,87,2685,13365,100
2792515273098027,599987,87,2685,13365,100
2792515278215237,599987,87,2685,13365,100
2792515283332981,599987,87,2685,13365,100
2792515288450331,599987,87,2685,13365,100
2792515293567636,599987,87,2685,13365,100
2792515298685448,599987,87,2685,13365,100
2792515303804979,599987,87,2685,13365,100
2792515308921941,599987,87,2685,13365,100
2792515314039213,599987,87,2685,13365,100
2792515319157714,599987,87,2685,13365,100
2792515324276298,599987,87,2685,13365,100
2792515329393434,599987,87,2685,13365,100
2792515334513725,599987,87,2685,13365,100
2792515339631229,599987,87,2685,13365,100
2792515344748383,599987,87,2685,13365,100
2792515349865536,599987,87,2685,13365,100
2792515354982752,599987,87,2685,13365,100
2792515360123480,599987,87,2685,13365,100
2792515365240664,599987,87,2685,13365,100
2792515370357614,599987,87,2685,13365,100
2792515375476414,599987,87,2685,13365,100
2792515380593984,599987,87,2685,13365,100
2792515385711503,599987,87,2685,13365,100
2792515390830786,599987,87,2685,13365,100
2792515395948103,599987,87,2685,13365,100
2792515401065624,599987,87,2685,13365,100
2792515406182484,599987,87,2685,13365,100
2792515411299665,599987,87,2685,13365,100
2792515416416775,599987,87,2685,13365,100
2792515421536445,599987,87,2685,13365,100
2792515426655004,599987,87,2685,13365,100
2792515431772148,599987,87,2685,13365,100
2792515436889482,599987,87,2685,13365,100
2792515442035546,599987,87,2685,13365,100
2792515447153450,599987,87,2685,13365,100
2792515452285167,599987,87,2685,13365,100
2792515457402215,599987,87,2685,13365,100
2792515462519320,599987,87,2685,13365,100
2792515467636733,599987,87,2685,13365,100
2792515472754103,599987,87,2685,13365,100
2792515477874885,599987,87,2685,13365,100
2792515482992381,599987,87,2685,13365,100
2792515488130050,599987,87,2685,13365,100
2792515493247120,599987,87,2685,13365,100
2792515498365418,599987,87,2685,13365,100
2792515503482671,599987,87,2685,13365,100
2792515508600343,599987,87,2685,13365,100
2792515513718037,599987,87,2685,13365,100
2792515518837260,599987,87,2685,13365,100
2792515523954426,599987,87,2685,13365,100
2792515529073484,599987,87,2685,13365,100
2792515534191189,599987,87,2685,13365,100
2792515539308633,599987,87,2685,13365,100
2792515544425937,599987,87,2685,13365,100
2792515549545034,599987,87,2685,13365,100
2792515554662680,599987,87,2685,13365,100
2792515559780277,599987,87,2685,13365,100
2792515564898051,599987,87,2685,13365,100
2792515570034375,599987,87,2685,13365,100
2792515575152648,599987,87,2685,13365,100
2792515580271404,599987,87,2685,13365,100
2792515585393728,599987,87,2685,13365,100
2792515590511145,599987,87,2685,13365,100
2792515595628181,599987,87,2685,13365,100
2792515600745199,599987,87,2685,13365,100
2792515605864638,599987,87,2685,13365,100
2792515610999158,599987,87,2685,13365,100
2792515616134370,599987,87,2685,13365,100
2792515621251778,599987,87,2685,13365,100
2792515626370875,599987,87,2685,13365,100
2792515631490047,600000,87,2685,13365,100
2792515636609184,600000,87,2685,13365,100
2792515641727544,600000,87,2685,13365,100
2792515646844851,600000,87,2685,13365,100
2792515651961923,600000,87,2685,13365,100
2792515657079047,600000,87,2685,13365,100
2792515662198102,600000,87,2685,13365,100
2792515667315550,600000,87,2685,13365,100
2792515672432878,600000,87,2685,13365,100
2792515677550379,600000,87,2685,13365,100
2792515682668921,600000,87,2685,13365,100
2792515687786200,600000,87,2685,13365,100
2792515692904583,600000,87,2685,13365,100
2792515698022180,600000,87,2685,13365,100
2792515703139461,600000,87,2685,13365,100
2792515708257163,600000,87,2685,13365,100
2792515713374687,600000,87,2685,13365,100
2792515718492457,600000,87,2685,13365,100
2792515723610669,600000,87,2685,13365,100
2792515728730615,600000,87,2685,13365,100
2792515733849405,600000,87,2685,13365,100
2792515738966469,600000,87,2685,13365,100
2792515744084543,600000,87,2685,13365,100
2792515749201716,600000,87,2685,13365,100
2792515754321862,600000,87,2685,13365,100
2792515759439229,600000,87,2685,13365,100
2792515764556537,600000,87,2685,13365,100
2792515769673955,600000,87,2685,13365,100
2792515774791109,600000,87,2685,13365,100
2792515779908298,600000,87,2685,13365,100
2792515785027138,600000,87,2685,13365,100
2792515790144639,600000,87,2685,13365,100
2792515795261963,600000,87,2685,13365,100
2792515800379002,600000,87,2685,13365,100
2792515805496100,600000,87,2685,13365,100
2792515810613485,600000,87,2685,13365,100
2792515815730644,600000,87,2685,13365,100
2792515820849347,600000,87,2685,13365,100
2792515825966318,600000,87,2685,13365,100
2792515831083522,600000,87,2685,13365,100
2792515836202394,600000,87,2685,13365,100
2792515841319642,600000,87,2685,13365,100
2792515846437295,600000,87,2685,13365,100
2792515851556835,600000,87,2685,13365,100
2792515856674035,600000,87,2685,13365,100
2792515861791124,600000,87,2685,13365,100
2792515866908779,600000,87,2685,13365,100
2792515872026012,600000,87,2685,13365,100
2792515877143141,600000,87,2685,13365,100
2792515882260172,600000,87,2685,13365,100
2792515887381230,600000,87,2685,13365,100
2792515892498594,600000,87,2685,13365,100
2792515897616350,600000,87,2685,13365,100
2792515902733651,600000,87,2685,13365,100
2792515907851193,600000,87,2685,13365,100
2792515912968231,600000,87,2685,13365,100
2792515918087896,600000,87,2685,13365,100
2792515923204869,600000,87,2685,13365,100
2792515928322271,600000,87,2685,13365,100
2792515933439643,600000,87,2685,13365,100
2792515938558660,600000,87,2685,13365,100
2792515943645314,600000,87,2685,13365,100
2792515948761923,600000,87,2685,13365,100
2792515953878967,600000,87,2685,13365,100
2792515958996487,600000,87,2685,13365,100
2792515964131911,600000,87,2685,13365,100
2792515969249160,600000,87,2685,13365,100
2792515974366928,600000,87,2685,13365,100
2792515979484035,600000,87,2685,13365,100
2792515984602445,600000,87,2685,13365,100
2792515989721142,600000,87,2685,13365,100
2792515994840310,600000,87,2685,13365,100
2792515999957412,600000,87,2685,13365,100
2792516005074650,600000,87,2685,13365,100
2792516010191629,600000,87,2685,13365,100
2792516015308619,600000,87,2685,13365,100
2792516020426412,600000,87,2685,13365,100
2792516025546676,600000,87,2685,13365,100
2792516030663508,600000,87,2685,13365,100
2792516035780889,600000,87,2685,13365,100
2792516040899481,600000,87,2685,13365,100
2792516046036711,600000,87,2685,13365,100
2792516051155097,600000,87,2685,13365,100
2792516056272594,600000,87,2685,13365,100
2792516061389526,600000,87,2685,13365,100
2792516066506971,600000,87,2685,13365,100
2792516071623963,600000,87,2685,13365,100
2792516076746347,600000,87,2685,13365,100
2792516081865712,600000,87,2685,13365,100
2792516086983096,600000,87,2685,13365,100
2792516092120425,600000,87,2685,13365,100
2792516097238089,600000,87,2685,13365,100
2792516102355393,600000,87,2685,13365,100
2792516107472631,600000,87,2685,13365,100
2792516112589708,600000,87,2685,13365,100
2792516117706827,600000,87,2685,13365,100
2792516122825851,600000,87,2685,13365,100
2792516127943674,600021,87,2677,13365,100
2792516133063084,600021,87,2677,13365,100
2792516138180590,600021,87,2677,13365,100
2792516143299016,600021,87,2677,13365,100
2792516148416313,600021,87,2677,13365,100
2792516153535541,600021,87,2677,13365,100
2792516158652649,600021,87,2677,13365,100
2792516163769361,600021,87,2677,13365,100
2792516168887130,600021,87,2677,13365,100
2792516174022615,600021,87,2677,13365,100
2792516179140238,600021,87,2677,13365,100
2792516184257423,600021,87,2677,13365,100
2792516189374467,600021,87,2677,13365,100
2792516194493666,600021,87,2677,13365,100
2792516199611110,600021,87,2677,13365,100
2792516204730967,600021,87,2677,13365,100
2792516209848511,600021,87,2677,13365,100
2792516214965890,600021,87,2677,13365,100
2792516220083002,600021,87,2677,13365,100
2792516225200790,600021,87,2677,13365,100
2792516230317970,600021,87,2677,13365,100
2792516235435202,600021,87,2677,13365,100
2792516240553097,600021,87,2677,13365,100
2792516245671902,600021,87,2677,13365,100
2792516250789080,600021,87,2677,13365,100
2792516255907680,600021,87,2677,13365,100
2792516261025082,600021,87,2677,13365,100
2792516266159961,600021,87,2677,13365,100
2792516271277277,600021,87,2677,13365,100
2792516276394655,600021,87,2677,13365,100
2792516281511932,600021,87,2677,13365,100
2792516286629006,600021,87,2677,13365,100
2792516291746379,600021,87,2677,13365,100
2792516296876895,600021,87,2677,13365,100
2792516301995179,600021,87,2677,13365,100
2792516307137939,600021,87,2677,13365,100
2792516312256372,600021,87,2677,13365,100
2792516317374962,600021,87,2677,13365,100
2792516322494772,600021,87,2677,13365,100
2792516327612965,600021,87,2677,13365,100
2792516332730330,600021,87,2677,13365,100
2792516337849522,600021,87,2677,13365,100
2792516342967064,600021,87,2677,13365,100
2792516348085669,600021,87,2677,13365,100
2792516353202811,600021,87,2677,13365,100
2792516358320583,600021,87,2677,13365,100
2792516363437476,600021,87,2677,13365,100
2792516368555999,600021,87,2677,13365,100
2792516373652168,600021,87,2677,13365,100
2792516378741254,600021,87,2677,13365,100
2792516383842067,600021,87,2677,13365,100
2792516388945944,600021,87,2677,13365,100
2792516394048643,600021,87,2677,13365,100
2792516399150626,600021,87,2677,13365,100
2792516404267457,600021,87,2677,13365,100
2792516409384736,600021,87,2677,13365,100
2792516414502060,600021,87,2677,13365,100
2792516419618480,600021,87,2677,13365,100
2792516424733935,600021,87,2677,13365,100
2792516429848605,600021,87,2677,13365,100
2792516434963704,600021,87,2677,13365,100
2792516440083650,600021,87,2677,13365,100
2792516445198440,600021,87,2677,13365,100
2792516450294681,600021,87,2677,13365,100
2792516455392251,600021,87,2677,13365,100
2792516460492506,600021,87,2677,13365,100
2792516465589952,600021,87,2677,13365,100
2792516470704209,600021,87,2677,13365,100
2792516475817673,600021,87,2677,13365,100
2792516480931511,600021,87,2677,13365,100
2792516486045421,600021,87,2677,13365,100
2792516491159578,600021,87,2677,13365,100
2792516496273890,600021,87,2677,13365,100
2792516501392451,600021,87,2677,13365,100
2792516506510575,600021,87,2677,13365,100
2792516511626224,600021,87,2677,13365,100
2792516516754696,600021,87,2677,13365,100
2792516521870321,600021,87,2677,13365,100
2792516526986633,600021,87,2677,13365,100
2792516532123049,600021,87,2677,13365,100
2792516537240577,600021,87,2677,13365,100
2792516542356866,600021,87,2677,13365,100
2792516547473082,600021,87,2677,13365,100
2792516552590859,600021,87,2677,13365,100
2792516557708219,600021,87,2677,13365,100
2792516562825323,600021,87,2677,13365,100
2792516567942346,600021,87,2677,13365,100
2792516573061772,600021,87,2677,13365,100
2792516578179045,600021,87,2677,13365,100
2792516583296241,600021,87,2677,13365,100
2792516588413237,600021,87,2677,13365,100
2792516593530247,600021,87,2677,13365,100
2792516598647374,600021,87,2677,13365,100
2792516603767003,600021,87,2677,13365,100
2792516608884486,600021,87,2677,13365,100
2792516614025515,600021,87,2677,13365,100
2792516619143551,600021,87,2677,13365,100
2792516624260640,600021,87,2677,13365,100
2792516629377950,599968,87,2677,13365,100
2792516634496980,599968,87,2677,13365,100
2792516639614153,599968,87,2677,13365,100
2792516644731323,599968,87,2677,13365,100
2792516649848815,599968,87,2677,13365,100
2792516654967598,599968,87,2677,13365,100
2792516660084658,599968,87,2677,13365,100
2792516665201963,599968,87,2677,13365,100
2792516670320353,599968,87,2677,13365,100
2792516675439143,599968,87,2677,13365,100
2792516680558683,599968,87,2677,13365,100
2792516685678286,599968,87,2677,13365,100
2792516690797972,599968,87,2677,13365,100
2792516695917605,599968,87,2677,13365,100
2792516701036945,599968,87,2677,13365,100
2792516706158910,599968,87,2677,13365,100
2792516711280334,599968,87,2677,13365,100
2792516716398354,599968,87,2677,13365,100
2792516721518182,599968,87,2677,13365,100
2792516726638601,599968,87,2677,13365,100
2792516731757459,599968,87,2677,13365,100
2792516736877228,599968,87,2677,13365,100
2792516742028940,599968,87,2677,13365,100
2792516747146985,599968,87,2677,13365,100
2792516752265169,599968,87,2677,13365,100
2792516757385267,599968,87,2677,13365,100
2792516762503221,599968,87,2677,13365,100
2792516767622101,599968,87,2677,13365,100
2792516772739258,599968,87,2677,13365,100
2792516777858858,599968,87,2677,13365,100
2792516782976141,599968,87,2677,13365,100
2792516788093431,599968,87,2677,13365,100
2792516793210377,599968,87,2677,13365,100
2792516798328452,599968,87,2677,13365,100
2792516803445280,599968,87,2677,13365,100
2792516808565365,599968,87,2677,13365,100
2792516813682360,599968,87,2677,13365,100
2792516818800217,599968,87,2677,13365,100
2792516823917449,599968,87,2677,13365,100
2792516829035400,599968,87,2677,13365,100
2792516834152685,599968,87,2677,13365,100
2792516839269771,599968,87,2677,13365,100
2792516844389108,599968,87,2677,13365,100
2792516849506105,599968,87,2677,13365,100
2792516854623380,599968,87,2677,13365,100
2792516859742072,599968,87,2677,13365,100
2792516864859380,599968,87,2677,13365,100
2792516869976330,599968,87,2677,13365,100
2792516875096434,599968,87,2677,13365,100
2792516880214366,599968,87,2677,13365,100
2792516885331646,599968,87,2677,13365,100
2792516890448615,599968,87,2677,13365,100
2792516895566135,599968,87,2677,13365,100
2792516900683156,599968,87,2677,13365,100
2792516905800326,599968,87,2677,13365,100
2792516910920940,599968,87,2677,13365,100
2792516916038244,599968,87,2677,13365,100
2792516921173959,599968,87,2677,13365,100
2792516926291017,599968,87,2677,13365,100
2792516931408721,599968,87,2677,13365,100
2792516936526065,599968,87,2677,13365,100
2792516941645598,599968,87,2677,13365,100
2792516946763159,599968,87,2677,13365,100
2792516951880418,599968,87,2677,13365,100
2792516956997779,599968,87,2677,13365,100
2792516962141267,599968,87,2677,13365,100
2792516967259307,599968,87,2677,13365,100
2792516972377212,599968,87,2677,13365,100
2792516977501941,599968,87,2677,13365,100
2792516982632651,599968,87,2677,13365,100
2792516987752615,599968,87,2677,13365,100
2792516992872061,599968,87,2677,13365,100
2792516997988997,599968,87,2677,13365,100
2792517003126916,599968,87,2677,13365,100
2792517008244142,599968,87,2677,13365,100
2792517013362691,599968,87,2677,13365,100
2792517018479999,599968,87,2677,13365,100
2792517023597155,599968,87,2677,13365,100
2792517028713980,599968,87,2677,13365,100
2792517033833336,599968,87,2677,13365,100
2792517038950599,599968,87,2677,13365,100
2792517044067903,599968,87,2677,13365,100
2792517049185317,599968,87,2677,13365,100
2792517054302825,599968,87,2677,13365,100
2792517059419936,599968,87,2677,13365,100
2792517064541334,599968,87,2677,13365,100
2792517069658825,599968,87,2677,13365,100
2792517074776443,599968,87,2677,13365,100
2792517079893363,599968,87,2677,13365,100
2792517085033668,599968,87,2677,13365,100
2792517090152402,599968,87,2677,13365,100
2792517095269760,599968,87,2677,13365,100
2792517100387345,599968,87,2677,13365,100
2792517105504395,599968,87,2677,13365,100
2792517110640925,599968,87,2677,13365,100
2792517115759738,599968,87,2677,13365,100
2792517120878976,599968,87,2677,13365,100
2792517125996226,599968,87,2677,13365,100
2792517131131059,599980,87,2685,13365,100
2792517136250251,599980,87,2685,13365,100
2792517141367188,599980,87,2685,13365,100
2792517146484232,599980,87,2685,13365,100
2792517151601348,599980,87,2685,13365,100
2792517156718527,599980,87,2685,13365,100
2792517161837593,599980,87,2685,13365,100
2792517166956866,599980,87,2685,13365,100
2792517172074114,599980,87,2685,13365,100
2792517177191426,599980,87,2685,13365,100
2792517182308510,599980,87,2685,13365,100
2792517187426219,599980,87,2685,13365,100
2792517192545015,599980,87,2685,13365,100
2792517197662623,599980,87,2685,13365,100
2792517202780060,599980,87,2685,13365,100
2792517207897624,599980,87,2685,13365,100
2792517213037041,599980,87,2685,13365,100
2792517218156285,599980,87,2685,13365,100
2792517223273545,599980,87,2685,13365,100
2792517228390909,599980,87,2685,13365,100
2792517233508098,599980,87,2685,13365,100
2792517238640138,599980,87,2685,13365,100
2792517243757595,599980,87,2685,13365,100
2792517248876675,599980,87,2685,13365,100
2792517253993867,599980,87,2685,13365,100
2792517259129264,599980,87,2685,13365,100
2792517264246170,599980,87,2685,13365,100
2792517269365469,599980,87,2685,13365,100
2792517274483105,599980,87,2685,13365,100
2792517279600463,599980,87,2685,13365,100
2792517284718021,599980,87,2685,13365,100
2792517289836782,599980,87,2685,13365,100
2792517294954382,599980,87,2685,13365,100
2792517300071503,599980,87,2685,13365,100
2792517305188863,599980,87,2685,13365,100
2792517310305719,599980,87,2685,13365,100
2792517315423167,599980,87,2685,13365,100
2792517320544418,599980,87,2685,13365,100
2792517325661705,599980,87,2685,13365,100
2792517330779253,599980,87,2685,13365,100
2792517335897186,599980,87,2685,13365,100
2792517341034270,599980,87,2685,13365,100
2792517346153433,599980,87,2685,13365,100
2792517351270583,599980,87,2685,13365,100
2792517356387708,599980,87,2685,13365,100
2792517361504951,599980,87,2685,13365,100
2792517366622932,599980,87,2685,13365,100
2792517371744308,599980,87,2685,13365,100
2792517376863594,599980,87,2685,13365,100
2792517381981736,599980,87,2685,13365,100
2792517387119409,599980,87,2685,13365,100
2792517392236734,599980,87,2685,13365,100
2792517397353593,599980,87,2685,13365,100
2792517402471021,599980,87,2685,13365,100
2792517407588422,599980,87,2685,13365,100
2792517412705515,599980,87,2685,13365,100
2792517417824915,599980,87,2685,13365,100
2792517422943495,599980,87,2685,13365,100
2792517428060908,599980,87,2685,13365,100
2792517433178268,599980,87,2685,13365,100
2792517438295612,599980,87,2685,13365,100
2792517443413225,599980,87,2685,13365,100
2792517448539022,599980,87,2685,13365,100
2792517453656232,599980,87,2685,13365,100
2792517458773369,599980,87,2685,13365,100
2792517463890494,599980,87,2685,13365,100
2792517469031014,599980,87,2685,13365,100
2792517474150663,599980,87,2685,13365,100
2792517479267783,599980,87,2685,13365,100
2792517484385565,599980,87,2685,13365,100
2792517489508362,599980,87,2685,13365,100
2792517494626214,599980,87,2685,13365,100
2792517499743331,599980,87,2685,13365,100
2792517504862673,599980,87,2685,13365,100
2792517509980267,599980,87,2685,13365,100
2792517515123624,599980,87,2685,13365,100
2792517520241394,599980,87,2685,13365,100
2792517525360007,599980,87,2685,13365,100
2792517530479575,599980,87,2685,13365,100
2792517535597081,599980,87,2685,13365,100
2792517540714039,599980,87,2685,13365,100
2792517545831210,599980,87,2685,13365,100
2792517550948096,599980,87,2685,13365,100
2792517556065217,599980,87,2685,13365,100
2792517561182283,599980,87,2685,13365,100
2792517566299901,599980,87,2685,13365,100
2792517571417006,599980,87,2685,13365,100
2792517576553013,599980,87,2685,13365,100
2792517581670134,599980,87,2685,13365,100
2792517586787094,599980,87,2685,13365,100
2792517591904409,599980,87,2685,13365,100
2792517597024781,599980,87,2685,13365,100
2792517602142278,599980,87,2685,13365,100
2792517607259862,599980,87,2685,13365,100
2792517612377487,599980,87,2685,13365,100
2792517617494837,599980,87,2685,13365,100
2792517622612141,599980,87,2685,13365,100
2792517627732374,600018,87,2677,13365,100
2792517632850842,600018,87,2677,13365,100
2792517637976982,600018,87,2677,13365,100
2792517643094146,600018,87,2677,13365,100
2792517648211227,600018,87,2677,13365,100
2792517653328360,600018,87,2677,13365,100
2792517658445484,600018,87,2677,13365,100
2792517663563168,600018,87,2677,13365,100
2792517668680508,600018,87,2677,13365,100
2792517673797993,600018,87,2677,13365,100
2792517678916622,600018,87,2677,13365,100
2792517684034270,600018,87,2677,13365,100
2792517689151352,600018,87,2677,13365,100
2792517694271371,600018,87,2677,13365,100
2792517699389967,600018,87,2677,13365,100
2792517704510227,600018,87,2677,13365,100
2792517709630550,600018,87,2677,13365,100
2792517714751007,600018,87,2677,13365,100
2792517719872068,600018,87,2677,13365,100
2792517724992532,600018,87,2677,13365,100
2792517730130145,600018,87,2677,13365,100
2792517735250441,600018,87,2677,13365,100
2792517740370150,600018,87,2677,13365,100
2792517745490033,600018,87,2677,13365,100
2792517750609058,600018,87,2677,13365,100
2792517755726794,600018,87,2677,13365,100
2792517760845191,600018,87,2677,13365,100
2792517765967507,600018,87,2677,13365,100
2792517771085687,600018,87,2677,13365,100
2792517776203220,600018,87,2677,13365,100
2792517781323709,600018,87,2677,13365,100
2792517786440553,600018,87,2677,13365,100
2792517791557845,600018,87,2677,13365,100
2792517796675238,600018,87,2677,13365,100
2792517801792086,600018,87,2677,13365,100
2792517806909638,600018,87,2677,13365,100
2792517812026875,600018,87,2677,13365,100
2792517817145451,600018,87,2677,13365,100
2792517822262639,600018,87,2677,13365,100
2792517827380019,600018,87,2677,13365,100
2792517832498456,600018,87,2677,13365,100
2792517837615780,600018,87,2677,13365,100
2792517842733063,600018,87,2677,13365,100
2792517847851881,600018,87,2677,13365,100
2792517852968837,600018,87,2677,13365,100
2792517858086269,600018,87,2677,13365,100
2792517863204150,600018,87,2677,13365,100
2792517868321334,600018,87,2677,13365,100
2792517873438563,600018,87,2677,13365,100
2792517878558383,600018,87,2677,13365,100
2792517883676751,600018,87,2677,13365,100
2792517888793620,600018,87,2677,13365,100
2792517893910592,600018,87,2677,13365,100
2792517899027684,600018,87,2677,13365,100
2792517904144830,600018,87,2677,13365,100
2792517909263693,600018,87,2677,13365,100
2792517914381078,600018,87,2677,13365,100
2792517919498602,600018,87,2677,13365,100
2792517924615631,600018,87,2677,13365,100
2792517929732792,600018,87,2677,13365,100
2792517934851260,600018,87,2677,13365,100
2792517939969066,600018,87,2677,13365,100
2792517945086845,600018,87,2677,13365,100
2792517950203944,600018,87,2677,13365,100
2792517955320792,600018,87,2677,13365,100
2792517960438549,600018,87,2677,13365,100
2792517965555650,600018,87,2677,13365,100
2792517970672678,600018,87,2677,13365,100
2792517975792477,600018,87,2677,13365,100
2792517980909423,600018,87,2677,13365,100
2792517986028655,600018,87,2677,13365,100
2792517991145632,600018,87,2677,13365,100
2792517996262380,600018,87,2677,13365,100
2792518001380458,600018,87,2677,13365,100
2792518006497869,600018,87,2677,13365,100
2792518011616627,600018,87,2677,13365,100
2792518016733833,600018,87,2677,13365,100
2792518021851150,600018,87,2677,13365,100
2792518026968118,600018,87,2677,13365,100
2792518032085025,600018,87,2677,13365,100
2792518037203471,600018,87,2677,13365,100
2792518042323032,600018,87,2677,13365,100
2792518047439940,600018,87,2677,13365,100
2792518052556976,600018,87,2677,13365,100
2792518057673847,600018,87,2677,13365,100
2792518062790873,600018,87,2677,13365,100
2792518067908349,600018,87,2677,13365,100
2792518073025478,600018,87,2677,13365,100
2792518078143237,600018,87,2677,13365,100
2792518083260470,600018,87,2677,13365,100
2792518088378982,600018,87,2677,13365,100
2792518093495891,600018,87,2677,13365,100
2792518098613111,600018,87,2677,13365,100
2792518103730479,600018,87,2677,13365,100
2792518108850012,600018,87,2677,13365,100
2792518113966889,600018,87,2677,13365,100
2792518119084081,600018,87,2677,13365,100
2792518124201263,600018,87,2677,13365,100
2792518129318393,599985,87,2685,13365,100
2792518134439652,599985,87,2685,13365,100
2792518139558522,599985,87,2685,13365,100
2792518144675890,599985,87,2685,13365,100
2792518149792707,599985,87,2685,13365,100
2792518154909723,599985,87,2685,13365,100
2792518160027274,599985,87,2685,13365,100
2792518165145872,599985,87,2685,13365,100
2792518170262883,599985,87,2685,13365,100
2792518175380057,599985,87,2685,13365,100
2792518180509085,599985,87,2685,13365,100
2792518185626250,599985,87,2685,13365,100
2792518190744574,599985,87,2685,13365,100
2792518195861652,599985,87,2685,13365,100
2792518200979038,599985,87,2685,13365,100
2792518206096843,599985,87,2685,13365,100
2792518211213978,599985,87,2685,13365,100
2792518216331062,599985,87,2685,13365,100
2792518221447976,599985,87,2685,13365,100
2792518226565138,599985,87,2685,13365,100
2792518231702313,599985,87,2685,13365,100
2792518236821413,599985,87,2685,13365,100
2792518241940106,599985,87,2685,13365,100
2792518247056968,599985,87,2685,13365,100
2792518252175907,599985,87,2685,13365,100
2792518257293015,599985,87,2685,13365,100
2792518262410594,599985,87,2685,13365,100
2792518267527420,599985,87,2685,13365,100
2792518272644718,599985,87,2685,13365,100
2792518277762149,599985,87,2685,13365,100
2792518282882048,599985,87,2685,13365,100
2792518287999065,599985,87,2685,13365,100
2792518293135765,599985,87,2685,13365,100
2792518298262801,599985,87,2685,13365,100
2792518303379845,599985,87,2685,13365,100
2792518308497055,599985,87,2685,13365,100
2792518313614392,599985,87,2685,13365,100
2792518318731355,599985,87,2685,13365,100
2792518323850188,599985,87,2685,13365,100
2792518328967324,599985,87,2685,13365,100
2792518334085664,599985,87,2685,13365,100
2792518339205245,599985,87,2685,13365,100
2792518344326609,599985,87,2685,13365,100
2792518349445517,599985,87,2685,13365,100
2792518354585573,599985,87,2685,13365,100
2792518359705382,599985,87,2685,13365,100
2792518364825550,599985,87,2685,13365,100
2792518369943527,599985,87,2685,13365,100
2792518375060935,599985,87,2685,13365,100
2792518380178051,599985,87,2685,13365,100
2792518385295515,599985,87,2685,13365,100
2792518390412823,599985,87,2685,13365,100
2792518395535236,599985,87,2685,13365,100
2792518400656419,599985,87,2685,13365,100
2792518405775885,599985,87,2685,13365,100
2792518410893646,599985,87,2685,13365,100
2792518416030550,599985,87,2685,13365,100
2792518421148830,599985,87,2685,13365,100
2792518426278714,599985,87,2685,13365,100
2792518431396759,599985,87,2685,13365,100
2792518436529426,599985,87,2685,13365,100
2792518441646843,599985,87,2685,13365,100
2792518446766136,599985,87,2685,13365,100
2792518451904691,599985,87,2685,13365,100
2792518457022320,599985,87,2685,13365,100
2792518462140549,599985,87,2685,13365,100
2792518467257708,599985,87,2685,13365,100
2792518472374887,599985,87,2685,13365,100
2792518477492022,599985,87,2685,13365,100
2792518482609802,599985,87,2685,13365,100
2792518487727402,599985,87,2685,13365,100
2792518492846766,599985,87,2685,13365,100
2792518497965231,599985,87,2685,13365,100
2792518503082335,599985,87,2685,13365,100
2792518508200196,599985,87,2685,13365,100
2792518513317394,599985,87,2685,13365,100
2792518518437021,599985,87,2685,13365,100
2792518523556013,599985,87,2685,13365,100
2792518528673861,599985,87,2685,13365,100
2792518533791072,599985,87,2685,13365,100
2792518538908344,599985,87,2685,13365,100
2792518544025794,599985,87,2685,13365,100
2792518549144243,599985,87,2685,13365,100
2792518554261527,599985,87,2685,13365,100
2792518559381172,599985,87,2685,13365,100
2792518564498048,599985,87,2685,13365,100
2792518569615970,599985,87,2685,13365,100
2792518574733349,599985,87,2685,13365,100
2792518579850541,599985,87,2685,13365,100
2792518584967605,599985,87,2685,13365,100
2792518590086849,599985,87,2685,13365,100
2792518595204690,599985,87,2685,13365,100
2792518600322971,599985,87,2685,13365,100
2792518605440195,599985,87,2685,13365,100
2792518610557512,599985,87,2685,13365,100
2792518615674889,599985,87,2685,13365,100
2792518620794339,599985,87,2685,13365,100
2792518625911845,599985,87,2685,13365,100
2792518631028684,599983,87,2677,13365,100
2792518636147661,599983,87,2677,13365,100
2792518641264684,599983,87,2677,13365,100
2792518646381894,599983,87,2677,13365,100
2792518651500172,599983,87,2677,13365,100
2792518656597330,599983,87,2677,13365,100
2792518661716751,599983,87,2677,13365,100
2792518666833595,599983,87,2677,13365,100
2792518671951243,599983,87,2677,13365,100
2792518677068469,599983,87,2677,13365,100
2792518682185973,599983,87,2677,13365,100
2792518687303829,599983,87,2677,13365,100
2792518692436141,599983,87,2677,13365,100
2792518697553766,599983,87,2677,13365,100
2792518702672764,599983,87,2677,13365,100
2792518707790440,599983,87,2677,13365,100
2792518712907640,599983,87,2677,13365,100
2792518718025355,599983,87,2677,13365,100
2792518723153493,599983,87,2677,13365,100
2792518728271580,599983,87,2677,13365,100
2792518733389180,599983,87,2677,13365,100
2792518738506301,599983,87,2677,13365,100
2792518743623657,599983,87,2677,13365,100
2792518748740530,599983,87,2677,13365,100
2792518753859609,599983,87,2677,13365,100
2792518758978834,599983,87,2677,13365,100
2792518764097456,599983,87,2677,13365,100
2792518769215053,599983,87,2677,13365,100
2792518774332143,599983,87,2677,13365,100
2792518779449120,599983,87,2677,13365,100
2792518784566328,599983,87,2677,13365,100
2792518789683596,599983,87,2677,13365,100
2792518794803129,599983,87,2677,13365,100
2792518799921037,599983,87,2677,13365,100
2792518805040157,599983,87,2677,13365,100
2792518810157577,599983,87,2677,13365,100
2792518815274906,599983,87,2677,13365,100
2792518820391866,599983,87,2677,13365,100
2792518825509721,599983,87,2677,13365,100
2792518830626975,599983,87,2677,13365,100
2792518835744308,599983,87,2677,13365,100
2792518840861412,599983,87,2677,13365,100
2792518845978820,599983,87,2677,13365,100
2792518851096749,599983,87,2677,13365,100
2792518856215573,599983,87,2677,13365,100
2792518861332826,599983,87,2677,13365,100
2792518866450014,599983,87,2677,13365,100
2792518871566950,599983,87,2677,13365,100
2792518876683792,599983,87,2677,13365,100
2792518881802499,599983,87,2677,13365,100
2792518886937643,599983,87,2677,13365,100
2792518892055220,599983,87,2677,13365,100
2792518897172295,599983,87,2677,13365,100
2792518902289874,599983,87,2677,13365,100
2792518907408809,599983,87,2677,13365,100
2792518912527217,599983,87,2677,13365,100
2792518917644307,599983,87,2677,13365,100
2792518922761397,599983,87,2677,13365,100
2792518927878634,599983,87,2677,13365,100
2792518932996411,599983,87,2677,13365,100
2792518938137004,599983,87,2677,13365,100
2792518943254289,599983,87,2677,13365,100
2792518948371926,599983,87,2677,13365,100
2792518953489004,599983,87,2677,13365,100
2792518958607862,599983,87,2677,13365,100
2792518963725644,599983,87,2677,13365,100
2792518968845176,599983,87,2677,13365,100
2792518973962675,599983,87,2677,13365,100
2792518979080126,599983,87,2677,13365,100
2792518984211644,599983,87,2677,13365,100
2792518989329079,599983,87,2677,13365,100
2792518994446007,599983,87,2677,13365,100
2792518999564419,599983,87,2677,13365,100
2792519004681792,599983,87,2677,13365,100
2792519009800851,599983,87,2677,13365,100
2792519014917892,599983,87,2677,13365,100
2792519020035216,599983,87,2677,13365,100
2792519025152131,599983,87,2677,13365,100
2792519030269277,599983,87,2677,13365,100
2792519035387127,599983,87,2677,13365,100
2792519040504950,599983,87,2677,13365,100
2792519045623210,599983,87,2677,13365,100
2792519050740113,599983,87,2677,13365,100
2792519055857155,599983,87,2677,13365,100
2792519060975636,599983,87,2677,13365,100
2792519066094966,599983,87,2677,13365,100
2792519071212140,599983,87,2677,13365,100
2792519076329817,599983,87,2677,13365,100
2792519081447041,599983,87,2677,13365,100
2792519086564085,599983,87,2677,13365,100
2792519091681294,599983,87,2677,13365,100
2792519096798326,599983,87,2677,13365,100
2792519101915939,599983,87,2677,13365,100
2792519107033290,599983,87,2677,13365,100
2792519112152085,599983,87,2677,13365,100
2792519117268819,599983,87,2677,13365,100
2792519122385968,599983,87,2677,13365,100
2792519127503440,599993,87,2677,13365,100
2792519132624369,599993,87,2677,13365,100
2792519137742427,599993,87,2677,13365,100
2792519142859450,599993,87,2677,13365,100
2792519147976322,599993,87,2677,13365,100
2792519153094078,599993,87,2677,13365,100
2792519158211410,599993,87,2677,13365,100
2792519163332611,599993,87,2677,13365,100
2792519168449591,599993,87,2677,13365,100
2792519173566927,599993,87,2677,13365,100
2792519178684062,599993,87,2677,13365,100
2792519183801801,599993,87,2677,13365,100
2792519188918905,599993,87,2677,13365,100
2792519194036375,599993,87,2677,13365,100
2792519199153325,599993,87,2677,13365,100
2792519204270046,599993,87,2677,13365,100
2792519209386986,599993,87,2677,13365,100
2792519214505431,599993,87,2677,13365,100
2792519219622599,599993,87,2677,13365,100
2792519224740215,599993,87,2677,13365,100
2792519229859072,599993,87,2677,13365,100
2792519234976552,599993,87,2677,13365,100
2792519240093949,599993,87,2677,13365,100
2792519245212408,599993,87,2677,13365,100
2792519250330025,599993,87,2677,13365,100
2792519255447748,599993,87,2677,13365,100
2792519260565885,599993,87,2677,13365,100
2792519265685278,599993,87,2677,13365,100
2792519270802448,599993,87,2677,13365,100
2792519275919975,599993,87,2677,13365,100
2792519281037299,599993,87,2677,13365,100
2792519286154656,599993,87,2677,13365,100
2792519291272080,599993,87,2677,13365,100
2792519296389452,599993,87,2677,13365,100
2792519301506707,599993,87,2677,13365,100
2792519306623693,599993,87,2677,13365,100
2792519311740605,599993,87,2677,13365,100
2792519316859842,599993,87,2677,13365,100
2792519321977810,599993,87,2677,13365,100
2792519327097963,599993,87,2677,13365,100
2792519332215723,599993,87,2677,13365,100
2792519337334345,599993,87,2677,13365,100
2792519342452860,599993,87,2677,13365,100
2792519347571420,599993,87,2677,13365,100
2792519352691145,599993,87,2677,13365,100
2792519357808565,599993,87,2677,13365,100
2792519362925633,599993,87,2677,13365,100
2792519368044737,599993,87,2677,13365,100
2792519373162202,599993,87,2677,13365,100
2792519378279267,599993,87,2677,13365,100
2792519383398715,599993,87,2677,13365,100
2792519388516296,599993,87,2677,13365,100
2792519393633375,599993,87,2677,13365,100
2792519398751516,599993,87,2677,13365,100
2792519403868793,599993,87,2677,13365,100
2792519408986337,599993,87,2677,13365,100
2792519414124156,599993,87,2677,13365,100
2792519419243255,599993,87,2677,13365,100
2792519424360401,599993,87,2677,13365,100
2792519429478046,599993,87,2677,13365,100
2792519434594946,599993,87,2677,13365,100
2792519439712303,599993,87,2677,13365,100
2792519444798455,599993,87,2677,13365,100
2792519449914572,599993,87,2677,13365,100
2792519455031860,599993,87,2677,13365,100
2792519460149188,599993,87,2677,13365,100
2792519465266481,599993,87,2677,13365,100
2792519470384861,599993,87,2677,13365,100
2792519475503396,599993,87,2677,13365,100
2792519480620573,599993,87,2677,13365,100
2792519485737610,599993,87,2677,13365,100
2792519490855658,599993,87,2677,13365,100
2792519495972531,599993,87,2677,13365,100
2792519501089587,599993,87,2677,13365,100
2792519506206455,599993,87,2677,13365,100
2792519511325880,599993,87,2677,13365,100
2792519516443229,599993,87,2677,13365,100
2792519521562143,599993,87,2677,13365,100
2792519526679479,599993,87,2677,13365,100
2792519531796464,599993,87,2677,13365,100
2792519536913422,599993,87,2677,13365,100
2792519542051051,599993,87,2677,13365,100
2792519547168379,599993,87,2677,13365,100
2792519552285941,599993,87,2677,13365,100
2792519557403355,599993,87,2677,13365,100
2792519562521098,599993,87,2677,13365,100
2792519567638312,599993,87,2677,13365,100
2792519572757577,599993,87,2677,13365,100
2792519577875365,599993,87,2677,13365,100
2792519582993289,599993,87,2677,13365,100
2792519588142346,599993,87,2677,13365,100
2792519593260078,599993,87,2677,13365,100
2792519598377448,599993,87,2677,13365,100
2792519603494585,599993,87,2677,13365,100
2792519608611842,599993,87,2677,13365,100
2792519613729327,599993,87,2677,13365,100
2792519618849351,599993,87,2677,13365,100
2792519623968102,599993,87,2677,13365,100
2792519629085461,600012,87,2677,13365,100
2792519634204685,600012,87,2677,13365,100
2792519639322315,600012,87,2677,13365,100
2792519644439629,600012,87,2677,13365,100
2792519649557612,600012,87,2677,13365,100
2792519654675908,600012,87,2677,13365,100
2792519659793620,600012,87,2677,13365,100
2792519664910931,600012,87,2677,13365,100
2792519670028771,600012,87,2677,13365,100
2792519675147400,600012,87,2677,13365,100
2792519680264398,600012,87,2677,13365,100
2792519685384174,600012,87,2677,13365,100
2792519690502092,600012,87,2677,13365,100
2792519695619285,600012,87,2677,13365,100
2792519700736433,600012,87,2677,13365,100
2792519705853585,600012,87,2677,13365,100
2792519710970638,600012,87,2677,13365,100
2792519716089641,600012,87,2677,13365,100
2792519721207338,600012,87,2677,13365,100
2792519726325908,600012,87,2677,13365,100
2792519731443232,600012,87,2677,13365,100
2792519736561252,600012,87,2677,13365,100
2792519741678337,600012,87,2677,13365,100
2792519746795705,600012,87,2677,13365,100
2792519751915441,600012,87,2677,13365,100
2792519757032778,600012,87,2677,13365,100
2792519762149986,600012,87,2677,13365,100
2792519767266912,600012,87,2677,13365,100
2792519772384743,600012,87,2677,13365,100
2792519777504295,600012,87,2677,13365,100
2792519782623365,600012,87,2677,13365,100
2792519787740802,600012,87,2677,13365,100
2792519792858136,600012,87,2677,13365,100
2792519797975658,600012,87,2677,13365,100
2792519803093849,600012,87,2677,13365,100
2792519808211109,600012,87,2677,13365,100
2792519813329566,600012,87,2677,13365,100
2792519818446898,600012,87,2677,13365,100
2792519823564320,600012,87,2677,13365,100
2792519828683431,600012,87,2677,13365,100
2792519833801011,600012,87,2677,13365,100
2792519838918199,600012,87,2677,13365,100
2792519844035164,600012,87,2677,13365,100
2792519849154382,600012,87,2677,13365,100
2792519854271899,600012,87,2677,13365,100
2792519859389069,600012,87,2677,13365,100
2792519864506221,600012,87,2677,13365,100
2792519869623541,600012,87,2677,13365,100
2792519874743470,600012,87,2677,13365,100
2792519879863781,600012,87,2677,13365,100
2792519884971046,600012,87,2677,13365,100
2792519890096939,600012,87,2677,13365,100
2792519895214707,600012,87,2677,13365,100
2792519900333258,600012,87,2677,13365,100
2792519905451576,600012,87,2677,13365,100
2792519910569081,600012,87,2677,13365,100
2792519915687121,600012,87,2677,13365,100
2792519920805390,600012,87,2677,13365,100
2792519925922646,600012,87,2677,13365,100
2792519931043324,600012,87,2677,13365,100
2792519936161467,600012,87,2677,13365,100
2792519941279443,600012,87,2677,13365,100
2792519946405817,600012,87,2677,13365,100
2792519951524256,600012,87,2677,13365,100
2792519956642768,600012,87,2677,13365,100
2792519961760596,600012,87,2677,13365,100
2792519966877149,600012,87,2677,13365,100
2792519971994061,600012,87,2677,13365,100
2792519977124973,600012,87,2677,13365,100
2792519982243622,600012,87,2677,13365,100
2792519987361712,600012,87,2677,13365,100
2792519992479030,600012,87,2677,13365,100
2792519997833473,600012,87,2677,13365,100
2792520002950153,600012,87,2677,13365,100
2792520008109137,600012,87,2677,13365,100
2792520013202182,600012,87,2677,13365,100
2792520018283963,600012,87,2677,13365,100
2792520023371642,600012,87,2677,13365,100
2792520028487648,600012,87,2677,13365,100
2792520033603620,600012,87,2677,13365,100
2792520038719240,600012,87,2677,13365,100
2792520043835639,600012,87,2677,13365,100
2792520048950745,600012,87,2677,13365,100
2792520054065897,600012,87,2677,13365,100
2792520059226566,600012,87,2677,13365,100
2792520064342236,600012,87,2677,13365,100
2792520069455010,600012,87,2677,13365,100
2792520074568083,600012,87,2677,13365,100
2792520079681689,600012,87,2677,13365,100
2792520084795612,600012,87,2677,13365,100
2792520089911248,600012,87,2677,13365,100
2792520095025030,600012,87,2677,13365,100
2792520100138840,600012,87,2677,13365,100
2792520105252453,600012,87,2677,13365,100
2792520110366125,600012,87,2677,13365,100
2792520115478808,600012,87,2677,13365,100
2792520120591745,600012,87,2677,13365,100
2792520125703239,600012,87,2677,13365,100
2792520130815741,599992,87,2677,13365,100
2792520135930852,599992,87,2677,13365,100
2792520141043520,599992,87,2677,13365,100
2792520146212540,599992,87,2677,13365,100
2792520151372360,599992,87,2677,13365,100
2792520156484984,599992,87,2677,13365,100
2792520161598861,599992,87,2677,13365,100
2792520166711137,599992,87,2677,13365,100
2792520171822888,599992,87,2677,13365,100
2792520176935898,599992,87,2677,13365,100
2792520182047695,599992,87,2677,13365,100
2792520187158955,599992,87,2677,13365,100
2792520192269748,599992,87,2677,13365,100
2792520197399124,599992,87,2677,13365,100
2792520202510616,599992,87,2677,13365,100
2792520207622341,599992,87,2677,13365,100
2792520212737369,599992,87,2677,13365,100
2792520217849897,599992,87,2677,13365,100
2792520222962346,599992,87,2677,13365,100
2792520228079411,599992,87,2677,13365,100
2792520233192494,599992,87,2677,13365,100
2792520238306143,599992,87,2677,13365,100
2792520243420811,599992,87,2677,13365,100
2792520248534160,599992,87,2677,13365,100
2792520253647293,599992,87,2677,13365,100
2792520258760223,599992,87,2677,13365,100
2792520263875425,599992,87,2677,13365,100
2792520268989025,599992,87,2677,13365,100
2792520274183841,599992,87,2677,13365,100
2792520279296873,599992,87,2677,13365,100
2792520284410354,599992,87,2677,13365,100
2792520289523930,599992,87,2677,13365,100
2792520294638081,599992,87,2677,13365,100
2792520299752455,599992,87,2677,13365,100
2792520304868641,599992,87,2677,13365,100
2792520309983328,599992,87,2677,13365,100
2792520315119770,599992,87,2677,13365,100
2792520320234844,599992,87,2677,13365,100
2792520325370541,599992,87,2677,13365,100
2792520330485973,599992,87,2677,13365,100
2792520335602810,599992,87,2677,13365,100
2792520340718410,599992,87,2677,13365,100
2792520345836706,599992,87,2677,13365,100
2792520350952515,599992,87,2677,13365,100
2792520356068591,599992,87,2677,13365,100
2792520361200583,599992,87,2677,13365,100
2792520366317994,599992,87,2677,13365,100
2792520371434298,599992,87,2677,13365,100
2792520376552861,599992,87,2677,13365,100
2792520381669541,599992,87,2677,13365,100
2792520386786373,599992,87,2677,13365,100
2792520391903969,599992,87,2677,13365,100
2792520397020553,599992,87,2677,13365,100
2792520402136892,599992,87,2677,13365,100
2792520407255758,599992,87,2677,13365,100
2792520412372661,599992,87,2677,13365,100
2792520417491291,599992,87,2677,13365,100
2792520422608135,599992,87,2677,13365,100
2792520427724660,599992,87,2677,13365,100
2792520432841216,599992,87,2677,13365,100
2792520437958781,599992,87,2677,13365,100
2792520443077533,599992,87,2677,13365,100
2792520448194830,599992,87,2677,13365,100
2792520453311726,599992,87,2677,13365,100
2792520458428282,599992,87,2677,13365,100
2792520463545105,599992,87,2677,13365,100
2792520468663541,599992,87,2677,13365,100
2792520473783135,599992,87,2677,13365,100
2792520478899656,599992,87,2677,13365,100
2792520484032709,599992,87,2677,13365,100
2792520489149593,599992,87,2677,13365,100
2792520494266013,599992,87,2677,13365,100
2792520499382588,599992,87,2677,13365,100
2792520504499038,599992,87,2677,13365,100
2792520509615566,599992,87,2677,13365,100
2792520514738594,599992,87,2677,13365,100
2792520519858919,599992,87,2677,13365,100
2792520524975931,599992,87,2677,13365,100
2792520530092623,599992,87,2677,13365,100
2792520535209068,599992,87,2677,13365,100
2792520540325803,599992,87,2677,13365,100
2792520545442396,599992,87,2677,13365,100
2792520550561753,599992,87,2677,13365,100
2792520555678354,599992,87,2677,13365,100
2792520560795082,599992,87,2677,13365,100
2792520565911854,599992,87,2677,13365,100
2792520571032722,599992,87,2677,13365,100
2792520576149619,599992,87,2677,13365,100
2792520581266032,599992,87,2677,13365,100
2792520586382448,599992,87,2677,13365,100
2792520591498966,599992,87,2677,13365,100
2792520596615573,599992,87,2677,13365,100
2792520601734557,599992,87,2677,13365,100
2792520606851521,599992,87,2677,13365,100
2792520611968864,599992,87,2677,13365,100
2792520617085368,599992,87,2677,13365,100
2792520622203447,599992,87,2677,13365,100
2792520627320723,599938,87,2677,13365,100
2792520632440231,599938,87,2677,13365,100
2792520637558460,599938,87,2677,13365,100
2792520642675636,599938,87,2677,13365,100
2792520647792222,599938,87,2677,13365,100
2792520652909193,599938,87,2677,13365,100
2792520658026745,599938,87,2677,13365,100
2792520663143473,599938,87,2677,13365,100
2792520668262661,599938,87,2677,13365,100
2792520673381506,599938,87,2677,13365,100
2792520678498510,599938,87,2677,13365,100
2792520683615174,599938,87,2677,13365,100
2792520688731799,599938,87,2677,13365,100
2792520693848483,599938,87,2677,13365,100
2792520698967348,599938,87,2677,13365,100
2792520704084336,599938,87,2677,13365,100
2792520709200905,599938,87,2677,13365,100
2792520714317291,599938,87,2677,13365,100
2792520719434289,599938,87,2677,13365,100
2792520724553169,599938,87,2677,13365,100
2792520729670174,599938,87,2677,13365,100
2792520734789049,599938,87,2677,13365,100
2792520739905831,599938,87,2677,13365,100
2792520745022191,599938,87,2677,13365,100
2792520750138951,599938,87,2677,13365,100
2792520755255552,599938,87,2677,13365,100
2792520760371871,599938,87,2677,13365,100
2792520765490355,599938,87,2677,13365,100
2792520770606977,599938,87,2677,13365,100
2792520775725422,599938,87,2677,13365,100
2792520780841946,599938,87,2677,13365,100
2792520785958334,599938,87,2677,13365,100
2792520791074855,599938,87,2677,13365,100
2792520796192081,599938,87,2677,13365,100
2792520801308815,599938,87,2677,13365,100
2792520806425523,599938,87,2677,13365,100
2792520811542129,599938,87,2677,13365,100
2792520816658561,599938,87,2677,13365,100
2792520821775693,599938,87,2677,13365,100
2792520826893757,599938,87,2677,13365,100
2792520832035817,599938,87,2677,13365,100
2792520837153064,599938,87,2677,13365,100
2792520842269882,599938,87,2677,13365,100
2792520847387190,599938,87,2677,13365,100
2792520852520929,599938,87,2677,13365,100
2792520857638263,599938,87,2677,13365,100
2792520862754958,599938,87,2677,13365,100
2792520867873512,599938,87,2677,13365,100
2792520872990288,599938,87,2677,13365,100
2792520878127369,599938,87,2677,13365,100
2792520883244209,599938,87,2677,13365,100
2792520888360938,599938,87,2677,13365,100
2792520893477886,599938,87,2677,13365,100
2792520898594474,599938,87,2677,13365,100
2792520903710838,599938,87,2677,13365,100
2792520908830067,599938,87,2677,13365,100
2792520913947441,599938,87,2677,13365,100
2792520919064111,599938,87,2677,13365,100
2792520924181500,599938,87,2677,13365,100
2792520929299568,599938,87,2677,13365,100
2792520934416657,599938,87,2677,13365,100
2792520939535049,599938,87,2677,13365,100
2792520944661937,599938,87,2677,13365,100
2792520949778714,599938,87,2677,13365,100
2792520954895810,599938,87,2677,13365,100
2792520960033981,599938,87,2677,13365,100
2792520965152079,599938,87,2677,13365,100
2792520970268977,599938,87,2677,13365,100
2792520975385674,599938,87,2677,13365,100
2792520980504164,599938,87,2677,13365,100
2792520985622332,599938,87,2677,13365,100
2792520990739152,599938,87,2677,13365,100
2792520995858265,599938,87,2677,13365,100
2792521000979574,599938,87,2677,13365,100
2792521006116040,599938,87,2677,13365,100
2792521011233670,599938,87,2677,13365,100
2792521016351247,599938,87,2677,13365,100
2792521021467942,599938,87,2677,13365,100
2792521026585535,599938,87,2677,13365,100
2792521031704116,599938,87,2677,13365,100
2792521036823852,599938,87,2677,13365,100
2792521041941654,599938,87,2677,13365,100
2792521047058448,599938,87,2677,13365,100
2792521052175441,599938,87,2677,13365,100
2792521057293129,599938,87,2677,13365,100
2792521062411453,599938,87,2677,13365,100
2792521067529746,599938,87,2677,13365,100
2792521072646858,599938,87,2677,13365,100
2792521077764254,599938,87,2677,13365,100
2792521082882660,599938,87,2677,13365,100
2792521087999155,599938,87,2677,13365,100
2792521093140947,599938,87,2677,13365,100
2792521098257738,599938,87,2677,13365,100
2792521103374512,599938,87,2677,13365,100
2792521108491380,599938,87,2677,13365,100
2792521113608311,599938,87,2677,13365,100
2792521118724709,599938,87,2677,13365,100
2792521123844248,599938,87,2677,13365,100
2792521128960918,599964,87,2677,13365,100
2792521134081516,599964,87,2677,13365,100
2792521139198227,599964,87,2677,13365,100
2792521144315163,599964,87,2677,13365,100
2792521149432268,599964,87,2677,13365,100
2792521154549641,599964,87,2677,13365,100
2792521159666851,599964,87,2677,13365,100
2792521164784005,599964,87,2677,13365,100
2792521169901473,599964,87,2677,13365,100
2792521175033151,599964,87,2677,13365,100
2792521180150854,599964,87,2677,13365,100
2792521185269387,599964,87,2677,13365,100
2792521190386271,599964,87,2677,13365,100
2792521195503367,599964,87,2677,13365,100
2792521200621415,599964,87,2677,13365,100
2792521205740243,599964,87,2677,13365,100
2792521210858904,599964,87,2677,13365,100
2792521215977513,599964,87,2677,13365,100
2792521221093585,599964,87,2677,13365,100
2792521226209177,599964,87,2677,13365,100
2792521231324519,599964,87,2677,13365,100
2792521236443278,599964,87,2677,13365,100
2792521241557930,599964,87,2677,13365,100
2792521246672765,599964,87,2677,13365,100
2792521251787369,599964,87,2677,13365,100
2792521256901367,599964,87,2677,13365,100
2792521262031428,599964,87,2677,13365,100
2792521267146316,599964,87,2677,13365,100
2792521272260007,599964,87,2677,13365,100
2792521277373185,599964,87,2677,13365,100
2792521282487941,599964,87,2677,13365,100
2792521287602860,599964,87,2677,13365,100
2792521292716444,599964,87,2677,13365,100
2792521297829869,599964,87,2677,13365,100
2792521302943475,599964,87,2677,13365,100
2792521308056887,599964,87,2677,13365,100
2792521313172012,599964,87,2677,13365,100
2792521318285272,599964,87,2677,13365,100
2792521323399398,599964,87,2677,13365,100
2792521328513749,599964,87,2677,13365,100
2792521333628809,599964,87,2677,13365,100
2792521338745702,599964,87,2677,13365,100
2792521343860830,599964,87,2677,13365,100
2792521348978426,599964,87,2677,13365,100
2792521354095395,599964,87,2677,13365,100
2792521359211309,599964,87,2677,13365,100
2792521364328255,599964,87,2677,13365,100
2792521369445078,599964,87,2677,13365,100
2792521374561175,599964,87,2677,13365,100
2792521379678068,599964,87,2677,13365,100
2792521384794729,599964,87,2677,13365,100
2792521389913237,599964,87,2677,13365,100
2792521395032162,599964,87,2677,13365,100
2792521400149314,599964,87,2677,13365,100
2792521405266201,599964,87,2677,13365,100
2792521410382919,599964,87,2677,13365,100
2792521415499939,599964,87,2677,13365,100
2792521420616923,599964,87,2677,13365,100
2792521425736473,599964,87,2677,13365,100
2792521430853683,599964,87,2677,13365,100
2792521435970207,599964,87,2677,13365,100
2792521441088785,599964,87,2677,13365,100
2792521446205896,599964,87,2677,13365,100
2792521451322973,599964,87,2677,13365,100
2792521456439618,599964,87,2677,13365,100
2792521461558842,599964,87,2677,13365,100
2792521466676148,599964,87,2677,13365,100
2792521471793536,599964,87,2677,13365,100
2792521476910442,599964,87,2677,13365,100
2792521482027440,599964,87,2677,13365,100
2792521487144391,599964,87,2677,13365,100
2792521492265345,599964,87,2677,13365,100
2792521497382478,599964,87,2677,13365,100
2792521502499673,599964,87,2677,13365,100
2792521507634922,599964,87,2677,13365,100
2792521512752812,599964,87,2677,13365,100
2792521517870066,599964,87,2677,13365,100
2792521522987155,599964,87,2677,13365,100
2792521528130659,599964,87,2677,13365,100
2792521533247688,599964,87,2677,13365,100
2792521538365594,599964,87,2677,13365,100
2792521543484053,599964,87,2677,13365,100
2792521548600801,599964,87,2677,13365,100
2792521553717781,599964,87,2677,13365,100
2792521558837185,599964,87,2677,13365,100
2792521563953554,599964,87,2677,13365,100
2792521569070226,599964,87,2677,13365,100
2792521574186898,599964,87,2677,13365,100
2792521579304657,599964,87,2677,13365,100
2792521584421635,599964,87,2677,13365,100
2792521589540404,599964,87,2677,13365,100
2792521594659870,599964,87,2677,13365,100
2792521599777247,599964,87,2677,13365,100
2792521604894869,599964,87,2677,13365,100
2792521610044368,599964,87,2677,13365,100
2792521615161978,599964,87,2677,13365,100
2792521620279132,599964,87,2677,13365,100
2792521625396118,599964,87,2677,13365,100
2792521630513042,600002,87,2677,13365,100
2792521635631763,600002,87,2677,13365,100
2792521640749020,600002,87,2677,13365,100
2792521645870280,600002,87,2677,13365,100
2792521650987352,600002,87,2677,13365,100
2792521656124548,600002,87,2677,13365,100
2792521661241592,600002,87,2677,13365,100
2792521666358521,600002,87,2677,13365,100
2792521671477986,600002,87,2677,13365,100
2792521676597434,600002,87,2677,13365,100
2792521681717386,600002,87,2677,13365,100
2792521686836926,600002,87,2677,13365,100
2792521691956585,600002,87,2677,13365,100
2792521697077511,600002,87,2677,13365,100
2792521702197059,600002,87,2677,13365,100
2792521707316020,600002,87,2677,13365,100
2792521712435280,600002,87,2677,13365,100
2792521717552396,600002,87,2677,13365,100
2792521722671284,600002,87,2677,13365,100
2792521727791195,600002,87,2677,13365,100
2792521732911194,600002,87,2677,13365,100
2792521738045174,600002,87,2677,13365,100
2792521743162722,600002,87,2677,13365,100
2792521748294147,600002,87,2677,13365,100
2792521753412591,600002,87,2677,13365,100
2792521758530895,600002,87,2677,13365,100
2792521763672731,600002,87,2677,13365,100
2792521768790396,600002,87,2677,13365,100
2792521773909916,600002,87,2677,13365,100
2792521779027512,600002,87,2677,13365,100
2792521784144636,600002,87,2677,13365,100
2792521789261490,600002,87,2677,13365,100
2792521794378610,600002,87,2677,13365,100
2792521799496336,600002,87,2677,13365,100
2792521804615370,600002,87,2677,13365,100
2792521809732331,600002,87,2677,13365,100
2792521814849631,600002,87,2677,13365,100
2792521819966234,600002,87,2677,13365,100
2792521825082938,600002,87,2677,13365,100
2792521830200002,600002,87,2677,13365,100
2792521835318665,600002,87,2677,13365,100
2792521840436411,600002,87,2677,13365,100
2792521845554001,600002,87,2677,13365,100
2792521850672053,600002,87,2677,13365,100
2792521855789966,600002,87,2677,13365,100
2792521860906776,600002,87,2677,13365,100
2792521866024123,600002,87,2677,13365,100
2792521871143287,600002,87,2677,13365,100
2792521876260731,600002,87,2677,13365,100
2792521881377664,600002,87,2677,13365,100
2792521886494520,600002,87,2677,13365,100
2792521891611403,600002,87,2677,13365,100
2792521896728139,600002,87,2677,13365,100
2792521901848833,600002,87,2677,13365,100
2792521906965778,600002,87,2677,13365,100
2792521912082646,600002,87,2677,13365,100
2792521917200877,600002,87,2677,13365,100
2792521922317669,600002,87,2677,13365,100
2792521927434124,600002,87,2677,13365,100
2792521932550933,600002,87,2677,13365,100
2792521937670348,600002,87,2677,13365,100
2792521942787137,600002,87,2677,13365,100
2792521947904103,600002,87,2677,13365,100
2792521953022201,600002,87,2677,13365,100
2792521958139406,600002,87,2677,13365,100
2792521963256170,600002,87,2677,13365,100
2792521968375800,600002,87,2677,13365,100
2792521973492951,600002,87,2677,13365,100
2792521978610131,600002,87,2677,13365,100
2792521983732756,600002,87,2677,13365,100
2792521988855404,600002,87,2677,13365,100
2792521993989435,600002,87,2677,13365,100
2792521999144560,600002,87,2677,13365,100
2792522004267684,600002,87,2677,13365,100
2792522009394713,600002,87,2677,13365,100
2792522014514833,600002,87,2677,13365,100
2792522019636753,600002,87,2677,13365,100
2792522024764361,600002,87,2677,13365,100
2792522029885590,600002,87,2677,13365,100
2792522035022922,600002,87,2677,13365,100
2792522040142403,600002,87,2677,13365,100
2792522045261565,600002,87,2677,13365,100
2792522050384144,600002,87,2677,13365,100
2792522055505394,600002,87,2677,13365,100
2792522060623900,600002,87,2677,13365,100
2792522065741086,600002,87,2677,13365,100
2792522070867236,600002,87,2677,13365,100
2792522075987181,600002,87,2677,13365,100
2792522081129173,600002,87,2677,13365,100
2792522086249338,600002,87,2677,13365,100
2792522091374794,600002,87,2677,13365,100
2792522096495230,600002,87,2677,13365,100
2792522101600371,600002,87,2677,13365,100
2792522106734446,600002,87,2677,13365,100
2792522111854239,600002,87,2677,13365,100
2792522116972939,600002,87,2677,13365,100
2792522122092676,600002,87,2677,13365,100
2792522127211788,562635,87,2677,13365,100
2792522132905300,562635,82,2677,13365,11
2792522138025821,562635,82,2677,13365,11
2792522143150502,562635,82,2677,13365,11
2792522148270802,562635,82,2677,13365,11
2792522153397107,562635,82,2677,13365,11
2792522158518584,562635,82,2677,13365,11
2792522163655875,562635,82,2677,13365,11
2792522168776427,562635,82,2677,13365,11
2792522173898512,562635,82,2677,13365,11
2792522179032056,562635,82,2677,13365,11
2792522184153292,562635,82,2677,13365,11
2792522189273363,562635,82,2677,13365,11
2792522194394717,562635,82,2677,13365,11
2792522199515170,562635,82,2677,13365,11
2792522204638584,562635,82,2677,13365,11
2792522209759198,562635,82,2677,13365,11
2792522214882398,562635,82,2677,13365,11
2792522220018749,562635,82,2677,13365,11
2792522225140975,562635,82,2677,13365,11
2792522230235252,562635,82,2677,13365,11
2792522235355288,562635,82,2677,13365,11
2792522240475341,562635,82,2677,13365,11
2792522245601249,562635,82,2677,13365,11
2792522250725568,562635,82,2677,13365,11
2792522255845629,562635,82,2677,13365,11
2792522260967153,562635,82,2677,13365,11
2792522266087694,562635,82,2677,13365,11
2792522271209478,562635,82,2677,13365,11
2792522276333683,562635,82,2677,13365,11
