monotonic_ns,board_power_mw,temperature_c,graphics_clock_mhz,memory_clock_mhz,utilization_percent
2792847369286589,419994,70,2797,13365,100
2792847375800956,419994,70,2797,13365,100
2792847380916206,419994,70,2797,13365,100
2792847386030613,419994,70,2797,13365,100
2792847391146575,419994,70,2797,13365,100
2792847396264811,419994,70,2797,13365,100
2792847401378978,419994,70,2797,13365,100
2792847406495059,419994,70,2797,13365,100
2792847411607398,419994,70,2797,13365,100
2792847416724149,419994,70,2797,13365,100
2792847421840640,419994,70,2797,13365,100
2792847426955164,419994,70,2797,13365,100
2792847432073308,419994,70,2797,13365,100
2792847437187861,419994,70,2797,13365,100
2792847442302546,419994,70,2797,13365,100
2792847447417241,419994,70,2797,13365,100
2792847452532682,419994,70,2797,13365,100
2792847457647122,419994,70,2797,13365,100
2792847462758898,419994,70,2797,13365,100
2792847467873428,419994,70,2797,13365,100
2792847472991907,419994,70,2797,13365,100
2792847478127631,419994,70,2797,13365,100
2792847483242005,419994,70,2797,13365,100
2792847488362156,419994,70,2797,13365,100
2792847493476544,419994,70,2797,13365,100
2792847498592121,419994,70,2797,13365,100
2792847503706144,419994,70,2797,13365,100
2792847508822097,419994,70,2797,13365,100
2792847513936674,419994,70,2797,13365,100
2792847519051263,419994,70,2797,13365,100
2792847524166901,419994,70,2797,13365,100
2792847529281584,419994,70,2797,13365,100
2792847534401039,419994,70,2797,13365,100
2792847539521656,419994,70,2797,13365,100
2792847544636612,419994,70,2797,13365,100
2792847549751129,419994,70,2797,13365,100
2792847554865342,419994,70,2797,13365,100
2792847559980338,419994,70,2797,13365,100
2792847565094229,419994,70,2797,13365,100
2792847570209903,419994,70,2797,13365,100
2792847575323865,419994,70,2797,13365,100
2792847580438131,419994,70,2797,13365,100
2792847585551974,419994,70,2797,13365,100
2792847590669438,419994,70,2797,13365,100
2792847595809620,419994,70,2797,13365,100
2792847600923396,419994,70,2797,13365,100
2792847606037517,419994,70,2797,13365,100
2792847611152553,419994,70,2797,13365,100
2792847616269478,419994,70,2797,13365,100
2792847621383864,419994,70,2797,13365,100
2792847626499849,419994,70,2797,13365,100
2792847631619542,419994,70,2797,13365,100
2792847636730895,419994,70,2797,13365,100
2792847641850411,419994,70,2797,13365,100
2792847646968336,419994,70,2797,13365,100
2792847652082656,419994,70,2797,13365,100
2792847657197681,419994,70,2797,13365,100
2792847662312239,419994,70,2797,13365,100
2792847667426526,419994,70,2797,13365,100
2792847672548962,419994,70,2797,13365,100
2792847677661658,419994,70,2797,13365,100
2792847682773186,419994,70,2797,13365,100
2792847687884535,419994,70,2797,13365,100
2792847692996035,419994,70,2797,13365,100
2792847698124295,419994,70,2797,13365,100
2792847703235428,419994,70,2797,13365,100
2792847708347053,419994,70,2797,13365,100
2792847713458349,419994,70,2797,13365,100
2792847718569697,419994,70,2797,13365,100
2792847723682578,419994,70,2797,13365,100
2792847728796366,419994,70,2797,13365,100
2792847733907770,419994,70,2797,13365,100
2792847739020479,419994,70,2797,13365,100
2792847744133152,419994,70,2797,13365,100
2792847749244900,419994,70,2797,13365,100
2792847754356518,419994,70,2797,13365,100
2792847759467817,419994,70,2797,13365,100
2792847764579347,419994,70,2797,13365,100
2792847769690581,419994,70,2797,13365,100
2792847774802314,419994,70,2797,13365,100
2792847779915121,419994,70,2797,13365,100
2792847785028205,419994,70,2797,13365,100
2792847790140503,419994,70,2797,13365,100
2792847795251808,419994,70,2797,13365,100
2792847800364456,419994,70,2797,13365,100
2792847805476112,419994,70,2797,13365,100
2792847810587916,419994,70,2797,13365,100
2792847815698831,419994,70,2797,13365,100
2792847820809994,419994,70,2797,13365,100
2792847825921722,419994,70,2797,13365,100
2792847831034963,419994,70,2797,13365,100
2792847836146659,419994,70,2797,13365,100
2792847841257943,419994,70,2797,13365,100
2792847846369072,330920,69,2797,13365,92
2792847851481860,330920,69,2797,13365,92
2792847856592854,330920,69,2797,13365,92
2792847861704261,330920,69,2797,13365,92
2792847866816510,330920,69,2797,13365,92
2792847871927626,330920,69,2797,13365,92
2792847877038579,330920,69,2797,13365,92
2792847882150851,330920,69,2797,13365,92
2792847887261841,330920,69,2797,13365,92
2792847892373716,330920,69,2797,13365,92
2792847897486060,330920,69,2797,13365,92
2792847902597408,330920,69,2797,13365,92
2792847907708236,330920,69,2797,13365,92
2792847912819241,330920,69,2797,13365,92
2792847917930213,330920,69,2797,13365,92
2792847923041237,330920,69,2797,13365,92
2792847928152783,330920,69,2797,13365,92
2792847933265239,330920,69,2797,13365,92
2792847938375947,330920,69,2797,13365,92
2792847943486667,330920,69,2797,13365,92
2792847948597696,330920,69,2797,13365,92
2792847953708609,330920,69,2797,13365,92
2792847958819604,330920,69,2797,13365,92
2792847963931765,330920,69,2797,13365,92
2792847969042926,330920,69,2797,13365,92
2792847974154050,330920,69,2797,13365,92
2792847979265518,330920,69,2797,13365,92
2792847984377659,330920,69,2797,13365,92
2792847989488536,330920,69,2797,13365,92
2792847994600588,330920,69,2797,13365,92
2792847999711672,330920,69,2797,13365,92
2792848004822702,330920,69,2797,13365,92
2792848009933492,330920,69,2797,13365,92
2792848015044557,330920,69,2797,13365,92
2792848020155321,330920,69,2797,13365,92
2792848025266314,330920,69,2797,13365,92
2792848030378482,330920,69,2797,13365,92
2792848035491301,330920,69,2797,13365,92
2792848040602293,330920,69,2797,13365,92
2792848045713310,330920,69,2797,13365,92
2792848050824189,330920,69,2797,13365,92
2792848055935237,330920,69,2797,13365,92
2792848061047749,330920,69,2797,13365,92
2792848066158628,330920,69,2797,13365,92
2792848071269810,330920,69,2797,13365,92
2792848076380775,330920,69,2797,13365,92
2792848081491614,330920,69,2797,13365,92
2792848086620645,330920,69,2797,13365,92
2792848091731424,330920,69,2797,13365,92
2792848096843716,330920,69,2797,13365,92
2792848101954597,330920,69,2797,13365,92
2792848107065452,330920,69,2797,13365,92
2792848112153315,330920,69,2797,13365,92
2792848117248274,330920,69,2797,13365,92
2792848122342110,330920,69,2797,13365,92
2792848127440487,330920,69,2797,13365,92
2792848132538371,330920,69,2797,13365,92
2792848137637400,330920,69,2797,13365,92
2792848142734333,330920,69,2797,13365,92
2792848147834085,330920,69,2797,13365,92
2792848152932111,330920,69,2797,13365,92
2792848158028978,330920,69,2797,13365,92
2792848163128253,330920,69,2797,13365,92
2792848168224883,330920,69,2797,13365,92
2792848173337643,330920,69,2797,13365,92
2792848178450580,330920,69,2797,13365,92
2792848183562465,330920,69,2797,13365,92
2792848188653559,330920,69,2797,13365,92
2792848193745667,330920,69,2797,13365,92
2792848198842417,330920,69,2797,13365,92
2792848203942088,330920,69,2797,13365,92
2792848209046411,330920,69,2797,13365,92
2792848214143267,330920,69,2797,13365,92
2792848219242268,330920,69,2797,13365,92
2792848224351144,330920,69,2797,13365,92
2792848229463331,330920,69,2797,13365,92
2792848234574657,330920,69,2797,13365,92
2792848239687947,330920,69,2797,13365,92
2792848244799158,330920,69,2797,13365,92
2792848249928028,330920,69,2797,13365,92
2792848255038931,330920,69,2797,13365,92
2792848260149757,330920,69,2797,13365,92
2792848265260655,330920,69,2797,13365,92
2792848270371626,330920,69,2797,13365,92
2792848275483040,330920,69,2797,13365,92
2792848280593629,330920,69,2797,13365,92
2792848285704625,330920,69,2797,13365,92
2792848290816849,330920,69,2797,13365,92
2792848295928590,330920,69,2797,13365,92
2792848301039694,330920,69,2797,13365,92
2792848306150846,330920,69,2797,13365,92
2792848311262156,330920,69,2797,13365,92
2792848316373491,330920,69,2797,13365,92
2792848321484223,330920,69,2797,13365,92
2792848326595169,330920,69,2797,13365,92
2792848331705759,330920,69,2797,13365,92
2792848336817013,330920,69,2797,13365,92
2792848341929442,330920,69,2797,13365,92
2792848347042087,338543,70,2797,13365,100
2792848352154051,338543,70,2797,13365,100
2792848357265199,338543,70,2797,13365,100
2792848362376085,338543,70,2797,13365,100
2792848367489279,338543,70,2797,13365,100
2792848372600140,338543,70,2797,13365,100
2792848377711668,338543,70,2797,13365,100
2792848382822501,338543,70,2797,13365,100
2792848387933229,338543,70,2797,13365,100
2792848393045461,338543,70,2797,13365,100
2792848398158356,338543,70,2797,13365,100
2792848403268923,338543,70,2797,13365,100
2792848408379879,338543,70,2797,13365,100
2792848413490817,338543,70,2797,13365,100
2792848418601903,338543,70,2797,13365,100
2792848423712852,338543,70,2797,13365,100
2792848428823523,338543,70,2797,13365,100
2792848433934795,338543,70,2797,13365,100
2792848439045750,338543,70,2797,13365,100
2792848444157990,338543,70,2797,13365,100
2792848449269019,338543,70,2797,13365,100
2792848454379874,338543,70,2797,13365,100
2792848459490971,338543,70,2797,13365,100
2792848464606696,338543,70,2797,13365,100
2792848469717464,338543,70,2797,13365,100
2792848474828441,338543,70,2797,13365,100
2792848479939181,338543,70,2797,13365,100
2792848485050077,338543,70,2797,13365,100
2792848490161085,338543,70,2797,13365,100
2792848495275170,338543,70,2797,13365,100
2792848500385939,338543,70,2797,13365,100
2792848505496883,338543,70,2797,13365,100
2792848510607887,338543,70,2797,13365,100
2792848515718687,338543,70,2797,13365,100
2792848520829522,338543,70,2797,13365,100
2792848525940434,338543,70,2797,13365,100
2792848531052719,338543,70,2797,13365,100
2792848536163810,338543,70,2797,13365,100
2792848541274946,338543,70,2797,13365,100
2792848546387332,338543,70,2797,13365,100
2792848551498543,338543,70,2797,13365,100
2792848556609319,338543,70,2797,13365,100
2792848561721367,338543,70,2797,13365,100
2792848566832380,338543,70,2797,13365,100
2792848571947100,338543,70,2797,13365,100
2792848577058180,338543,70,2797,13365,100
2792848582169250,338543,70,2797,13365,100
2792848587280162,338543,70,2797,13365,100
2792848592391224,338543,70,2797,13365,100
2792848597503754,338543,70,2797,13365,100
2792848602614741,338543,70,2797,13365,100
2792848607726737,338543,70,2797,13365,100
2792848612837471,338543,70,2797,13365,100
2792848617948572,338543,70,2797,13365,100
2792848623059931,338543,70,2797,13365,100
2792848628185461,338543,70,2797,13365,100
2792848633296397,338543,70,2797,13365,100
2792848638408709,338543,70,2797,13365,100
2792848643519930,338543,70,2797,13365,100
2792848648636100,338543,70,2797,13365,100
2792848653746947,338543,70,2797,13365,100
2792848658858047,338543,70,2797,13365,100
2792848663968911,338543,70,2797,13365,100
2792848669079760,338543,70,2797,13365,100
2792848674191053,338543,70,2797,13365,100
2792848679313465,338543,70,2797,13365,100
2792848684424193,338543,70,2797,13365,100
2792848689535055,338543,70,2797,13365,100
2792848694645942,338543,70,2797,13365,100
2792848699758726,338543,70,2797,13365,100
2792848704870955,338543,70,2797,13365,100
2792848709982065,338543,70,2797,13365,100
2792848715123824,338543,70,2797,13365,100
2792848720235016,338543,70,2797,13365,100
2792848725345638,338543,70,2797,13365,100
2792848730472872,338543,70,2797,13365,100
2792848735583917,338543,70,2797,13365,100
2792848740694841,338543,70,2797,13365,100
2792848745805642,338543,70,2797,13365,100
2792848750918330,338543,70,2797,13365,100
2792848756029254,338543,70,2797,13365,100
2792848761140003,338543,70,2797,13365,100
2792848766252108,338543,70,2797,13365,100
2792848771363284,338543,70,2797,13365,100
2792848776480421,338543,70,2797,13365,100
2792848781591245,338543,70,2797,13365,100
2792848786702113,338543,70,2797,13365,100
2792848791813038,338543,70,2797,13365,100
2792848796924240,338543,70,2797,13365,100
2792848802037078,338543,70,2797,13365,100
2792848807148059,338543,70,2797,13365,100
2792848812258903,338543,70,2797,13365,100
2792848817369765,338543,70,2797,13365,100
2792848822480500,338543,70,2797,13365,100
2792848827591454,338543,70,2797,13365,100
2792848832703557,338543,70,2797,13365,100
2792848837814294,338543,70,2797,13365,100
2792848842925109,415672,70,2797,13365,100
2792848848036879,415672,70,2797,13365,100
2792848853168567,415672,70,2797,13365,100
2792848858279731,415672,70,2797,13365,100
2792848863391751,415672,70,2797,13365,100
2792848868502500,415672,70,2797,13365,100
2792848873613644,415672,70,2797,13365,100
2792848878724629,415672,70,2797,13365,100
2792848883835703,415672,70,2797,13365,100
2792848888946813,415672,70,2797,13365,100
2792848894057373,415672,70,2797,13365,100
2792848899170014,415672,70,2797,13365,100
2792848904299807,415672,70,2797,13365,100
2792848909411235,415672,70,2797,13365,100
2792848914522635,415672,70,2797,13365,100
2792848919634348,415672,70,2797,13365,100
2792848924746128,415672,70,2797,13365,100
2792848929857093,415672,70,2797,13365,100
2792848934969497,415672,70,2797,13365,100
2792848940080513,415672,70,2797,13365,100
2792848945191394,415672,70,2797,13365,100
2792848950302422,415672,70,2797,13365,100
2792848955414850,415672,70,2797,13365,100
2792848960526181,415672,70,2797,13365,100
2792848965636626,415672,70,2797,13365,100
2792848970747710,415672,70,2797,13365,100
2792848975858740,415672,70,2797,13365,100
2792848980970132,415672,70,2797,13365,100
2792848986081197,415672,70,2797,13365,100
2792848991192106,415672,70,2797,13365,100
2792848996302678,415672,70,2797,13365,100
2792849001415644,415672,70,2797,13365,100
2792849006529507,415672,70,2797,13365,100
2792849011641973,415672,70,2797,13365,100
2792849016754759,415672,70,2797,13365,100
2792849021865847,415672,70,2797,13365,100
2792849026976544,415672,70,2797,13365,100
2792849032087596,415672,70,2797,13365,100
2792849037198329,415672,70,2797,13365,100
2792849042309052,415672,70,2797,13365,100
2792849047420854,415672,70,2797,13365,100
2792849052531795,415672,70,2797,13365,100
2792849057644327,415672,70,2797,13365,100
2792849062755151,415672,70,2797,13365,100
2792849067866147,415672,70,2797,13365,100
2792849072977296,415672,70,2797,13365,100
2792849078088121,415672,70,2797,13365,100
2792849083200955,415672,70,2797,13365,100
2792849088311890,415672,70,2797,13365,100
2792849093422790,415672,70,2797,13365,100
2792849098533526,415672,70,2797,13365,100
2792849103655952,415672,70,2797,13365,100
2792849108768507,415672,70,2797,13365,100
2792849113881043,415672,70,2797,13365,100
2792849118991918,415672,70,2797,13365,100
2792849124119404,415672,70,2797,13365,100
2792849129230274,415672,70,2797,13365,100
2792849134341117,415672,70,2797,13365,100
2792849139452221,415672,70,2797,13365,100
2792849144563418,415672,70,2797,13365,100
2792849149674226,415672,70,2797,13365,100
2792849154787463,415672,70,2797,13365,100
2792849159900303,415672,70,2797,13365,100
2792849165029512,415672,70,2797,13365,100
2792849170140224,415672,70,2797,13365,100
2792849175251072,415672,70,2797,13365,100
2792849180362145,415672,70,2797,13365,100
2792849185473255,415672,70,2797,13365,100
2792849190584209,415672,70,2797,13365,100
2792849195695086,415672,70,2797,13365,100
2792849200807563,415672,70,2797,13365,100
2792849205942822,415672,70,2797,13365,100
2792849211056063,415672,70,2797,13365,100
2792849216166931,415672,70,2797,13365,100
2792849221277793,415672,70,2797,13365,100
2792849226388952,415672,70,2797,13365,100
2792849231500949,415672,70,2797,13365,100
2792849236611897,415672,70,2797,13365,100
2792849241722822,415672,70,2797,13365,100
2792849246833856,415672,70,2797,13365,100
2792849251944714,415672,70,2797,13365,100
2792849257055491,415672,70,2797,13365,100
2792849262167943,415672,70,2797,13365,100
2792849267280595,415672,70,2797,13365,100
2792849272391743,415672,70,2797,13365,100
2792849277502672,415672,70,2797,13365,100
2792849282613648,415672,70,2797,13365,100
2792849287724337,415672,70,2797,13365,100
2792849292835133,415672,70,2797,13365,100
2792849297947712,415672,70,2797,13365,100
2792849303058698,415672,70,2797,13365,100
2792849308169479,415672,70,2797,13365,100
2792849313281535,415672,70,2797,13365,100
2792849318392370,415672,70,2797,13365,100
2792849323503336,415672,70,2797,13365,100
2792849328614733,415672,70,2797,13365,100
2792849333725705,415672,70,2797,13365,100
2792849338836895,415672,70,2797,13365,100
2792849343947938,420152,70,2797,13365,100
2792849349059662,420152,70,2797,13365,100
2792849354171146,420152,70,2797,13365,100
2792849359281803,420152,70,2797,13365,100
2792849364395464,420152,70,2797,13365,100
2792849369507263,420152,70,2797,13365,100
2792849374619800,420152,70,2797,13365,100
2792849379730777,420152,70,2797,13365,100
2792849384841547,420152,70,2797,13365,100
2792849389952481,420152,70,2797,13365,100
2792849395063454,420152,70,2797,13365,100
2792849400174358,420152,70,2797,13365,100
2792849405287850,420152,70,2797,13365,100
2792849410399075,420152,70,2797,13365,100
2792849415511314,420152,70,2797,13365,100
2792849420622312,420152,70,2797,13365,100
2792849425733297,420152,70,2797,13365,100
2792849430844153,420152,70,2797,13365,100
2792849435956205,420152,70,2797,13365,100
2792849441067405,420152,70,2797,13365,100
2792849446178354,420152,70,2797,13365,100
2792849451289438,420152,70,2797,13365,100
2792849456400463,420152,70,2797,13365,100
2792849461511531,420152,70,2797,13365,100
2792849466623791,420152,70,2797,13365,100
2792849471736204,420152,70,2797,13365,100
2792849476846972,420152,70,2797,13365,100
2792849481957965,420152,70,2797,13365,100
2792849487068975,420152,70,2797,13365,100
2792849492179800,420152,70,2797,13365,100
2792849497290519,420152,70,2797,13365,100
2792849502403122,420152,70,2797,13365,100
2792849507514095,420152,70,2797,13365,100
2792849512624612,420152,70,2797,13365,100
2792849517737300,420152,70,2797,13365,100
2792849522848306,420152,70,2797,13365,100
2792849527959269,420152,70,2797,13365,100
2792849533070125,420152,70,2797,13365,100
2792849538180947,420152,70,2797,13365,100
2792849543291942,420152,70,2797,13365,100
2792849548402848,420152,70,2797,13365,100
2792849553513535,420152,70,2797,13365,100
2792849558640427,420152,70,2797,13365,100
2792849563751243,420152,70,2797,13365,100
2792849568863946,420152,70,2797,13365,100
2792849573975305,420152,70,2797,13365,100
2792849579086081,420152,70,2797,13365,100
2792849584197453,420152,70,2797,13365,100
2792849589308785,420152,70,2797,13365,100
2792849594419701,420152,70,2797,13365,100
2792849599531418,420152,70,2797,13365,100
2792849604642310,420152,70,2797,13365,100
2792849609752803,420152,70,2797,13365,100
2792849614863779,420152,70,2797,13365,100
2792849619976208,420152,70,2797,13365,100
2792849625087160,420152,70,2797,13365,100
2792849630198312,420152,70,2797,13365,100
2792849635311117,420152,70,2797,13365,100
2792849640422128,420152,70,2797,13365,100
2792849645533258,420152,70,2797,13365,100
2792849650643937,420152,70,2797,13365,100
2792849655755263,420152,70,2797,13365,100
2792849660866055,420152,70,2797,13365,100
2792849665978379,420152,70,2797,13365,100
2792849671090772,420152,70,2797,13365,100
2792849676201779,420152,70,2797,13365,100
2792849681312681,420152,70,2797,13365,100
2792849686423773,420152,70,2797,13365,100
2792849691534718,420152,70,2797,13365,100
2792849696645544,420152,70,2797,13365,100
2792849701758054,420152,70,2797,13365,100
2792849706868805,420152,70,2797,13365,100
2792849711989651,420152,70,2797,13365,100
2792849717118056,420152,70,2797,13365,100
2792849722230460,420152,70,2797,13365,100
2792849727341581,420152,70,2797,13365,100
2792849732452489,420152,70,2797,13365,100
2792849737563511,420152,70,2797,13365,100
2792849742675038,420152,70,2797,13365,100
2792849747787722,420152,70,2797,13365,100
2792849752898779,420152,70,2797,13365,100
2792849758025242,420152,70,2797,13365,100
2792849763136275,420152,70,2797,13365,100
2792849768247072,420152,70,2797,13365,100
2792849773359472,420152,70,2797,13365,100
2792849778471067,420152,70,2797,13365,100
2792849783582081,420152,70,2797,13365,100
2792849788692654,420152,70,2797,13365,100
2792849793804686,420152,70,2797,13365,100
2792849798915564,420152,70,2797,13365,100
2792849804026635,420152,70,2797,13365,100
2792849809137755,420152,70,2797,13365,100
2792849814248496,420152,70,2797,13365,100
2792849819359416,420152,70,2797,13365,100
2792849824472941,420152,70,2797,13365,100
2792849829584313,420152,70,2797,13365,100
2792849834695273,420152,70,2797,13365,100
2792849839806273,420152,70,2797,13365,100
2792849844916990,420312,70,2797,13365,100
2792849850029038,420312,70,2797,13365,100
2792849855139755,420312,70,2797,13365,100
2792849860250503,420312,70,2797,13365,100
2792849865361651,420312,70,2797,13365,100
2792849870472284,420312,70,2797,13365,100
2792849875585118,420312,70,2797,13365,100
2792849880696483,420312,70,2797,13365,100
2792849885807309,420312,70,2797,13365,100
2792849890919255,420312,70,2797,13365,100
2792849896030358,420312,70,2797,13365,100
2792849901141151,420312,70,2797,13365,100
2792849906252037,420312,70,2797,13365,100
2792849911362920,420312,70,2797,13365,100
2792849916473966,420312,70,2797,13365,100
2792849921585060,420312,70,2797,13365,100
2792849926697709,420312,70,2797,13365,100
2792849931820909,420312,70,2797,13365,100
2792849936931977,420312,70,2797,13365,100
2792849942043110,420312,70,2797,13365,100
2792849947154122,420312,70,2797,13365,100
2792849952265246,420312,70,2797,13365,100
2792849957377281,420312,70,2797,13365,100
2792849962488195,420312,70,2797,13365,100
2792849967599038,420312,70,2797,13365,100
2792849972709780,420312,70,2797,13365,100
2792849977822545,420312,70,2797,13365,100
2792849982934105,420312,70,2797,13365,100
2792849988046861,420312,70,2797,13365,100
2792849993157718,420312,70,2797,13365,100
2792849998268826,420312,70,2797,13365,100
2792850003379830,420312,70,2797,13365,100
2792850008490580,420312,70,2797,13365,100
2792850013601435,420312,70,2797,13365,100
2792850018712208,420312,70,2797,13365,100
2792850023823632,420312,70,2797,13365,100
2792850028936489,420312,70,2797,13365,100
2792850034047666,420312,70,2797,13365,100
2792850039158630,420312,70,2797,13365,100
2792850044269950,420312,70,2797,13365,100
2792850049380856,420312,70,2797,13365,100
2792850054492805,420312,70,2797,13365,100
2792850059603508,420312,70,2797,13365,100
2792850064714532,420312,70,2797,13365,100
2792850069825418,420312,70,2797,13365,100
2792850074936525,420312,70,2797,13365,100
2792850080049513,420312,70,2797,13365,100
2792850085161730,420312,70,2797,13365,100
2792850090272584,420312,70,2797,13365,100
2792850095383690,420312,70,2797,13365,100
2792850100494632,420312,70,2797,13365,100
2792850105605549,420312,70,2797,13365,100
2792850110716467,420312,70,2797,13365,100
2792850115827792,420312,70,2797,13365,100
2792850120940124,420312,70,2797,13365,100
2792850126051196,420312,70,2797,13365,100
2792850131163859,420312,70,2797,13365,100
2792850136274738,420312,70,2797,13365,100
2792850141385814,420312,70,2797,13365,100
2792850146496783,420312,70,2797,13365,100
2792850151609315,420312,70,2797,13365,100
2792850156720321,420312,70,2797,13365,100
2792850161831258,420312,70,2797,13365,100
2792850166942228,420312,70,2797,13365,100
2792850172053192,420312,70,2797,13365,100
2792850177164241,420312,70,2797,13365,100
2792850182278650,420312,70,2797,13365,100
2792850187391067,420312,70,2797,13365,100
2792850192503526,420312,70,2797,13365,100
2792850197616423,420312,70,2797,13365,100
2792850202728787,420312,70,2797,13365,100
2792850207841103,420312,70,2797,13365,100
2792850212969442,420312,70,2797,13365,100
2792850218082099,420312,70,2797,13365,100
2792850223194605,420312,70,2797,13365,100
2792850228305581,420312,70,2797,13365,100
2792850233418489,420312,70,2797,13365,100
2792850238530684,420312,70,2797,13365,100
2792850243641866,420312,70,2797,13365,100
2792850248752902,420312,70,2797,13365,100
2792850253865497,420312,70,2797,13365,100
2792850258977156,420312,70,2797,13365,100
2792850264089108,420312,70,2797,13365,100
2792850269200296,420312,70,2797,13365,100
2792850274311644,420312,70,2797,13365,100
2792850279423721,420312,70,2797,13365,100
2792850284538045,420312,70,2797,13365,100
2792850289649948,420312,70,2797,13365,100
2792850294761422,420312,70,2797,13365,100
2792850299872137,420312,70,2797,13365,100
2792850304983181,420312,70,2797,13365,100
2792850310113444,420312,70,2797,13365,100
2792850315224359,420312,70,2797,13365,100
2792850320335374,420312,70,2797,13365,100
2792850325446288,420312,70,2797,13365,100
2792850330557413,420312,70,2797,13365,100
2792850335674566,420312,70,2797,13365,100
2792850340787661,420312,70,2797,13365,100
2792850345898978,420305,70,2797,13365,100
2792850351029426,420305,70,2797,13365,100
2792850356141098,420305,70,2797,13365,100
2792850361252023,420305,70,2797,13365,100
2792850366362723,420305,70,2797,13365,100
2792850371473478,420305,70,2797,13365,100
2792850376584281,420305,70,2797,13365,100
2792850381695473,420305,70,2797,13365,100
2792850386809641,420305,70,2797,13365,100
2792850391920805,420305,70,2797,13365,100
2792850397031766,420305,70,2797,13365,100
2792850402142950,420305,70,2797,13365,100
2792850407253922,420305,70,2797,13365,100
2792850412365063,420305,70,2797,13365,100
2792850417477140,420305,70,2797,13365,100
2792850422590004,420305,70,2797,13365,100
2792850427701456,420305,70,2797,13365,100
2792850432812370,420305,70,2797,13365,100
2792850437924816,420305,70,2797,13365,100
2792850443036318,420305,70,2797,13365,100
2792850448147126,420305,70,2797,13365,100
2792850453259748,420305,70,2797,13365,100
2792850458371015,420305,70,2797,13365,100
2792850463481791,420305,70,2797,13365,100
2792850468592776,420305,70,2797,13365,100
2792850473703912,420305,70,2797,13365,100
2792850478815449,420305,70,2797,13365,100
2792850483927229,420305,70,2797,13365,100
2792850489040309,420305,70,2797,13365,100
2792850494151364,420305,70,2797,13365,100
2792850499262383,420305,70,2797,13365,100
2792850504373461,420305,70,2797,13365,100
2792850509484459,420305,70,2797,13365,100
2792850514595191,420305,70,2797,13365,100
2792850519707340,420305,70,2797,13365,100
2792850524818056,420305,70,2797,13365,100
2792850529929388,420305,70,2797,13365,100
2792850535040553,420305,70,2797,13365,100
2792850540153013,420305,70,2797,13365,100
2792850545264506,420305,70,2797,13365,100
2792850550377107,420305,70,2797,13365,100
2792850555488097,420305,70,2797,13365,100
2792850560598827,420305,70,2797,13365,100
2792850565709646,420305,70,2797,13365,100
2792850570832912,420305,70,2797,13365,100
2792850575943649,420305,70,2797,13365,100
2792850581056313,420305,70,2797,13365,100
2792850586167397,420305,70,2797,13365,100
2792850591280294,420305,70,2797,13365,100
2792850596391740,420305,70,2797,13365,100
2792850601502424,420305,70,2797,13365,100
2792850606613361,420305,70,2797,13365,100
2792850611726295,420305,70,2797,13365,100
2792850616837112,420305,70,2797,13365,100
2792850621949216,420305,70,2797,13365,100
2792850627061353,420305,70,2797,13365,100
2792850632174038,420305,70,2797,13365,100
2792850637284886,420305,70,2797,13365,100
2792850642397222,420305,70,2797,13365,100
2792850647520335,420305,70,2797,13365,100
2792850652631167,420305,70,2797,13365,100
2792850657742543,420305,70,2797,13365,100
2792850662853335,420305,70,2797,13365,100
2792850667964240,420305,70,2797,13365,100
2792850673075384,420305,70,2797,13365,100
2792850678187589,420305,70,2797,13365,100
2792850683298793,420305,70,2797,13365,100
2792850688409841,420305,70,2797,13365,100
2792850693522306,420305,70,2797,13365,100
2792850698634548,420305,70,2797,13365,100
2792850703745379,420305,70,2797,13365,100
2792850708856319,420305,70,2797,13365,100
2792850713967132,420305,70,2797,13365,100
2792850719077978,420305,70,2797,13365,100
2792850724188930,420305,70,2797,13365,100
2792850729300221,420305,70,2797,13365,100
2792850734410961,420305,70,2797,13365,100
2792850739521929,420305,70,2797,13365,100
2792850744635678,420305,70,2797,13365,100
2792850749746747,420305,70,2797,13365,100
2792850754857339,420305,70,2797,13365,100
2792850759968152,420305,70,2797,13365,100
2792850765079164,420305,70,2797,13365,100
2792850770190137,420305,70,2797,13365,100
2792850775301000,420305,70,2797,13365,100
2792850780413161,420305,70,2797,13365,100
2792850785524350,420305,70,2797,13365,100
2792850790635030,420305,70,2797,13365,100
2792850795747370,420305,70,2797,13365,100
2792850800858318,420305,70,2797,13365,100
2792850805969288,420305,70,2797,13365,100
2792850811081367,420305,70,2797,13365,100
2792850816191948,420305,70,2797,13365,100
2792850821302920,420305,70,2797,13365,100
2792850826413945,420305,70,2797,13365,100
2792850831525445,420305,70,2797,13365,100
2792850836636662,420305,70,2797,13365,100
2792850841747432,420305,70,2797,13365,100
2792850846860087,420058,70,2797,13365,100
2792850851971959,420058,70,2797,13365,100
2792850857084845,420058,70,2797,13365,100
2792850862197115,420058,70,2797,13365,100
2792850867323586,420058,70,2797,13365,100
2792850872434672,420058,70,2797,13365,100
2792850877545789,420058,70,2797,13365,100
2792850882656918,420058,70,2797,13365,100
2792850887768418,420058,70,2797,13365,100
2792850892881758,420058,70,2797,13365,100
2792850897994898,420058,70,2797,13365,100
2792850903123485,420058,70,2797,13365,100
2792850908235341,420058,70,2797,13365,100
2792850913347168,420058,70,2797,13365,100
2792850918458844,420058,70,2797,13365,100
2792850923571395,420058,70,2797,13365,100
2792850928683985,420058,70,2797,13365,100
2792850933797993,420058,70,2797,13365,100
2792850938910601,420058,70,2797,13365,100
2792850944023354,420058,70,2797,13365,100
2792850949137342,420058,70,2797,13365,100
2792850954249751,420058,70,2797,13365,100
2792850959362340,420058,70,2797,13365,100
2792850964476703,420058,70,2797,13365,100
2792850969589584,420058,70,2797,13365,100
2792850974702879,420058,70,2797,13365,100
2792850979816217,420058,70,2797,13365,100
2792850984930487,420058,70,2797,13365,100
2792850990044145,420058,70,2797,13365,100
2792850995157358,420058,70,2797,13365,100
2792851000272861,420058,70,2797,13365,100
2792851005386323,420058,70,2797,13365,100
2792851010500349,420058,70,2797,13365,100
2792851015614249,420058,70,2797,13365,100
2792851020728208,420058,70,2797,13365,100
2792851025842332,420058,70,2797,13365,100
2792851030958681,420058,70,2797,13365,100
2792851036073557,420058,70,2797,13365,100
2792851041188201,420058,70,2797,13365,100
2792851046303342,420058,70,2797,13365,100
2792851051420230,420058,70,2797,13365,100
2792851056536011,420058,70,2797,13365,100
2792851061651891,420058,70,2797,13365,100
2792851066767967,420058,70,2797,13365,100
2792851071884256,420058,70,2797,13365,100
2792851077023808,420058,70,2797,13365,100
2792851082140232,420058,70,2797,13365,100
2792851087256477,420058,70,2797,13365,100
2792851092373025,420058,70,2797,13365,100
2792851097489551,420058,70,2797,13365,100
2792851102607186,420058,70,2797,13365,100
2792851107723620,420058,70,2797,13365,100
2792851112841126,420058,70,2797,13365,100
2792851117957351,420058,70,2797,13365,100
2792851123073755,420058,70,2797,13365,100
2792851128190030,420058,70,2797,13365,100
2792851133306554,420058,70,2797,13365,100
2792851138422821,420058,70,2797,13365,100
2792851143538793,420058,70,2797,13365,100
2792851148655569,420058,70,2797,13365,100
2792851153773292,420058,70,2797,13365,100
2792851158889931,420058,70,2797,13365,100
2792851164029194,420058,70,2797,13365,100
2792851169145694,420058,70,2797,13365,100
2792851174262544,420058,70,2797,13365,100
2792851179378874,420058,70,2797,13365,100
2792851184495744,420058,70,2797,13365,100
2792851189612248,420058,70,2797,13365,100
2792851194728332,420058,70,2797,13365,100
2792851199846346,420058,70,2797,13365,100
2792851204964425,420058,70,2797,13365,100
2792851210081598,420058,70,2797,13365,100
2792851215197608,420058,70,2797,13365,100
2792851220314018,420058,70,2797,13365,100
2792851225430699,420058,70,2797,13365,100
2792851230549791,420058,70,2797,13365,100
2792851235666620,420058,70,2797,13365,100
2792851240783054,420058,70,2797,13365,100
2792851245899552,420058,70,2797,13365,100
2792851251037197,420058,70,2797,13365,100
2792851256156249,420058,70,2797,13365,100
2792851261272682,420058,70,2797,13365,100
2792851266388961,420058,70,2797,13365,100
2792851271506058,420058,70,2797,13365,100
2792851276622206,420058,70,2797,13365,100
2792851281738623,420058,70,2797,13365,100
2792851286857983,420058,70,2797,13365,100
2792851291974204,420058,70,2797,13365,100
2792851297090424,420058,70,2797,13365,100
2792851302206293,420058,70,2797,13365,100
2792851307323972,420058,70,2797,13365,100
2792851312440461,420058,70,2797,13365,100
2792851317557996,420058,70,2797,13365,100
2792851322674630,420058,70,2797,13365,100
2792851327790994,420058,70,2797,13365,100
2792851332907479,420058,70,2797,13365,100
2792851338023583,420058,70,2797,13365,100
2792851343140834,420175,70,2797,13365,100
2792851348258247,420175,70,2797,13365,100
2792851353378150,420175,70,2797,13365,100
2792851358496609,420175,70,2797,13365,100
2792851363613199,420175,70,2797,13365,100
2792851368730413,420175,70,2797,13365,100
2792851373846514,420175,70,2797,13365,100
2792851378963158,420175,70,2797,13365,100
2792851384080314,420175,70,2797,13365,100
2792851389196759,420175,70,2797,13365,100
2792851394312812,420175,70,2797,13365,100
2792851399429582,420175,70,2797,13365,100
2792851404545884,420175,70,2797,13365,100
2792851409663964,420175,70,2797,13365,100
2792851414780028,420175,70,2797,13365,100
2792851419899859,420175,70,2797,13365,100
2792851425036838,420175,70,2797,13365,100
2792851430154502,420175,70,2797,13365,100
2792851435270694,420175,70,2797,13365,100
2792851440387075,420175,70,2797,13365,100
2792851445503510,420175,70,2797,13365,100
2792851450619935,420175,70,2797,13365,100
2792851455736444,420175,70,2797,13365,100
2792851460856112,420175,70,2797,13365,100
2792851465972868,420175,70,2797,13365,100
2792851471089261,420175,70,2797,13365,100
2792851476205567,420175,70,2797,13365,100
2792851481321570,420175,70,2797,13365,100
2792851486437862,420175,70,2797,13365,100
2792851491556838,420175,70,2797,13365,100
2792851496673387,420175,70,2797,13365,100
2792851501789915,420175,70,2797,13365,100
2792851506906275,420175,70,2797,13365,100
2792851512024916,420175,70,2797,13365,100
2792851517141180,420175,70,2797,13365,100
2792851522274516,420175,70,2797,13365,100
2792851527390778,420175,70,2797,13365,100
2792851532507153,420175,70,2797,13365,100
2792851537623739,420175,70,2797,13365,100
2792851542740437,420175,70,2797,13365,100
2792851547856748,420175,70,2797,13365,100
2792851552973813,420175,70,2797,13365,100
2792851558091907,420175,70,2797,13365,100
2792851563209735,420175,70,2797,13365,100
2792851568325786,420175,70,2797,13365,100
2792851573442350,420175,70,2797,13365,100
2792851578558695,420175,70,2797,13365,100
2792851583675939,420175,70,2797,13365,100
2792851588795143,420175,70,2797,13365,100
2792851593911561,420175,70,2797,13365,100
2792851599028146,420175,70,2797,13365,100
2792851604144642,420175,70,2797,13365,100
2792851609261119,420175,70,2797,13365,100
2792851614379463,420175,70,2797,13365,100
2792851619495819,420175,70,2797,13365,100
2792851624614507,420175,70,2797,13365,100
2792851629731048,420175,70,2797,13365,100
2792851634847285,420175,70,2797,13365,100
2792851639963507,420175,70,2797,13365,100
2792851645080541,420175,70,2797,13365,100
2792851650196645,420175,70,2797,13365,100
2792851655315078,420175,70,2797,13365,100
2792851660431994,420175,70,2797,13365,100
2792851665550763,420175,70,2797,13365,100
2792851670667023,420175,70,2797,13365,100
2792851675783358,420175,70,2797,13365,100
2792851680902100,420175,70,2797,13365,100
2792851686022280,420175,70,2797,13365,100
2792851691141953,420175,70,2797,13365,100
2792851696261175,420175,70,2797,13365,100
2792851701380113,420175,70,2797,13365,100
2792851706498478,420175,70,2797,13365,100
2792851711617934,420175,70,2797,13365,100
2792851716739886,420175,70,2797,13365,100
2792851721860003,420175,70,2797,13365,100
2792851726980207,420175,70,2797,13365,100
2792851732113644,420175,70,2797,13365,100
2792851737232508,420175,70,2797,13365,100
2792851742350288,420175,70,2797,13365,100
2792851747468859,420175,70,2797,13365,100
2792851752586029,420175,70,2797,13365,100
2792851757717102,420175,70,2797,13365,100
2792851762834092,420175,70,2797,13365,100
2792851767953498,420175,70,2797,13365,100
2792851773071130,420175,70,2797,13365,100
2792851778189011,420175,70,2797,13365,100
2792851783306442,420175,70,2797,13365,100
2792851788422707,420175,70,2797,13365,100
2792851793539198,420175,70,2797,13365,100
2792851798655557,420175,70,2797,13365,100
2792851803772176,420175,70,2797,13365,100
2792851808888317,420175,70,2797,13365,100
2792851814031357,420175,70,2797,13365,100
2792851819150082,420175,70,2797,13365,100
2792851824266494,420175,70,2797,13365,100
2792851829383054,420175,70,2797,13365,100
2792851834499682,420175,70,2797,13365,100
2792851839615730,420175,70,2797,13365,100
2792851844732796,420258,70,2797,13365,100
2792851849853895,420258,70,2797,13365,100
2792851854970312,420258,70,2797,13365,100
2792851860086489,420258,70,2797,13365,100
2792851865203128,420258,70,2797,13365,100
2792851870322293,420258,70,2797,13365,100
2792851875439101,420258,70,2797,13365,100
2792851880555682,420258,70,2797,13365,100
2792851885671931,420258,70,2797,13365,100
2792851890788750,420258,70,2797,13365,100
2792851895906191,420258,70,2797,13365,100
2792851901022950,420258,70,2797,13365,100
2792851906139643,420258,70,2797,13365,100
2792851911255913,420258,70,2797,13365,100
2792851916371990,420258,70,2797,13365,100
2792851921490547,420258,70,2797,13365,100
2792851926607781,420258,70,2797,13365,100
2792851931725138,420258,70,2797,13365,100
2792851936844382,420258,70,2797,13365,100
2792851941971085,420258,70,2797,13365,100
2792851947088678,420258,70,2797,13365,100
2792851952205823,420258,70,2797,13365,100
2792851957322600,420258,70,2797,13365,100
2792851962438928,420258,70,2797,13365,100
2792851967557496,420258,70,2797,13365,100
2792851972675591,420258,70,2797,13365,100
2792851977792621,420258,70,2797,13365,100
2792851982909941,420258,70,2797,13365,100
2792851988026037,420258,70,2797,13365,100
2792851993142210,420258,70,2797,13365,100
2792851998259202,420258,70,2797,13365,100
2792852003375591,420258,70,2797,13365,100
2792852008491811,420258,70,2797,13365,100
2792852013608260,420258,70,2797,13365,100
2792852018724600,420258,70,2797,13365,100
2792852023842344,420258,70,2797,13365,100
2792852028958937,420258,70,2797,13365,100
2792852034077697,420258,70,2797,13365,100
2792852039194202,420258,70,2797,13365,100
2792852044310934,420258,70,2797,13365,100
2792852049427735,420258,70,2797,13365,100
2792852054543974,420258,70,2797,13365,100
2792852059660355,420258,70,2797,13365,100
2792852064779184,420258,70,2797,13365,100
2792852069895652,420258,70,2797,13365,100
2792852075037184,420258,70,2797,13365,100
2792852080155036,420258,70,2797,13365,100
2792852085271367,420258,70,2797,13365,100
2792852090387729,420258,70,2797,13365,100
2792852095504296,420258,70,2797,13365,100
2792852100620399,420258,70,2797,13365,100
2792852105736632,420258,70,2797,13365,100
2792852110855218,420258,70,2797,13365,100
2792852115971641,420258,70,2797,13365,100
2792852121088296,420258,70,2797,13365,100
2792852126205931,420258,70,2797,13365,100
2792852131323352,420258,70,2797,13365,100
2792852136439789,420258,70,2797,13365,100
2792852141558193,420258,70,2797,13365,100
2792852146674825,420258,70,2797,13365,100
2792852151792062,420258,70,2797,13365,100
2792852156908346,420258,70,2797,13365,100
2792852162024813,420258,70,2797,13365,100
2792852167141306,420258,70,2797,13365,100
2792852172257841,420258,70,2797,13365,100
2792852177394464,420258,70,2797,13365,100
2792852182510972,420258,70,2797,13365,100
2792852187627404,420258,70,2797,13365,100
2792852192743564,420258,70,2797,13365,100
2792852197879765,420258,70,2797,13365,100
2792852202996217,420258,70,2797,13365,100
2792852208150731,420258,70,2797,13365,100
2792852213268443,420258,70,2797,13365,100
2792852218384939,420258,70,2797,13365,100
2792852223502010,420258,70,2797,13365,100
2792852228620629,420258,70,2797,13365,100
2792852233736991,420258,70,2797,13365,100
2792852238855705,420258,70,2797,13365,100
2792852243972095,420258,70,2797,13365,100
2792852249088292,420258,70,2797,13365,100
2792852254205493,420258,70,2797,13365,100
2792852259321985,420258,70,2797,13365,100
2792852264438313,420258,70,2797,13365,100
2792852269556950,420258,70,2797,13365,100
2792852274673188,420258,70,2797,13365,100
2792852279791278,420258,70,2797,13365,100
2792852284908527,420258,70,2797,13365,100
2792852290025903,420258,70,2797,13365,100
2792852295143186,420258,70,2797,13365,100
2792852300259790,420258,70,2797,13365,100
2792852305376608,420258,70,2797,13365,100
2792852310493313,420258,70,2797,13365,100
2792852315609929,420258,70,2797,13365,100
2792852320728693,420258,70,2797,13365,100
2792852325845312,420258,70,2797,13365,100
2792852330963451,420258,70,2797,13365,100
2792852336079607,420258,70,2797,13365,100
2792852341196323,420258,70,2797,13365,100
2792852346312815,420215,70,2797,13365,100
2792852351433556,420215,70,2797,13365,100
2792852356550744,420215,70,2797,13365,100
2792852361667368,420215,70,2797,13365,100
2792852366783600,420215,70,2797,13365,100
2792852371900137,420215,70,2797,13365,100
2792852377038205,420215,70,2797,13365,100
2792852382157590,420215,70,2797,13365,100
2792852387274206,420215,70,2797,13365,100
2792852392390871,420215,70,2797,13365,100
2792852397507623,420215,70,2797,13365,100
2792852402624359,420215,70,2797,13365,100
2792852407741022,420215,70,2797,13365,100
2792852412859628,420215,70,2797,13365,100
2792852417975829,420215,70,2797,13365,100
2792852423092085,420215,70,2797,13365,100
2792852428208345,420215,70,2797,13365,100
2792852433326333,420215,70,2797,13365,100
2792852438442426,420215,70,2797,13365,100
2792852443559766,420215,70,2797,13365,100
2792852448676386,420215,70,2797,13365,100
2792852453792541,420215,70,2797,13365,100
2792852458908926,420215,70,2797,13365,100
2792852464025592,420215,70,2797,13365,100
2792852469142333,420215,70,2797,13365,100
2792852474259561,420215,70,2797,13365,100
2792852479378101,420215,70,2797,13365,100
2792852484495406,420215,70,2797,13365,100
2792852489611638,420215,70,2797,13365,100
2792852494727858,420215,70,2797,13365,100
2792852499844110,420215,70,2797,13365,100
2792852504960735,420215,70,2797,13365,100
2792852510078879,420215,70,2797,13365,100
2792852515195460,420215,70,2797,13365,100
2792852520312232,420215,70,2797,13365,100
2792852525429221,420215,70,2797,13365,100
2792852530546125,420215,70,2797,13365,100
2792852535664649,420215,70,2797,13365,100
2792852540780954,420215,70,2797,13365,100
2792852545899620,420215,70,2797,13365,100
2792852551062397,420215,70,2797,13365,100
2792852556179638,420215,70,2797,13365,100
2792852561295931,420215,70,2797,13365,100
2792852566412317,420215,70,2797,13365,100
2792852571528304,420215,70,2797,13365,100
2792852576645032,420215,70,2797,13365,100
2792852581761812,420215,70,2797,13365,100
2792852586882300,420215,70,2797,13365,100
2792852591998565,420215,70,2797,13365,100
2792852597132517,420215,70,2797,13365,100
2792852602249037,420215,70,2797,13365,100
2792852607365660,420215,70,2797,13365,100
2792852612474155,420215,70,2797,13365,100
2792852617590430,420215,70,2797,13365,100
2792852622706993,420215,70,2797,13365,100
2792852627825997,420215,70,2797,13365,100
2792852632953452,420215,70,2797,13365,100
2792852638071164,420215,70,2797,13365,100
2792852643187488,420215,70,2797,13365,100
2792852648303985,420215,70,2797,13365,100
2792852653420433,420215,70,2797,13365,100
2792852658539150,420215,70,2797,13365,100
2792852663655394,420215,70,2797,13365,100
2792852668772034,420215,70,2797,13365,100
2792852673888427,420215,70,2797,13365,100
2792852679027539,420215,70,2797,13365,100
2792852684144638,420215,70,2797,13365,100
2792852689262502,420215,70,2797,13365,100
2792852694379260,420215,70,2797,13365,100
2792852699496176,420215,70,2797,13365,100
2792852704612365,420215,70,2797,13365,100
2792852709728779,420215,70,2797,13365,100
2792852714846604,420215,70,2797,13365,100
2792852719963318,420215,70,2797,13365,100
2792852725080573,420215,70,2797,13365,100
2792852730197870,420215,70,2797,13365,100
2792852735314372,420215,70,2797,13365,100
2792852740432213,420215,70,2797,13365,100
2792852745548860,420215,70,2797,13365,100
2792852750668304,420215,70,2797,13365,100
2792852755787384,420215,70,2797,13365,100
2792852760906653,420215,70,2797,13365,100
2792852766024546,420215,70,2797,13365,100
2792852771141465,420215,70,2797,13365,100
2792852776258096,420215,70,2797,13365,100
2792852781376848,420215,70,2797,13365,100
2792852786494165,420215,70,2797,13365,100
2792852791613203,420215,70,2797,13365,100
2792852796730408,420215,70,2797,13365,100
2792852801847360,420215,70,2797,13365,100
2792852806964473,420215,70,2797,13365,100
2792852812080913,420215,70,2797,13365,100
2792852817197373,420215,70,2797,13365,100
2792852822313549,420215,70,2797,13365,100
2792852827429953,420215,70,2797,13365,100
2792852832563494,420215,70,2797,13365,100
2792852837680174,420215,70,2797,13365,100
2792852842798611,420215,70,2797,13365,100
2792852847915957,420366,70,2797,13365,100
2792852853034735,420366,70,2797,13365,100
2792852858151964,420366,70,2797,13365,100
2792852863268144,420366,70,2797,13365,100
2792852868384544,420366,70,2797,13365,100
2792852873501639,420366,70,2797,13365,100
2792852878620371,420366,70,2797,13365,100
2792852883736788,420366,70,2797,13365,100
2792852888853318,420366,70,2797,13365,100
2792852893971517,420366,70,2797,13365,100
2792852899088019,420366,70,2797,13365,100
2792852904204580,420366,70,2797,13365,100
2792852909321003,420366,70,2797,13365,100
2792852914437469,420366,70,2797,13365,100
2792852919554644,420366,70,2797,13365,100
2792852924671083,420366,70,2797,13365,100
2792852929787345,420366,70,2797,13365,100
2792852934903819,420366,70,2797,13365,100
2792852940021509,420366,70,2797,13365,100
2792852945140866,420366,70,2797,13365,100
2792852950257347,420366,70,2797,13365,100
2792852955375199,420366,70,2797,13365,100
2792852960492694,420366,70,2797,13365,100
2792852965610578,420366,70,2797,13365,100
2792852970727672,420366,70,2797,13365,100
2792852975845076,420366,70,2797,13365,100
2792852980963181,420366,70,2797,13365,100
2792852986079571,420366,70,2797,13365,100
2792852991195880,420366,70,2797,13365,100
2792852996312426,420366,70,2797,13365,100
2792853001426658,420366,70,2797,13365,100
2792853006541375,420366,70,2797,13365,100
2792853011654891,420366,70,2797,13365,100
2792853016768351,420366,70,2797,13365,100
2792853021881568,420366,70,2797,13365,100
2792853026994149,420366,70,2797,13365,100
2792853032129444,420366,70,2797,13365,100
2792853037242505,420366,70,2797,13365,100
2792853042355642,420366,70,2797,13365,100
2792853047470102,420366,70,2797,13365,100
2792853052582653,420366,70,2797,13365,100
2792853057695171,420366,70,2797,13365,100
2792853062807921,420366,70,2797,13365,100
2792853067922915,420366,70,2797,13365,100
2792853073036672,420366,70,2797,13365,100
2792853078150188,420366,70,2797,13365,100
2792853083263732,420366,70,2797,13365,100
2792853088377869,420366,70,2797,13365,100
2792853093491875,420366,70,2797,13365,100
2792853098609245,420366,70,2797,13365,100
2792853103723178,420366,70,2797,13365,100
2792853108837774,420366,70,2797,13365,100
2792853113953283,420366,70,2797,13365,100
2792853119068488,420366,70,2797,13365,100
2792853124195107,420366,70,2797,13365,100
2792853129312620,420366,70,2797,13365,100
2792853134428292,420366,70,2797,13365,100
2792853139543762,420366,70,2797,13365,100
2792853144659766,420366,70,2797,13365,100
2792853149777894,420366,70,2797,13365,100
2792853154894288,420366,70,2797,13365,100
2792853160028998,420366,70,2797,13365,100
2792853165146463,420366,70,2797,13365,100
2792853170262959,420366,70,2797,13365,100
2792853175379598,420366,70,2797,13365,100
2792853180496492,420366,70,2797,13365,100
2792853185612668,420366,70,2797,13365,100
2792853190729076,420366,70,2797,13365,100
2792853195847355,420366,70,2797,13365,100
2792853200965438,420366,70,2797,13365,100
2792853206082258,420366,70,2797,13365,100
2792853211201102,420366,70,2797,13365,100
2792853216317900,420366,70,2797,13365,100
2792853221434767,420366,70,2797,13365,100
2792853226551661,420366,70,2797,13365,100
2792853231668151,420366,70,2797,13365,100
2792853236784160,420366,70,2797,13365,100
2792853241903044,420366,70,2797,13365,100
2792853247019885,420366,70,2797,13365,100
2792853252137577,420366,70,2797,13365,100
2792853257256048,420366,70,2797,13365,100
2792853262372346,420366,70,2797,13365,100
2792853267488834,420366,70,2797,13365,100
2792853272605410,420366,70,2797,13365,100
2792853277721579,420366,70,2797,13365,100
2792853282838904,420366,70,2797,13365,100
2792853287956763,420366,70,2797,13365,100
2792853293073572,420366,70,2797,13365,100
2792853298189748,420366,70,2797,13365,100
2792853303307507,420366,70,2797,13365,100
2792853308423721,420366,70,2797,13365,100
2792853313540085,420366,70,2797,13365,100
2792853318656254,420366,70,2797,13365,100
2792853323775099,420366,70,2797,13365,100
2792853328891427,420366,70,2797,13365,100
2792853334031306,420366,70,2797,13365,100
2792853339148157,420366,70,2797,13365,100
2792853344264875,420394,70,2797,13365,100
2792853349383140,420394,70,2797,13365,100
2792853354502060,420394,70,2797,13365,100
2792853359618555,420394,70,2797,13365,100
2792853364735509,420394,70,2797,13365,100
2792853369854262,420394,70,2797,13365,100
2792853374970601,420394,70,2797,13365,100
2792853380086638,420394,70,2797,13365,100
2792853385203170,420394,70,2797,13365,100
2792853390320135,420394,70,2797,13365,100
2792853395436399,420394,70,2797,13365,100
2792853400553959,420394,70,2797,13365,100
2792853405671916,420394,70,2797,13365,100
2792853410788488,420394,70,2797,13365,100
2792853415904841,420394,70,2797,13365,100
2792853421021342,420394,70,2797,13365,100
2792853426138106,420394,70,2797,13365,100
2792853431254342,420394,70,2797,13365,100
2792853436373170,420394,70,2797,13365,100
2792853441489707,420394,70,2797,13365,100
2792853446606449,420394,70,2797,13365,100
2792853451722523,420394,70,2797,13365,100
2792853456840428,420394,70,2797,13365,100
2792853461957012,420394,70,2797,13365,100
2792853467075035,420394,70,2797,13365,100
2792853472191453,420394,70,2797,13365,100
2792853477307910,420394,70,2797,13365,100
2792853482424968,420394,70,2797,13365,100
2792853487558794,420394,70,2797,13365,100
2792853492675129,420394,70,2797,13365,100
2792853497791691,420394,70,2797,13365,100
2792853502910511,420394,70,2797,13365,100
2792853508028636,420394,70,2797,13365,100
2792853513145279,420394,70,2797,13365,100
2792853518261429,420394,70,2797,13365,100
2792853523377748,420394,70,2797,13365,100
2792853528494313,420394,70,2797,13365,100
2792853533612553,420394,70,2797,13365,100
2792853538728546,420394,70,2797,13365,100
2792853543845172,420394,70,2797,13365,100
2792853548961451,420394,70,2797,13365,100
2792853554077679,420394,70,2797,13365,100
2792853559195700,420394,70,2797,13365,100
2792853564312044,420394,70,2797,13365,100
2792853569428214,420394,70,2797,13365,100
2792853574546228,420394,70,2797,13365,100
2792853579663597,420394,70,2797,13365,100
2792853584780307,420394,70,2797,13365,100
2792853589896712,420394,70,2797,13365,100
2792853595040238,420394,70,2797,13365,100
2792853600157150,420394,70,2797,13365,100
2792853605273285,420394,70,2797,13365,100
2792853610390829,420394,70,2797,13365,100
2792853615507348,420394,70,2797,13365,100
2792853620623867,420394,70,2797,13365,100
2792853625740577,420394,70,2797,13365,100
2792853630858945,420394,70,2797,13365,100
2792853635975617,420394,70,2797,13365,100
2792853641091974,420394,70,2797,13365,100
2792853646208213,420394,70,2797,13365,100
2792853651324434,420394,70,2797,13365,100
2792853656440974,420394,70,2797,13365,100
2792853661561855,420394,70,2797,13365,100
2792853666678495,420394,70,2797,13365,100
2792853671794702,420394,70,2797,13365,100
2792853676913999,420394,70,2797,13365,100
2792853682030368,420394,70,2797,13365,100
2792853687146822,420394,70,2797,13365,100
2792853692262889,420394,70,2797,13365,100
2792853697379489,420394,70,2797,13365,100
2792853702496102,420394,70,2797,13365,100
2792853707614802,420394,70,2797,13365,100
2792853712732638,420394,70,2797,13365,100
2792853717849687,420394,70,2797,13365,100
2792853722966623,420394,70,2797,13365,100
2792853728083143,420394,70,2797,13365,100
2792853733199654,420394,70,2797,13365,100
2792853738316004,420394,70,2797,13365,100
2792853743433932,420394,70,2797,13365,100
2792853748550509,420394,70,2797,13365,100
2792853753669754,420394,70,2797,13365,100
2792853758787878,420394,70,2797,13365,100
2792853763907000,420394,70,2797,13365,100
2792853769024385,420394,70,2797,13365,100
2792853774140942,420394,70,2797,13365,100
2792853779257374,420394,70,2797,13365,100
2792853784374625,420394,70,2797,13365,100
2792853789491572,420394,70,2797,13365,100
2792853794609487,420394,70,2797,13365,100
2792853799725809,420394,70,2797,13365,100
2792853804842785,420394,70,2797,13365,100
2792853809959542,420394,70,2797,13365,100
2792853815077118,420394,70,2797,13365,100
2792853820196127,420394,70,2797,13365,100
2792853825314793,420394,70,2797,13365,100
2792853830431203,420394,70,2797,13365,100
2792853835547560,420394,70,2797,13365,100
2792853840663840,420394,70,2797,13365,100
2792853845780176,420319,70,2797,13365,100
2792853850898277,420319,70,2797,13365,100
2792853856035719,420319,70,2797,13365,100
2792853861152691,420319,70,2797,13365,100
2792853866270628,420319,70,2797,13365,100
2792853871387482,420319,70,2797,13365,100
2792853876503960,420319,70,2797,13365,100
2792853881620543,420319,70,2797,13365,100
2792853886737158,420319,70,2797,13365,100
2792853891855404,420319,70,2797,13365,100
2792853896971922,420319,70,2797,13365,100
2792853902088286,420319,70,2797,13365,100
2792853907204592,420319,70,2797,13365,100
2792853912321147,420319,70,2797,13365,100
2792853917440125,420319,70,2797,13365,100
2792853922558965,420319,70,2797,13365,100
2792853927675414,420319,70,2797,13365,100
2792853932791752,420319,70,2797,13365,100
2792853937908091,420319,70,2797,13365,100
2792853943025619,420319,70,2797,13365,100
2792853948142698,420319,70,2797,13365,100
2792853953258992,420319,70,2797,13365,100
2792853958377116,420319,70,2797,13365,100
2792853963493093,420319,70,2797,13365,100
2792853968610937,420319,70,2797,13365,100
2792853973727505,420319,70,2797,13365,100
2792853978844046,420319,70,2797,13365,100
2792853983960258,420319,70,2797,13365,100
2792853989079131,420319,70,2797,13365,100
2792853994196190,420319,70,2797,13365,100
2792853999312663,420319,70,2797,13365,100
2792854004429264,420319,70,2797,13365,100
2792854009545630,420319,70,2797,13365,100
2792854014662395,420319,70,2797,13365,100
2792854019780448,420319,70,2797,13365,100
2792854024899623,420319,70,2797,13365,100
2792854030035057,420319,70,2797,13365,100
2792854035152181,420319,70,2797,13365,100
2792854040268836,420319,70,2797,13365,100
2792854045385559,420319,70,2797,13365,100
2792854050501958,420319,70,2797,13365,100
2792854055618639,420319,70,2797,13365,100
2792854060734863,420319,70,2797,13365,100
2792854065853524,420319,70,2797,13365,100
2792854070972456,420319,70,2797,13365,100
2792854076089209,420319,70,2797,13365,100
2792854081205909,420319,70,2797,13365,100
2792854086322469,420319,70,2797,13365,100
2792854091439048,420319,70,2797,13365,100
2792854096557283,420319,70,2797,13365,100
2792854101673769,420319,70,2797,13365,100
2792854106790368,420319,70,2797,13365,100
2792854111906763,420319,70,2797,13365,100
2792854117023128,420319,70,2797,13365,100
2792854122141800,420319,70,2797,13365,100
2792854127258905,420319,70,2797,13365,100
2792854132375521,420319,70,2797,13365,100
2792854137492658,420319,70,2797,13365,100
2792854142626853,420319,70,2797,13365,100
2792854147743226,420319,70,2797,13365,100
2792854152859952,420319,70,2797,13365,100
2792854157976551,420319,70,2797,13365,100
2792854163094911,420319,70,2797,13365,100
2792854168211566,420319,70,2797,13365,100
2792854173329979,420319,70,2797,13365,100
2792854178447476,420319,70,2797,13365,100
2792854183564168,420319,70,2797,13365,100
2792854188680405,420319,70,2797,13365,100
2792854193798021,420319,70,2797,13365,100
2792854198914361,420319,70,2797,13365,100
2792854204031034,420319,70,2797,13365,100
2792854209175295,420319,70,2797,13365,100
2792854214292265,420319,70,2797,13365,100
2792854219408359,420319,70,2797,13365,100
2792854224526672,420319,70,2797,13365,100
2792854229644900,420319,70,2797,13365,100
2792854234761404,420319,70,2797,13365,100
2792854239878001,420319,70,2797,13365,100
2792854244997617,420319,70,2797,13365,100
2792854250134369,420319,70,2797,13365,100
2792854255250962,420319,70,2797,13365,100
2792854260368374,420319,70,2797,13365,100
2792854265484658,420319,70,2797,13365,100
2792854270601553,420319,70,2797,13365,100
2792854275720143,420319,70,2797,13365,100
2792854280840191,420319,70,2797,13365,100
2792854285957075,420319,70,2797,13365,100
2792854291073304,420319,70,2797,13365,100
2792854296190129,420319,70,2797,13365,100
2792854301306592,420319,70,2797,13365,100
2792854306422873,420319,70,2797,13365,100
2792854311541477,420319,70,2797,13365,100
2792854316658134,420319,70,2797,13365,100
2792854321775186,420319,70,2797,13365,100
2792854326894907,420319,70,2797,13365,100
2792854331990059,420319,70,2797,13365,100
2792854337105088,420319,70,2797,13365,100
2792854342246062,420319,70,2797,13365,100
2792854347363368,420272,70,2797,13365,100
2792854352483165,420272,70,2797,13365,100
2792854357600560,420272,70,2797,13365,100
2792854362716426,420272,70,2797,13365,100
2792854367833214,420272,70,2797,13365,100
2792854372950990,420272,70,2797,13365,100
2792854378075643,420272,70,2797,13365,100
2792854383233814,420272,70,2797,13365,100
2792854388348587,420272,70,2797,13365,100
2792854393463992,420272,70,2797,13365,100
2792854398579564,420272,70,2797,13365,100
2792854403703559,420272,70,2797,13365,100
2792854408818245,420272,70,2797,13365,100
2792854413933069,420272,70,2797,13365,100
2792854419062997,420272,70,2797,13365,100
2792854424223118,420272,70,2797,13365,100
2792854429339517,420272,70,2797,13365,100
2792854434454065,420272,70,2797,13365,100
2792854439570531,420272,70,2797,13365,100
2792854444686615,420272,70,2797,13365,100
2792854449801435,420272,70,2797,13365,100
2792854454917504,420272,70,2797,13365,100
2792854460032294,420272,70,2797,13365,100
2792854465147926,420272,70,2797,13365,100
2792854470263530,420272,70,2797,13365,100
2792854475379640,420272,70,2797,13365,100
2792854480496481,420272,70,2797,13365,100
2792854485611938,420272,70,2797,13365,100
2792854490727530,420272,70,2797,13365,100
2792854495843134,420272,70,2797,13365,100
2792854500958851,420272,70,2797,13365,100
2792854506076783,420272,70,2797,13365,100
2792854511194491,420272,70,2797,13365,100
2792854516311976,420272,70,2797,13365,100
2792854521429205,420272,70,2797,13365,100
2792854526544236,420272,70,2797,13365,100
2792854531661549,420272,70,2797,13365,100
2792854536778307,420272,70,2797,13365,100
2792854541895370,420272,70,2797,13365,100
2792854547020510,420272,70,2797,13365,100
2792854552139235,420272,70,2797,13365,100
2792854557257817,420272,70,2797,13365,100
2792854562375042,420272,70,2797,13365,100
2792854567494559,420272,70,2797,13365,100
2792854572613604,420272,70,2797,13365,100
2792854577732156,420272,70,2797,13365,100
2792854582851965,420272,70,2797,13365,100
2792854587970109,420272,70,2797,13365,100
2792854593089561,420272,70,2797,13365,100
2792854598213326,420272,70,2797,13365,100
2792854603332382,420272,70,2797,13365,100
2792854608449866,420272,70,2797,13365,100
2792854613569225,420272,70,2797,13365,100
2792854618689259,420272,70,2797,13365,100
2792854623812047,420272,70,2797,13365,100
2792854628931568,420272,70,2797,13365,100
2792854634051184,420272,70,2797,13365,100
2792854639168016,420272,70,2797,13365,100
2792854644284265,420272,70,2797,13365,100
2792854649401196,420272,70,2797,13365,100
2792854654517534,420272,70,2797,13365,100
2792854659635572,420272,70,2797,13365,100
2792854664753014,420272,70,2797,13365,100
2792854669869499,420272,70,2797,13365,100
2792854674986185,420272,70,2797,13365,100
2792854680125555,420272,70,2797,13365,100
2792854685243788,420272,70,2797,13365,100
2792854690360516,420272,70,2797,13365,100
2792854695476875,420272,70,2797,13365,100
2792854700594327,420272,70,2797,13365,100
2792854705710909,420272,70,2797,13365,100
2792854710829490,420272,70,2797,13365,100
2792854715945807,420272,70,2797,13365,100
2792854721062064,420272,70,2797,13365,100
2792854726178694,420272,70,2797,13365,100
2792854731294815,420272,70,2797,13365,100
2792854736412739,420272,70,2797,13365,100
2792854741532432,420272,70,2797,13365,100
2792854746650660,420272,70,2797,13365,100
2792854751769256,420272,70,2797,13365,100
2792854756886962,420272,70,2797,13365,100
2792854762025950,420272,70,2797,13365,100
2792854767143398,420272,70,2797,13365,100
2792854772259940,420272,70,2797,13365,100
2792854777376454,420272,70,2797,13365,100
2792854782493008,420272,70,2797,13365,100
2792854787611071,420272,70,2797,13365,100
2792854792728447,420272,70,2797,13365,100
2792854797864652,420272,70,2797,13365,100
2792854802981500,420272,70,2797,13365,100
2792854808119942,420272,70,2797,13365,100
2792854813237188,420272,70,2797,13365,100
2792854818353814,420272,70,2797,13365,100
2792854823469998,420272,70,2797,13365,100
2792854828586978,420272,70,2797,13365,100
2792854833703391,420272,70,2797,13365,100
2792854838823383,420272,70,2797,13365,100
2792854843941555,420297,70,2797,13365,100
2792854850976777,420297,70,2797,13365,100
2792854856086635,420297,70,2797,13365,100
2792854861203279,420297,70,2797,13365,100
2792854866321659,420297,70,2797,13365,100
2792854871439403,420297,70,2797,13365,100
2792854876557054,420297,70,2797,13365,100
2792854881674266,420297,70,2797,13365,100
2792854886834941,420297,70,2797,13365,100
2792854891967936,420297,70,2797,13365,100
2792854897087893,420297,70,2797,13365,100
2792854902206870,420297,70,2797,13365,100
2792854907324618,420297,70,2797,13365,100
2792854912422439,420297,70,2797,13365,100
2792854917541176,420297,70,2797,13365,100
2792854922658651,420297,70,2797,13365,100
2792854927775791,420297,70,2797,13365,100
2792854932893895,420297,70,2797,13365,100
2792854938032200,420297,70,2797,13365,100
2792854943152324,420297,70,2797,13365,100
2792854948271344,420297,70,2797,13365,100
2792854953390099,420297,70,2797,13365,100
2792854958506633,420297,70,2797,13365,100
2792854963623668,420297,70,2797,13365,100
2792854968741307,420297,70,2797,13365,100
2792854973858517,420297,70,2797,13365,100
2792854978975993,420297,70,2797,13365,100
2792854984094939,420297,70,2797,13365,100
2792854989211079,420297,70,2797,13365,100
2792854994329292,420297,70,2797,13365,100
2792854999446153,420297,70,2797,13365,100
2792855004563092,420297,70,2797,13365,100
2792855009680037,420297,70,2797,13365,100
2792855014796134,420297,70,2797,13365,100
2792855019913006,420297,70,2797,13365,100
2792855025029920,420297,70,2797,13365,100
2792855030146232,420297,70,2797,13365,100
2792855035262951,420297,70,2797,13365,100
2792855040379108,420297,70,2797,13365,100
2792855045496856,420297,70,2797,13365,100
2792855050615930,420297,70,2797,13365,100
2792855055732156,420297,70,2797,13365,100
2792855060848413,420297,70,2797,13365,100
2792855065964881,420297,70,2797,13365,100
2792855071081426,420297,70,2797,13365,100
2792855076198019,420297,70,2797,13365,100
2792855081316538,420297,70,2797,13365,100
2792855086433282,420297,70,2797,13365,100
2792855091552203,420297,70,2797,13365,100
2792855096670331,420297,70,2797,13365,100
2792855101787028,420297,70,2797,13365,100
2792855106903720,420297,70,2797,13365,100
2792855112020341,420297,70,2797,13365,100
2792855117136479,420297,70,2797,13365,100
2792855122255444,420297,70,2797,13365,100
2792855127371710,420297,70,2797,13365,100
2792855132488242,420297,70,2797,13365,100
2792855137604175,420297,70,2797,13365,100
2792855142720715,420297,70,2797,13365,100
2792855147839395,420297,70,2797,13365,100
2792855152956138,420297,70,2797,13365,100
2792855158073084,420297,70,2797,13365,100
2792855163189259,420297,70,2797,13365,100
2792855168305403,420297,70,2797,13365,100
2792855173424793,420297,70,2797,13365,100
2792855178543061,420297,70,2797,13365,100
2792855183661538,420297,70,2797,13365,100
2792855188778634,420297,70,2797,13365,100
2792855193896759,420297,70,2797,13365,100
2792855199025482,420297,70,2797,13365,100
2792855204142719,420297,70,2797,13365,100
2792855209233228,420297,70,2797,13365,100
2792855214327585,420297,70,2797,13365,100
2792855219425247,420297,70,2797,13365,100
2792855224527201,420297,70,2797,13365,100
2792855229629250,420297,70,2797,13365,100
2792855234744859,420297,70,2797,13365,100
2792855239861123,420297,70,2797,13365,100
2792855244978137,420297,70,2797,13365,100
2792855250096176,420297,70,2797,13365,100
2792855255213100,420297,70,2797,13365,100
2792855260330396,420297,70,2797,13365,100
2792855265447236,420297,70,2797,13365,100
2792855270564101,420297,70,2797,13365,100
2792855275680649,420297,70,2797,13365,100
2792855280797840,420297,70,2797,13365,100
2792855285914719,420297,70,2797,13365,100
2792855291031403,420297,70,2797,13365,100
2792855296148122,420297,70,2797,13365,100
2792855301268397,420297,70,2797,13365,100
2792855306385947,420297,70,2797,13365,100
2792855311502624,420297,70,2797,13365,100
2792855316619724,420297,70,2797,13365,100
2792855321736452,420297,70,2797,13365,100
2792855326853277,420297,70,2797,13365,100
2792855331972409,420297,70,2797,13365,100
2792855337089290,420297,70,2797,13365,100
2792855342206210,420297,70,2797,13365,100
2792855347323006,420333,70,2797,13365,100
2792855352443171,420333,70,2797,13365,100
2792855357563600,420333,70,2797,13365,100
2792855362679884,420333,70,2797,13365,100
2792855367798348,420333,70,2797,13365,100
2792855372916877,420333,70,2797,13365,100
2792855378035812,420333,70,2797,13365,100
2792855383152982,420333,70,2797,13365,100
2792855388269586,420333,70,2797,13365,100
2792855393386656,420333,70,2797,13365,100
2792855398503326,420333,70,2797,13365,100
2792855403622018,420333,70,2797,13365,100
2792855408738563,420333,70,2797,13365,100
2792855413855472,420333,70,2797,13365,100
2792855418972320,420333,70,2797,13365,100
2792855424088982,420333,70,2797,13365,100
2792855429205605,420333,70,2797,13365,100
2792855434322531,420333,70,2797,13365,100
2792855439439241,420333,70,2797,13365,100
2792855444557258,420333,70,2797,13365,100
2792855449674272,420333,70,2797,13365,100
2792855454812202,420333,70,2797,13365,100
2792855459929067,420333,70,2797,13365,100
2792855465045903,420333,70,2797,13365,100
2792855470162776,420333,70,2797,13365,100
2792855475281812,420333,70,2797,13365,100
2792855480398716,420333,70,2797,13365,100
2792855485515655,420333,70,2797,13365,100
2792855490632053,420333,70,2797,13365,100
2792855495748417,420333,70,2797,13365,100
2792855500865397,420333,70,2797,13365,100
2792855505983614,420333,70,2797,13365,100
2792855511125110,420333,70,2797,13365,100
2792855516242281,420333,70,2797,13365,100
2792855521359378,420333,70,2797,13365,100
2792855526475908,420333,70,2797,13365,100
2792855531592467,420333,70,2797,13365,100
2792855536709064,420333,70,2797,13365,100
2792855541827852,420333,70,2797,13365,100
2792855546944816,420333,70,2797,13365,100
2792855552061357,420333,70,2797,13365,100
2792855557179614,420333,70,2797,13365,100
2792855562296498,420333,70,2797,13365,100
2792855567413739,420333,70,2797,13365,100
2792855572531069,420333,70,2797,13365,100
2792855577648723,420333,70,2797,13365,100
2792855582765865,420333,70,2797,13365,100
2792855587882540,420333,70,2797,13365,100
2792855592998994,420333,70,2797,13365,100
2792855598146632,420333,70,2797,13365,100
2792855603263209,420333,70,2797,13365,100
2792855608381421,420333,70,2797,13365,100
2792855613498082,420333,70,2797,13365,100
2792855618614708,420333,70,2797,13365,100
2792855623731854,420333,70,2797,13365,100
2792855628850939,420333,70,2797,13365,100
2792855633968054,420333,70,2797,13365,100
2792855639084515,420333,70,2797,13365,100
2792855644201364,420333,70,2797,13365,100
2792855649318164,420333,70,2797,13365,100
2792855654435444,420333,70,2797,13365,100
2792855659554481,420333,70,2797,13365,100
2792855664671629,420333,70,2797,13365,100
2792855669788257,420333,70,2797,13365,100
2792855674905430,420333,70,2797,13365,100
2792855680022314,420333,70,2797,13365,100
2792855685138927,420333,70,2797,13365,100
2792855690255569,420333,70,2797,13365,100
2792855695375001,420333,70,2797,13365,100
2792855700491811,420333,70,2797,13365,100
2792855705608977,420333,70,2797,13365,100
2792855710727260,420333,70,2797,13365,100
2792855715844211,420333,70,2797,13365,100
2792855720961014,420333,70,2797,13365,100
2792855726079842,420333,70,2797,13365,100
2792855731196630,420333,70,2797,13365,100
2792855736313909,420333,70,2797,13365,100
2792855741430453,420333,70,2797,13365,100
2792855746547179,420333,70,2797,13365,100
2792855751663991,420333,70,2797,13365,100
2792855756780759,420333,70,2797,13365,100
2792855761900244,420333,70,2797,13365,100
2792855767035448,420333,70,2797,13365,100
2792855772153347,420333,70,2797,13365,100
2792855777270301,420333,70,2797,13365,100
2792855782387317,420333,70,2797,13365,100
2792855787504742,420333,70,2797,13365,100
2792855792621617,420333,70,2797,13365,100
2792855797738841,420333,70,2797,13365,100
2792855802858175,420333,70,2797,13365,100
2792855807974795,420333,70,2797,13365,100
2792855813093056,420333,70,2797,13365,100
2792855818210780,420333,70,2797,13365,100
2792855823327481,420333,70,2797,13365,100
2792855828444285,420333,70,2797,13365,100
2792855833562145,420333,70,2797,13365,100
2792855838679670,420333,70,2797,13365,100
2792855843796600,420145,70,2797,13365,100
2792855848914643,420145,70,2797,13365,100
2792855854033602,420145,70,2797,13365,100
2792855859150432,420145,70,2797,13365,100
2792855864268947,420145,70,2797,13365,100
2792855869386304,420145,70,2797,13365,100
2792855874503326,420145,70,2797,13365,100
2792855879620213,420145,70,2797,13365,100
2792855884736993,420145,70,2797,13365,100
2792855889853638,420145,70,2797,13365,100
2792855894970530,420145,70,2797,13365,100
2792855900089054,420145,70,2797,13365,100
2792855905205762,420145,70,2797,13365,100
2792855910322255,420145,70,2797,13365,100
2792855915440431,420145,70,2797,13365,100
2792855920557228,420145,70,2797,13365,100
2792855925674205,420145,70,2797,13365,100
2792855930792796,420145,70,2797,13365,100
2792855935909797,420145,70,2797,13365,100
2792855941027109,420145,70,2797,13365,100
2792855946144093,420145,70,2797,13365,100
2792855951260686,420145,70,2797,13365,100
2792855956377802,420145,70,2797,13365,100
2792855961494723,420145,70,2797,13365,100
2792855966614685,420145,70,2797,13365,100
2792855971731168,420145,70,2797,13365,100
2792855976847744,420145,70,2797,13365,100
2792855981964392,420145,70,2797,13365,100
2792855987081305,420145,70,2797,13365,100
2792855992197527,420145,70,2797,13365,100
2792855997316546,420145,70,2797,13365,100
2792856002433596,420145,70,2797,13365,100
2792856007550290,420145,70,2797,13365,100
2792856012673158,420145,70,2797,13365,100
2792856017792075,420145,70,2797,13365,100
2792856022908319,420145,70,2797,13365,100
2792856028032987,420145,70,2797,13365,100
2792856033150476,420145,70,2797,13365,100
2792856038266966,420145,70,2797,13365,100
2792856043383418,420145,70,2797,13365,100
2792856048500183,420145,70,2797,13365,100
2792856053616825,420145,70,2797,13365,100
2792856058733373,420145,70,2797,13365,100
2792856063851942,420145,70,2797,13365,100
2792856068970007,420145,70,2797,13365,100
2792856074086899,420145,70,2797,13365,100
2792856079203819,420145,70,2797,13365,100
2792856084320299,420145,70,2797,13365,100
2792856089437280,420145,70,2797,13365,100
2792856094555048,420145,70,2797,13365,100
2792856099672077,420145,70,2797,13365,100
2792856104788749,420145,70,2797,13365,100
2792856109922962,420145,70,2797,13365,100
2792856115039486,420145,70,2797,13365,100
2792856120157396,420145,70,2797,13365,100
2792856125274414,420145,70,2797,13365,100
2792856130393219,420145,70,2797,13365,100
2792856135510071,420145,70,2797,13365,100
2792856140626768,420145,70,2797,13365,100
2792856145743200,420145,70,2797,13365,100
2792856150860012,420145,70,2797,13365,100
2792856155977136,420145,70,2797,13365,100
2792856161095546,420145,70,2797,13365,100
2792856166212321,420145,70,2797,13365,100
2792856171330440,420145,70,2797,13365,100
2792856176446906,420145,70,2797,13365,100
2792856181563849,420145,70,2797,13365,100
2792856186681233,420145,70,2797,13365,100
2792856191798919,420145,70,2797,13365,100
2792856196916596,420145,70,2797,13365,100
2792856202033954,420145,70,2797,13365,100
2792856207150673,420145,70,2797,13365,100
2792856212268989,420145,70,2797,13365,100
2792856217386413,420145,70,2797,13365,100
2792856222511233,420145,70,2797,13365,100
2792856227630321,420145,70,2797,13365,100
2792856232746842,420145,70,2797,13365,100
2792856237864219,420145,70,2797,13365,100
2792856242981287,420145,70,2797,13365,100
2792856248121345,420145,70,2797,13365,100
2792856253237832,420145,70,2797,13365,100
2792856258354494,420145,70,2797,13365,100
2792856263471348,420145,70,2797,13365,100
2792856268588283,420145,70,2797,13365,100
2792856273706549,420145,70,2797,13365,100
2792856278825859,420145,70,2797,13365,100
2792856283942270,420145,70,2797,13365,100
2792856289069254,420145,70,2797,13365,100
2792856294185992,420145,70,2797,13365,100
2792856299302479,420145,70,2797,13365,100
2792856304419183,420145,70,2797,13365,100
2792856309538636,420145,70,2797,13365,100
2792856314655144,420145,70,2797,13365,100
2792856319771968,420145,70,2797,13365,100
2792856324890200,420145,70,2797,13365,100
2792856330027668,420145,70,2797,13365,100
2792856335145238,420145,70,2797,13365,100
2792856340262386,420145,70,2797,13365,100
2792856345379243,420074,70,2797,13365,100
2792856350497846,420074,70,2797,13365,100
2792856355614595,420074,70,2797,13365,100
2792856360731096,420074,70,2797,13365,100
2792856365849886,420074,70,2797,13365,100
2792856370966823,420074,70,2797,13365,100
2792856376085536,420074,70,2797,13365,100
2792856381202961,420074,70,2797,13365,100
2792856386320261,420074,70,2797,13365,100
2792856391436973,420074,70,2797,13365,100
2792856396554590,420074,70,2797,13365,100
2792856401671535,420074,70,2797,13365,100
2792856406788330,420074,70,2797,13365,100
2792856411905035,420074,70,2797,13365,100
2792856417021430,420074,70,2797,13365,100
2792856422138447,420074,70,2797,13365,100
2792856427257168,420074,70,2797,13365,100
2792856432376503,420074,70,2797,13365,100
2792856437493155,420074,70,2797,13365,100
2792856442610049,420074,70,2797,13365,100
2792856447726569,420074,70,2797,13365,100
2792856452843074,420074,70,2797,13365,100
2792856457959785,420074,70,2797,13365,100
2792856463079129,420074,70,2797,13365,100
2792856468195883,420074,70,2797,13365,100
2792856473312818,420074,70,2797,13365,100
2792856478431602,420074,70,2797,13365,100
2792856483548256,420074,70,2797,13365,100
2792856488664445,420074,70,2797,13365,100
2792856493783129,420074,70,2797,13365,100
2792856498900709,420074,70,2797,13365,100
2792856504065313,420074,70,2797,13365,100
2792856509183161,420074,70,2797,13365,100
2792856514299882,420074,70,2797,13365,100
2792856519416499,420074,70,2797,13365,100
2792856524533541,420074,70,2797,13365,100
2792856529651623,420074,70,2797,13365,100
2792856534768496,420074,70,2797,13365,100
2792856539887344,420074,70,2797,13365,100
2792856545021093,420074,70,2797,13365,100
2792856550138845,420074,70,2797,13365,100
2792856555256165,420074,70,2797,13365,100
2792856560372725,420074,70,2797,13365,100
2792856565506356,420074,70,2797,13365,100
2792856570622908,420074,70,2797,13365,100
2792856575739474,420074,70,2797,13365,100
2792856580859809,420074,70,2797,13365,100
2792856585976767,420074,70,2797,13365,100
2792856591093907,420074,70,2797,13365,100
2792856596210575,420074,70,2797,13365,100
2792856601327352,420074,70,2797,13365,100
2792856606443760,420074,70,2797,13365,100
2792856611561465,420074,70,2797,13365,100
2792856616678873,420074,70,2797,13365,100
2792856621797057,420074,70,2797,13365,100
2792856626915778,420074,70,2797,13365,100
2792856632036046,420074,70,2797,13365,100
2792856637153097,420074,70,2797,13365,100
2792856642270143,420074,70,2797,13365,100
2792856647386853,420074,70,2797,13365,100
2792856652503872,420074,70,2797,13365,100
2792856657620724,420074,70,2797,13365,100
2792856662739461,420074,70,2797,13365,100
2792856667856643,420074,70,2797,13365,100
2792856672973317,420074,70,2797,13365,100
2792856678090512,420074,70,2797,13365,100
2792856683212051,420074,70,2797,13365,100
2792856688331381,420074,70,2797,13365,100
2792856693450173,420074,70,2797,13365,100
2792856698569364,420074,70,2797,13365,100
2792856703687727,420074,70,2797,13365,100
2792856708807226,420074,70,2797,13365,100
2792856713926837,420074,70,2797,13365,100
2792856719046516,420074,70,2797,13365,100
2792856724165733,420074,70,2797,13365,100
2792856729284809,420074,70,2797,13365,100
2792856734405638,420074,70,2797,13365,100
2792856739524566,420074,70,2797,13365,100
2792856744641383,420074,70,2797,13365,100
2792856749758043,420074,70,2797,13365,100
2792856754874631,420074,70,2797,13365,100
2792856759991002,420074,70,2797,13365,100
2792856765143726,420074,70,2797,13365,100
2792856770261352,420074,70,2797,13365,100
2792856775379224,420074,70,2797,13365,100
2792856780497287,420074,70,2797,13365,100
2792856785616797,420074,70,2797,13365,100
2792856790733286,420074,70,2797,13365,100
2792856795852252,420074,70,2797,13365,100
2792856800969544,420074,70,2797,13365,100
2792856806086787,420074,70,2797,13365,100
2792856811203845,420074,70,2797,13365,100
2792856816320759,420074,70,2797,13365,100
2792856821437488,420074,70,2797,13365,100
2792856826555373,420074,70,2797,13365,100
2792856831672177,420074,70,2797,13365,100
2792856836790620,420074,70,2797,13365,100
2792856841907546,420074,70,2797,13365,100
2792856847024330,420157,70,2797,13365,100
2792856852142650,420157,70,2797,13365,100
2792856857259627,420157,70,2797,13365,100
2792856862378587,420157,70,2797,13365,100
2792856867495199,420157,70,2797,13365,100
2792856872612285,420157,70,2797,13365,100
2792856877728856,420157,70,2797,13365,100
2792856882845796,420157,70,2797,13365,100
2792856887963975,420157,70,2797,13365,100
2792856893082823,420157,70,2797,13365,100
2792856898199599,420157,70,2797,13365,100
2792856903316094,420157,70,2797,13365,100
2792856908432796,420157,70,2797,13365,100
2792856913549333,420157,70,2797,13365,100
2792856918665751,420157,70,2797,13365,100
2792856923782671,420157,70,2797,13365,100
2792856928902539,420157,70,2797,13365,100
2792856934020178,420157,70,2797,13365,100
2792856939138457,420157,70,2797,13365,100
2792856944256419,420157,70,2797,13365,100
2792856949373043,420157,70,2797,13365,100
2792856954489533,420157,70,2797,13365,100
2792856959608270,420157,70,2797,13365,100
2792856964724771,420157,70,2797,13365,100
2792856969841474,420157,70,2797,13365,100
2792856974958047,420157,70,2797,13365,100
2792856980074443,420157,70,2797,13365,100
2792856985191696,420157,70,2797,13365,100
2792856990310148,420157,70,2797,13365,100
2792856995427248,420157,70,2797,13365,100
2792857000544441,420157,70,2797,13365,100
2792857005661433,420157,70,2797,13365,100
2792857010778450,420157,70,2797,13365,100
2792857015895126,420157,70,2797,13365,100
2792857021034658,420157,70,2797,13365,100
2792857026170751,420157,70,2797,13365,100
2792857031287139,420157,70,2797,13365,100
2792857036404117,420157,70,2797,13365,100
2792857041522328,420157,70,2797,13365,100
2792857046638914,420157,70,2797,13365,100
2792857051755511,420157,70,2797,13365,100
2792857056874348,420157,70,2797,13365,100
2792857061991737,420157,70,2797,13365,100
2792857067127803,420157,70,2797,13365,100
2792857072244696,420157,70,2797,13365,100
2792857077361514,420157,70,2797,13365,100
2792857082478766,420157,70,2797,13365,100
2792857087595835,420157,70,2797,13365,100
2792857092714331,420157,70,2797,13365,100
2792857097833637,420157,70,2797,13365,100
2792857102969616,420157,70,2797,13365,100
2792857108086213,420157,70,2797,13365,100
2792857113203002,420157,70,2797,13365,100
2792857118319627,420157,70,2797,13365,100
2792857123436081,420157,70,2797,13365,100
2792857128554250,420157,70,2797,13365,100
2792857133670906,420157,70,2797,13365,100
2792857138787634,420157,70,2797,13365,100
2792857143906131,420157,70,2797,13365,100
2792857149024175,420157,70,2797,13365,100
2792857154141100,420157,70,2797,13365,100
2792857159258122,420157,70,2797,13365,100
2792857164376645,420157,70,2797,13365,100
2792857169493720,420157,70,2797,13365,100
2792857174610781,420157,70,2797,13365,100
2792857179727994,420157,70,2797,13365,100
2792857184844644,420157,70,2797,13365,100
2792857189961716,420157,70,2797,13365,100
2792857195081693,420157,70,2797,13365,100
2792857200198567,420157,70,2797,13365,100
2792857205315301,420157,70,2797,13365,100
2792857210431748,420157,70,2797,13365,100
2792857215549472,420157,70,2797,13365,100
2792857220666000,420157,70,2797,13365,100
2792857225782492,420157,70,2797,13365,100
2792857230901829,420157,70,2797,13365,100
2792857236036828,420157,70,2797,13365,100
2792857241154685,420157,70,2797,13365,100
2792857246273430,420157,70,2797,13365,100
2792857251390295,420157,70,2797,13365,100
2792857256507173,420157,70,2797,13365,100
2792857261624123,420157,70,2797,13365,100
2792857266741003,420157,70,2797,13365,100
2792857271859826,420157,70,2797,13365,100
2792857276976496,420157,70,2797,13365,100
2792857282093397,420157,70,2797,13365,100
2792857287209946,420157,70,2797,13365,100
2792857292326750,420157,70,2797,13365,100
2792857297444960,420157,70,2797,13365,100
2792857302563306,420157,70,2797,13365,100
2792857307680442,420157,70,2797,13365,100
2792857312798413,420157,70,2797,13365,100
2792857317924591,420157,70,2797,13365,100
2792857323042080,420157,70,2797,13365,100
2792857328158886,420157,70,2797,13365,100
2792857333275576,420157,70,2797,13365,100
2792857338392363,420157,70,2797,13365,100
2792857343509687,420157,70,2797,13365,100
2792857348629906,420435,70,2797,13365,100
2792857353748450,420435,70,2797,13365,100
2792857358865226,420435,70,2797,13365,100
2792857363982211,420435,70,2797,13365,100
2792857369117379,420435,70,2797,13365,100
2792857374240180,420435,70,2797,13365,100
2792857379359868,420435,70,2797,13365,100
2792857384479004,420435,70,2797,13365,100
2792857389595528,420435,70,2797,13365,100
2792857394737761,420435,70,2797,13365,100
2792857399857297,420435,70,2797,13365,100
2792857404974851,420435,70,2797,13365,100
2792857410091814,420435,70,2797,13365,100
2792857415209122,420435,70,2797,13365,100
2792857420343704,420435,70,2797,13365,100
2792857425460298,420435,70,2797,13365,100
2792857430577041,420435,70,2797,13365,100
2792857435694623,420435,70,2797,13365,100
2792857440812795,420435,70,2797,13365,100
2792857445930626,420435,70,2797,13365,100
2792857451068304,420435,70,2797,13365,100
2792857456237375,420435,70,2797,13365,100
2792857461367793,420435,70,2797,13365,100
2792857466483553,420435,70,2797,13365,100
2792857471599766,420435,70,2797,13365,100
2792857476716570,420435,70,2797,13365,100
2792857481834376,420435,70,2797,13365,100
2792857486952394,420435,70,2797,13365,100
2792857492070375,420435,70,2797,13365,100
2792857497187899,420435,70,2797,13365,100
2792857502280659,420435,70,2797,13365,100
2792857507349120,420435,70,2797,13365,100
2792857512409233,420435,70,2797,13365,100
2792857517471195,420435,70,2797,13365,100
2792857522531903,420435,70,2797,13365,100
2792857527592766,420435,70,2797,13365,100
2792857532652467,420435,70,2797,13365,100
2792857537714749,420435,70,2797,13365,100
2792857542776090,420435,70,2797,13365,100
2792857547836450,420435,70,2797,13365,100
2792857552896773,420435,70,2797,13365,100
2792857557957078,420435,70,2797,13365,100
2792857563016427,420435,70,2797,13365,100
2792857568076440,420435,70,2797,13365,100
2792857573136471,420435,70,2797,13365,100
2792857578196571,420435,70,2797,13365,100
2792857583256893,420435,70,2797,13365,100
2792857588317026,420435,70,2797,13365,100
2792857593376639,420435,70,2797,13365,100
2792857598438846,420435,70,2797,13365,100
2792857603498215,420435,70,2797,13365,100
2792857608559175,420435,70,2797,13365,100
2792857613618597,420435,70,2797,13365,100
2792857618678651,420435,70,2797,13365,100
2792857623737510,420435,70,2797,13365,100
2792857628796592,420435,70,2797,13365,100
2792857633855224,420435,70,2797,13365,100
2792857638914660,420435,70,2797,13365,100
2792857643974157,420435,70,2797,13365,100
2792857649032787,420435,70,2797,13365,100
2792857654093701,420435,70,2797,13365,100
2792857659154484,420435,70,2797,13365,100
2792857664216366,420435,70,2797,13365,100
2792857669275008,420435,70,2797,13365,100
2792857674337476,420435,70,2797,13365,100
2792857679396653,420435,70,2797,13365,100
2792857684456744,420435,70,2797,13365,100
2792857689516609,420435,70,2797,13365,100
2792857694575969,420435,70,2797,13365,100
2792857699636361,420435,70,2797,13365,100
2792857704695987,420435,70,2797,13365,100
2792857709754993,420435,70,2797,13365,100
2792857714810904,420435,70,2797,13365,100
2792857719866745,420435,70,2797,13365,100
2792857724922728,420435,70,2797,13365,100
2792857729978513,420435,70,2797,13365,100
2792857735034377,420435,70,2797,13365,100
2792857740093593,420435,70,2797,13365,100
2792857745149667,420435,70,2797,13365,100
2792857750209656,420435,70,2797,13365,100
2792857755270843,420435,70,2797,13365,100
2792857760330910,420435,70,2797,13365,100
2792857765388514,420435,70,2797,13365,100
2792857770444888,420435,70,2797,13365,100
2792857775501147,420435,70,2797,13365,100
2792857780557672,420435,70,2797,13365,100
2792857785617545,420435,70,2797,13365,100
2792857790675168,420435,70,2797,13365,100
2792857795732053,420435,70,2797,13365,100
2792857800787935,420435,70,2797,13365,100
2792857805844016,420435,70,2797,13365,100
2792857810899920,420435,70,2797,13365,100
2792857815955824,420435,70,2797,13365,100
2792857821015824,420435,70,2797,13365,100
2792857826072866,420435,70,2797,13365,100
2792857831128812,420435,70,2797,13365,100
2792857836184711,420435,70,2797,13365,100
2792857841240561,420435,70,2797,13365,100
2792857846298062,420622,70,2797,13365,100
2792857851359664,420622,70,2797,13365,100
2792857856415824,420622,70,2797,13365,100
2792857861471738,420622,70,2797,13365,100
2792857866528463,420622,70,2797,13365,100
2792857871588616,420622,70,2797,13365,100
2792857876644590,420622,70,2797,13365,100
2792857881700693,420622,70,2797,13365,100
2792857886757354,420622,70,2797,13365,100
2792857891813408,420622,70,2797,13365,100
2792857896869375,420622,70,2797,13365,100
2792857901925370,420622,70,2797,13365,100
2792857906982817,420622,70,2797,13365,100
2792857912039051,420622,70,2797,13365,100
2792857917095103,420622,70,2797,13365,100
2792857922151023,420622,70,2797,13365,100
2792857927207269,420622,70,2797,13365,100
2792857932263247,420622,70,2797,13365,100
2792857937323937,420622,70,2797,13365,100
2792857942380072,420622,70,2797,13365,100
2792857947435969,420622,70,2797,13365,100
2792857952492408,420622,70,2797,13365,100
2792857957548668,420622,70,2797,13365,100
2792857962604704,420622,70,2797,13365,100
2792857967660627,420622,70,2797,13365,100
2792857972723046,420622,70,2797,13365,100
2792857977784257,420622,70,2797,13365,100
2792857982840787,420622,70,2797,13365,100
2792857987897332,420622,70,2797,13365,100
2792857992956545,420622,70,2797,13365,100
2792857998013233,420622,70,2797,13365,100
2792858003071096,420622,70,2797,13365,100
2792858008133766,420622,70,2797,13365,100
2792858013190852,420622,70,2797,13365,100
2792858018246788,420622,70,2797,13365,100
2792858023302758,420622,70,2797,13365,100
2792858028358626,420622,70,2797,13365,100
2792858033414394,420622,70,2797,13365,100
2792858038470431,420622,70,2797,13365,100
2792858043531904,420622,70,2797,13365,100
2792858048587729,420622,70,2797,13365,100
2792858053643902,420622,70,2797,13365,100
2792858058700063,420622,70,2797,13365,100
2792858063756032,420622,70,2797,13365,100
2792858068818833,420622,70,2797,13365,100
2792858073877393,420622,70,2797,13365,100
2792858078933344,420622,70,2797,13365,100
2792858083989500,420622,70,2797,13365,100
2792858089045512,420622,70,2797,13365,100
2792858094101401,420622,70,2797,13365,100
2792858099157400,420622,70,2797,13365,100
2792858104213391,420622,70,2797,13365,100
2792858109275004,420622,70,2797,13365,100
2792858114330842,420622,70,2797,13365,100
2792858119386813,420622,70,2797,13365,100
2792858124442718,420622,70,2797,13365,100
2792858129498677,420622,70,2797,13365,100
2792858134554716,420622,70,2797,13365,100
2792858139615630,420622,70,2797,13365,100
2792858144671982,420622,70,2797,13365,100
2792858149727809,420622,70,2797,13365,100
2792858154784119,420622,70,2797,13365,100
2792858159840285,420622,70,2797,13365,100
2792858164896190,420622,70,2797,13365,100
2792858169952511,420622,70,2797,13365,100
2792858175013986,420622,70,2797,13365,100
2792858180069932,420622,70,2797,13365,100
2792858185126231,420622,70,2797,13365,100
2792858190182220,420622,70,2797,13365,100
2792858195238184,420622,70,2797,13365,100
2792858200294150,420622,70,2797,13365,100
2792858205356001,420622,70,2797,13365,100
2792858210412371,420622,70,2797,13365,100
2792858215470843,420622,70,2797,13365,100
2792858220527671,420622,70,2797,13365,100
2792858225583617,420622,70,2797,13365,100
2792858230639685,420622,70,2797,13365,100
2792858235695652,420622,70,2797,13365,100
2792858240756631,420622,70,2797,13365,100
2792858245812602,420622,70,2797,13365,100
2792858250868548,420622,70,2797,13365,100
2792858255924487,420622,70,2797,13365,100
2792858260980703,420622,70,2797,13365,100
2792858266037163,420622,70,2797,13365,100
2792858271100790,420622,70,2797,13365,100
2792858276156893,420622,70,2797,13365,100
2792858281213437,420622,70,2797,13365,100
2792858286271765,420622,70,2797,13365,100
2792858291327663,420622,70,2797,13365,100
2792858296385431,420622,70,2797,13365,100
2792858301441441,420622,70,2797,13365,100
2792858306497412,420622,70,2797,13365,100
2792858311553436,420622,70,2797,13365,100
2792858316615026,420622,70,2797,13365,100
2792858321670921,420622,70,2797,13365,100
2792858326726916,420622,70,2797,13365,100
2792858331782882,420622,70,2797,13365,100
2792858336840893,420622,70,2797,13365,100
2792858341907235,420622,70,2797,13365,100
2792858346963078,420451,70,2797,13365,100
2792858352021769,420451,70,2797,13365,100
2792858357077555,420451,70,2797,13365,100
2792858362133544,420451,70,2797,13365,100
2792858367189542,420451,70,2797,13365,100
2792858372245448,420451,70,2797,13365,100
2792858377303206,420451,70,2797,13365,100
2792858382360003,420451,70,2797,13365,100
2792858387415959,420451,70,2797,13365,100
2792858392471864,420451,70,2797,13365,100
2792858397528394,420451,70,2797,13365,100
2792858402585407,420451,70,2797,13365,100
2792858407641348,420451,70,2797,13365,100
2792858412698180,420451,70,2797,13365,100
2792858417754162,420451,70,2797,13365,100
2792858422810123,420451,70,2797,13365,100
2792858427866067,420451,70,2797,13365,100
2792858432922043,420451,70,2797,13365,100
2792858437978647,420451,70,2797,13365,100
2792858443034523,420451,70,2797,13365,100
2792858448092488,420451,70,2797,13365,100
2792858453148468,420451,70,2797,13365,100
2792858458206360,420451,70,2797,13365,100
2792858463262555,420451,70,2797,13365,100
2792858468318438,420451,70,2797,13365,100
2792858473374435,420451,70,2797,13365,100
2792858478435814,420451,70,2797,13365,100
2792858483491959,420451,70,2797,13365,100
2792858488548020,420451,70,2797,13365,100
2792858493604079,420451,70,2797,13365,100
2792858498660087,420451,70,2797,13365,100
2792858503716206,420451,70,2797,13365,100
2792858508772178,420451,70,2797,13365,100
2792858513828333,420451,70,2797,13365,100
2792858518884327,420451,70,2797,13365,100
2792858523940366,420451,70,2797,13365,100
2792858528996242,420451,70,2797,13365,100
2792858534052186,420451,70,2797,13365,100
2792858539108094,420451,70,2797,13365,100
2792858544169099,420451,70,2797,13365,100
2792858549224348,420451,70,2797,13365,100
2792858554280405,420451,70,2797,13365,100
2792858559336408,420451,70,2797,13365,100
2792858564392411,420451,70,2797,13365,100
2792858569448345,420451,70,2797,13365,100
2792858574505016,420451,70,2797,13365,100
2792858579560940,420451,70,2797,13365,100
2792858584618778,420451,70,2797,13365,100
2792858589676059,420451,70,2797,13365,100
2792858594733655,420451,70,2797,13365,100
2792858599790422,420451,70,2797,13365,100
2792858604847091,420451,70,2797,13365,100
2792858609908892,420451,70,2797,13365,100
2792858614965444,420451,70,2797,13365,100
2792858620024065,420451,70,2797,13365,100
2792858625080046,420451,70,2797,13365,100
2792858630136291,420451,70,2797,13365,100
2792858635192127,420451,70,2797,13365,100
2792858640248779,420451,70,2797,13365,100
2792858645304727,420451,70,2797,13365,100
2792858650360660,420451,70,2797,13365,100
2792858655416673,420451,70,2797,13365,100
2792858660472722,420451,70,2797,13365,100
2792858665529161,420451,70,2797,13365,100
2792858670585696,420451,70,2797,13365,100
2792858675641717,420451,70,2797,13365,100
2792858680698208,420451,70,2797,13365,100
2792858685754405,420451,70,2797,13365,100
2792858690810772,420451,70,2797,13365,100
2792858695866774,420451,70,2797,13365,100
2792858700924615,420451,70,2797,13365,100
2792858705986124,420451,70,2797,13365,100
2792858711042169,420451,70,2797,13365,100
2792858716101371,420451,70,2797,13365,100
2792858721157341,420451,70,2797,13365,100
2792858726213305,420451,70,2797,13365,100
2792858731270264,420451,70,2797,13365,100
2792858736331440,420451,70,2797,13365,100
2792858741387485,420451,70,2797,13365,100
2792858746443520,420451,70,2797,13365,100
2792858751500491,420451,70,2797,13365,100
2792858756556609,420451,70,2797,13365,100
2792858761612665,420451,70,2797,13365,100
2792858766668694,420451,70,2797,13365,100
2792858771730513,420451,70,2797,13365,100
2792858776786977,420451,70,2797,13365,100
2792858781844853,420451,70,2797,13365,100
2792858786903173,420451,70,2797,13365,100
2792858791960279,420451,70,2797,13365,100
2792858797016312,420451,70,2797,13365,100
2792858802077943,420451,70,2797,13365,100
2792858807133831,420451,70,2797,13365,100
2792858812189747,420451,70,2797,13365,100
2792858817245834,420451,70,2797,13365,100
2792858822301796,420451,70,2797,13365,100
2792858827357680,420451,70,2797,13365,100
2792858832413461,420451,70,2797,13365,100
2792858837469518,420451,70,2797,13365,100
2792858842525806,420451,70,2797,13365,100
2792858847581645,420556,70,2797,13365,100
2792858852639607,420556,70,2797,13365,100
2792858857695751,420556,70,2797,13365,100
2792858862751717,420556,70,2797,13365,100
2792858867813404,420556,70,2797,13365,100
2792858872869560,420556,70,2797,13365,100
2792858877925564,420556,70,2797,13365,100
2792858882981809,420556,70,2797,13365,100
2792858888037772,420556,70,2797,13365,100
2792858893093650,420556,70,2797,13365,100
2792858898164370,420556,70,2797,13365,100
2792858903220562,420556,70,2797,13365,100
2792858908276506,420556,70,2797,13365,100
2792858913332449,420556,70,2797,13365,100
2792858918388602,420556,70,2797,13365,100
2792858923444534,420556,70,2797,13365,100
2792858928500616,420556,70,2797,13365,100
2792858933562961,420556,70,2797,13365,100
2792858938618928,420556,70,2797,13365,100
2792858943676711,420556,70,2797,13365,100
2792858948732688,420556,70,2797,13365,100
2792858953788585,420556,70,2797,13365,100
2792858958844804,420556,70,2797,13365,100
2792858963900769,420556,70,2797,13365,100
2792858968956986,420556,70,2797,13365,100
2792858974013167,420556,70,2797,13365,100
2792858979069215,420556,70,2797,13365,100
2792858984125354,420556,70,2797,13365,100
2792858989181365,420556,70,2797,13365,100
2792858994237425,420556,70,2797,13365,100
2792858999299481,420556,70,2797,13365,100
2792859004356061,420556,70,2797,13365,100
2792859009413621,420556,70,2797,13365,100
2792859014470435,420556,70,2797,13365,100
2792859019526562,420556,70,2797,13365,100
2792859024582505,420556,70,2797,13365,100
2792859029643975,420556,70,2797,13365,100
2792859034699994,420556,70,2797,13365,100
2792859039755936,420556,70,2797,13365,100
2792859044811819,420556,70,2797,13365,100
2792859049867678,420556,70,2797,13365,100
2792859054923961,420556,70,2797,13365,100
2792859059979869,420556,70,2797,13365,100
2792859065041034,420556,70,2797,13365,100
2792859070097108,420556,70,2797,13365,100
2792859075153387,420556,70,2797,13365,100
2792859080209351,420556,70,2797,13365,100
2792859085265452,420556,70,2797,13365,100
2792859090321375,420556,70,2797,13365,100
2792859095382423,420556,70,2797,13365,100
2792859100438366,420556,70,2797,13365,100
2792859105496094,420556,70,2797,13365,100
2792859110551931,420556,70,2797,13365,100
2792859115607895,420556,70,2797,13365,100
2792859120668787,420556,70,2797,13365,100
2792859125730139,420556,70,2797,13365,100
2792859130792013,420556,70,2797,13365,100
2792859135848216,420556,70,2797,13365,100
2792859140904144,420556,70,2797,13365,100
2792859145960065,420556,70,2797,13365,100
2792859151015983,420556,70,2797,13365,100
2792859156072052,420556,70,2797,13365,100
2792859161132803,420556,70,2797,13365,100
2792859166188731,420556,70,2797,13365,100
2792859171245315,420556,70,2797,13365,100
2792859176301116,420556,70,2797,13365,100
2792859181356993,420556,70,2797,13365,100
2792859186413711,420556,70,2797,13365,100
2792859191471877,420556,70,2797,13365,100
2792859196533381,420556,70,2797,13365,100
2792859201589413,420556,70,2797,13365,100
2792859206645418,420556,70,2797,13365,100
2792859211702428,420556,70,2797,13365,100
2792859216760237,420556,70,2797,13365,100
2792859221816313,420556,70,2797,13365,100
2792859226877790,420556,70,2797,13365,100
2792859231934073,420556,70,2797,13365,100
2792859236990044,420556,70,2797,13365,100
2792859242045853,420556,70,2797,13365,100
2792859247101782,420556,70,2797,13365,100
2792859252157744,420556,70,2797,13365,100
2792859257213808,420556,70,2797,13365,100
2792859262274798,420556,70,2797,13365,100
2792859267332516,420556,70,2797,13365,100
2792859272388812,420556,70,2797,13365,100
2792859277444707,420556,70,2797,13365,100
2792859282500666,420556,70,2797,13365,100
2792859287556774,420556,70,2797,13365,100
2792859292613330,420556,70,2797,13365,100
2792859297669246,420556,70,2797,13365,100
2792859302725379,420556,70,2797,13365,100
2792859307781354,420556,70,2797,13365,100
2792859312837336,420556,70,2797,13365,100
2792859317893338,420556,70,2797,13365,100
2792859322949718,420556,70,2797,13365,100
2792859328010967,420556,70,2797,13365,100
2792859333067158,420556,70,2797,13365,100
2792859338123179,420556,70,2797,13365,100
2792859343179083,420556,70,2797,13365,100
2792859348236929,420968,70,2797,13365,100
2792859353295106,420968,70,2797,13365,100
2792859358356618,420968,70,2797,13365,100
2792859363415055,420968,70,2797,13365,100
2792859368471149,420968,70,2797,13365,100
2792859373527356,420968,70,2797,13365,100
2792859378583275,420968,70,2797,13365,100
2792859383643987,420968,70,2797,13365,100
2792859388700475,420968,70,2797,13365,100
2792859393756354,420968,70,2797,13365,100
2792859398812295,420968,70,2797,13365,100
2792859403868273,420968,70,2797,13365,100
2792859408924223,420968,70,2797,13365,100
2792859413980153,420968,70,2797,13365,100
2792859419042447,420968,70,2797,13365,100
2792859424098439,420968,70,2797,13365,100
2792859429156105,420968,70,2797,13365,100
2792859434212016,420968,70,2797,13365,100
2792859439267903,420968,70,2797,13365,100
2792859444323750,420968,70,2797,13365,100
2792859449384682,420968,70,2797,13365,100
2792859454440573,420968,70,2797,13365,100
2792859459496716,420968,70,2797,13365,100
2792859464552633,420968,70,2797,13365,100
2792859469608579,420968,70,2797,13365,100
2792859474664737,420968,70,2797,13365,100
2792859479725827,420968,70,2797,13365,100
2792859484782073,420968,70,2797,13365,100
2792859489838121,420968,70,2797,13365,100
2792859494894042,420968,70,2797,13365,100
2792859499950116,420968,70,2797,13365,100
2792859505006007,420968,70,2797,13365,100
2792859510064081,420968,70,2797,13365,100
2792859515124726,420968,70,2797,13365,100
2792859520180641,420968,70,2797,13365,100
2792859525236787,420968,70,2797,13365,100
2792859530292706,420968,70,2797,13365,100
2792859535348658,420968,70,2797,13365,100
2792859540404684,420968,70,2797,13365,100
2792859545466019,420968,70,2797,13365,100
2792859550522782,420968,70,2797,13365,100
2792859555580325,420968,70,2797,13365,100
2792859560636411,420968,70,2797,13365,100
2792859565692320,420968,70,2797,13365,100
2792859570748269,420968,70,2797,13365,100
2792859575805543,420968,70,2797,13365,100
2792859580867263,420968,70,2797,13365,100
2792859585925099,420968,70,2797,13365,100
2792859590983043,420968,70,2797,13365,100
2792859596038976,420968,70,2797,13365,100
2792859601094903,420968,70,2797,13365,100
2792859606150810,420968,70,2797,13365,100
2792859611212750,420968,70,2797,13365,100
2792859616269358,420968,70,2797,13365,100
2792859621326148,420968,70,2797,13365,100
2792859626382140,420968,70,2797,13365,100
2792859631438012,420968,70,2797,13365,100
2792859636494970,420968,70,2797,13365,100
2792859641550946,420968,70,2797,13365,100
2792859646611725,420968,70,2797,13365,100
2792859651667565,420968,70,2797,13365,100
2792859656724773,420968,70,2797,13365,100
2792859661780890,420968,70,2797,13365,100
2792859666840213,420968,70,2797,13365,100
2792859671898086,420968,70,2797,13365,100
2792859676960013,420968,70,2797,13365,100
2792859682016907,420968,70,2797,13365,100
2792859687073135,420968,70,2797,13365,100
2792859692129588,420968,70,2797,13365,100
2792859697185413,420968,70,2797,13365,100
2792859702241430,420968,70,2797,13365,100
2792859707297429,420968,70,2797,13365,100
2792859712358728,420968,70,2797,13365,100
2792859717414665,420968,70,2797,13365,100
2792859722470603,420968,70,2797,13365,100
2792859727526575,420968,70,2797,13365,100
2792859732582489,420968,70,2797,13365,100
2792859737638375,420968,70,2797,13365,100
2792859742699625,420968,70,2797,13365,100
2792859747755699,420968,70,2797,13365,100
2792859752813514,420968,70,2797,13365,100
2792859757869557,420968,70,2797,13365,100
2792859762925574,420968,70,2797,13365,100
2792859767981697,420968,70,2797,13365,100
2792859773037740,420968,70,2797,13365,100
2792859778098739,420968,70,2797,13365,100
2792859783154624,420968,70,2797,13365,100
2792859788210889,420968,70,2797,13365,100
2792859793266959,420968,70,2797,13365,100
2792859798322843,420968,70,2797,13365,100
2792859803378698,420968,70,2797,13365,100
2792859808439744,420968,70,2797,13365,100
2792859813495867,420968,70,2797,13365,100
2792859818552050,420968,70,2797,13365,100
2792859823607975,420968,70,2797,13365,100
2792859828664111,420968,70,2797,13365,100
2792859833720412,420968,70,2797,13365,100
2792859838776388,420968,70,2797,13365,100
2792859843837303,420968,70,2797,13365,100
2792859848893500,421007,70,2797,13365,100
2792859853951798,421007,70,2797,13365,100
2792859859007960,421007,70,2797,13365,100
2792859864063983,421007,70,2797,13365,100
2792859869119930,421007,70,2797,13365,100
2792859874184261,421007,70,2797,13365,100
2792859879240350,421007,70,2797,13365,100
2792859884296549,421007,70,2797,13365,100
2792859889352566,421007,70,2797,13365,100
2792859894408605,421007,70,2797,13365,100
2792859899464505,421007,70,2797,13365,100
2792859904520442,421007,70,2797,13365,100
2792859909582498,421007,70,2797,13365,100
2792859914640519,421007,70,2797,13365,100
2792859919696472,421007,70,2797,13365,100
2792859924752397,421007,70,2797,13365,100
2792859929808433,421007,70,2797,13365,100
2792859934864407,421007,70,2797,13365,100
2792859939920281,421007,70,2797,13365,100
2792859944976401,421007,70,2797,13365,100
2792859950032454,421007,70,2797,13365,100
2792859955088542,421007,70,2797,13365,100
2792859960144575,421007,70,2797,13365,100
2792859965200684,421007,70,2797,13365,100
2792859970256583,421007,70,2797,13365,100
2792859975317736,421007,70,2797,13365,100
2792859980373686,421007,70,2797,13365,100
2792859985435503,421007,70,2797,13365,100
2792859990491582,421007,70,2797,13365,100
2792859995547600,421007,70,2797,13365,100
2792860000603581,421007,70,2797,13365,100
2792860005660428,421007,70,2797,13365,100
2792860010721685,421007,70,2797,13365,100
2792860015777614,421007,70,2797,13365,100
2792860020839190,421007,70,2797,13365,100
2792860025895168,421007,70,2797,13365,100
2792860030951691,421007,70,2797,13365,100
2792860036007544,421007,70,2797,13365,100
2792860041063593,421007,70,2797,13365,100
2792860046119465,421007,70,2797,13365,100
2792860051180647,421007,70,2797,13365,100
2792860056236967,421007,70,2797,13365,100
2792860061292938,421007,70,2797,13365,100
2792860066348816,421007,70,2797,13365,100
2792860071404914,421007,70,2797,13365,100
2792860076461062,421007,70,2797,13365,100
2792860081517174,421007,70,2797,13365,100
2792860086578391,421007,70,2797,13365,100
2792860091634390,421007,70,2797,13365,100
2792860096690335,421007,70,2797,13365,100
2792860101746286,421007,70,2797,13365,100
2792860106802247,421007,70,2797,13365,100
2792860111858124,421007,70,2797,13365,100
2792860116920040,421007,70,2797,13365,100
2792860121975922,421007,70,2797,13365,100
2792860127031827,421007,70,2797,13365,100
2792860132087826,421007,70,2797,13365,100
2792860137143661,421007,70,2797,13365,100
2792860142199493,421007,70,2797,13365,100
2792860147255459,421007,70,2797,13365,100
2792860152316539,421007,70,2797,13365,100
2792860157378503,421007,70,2797,13365,100
2792860162434531,421007,70,2797,13365,100
2792860167490557,421007,70,2797,13365,100
2792860172546480,421007,70,2797,13365,100
2792860177602324,421007,70,2797,13365,100
2792860182658393,421007,70,2797,13365,100
2792860187716077,421007,70,2797,13365,100
2792860192777324,421007,70,2797,13365,100
2792860197833235,421007,70,2797,13365,100
2792860202889115,421007,70,2797,13365,100
2792860207945032,421007,70,2797,13365,100
2792860213029068,421007,70,2797,13365,100
2792860218093943,421007,70,2797,13365,100
2792860223149776,421007,70,2797,13365,100
2792860228205634,421007,70,2797,13365,100
2792860233261697,421007,70,2797,13365,100
2792860238317533,421007,70,2797,13365,100
2792860243373305,421007,70,2797,13365,100
2792860248434694,421007,70,2797,13365,100
2792860253490866,421007,70,2797,13365,100
2792860258546949,421007,70,2797,13365,100
2792860263603844,421007,70,2797,13365,100
2792860268661383,421007,70,2797,13365,100
2792860273717361,421007,70,2797,13365,100
2792860278773237,421007,70,2797,13365,100
2792860283830105,421007,70,2797,13365,100
2792860288886487,421007,70,2797,13365,100
2792860293942550,421007,70,2797,13365,100
2792860298998332,421007,70,2797,13365,100
2792860304062349,421007,70,2797,13365,100
2792860309119273,421007,70,2797,13365,100
2792860314175190,421007,70,2797,13365,100
2792860319231098,421007,70,2797,13365,100
2792860324287102,421007,70,2797,13365,100
2792860329343023,421007,70,2797,13365,100
2792860334404658,421007,70,2797,13365,100
2792860339460564,421007,70,2797,13365,100
2792860344516629,420847,70,2797,13365,100
2792860349573862,420847,70,2797,13365,100
2792860354632275,420847,70,2797,13365,100
2792860359689395,420847,70,2797,13365,100
2792860364745488,420847,70,2797,13365,100
2792860369806990,420847,70,2797,13365,100
2792860374864387,420847,70,2797,13365,100
2792860379920282,420847,70,2797,13365,100
2792860384976788,420847,70,2797,13365,100
2792860390032722,420847,70,2797,13365,100
2792860395088648,420847,70,2797,13365,100
2792860400144580,420847,70,2797,13365,100
2792860405206095,420847,70,2797,13365,100
2792860410262126,420847,70,2797,13365,100
2792860415318029,420847,70,2797,13365,100
2792860420375100,420847,70,2797,13365,100
2792860425430952,420847,70,2797,13365,100
2792860430486865,420847,70,2797,13365,100
2792860435547939,420847,70,2797,13365,100
2792860440605216,420847,70,2797,13365,100
2792860445661176,420847,70,2797,13365,100
2792860450717025,420847,70,2797,13365,100
2792860455772903,420847,70,2797,13365,100
2792860460830151,420847,70,2797,13365,100
2792860465886178,420847,70,2797,13365,100
2792860470946632,420847,70,2797,13365,100
2792860476002613,420847,70,2797,13365,100
2792860481060329,420847,70,2797,13365,100
2792860486116659,420847,70,2797,13365,100
2792860491172529,420847,70,2797,13365,100
2792860496228413,420847,70,2797,13365,100
2792860501289499,420847,70,2797,13365,100
2792860506345502,420847,70,2797,13365,100
2792860511401643,420847,70,2797,13365,100
2792860516457377,420847,70,2797,13365,100
2792860521513157,420847,70,2797,13365,100
2792860526569222,420847,70,2797,13365,100
2792860531625183,420847,70,2797,13365,100
2792860536685998,420847,70,2797,13365,100
2792860541742868,420847,70,2797,13365,100
2792860546798830,420847,70,2797,13365,100
2792860551854714,420847,70,2797,13365,100
2792860556910983,420847,70,2797,13365,100
2792860561968041,420847,70,2797,13365,100
2792860567029145,420847,70,2797,13365,100
2792860572085102,420847,70,2797,13365,100
2792860577141145,420847,70,2797,13365,100
2792860582196993,420847,70,2797,13365,100
2792860587253799,420847,70,2797,13365,100
2792860592309708,420847,70,2797,13365,100
2792860597366461,420847,70,2797,13365,100
2792860602428112,420847,70,2797,13365,100
2792860607484040,420847,70,2797,13365,100
2792860612539923,420847,70,2797,13365,100
2792860617595753,420847,70,2797,13365,100
2792860622651641,420847,70,2797,13365,100
2792860627707485,420847,70,2797,13365,100
2792860632768919,420847,70,2797,13365,100
2792860637825487,420847,70,2797,13365,100
2792860642884047,420847,70,2797,13365,100
2792860647939880,420847,70,2797,13365,100
2792860652995722,420847,70,2797,13365,100
2792860658061982,420847,70,2797,13365,100
2792860663117875,420847,70,2797,13365,100
2792860668173571,420847,70,2797,13365,100
2792860673229591,420847,70,2797,13365,100
2792860678285491,420847,70,2797,13365,100
2792860683341440,420847,70,2797,13365,100
2792860688398308,420847,70,2797,13365,100
2792860693454257,420847,70,2797,13365,100
2792860698510155,420847,70,2797,13365,100
2792860703566029,420847,70,2797,13365,100
2792860708621799,420847,70,2797,13365,100
2792860713677645,420847,70,2797,13365,100
2792860718739257,420847,70,2797,13365,100
2792860723795258,420847,70,2797,13365,100
2792860728856153,420847,70,2797,13365,100
2792860733912196,420847,70,2797,13365,100
2792860738968275,420847,70,2797,13365,100
2792860744024102,420847,70,2797,13365,100
2792860749080041,420847,70,2797,13365,100
2792860754135949,420847,70,2797,13365,100
2792860759192050,420847,70,2797,13365,100
2792860764253580,420847,70,2797,13365,100
2792860769309469,420847,70,2797,13365,100
2792860774365455,420847,70,2797,13365,100
2792860779421275,420847,70,2797,13365,100
2792860784477146,420847,70,2797,13365,100
2792860789533425,420847,70,2797,13365,100
2792860794592675,420847,70,2797,13365,100
2792860799648554,420847,70,2797,13365,100
2792860804706809,420847,70,2797,13365,100
2792860809762726,420847,70,2797,13365,100
2792860814818650,420847,70,2797,13365,100
2792860819874984,420847,70,2797,13365,100
2792860824932712,420847,70,2797,13365,100
2792860829994112,420847,70,2797,13365,100
2792860835050074,420847,70,2797,13365,100
2792860840106136,420847,70,2797,13365,100
2792860845161948,421010,70,2797,13365,100
2792860850219852,421010,70,2797,13365,100
2792860855281319,421010,70,2797,13365,100
2792860860337528,421010,70,2797,13365,100
2792860865393520,421010,70,2797,13365,100
2792860870449556,421010,70,2797,13365,100
2792860875505540,421010,70,2797,13365,100
2792860880561497,421010,70,2797,13365,100
2792860885620840,421010,70,2797,13365,100
2792860890682632,421010,70,2797,13365,100
2792860895739091,421010,70,2797,13365,100
2792860900794960,421010,70,2797,13365,100
2792860905850892,421010,70,2797,13365,100
2792860910906785,421010,70,2797,13365,100
2792860915962672,421010,70,2797,13365,100
2792860921023149,421010,70,2797,13365,100
2792860926079143,421010,70,2797,13365,100
2792860931135044,421010,70,2797,13365,100
2792860936190886,421010,70,2797,13365,100
2792860941246908,421010,70,2797,13365,100
2792860946305225,421010,70,2797,13365,100
2792860951361098,421010,70,2797,13365,100
2792860956422758,421010,70,2797,13365,100
2792860961478725,421010,70,2797,13365,100
2792860966534637,421010,70,2797,13365,100
2792860971590471,421010,70,2797,13365,100
2792860976646331,421010,70,2797,13365,100
2792860981702201,421010,70,2797,13365,100
2792860986763340,421010,70,2797,13365,100
2792860991819471,421010,70,2797,13365,100
2792860996881716,421010,70,2797,13365,100
2792861001938062,421010,70,2797,13365,100
2792861006994094,421010,70,2797,13365,100
2792861012051943,421010,70,2797,13365,100
2792861017111046,421010,70,2797,13365,100
2792861022169468,421010,70,2797,13365,100
2792861027231290,421010,70,2797,13365,100
2792861032287225,421010,70,2797,13365,100
2792861037343101,421010,70,2797,13365,100
2792861042399133,421010,70,2797,13365,100
2792861047457370,421010,70,2797,13365,100
2792861052514150,421010,70,2797,13365,100
2792861057575887,421010,70,2797,13365,100
2792861062631783,421010,70,2797,13365,100
2792861067687714,421010,70,2797,13365,100
2792861072743758,421010,70,2797,13365,100
2792861077799821,421010,70,2797,13365,100
2792861082855718,421010,70,2797,13365,100
2792861087911792,421010,70,2797,13365,100
2792861092972938,421010,70,2797,13365,100
2792861098028943,421010,70,2797,13365,100
2792861103084823,421010,70,2797,13365,100
2792861108140744,421010,70,2797,13365,100
2792861113197368,421010,70,2797,13365,100
2792861118253887,421010,70,2797,13365,100
2792861123314969,421010,70,2797,13365,100
2792861128370957,421010,70,2797,13365,100
2792861133426823,421010,70,2797,13365,100
2792861138482720,421010,70,2797,13365,100
2792861143538709,421010,70,2797,13365,100
2792861148594543,421010,70,2797,13365,100
2792861153650373,421010,70,2797,13365,100
2792861158712077,421010,70,2797,13365,100
2792861163768326,421010,70,2797,13365,100
2792861168824375,421010,70,2797,13365,100
2792861173880310,421010,70,2797,13365,100
2792861178936213,421010,70,2797,13365,100
2792861183992204,421010,70,2797,13365,100
2792861189053228,421010,70,2797,13365,100
2792861194109295,421010,70,2797,13365,100
2792861199165187,421010,70,2797,13365,100
2792861204221038,421010,70,2797,13365,100
2792861209278937,421010,70,2797,13365,100
2792861214334797,421010,70,2797,13365,100
2792861219392271,421010,70,2797,13365,100
2792861224448740,421010,70,2797,13365,100
2792861229505400,421010,70,2797,13365,100
2792861234561304,421010,70,2797,13365,100
2792861239617108,421010,70,2797,13365,100
2792861244673145,421010,70,2797,13365,100
2792861249729034,421010,70,2797,13365,100
2792861254790800,421010,70,2797,13365,100
2792861259848009,421010,70,2797,13365,100
2792861264904060,421010,70,2797,13365,100
2792861269959954,421010,70,2797,13365,100
2792861275015921,421010,70,2797,13365,100
2792861280071788,421010,70,2797,13365,100
2792861285128594,421010,70,2797,13365,100
2792861290190271,421010,70,2797,13365,100
2792861295246520,421010,70,2797,13365,100
2792861300302515,421010,70,2797,13365,100
2792861305362615,421010,70,2797,13365,100
2792861310418627,421010,70,2797,13365,100
2792861315474498,421010,70,2797,13365,100
2792861320535637,421010,70,2797,13365,100
2792861325592596,421010,70,2797,13365,100
2792861330648634,421010,70,2797,13365,100
2792861335705072,421010,70,2797,13365,100
2792861340760890,421010,70,2797,13365,100
2792861345817926,421220,70,2797,13365,100
2792861350881140,421220,70,2797,13365,100
2792861355937800,421220,70,2797,13365,100
2792861360993853,421220,70,2797,13365,100
2792861366049957,421220,70,2797,13365,100
2792861371106017,421220,70,2797,13365,100
2792861376163764,421220,70,2797,13365,100
2792861381219637,421220,70,2797,13365,100
2792861386275650,421220,70,2797,13365,100
2792861391331876,421220,70,2797,13365,100
2792861396387925,421220,70,2797,13365,100
2792861401443797,421220,70,2797,13365,100
2792861406499838,421220,70,2797,13365,100
2792861411555720,421220,70,2797,13365,100
2792861416618208,421220,70,2797,13365,100
2792861421674126,421220,70,2797,13365,100
2792861426731573,421220,70,2797,13365,100
2792861431787536,421220,70,2797,13365,100
2792861436843547,421220,70,2797,13365,100
2792861441899454,421220,70,2797,13365,100
2792861446960719,421220,70,2797,13365,100
2792861452016903,421220,70,2797,13365,100
2792861457074733,421220,70,2797,13365,100
2792861462136021,421220,70,2797,13365,100
2792861467192010,421220,70,2797,13365,100
2792861472249550,421220,70,2797,13365,100
2792861477305474,421220,70,2797,13365,100
2792861482361368,421220,70,2797,13365,100
2792861487417420,421220,70,2797,13365,100
2792861492480647,421220,70,2797,13365,100
2792861497536858,421220,70,2797,13365,100
2792861502592919,421220,70,2797,13365,100
2792861507648856,421220,70,2797,13365,100
2792861512704755,421220,70,2797,13365,100
2792861517760648,421220,70,2797,13365,100
2792861522816602,421220,70,2797,13365,100
2792861527877582,421220,70,2797,13365,100
2792861532933840,421220,70,2797,13365,100
2792861537991595,421220,70,2797,13365,100
2792861543047501,421220,70,2797,13365,100
2792861548103437,421220,70,2797,13365,100
2792861553159388,421220,70,2797,13365,100
2792861558216241,421220,70,2797,13365,100
2792861563272428,421220,70,2797,13365,100
2792861568328297,421220,70,2797,13365,100
2792861573384207,421220,70,2797,13365,100
2792861578440863,421220,70,2797,13365,100
2792861583496657,421220,70,2797,13365,100
2792861588553750,421220,70,2797,13365,100
2792861593610150,421220,70,2797,13365,100
2792861598666279,421220,70,2797,13365,100
2792861603722193,421220,70,2797,13365,100
2792861608778171,421220,70,2797,13365,100
2792861613834608,421220,70,2797,13365,100
2792861618891123,421220,70,2797,13365,100
2792861623954326,421220,70,2797,13365,100
2792861629016511,421220,70,2797,13365,100
2792861634082407,421220,70,2797,13365,100
2792861639138274,421220,70,2797,13365,100
2792861644194101,421220,70,2797,13365,100
2792861649249976,421220,70,2797,13365,100
2792861654305896,421220,70,2797,13365,100
2792861659361955,421220,70,2797,13365,100
2792861664423306,421220,70,2797,13365,100
2792861669482889,421220,70,2797,13365,100
2792861674538887,421220,70,2797,13365,100
2792861679595453,421220,70,2797,13365,100
2792861684658003,421220,70,2797,13365,100
2792861689721427,421220,70,2797,13365,100
2792861694782846,421220,70,2797,13365,100
2792861699845103,421220,70,2797,13365,100
2792861704905664,421220,70,2797,13365,100
2792861709965177,421220,70,2797,13365,100
2792861715026022,421220,70,2797,13365,100
2792861720086287,421220,70,2797,13365,100
2792861725147151,421220,70,2797,13365,100
2792861730208104,421220,70,2797,13365,100
2792861735268306,421220,70,2797,13365,100
2792861740327326,421220,70,2797,13365,100
2792861745387542,421220,70,2797,13365,100
2792861750445281,421220,70,2797,13365,100
2792861755503046,421220,70,2797,13365,100
2792861760559856,421220,70,2797,13365,100
2792861765616393,421220,70,2797,13365,100
2792861770674308,421220,70,2797,13365,100
2792861775730316,421220,70,2797,13365,100
2792861780791058,421220,70,2797,13365,100
2792861785847218,421220,70,2797,13365,100
2792861790905241,421220,70,2797,13365,100
2792861795961702,421220,70,2797,13365,100
2792861801017819,421220,70,2797,13365,100
2792861806073840,421220,70,2797,13365,100
2792861811130370,421220,70,2797,13365,100
2792861816187691,421220,70,2797,13365,100
2792861821244192,421220,70,2797,13365,100
2792861826300049,421220,70,2797,13365,100
2792861831355947,421220,70,2797,13365,100
2792861836411786,421220,70,2797,13365,100
2792861841467660,421220,70,2797,13365,100
2792861846528241,421332,70,2797,13365,100
2792861851586151,421332,70,2797,13365,100
2792861856642010,421332,70,2797,13365,100
2792861861698073,421332,70,2797,13365,100
2792861866754035,421332,70,2797,13365,100
2792861871810112,421332,70,2797,13365,100
2792861876869931,421332,70,2797,13365,100
2792861881926091,421332,70,2797,13365,100
2792861886982546,421332,70,2797,13365,100
2792861892038695,421332,70,2797,13365,100
2792861897094667,421332,70,2797,13365,100
2792861902151448,421332,70,2797,13365,100
2792861907207983,421332,70,2797,13365,100
2792861912268382,421332,70,2797,13365,100
2792861917324355,421332,70,2797,13365,100
2792861922380334,421332,70,2797,13365,100
2792861927436296,421332,70,2797,13365,100
2792861932492107,421332,70,2797,13365,100
2792861937548061,421332,70,2797,13365,100
2792861942608154,421332,70,2797,13365,100
2792861947664100,421332,70,2797,13365,100
2792861952723273,421332,70,2797,13365,100
2792861957779295,421332,70,2797,13365,100
2792861962835599,421332,70,2797,13365,100
2792861967892293,421332,70,2797,13365,100
2792861972948411,421332,70,2797,13365,100
2792861978009143,421332,70,2797,13365,100
2792861983065005,421332,70,2797,13365,100
2792861988121863,421332,70,2797,13365,100
2792861993177767,421332,70,2797,13365,100
2792861998233688,421332,70,2797,13365,100
2792862003289702,421332,70,2797,13365,100
2792862008351450,421332,70,2797,13365,100
2792862013407474,421332,70,2797,13365,100
2792862018463386,421332,70,2797,13365,100
2792862023519224,421332,70,2797,13365,100
2792862028575097,421332,70,2797,13365,100
2792862033630945,421332,70,2797,13365,100
2792862038686777,421332,70,2797,13365,100
2792862043748472,421332,70,2797,13365,100
2792862048805724,421332,70,2797,13365,100
2792862053861807,421332,70,2797,13365,100
2792862058918436,421332,70,2797,13365,100
2792862063974419,421332,70,2797,13365,100
2792862069030320,421332,70,2797,13365,100
2792862074092095,421332,70,2797,13365,100
2792862079148001,421332,70,2797,13365,100
2792862084203917,421332,70,2797,13365,100
2792862089260039,421332,70,2797,13365,100
2792862094315913,421332,70,2797,13365,100
2792862099371873,421332,70,2797,13365,100
2792862104427866,421332,70,2797,13365,100
2792862109489002,421332,70,2797,13365,100
2792862114545067,421332,70,2797,13365,100
2792862119601044,421332,70,2797,13365,100
2792862124657001,421332,70,2797,13365,100
2792862129714500,421332,70,2797,13365,100
2792862134771089,421332,70,2797,13365,100
2792862139832075,421332,70,2797,13365,100
2792862144888276,421332,70,2797,13365,100
2792862149945183,421332,70,2797,13365,100
2792862155005408,421332,70,2797,13365,100
2792862160064096,421332,70,2797,13365,100
2792862165120085,421332,70,2797,13365,100
2792862170176160,421332,70,2797,13365,100
2792862175232134,421332,70,2797,13365,100
2792862180288026,421332,70,2797,13365,100
2792862185344005,421332,70,2797,13365,100
2792862190402974,421332,70,2797,13365,100
2792862195458983,421332,70,2797,13365,100
2792862200514895,421332,70,2797,13365,100
2792862205577209,421332,70,2797,13365,100
2792862210639579,421332,70,2797,13365,100
2792862215698539,421332,70,2797,13365,100
2792862220757352,421332,70,2797,13365,100
2792862225815709,421332,70,2797,13365,100
2792862230872406,421332,70,2797,13365,100
2792862235929581,421332,70,2797,13365,100
2792862240992403,421332,70,2797,13365,100
2792862246050773,421332,70,2797,13365,100
2792862251106566,421332,70,2797,13365,100
2792862256164161,421332,70,2797,13365,100
2792862261220329,421332,70,2797,13365,100
2792862266276320,421332,70,2797,13365,100
2792862271332406,421332,70,2797,13365,100
2792862276394354,421332,70,2797,13365,100
2792862281450422,421332,70,2797,13365,100
2792862286506340,421332,70,2797,13365,100
2792862291568082,421332,70,2797,13365,100
2792862296624599,421332,70,2797,13365,100
2792862301681287,421332,70,2797,13365,100
2792862306737281,421332,70,2797,13365,100
2792862311793930,421332,70,2797,13365,100
2792862316849853,421332,70,2797,13365,100
2792862321912031,421332,70,2797,13365,100
2792862326968062,421332,70,2797,13365,100
2792862332024057,421332,70,2797,13365,100
2792862337080043,421332,70,2797,13365,100
2792862342135814,421332,70,2797,13365,100
2792862347191654,421350,70,2797,13365,100
2792862352250054,421350,70,2797,13365,100
2792862357311846,421350,70,2797,13365,100
2792862362367921,421350,70,2797,13365,100
2792862367423905,421350,70,2797,13365,100
2792862372480578,421350,70,2797,13365,100
2792862377536526,421350,70,2797,13365,100
2792862382592738,421350,70,2797,13365,100
2792862387654480,421350,70,2797,13365,100
2792862392711485,421350,70,2797,13365,100
2792862397768022,421350,70,2797,13365,100
2792862402825033,421350,70,2797,13365,100
2792862407881100,421350,70,2797,13365,100
2792862412937772,421350,70,2797,13365,100
2792862417993796,421350,70,2797,13365,100
2792862423055657,421350,70,2797,13365,100
2792862428111592,421350,70,2797,13365,100
2792862433167465,421350,70,2797,13365,100
2792862438223406,421350,70,2797,13365,100
2792862443279236,421350,70,2797,13365,100
2792862448335152,421350,70,2797,13365,100
2792862453398541,421350,70,2797,13365,100
2792862458454951,421350,70,2797,13365,100
2792862463511937,421350,70,2797,13365,100
2792862468567847,421350,70,2797,13365,100
2792862473624683,421350,70,2797,13365,100
2792862478680675,421350,70,2797,13365,100
2792862483737335,421350,70,2797,13365,100
2792862488798944,421350,70,2797,13365,100
2792862493855554,421350,70,2797,13365,100
2792862498911529,421350,70,2797,13365,100
2792862503968201,421350,70,2797,13365,100
2792862509024374,421350,70,2797,13365,100
2792862514080315,421350,70,2797,13365,100
2792862519138135,421350,70,2797,13365,100
2792862524195872,421350,70,2797,13365,100
2792862529251828,421350,70,2797,13365,100
2792862534307870,421350,70,2797,13365,100
2792862539365618,421350,70,2797,13365,100
2792862544422516,421350,70,2797,13365,100
2792862549478442,421350,70,2797,13365,100
2792862554540893,421350,70,2797,13365,100
2792862559596956,421350,70,2797,13365,100
2792862564653762,421350,70,2797,13365,100
2792862569709721,421350,70,2797,13365,100
2792862574766544,421350,70,2797,13365,100
2792862579822357,421350,70,2797,13365,100
2792862584885555,421350,70,2797,13365,100
2792862589942023,421350,70,2797,13365,100
2792862594998120,421350,70,2797,13365,100
2792862600062669,421350,70,2797,13365,100
2792862605118587,421350,70,2797,13365,100
2792862610174643,421350,70,2797,13365,100
2792862615230889,421350,70,2797,13365,100
2792862620286763,421350,70,2797,13365,100
2792862625343442,421350,70,2797,13365,100
2792862630400138,421350,70,2797,13365,100
2792862635456788,421350,70,2797,13365,100
2792862640512683,421350,70,2797,13365,100
2792862645569631,421350,70,2797,13365,100
2792862650625582,421350,70,2797,13365,100
2792862655682114,421350,70,2797,13365,100
2792862660738902,421350,70,2797,13365,100
2792862665795877,421350,70,2797,13365,100
2792862670851879,421350,70,2797,13365,100
2792862675908663,421350,70,2797,13365,100
2792862680965254,421350,70,2797,13365,100
2792862686021205,421350,70,2797,13365,100
2792862691077444,421350,70,2797,13365,100
2792862696134397,421350,70,2797,13365,100
2792862701190511,421350,70,2797,13365,100
2792862706247213,421350,70,2797,13365,100
2792862711303348,421350,70,2797,13365,100
2792862716360096,421350,70,2797,13365,100
2792862721416052,421350,70,2797,13365,100
2792862726477744,421350,70,2797,13365,100
2792862731533707,421350,70,2797,13365,100
2792862736590394,421350,70,2797,13365,100
2792862741646393,421350,70,2797,13365,100
2792862746702986,421350,70,2797,13365,100
2792862751765908,421350,70,2797,13365,100
2792862756827581,421350,70,2797,13365,100
2792862761890984,421350,70,2797,13365,100
2792862766951014,421350,70,2797,13365,100
2792862772012778,421350,70,2797,13365,100
2792862777070721,421350,70,2797,13365,100
2792862782128809,421350,70,2797,13365,100
2792862787185567,421350,70,2797,13365,100
2792862792245250,421350,70,2797,13365,100
2792862797302065,421350,70,2797,13365,100
2792862802359313,421350,70,2797,13365,100
2792862807417597,421350,70,2797,13365,100
2792862812473644,421350,70,2797,13365,100
2792862817530061,421350,70,2797,13365,100
2792862822590185,421350,70,2797,13365,100
2792862827646647,421350,70,2797,13365,100
2792862832702535,421350,70,2797,13365,100
2792862837758962,421350,70,2797,13365,100
2792862842814826,421350,70,2797,13365,100
2792862847871278,421358,70,2797,13365,100
2792862852929009,421358,70,2797,13365,100
2792862857989282,421358,70,2797,13365,100
2792862863045935,421358,70,2797,13365,100
2792862868102089,421358,70,2797,13365,100
2792862873163055,421358,70,2797,13365,100
2792862878219714,421358,70,2797,13365,100
2792862883275787,421358,70,2797,13365,100
2792862888332503,421358,70,2797,13365,100
2792862893388671,421358,70,2797,13365,100
2792862898445175,421358,70,2797,13365,100
2792862903506521,421358,70,2797,13365,100
2792862908563480,421358,70,2797,13365,100
2792862913619487,421358,70,2797,13365,100
2792862918677784,421358,70,2797,13365,100
2792862923733705,421358,70,2797,13365,100
2792862928790683,421358,70,2797,13365,100
2792862933846592,421358,70,2797,13365,100
2792862938908337,421358,70,2797,13365,100
2792862943965948,421358,70,2797,13365,100
2792862949022677,421358,70,2797,13365,100
2792862954080406,421358,70,2797,13365,100
2792862959137538,421358,70,2797,13365,100
2792862964193812,421358,70,2797,13365,100
2792862969255341,421358,70,2797,13365,100
2792862974312429,421358,70,2797,13365,100
2792862979369522,421358,70,2797,13365,100
2792862984425496,421358,70,2797,13365,100
2792862989482042,421358,70,2797,13365,100
2792862994539005,421358,70,2797,13365,100
2792862999595094,421358,70,2797,13365,100
2792863004652113,421358,70,2797,13365,100
2792863009709827,421358,70,2797,13365,100
2792863014767000,421358,70,2797,13365,100
2792863019823074,421358,70,2797,13365,100
2792863024879002,421358,70,2797,13365,100
2792863029935021,421358,70,2797,13365,100
2792863034997114,421358,70,2797,13365,100
2792863040053221,421358,70,2797,13365,100
2792863045109603,421358,70,2797,13365,100
2792863050166616,421358,70,2797,13365,100
2792863055222503,421358,70,2797,13365,100
2792863060278450,421358,70,2797,13365,100
2792863065340086,421358,70,2797,13365,100
2792863070396237,421358,70,2797,13365,100
2792863075458234,421358,70,2797,13365,100
2792863080514122,421358,70,2797,13365,100
2792863085569971,421358,70,2797,13365,100
2792863090625999,421358,70,2797,13365,100
2792863095682289,421358,70,2797,13365,100
2792863100740384,421358,70,2797,13365,100
2792863105796248,421358,70,2797,13365,100
2792863110857868,421358,70,2797,13365,100
2792863115914230,421358,70,2797,13365,100
2792863120970219,421358,70,2797,13365,100
2792863126026064,421358,70,2797,13365,100
2792863131081862,421358,70,2797,13365,100
2792863136137718,421358,70,2797,13365,100
2792863141199149,421358,70,2797,13365,100
2792863146255041,421358,70,2797,13365,100
2792863151310927,421358,70,2797,13365,100
2792863156366867,421358,70,2797,13365,100
2792863161423065,421358,70,2797,13365,100
2792863166479300,421358,70,2797,13365,100
2792863171535242,421358,70,2797,13365,100
2792863176596687,421358,70,2797,13365,100
2792863181652596,421358,70,2797,13365,100
2792863186708439,421358,70,2797,13365,100
2792863191769950,421358,70,2797,13365,100
2792863196832921,421358,70,2797,13365,100
2792863201895253,421358,70,2797,13365,100
2792863206956219,421358,70,2797,13365,100
2792863212017010,421358,70,2797,13365,100
2792863217078725,421358,70,2797,13365,100
2792863222139621,421358,70,2797,13365,100
2792863227199510,421358,70,2797,13365,100
2792863232260234,421358,70,2797,13365,100
2792863237319943,421358,70,2797,13365,100
2792863242380234,421358,70,2797,13365,100
2792863247441724,421358,70,2797,13365,100
2792863252501958,421358,70,2797,13365,100
2792863257561962,421358,70,2797,13365,100
2792863262620992,421358,70,2797,13365,100
2792863267681472,421358,70,2797,13365,100
2792863272741450,421358,70,2797,13365,100
2792863277801082,421358,70,2797,13365,100
2792863282860656,421358,70,2797,13365,100
2792863287919762,421358,70,2797,13365,100
2792863292982346,421358,70,2797,13365,100
2792863298042265,421358,70,2797,13365,100
2792863303102561,421358,70,2797,13365,100
2792863308158850,421358,70,2797,13365,100
2792863313214736,421358,70,2797,13365,100
2792863318270815,421358,70,2797,13365,100
2792863323326819,421358,70,2797,13365,100
2792863328382719,421358,70,2797,13365,100
2792863333442707,421358,70,2797,13365,100
2792863338498741,421358,70,2797,13365,100
2792863343554636,421358,70,2797,13365,100
2792863348610564,421506,70,2797,13365,100
2792863353668144,421506,70,2797,13365,100
2792863358724088,421506,70,2797,13365,100
2792863363784148,421506,70,2797,13365,100
2792863368840296,421506,70,2797,13365,100
2792863373896226,421506,70,2797,13365,100
2792863378952141,421506,70,2797,13365,100
2792863384008103,421506,70,2797,13365,100
2792863389064100,421506,70,2797,13365,100
2792863394121102,421506,70,2797,13365,100
2792863399179090,421506,70,2797,13365,100
2792863404235026,421506,70,2797,13365,100
2792863409290882,421506,70,2797,13365,100
2792863414346796,421506,70,2797,13365,100
2792863419402907,421506,70,2797,13365,100
2792863424458925,421506,70,2797,13365,100
2792863429519846,421506,70,2797,13365,100
2792863434575771,421506,70,2797,13365,100
2792863439631625,421506,70,2797,13365,100
2792863444687512,421506,70,2797,13365,100
2792863449743441,421506,70,2797,13365,100
2792863454799360,421506,70,2797,13365,100
2792863459856611,421506,70,2797,13365,100
2792863464913036,421506,70,2797,13365,100
2792863469969372,421506,70,2797,13365,100
2792863475025426,421506,70,2797,13365,100
2792863480081375,421506,70,2797,13365,100
2792863485137410,421506,70,2797,13365,100
2792863490193782,421506,70,2797,13365,100
2792863495254896,421506,70,2797,13365,100
2792863500311146,421506,70,2797,13365,100
2792863505367143,421506,70,2797,13365,100
2792863510423065,421506,70,2797,13365,100
2792863515479063,421506,70,2797,13365,100
2792863520535196,421506,70,2797,13365,100
2792863525596694,421506,70,2797,13365,100
2792863530652679,421506,70,2797,13365,100
2792863535708592,421506,70,2797,13365,100
2792863540765527,421506,70,2797,13365,100
2792863545826219,421506,70,2797,13365,100
2792863550882445,421506,70,2797,13365,100
2792863555938336,421506,70,2797,13365,100
2792863560995163,421506,70,2797,13365,100
2792863566052055,421506,70,2797,13365,100
2792863571108233,421506,70,2797,13365,100
2792863576164451,421506,70,2797,13365,100
2792863581220846,421506,70,2797,13365,100
2792863586276942,421506,70,2797,13365,100
2792863591333157,421506,70,2797,13365,100
2792863596389401,421506,70,2797,13365,100
2792863601445233,421506,70,2797,13365,100
2792863606501118,421506,70,2797,13365,100
2792863611562735,421506,70,2797,13365,100
2792863616618648,421506,70,2797,13365,100
2792863621674671,421506,70,2797,13365,100
2792863626730550,421506,70,2797,13365,100
2792863631786398,421506,70,2797,13365,100
2792863636842342,421506,70,2797,13365,100
2792863641898185,421506,70,2797,13365,100
2792863646954294,421506,70,2797,13365,100
2792863652010197,421506,70,2797,13365,100
2792863657066081,421506,70,2797,13365,100
2792863662122312,421506,70,2797,13365,100
2792863667178955,421506,70,2797,13365,100
2792863672236899,421506,70,2797,13365,100
2792863677297632,421506,70,2797,13365,100
2792863682353541,421506,70,2797,13365,100
2792863687409634,421506,70,2797,13365,100
2792863692465828,421506,70,2797,13365,100
2792863697522383,421506,70,2797,13365,100
2792863702578365,421506,70,2797,13365,100
2792863707640234,421506,70,2797,13365,100
2792863712696491,421506,70,2797,13365,100
2792863717752365,421506,70,2797,13365,100
2792863722808448,421506,70,2797,13365,100
2792863727864836,421506,70,2797,13365,100
2792863732920816,421506,70,2797,13365,100
2792863737980921,421506,70,2797,13365,100
2792863743037246,421506,70,2797,13365,100
2792863748093250,421506,70,2797,13365,100
2792863753149165,421506,70,2797,13365,100
2792863758205114,421506,70,2797,13365,100
2792863763261184,421506,70,2797,13365,100
2792863768317515,421506,70,2797,13365,100
2792863773373787,421506,70,2797,13365,100
2792863778429864,421506,70,2797,13365,100
2792863783485723,421506,70,2797,13365,100
2792863788541653,421506,70,2797,13365,100
2792863793597864,421506,70,2797,13365,100
2792863798661289,421506,70,2797,13365,100
2792863803718443,421506,70,2797,13365,100
2792863808774463,421506,70,2797,13365,100
2792863813830985,421506,70,2797,13365,100
2792863818887022,421506,70,2797,13365,100
2792863823943791,421506,70,2797,13365,100
2792863829006075,421506,70,2797,13365,100
2792863834064360,421506,70,2797,13365,100
2792863839121267,421506,70,2797,13365,100
2792863844177158,421506,70,2797,13365,100
2792863851141091,421484,70,2797,13365,100
2792863856199751,421484,70,2797,13365,100
2792863861256061,421484,70,2797,13365,100
2792863866312233,421484,70,2797,13365,100
2792863871368746,421484,70,2797,13365,100
2792863876424820,421484,70,2797,13365,100
2792863881493508,421484,70,2797,13365,100
2792863886549418,421484,70,2797,13365,100
2792863891605944,421484,70,2797,13365,100
2792863896664864,421484,70,2797,13365,100
2792863901721347,421484,70,2797,13365,100
2792863906777357,421484,70,2797,13365,100
2792863911838591,421484,70,2797,13365,100
2792863916894463,421484,70,2797,13365,100
2792863921950388,421484,70,2797,13365,100
2792863927006909,421484,70,2797,13365,100
2792863932062825,421484,70,2797,13365,100
2792863937118689,421484,70,2797,13365,100
2792863942174560,421484,70,2797,13365,100
2792863947230845,421484,70,2797,13365,100
2792863952287897,421484,70,2797,13365,100
2792863957343931,421484,70,2797,13365,100
2792863962400495,421484,70,2797,13365,100
2792863967456524,421484,70,2797,13365,100
2792863972512991,421484,70,2797,13365,100
2792863977574568,421484,70,2797,13365,100
2792863982630444,421484,70,2797,13365,100
2792863987686526,421484,70,2797,13365,100
2792863992745057,421484,70,2797,13365,100
2792863997801273,421484,70,2797,13365,100
2792864002857312,421484,70,2797,13365,100
2792864007913256,421484,70,2797,13365,100
2792864012969381,421484,70,2797,13365,100
2792864018026074,421484,70,2797,13365,100
2792864023088548,421484,70,2797,13365,100
2792864028145099,421484,70,2797,13365,100
2792864033201920,421484,70,2797,13365,100
2792864038259202,421484,70,2797,13365,100
2792864043318890,421484,70,2797,13365,100
2792864048374820,421484,70,2797,13365,100
2792864053438774,421484,70,2797,13365,100
2792864058494852,421484,70,2797,13365,100
2792864063551243,421484,70,2797,13365,100
2792864068607162,421484,70,2797,13365,100
2792864073663232,421484,70,2797,13365,100
2792864078719570,421484,70,2797,13365,100
2792864083780806,421484,70,2797,13365,100
2792864088836951,421484,70,2797,13365,100
2792864093893210,421484,70,2797,13365,100
2792864098949202,421484,70,2797,13365,100
2792864104005005,421484,70,2797,13365,100
2792864109060884,421484,70,2797,13365,100
2792864114117972,421484,70,2797,13365,100
2792864119175229,421484,70,2797,13365,100
2792864124237327,421484,70,2797,13365,100
2792864129301139,421484,70,2797,13365,100
2792864134362679,421484,70,2797,13365,100
2792864139418605,421484,70,2797,13365,100
2792864144474492,421484,70,2797,13365,100
2792864149530464,421484,70,2797,13365,100
2792864154586396,421484,70,2797,13365,100
2792864159642272,421484,70,2797,13365,100
2792864164704147,421484,70,2797,13365,100
2792864169760169,421484,70,2797,13365,100
2792864174816147,421484,70,2797,13365,100
2792864179872137,421484,70,2797,13365,100
2792864184928147,421484,70,2797,13365,100
2792864189984095,421484,70,2797,13365,100
2792864195040541,421484,70,2797,13365,100
2792864200096699,421484,70,2797,13365,100
2792864205152759,421484,70,2797,13365,100
2792864210208735,421484,70,2797,13365,100
2792864215264661,421484,70,2797,13365,100
2792864220322277,421484,70,2797,13365,100
2792864225378300,421484,70,2797,13365,100
2792864230440223,421484,70,2797,13365,100
2792864235496307,421484,70,2797,13365,100
2792864240552285,421484,70,2797,13365,100
2792864245608902,421484,70,2797,13365,100
2792864250664855,421484,70,2797,13365,100
2792864255720693,421484,70,2797,13365,100
2792864260776613,421484,70,2797,13365,100
2792864265832885,421484,70,2797,13365,100
2792864270888988,421484,70,2797,13365,100
2792864275945680,421484,70,2797,13365,100
2792864281002035,421484,70,2797,13365,100
2792864286058073,421484,70,2797,13365,100
2792864291113943,421484,70,2797,13365,100
2792864296177672,421484,70,2797,13365,100
2792864301235830,421484,70,2797,13365,100
2792864306291813,421484,70,2797,13365,100
2792864311348000,421484,70,2797,13365,100
2792864316404112,421484,70,2797,13365,100
2792864321460120,421484,70,2797,13365,100
2792864326521084,421484,70,2797,13365,100
2792864331577125,421484,70,2797,13365,100
2792864336632988,421484,70,2797,13365,100
2792864341689523,421484,70,2797,13365,100
2792864346745463,421329,70,2797,13365,100
2792864351803725,421329,70,2797,13365,100
2792864356859940,421329,70,2797,13365,100
2792864361921997,421329,70,2797,13365,100
2792864366980473,421329,70,2797,13365,100
2792864372036445,421329,70,2797,13365,100
2792864377092570,421329,70,2797,13365,100
2792864382149674,421329,70,2797,13365,100
2792864387205615,421329,70,2797,13365,100
2792864392262473,421329,70,2797,13365,100
2792864397318531,421329,70,2797,13365,100
2792864402375405,421329,70,2797,13365,100
2792864407431373,421329,70,2797,13365,100
2792864412487408,421329,70,2797,13365,100
2792864417543318,421329,70,2797,13365,100
2792864422605014,421329,70,2797,13365,100
2792864427662193,421329,70,2797,13365,100
2792864432718249,421329,70,2797,13365,100
2792864437774462,421329,70,2797,13365,100
2792864442831371,421329,70,2797,13365,100
2792864447887920,421329,70,2797,13365,100
2792864452943881,421329,70,2797,13365,100
2792864458005507,421329,70,2797,13365,100
2792864463061632,421329,70,2797,13365,100
2792864468117594,421329,70,2797,13365,100
2792864473173557,421329,70,2797,13365,100
2792864478229444,421329,70,2797,13365,100
2792864483285585,421329,70,2797,13365,100
2792864488346685,421329,70,2797,13365,100
2792864493402920,421329,70,2797,13365,100
2792864498458944,421329,70,2797,13365,100
2792864503514958,421329,70,2797,13365,100
2792864508570946,421329,70,2797,13365,100
2792864513626896,421329,70,2797,13365,100
2792864518683587,421329,70,2797,13365,100
2792864523744510,421329,70,2797,13365,100
2792864528801178,421329,70,2797,13365,100
2792864533857283,421329,70,2797,13365,100
2792864538914136,421329,70,2797,13365,100
2792864543973161,421329,70,2797,13365,100
2792864549029079,421329,70,2797,13365,100
2792864554090122,421329,70,2797,13365,100
2792864559146727,421329,70,2797,13365,100
2792864564202886,421329,70,2797,13365,100
2792864569259025,421329,70,2797,13365,100
2792864574315688,421329,70,2797,13365,100
2792864579371702,421329,70,2797,13365,100
2792864584427781,421329,70,2797,13365,100
2792864589484072,421329,70,2797,13365,100
2792864594545607,421329,70,2797,13365,100
2792864599602415,421329,70,2797,13365,100
2792864604658409,421329,70,2797,13365,100
2792864609715122,421329,70,2797,13365,100
2792864614771100,421329,70,2797,13365,100
2792864619827865,421329,70,2797,13365,100
2792864624883756,421329,70,2797,13365,100
2792864629940483,421329,70,2797,13365,100
2792864634997013,421329,70,2797,13365,100
2792864640052885,421329,70,2797,13365,100
2792864645108816,421329,70,2797,13365,100
2792864650164649,421329,70,2797,13365,100
2792864655220713,421329,70,2797,13365,100
2792864660283837,421329,70,2797,13365,100
2792864665339827,421329,70,2797,13365,100
2792864670395681,421329,70,2797,13365,100
2792864675452341,421329,70,2797,13365,100
2792864680509017,421329,70,2797,13365,100
2792864685566517,421329,70,2797,13365,100
2792864690629016,421329,70,2797,13365,100
2792864695685187,421329,70,2797,13365,100
2792864700742297,421329,70,2797,13365,100
2792864705798194,421329,70,2797,13365,100
2792864710854899,421329,70,2797,13365,100
2792864715910788,421329,70,2797,13365,100
2792864720967505,421329,70,2797,13365,100
2792864726029149,421329,70,2797,13365,100
2792864731085102,421329,70,2797,13365,100
2792864736141380,421329,70,2797,13365,100
2792864741197350,421329,70,2797,13365,100
2792864746253321,421329,70,2797,13365,100
2792864751309199,421329,70,2797,13365,100
2792864756370551,421329,70,2797,13365,100
2792864761426944,421329,70,2797,13365,100
2792864766482978,421329,70,2797,13365,100
2792864771539746,421329,70,2797,13365,100
2792864776595674,421329,70,2797,13365,100
2792864781652373,421329,70,2797,13365,100
2792864786708661,421329,70,2797,13365,100
2792864791770600,421329,70,2797,13365,100
2792864796828453,421329,70,2797,13365,100
2792864801885372,421329,70,2797,13365,100
2792864806941241,421329,70,2797,13365,100
2792864811997920,421329,70,2797,13365,100
2792864817062658,421329,70,2797,13365,100
2792864822118551,421329,70,2797,13365,100
2792864827174417,421329,70,2797,13365,100
2792864832230217,421329,70,2797,13365,100
2792864837286232,421329,70,2797,13365,100
2792864842342948,421329,70,2797,13365,100
2792864847404385,421307,70,2797,13365,100
2792864852463434,421307,70,2797,13365,100
2792864857519277,421307,70,2797,13365,100
2792864862575854,421307,70,2797,13365,100
2792864867631963,421307,70,2797,13365,100
2792864872688777,421307,70,2797,13365,100
2792864877749882,421307,70,2797,13365,100
2792864882806762,421307,70,2797,13365,100
2792864887862910,421307,70,2797,13365,100
2792864892919172,421307,70,2797,13365,100
2792864897975265,421307,70,2797,13365,100
2792864903031128,421307,70,2797,13365,100
2792864908087066,421307,70,2797,13365,100
2792864913147892,421307,70,2797,13365,100
2792864918203692,421307,70,2797,13365,100
2792864923260214,421307,70,2797,13365,100
2792864928319291,421307,70,2797,13365,100
2792864933375887,421307,70,2797,13365,100
2792864938431880,421307,70,2797,13365,100
2792864943494003,421307,70,2797,13365,100
2792864948550089,421307,70,2797,13365,100
2792864953606799,421307,70,2797,13365,100
2792864958662651,421307,70,2797,13365,100
2792864963718952,421307,70,2797,13365,100
2792864968775686,421307,70,2797,13365,100
2792864973832338,421307,70,2797,13365,100
2792864978893806,421307,70,2797,13365,100
2792864983950499,421307,70,2797,13365,100
2792864989006601,421307,70,2797,13365,100
2792864994062667,421307,70,2797,13365,100
2792864999118676,421307,70,2797,13365,100
2792865004174893,421307,70,2797,13365,100
2792865009238747,421307,70,2797,13365,100
2792865014295660,421307,70,2797,13365,100
2792865019353863,421307,70,2797,13365,100
2792865024410755,421307,70,2797,13365,100
2792865029466601,421307,70,2797,13365,100
2792865034523214,421307,70,2797,13365,100
2792865039579280,421307,70,2797,13365,100
2792865044635926,421307,70,2797,13365,100
2792865049696953,421307,70,2797,13365,100
2792865054753852,421307,70,2797,13365,100
2792865059809710,421307,70,2797,13365,100
2792865064866532,421307,70,2797,13365,100
2792865069922528,421307,70,2797,13365,100
2792865074979898,421307,70,2797,13365,100
2792865080036657,421307,70,2797,13365,100
2792865085093325,421307,70,2797,13365,100
2792865090151515,421307,70,2797,13365,100
2792865095209129,421307,70,2797,13365,100
2792865100265079,421307,70,2797,13365,100
2792865105322571,421307,70,2797,13365,100
2792865110378446,421307,70,2797,13365,100
2792865115440628,421307,70,2797,13365,100
2792865120496494,421307,70,2797,13365,100
2792865125553539,421307,70,2797,13365,100
2792865130609419,421307,70,2797,13365,100
2792865135666536,421307,70,2797,13365,100
2792865140722569,421307,70,2797,13365,100
2792865145783568,421307,70,2797,13365,100
2792865150839934,421307,70,2797,13365,100
2792865155897029,421307,70,2797,13365,100
2792865160952829,421307,70,2797,13365,100
2792865166009299,421307,70,2797,13365,100
2792865171070032,421307,70,2797,13365,100
2792865176127124,421307,70,2797,13365,100
2792865181183031,421307,70,2797,13365,100
2792865186240111,421307,70,2797,13365,100
2792865191298866,421307,70,2797,13365,100
2792865196355903,421307,70,2797,13365,100
2792865201417056,421307,70,2797,13365,100
2792865206473316,421307,70,2797,13365,100
2792865211529161,421307,70,2797,13365,100
2792865216585538,421307,70,2797,13365,100
2792865221643480,421307,70,2797,13365,100
2792865226699244,421307,70,2797,13365,100
2792865231755091,421307,70,2797,13365,100
2792865236816374,421307,70,2797,13365,100
2792865241872731,421307,70,2797,13365,100
2792865246930104,421307,70,2797,13365,100
2792865251987649,421307,70,2797,13365,100
2792865257050077,421307,70,2797,13365,100
2792865262113299,421307,70,2797,13365,100
2792865267177690,421307,70,2797,13365,100
2792865272241458,421307,70,2797,13365,100
2792865277305208,421307,70,2797,13365,100
2792865282368589,421307,70,2797,13365,100
2792865287433799,421307,70,2797,13365,100
2792865292493981,421307,70,2797,13365,100
2792865297553083,421307,70,2797,13365,100
2792865302611592,421307,70,2797,13365,100
2792865307669978,421307,70,2797,13365,100
2792865312727915,421307,70,2797,13365,100
2792865317791228,421307,70,2797,13365,100
2792865322850045,421307,70,2797,13365,100
2792865327908340,421307,70,2797,13365,100
2792865332966481,421307,70,2797,13365,100
2792865338030434,421307,70,2797,13365,100
2792865343088715,421307,70,2797,13365,100
2792865348147786,421246,70,2797,13365,100
2792865353207562,421246,70,2797,13365,100
2792865358266671,421246,70,2797,13365,100
2792865363323260,421246,70,2797,13365,100
2792865368380683,421246,70,2797,13365,100
2792865373441949,421246,70,2797,13365,100
2792865378499436,421246,70,2797,13365,100
2792865383555258,421246,70,2797,13365,100
2792865388611081,421246,70,2797,13365,100
2792865393667571,421246,70,2797,13365,100
2792865398723547,421246,70,2797,13365,100
2792865403785568,421246,70,2797,13365,100
2792865408841545,421246,70,2797,13365,100
2792865413897459,421246,70,2797,13365,100
2792865418953292,421246,70,2797,13365,100
2792865424009139,421246,70,2797,13365,100
2792865429064933,421246,70,2797,13365,100
2792865434122936,421246,70,2797,13365,100
2792865439179653,421246,70,2797,13365,100
2792865444237063,421246,70,2797,13365,100
2792865449292926,421246,70,2797,13365,100
2792865454349600,421246,70,2797,13365,100
2792865459406249,421246,70,2797,13365,100
2792865464468231,421246,70,2797,13365,100
2792865469524161,421246,70,2797,13365,100
2792865474580153,421246,70,2797,13365,100
2792865479636138,421246,70,2797,13365,100
2792865484692024,421246,70,2797,13365,100
2792865489747892,421246,70,2797,13365,100
2792865494806011,421246,70,2797,13365,100
2792865499867976,421246,70,2797,13365,100
2792865504924077,421246,70,2797,13365,100
2792865509980152,421246,70,2797,13365,100
2792865515036154,421246,70,2797,13365,100
2792865520092186,421246,70,2797,13365,100
2792865525149356,421246,70,2797,13365,100
2792865530205924,421246,70,2797,13365,100
2792865535262011,421246,70,2797,13365,100
2792865540318006,421246,70,2797,13365,100
2792865545374002,421246,70,2797,13365,100
2792865550430203,421246,70,2797,13365,100
2792865555487048,421246,70,2797,13365,100
2792865560544049,421246,70,2797,13365,100
2792865565606181,421246,70,2797,13365,100
2792865570662275,421246,70,2797,13365,100
2792865575718367,421246,70,2797,13365,100
2792865580774184,421246,70,2797,13365,100
2792865585830104,421246,70,2797,13365,100
2792865590886108,421246,70,2797,13365,100
2792865595942432,421246,70,2797,13365,100
2792865600998518,421246,70,2797,13365,100
2792865606060266,421246,70,2797,13365,100
2792865611117929,421246,70,2797,13365,100
2792865616173772,421246,70,2797,13365,100
2792865621229589,421246,70,2797,13365,100
2792865626285516,421246,70,2797,13365,100
2792865631341511,421246,70,2797,13365,100
2792865636398125,421246,70,2797,13365,100
2792865641453932,421246,70,2797,13365,100
2792865646510624,421246,70,2797,13365,100
2792865651566441,421246,70,2797,13365,100
2792865656624058,421246,70,2797,13365,100
2792865661679921,421246,70,2797,13365,100
2792865666743050,421246,70,2797,13365,100
2792865671801681,421246,70,2797,13365,100
2792865676857634,421246,70,2797,13365,100
2792865681913529,421246,70,2797,13365,100
2792865686969450,421246,70,2797,13365,100
2792865692025370,421246,70,2797,13365,100
2792865697081859,421246,70,2797,13365,100
2792865702138450,421246,70,2797,13365,100
2792865707194299,421246,70,2797,13365,100
2792865712250173,421246,70,2797,13365,100
2792865717305990,421246,70,2797,13365,100
2792865722361940,421246,70,2797,13365,100
2792865727417820,421246,70,2797,13365,100
2792865732478676,421246,70,2797,13365,100
2792865737536543,421246,70,2797,13365,100
2792865742592347,421246,70,2797,13365,100
2792865747648421,421246,70,2797,13365,100
2792865752704394,421246,70,2797,13365,100
2792865757760286,421246,70,2797,13365,100
2792865762816148,421246,70,2797,13365,100
2792865767872381,421246,70,2797,13365,100
2792865772928433,421246,70,2797,13365,100
2792865777984728,421246,70,2797,13365,100
2792865783040659,421246,70,2797,13365,100
2792865788096994,421246,70,2797,13365,100
2792865793152936,421246,70,2797,13365,100
2792865798209716,421246,70,2797,13365,100
2792865803265600,421246,70,2797,13365,100
2792865808321503,421246,70,2797,13365,100
2792865813377424,421246,70,2797,13365,100
2792865818433335,421246,70,2797,13365,100
2792865823489279,421246,70,2797,13365,100
2792865828550597,421246,70,2797,13365,100
2792865833606833,421246,70,2797,13365,100
2792865838665949,421246,70,2797,13365,100
2792865843721892,421246,70,2797,13365,100
2792865848777941,421385,70,2797,13365,100
2792865853836720,421385,70,2797,13365,100
2792865858892618,421385,70,2797,13365,100
2792865863954295,421385,70,2797,13365,100
2792865869010434,421385,70,2797,13365,100
2792865874066383,421385,70,2797,13365,100
2792865879122333,421385,70,2797,13365,100
2792865884178271,421385,70,2797,13365,100
2792865889234249,421385,70,2797,13365,100
2792865894296253,421385,70,2797,13365,100
2792865899353844,421385,70,2797,13365,100
2792865904409700,421385,70,2797,13365,100
2792865909465796,421385,70,2797,13365,100
2792865914521670,421385,70,2797,13365,100
2792865919577516,421385,70,2797,13365,100
2792865924633364,421385,70,2797,13365,100
2792865929695032,421385,70,2797,13365,100
2792865934750912,421385,70,2797,13365,100
2792865939806862,421385,70,2797,13365,100
2792865944862811,421385,70,2797,13365,100
2792865949918863,421385,70,2797,13365,100
2792865954976328,421385,70,2797,13365,100
2792865960038316,421385,70,2797,13365,100
2792865965094389,421385,70,2797,13365,100
2792865970150463,421385,70,2797,13365,100
2792865975206480,421385,70,2797,13365,100
2792865980262402,421385,70,2797,13365,100
2792865985318302,421385,70,2797,13365,100
2792865990374265,421385,70,2797,13365,100
2792865995430464,421385,70,2797,13365,100
2792866000486482,421385,70,2797,13365,100
2792866005542424,421385,70,2797,13365,100
2792866010598329,421385,70,2797,13365,100
2792866015654450,421385,70,2797,13365,100
2792866020710358,421385,70,2797,13365,100
2792866025771377,421385,70,2797,13365,100
2792866030827226,421385,70,2797,13365,100
2792866035883770,421385,70,2797,13365,100
2792866040940639,421385,70,2797,13365,100
2792866045996473,421385,70,2797,13365,100
2792866051052469,421385,70,2797,13365,100
2792866056109233,421385,70,2797,13365,100
2792866061167064,421385,70,2797,13365,100
2792866066223199,421385,70,2797,13365,100
2792866071279211,421385,70,2797,13365,100
2792866076335223,421385,70,2797,13365,100
2792866081391116,421385,70,2797,13365,100
2792866086447038,421385,70,2797,13365,100
2792866091508340,421385,70,2797,13365,100
2792866096564520,421385,70,2797,13365,100
2792866101620608,421385,70,2797,13365,100
2792866106676441,421385,70,2797,13365,100
2792866111732315,421385,70,2797,13365,100
2792866116788170,421385,70,2797,13365,100
2792866121844155,421385,70,2797,13365,100
2792866126900087,421385,70,2797,13365,100
2792866131957722,421385,70,2797,13365,100
2792866137013891,421385,70,2797,13365,100
2792866142071670,421385,70,2797,13365,100
2792866147127562,421385,70,2797,13365,100
2792866152184398,421385,70,2797,13365,100
2792866157247389,421385,70,2797,13365,100
2792866162303395,421385,70,2797,13365,100
2792866167359634,421385,70,2797,13365,100
2792866172416707,421385,70,2797,13365,100
2792866177472633,421385,70,2797,13365,100
2792866182528548,421385,70,2797,13365,100
2792866187589977,421385,70,2797,13365,100
2792866192646837,421385,70,2797,13365,100
2792866197703098,421385,70,2797,13365,100
2792866202759158,421385,70,2797,13365,100
2792866207814975,421385,70,2797,13365,100
2792866212871913,421385,70,2797,13365,100
2792866217927929,421385,70,2797,13365,100
2792866222989780,421385,70,2797,13365,100
2792866228045600,421385,70,2797,13365,100
2792866233101528,421385,70,2797,13365,100
2792866238157429,421385,70,2797,13365,100
2792866243213279,421385,70,2797,13365,100
2792866248269146,421385,70,2797,13365,100
2792866253330247,421385,70,2797,13365,100
2792866258387089,421385,70,2797,13365,100
2792866263443273,421385,70,2797,13365,100
2792866268499368,421385,70,2797,13365,100
2792866273555885,421385,70,2797,13365,100
2792866278612638,421385,70,2797,13365,100
2792866283669198,421385,70,2797,13365,100
2792866288730132,421385,70,2797,13365,100
2792866293786173,421385,70,2797,13365,100
2792866298843660,421385,70,2797,13365,100
2792866303901559,421385,70,2797,13365,100
2792866308957387,421385,70,2797,13365,100
2792866314013356,421385,70,2797,13365,100
2792866319074688,421385,70,2797,13365,100
2792866324130533,421385,70,2797,13365,100
2792866329186359,421385,70,2797,13365,100
2792866334242273,421385,70,2797,13365,100
2792866339298176,421385,70,2797,13365,100
2792866344354048,421385,70,2797,13365,100
2792866349410029,421582,71,2797,13365,100
2792866354468593,421582,71,2797,13365,100
2792866359524730,421582,71,2797,13365,100
2792866364580718,421582,71,2797,13365,100
2792866369636908,421582,71,2797,13365,100
2792866374692965,421582,71,2797,13365,100
2792866379748816,421582,71,2797,13365,100
2792866384810048,421582,71,2797,13365,100
2792866389866338,421582,71,2797,13365,100
2792866394922354,421582,71,2797,13365,100
2792866399980335,421582,71,2797,13365,100
2792866405036399,421582,71,2797,13365,100
2792866410092359,421582,71,2797,13365,100
2792866415149076,421582,71,2797,13365,100
2792866420204940,421582,71,2797,13365,100
2792866425260900,421582,71,2797,13365,100
2792866430316796,421582,71,2797,13365,100
2792866435372720,421582,71,2797,13365,100
2792866440428543,421582,71,2797,13365,100
2792866445484425,421582,71,2797,13365,100
2792866450540515,421582,71,2797,13365,100
2792866455596703,421582,71,2797,13365,100
2792866460654223,421582,71,2797,13365,100
2792866465713201,421582,71,2797,13365,100
2792866470769286,421582,71,2797,13365,100
2792866475825346,421582,71,2797,13365,100
2792866480886619,421582,71,2797,13365,100
2792866485945060,421582,71,2797,13365,100
2792866491004493,421582,71,2797,13365,100
2792866496062932,421582,71,2797,13365,100
2792866501118863,421582,71,2797,13365,100
2792866506174929,421582,71,2797,13365,100
2792866511230789,421582,71,2797,13365,100
2792866516286676,421582,71,2797,13365,100
2792866521342513,421582,71,2797,13365,100
2792866526403201,421582,71,2797,13365,100
2792866531459057,421582,71,2797,13365,100
2792866536514874,421582,71,2797,13365,100
2792866541570716,421582,71,2797,13365,100
2792866546628062,421582,71,2797,13365,100
2792866551684068,421582,71,2797,13365,100
2792866556740098,421582,71,2797,13365,100
2792866561796022,421582,71,2797,13365,100
2792866566852432,421582,71,2797,13365,100
2792866571908400,421582,71,2797,13365,100
2792866576964695,421582,71,2797,13365,100
2792866582020493,421582,71,2797,13365,100
2792866587076363,421582,71,2797,13365,100
2792866592138489,421582,71,2797,13365,100
2792866597194683,421582,71,2797,13365,100
2792866602250655,421582,71,2797,13365,100
2792866607308009,421582,71,2797,13365,100
2792866612364227,421582,71,2797,13365,100
2792866617420206,421582,71,2797,13365,100
2792866622480752,421582,71,2797,13365,100
2792866627542783,421582,71,2797,13365,100
2792866632600228,421582,71,2797,13365,100
2792866637656225,421582,71,2797,13365,100
2792866642712222,421582,71,2797,13365,100
2792866647768201,421582,71,2797,13365,100
2792866652824098,421582,71,2797,13365,100
2792866657880126,421582,71,2797,13365,100
2792866662936628,421582,71,2797,13365,100
2792866667992881,421582,71,2797,13365,100
2792866673049022,421582,71,2797,13365,100
2792866678105477,421582,71,2797,13365,100
2792866683167971,421582,71,2797,13365,100
2792866688230513,421582,71,2797,13365,100
2792866693292692,421582,71,2797,13365,100
2792866698353418,421582,71,2797,13365,100
2792866703414115,421582,71,2797,13365,100
2792866708474298,421582,71,2797,13365,100
2792866713534806,421582,71,2797,13365,100
2792866718591608,421582,71,2797,13365,100
2792866723651627,421582,71,2797,13365,100
2792866728711876,421582,71,2797,13365,100
2792866733772025,421582,71,2797,13365,100
2792866738831526,421582,71,2797,13365,100
2792866743888098,421582,71,2797,13365,100
2792866748945878,421582,71,2797,13365,100
2792866754002502,421582,71,2797,13365,100
2792866759059334,421582,71,2797,13365,100
2792866764116226,421582,71,2797,13365,100
2792866769176337,421582,71,2797,13365,100
2792866774232426,421582,71,2797,13365,100
2792866779289940,421582,71,2797,13365,100
2792866784347084,421582,71,2797,13365,100
2792866789402927,421582,71,2797,13365,100
2792866794459251,421582,71,2797,13365,100
2792866799515360,421582,71,2797,13365,100
2792866804575854,421582,71,2797,13365,100
2792866809631946,421582,71,2797,13365,100
2792866814687845,421582,71,2797,13365,100
2792866819743678,421582,71,2797,13365,100
2792866824799513,421582,71,2797,13365,100
2792866829855432,421582,71,2797,13365,100
2792866834916074,421582,71,2797,13365,100
2792866839971910,421582,71,2797,13365,100
2792866845027890,421611,71,2797,13365,100
2792866850084832,421611,71,2797,13365,100
2792866855142333,421611,71,2797,13365,100
2792866860198303,421611,71,2797,13365,100
2792866865254074,421611,71,2797,13365,100
2792866870310686,421611,71,2797,13365,100
2792866875366873,421611,71,2797,13365,100
2792866880422873,421611,71,2797,13365,100
2792866885478761,421611,71,2797,13365,100
2792866890534626,421611,71,2797,13365,100
2792866895590570,421611,71,2797,13365,100
2792866900651655,421611,71,2797,13365,100
2792866905707516,421611,71,2797,13365,100
2792866910763448,421611,71,2797,13365,100
2792866915819300,421611,71,2797,13365,100
2792866920875221,421611,71,2797,13365,100
2792866925931074,421611,71,2797,13365,100
2792866930992955,421611,71,2797,13365,100
2792866936049437,421611,71,2797,13365,100
2792866941105335,421611,71,2797,13365,100
2792866946161173,421611,71,2797,13365,100
2792866951217154,421611,71,2797,13365,100
2792866956273018,421611,71,2797,13365,100
2792866961329016,421611,71,2797,13365,100
2792866966385046,421611,71,2797,13365,100
2792866971441093,421611,71,2797,13365,100
2792866976498289,421611,71,2797,13365,100
2792866981554456,421611,71,2797,13365,100
2792866986610314,421611,71,2797,13365,100
2792866991666390,421611,71,2797,13365,100
2792866996729842,421611,71,2797,13365,100
2792867001785882,421611,71,2797,13365,100
2792867006843841,421611,71,2797,13365,100
2792867011900939,421611,71,2797,13365,100
2792867016957905,421611,71,2797,13365,100
2792867022013759,421611,71,2797,13365,100
2792867027069631,421611,71,2797,13365,100
2792867032127276,421611,71,2797,13365,100
2792867037183241,421611,71,2797,13365,100
2792867042239006,421611,71,2797,13365,100
2792867047297432,421611,71,2797,13365,100
2792867052358443,421611,71,2797,13365,100
2792867057414786,421611,71,2797,13365,100
2792867062471651,421611,71,2797,13365,100
2792867067528406,421611,71,2797,13365,100
2792867072588189,421611,71,2797,13365,100
2792867077646247,421611,71,2797,13365,100
2792867082707743,421611,71,2797,13365,100
2792867087763707,421611,71,2797,13365,100
2792867092819675,421611,71,2797,13365,100
2792867097876796,421611,71,2797,13365,100
2792867102932738,421611,71,2797,13365,100
2792867107988605,421611,71,2797,13365,100
2792867113044671,421611,71,2797,13365,100
2792867118100750,421611,71,2797,13365,100
2792867123156743,421611,71,2797,13365,100
2792867128212735,421611,71,2797,13365,100
2792867133272927,421611,71,2797,13365,100
2792867138328852,421611,71,2797,13365,100
2792867143384863,421611,71,2797,13365,100
2792867148445856,421611,71,2797,13365,100
2792867153502120,421611,71,2797,13365,100
2792867158558069,421611,71,2797,13365,100
2792867163614055,421611,71,2797,13365,100
2792867168677388,421611,71,2797,13365,100
2792867173733291,421611,71,2797,13365,100
2792867178789218,421611,71,2797,13365,100
2792867183845039,421611,71,2797,13365,100
2792867188900883,421611,71,2797,13365,100
2792867193956797,421611,71,2797,13365,100
2792867199012787,421611,71,2797,13365,100
2792867204069054,421611,71,2797,13365,100
2792867209125140,421611,71,2797,13365,100
2792867214182994,421611,71,2797,13365,100
2792867219238866,421611,71,2797,13365,100
2792867224296476,421611,71,2797,13365,100
2792867229352420,421611,71,2797,13365,100
2792867234414190,421611,71,2797,13365,100
2792867239471217,421611,71,2797,13365,100
2792867244527074,421611,71,2797,13365,100
2792867249582879,421611,71,2797,13365,100
2792867254638815,421611,71,2797,13365,100
2792867259694763,421611,71,2797,13365,100
2792867264756734,421611,71,2797,13365,100
2792867269812741,421611,71,2797,13365,100
2792867274868881,421611,71,2797,13365,100
2792867279924831,421611,71,2797,13365,100
2792867284980853,421611,71,2797,13365,100
2792867290036785,421611,71,2797,13365,100
2792867295093776,421611,71,2797,13365,100
2792867300156156,421611,71,2797,13365,100
2792867305212148,421611,71,2797,13365,100
2792867310268011,421611,71,2797,13365,100
2792867315323986,421611,71,2797,13365,100
2792867320379983,421611,71,2797,13365,100
2792867325436071,421611,71,2797,13365,100
2792867330497503,421611,71,2797,13365,100
2792867335553347,421611,71,2797,13365,100
2792867340609169,421611,71,2797,13365,100
2792867345665137,421673,71,2797,13365,100
2792867350722606,421673,71,2797,13365,100
2792867355780263,421673,71,2797,13365,100
2792867360836190,421673,71,2797,13365,100
2792867365892867,421673,71,2797,13365,100
2792867370949199,421673,71,2797,13365,100
2792867376005160,421673,71,2797,13365,100
2792867381060978,421673,71,2797,13365,100
2792867386116823,421673,71,2797,13365,100
2792867391172712,421673,71,2797,13365,100
2792867396234213,421673,71,2797,13365,100
2792867401296147,421673,71,2797,13365,100
2792867406352070,421673,71,2797,13365,100
2792867411407923,421673,71,2797,13365,100
2792867416463985,421673,71,2797,13365,100
2792867421520078,421673,71,2797,13365,100
2792867426575873,421673,71,2797,13365,100
2792867431631704,421673,71,2797,13365,100
2792867436693037,421673,71,2797,13365,100
2792867441749041,421673,71,2797,13365,100
2792867446805031,421673,71,2797,13365,100
2792867451860924,421673,71,2797,13365,100
2792867456917229,421673,71,2797,13365,100
2792867461975545,421673,71,2797,13365,100
2792867467036982,421673,71,2797,13365,100
2792867472093193,421673,71,2797,13365,100
2792867477149248,421673,71,2797,13365,100
2792867482205244,421673,71,2797,13365,100
2792867487261175,421673,71,2797,13365,100
2792867492317022,421673,71,2797,13365,100
2792867497373218,421673,71,2797,13365,100
2792867502434336,421673,71,2797,13365,100
2792867507490248,421673,71,2797,13365,100
2792867512551042,421673,71,2797,13365,100
2792867517607177,421673,71,2797,13365,100
2792867522663157,421673,71,2797,13365,100
2792867527719115,421673,71,2797,13365,100
2792867532775096,421673,71,2797,13365,100
2792867537831007,421673,71,2797,13365,100
2792867542886863,421673,71,2797,13365,100
2792867547943007,421673,71,2797,13365,100
2792867552998974,421673,71,2797,13365,100
2792867558060906,421673,71,2797,13365,100
2792867563116761,421673,71,2797,13365,100
2792867568173349,421673,71,2797,13365,100
2792867573229326,421673,71,2797,13365,100
2792867578285380,421673,71,2797,13365,100
2792867583341234,421673,71,2797,13365,100
2792867588403291,421673,71,2797,13365,100
2792867593459099,421673,71,2797,13365,100
2792867598515352,421673,71,2797,13365,100
2792867603571250,421673,71,2797,13365,100
2792867608627115,421673,71,2797,13365,100
2792867613683016,421673,71,2797,13365,100
2792867618745514,421673,71,2797,13365,100
2792867623801805,421673,71,2797,13365,100
2792867628857637,421673,71,2797,13365,100
2792867633913496,421673,71,2797,13365,100
2792867638969379,421673,71,2797,13365,100
2792867644025265,421673,71,2797,13365,100
2792867649081070,421673,71,2797,13365,100
2792867654143086,421673,71,2797,13365,100
2792867659198915,421673,71,2797,13365,100
2792867664254849,421673,71,2797,13365,100
2792867669310983,421673,71,2797,13365,100
2792867674368768,421673,71,2797,13365,100
2792867679424868,421673,71,2797,13365,100
2792867684486008,421673,71,2797,13365,100
2792867689542124,421673,71,2797,13365,100
2792867694604057,421673,71,2797,13365,100
2792867699668560,421673,71,2797,13365,100
2792867704732898,421673,71,2797,13365,100
2792867709793518,421673,71,2797,13365,100
2792867714854530,421673,71,2797,13365,100
2792867719918596,421673,71,2797,13365,100
2792867724980658,421673,71,2797,13365,100
2792867730041425,421673,71,2797,13365,100
2792867735101696,421673,71,2797,13365,100
2792867740161850,421673,71,2797,13365,100
2792867745221831,421673,71,2797,13365,100
2792867750282221,421673,71,2797,13365,100
2792867755351414,421673,71,2797,13365,100
2792867760414491,421673,71,2797,13365,100
2792867765473249,421673,71,2797,13365,100
2792867770538477,421673,71,2797,13365,100
2792867775598210,421673,71,2797,13365,100
2792867780660351,421673,71,2797,13365,100
2792867785720749,421673,71,2797,13365,100
2792867790780759,421673,71,2797,13365,100
2792867795840922,421673,71,2797,13365,100
2792867800902090,421673,71,2797,13365,100
2792867805959748,421673,71,2797,13365,100
2792867811015514,421673,71,2797,13365,100
2792867816071564,421673,71,2797,13365,100
2792867821128513,421673,71,2797,13365,100
2792867826184797,421673,71,2797,13365,100
2792867831240757,421673,71,2797,13365,100
2792867836296873,421673,71,2797,13365,100
2792867841353615,421673,71,2797,13365,100
2792867846409600,421547,70,2797,13365,100
2792867851467079,421547,70,2797,13365,100
2792867856523749,421547,70,2797,13365,100
2792867861580408,421547,70,2797,13365,100
2792867866640851,421547,70,2797,13365,100
2792867871697895,421547,70,2797,13365,100
2792867876771220,421547,70,2797,13365,100
2792867881879745,421547,70,2797,13365,100
2792867887025414,421547,70,2797,13365,100
2792867892148050,421547,70,2797,13365,100
2792867897269947,421547,70,2797,13365,100
2792867902394647,421547,70,2797,13365,100
2792867907515912,421547,70,2797,13365,100
2792867912638112,421547,70,2797,13365,100
2792867917759224,421547,70,2797,13365,100
2792867922885376,421547,70,2797,13365,100
2792867928017869,421547,70,2797,13365,100
2792867933141448,421547,70,2797,13365,100
2792867938263733,421547,70,2797,13365,100
2792867943386126,421547,70,2797,13365,100
2792867948507608,421547,70,2797,13365,100
2792867953630051,421547,70,2797,13365,100
2792867958752835,421547,70,2797,13365,100
2792867963876934,421547,70,2797,13365,100
2792867968995759,421547,70,2797,13365,100
2792867974139788,421547,70,2797,13365,100
2792867979264413,421547,70,2797,13365,100
2792867984386316,421547,70,2797,13365,100
2792867989507583,421547,70,2797,13365,100
2792867994635015,421547,70,2797,13365,100
2792867999756825,421547,70,2797,13365,100
2792868004878798,421547,70,2797,13365,100
2792868010016880,421547,70,2797,13365,100
2792868015138817,421547,70,2797,13365,100
2792868020260508,421547,70,2797,13365,100
2792868025387007,421547,70,2797,13365,100
2792868030509187,421547,70,2797,13365,100
2792868035629947,421547,70,2797,13365,100
2792868040750604,421547,70,2797,13365,100
2792868045872148,421547,70,2797,13365,100
2792868050994684,421547,70,2797,13365,100
2792868056133279,421547,70,2797,13365,100
2792868061256369,421547,70,2797,13365,100
2792868066379322,421547,70,2797,13365,100
2792868071504450,421547,70,2797,13365,100
2792868076630938,421547,70,2797,13365,100
2792868081757458,421547,70,2797,13365,100
2792868086882287,421547,70,2797,13365,100
2792868092031751,421547,70,2797,13365,100
2792868097159263,421547,70,2797,13365,100
2792868102287717,421547,70,2797,13365,100
2792868107417975,421547,70,2797,13365,100
2792868112551444,421547,70,2797,13365,100
2792868117682792,421547,70,2797,13365,100
2792868122816322,421547,70,2797,13365,100
2792868127949513,421547,70,2797,13365,100
2792868133094796,421547,70,2797,13365,100
2792868138226085,421547,70,2797,13365,100
2792868143356985,421547,70,2797,13365,100
2792868148490262,421547,70,2797,13365,100
2792868153627213,421547,70,2797,13365,100
2792868158761418,421547,70,2797,13365,100
2792868163887378,421547,70,2797,13365,100
2792868169026302,421547,70,2797,13365,100
