monotonic_ns,board_power_mw,temperature_c,graphics_clock_mhz,memory_clock_mhz,utilization_percent
2786666748461287,163121,51,2835,13365,100
2786666754935142,163121,51,2835,13365,100
2786666760050024,163121,51,2835,13365,100
2786666765169353,163121,51,2835,13365,100
2786666770284329,163121,51,2835,13365,100
2786666775399429,163121,51,2835,13365,100
2786666780516826,163121,51,2835,13365,100
2786666785632090,163121,51,2835,13365,100
2786666790747322,163121,51,2835,13365,100
2786666795862470,163121,51,2835,13365,100
2786666800977775,163121,51,2835,13365,100
2786666806093251,163121,51,2835,13365,100
2786666811208324,163121,51,2835,13365,100
2786666816323353,163121,51,2835,13365,100
2786666821438909,163121,51,2835,13365,100
2786666826558438,163121,51,2835,13365,100
2786666831674762,163121,51,2835,13365,100
2786666836786572,163121,51,2835,13365,100
2786666841901486,163121,51,2835,13365,100
2786666847027919,163121,51,2835,13365,100
2786666852147790,163121,51,2835,13365,100
2786666857263579,163121,51,2835,13365,100
2786666862378814,163121,51,2835,13365,100
2786666867493692,163121,51,2835,13365,100
2786666872608636,163121,51,2835,13365,100
2786666877723547,163121,51,2835,13365,100
2786666882839937,163121,51,2835,13365,100
2786666887952234,163121,51,2835,13365,100
2786666893067550,163121,51,2835,13365,100
2786666898182319,163121,51,2835,13365,100
2786666903297902,163121,51,2835,13365,100
2786666908419873,163121,51,2835,13365,100
2786666913535771,163121,51,2835,13365,100
2786666918651377,163121,51,2835,13365,100
2786666923767280,163121,51,2835,13365,100
2786666928882431,163121,51,2835,13365,100
2786666933995075,163121,51,2835,13365,100
2786666939125434,163121,51,2835,13365,100
2786666944240494,163121,51,2835,13365,100
2786666949355678,163121,51,2835,13365,100
2786666954469760,163121,51,2835,13365,100
2786666959582275,163121,51,2835,13365,100
2786666964697901,163121,51,2835,13365,100
2786666969813564,163121,51,2835,13365,100
2786666974928720,163121,51,2835,13365,100
2786666980054933,163121,51,2835,13365,100
2786666985171941,163121,51,2835,13365,100
2786666990288653,163121,51,2835,13365,100
2786666995402446,163121,51,2835,13365,100
2786667000522272,163121,51,2835,13365,100
2786667005635246,163121,51,2835,13365,100
2786667010750974,163121,51,2835,13365,100
2786667015866786,163121,51,2835,13365,100
2786667020983191,163121,51,2835,13365,100
2786667026120963,163121,51,2835,13365,100
2786667031236720,163121,51,2835,13365,100
2786667036353922,163121,51,2835,13365,100
2786667041467457,163121,51,2835,13365,100
2786667046581326,163121,51,2835,13365,100
2786667051695546,163121,51,2835,13365,100
2786667056809435,163121,51,2835,13365,100
2786667061923172,163121,51,2835,13365,100
2786667067036639,163121,51,2835,13365,100
2786667072149687,163121,51,2835,13365,100
2786667077263028,163121,51,2835,13365,100
2786667082375677,163121,51,2835,13365,100
2786667087489740,163121,51,2835,13365,100
2786667092601879,163121,51,2835,13365,100
2786667097714038,163121,51,2835,13365,100
2786667102826053,163121,51,2835,13365,100
2786667107937824,163121,51,2835,13365,100
2786667113067367,163121,51,2835,13365,100
2786667118179707,163121,51,2835,13365,100
2786667123291441,163121,51,2835,13365,100
2786667128402708,163121,51,2835,13365,100
2786667133514536,163121,51,2835,13365,100
2786667138627877,163121,51,2835,13365,100
2786667143739777,163121,51,2835,13365,100
2786667148851640,147105,51,2835,13365,28
2786667153963744,147105,51,2835,13365,28
2786667159075543,147105,51,2835,13365,28
2786667164187702,147105,51,2835,13365,28
2786667169300035,147105,51,2835,13365,28
2786667174412140,147105,51,2835,13365,28
2786667179523896,147105,51,2835,13365,28
2786667184635460,147105,51,2835,13365,28
2786667189748895,147105,51,2835,13365,28
2786667194860581,147105,51,2835,13365,28
2786667199972993,147105,51,2835,13365,28
2786667205084218,147105,51,2835,13365,28
2786667210195971,147105,51,2835,13365,28
2786667215307337,147105,51,2835,13365,28
2786667220419603,147105,51,2835,13365,28
2786667225530879,147105,51,2835,13365,28
2786667230642892,147105,51,2835,13365,28
2786667235754797,147105,51,2835,13365,28
2786667240867828,147105,51,2835,13365,28
2786667245979102,147105,51,2835,13365,28
2786667251091526,147105,51,2835,13365,28
2786667256203470,147105,51,2835,13365,28
2786667261315264,147105,51,2835,13365,28
2786667266426907,147105,51,2835,13365,28
2786667271538265,147105,51,2835,13365,28
2786667276649539,147105,51,2835,13365,28
2786667281761089,147105,51,2835,13365,28
2786667286872421,147105,51,2835,13365,28
2786667291984825,147105,51,2835,13365,28
2786667297130267,147105,51,2835,13365,28
2786667302241470,147105,51,2835,13365,28
2786667307352646,147105,51,2835,13365,28
2786667312464199,147105,51,2835,13365,28
2786667317576005,147105,51,2835,13365,28
2786667322687749,147105,51,2835,13365,28
2786667327799761,147105,51,2835,13365,28
2786667332911068,147105,51,2835,13365,28
2786667338022512,147105,51,2835,13365,28
2786667343135189,147105,51,2835,13365,28
2786667348246961,147105,51,2835,13365,28
2786667353358305,147105,51,2835,13365,28
2786667358468530,147105,51,2835,13365,28
2786667363580023,147105,51,2835,13365,28
2786667368707962,147105,51,2835,13365,28
2786667373819467,147105,51,2835,13365,28
2786667378931091,147105,51,2835,13365,28
2786667384042776,147105,51,2835,13365,28
2786667389154347,147105,51,2835,13365,28
2786667394267464,147105,51,2835,13365,28
2786667399378865,147105,51,2835,13365,28
2786667404490269,147105,51,2835,13365,28
2786667409601758,147105,51,2835,13365,28
2786667414713227,147105,51,2835,13365,28
2786667419824771,147105,51,2835,13365,28
2786667424936587,147105,51,2835,13365,28
2786667430054449,147105,51,2835,13365,28
2786667435165804,147105,51,2835,13365,28
2786667440277111,147105,51,2835,13365,28
2786667445390048,147105,51,2835,13365,28
2786667450501820,147105,51,2835,13365,28
2786667455613264,147105,51,2835,13365,28
2786667460724703,147105,51,2835,13365,28
2786667465836255,147105,51,2835,13365,28
2786667470947455,147105,51,2835,13365,28
2786667476059024,147105,51,2835,13365,28
2786667481170544,147105,51,2835,13365,28
2786667486282056,147105,51,2835,13365,28
2786667491413380,147105,51,2835,13365,28
2786667496526329,147105,51,2835,13365,28
2786667501638231,147105,51,2835,13365,28
2786667506749517,147105,51,2835,13365,28
2786667511860798,147105,51,2835,13365,28
2786667516972275,147105,51,2835,13365,28
2786667522083591,147105,51,2835,13365,28
2786667527194904,147105,51,2835,13365,28
2786667532306280,147105,51,2835,13365,28
2786667537418434,147105,51,2835,13365,28
2786667542530533,147105,51,2835,13365,28
2786667547643765,147105,51,2835,13365,28
2786667552755361,147105,51,2835,13365,28
2786667557867012,147105,51,2835,13365,28
2786667562978882,147105,51,2835,13365,28
2786667568090515,147105,51,2835,13365,28
2786667573218693,147105,51,2835,13365,28
2786667578330193,147105,51,2835,13365,28
2786667583441920,147105,51,2835,13365,28
2786667588554017,147105,51,2835,13365,28
2786667593665372,147105,51,2835,13365,28
2786667598778377,147105,51,2835,13365,28
2786667603889950,147105,51,2835,13365,28
2786667609077396,147105,51,2835,13365,28
2786667614190382,147105,51,2835,13365,28
2786667619302654,147105,51,2835,13365,28
2786667624415022,147105,51,2835,13365,28
2786667629526593,147105,51,2835,13365,28
2786667634638638,147105,51,2835,13365,28
2786667639750282,147105,51,2835,13365,28
2786667644862441,147105,51,2835,13365,28
2786667649975340,148474,51,2835,13365,100
2786667655086769,148474,51,2835,13365,100
2786667660199409,148474,51,2835,13365,100
2786667665357438,148474,51,2835,13365,100
2786667670469678,148474,51,2835,13365,100
2786667675581418,148474,51,2835,13365,100
2786667680693985,148474,51,2835,13365,100
2786667685806235,148474,51,2835,13365,100
2786667690918424,148474,51,2835,13365,100
2786667696030798,148474,51,2835,13365,100
2786667701144404,148474,51,2835,13365,100
2786667706255759,148474,51,2835,13365,100
2786667711367429,148474,51,2835,13365,100
2786667716479506,148474,51,2835,13365,100
2786667721590058,148474,51,2835,13365,100
2786667726702190,148474,51,2835,13365,100
2786667731814874,148474,51,2835,13365,100
2786667736927140,148474,51,2835,13365,100
2786667742039512,148474,51,2835,13365,100
2786667747151132,148474,51,2835,13365,100
2786667752264757,148474,51,2835,13365,100
2786667757376093,148474,51,2835,13365,100
2786667762489217,148474,51,2835,13365,100
2786667767601770,148474,51,2835,13365,100
2786667772725102,148474,51,2835,13365,100
2786667777836483,148474,51,2835,13365,100
2786667782948618,148474,51,2835,13365,100
2786667788059930,148474,51,2835,13365,100
2786667793171543,148474,51,2835,13365,100
2786667798284118,148474,51,2835,13365,100
2786667803397303,148474,51,2835,13365,100
2786667808508365,148474,51,2835,13365,100
2786667813619781,148474,51,2835,13365,100
2786667818731338,148474,51,2835,13365,100
2786667823843102,148474,51,2835,13365,100
2786667828954365,148474,51,2835,13365,100
2786667834066675,148474,51,2835,13365,100
2786667839178027,148474,51,2835,13365,100
2786667844289411,148474,51,2835,13365,100
2786667849401104,148474,51,2835,13365,100
2786667854513887,148474,51,2835,13365,100
2786667859625501,148474,51,2835,13365,100
2786667864737429,148474,51,2835,13365,100
2786667869849122,148474,51,2835,13365,100
2786667874960854,148474,51,2835,13365,100
2786667880072317,148474,51,2835,13365,100
2786667885183983,148474,51,2835,13365,100
2786667890295525,148474,51,2835,13365,100
2786667895407512,148474,51,2835,13365,100
2786667900518888,148474,51,2835,13365,100
2786667905632060,148474,51,2835,13365,100
2786667910743677,148474,51,2835,13365,100
2786667915855186,148474,51,2835,13365,100
2786667920966614,148474,51,2835,13365,100
2786667926078396,148474,51,2835,13365,100
2786667931196971,148474,51,2835,13365,100
2786667936308577,148474,51,2835,13365,100
2786667941420304,148474,51,2835,13365,100
2786667946531804,148474,51,2835,13365,100
2786667951643164,148474,51,2835,13365,100
2786667956756461,148474,51,2835,13365,100
2786667961868159,148474,51,2835,13365,100
2786667966979533,148474,51,2835,13365,100
2786667972090854,148474,51,2835,13365,100
2786667977202413,148474,51,2835,13365,100
2786667982314030,148474,51,2835,13365,100
2786667987425495,148474,51,2835,13365,100
2786667992536324,148474,51,2835,13365,100
2786667997647668,148474,51,2835,13365,100
2786668002759293,148474,51,2835,13365,100
2786668007872409,148474,51,2835,13365,100
2786668012983797,148474,51,2835,13365,100
2786668018113356,148474,51,2835,13365,100
2786668023242462,148474,51,2835,13365,100
2786668028353962,148474,51,2835,13365,100
2786668033465619,148474,51,2835,13365,100
2786668038577840,148474,51,2835,13365,100
2786668043689272,148474,51,2835,13365,100
2786668048801828,148474,51,2835,13365,100
2786668053913639,148474,51,2835,13365,100
2786668059026901,148474,51,2835,13365,100
2786668064138733,148474,51,2835,13365,100
2786668069250472,148474,51,2835,13365,100
2786668074362054,148474,51,2835,13365,100
2786668079473328,148474,51,2835,13365,100
2786668084584895,148474,51,2835,13365,100
2786668089697235,148474,51,2835,13365,100
2786668094809616,148474,51,2835,13365,100
2786668099921012,148474,51,2835,13365,100
2786668105032968,148474,51,2835,13365,100
2786668110147289,148474,51,2835,13365,100
2786668115258597,148474,51,2835,13365,100
2786668120371522,148474,51,2835,13365,100
2786668125482910,148474,51,2835,13365,100
2786668130594498,148474,51,2835,13365,100
2786668135705963,148474,51,2835,13365,100
2786668140817688,148474,51,2835,13365,100
2786668145929164,148474,51,2835,13365,100
2786668151040788,162996,51,2835,13365,100
2786668156152960,162996,51,2835,13365,100
2786668161265965,162996,51,2835,13365,100
2786668166377709,162996,51,2835,13365,100
2786668171489278,162996,51,2835,13365,100
2786668176600574,162996,51,2835,13365,100
2786668181712089,162996,51,2835,13365,100
2786668186824227,162996,51,2835,13365,100
2786668191935545,162996,51,2835,13365,100
2786668197047256,162996,51,2835,13365,100
2786668202158416,162996,51,2835,13365,100
2786668207270297,162996,51,2835,13365,100
2786668212383305,162996,51,2835,13365,100
2786668217494349,162996,51,2835,13365,100
2786668222606734,162996,51,2835,13365,100
2786668227718454,162996,51,2835,13365,100
2786668232829866,162996,51,2835,13365,100
2786668237941197,162996,51,2835,13365,100
2786668243052964,162996,51,2835,13365,100
2786668248164461,162996,51,2835,13365,100
2786668253276851,162996,51,2835,13365,100
2786668258388528,162996,51,2835,13365,100
2786668263501461,162996,51,2835,13365,100
2786668268613166,162996,51,2835,13365,100
2786668273724643,162996,51,2835,13365,100
2786668278836291,162996,51,2835,13365,100
2786668283947047,162996,51,2835,13365,100
2786668289058931,162996,51,2835,13365,100
2786668294170012,162996,51,2835,13365,100
2786668299281758,162996,51,2835,13365,100
2786668304393064,162996,51,2835,13365,100
2786668309504605,162996,51,2835,13365,100
2786668314617377,162996,51,2835,13365,100
2786668319729662,162996,51,2835,13365,100
2786668324841586,162996,51,2835,13365,100
2786668329953415,162996,51,2835,13365,100
2786668335065351,162996,51,2835,13365,100
2786668340176730,162996,51,2835,13365,100
2786668345288290,162996,51,2835,13365,100
2786668350400560,162996,51,2835,13365,100
2786668355511953,162996,51,2835,13365,100
2786668360623573,162996,51,2835,13365,100
2786668365736973,162996,51,2835,13365,100
2786668370848254,162996,51,2835,13365,100
2786668375959866,162996,51,2835,13365,100
2786668381071819,162996,51,2835,13365,100
2786668386184060,162996,51,2835,13365,100
2786668391295528,162996,51,2835,13365,100
2786668396406869,162996,51,2835,13365,100
2786668401519224,162996,51,2835,13365,100
2786668406630685,162996,51,2835,13365,100
2786668411742146,162996,51,2835,13365,100
2786668416855034,162996,51,2835,13365,100
2786668421967410,162996,51,2835,13365,100
2786668427079159,162996,51,2835,13365,100
2786668432191339,162996,51,2835,13365,100
2786668437302797,162996,51,2835,13365,100
2786668442414272,162996,51,2835,13365,100
2786668447526084,162996,51,2835,13365,100
2786668452637332,162996,51,2835,13365,100
2786668457764537,162996,51,2835,13365,100
2786668462876297,162996,51,2835,13365,100
2786668467989518,162996,51,2835,13365,100
2786668473117974,162996,51,2835,13365,100
2786668478229632,162996,51,2835,13365,100
2786668483341283,162996,51,2835,13365,100
2786668488452707,162996,51,2835,13365,100
2786668493564052,162996,51,2835,13365,100
2786668498675250,162996,51,2835,13365,100
2786668503787296,162996,51,2835,13365,100
2786668508898817,162996,51,2835,13365,100
2786668514028285,162996,51,2835,13365,100
2786668519141929,162996,51,2835,13365,100
2786668524253774,162996,51,2835,13365,100
2786668529365238,162996,51,2835,13365,100
2786668534476687,162996,51,2835,13365,100
2786668539588363,162996,51,2835,13365,100
2786668544699820,162996,51,2835,13365,100
2786668549811452,162996,51,2835,13365,100
2786668554922920,162996,51,2835,13365,100
2786668560034637,162996,51,2835,13365,100
2786668565146254,162996,51,2835,13365,100
2786668570259293,162996,51,2835,13365,100
2786668575371323,162996,51,2835,13365,100
2786668580481802,162996,51,2835,13365,100
2786668585593557,162996,51,2835,13365,100
2786668590705202,162996,51,2835,13365,100
2786668595816774,162996,51,2835,13365,100
2786668600928205,162996,51,2835,13365,100
2786668606039573,162996,51,2835,13365,100
2786668611150885,162996,51,2835,13365,100
2786668616262564,162996,51,2835,13365,100
2786668621375861,162996,51,2835,13365,100
2786668626487602,162996,51,2835,13365,100
2786668631599131,162996,51,2835,13365,100
2786668636710841,162996,51,2835,13365,100
2786668641822335,162996,51,2835,13365,100
2786668646934063,162996,51,2835,13365,100
2786668652045654,162999,51,2835,13365,100
2786668657157346,162999,51,2835,13365,100
2786668662268817,162999,51,2835,13365,100
2786668667380293,162999,51,2835,13365,100
2786668672493794,162999,51,2835,13365,100
2786668677622338,162999,51,2835,13365,100
2786668682733883,162999,51,2835,13365,100
2786668687845379,162999,51,2835,13365,100
2786668692957079,162999,51,2835,13365,100
2786668698068572,162999,51,2835,13365,100
2786668703180128,162999,51,2835,13365,100
2786668708291825,162999,51,2835,13365,100
2786668713403367,162999,51,2835,13365,100
2786668718514941,162999,51,2835,13365,100
2786668723627998,162999,51,2835,13365,100
2786668728740014,162999,51,2835,13365,100
2786668733851399,162999,51,2835,13365,100
2786668738962904,162999,51,2835,13365,100
2786668744074576,162999,51,2835,13365,100
2786668749186112,162999,51,2835,13365,100
2786668754297788,162999,51,2835,13365,100
2786668759409129,162999,51,2835,13365,100
2786668764520631,162999,51,2835,13365,100
2786668769631945,162999,51,2835,13365,100
2786668774745146,162999,51,2835,13365,100
2786668779857114,162999,51,2835,13365,100
2786668784968919,162999,51,2835,13365,100
2786668790080781,162999,51,2835,13365,100
2786668795192236,162999,51,2835,13365,100
2786668800304137,162999,51,2835,13365,100
2786668805416069,162999,51,2835,13365,100
2786668810527473,162999,51,2835,13365,100
2786668815640040,162999,51,2835,13365,100
2786668820751326,162999,51,2835,13365,100
2786668825864586,162999,51,2835,13365,100
2786668830976649,162999,51,2835,13365,100
2786668836087931,162999,51,2835,13365,100
2786668841199560,162999,51,2835,13365,100
2786668846369891,162999,51,2835,13365,100
2786668851481496,162999,51,2835,13365,100
2786668856593180,162999,51,2835,13365,100
2786668861704789,162999,51,2835,13365,100
2786668866816465,162999,51,2835,13365,100
2786668871928038,162999,51,2835,13365,100
2786668877041258,162999,51,2835,13365,100
2786668882153234,162999,51,2835,13365,100
2786668887264537,162999,51,2835,13365,100
2786668892375879,162999,51,2835,13365,100
2786668897487508,162999,51,2835,13365,100
2786668902599104,162999,51,2835,13365,100
2786668907709688,162999,51,2835,13365,100
2786668912820953,162999,51,2835,13365,100
2786668917932542,162999,51,2835,13365,100
2786668923043892,162999,51,2835,13365,100
2786668928167974,162999,51,2835,13365,100
2786668933279935,162999,51,2835,13365,100
2786668938391427,162999,51,2835,13365,100
2786668943502927,162999,51,2835,13365,100
2786668948614317,162999,51,2835,13365,100
2786668953726064,162999,51,2835,13365,100
2786668958837921,162999,51,2835,13365,100
2786668963949161,162999,51,2835,13365,100
2786668969060993,162999,51,2835,13365,100
2786668974172861,162999,51,2835,13365,100
2786668979286286,162999,51,2835,13365,100
2786668984397806,162999,51,2835,13365,100
2786668989509325,162999,51,2835,13365,100
2786668994620864,162999,51,2835,13365,100
2786668999732012,162999,51,2835,13365,100
2786669004843944,162999,51,2835,13365,100
2786669009955308,162999,51,2835,13365,100
2786669015066747,162999,51,2835,13365,100
2786669020178012,162999,51,2835,13365,100
2786669025289676,162999,51,2835,13365,100
2786669030403079,162999,51,2835,13365,100
2786669035514587,162999,51,2835,13365,100
2786669040625723,162999,51,2835,13365,100
2786669045737296,162999,51,2835,13365,100
2786669050861067,162999,51,2835,13365,100
2786669055972792,162999,51,2835,13365,100
2786669061084056,162999,51,2835,13365,100
2786669066195813,162999,51,2835,13365,100
2786669071307736,162999,51,2835,13365,100
2786669076419026,162999,51,2835,13365,100
2786669081532004,162999,51,2835,13365,100
2786669086643775,162999,51,2835,13365,100
2786669091755303,162999,51,2835,13365,100
2786669096866883,162999,51,2835,13365,100
2786669101978380,162999,51,2835,13365,100
2786669107090201,162999,51,2835,13365,100
2786669112201884,162999,51,2835,13365,100
2786669117313273,162999,51,2835,13365,100
2786669122424998,162999,51,2835,13365,100
2786669127536617,162999,51,2835,13365,100
2786669132649916,162999,51,2835,13365,100
2786669137761727,162999,51,2835,13365,100
2786669142873277,162999,51,2835,13365,100
2786669147985356,162936,51,2835,13365,100
2786669153113179,162936,51,2835,13365,100
2786669158224532,162936,51,2835,13365,100
2786669163335835,162936,51,2835,13365,100
2786669168447345,162936,51,2835,13365,100
2786669173558982,162936,51,2835,13365,100
2786669178670282,162936,51,2835,13365,100
2786669183783760,162936,51,2835,13365,100
2786669188895491,162936,51,2835,13365,100
2786669194022849,162936,51,2835,13365,100
2786669199134879,162936,51,2835,13365,100
2786669204246600,162936,51,2835,13365,100
2786669209358449,162936,51,2835,13365,100
2786669214470279,162936,51,2835,13365,100
2786669219581657,162936,51,2835,13365,100
2786669224693008,162936,51,2835,13365,100
2786669229805280,162936,51,2835,13365,100
2786669234918578,162936,51,2835,13365,100
2786669240030579,162936,51,2835,13365,100
2786669245142373,162936,51,2835,13365,100
2786669250253897,162936,51,2835,13365,100
2786669255365782,162936,51,2835,13365,100
2786669260477128,162936,51,2835,13365,100
2786669265588573,162936,51,2835,13365,100
2786669270702053,162936,51,2835,13365,100
2786669275813766,162936,51,2835,13365,100
2786669280925454,162936,51,2835,13365,100
2786669286038590,162936,51,2835,13365,100
2786669291150383,162936,51,2835,13365,100
2786669296262135,162936,51,2835,13365,100
2786669301373614,162936,51,2835,13365,100
2786669306484813,162936,51,2835,13365,100
2786669311596252,162936,51,2835,13365,100
2786669316707887,162936,51,2835,13365,100
2786669321819512,162936,51,2835,13365,100
2786669326931062,162936,51,2835,13365,100
2786669332058520,162936,51,2835,13365,100
2786669337171827,162936,51,2835,13365,100
2786669342286667,162936,51,2835,13365,100
2786669347398295,162936,51,2835,13365,100
2786669352510064,162936,51,2835,13365,100
2786669357620728,162936,51,2835,13365,100
2786669362732696,162936,51,2835,13365,100
2786669367858901,162936,51,2835,13365,100
2786669372970689,162936,51,2835,13365,100
2786669378082314,162936,51,2835,13365,100
2786669383194778,162936,51,2835,13365,100
2786669388308329,162936,51,2835,13365,100
2786669393419911,162936,51,2835,13365,100
2786669398531593,162936,51,2835,13365,100
2786669403643629,162936,51,2835,13365,100
2786669408755521,162936,51,2835,13365,100
2786669413867304,162936,51,2835,13365,100
2786669418979385,162936,51,2835,13365,100
2786669424091729,162936,51,2835,13365,100
2786669429203522,162936,51,2835,13365,100
2786669434315090,162936,51,2835,13365,100
2786669439428482,162936,51,2835,13365,100
2786669444540230,162936,51,2835,13365,100
2786669449652115,162936,51,2835,13365,100
2786669454764192,162936,51,2835,13365,100
2786669459875784,162936,51,2835,13365,100
2786669464987500,162936,51,2835,13365,100
2786669470116109,162936,51,2835,13365,100
2786669475227725,162936,51,2835,13365,100
2786669480339462,162936,51,2835,13365,100
2786669485451407,162936,51,2835,13365,100
2786669490565170,162936,51,2835,13365,100
2786669495676851,162936,51,2835,13365,100
2786669500788540,162936,51,2835,13365,100
2786669505900332,162936,51,2835,13365,100
2786669511029602,162936,51,2835,13365,100
2786669516141517,162936,51,2835,13365,100
2786669521253093,162936,51,2835,13365,100
2786669526364821,162936,51,2835,13365,100
2786669531477005,162936,51,2835,13365,100
2786669536588890,162936,51,2835,13365,100
2786669541701930,162936,51,2835,13365,100
2786669546814227,162936,51,2835,13365,100
2786669551925959,162936,51,2835,13365,100
2786669557037914,162936,51,2835,13365,100
2786669562151168,162936,51,2835,13365,100
2786669567262850,162936,51,2835,13365,100
2786669572374535,162936,51,2835,13365,100
2786669577485853,162936,51,2835,13365,100
2786669582597846,162936,51,2835,13365,100
2786669587709390,162936,51,2835,13365,100
2786669592822632,162936,51,2835,13365,100
2786669597934529,162936,51,2835,13365,100
2786669603046203,162936,51,2835,13365,100
2786669608158132,162936,51,2835,13365,100
2786669613269824,162936,51,2835,13365,100
2786669618381716,162936,51,2835,13365,100
2786669623494037,162936,51,2835,13365,100
2786669628605965,162936,51,2835,13365,100
2786669633717730,162936,51,2835,13365,100
2786669638829596,162936,51,2835,13365,100
2786669643943255,162936,51,2835,13365,100
2786669649054975,162979,51,2835,13365,100
2786669654167057,162979,51,2835,13365,100
2786669659278637,162979,51,2835,13365,100
2786669664390316,162979,51,2835,13365,100
2786669669502081,162979,51,2835,13365,100
2786669674613934,162979,51,2835,13365,100
2786669679725574,162979,51,2835,13365,100
2786669684837272,162979,51,2835,13365,100
2786669689949482,162979,51,2835,13365,100
2786669695062959,162979,51,2835,13365,100
2786669700174843,162979,51,2835,13365,100
2786669705286410,162979,51,2835,13365,100
2786669710398601,162979,51,2835,13365,100
2786669715510136,162979,51,2835,13365,100
2786669720621995,162979,51,2835,13365,100
2786669725733738,162979,51,2835,13365,100
2786669730845542,162979,51,2835,13365,100
2786669735957122,162979,51,2835,13365,100
2786669741068782,162979,51,2835,13365,100
2786669746182087,162979,51,2835,13365,100
2786669751293856,162979,51,2835,13365,100
2786669756405544,162979,51,2835,13365,100
2786669761522498,162979,51,2835,13365,100
2786669766634153,162979,51,2835,13365,100
2786669771745809,162979,51,2835,13365,100
2786669776857578,162979,51,2835,13365,100
2786669781969106,162979,51,2835,13365,100
2786669787080918,162979,51,2835,13365,100
2786669792192886,162979,51,2835,13365,100
2786669797305941,162979,51,2835,13365,100
2786669802417644,162979,51,2835,13365,100
2786669807529288,162979,51,2835,13365,100
2786669812640988,162979,51,2835,13365,100
2786669817752608,162979,51,2835,13365,100
2786669822864329,162979,51,2835,13365,100
2786669827975741,162979,51,2835,13365,100
2786669833087470,162979,51,2835,13365,100
2786669838199218,162979,51,2835,13365,100
2786669843311199,162979,51,2835,13365,100
2786669848424331,162979,51,2835,13365,100
2786669853536043,162979,51,2835,13365,100
2786669858647684,162979,51,2835,13365,100
2786669863759193,162979,51,2835,13365,100
2786669868870941,162979,51,2835,13365,100
2786669873983706,162979,51,2835,13365,100
2786669879112137,162979,51,2835,13365,100
2786669884224409,162979,51,2835,13365,100
2786669889367770,162979,51,2835,13365,100
2786669894479525,162979,51,2835,13365,100
2786669899591979,162979,51,2835,13365,100
2786669904704232,162979,51,2835,13365,100
2786669909816691,162979,51,2835,13365,100
2786669914929348,162979,51,2835,13365,100
2786669920041980,162979,51,2835,13365,100
2786669925154169,162979,51,2835,13365,100
2786669930267098,162979,51,2835,13365,100
2786669935380246,162979,51,2835,13365,100
2786669940492821,162979,51,2835,13365,100
2786669945605607,162979,51,2835,13365,100
2786669950718403,162979,51,2835,13365,100
2786669955831331,162979,51,2835,13365,100
2786669960943892,162979,51,2835,13365,100
2786669966056560,162979,51,2835,13365,100
2786669971167685,162979,51,2835,13365,100
2786669976279957,162979,51,2835,13365,100
2786669981392420,162979,51,2835,13365,100
2786669986520134,162979,51,2835,13365,100
2786669991633538,162979,51,2835,13365,100
2786669996745831,162979,51,2835,13365,100
2786670001860272,162979,51,2835,13365,100
2786670006973047,162979,51,2835,13365,100
2786670012085584,162979,51,2835,13365,100
2786670017203116,162979,51,2835,13365,100
2786670022315109,162979,51,2835,13365,100
2786670027427869,162979,51,2835,13365,100
2786670032539157,162979,51,2835,13365,100
2786670037651881,162979,51,2835,13365,100
2786670042764514,162979,51,2835,13365,100
2786670047876457,162979,51,2835,13365,100
2786670052990761,162979,51,2835,13365,100
2786670058117184,162979,51,2835,13365,100
2786670063228299,162979,51,2835,13365,100
2786670068361948,162979,51,2835,13365,100
2786670073473820,162979,51,2835,13365,100
2786670078586529,162979,51,2835,13365,100
2786670083699277,162979,51,2835,13365,100
2786670088812099,162979,51,2835,13365,100
2786670093924770,162979,51,2835,13365,100
2786670099039599,162979,51,2835,13365,100
2786670104203614,162979,51,2835,13365,100
2786670109315049,162979,51,2835,13365,100
2786670114426963,162979,51,2835,13365,100
2786670119538244,162979,51,2835,13365,100
2786670124651024,162979,51,2835,13365,100
2786670129764112,162979,51,2835,13365,100
2786670134876833,162979,51,2835,13365,100
2786670139989121,162979,51,2835,13365,100
2786670145116426,162979,51,2835,13365,100
2786670150228654,163090,51,2835,13365,100
2786670155342342,163090,51,2835,13365,100
2786670160454906,163090,51,2835,13365,100
2786670165567576,163090,51,2835,13365,100
2786670170679529,163090,51,2835,13365,100
2786670175790886,163090,51,2835,13365,100
2786670180902331,163090,51,2835,13365,100
2786670186029688,163090,51,2835,13365,100
2786670191141674,163090,51,2835,13365,100
2786670196253191,163090,51,2835,13365,100
2786670201364963,163090,51,2835,13365,100
2786670206477773,163090,51,2835,13365,100
2786670211589307,163090,51,2835,13365,100
2786670216700751,163090,51,2835,13365,100
2786670221813448,163090,51,2835,13365,100
2786670226925085,163090,51,2835,13365,100
2786670232037273,163090,51,2835,13365,100
2786670237148792,163090,51,2835,13365,100
2786670242260342,163090,51,2835,13365,100
2786670247371786,163090,51,2835,13365,100
2786670252484142,163090,51,2835,13365,100
2786670257597546,163090,51,2835,13365,100
2786670262709329,163090,51,2835,13365,100
2786670267820907,163090,51,2835,13365,100
2786670272932680,163090,51,2835,13365,100
2786670278044436,163090,51,2835,13365,100
2786670283156059,163090,51,2835,13365,100
2786670288268469,163090,51,2835,13365,100
2786670293380497,163090,51,2835,13365,100
2786670298492422,163090,51,2835,13365,100
2786670303604211,163090,51,2835,13365,100
2786670308717299,163090,51,2835,13365,100
2786670313828903,163090,51,2835,13365,100
2786670318941528,163090,51,2835,13365,100
2786670324053284,163090,51,2835,13365,100
2786670329164840,163090,51,2835,13365,100
2786670334276709,163090,51,2835,13365,100
2786670339388227,163090,51,2835,13365,100
2786670344499505,163090,51,2835,13365,100
2786670349611116,163090,51,2835,13365,100
2786670354723495,163090,51,2835,13365,100
2786670359836674,163090,51,2835,13365,100
2786670364948239,163090,51,2835,13365,100
2786670370060572,163090,51,2835,13365,100
2786670375172496,163090,51,2835,13365,100
2786670380283908,163090,51,2835,13365,100
2786670385396117,163090,51,2835,13365,100
2786670390507401,163090,51,2835,13365,100
2786670395619116,163090,51,2835,13365,100
2786670400731280,163090,51,2835,13365,100
2786670405842950,163090,51,2835,13365,100
2786670410956175,163090,51,2835,13365,100
2786670416068583,163090,51,2835,13365,100
2786670421180172,163090,51,2835,13365,100
2786670426291996,163090,51,2835,13365,100
2786670431403525,163090,51,2835,13365,100
2786670436515159,163090,51,2835,13365,100
2786670441626594,163090,51,2835,13365,100
2786670446738178,163090,51,2835,13365,100
2786670451850522,163090,51,2835,13365,100
2786670456962431,163090,51,2835,13365,100
2786670462075955,163090,51,2835,13365,100
2786670467187632,163090,51,2835,13365,100
2786670472299528,163090,51,2835,13365,100
2786670477411040,163090,51,2835,13365,100
2786670482523158,163090,51,2835,13365,100
2786670487635049,163090,51,2835,13365,100
2786670492746838,163090,51,2835,13365,100
2786670497858424,163090,51,2835,13365,100
2786670502970254,163090,51,2835,13365,100
2786670508082073,163090,51,2835,13365,100
2786670513194975,163090,51,2835,13365,100
2786670518306691,163090,51,2835,13365,100
2786670523418184,163090,51,2835,13365,100
2786670528529686,163090,51,2835,13365,100
2786670533641264,163090,51,2835,13365,100
2786670538752919,163090,51,2835,13365,100
2786670543864558,163090,51,2835,13365,100
2786670548976126,163090,51,2835,13365,100
2786670554087594,163090,51,2835,13365,100
2786670559199737,163090,51,2835,13365,100
2786670564312935,163090,51,2835,13365,100
2786670569424860,163090,51,2835,13365,100
2786670574536328,163090,51,2835,13365,100
2786670579647844,163090,51,2835,13365,100
2786670584759697,163090,51,2835,13365,100
2786670589871317,163090,51,2835,13365,100
2786670594982775,163090,51,2835,13365,100
2786670600118839,163090,51,2835,13365,100
2786670605231078,163090,51,2835,13365,100
2786670610342701,163090,51,2835,13365,100
2786670615456195,163090,51,2835,13365,100
2786670620567995,163090,51,2835,13365,100
2786670625679414,163090,51,2835,13365,100
2786670630792308,163090,51,2835,13365,100
2786670635904156,163090,51,2835,13365,100
2786670641032207,163090,51,2835,13365,100
2786670646143852,163090,51,2835,13365,100
2786670651255456,163075,51,2835,13365,100
2786670656367410,163075,51,2835,13365,100
2786670661481073,163075,51,2835,13365,100
2786670666594344,163075,51,2835,13365,100
2786670671706483,163075,51,2835,13365,100
2786670676818538,163075,51,2835,13365,100
2786670681930208,163075,51,2835,13365,100
2786670687042321,163075,51,2835,13365,100
2786670692153066,163075,51,2835,13365,100
2786670697264465,163075,51,2835,13365,100
2786670702376290,163075,51,2835,13365,100
2786670707488014,163075,51,2835,13365,100
2786670712599543,163075,51,2835,13365,100
2786670717712979,163075,51,2835,13365,100
2786670722824972,163075,51,2835,13365,100
2786670727936592,163075,51,2835,13365,100
2786670733048407,163075,51,2835,13365,100
2786670738159797,163075,51,2835,13365,100
2786670743271649,163075,51,2835,13365,100
2786670748383158,163075,51,2835,13365,100
2786670753494544,163075,51,2835,13365,100
2786670758606442,163075,51,2835,13365,100
2786670763718583,163075,51,2835,13365,100
2786670768831638,163075,51,2835,13365,100
2786670773943410,163075,51,2835,13365,100
2786670779055272,163075,51,2835,13365,100
2786670784167160,163075,51,2835,13365,100
2786670789278970,163075,51,2835,13365,100
2786670794390962,163075,51,2835,13365,100
2786670799502632,163075,51,2835,13365,100
2786670804614388,163075,51,2835,13365,100
2786670809726222,163075,51,2835,13365,100
2786670814837995,163075,51,2835,13365,100
2786670819951147,163075,51,2835,13365,100
2786670825064534,163075,51,2835,13365,100
2786670830176192,163075,51,2835,13365,100
2786670835288183,163075,51,2835,13365,100
2786670840400141,163075,51,2835,13365,100
2786670845511797,163075,51,2835,13365,100
2786670850623522,163075,51,2835,13365,100
2786670855735066,163075,51,2835,13365,100
2786670860846903,163075,51,2835,13365,100
2786670865958771,163075,51,2835,13365,100
2786670871072395,163075,51,2835,13365,100
2786670876184188,163075,51,2835,13365,100
2786670881296248,163075,51,2835,13365,100
2786670886407105,163075,51,2835,13365,100
2786670891518842,163075,51,2835,13365,100
2786670896630482,163075,51,2835,13365,100
2786670901742600,163075,51,2835,13365,100
2786670906854135,163075,51,2835,13365,100
2786670911965987,163075,51,2835,13365,100
2786670917077659,163075,51,2835,13365,100
2786670922191010,163075,51,2835,13365,100
2786670927302574,163075,51,2835,13365,100
2786670932414453,163075,51,2835,13365,100
2786670937526369,163075,51,2835,13365,100
2786670942638281,163075,51,2835,13365,100
2786670947749946,163075,51,2835,13365,100
2786670952861750,163075,51,2835,13365,100
2786670957974379,163075,51,2835,13365,100
2786670963086203,163075,51,2835,13365,100
2786670968198390,163075,51,2835,13365,100
2786670973311614,163075,51,2835,13365,100
2786670978423532,163075,51,2835,13365,100
2786670983535437,163075,51,2835,13365,100
2786670988648953,163075,51,2835,13365,100
2786670993760726,163075,51,2835,13365,100
2786670998872536,163075,51,2835,13365,100
2786671003984728,163075,51,2835,13365,100
2786671009107725,163075,51,2835,13365,100
2786671014219423,163075,51,2835,13365,100
2786671019331043,163075,51,2835,13365,100
2786671024444268,163075,51,2835,13365,100
2786671029556477,163075,51,2835,13365,100
2786671034668696,163075,51,2835,13365,100
2786671039780291,163075,51,2835,13365,100
2786671044892305,163075,51,2835,13365,100
2786671050022406,163075,51,2835,13365,100
2786671055134266,163075,51,2835,13365,100
2786671060245858,163075,51,2835,13365,100
2786671065358131,163075,51,2835,13365,100
2786671070469912,163075,51,2835,13365,100
2786671075583350,163075,51,2835,13365,100
2786671080694980,163075,51,2835,13365,100
2786671085821773,163075,51,2835,13365,100
2786671090933789,163075,51,2835,13365,100
2786671096045781,163075,51,2835,13365,100
2786671101157612,163075,51,2835,13365,100
2786671106269398,163075,51,2835,13365,100
2786671111380575,163075,51,2835,13365,100
2786671116492243,163075,51,2835,13365,100
2786671121603656,163075,51,2835,13365,100
2786671126716804,163075,51,2835,13365,100
2786671131828370,163075,51,2835,13365,100
2786671136939748,163075,51,2835,13365,100
2786671142051465,163075,51,2835,13365,100
2786671147162978,163075,51,2835,13365,100
2786671152274408,163018,51,2835,13365,100
2786671157386322,163018,51,2835,13365,100
2786671162498003,163018,51,2835,13365,100
2786671167609899,163018,51,2835,13365,100
2786671172721420,163018,51,2835,13365,100
2786671177834744,163018,51,2835,13365,100
2786671182946374,163018,51,2835,13365,100
2786671188058073,163018,51,2835,13365,100
2786671193169553,163018,51,2835,13365,100
2786671198281406,163018,51,2835,13365,100
2786671203393162,163018,51,2835,13365,100
2786671208504626,163018,51,2835,13365,100
2786671213616183,163018,51,2835,13365,100
2786671218727935,163018,51,2835,13365,100
2786671223840179,163018,51,2835,13365,100
2786671228953496,163018,51,2835,13365,100
2786671234065521,163018,51,2835,13365,100
2786671239177301,163018,51,2835,13365,100
2786671244289309,163018,51,2835,13365,100
2786671249401152,163018,51,2835,13365,100
2786671254512910,163018,51,2835,13365,100
2786671259624879,163018,51,2835,13365,100
2786671264736885,163018,51,2835,13365,100
2786671269848550,163018,51,2835,13365,100
2786671274960068,163018,51,2835,13365,100
2786671280073392,163018,51,2835,13365,100
2786671285185392,163018,51,2835,13365,100
2786671290296962,163018,51,2835,13365,100
2786671295461521,163018,51,2835,13365,100
2786671300573105,163018,51,2835,13365,100
2786671305685020,163018,51,2835,13365,100
2786671310796766,163018,51,2835,13365,100
2786671315908795,163018,51,2835,13365,100
2786671321033439,163018,51,2835,13365,100
2786671326145528,163018,51,2835,13365,100
2786671331258610,163018,51,2835,13365,100
2786671336370126,163018,51,2835,13365,100
2786671341481953,163018,51,2835,13365,100
2786671346592450,163018,51,2835,13365,100
2786671351704353,163018,51,2835,13365,100
2786671356816257,163018,51,2835,13365,100
2786671361928010,163018,51,2835,13365,100
2786671367039767,163018,51,2835,13365,100
2786671372161351,163018,51,2835,13365,100
2786671377273289,163018,51,2835,13365,100
2786671382387126,163018,51,2835,13365,100
2786671387499369,163018,51,2835,13365,100
2786671392611157,163018,51,2835,13365,100
2786671397723173,163018,51,2835,13365,100
2786671402850178,163018,51,2835,13365,100
2786671407961948,163018,51,2835,13365,100
2786671413074427,163018,51,2835,13365,100
2786671418186422,163018,51,2835,13365,100
2786671423298291,163018,51,2835,13365,100
2786671428409955,163018,51,2835,13365,100
2786671433523103,163018,51,2835,13365,100
2786671438634704,163018,51,2835,13365,100
2786671443746568,163018,51,2835,13365,100
2786671448858151,163018,51,2835,13365,100
2786671453970073,163018,51,2835,13365,100
2786671459081750,163018,51,2835,13365,100
2786671464193286,163018,51,2835,13365,100
2786671469305209,163018,51,2835,13365,100
2786671474416843,163018,51,2835,13365,100
2786671479528759,163018,51,2835,13365,100
2786671484642088,163018,51,2835,13365,100
2786671489753840,163018,51,2835,13365,100
2786671494865332,163018,51,2835,13365,100
2786671499977145,163018,51,2835,13365,100
2786671505088914,163018,51,2835,13365,100
2786671510200509,163018,51,2835,13365,100
2786671515312334,163018,51,2835,13365,100
2786671520424087,163018,51,2835,13365,100
2786671525535609,163018,51,2835,13365,100
2786671530647572,163018,51,2835,13365,100
2786671535761048,163018,51,2835,13365,100
2786671540872668,163018,51,2835,13365,100
2786671545984829,163018,51,2835,13365,100
2786671551115385,163018,51,2835,13365,100
2786671556227089,163018,51,2835,13365,100
2786671561339078,163018,51,2835,13365,100
2786671566451038,163018,51,2835,13365,100
2786671571562471,163018,51,2835,13365,100
2786671576674072,163018,51,2835,13365,100
2786671581786252,163018,51,2835,13365,100
2786671586899804,163018,51,2835,13365,100
2786671592029216,163018,51,2835,13365,100
2786671597140793,163018,51,2835,13365,100
2786671602252817,163018,51,2835,13365,100
2786671607364207,163018,51,2835,13365,100
2786671612476242,163018,51,2835,13365,100
2786671617588629,163018,51,2835,13365,100
2786671622700893,163018,51,2835,13365,100
2786671627821312,163018,51,2835,13365,100
2786671632915200,163018,51,2835,13365,100
2786671638028946,163018,51,2835,13365,100
2786671643141600,163018,51,2835,13365,100
2786671648253129,163112,51,2835,13365,100
2786671653369854,163112,51,2835,13365,100
2786671658482404,163112,51,2835,13365,100
2786671663594822,163112,51,2835,13365,100
2786671668707095,163112,51,2835,13365,100
2786671673819337,163112,51,2835,13365,100
2786671678931751,163112,51,2835,13365,100
2786671684044375,163112,51,2835,13365,100
2786671689170885,163112,51,2835,13365,100
2786671694282308,163112,51,2835,13365,100
2786671699394349,163112,51,2835,13365,100
2786671704505997,163112,51,2835,13365,100
2786671709617866,163112,51,2835,13365,100
2786671714729618,163112,51,2835,13365,100
2786671719841870,163112,51,2835,13365,100
2786671724953607,163112,51,2835,13365,100
2786671730065320,163112,51,2835,13365,100
2786671735177456,163112,51,2835,13365,100
2786671740290849,163112,51,2835,13365,100
2786671745402708,163112,51,2835,13365,100
2786671750514513,163112,51,2835,13365,100
2786671755626597,163112,51,2835,13365,100
2786671760738232,163112,51,2835,13365,100
2786671765850350,163112,51,2835,13365,100
2786671770962495,163112,51,2835,13365,100
2786671776074059,163112,51,2835,13365,100
2786671781185523,163112,51,2835,13365,100
2786671786298002,163112,51,2835,13365,100
2786671791411098,163112,51,2835,13365,100
2786671796522956,163112,51,2835,13365,100
2786671801634862,163112,51,2835,13365,100
2786671806746552,163112,51,2835,13365,100
2786671811858456,163112,51,2835,13365,100
2786671816970530,163112,51,2835,13365,100
2786671822082347,163112,51,2835,13365,100
2786671827194127,163112,51,2835,13365,100
2786671832305668,163112,51,2835,13365,100
2786671837417512,163112,51,2835,13365,100
2786671842530861,163112,51,2835,13365,100
2786671847642476,163112,51,2835,13365,100
2786671852754757,163112,51,2835,13365,100
2786671857866421,163112,51,2835,13365,100
2786671862977980,163112,51,2835,13365,100
2786671868089565,163112,51,2835,13365,100
2786671873201369,163112,51,2835,13365,100
2786671878313103,163112,51,2835,13365,100
2786671883425496,163112,51,2835,13365,100
2786671888537500,163112,51,2835,13365,100
2786671893651040,163112,51,2835,13365,100
2786671898762621,163112,51,2835,13365,100
2786671903874885,163112,51,2835,13365,100
2786671908986449,163112,51,2835,13365,100
2786671914114977,163112,51,2835,13365,100
2786671919226942,163112,51,2835,13365,100
2786671924338463,163112,51,2835,13365,100
2786671929450117,163112,51,2835,13365,100
2786671934561855,163112,51,2835,13365,100
2786671939673528,163112,51,2835,13365,100
2786671944787245,163112,51,2835,13365,100
2786671949915621,163112,51,2835,13365,100
2786671955027449,163112,51,2835,13365,100
2786671960139549,163112,51,2835,13365,100
2786671965251674,163112,51,2835,13365,100
2786671970363426,163112,51,2835,13365,100
2786671975474779,163112,51,2835,13365,100
2786671980587001,163112,51,2835,13365,100
2786671985699053,163112,51,2835,13365,100
2786671990810760,163112,51,2835,13365,100
2786671995923888,163112,51,2835,13365,100
2786672001036113,163112,51,2835,13365,100
2786672006147865,163112,51,2835,13365,100
2786672011260094,163112,51,2835,13365,100
2786672016371622,163112,51,2835,13365,100
2786672021483477,163112,51,2835,13365,100
2786672026595379,163112,51,2835,13365,100
2786672031707224,163112,51,2835,13365,100
2786672036818858,163112,51,2835,13365,100
2786672041930220,163112,51,2835,13365,100
2786672047043688,163112,51,2835,13365,100
2786672052155517,163112,51,2835,13365,100
2786672057267208,163112,51,2835,13365,100
2786672062378752,163112,51,2835,13365,100
2786672067490634,163112,51,2835,13365,100
2786672072602390,163112,51,2835,13365,100
2786672077713895,163112,51,2835,13365,100
2786672082825537,163112,51,2835,13365,100
2786672087937382,163112,51,2835,13365,100
2786672093049068,163112,51,2835,13365,100
2786672098162376,163112,51,2835,13365,100
2786672103274457,163112,51,2835,13365,100
2786672108386181,163112,51,2835,13365,100
2786672113498066,163112,51,2835,13365,100
2786672118609075,163112,51,2835,13365,100
2786672123721018,163112,51,2835,13365,100
2786672128832931,163112,51,2835,13365,100
2786672133944661,163112,51,2835,13365,100
2786672139056258,163112,51,2835,13365,100
2786672144167792,163112,51,2835,13365,100
2786672149281115,163279,51,2835,13365,100
2786672154392849,163279,51,2835,13365,100
2786672159504594,163279,51,2835,13365,100
2786672164616234,163279,51,2835,13365,100
2786672169728003,163279,51,2835,13365,100
2786672174839535,163279,51,2835,13365,100
2786672179951513,163279,51,2835,13365,100
2786672185063546,163279,51,2835,13365,100
2786672190175164,163279,51,2835,13365,100
2786672195286907,163279,51,2835,13365,100
2786672200400221,163279,51,2835,13365,100
2786672205512014,163279,51,2835,13365,100
2786672210623728,163279,51,2835,13365,100
2786672215734939,163279,51,2835,13365,100
2786672220846629,163279,51,2835,13365,100
2786672225959283,163279,51,2835,13365,100
2786672231070951,163279,51,2835,13365,100
2786672236182630,163279,51,2835,13365,100
2786672241294344,163279,51,2835,13365,100
2786672246406165,163279,51,2835,13365,100
2786672251520135,163279,51,2835,13365,100
2786672256631909,163279,51,2835,13365,100
2786672261743757,163279,51,2835,13365,100
2786672266855427,163279,51,2835,13365,100
2786672271967091,163279,51,2835,13365,100
2786672277078791,163279,51,2835,13365,100
2786672282191042,163279,51,2835,13365,100
2786672287302720,163279,51,2835,13365,100
2786672292414590,163279,51,2835,13365,100
2786672297526624,163279,51,2835,13365,100
2786672302640213,163279,51,2835,13365,100
2786672307751993,163279,51,2835,13365,100
2786672312863790,163279,51,2835,13365,100
2786672317975511,163279,51,2835,13365,100
2786672323087277,163279,51,2835,13365,100
2786672328199123,163279,51,2835,13365,100
2786672333310971,163279,51,2835,13365,100
2786672338422970,163279,51,2835,13365,100
2786672343534697,163279,51,2835,13365,100
2786672348646273,163279,51,2835,13365,100
2786672353772785,163279,51,2835,13365,100
2786672358884713,163279,51,2835,13365,100
2786672363996270,163279,51,2835,13365,100
2786672369124588,163279,51,2835,13365,100
2786672374236294,163279,51,2835,13365,100
2786672379347980,163279,51,2835,13365,100
2786672384459563,163279,51,2835,13365,100
2786672389571524,163279,51,2835,13365,100
2786672394683268,163279,51,2835,13365,100
2786672399795476,163279,51,2835,13365,100
2786672404908847,163279,51,2835,13365,100
2786672410020406,163279,51,2835,13365,100
2786672415131898,163279,51,2835,13365,100
2786672420243534,163279,51,2835,13365,100
2786672425355111,163279,51,2835,13365,100
2786672430466564,163279,51,2835,13365,100
2786672435578220,163279,51,2835,13365,100
2786672440689928,163279,51,2835,13365,100
2786672445801650,163279,51,2835,13365,100
2786672450913540,163279,51,2835,13365,100
2786672456027093,163279,51,2835,13365,100
2786672461138714,163279,51,2835,13365,100
2786672466250626,163279,51,2835,13365,100
2786672471362765,163279,51,2835,13365,100
2786672476474739,163279,51,2835,13365,100
2786672481586815,163279,51,2835,13365,100
2786672486698820,163279,51,2835,13365,100
2786672491810596,163279,51,2835,13365,100
2786672496921401,163279,51,2835,13365,100
2786672502033121,163279,51,2835,13365,100
2786672507146275,163279,51,2835,13365,100
2786672512258302,163279,51,2835,13365,100
2786672517370166,163279,51,2835,13365,100
2786672522481889,163279,51,2835,13365,100
2786672527604175,163279,51,2835,13365,100
2786672532716192,163279,51,2835,13365,100
2786672537828044,163279,51,2835,13365,100
2786672542939848,163279,51,2835,13365,100
2786672548051651,163279,51,2835,13365,100
2786672553163289,163279,51,2835,13365,100
2786672558276733,163279,51,2835,13365,100
2786672563388218,163279,51,2835,13365,100
2786672568500138,163279,51,2835,13365,100
2786672573611862,163279,51,2835,13365,100
2786672578723557,163279,51,2835,13365,100
2786672583834962,163279,51,2835,13365,100
2786672588946572,163279,51,2835,13365,100
2786672594058285,163279,51,2835,13365,100
2786672599169944,163279,51,2835,13365,100
2786672604297449,163279,51,2835,13365,100
2786672609410804,163279,51,2835,13365,100
2786672614522946,163279,51,2835,13365,100
2786672619634812,163279,51,2835,13365,100
2786672624746955,163279,51,2835,13365,100
2786672629858935,163279,51,2835,13365,100
2786672634970786,163279,51,2835,13365,100
2786672640082230,163279,51,2835,13365,100
2786672645193720,163279,51,2835,13365,100
2786672650305227,163234,51,2835,13365,100
2786672655417653,163234,51,2835,13365,100
2786672660532097,163234,51,2835,13365,100
2786672665644342,163234,51,2835,13365,100
2786672670756618,163234,51,2835,13365,100
2786672675867768,163234,51,2835,13365,100
2786672680979751,163234,51,2835,13365,100
2786672686091692,163234,51,2835,13365,100
2786672691203464,163234,51,2835,13365,100
2786672696315244,163234,51,2835,13365,100
2786672701426925,163234,51,2835,13365,100
2786672706539265,163234,51,2835,13365,100
2786672711652705,163234,51,2835,13365,100
2786672716764596,163234,51,2835,13365,100
2786672721876341,163234,51,2835,13365,100
2786672726988175,163234,51,2835,13365,100
2786672732118519,163234,51,2835,13365,100
2786672737230367,163234,51,2835,13365,100
2786672742342198,163234,51,2835,13365,100
2786672747454176,163234,51,2835,13365,100
2786672752565773,163234,51,2835,13365,100
2786672757677441,163234,51,2835,13365,100
2786672762791041,163234,51,2835,13365,100
2786672767903070,163234,51,2835,13365,100
2786672773028126,163234,51,2835,13365,100
2786672778139989,163234,51,2835,13365,100
2786672783251719,163234,51,2835,13365,100
2786672788364331,163234,51,2835,13365,100
2786672793475892,163234,51,2835,13365,100
2786672798587767,163234,51,2835,13365,100
2786672803699717,163234,51,2835,13365,100
2786672808812470,163234,51,2835,13365,100
2786672813925674,163234,51,2835,13365,100
2786672819037806,163234,51,2835,13365,100
2786672824149782,163234,51,2835,13365,100
2786672829261461,163234,51,2835,13365,100
2786672834373119,163234,51,2835,13365,100
2786672839484162,163234,51,2835,13365,100
2786672844595944,163234,51,2835,13365,100
2786672849707825,163234,51,2835,13365,100
2786672854821057,163234,51,2835,13365,100
2786672859932649,163234,51,2835,13365,100
2786672865046144,163234,51,2835,13365,100
2786672870158022,163234,51,2835,13365,100
2786672875269675,163234,51,2835,13365,100
2786672880381619,163234,51,2835,13365,100
2786672885493327,163234,51,2835,13365,100
2786672890605026,163234,51,2835,13365,100
2786672895716904,163234,51,2835,13365,100
2786672900828555,163234,51,2835,13365,100
2786672905947972,163234,51,2835,13365,100
2786672911059633,163234,51,2835,13365,100
2786672916172917,163234,51,2835,13365,100
2786672921284702,163234,51,2835,13365,100
2786672926396439,163234,51,2835,13365,100
2786672931508455,163234,51,2835,13365,100
2786672936627999,163234,51,2835,13365,100
2786672941739810,163234,51,2835,13365,100
2786672946851749,163234,51,2835,13365,100
2786672951963561,163234,51,2835,13365,100
2786672957075353,163234,51,2835,13365,100
2786672962187949,163234,51,2835,13365,100
2786672967300886,163234,51,2835,13365,100
2786672972412646,163234,51,2835,13365,100
2786672977524363,163234,51,2835,13365,100
2786672982635951,163234,51,2835,13365,100
2786672987747415,163234,51,2835,13365,100
2786672992859272,163234,51,2835,13365,100
2786672997971397,163234,51,2835,13365,100
2786673003083090,163234,51,2835,13365,100
2786673008195682,163234,51,2835,13365,100
2786673013307665,163234,51,2835,13365,100
2786673018421326,163234,51,2835,13365,100
2786673023532999,163234,51,2835,13365,100
2786673028644707,163234,51,2835,13365,100
2786673033756739,163234,51,2835,13365,100
2786673038868961,163234,51,2835,13365,100
2786673043980698,163234,51,2835,13365,100
2786673049092637,163234,51,2835,13365,100
2786673054204476,163234,51,2835,13365,100
2786673059316073,163234,51,2835,13365,100
2786673064427541,163234,51,2835,13365,100
2786673069540894,163234,51,2835,13365,100
2786673074652518,163234,51,2835,13365,100
2786673079764229,163234,51,2835,13365,100
2786673084876392,163234,51,2835,13365,100
2786673089988707,163234,51,2835,13365,100
2786673095117620,163234,51,2835,13365,100
2786673100229725,163234,51,2835,13365,100
2786673105342099,163234,51,2835,13365,100
2786673110454349,163234,51,2835,13365,100
2786673115566673,163234,51,2835,13365,100
2786673120691826,163234,51,2835,13365,100
2786673125804342,163234,51,2835,13365,100
2786673130916142,163234,51,2835,13365,100
2786673136027739,163234,51,2835,13365,100
2786673141139444,163234,51,2835,13365,100
2786673146251219,163234,51,2835,13365,100
2786673151362905,163045,51,2835,13365,100
2786673156474204,163045,51,2835,13365,100
2786673161585825,163045,51,2835,13365,100
2786673166697704,163045,51,2835,13365,100
2786673171811054,163045,51,2835,13365,100
2786673176922826,163045,51,2835,13365,100
2786673182034631,163045,51,2835,13365,100
2786673187147089,163045,51,2835,13365,100
2786673192259635,163045,51,2835,13365,100
2786673197371858,163045,51,2835,13365,100
2786673202483848,163045,51,2835,13365,100
2786673207595459,163045,51,2835,13365,100
2786673212707193,163045,51,2835,13365,100
2786673217818828,163045,51,2835,13365,100
2786673222932632,163045,51,2835,13365,100
2786673228044106,163045,51,2835,13365,100
2786673233155687,163045,51,2835,13365,100
2786673238267279,163045,51,2835,13365,100
2786673243378939,163045,51,2835,13365,100
2786673248490462,163045,51,2835,13365,100
2786673253601997,163045,51,2835,13365,100
2786673258745356,163045,51,2835,13365,100
2786673263857285,163045,51,2835,13365,100
2786673268969079,163045,51,2835,13365,100
2786673274082209,163045,51,2835,13365,100
2786673279193930,163045,51,2835,13365,100
2786673284305705,163045,51,2835,13365,100
2786673289418009,163045,51,2835,13365,100
2786673294529776,163045,51,2835,13365,100
2786673299694572,163045,51,2835,13365,100
2786673304806052,163045,51,2835,13365,100
2786673309955066,163045,51,2835,13365,100
2786673315066837,163045,51,2835,13365,100
2786673320179177,163045,51,2835,13365,100
2786673325292594,163045,51,2835,13365,100
2786673330404344,163045,51,2835,13365,100
2786673335515883,163045,51,2835,13365,100
2786673340627586,163045,51,2835,13365,100
2786673345739347,163045,51,2835,13365,100
2786673350851736,163045,51,2835,13365,100
2786673355963719,163045,51,2835,13365,100
2786673361075758,163045,51,2835,13365,100
2786673366187799,163045,51,2835,13365,100
2786673371300127,163045,51,2835,13365,100
2786673376413298,163045,51,2835,13365,100
2786673381525210,163045,51,2835,13365,100
2786673386636951,163045,51,2835,13365,100
2786673391748543,163045,51,2835,13365,100
2786673396860189,163045,51,2835,13365,100
2786673401971808,163045,51,2835,13365,100
2786673407083370,163045,51,2835,13365,100
2786673412195042,163045,51,2835,13365,100
2786673417306732,163045,51,2835,13365,100
2786673422418769,163045,51,2835,13365,100
2786673427531726,163045,51,2835,13365,100
2786673432643682,163045,51,2835,13365,100
2786673437755442,163045,51,2835,13365,100
2786673442867259,163045,51,2835,13365,100
2786673447978659,163045,51,2835,13365,100
2786673453090558,163045,51,2835,13365,100
2786673458202500,163045,51,2835,13365,100
2786673463314239,163045,51,2835,13365,100
2786673468426163,163045,51,2835,13365,100
2786673473537782,163045,51,2835,13365,100
2786673478651001,163045,51,2835,13365,100
2786673483763091,163045,51,2835,13365,100
2786673488874807,163045,51,2835,13365,100
2786673493986391,163045,51,2835,13365,100
2786673499114955,163045,51,2835,13365,100
2786673504226776,163045,51,2835,13365,100
2786673509338446,163045,51,2835,13365,100
2786673514450076,163045,51,2835,13365,100
2786673519562121,163045,51,2835,13365,100
2786673524674233,163045,51,2835,13365,100
2786673529787726,163045,51,2835,13365,100
2786673534899354,163045,51,2835,13365,100
2786673540028859,163045,51,2835,13365,100
2786673545141311,163045,51,2835,13365,100
2786673550253188,163045,51,2835,13365,100
2786673555364712,163045,51,2835,13365,100
2786673560476324,163045,51,2835,13365,100
2786673565587796,163045,51,2835,13365,100
2786673570699584,163045,51,2835,13365,100
2786673575812269,163045,51,2835,13365,100
2786673580925942,163045,51,2835,13365,100
2786673586037782,163045,51,2835,13365,100
2786673591149434,163045,51,2835,13365,100
2786673596261111,163045,51,2835,13365,100
2786673601373027,163045,51,2835,13365,100
2786673606485356,163045,51,2835,13365,100
2786673611597174,163045,51,2835,13365,100
2786673616708924,163045,51,2835,13365,100
2786673621820733,163045,51,2835,13365,100
2786673626932653,163045,51,2835,13365,100
2786673632046486,163045,51,2835,13365,100
2786673637158474,163045,51,2835,13365,100
2786673642270855,163045,51,2835,13365,100
2786673647382732,163045,51,2835,13365,100
2786673652494447,162953,51,2835,13365,100
2786673657606060,162953,51,2835,13365,100
2786673662718018,162953,51,2835,13365,100
2786673667829568,162953,51,2835,13365,100
2786673672941297,162953,51,2835,13365,100
2786673678053093,162953,51,2835,13365,100
2786673683166648,162953,51,2835,13365,100
2786673688278562,162953,51,2835,13365,100
2786673693390450,162953,51,2835,13365,100
2786673698502223,162953,51,2835,13365,100
2786673703612975,162953,51,2835,13365,100
2786673708724600,162953,51,2835,13365,100
2786673713836264,162953,51,2835,13365,100
2786673718948157,162953,51,2835,13365,100
2786673724059902,162953,51,2835,13365,100
2786673729171342,162953,51,2835,13365,100
2786673734298880,162953,51,2835,13365,100
2786673739410230,162953,51,2835,13365,100
2786673744522001,162953,51,2835,13365,100
2786673749633563,162953,51,2835,13365,100
2786673754745052,162953,51,2835,13365,100
2786673759856656,162953,51,2835,13365,100
2786673764968324,162953,51,2835,13365,100
2786673770079033,162953,51,2835,13365,100
2786673775190877,162953,51,2835,13365,100
2786673780302394,162953,51,2835,13365,100
2786673785415411,162953,51,2835,13365,100
2786673790527174,162953,51,2835,13365,100
2786673795638805,162953,51,2835,13365,100
2786673800750408,162953,51,2835,13365,100
2786673805862267,162953,51,2835,13365,100
2786673810974096,162953,51,2835,13365,100
2786673816085617,162953,51,2835,13365,100
2786673821197465,162953,51,2835,13365,100
2786673826308901,162953,51,2835,13365,100
2786673831420802,162953,51,2835,13365,100
2786673836545174,162953,51,2835,13365,100
2786673841656910,162953,51,2835,13365,100
2786673846768422,162953,51,2835,13365,100
2786673851880216,162953,51,2835,13365,100
2786673856992096,162953,51,2835,13365,100
2786673862120872,162953,51,2835,13365,100
2786673867232829,162953,51,2835,13365,100
2786673872344349,162953,51,2835,13365,100
2786673877455914,162953,51,2835,13365,100
2786673882567488,162953,51,2835,13365,100
2786673887680398,162953,51,2835,13365,100
2786673892792171,162953,51,2835,13365,100
2786673897903621,162953,51,2835,13365,100
2786673903028272,162953,51,2835,13365,100
2786673908140108,162953,51,2835,13365,100
2786673913267628,162953,51,2835,13365,100
2786673918379224,162953,51,2835,13365,100
2786673923491043,162953,51,2835,13365,100
2786673928602705,162953,51,2835,13365,100
2786673933714182,162953,51,2835,13365,100
2786673938841506,162953,51,2835,13365,100
2786673943953722,162953,51,2835,13365,100
2786673949065771,162953,51,2835,13365,100
2786673954177336,162953,51,2835,13365,100
2786673959289120,162953,51,2835,13365,100
2786673964401492,162953,51,2835,13365,100
2786673969513660,162953,51,2835,13365,100
2786673974625377,162953,51,2835,13365,100
2786673979737091,162953,51,2835,13365,100
2786673984848846,162953,51,2835,13365,100
2786673989961867,162953,51,2835,13365,100
2786673995073744,162953,51,2835,13365,100
2786674000185274,162953,51,2835,13365,100
2786674005296824,162953,51,2835,13365,100
2786674010408270,162953,51,2835,13365,100
2786674015520300,162953,51,2835,13365,100
2786674020631853,162953,51,2835,13365,100
2786674025743577,162953,51,2835,13365,100
2786674030855177,162953,51,2835,13365,100
2786674035967610,162953,51,2835,13365,100
2786674041080636,162953,51,2835,13365,100
2786674046192294,162953,51,2835,13365,100
2786674051304153,162953,51,2835,13365,100
2786674056415877,162953,51,2835,13365,100
2786674061527504,162953,51,2835,13365,100
2786674066639120,162953,51,2835,13365,100
2786674071751281,162953,51,2835,13365,100
2786674076863027,162953,51,2835,13365,100
2786674081974652,162953,51,2835,13365,100
2786674087086129,162953,51,2835,13365,100
2786674092199380,162953,51,2835,13365,100
2786674097310874,162953,51,2835,13365,100
2786674102422363,162953,51,2835,13365,100
2786674107534253,162953,51,2835,13365,100
2786674112646044,162953,51,2835,13365,100
2786674117757672,162953,51,2835,13365,100
2786674122869347,162953,51,2835,13365,100
2786674127980931,162953,51,2835,13365,100
2786674133092325,162953,51,2835,13365,100
2786674138204194,162953,51,2835,13365,100
2786674143317470,162953,51,2835,13365,100
2786674148429071,163075,51,2835,13365,100
2786674153540711,163075,51,2835,13365,100
2786674158652444,163075,51,2835,13365,100
2786674163763837,163075,51,2835,13365,100
2786674168875492,163075,51,2835,13365,100
2786674173987281,163075,51,2835,13365,100
2786674179117265,163075,51,2835,13365,100
2786674184228880,163075,51,2835,13365,100
2786674189391110,163075,51,2835,13365,100
2786674194503928,163075,51,2835,13365,100
2786674199615666,163075,51,2835,13365,100
2786674204727103,163075,51,2835,13365,100
2786674209838829,163075,51,2835,13365,100
2786674214950526,163075,51,2835,13365,100
2786674220062165,163075,51,2835,13365,100
2786674225174084,163075,51,2835,13365,100
2786674230285429,163075,51,2835,13365,100
2786674235397164,163075,51,2835,13365,100
2786674240509466,163075,51,2835,13365,100
2786674245622586,163075,51,2835,13365,100
2786674250734219,163075,51,2835,13365,100
2786674255845969,163075,51,2835,13365,100
2786674260957666,163075,51,2835,13365,100
2786674266069320,163075,51,2835,13365,100
2786674271238676,163075,51,2835,13365,100
2786674276350460,163075,51,2835,13365,100
2786674281462137,163075,51,2835,13365,100
2786674286577857,163075,51,2835,13365,100
2786674291689450,163075,51,2835,13365,100
2786674296802582,163075,51,2835,13365,100
2786674301914330,163075,51,2835,13365,100
2786674307026211,163075,51,2835,13365,100
2786674312137995,163075,51,2835,13365,100
2786674317249874,163075,51,2835,13365,100
2786674322361380,163075,51,2835,13365,100
2786674327473342,163075,51,2835,13365,100
2786674332584973,163075,51,2835,13365,100
2786674337696697,163075,51,2835,13365,100
2786674342808498,163075,51,2835,13365,100
2786674347921633,163075,51,2835,13365,100
2786674353033594,163075,51,2835,13365,100
2786674358145689,163075,51,2835,13365,100
2786674363257259,163075,51,2835,13365,100
2786674368368996,163075,51,2835,13365,100
2786674373480522,163075,51,2835,13365,100
2786674378592547,163075,51,2835,13365,100
2786674383704164,163075,51,2835,13365,100
2786674388816514,163075,51,2835,13365,100
2786674393928254,163075,51,2835,13365,100
2786674399041562,163075,51,2835,13365,100
2786674404155103,163075,51,2835,13365,100
2786674409266821,163075,51,2835,13365,100
2786674414378587,163075,51,2835,13365,100
2786674419490331,163075,51,2835,13365,100
2786674424601756,163075,51,2835,13365,100
2786674429713669,163075,51,2835,13365,100
2786674434825953,163075,51,2835,13365,100
2786674439937607,163075,51,2835,13365,100
2786674445049322,163075,51,2835,13365,100
2786674450162418,163075,51,2835,13365,100
2786674455274062,163075,51,2835,13365,100
2786674460385659,163075,51,2835,13365,100
2786674465497482,163075,51,2835,13365,100
2786674470609376,163075,51,2835,13365,100
2786674475720965,163075,51,2835,13365,100
2786674480832524,163075,51,2835,13365,100
2786674485944887,163075,51,2835,13365,100
2786674491056762,163075,51,2835,13365,100
2786674496168398,163075,51,2835,13365,100
2786674501281402,163075,51,2835,13365,100
2786674506392926,163075,51,2835,13365,100
2786674511504941,163075,51,2835,13365,100
2786674516616955,163075,51,2835,13365,100
2786674521728910,163075,51,2835,13365,100
2786674526840644,163075,51,2835,13365,100
2786674531952348,163075,51,2835,13365,100
2786674537063877,163075,51,2835,13365,100
2786674542175654,163075,51,2835,13365,100
2786674547287312,163075,51,2835,13365,100
2786674552400126,163075,51,2835,13365,100
2786674557511767,163075,51,2835,13365,100
2786674562623585,163075,51,2835,13365,100
2786674567751152,163075,51,2835,13365,100
2786674572863064,163075,51,2835,13365,100
2786674577986048,163075,51,2835,13365,100
2786674583119517,163075,51,2835,13365,100
2786674588231205,163075,51,2835,13365,100
2786674593342870,163075,51,2835,13365,100
2786674598454396,163075,51,2835,13365,100
2786674603567746,163075,51,2835,13365,100
2786674608679454,163075,51,2835,13365,100
2786674613791215,163075,51,2835,13365,100
2786674618903203,163075,51,2835,13365,100
2786674624024660,163075,51,2835,13365,100
2786674629136332,163075,51,2835,13365,100
2786674634247992,163075,51,2835,13365,100
2786674639360085,163075,51,2835,13365,100
2786674644470781,163075,51,2835,13365,100
2786674649582266,163177,51,2835,13365,100
2786674654695689,163177,51,2835,13365,100
2786674659807547,163177,51,2835,13365,100
2786674664919321,163177,51,2835,13365,100
2786674670031096,163177,51,2835,13365,100
2786674675142844,163177,51,2835,13365,100
2786674680256048,163177,51,2835,13365,100
2786674685367545,163177,51,2835,13365,100
2786674690479257,163177,51,2835,13365,100
2786674695591093,163177,51,2835,13365,100
2786674700711470,163177,51,2835,13365,100
2786674705824534,163177,51,2835,13365,100
2786674710936267,163177,51,2835,13365,100
2786674716048115,163177,51,2835,13365,100
2786674721159981,163177,51,2835,13365,100
2786674726272016,163177,51,2835,13365,100
2786674731384072,163177,51,2835,13365,100
2786674736495588,163177,51,2835,13365,100
2786674741607309,163177,51,2835,13365,100
2786674746719271,163177,51,2835,13365,100
2786674751830974,163177,51,2835,13365,100
2786674756944447,163177,51,2835,13365,100
2786674762056137,163177,51,2835,13365,100
2786674767229794,163177,51,2835,13365,100
2786674772341293,163177,51,2835,13365,100
2786674777454043,163177,51,2835,13365,100
2786674782565760,163177,51,2835,13365,100
2786674787689544,163177,51,2835,13365,100
2786674792801233,163177,51,2835,13365,100
2786674797912817,163177,51,2835,13365,100
2786674803024617,163177,51,2835,13365,100
2786674808137842,163177,51,2835,13365,100
2786674813249781,163177,51,2835,13365,100
2786674818361139,163177,51,2835,13365,100
2786674823473124,163177,51,2835,13365,100
2786674828585127,163177,51,2835,13365,100
2786674833696666,163177,51,2835,13365,100
2786674838808583,163177,51,2835,13365,100
2786674843920285,163177,51,2835,13365,100
2786674849032041,163177,51,2835,13365,100
2786674854144065,163177,51,2835,13365,100
2786674859257798,163177,51,2835,13365,100
2786674864369930,163177,51,2835,13365,100
2786674869481803,163177,51,2835,13365,100
2786674874593743,163177,51,2835,13365,100
2786674879705498,163177,51,2835,13365,100
2786674884817140,163177,51,2835,13365,100
2786674889929536,163177,51,2835,13365,100
2786674895041773,163177,51,2835,13365,100
2786674900153616,163177,51,2835,13365,100
2786674905265177,163177,51,2835,13365,100
2786674910378406,163177,51,2835,13365,100
2786674915490098,163177,51,2835,13365,100
2786674920602047,163177,51,2835,13365,100
2786674925713592,163177,51,2835,13365,100
2786674930825502,163177,51,2835,13365,100
2786674935937277,163177,51,2835,13365,100
2786674941048857,163177,51,2835,13365,100
2786674946160501,163177,51,2835,13365,100
2786674951272360,163177,51,2835,13365,100
2786674956383958,163177,51,2835,13365,100
2786674961498270,163177,51,2835,13365,100
2786674966610219,163177,51,2835,13365,100
2786674971721997,163177,51,2835,13365,100
2786674976834311,163177,51,2835,13365,100
2786674981946016,163177,51,2835,13365,100
2786674987057734,163177,51,2835,13365,100
2786674992169495,163177,51,2835,13365,100
2786674997281439,163177,51,2835,13365,100
2786675002393297,163177,51,2835,13365,100
2786675007505562,163177,51,2835,13365,100
2786675012618762,163177,51,2835,13365,100
2786675017730757,163177,51,2835,13365,100
2786675022842587,163177,51,2835,13365,100
2786675027954348,163177,51,2835,13365,100
2786675033066005,163177,51,2835,13365,100
2786675038178073,163177,51,2835,13365,100
2786675043290386,163177,51,2835,13365,100
2786675048402125,163177,51,2835,13365,100
2786675053513802,163177,51,2835,13365,100
2786675058625838,163177,51,2835,13365,100
2786675063739555,163177,51,2835,13365,100
2786675068851447,163177,51,2835,13365,100
2786675073963215,163177,51,2835,13365,100
2786675079075419,163177,51,2835,13365,100
2786675084187249,163177,51,2835,13365,100
2786675089298877,163177,51,2835,13365,100
2786675094410709,163177,51,2835,13365,100
2786675099522217,163177,51,2835,13365,100
2786675104633982,163177,51,2835,13365,100
2786675109745846,163177,51,2835,13365,100
2786675114859123,163177,51,2835,13365,100
2786675119974747,163177,51,2835,13365,100
2786675125086439,163177,51,2835,13365,100
2786675130198068,163177,51,2835,13365,100
2786675135310032,163177,51,2835,13365,100
2786675140421963,163177,51,2835,13365,100
2786675145533861,163177,51,2835,13365,100
2786675150645486,163186,51,2835,13365,100
2786675155757422,163186,51,2835,13365,100
2786675160869350,163186,51,2835,13365,100
2786675165982884,163186,51,2835,13365,100
2786675171110797,163186,51,2835,13365,100
2786675176222903,163186,51,2835,13365,100
2786675181334652,163186,51,2835,13365,100
2786675186446632,163186,51,2835,13365,100
2786675191558201,163186,51,2835,13365,100
2786675196669593,163186,51,2835,13365,100
2786675201781169,163186,51,2835,13365,100
2786675206892908,163186,51,2835,13365,100
2786675212021138,163186,51,2835,13365,100
2786675217134356,163186,51,2835,13365,100
2786675222261931,163186,51,2835,13365,100
2786675227373819,163186,51,2835,13365,100
2786675232485431,163186,51,2835,13365,100
2786675237597252,163186,51,2835,13365,100
2786675242708996,163186,51,2835,13365,100
2786675247820488,163186,51,2835,13365,100
2786675252932420,163186,51,2835,13365,100
2786675258044137,163186,51,2835,13365,100
2786675263155582,163186,51,2835,13365,100
2786675268268742,163186,51,2835,13365,100
2786675273380479,163186,51,2835,13365,100
2786675278493340,163186,51,2835,13365,100
2786675283604928,163186,51,2835,13365,100
2786675288717005,163186,51,2835,13365,100
2786675293829177,163186,51,2835,13365,100
2786675298941073,163186,51,2835,13365,100
2786675304053082,163186,51,2835,13365,100
2786675309164966,163186,51,2835,13365,100
2786675314276646,163186,51,2835,13365,100
2786675319390195,163186,51,2835,13365,100
2786675324502141,163186,51,2835,13365,100
2786675329613864,163186,51,2835,13365,100
2786675334726652,163186,51,2835,13365,100
2786675339838454,163186,51,2835,13365,100
2786675344949949,163186,51,2835,13365,100
2786675350061803,163186,51,2835,13365,100
2786675355173728,163186,51,2835,13365,100
2786675360285382,163186,51,2835,13365,100
2786675365396930,163186,51,2835,13365,100
2786675370510599,163186,51,2835,13365,100
2786675375622420,163186,51,2835,13365,100
2786675380734272,163186,51,2835,13365,100
2786675385846012,163186,51,2835,13365,100
2786675390957844,163186,51,2835,13365,100
2786675396069416,163186,51,2835,13365,100
2786675401181247,163186,51,2835,13365,100
2786675406293052,163186,51,2835,13365,100
2786675411404670,163186,51,2835,13365,100
2786675416516366,163186,51,2835,13365,100
2786675421629743,163186,51,2835,13365,100
2786675426741724,163186,51,2835,13365,100
2786675431853256,163186,51,2835,13365,100
2786675436964712,163186,51,2835,13365,100
2786675442076692,163186,51,2835,13365,100
2786675447188405,163186,51,2835,13365,100
2786675452300306,163186,51,2835,13365,100
2786675457411905,163186,51,2835,13365,100
2786675462523735,163186,51,2835,13365,100
2786675467635531,163186,51,2835,13365,100
2786675472747923,163186,51,2835,13365,100
2786675477859627,163186,51,2835,13365,100
2786675482971328,163186,51,2835,13365,100
2786675488083181,163186,51,2835,13365,100
2786675493220672,163186,51,2835,13365,100
2786675498332337,163186,51,2835,13365,100
2786675503443825,163186,51,2835,13365,100
2786675508554879,163186,51,2835,13365,100
2786675513666686,163186,51,2835,13365,100
2786675518778415,163186,51,2835,13365,100
2786675523891831,163186,51,2835,13365,100
2786675529019707,163186,51,2835,13365,100
2786675534131264,163186,51,2835,13365,100
2786675539243136,163186,51,2835,13365,100
2786675544354945,163186,51,2835,13365,100
2786675549466468,163186,51,2835,13365,100
2786675554578001,163186,51,2835,13365,100
2786675559690113,163186,51,2835,13365,100
2786675564802323,163186,51,2835,13365,100
2786675569917406,163186,51,2835,13365,100
2786675575030687,163186,51,2835,13365,100
2786675580142591,163186,51,2835,13365,100
2786675585254206,163186,51,2835,13365,100
2786675590366070,163186,51,2835,13365,100
2786675595478401,163186,51,2835,13365,100
2786675600590349,163186,51,2835,13365,100
2786675605702004,163186,51,2835,13365,100
2786675610814057,163186,51,2835,13365,100
2786675615925987,163186,51,2835,13365,100
2786675621037775,163186,51,2835,13365,100
2786675626151259,163186,51,2835,13365,100
2786675631263633,163186,51,2835,13365,100
2786675636375528,163186,51,2835,13365,100
2786675641487264,163186,51,2835,13365,100
2786675646598685,163186,51,2835,13365,100
2786675651710543,163037,51,2835,13365,100
2786675656822655,163037,51,2835,13365,100
2786675661934734,163037,51,2835,13365,100
2786675667046431,163037,51,2835,13365,100
2786675672158050,163037,51,2835,13365,100
2786675677271551,163037,51,2835,13365,100
2786675682383308,163037,51,2835,13365,100
2786675687495447,163037,51,2835,13365,100
2786675692607433,163037,51,2835,13365,100
2786675697719209,163037,51,2835,13365,100
2786675702830637,163037,51,2835,13365,100
2786675707942437,163037,51,2835,13365,100
2786675713054218,163037,51,2835,13365,100
2786675718165903,163037,51,2835,13365,100
2786675723277583,163037,51,2835,13365,100
2786675728391117,163037,51,2835,13365,100
2786675733502643,163037,51,2835,13365,100
2786675738614360,163037,51,2835,13365,100
2786675743725992,163037,51,2835,13365,100
2786675748837857,163037,51,2835,13365,100
2786675753949350,163037,51,2835,13365,100
2786675759060889,163037,51,2835,13365,100
2786675764172594,163037,51,2835,13365,100
2786675769284392,163037,51,2835,13365,100
2786675774396243,163037,51,2835,13365,100
2786675779509727,163037,51,2835,13365,100
2786675784621220,163037,51,2835,13365,100
2786675789733072,163037,51,2835,13365,100
2786675794845420,163037,51,2835,13365,100
2786675799957691,163037,51,2835,13365,100
2786675805069423,163037,51,2835,13365,100
2786675810181370,163037,51,2835,13365,100
2786675815292950,163037,51,2835,13365,100
2786675820404515,163037,51,2835,13365,100
2786675825516568,163037,51,2835,13365,100
2786675830630216,163037,51,2835,13365,100
2786675835741752,163037,51,2835,13365,100
2786675840853552,163037,51,2835,13365,100
2786675845965197,163037,51,2835,13365,100
2786675851077141,163037,51,2835,13365,100
2786675856188362,163037,51,2835,13365,100
2786675861300084,163037,51,2835,13365,100
2786675866412018,163037,51,2835,13365,100
2786675871523695,163037,51,2835,13365,100
2786675876651583,163037,51,2835,13365,100
2786675881765096,163037,51,2835,13365,100
2786675886877020,163037,51,2835,13365,100
2786675891989600,163037,51,2835,13365,100
2786675897123617,163037,51,2835,13365,100
2786675902235309,163037,51,2835,13365,100
2786675907346773,163037,51,2835,13365,100
2786675912458434,163037,51,2835,13365,100
2786675917570382,163037,51,2835,13365,100
2786675922682146,163037,51,2835,13365,100
2786675927793941,163037,51,2835,13365,100
2786675932907204,163037,51,2835,13365,100
2786675938019363,163037,51,2835,13365,100
2786675943131064,163037,51,2835,13365,100
2786675948242672,163037,51,2835,13365,100
2786675953361871,163037,51,2835,13365,100
2786675958472488,163037,51,2835,13365,100
2786675963584822,163037,51,2835,13365,100
2786675968696684,163037,51,2835,13365,100
2786675973808247,163037,51,2835,13365,100
2786675978920059,163037,51,2835,13365,100
2786675984033810,163037,51,2835,13365,100
2786675989145932,163037,51,2835,13365,100
2786675994259738,163037,51,2835,13365,100
2786675999371321,163037,51,2835,13365,100
2786676004483021,163037,51,2835,13365,100
2786676009594746,163037,51,2835,13365,100
2786676014706594,163037,51,2835,13365,100
2786676019818326,163037,51,2835,13365,100
2786676024930367,163037,51,2835,13365,100
2786676030042455,163037,51,2835,13365,100
2786676035155912,163037,51,2835,13365,100
2786676040267306,163037,51,2835,13365,100
2786676045378928,163037,51,2835,13365,100
2786676050490741,163037,51,2835,13365,100
2786676055602766,163037,51,2835,13365,100
2786676060714669,163037,51,2835,13365,100
2786676065826754,163037,51,2835,13365,100
2786676070938530,163037,51,2835,13365,100
2786676076049969,163037,51,2835,13365,100
2786676081161568,163037,51,2835,13365,100
2786676086278078,163037,51,2835,13365,100
2786676091390197,163037,51,2835,13365,100
2786676096501641,163037,51,2835,13365,100
2786676101613477,163037,51,2835,13365,100
2786676106725235,163037,51,2835,13365,100
2786676111837378,163037,51,2835,13365,100
2786676116949399,163037,51,2835,13365,100
2786676122062104,163037,51,2835,13365,100
2786676127174443,163037,51,2835,13365,100
2786676132294227,163037,51,2835,13365,100
2786676137407840,163037,51,2835,13365,100
2786676142519984,163037,51,2835,13365,100
2786676147632389,163037,51,2835,13365,100
2786676152744149,163036,51,2835,13365,100
2786676157856041,163036,51,2835,13365,100
2786676162967730,163036,51,2835,13365,100
2786676168079498,163036,51,2835,13365,100
2786676173191291,163036,51,2835,13365,100
2786676178303807,163036,51,2835,13365,100
2786676183415983,163036,51,2835,13365,100
2786676188529216,163036,51,2835,13365,100
2786676193641504,163036,51,2835,13365,100
2786676198753057,163036,51,2835,13365,100
2786676203864813,163036,51,2835,13365,100
2786676208976798,163036,51,2835,13365,100
2786676214088838,163036,51,2835,13365,100
2786676219200507,163036,51,2835,13365,100
2786676224312177,163036,51,2835,13365,100
2786676229424039,163036,51,2835,13365,100
2786676234536144,163036,51,2835,13365,100
2786676239649323,163036,51,2835,13365,100
2786676244761282,163036,51,2835,13365,100
2786676249872877,163036,51,2835,13365,100
2786676254984737,163036,51,2835,13365,100
2786676260113349,163036,51,2835,13365,100
2786676265224890,163036,51,2835,13365,100
2786676270336671,163036,51,2835,13365,100
2786676275448459,163036,51,2835,13365,100
2786676280560225,163036,51,2835,13365,100
2786676285671770,163036,51,2835,13365,100
2786676290785748,163036,51,2835,13365,100
2786676295897644,163036,51,2835,13365,100
2786676301025321,163036,51,2835,13365,100
2786676306137701,163036,51,2835,13365,100
2786676311249270,163036,51,2835,13365,100
2786676316360714,163036,51,2835,13365,100
2786676321472255,163036,51,2835,13365,100
2786676326583945,163036,51,2835,13365,100
2786676331695969,163036,51,2835,13365,100
2786676336808012,163036,51,2835,13365,100
2786676341921731,163036,51,2835,13365,100
2786676347033528,163036,51,2835,13365,100
2786676352145386,163036,51,2835,13365,100
2786676357256899,163036,51,2835,13365,100
2786676362368549,163036,51,2835,13365,100
2786676367482033,163036,51,2835,13365,100
2786676372593845,163036,51,2835,13365,100
2786676377705642,163036,51,2835,13365,100
2786676382817193,163036,51,2835,13365,100
2786676387928867,163036,51,2835,13365,100
2786676393065875,163036,51,2835,13365,100
2786676398178506,163036,51,2835,13365,100
2786676403290258,163036,51,2835,13365,100
2786676408402055,163036,51,2835,13365,100
2786676413513918,163036,51,2835,13365,100
2786676418625792,163036,51,2835,13365,100
2786676423737578,163036,51,2835,13365,100
2786676428849553,163036,51,2835,13365,100
2786676433960983,163036,51,2835,13365,100
2786676439072711,163036,51,2835,13365,100
2786676444186000,163036,51,2835,13365,100
2786676449298156,163036,51,2835,13365,100
2786676454409895,163036,51,2835,13365,100
2786676459521693,163036,51,2835,13365,100
2786676464633311,163036,51,2835,13365,100
2786676469745302,163036,51,2835,13365,100
2786676474856880,163036,51,2835,13365,100
2786676479968659,163036,51,2835,13365,100
2786676485080256,163036,51,2835,13365,100
2786676490191926,163036,51,2835,13365,100
2786676495305104,163036,51,2835,13365,100
2786676500416657,163036,51,2835,13365,100
2786676505528241,163036,51,2835,13365,100
2786676510639938,163036,51,2835,13365,100
2786676515751657,163036,51,2835,13365,100
2786676520863310,163036,51,2835,13365,100
2786676525975257,163036,51,2835,13365,100
2786676531120179,163036,51,2835,13365,100
2786676536232227,163036,51,2835,13365,100
2786676541344032,163036,51,2835,13365,100
2786676546457692,163036,51,2835,13365,100
2786676551569648,163036,51,2835,13365,100
2786676556681496,163036,51,2835,13365,100
2786676561793277,163036,51,2835,13365,100
2786676566904941,163036,51,2835,13365,100
2786676572031878,163036,51,2835,13365,100
2786676577143888,163036,51,2835,13365,100
2786676582255634,163036,51,2835,13365,100
2786676587367299,163036,51,2835,13365,100
2786676592478996,163036,51,2835,13365,100
2786676597592520,163036,51,2835,13365,100
2786676602704752,163036,51,2835,13365,100
2786676607817353,163036,51,2835,13365,100
2786676612929969,163036,51,2835,13365,100
2786676618042656,163036,51,2835,13365,100
2786676623166430,163036,51,2835,13365,100
2786676628278083,163036,51,2835,13365,100
2786676633390658,163036,51,2835,13365,100
2786676638501975,163036,51,2835,13365,100
2786676643614180,163036,51,2835,13365,100
2786676648728440,163172,51,2835,13365,100
2786676653840765,163172,51,2835,13365,100
2786676658965264,163172,51,2835,13365,100
2786676664077555,163172,51,2835,13365,100
2786676669189967,163172,51,2835,13365,100
2786676674302554,163172,51,2835,13365,100
2786676679415047,163172,51,2835,13365,100
2786676684527253,163172,51,2835,13365,100
2786676689639647,163172,51,2835,13365,100
2786676694751262,163172,51,2835,13365,100
2786676699865034,163172,51,2835,13365,100
2786676704976791,163172,51,2835,13365,100
2786676710088297,163172,51,2835,13365,100
2786676715200329,163172,51,2835,13365,100
2786676720312809,163172,51,2835,13365,100
2786676725424526,163172,51,2835,13365,100
2786676730536311,163172,51,2835,13365,100
2786676735647783,163172,51,2835,13365,100
2786676740759547,163172,51,2835,13365,100
2786676745871104,163172,51,2835,13365,100
2786676750985038,163172,51,2835,13365,100
2786676756113614,163172,51,2835,13365,100
2786676761225537,163172,51,2835,13365,100
2786676766337597,163172,51,2835,13365,100
2786676771449128,163172,51,2835,13365,100
2786676776560705,163172,51,2835,13365,100
2786676781672624,163172,51,2835,13365,100
2786676786784939,163172,51,2835,13365,100
2786676791896895,163172,51,2835,13365,100
2786676797024384,163172,51,2835,13365,100
2786676802138224,163172,51,2835,13365,100
2786676807250200,163172,51,2835,13365,100
2786676812362232,163172,51,2835,13365,100
2786676817474049,163172,51,2835,13365,100
2786676822585810,163172,51,2835,13365,100
2786676827697318,163172,51,2835,13365,100
2786676832809341,163172,51,2835,13365,100
2786676837921171,163172,51,2835,13365,100
2786676843033709,163172,51,2835,13365,100
2786676848145547,163172,51,2835,13365,100
2786676853258996,163172,51,2835,13365,100
2786676858370663,163172,51,2835,13365,100
2786676863482240,163172,51,2835,13365,100
2786676868594001,163172,51,2835,13365,100
2786676873705959,163172,51,2835,13365,100
2786676878818070,163172,51,2835,13365,100
2786676883929734,163172,51,2835,13365,100
2786676889041397,163172,51,2835,13365,100
2786676894153167,163172,51,2835,13365,100
2786676899264876,163172,51,2835,13365,100
2786676904386604,163172,51,2835,13365,100
2786676909498789,163172,51,2835,13365,100
2786676914610717,163172,51,2835,13365,100
2786676919722805,163172,51,2835,13365,100
2786676924834242,163172,51,2835,13365,100
2786676929946072,163172,51,2835,13365,100
2786676935057531,163172,51,2835,13365,100
2786676940169019,163172,51,2835,13365,100
2786676945280979,163172,51,2835,13365,100
2786676950392648,163172,51,2835,13365,100
2786676955505912,163172,51,2835,13365,100
2786676960618764,163172,51,2835,13365,100
2786676965730973,163172,51,2835,13365,100
2786676970842689,163172,51,2835,13365,100
2786676975954314,163172,51,2835,13365,100
2786676981065818,163172,51,2835,13365,100
2786676986177738,163172,51,2835,13365,100
2786676991289452,163172,51,2835,13365,100
2786676996401536,163172,51,2835,13365,100
2786677001513414,163172,51,2835,13365,100
2786677006628850,163172,51,2835,13365,100
2786677011740635,163172,51,2835,13365,100
2786677016852093,163172,51,2835,13365,100
2786677021964031,163172,51,2835,13365,100
2786677027075698,163172,51,2835,13365,100
2786677032187466,163172,51,2835,13365,100
2786677037299415,163172,51,2835,13365,100
2786677042411681,163172,51,2835,13365,100
2786677047524064,163172,51,2835,13365,100
2786677052635923,163172,51,2835,13365,100
2786677057749142,163172,51,2835,13365,100
2786677062860581,163172,51,2835,13365,100
2786677067972423,163172,51,2835,13365,100
2786677073084870,163172,51,2835,13365,100
2786677078196658,163172,51,2835,13365,100
2786677083308635,163172,51,2835,13365,100
2786677088420361,163172,51,2835,13365,100
2786677093532144,163172,51,2835,13365,100
2786677098643943,163172,51,2835,13365,100
2786677103755784,163172,51,2835,13365,100
2786677108869337,163172,51,2835,13365,100
2786677113981189,163172,51,2835,13365,100
2786677119092969,163172,51,2835,13365,100
2786677124204838,163172,51,2835,13365,100
2786677129316418,163172,51,2835,13365,100
2786677134428610,163172,51,2835,13365,100
2786677139540565,163172,51,2835,13365,100
2786677144652349,163172,51,2835,13365,100
2786677149764302,163143,51,2835,13365,100
2786677154876386,163143,51,2835,13365,100
2786677159989965,163143,51,2835,13365,100
2786677165117897,163143,51,2835,13365,100
2786677170229653,163143,51,2835,13365,100
2786677175341462,163143,51,2835,13365,100
2786677180453275,163143,51,2835,13365,100
2786677185581525,163143,51,2835,13365,100
2786677190693511,163143,51,2835,13365,100
2786677195806463,163143,51,2835,13365,100
2786677200918276,163143,51,2835,13365,100
2786677206029842,163143,51,2835,13365,100
2786677211144089,163143,51,2835,13365,100
2786677216256024,163143,51,2835,13365,100
2786677221367710,163143,51,2835,13365,100
2786677226481973,163143,51,2835,13365,100
2786677231593784,163143,51,2835,13365,100
2786677236705483,163143,51,2835,13365,100
2786677241817055,163143,51,2835,13365,100
2786677246928827,163143,51,2835,13365,100
2786677252040671,163143,51,2835,13365,100
2786677257152324,163143,51,2835,13365,100
2786677262265624,163143,51,2835,13365,100
2786677267377505,163143,51,2835,13365,100
2786677272489119,163143,51,2835,13365,100
2786677277600810,163143,51,2835,13365,100
2786677282712558,163143,51,2835,13365,100
2786677287824453,163143,51,2835,13365,100
2786677292936137,163143,51,2835,13365,100
2786677298047920,163143,51,2835,13365,100
2786677303159759,163143,51,2835,13365,100
2786677308271424,163143,51,2835,13365,100
2786677313384677,163143,51,2835,13365,100
2786677318496659,163143,51,2835,13365,100
2786677323607329,163143,51,2835,13365,100
2786677328719282,163143,51,2835,13365,100
2786677333830702,163143,51,2835,13365,100
2786677338942086,163143,51,2835,13365,100
2786677344053879,163143,51,2835,13365,100
2786677349165748,163143,51,2835,13365,100
2786677354277536,163143,51,2835,13365,100
2786677359389104,163143,51,2835,13365,100
2786677364502417,163143,51,2835,13365,100
2786677369614083,163143,51,2835,13365,100
2786677374725817,163143,51,2835,13365,100
2786677379838010,163143,51,2835,13365,100
2786677384949791,163143,51,2835,13365,100
2786677390061001,163143,51,2835,13365,100
2786677395172620,163143,51,2835,13365,100
2786677400284717,163143,51,2835,13365,100
2786677405396464,163143,51,2835,13365,100
2786677410508288,163143,51,2835,13365,100
2786677415621729,163143,51,2835,13365,100
2786677420733501,163143,51,2835,13365,100
2786677425845252,163143,51,2835,13365,100
2786677430957342,163143,51,2835,13365,100
2786677436068855,163143,51,2835,13365,100
2786677441180433,163143,51,2835,13365,100
2786677446292048,163143,51,2835,13365,100
2786677451403708,163143,51,2835,13365,100
2786677456515360,163143,51,2835,13365,100
2786677461627205,163143,51,2835,13365,100
2786677466740695,163143,51,2835,13365,100
2786677471852614,163143,51,2835,13365,100
2786677476964438,163143,51,2835,13365,100
2786677482075840,163143,51,2835,13365,100
2786677487187494,163143,51,2835,13365,100
2786677492299397,163143,51,2835,13365,100
2786677497411243,163143,51,2835,13365,100
2786677502523311,163143,51,2835,13365,100
2786677507635244,163143,51,2835,13365,100
2786677512747040,163143,51,2835,13365,100
2786677517860206,163143,51,2835,13365,100
2786677522971738,163143,51,2835,13365,100
2786677528083708,163143,51,2835,13365,100
2786677533208819,163143,51,2835,13365,100
2786677538320658,163143,51,2835,13365,100
2786677543432695,163143,51,2835,13365,100
2786677548544560,163143,51,2835,13365,100
2786677553656812,163143,51,2835,13365,100
2786677558768346,163143,51,2835,13365,100
2786677563880120,163143,51,2835,13365,100
2786677568993629,163143,51,2835,13365,100
2786677574124193,163143,51,2835,13365,100
2786677579237186,163143,51,2835,13365,100
2786677584348738,163143,51,2835,13365,100
2786677589460735,163143,51,2835,13365,100
2786677594572591,163143,51,2835,13365,100
2786677599684051,163143,51,2835,13365,100
2786677604796419,163143,51,2835,13365,100
2786677609908696,163143,51,2835,13365,100
2786677615020409,163143,51,2835,13365,100
2786677620133953,163143,51,2835,13365,100
2786677625245762,163143,51,2835,13365,100
2786677630357558,163143,51,2835,13365,100
2786677635469752,163143,51,2835,13365,100
2786677640581457,163143,51,2835,13365,100
2786677645693503,163143,51,2835,13365,100
2786677650805025,163080,51,2835,13365,100
2786677655917476,163080,51,2835,13365,100
2786677661029834,163080,51,2835,13365,100
2786677666142557,163080,51,2835,13365,100
2786677671256229,163080,51,2835,13365,100
2786677676368008,163080,51,2835,13365,100
2786677681479772,163080,51,2835,13365,100
2786677686591822,163080,51,2835,13365,100
2786677691703634,163080,51,2835,13365,100
2786677696814355,163080,51,2835,13365,100
2786677701926250,163080,51,2835,13365,100
2786677707052092,163080,51,2835,13365,100
2786677712163708,163080,51,2835,13365,100
2786677717275265,163080,51,2835,13365,100
2786677722388182,163080,51,2835,13365,100
2786677727499941,163080,51,2835,13365,100
2786677732611438,163080,51,2835,13365,100
2786677737723088,163080,51,2835,13365,100
2786677742834667,163080,51,2835,13365,100
2786677747946457,163080,51,2835,13365,100
2786677753058223,163080,51,2835,13365,100
2786677758169598,163080,51,2835,13365,100
2786677763281336,163080,51,2835,13365,100
2786677768393140,163080,51,2835,13365,100
2786677773506226,163080,51,2835,13365,100
2786677778618114,163080,51,2835,13365,100
2786677783730140,163080,51,2835,13365,100
2786677788842165,163080,51,2835,13365,100
2786677793953907,163080,51,2835,13365,100
2786677799066095,163080,51,2835,13365,100
2786677804177838,163080,51,2835,13365,100
2786677809289732,163080,51,2835,13365,100
2786677814401909,163080,51,2835,13365,100
2786677819513541,163080,51,2835,13365,100
2786677824626554,163080,51,2835,13365,100
2786677829738009,163080,51,2835,13365,100
2786677834849926,163080,51,2835,13365,100
2786677839977043,163080,51,2835,13365,100
2786677845088699,163080,51,2835,13365,100
2786677850199625,163080,51,2835,13365,100
2786677855311260,163080,51,2835,13365,100
2786677860422861,163080,51,2835,13365,100
2786677865534456,163080,51,2835,13365,100
2786677870645755,163080,51,2835,13365,100
2786677875758593,163080,51,2835,13365,100
2786677880876697,163080,51,2835,13365,100
2786677886026510,163080,51,2835,13365,100
2786677891138338,163080,51,2835,13365,100
2786677896250379,163080,51,2835,13365,100
2786677901362151,163080,51,2835,13365,100
2786677906473971,163080,51,2835,13365,100
2786677911585728,163080,51,2835,13365,100
2786677916697077,163080,51,2835,13365,100
2786677921808549,163080,51,2835,13365,100
2786677926921418,163080,51,2835,13365,100
2786677932033082,163080,51,2835,13365,100
2786677937144832,163080,51,2835,13365,100
2786677942256366,163080,51,2835,13365,100
2786677947367869,163080,51,2835,13365,100
2786677952479826,163080,51,2835,13365,100
2786677957591548,163080,51,2835,13365,100
2786677962704224,163080,51,2835,13365,100
2786677967815917,163080,51,2835,13365,100
2786677972927676,163080,51,2835,13365,100
2786677978041117,163080,51,2835,13365,100
2786677983152690,163080,51,2835,13365,100
2786677988264391,163080,51,2835,13365,100
2786677993375895,163080,51,2835,13365,100
2786677998487505,163080,51,2835,13365,100
2786678003599339,163080,51,2835,13365,100
2786678008710968,163080,51,2835,13365,100
2786678013822857,163080,51,2835,13365,100
2786678018935250,163080,51,2835,13365,100
2786678024047197,163080,51,2835,13365,100
2786678029160277,163080,51,2835,13365,100
2786678034272003,163080,51,2835,13365,100
2786678039383840,163080,51,2835,13365,100
2786678044495647,163080,51,2835,13365,100
2786678049607999,163080,51,2835,13365,100
2786678054719728,163080,51,2835,13365,100
2786678059831551,163080,51,2835,13365,100
2786678064943088,163080,51,2835,13365,100
2786678070078129,163080,51,2835,13365,100
2786678075190445,163080,51,2835,13365,100
2786678080303543,163080,51,2835,13365,100
2786678085415050,163080,51,2835,13365,100
2786678090526399,163080,51,2835,13365,100
2786678095638258,163080,51,2835,13365,100
2786678100750213,163080,51,2835,13365,100
2786678105862440,163080,51,2835,13365,100
2786678110974760,163080,51,2835,13365,100
2786678116087276,163080,51,2835,13365,100
2786678121199731,163080,51,2835,13365,100
2786678126312597,163080,51,2835,13365,100
2786678131426649,163080,51,2835,13365,100
2786678136540226,163080,51,2835,13365,100
2786678141653423,163080,51,2835,13365,100
2786678146766662,163080,51,2835,13365,100
2786678151879272,163137,51,2835,13365,100
2786678156991902,163137,51,2835,13365,100
2786678162122934,163137,51,2835,13365,100
2786678167236356,163137,51,2835,13365,100
2786678172349553,163137,51,2835,13365,100
2786678177463545,163137,51,2835,13365,100
2786678182578609,163137,51,2835,13365,100
2786678187692488,163137,51,2835,13365,100
2786678192806742,163137,51,2835,13365,100
2786678197921702,163137,51,2835,13365,100
2786678203036781,163137,51,2835,13365,100
2786678208176679,163137,51,2835,13365,100
2786678213292528,163137,51,2835,13365,100
2786678218407848,163137,51,2835,13365,100
2786678223523888,163137,51,2835,13365,100
2786678228639709,163137,51,2835,13365,100
2786678233757121,163137,51,2835,13365,100
2786678238872605,163137,51,2835,13365,100
2786678243989794,163137,51,2835,13365,100
2786678249125698,163137,51,2835,13365,100
2786678254243074,163137,51,2835,13365,100
2786678259360891,163137,51,2835,13365,100
2786678264478273,163137,51,2835,13365,100
2786678269596272,163137,51,2835,13365,100
2786678274726752,163137,51,2835,13365,100
2786678279844896,163137,51,2835,13365,100
2786678284964000,163137,51,2835,13365,100
2786678290081648,163137,51,2835,13365,100
2786678295199314,163137,51,2835,13365,100
2786678300317157,163137,51,2835,13365,100
2786678305434670,163137,51,2835,13365,100
2786678310552622,163137,51,2835,13365,100
2786678315670270,163137,51,2835,13365,100
2786678320787839,163137,51,2835,13365,100
2786678325905566,163137,51,2835,13365,100
2786678331023156,163137,51,2835,13365,100
2786678336141714,163137,51,2835,13365,100
2786678341259388,163137,51,2835,13365,100
2786678346377173,163137,51,2835,13365,100
2786678351494917,163137,51,2835,13365,100
2786678356612994,163137,51,2835,13365,100
2786678361730734,163137,51,2835,13365,100
2786678366848890,163137,51,2835,13365,100
2786678371966565,163137,51,2835,13365,100
2786678377084444,163137,51,2835,13365,100
2786678382201983,163137,51,2835,13365,100
2786678387321056,163137,51,2835,13365,100
2786678392439008,163137,51,2835,13365,100
2786678397557167,163137,51,2835,13365,100
2786678402675021,163137,51,2835,13365,100
2786678407793236,163137,51,2835,13365,100
2786678412910314,163137,51,2835,13365,100
2786678418028010,163137,51,2835,13365,100
2786678423145951,163137,51,2835,13365,100
2786678428263483,163137,51,2835,13365,100
2786678433381037,163137,51,2835,13365,100
2786678438500156,163137,51,2835,13365,100
2786678443618068,163137,51,2835,13365,100
2786678448735580,163137,51,2835,13365,100
2786678453853221,163137,51,2835,13365,100
2786678458971025,163137,51,2835,13365,100
2786678464088622,163137,51,2835,13365,100
2786678469205928,163137,51,2835,13365,100
2786678474324467,163137,51,2835,13365,100
2786678479442082,163137,51,2835,13365,100
2786678484559627,163137,51,2835,13365,100
2786678489678751,163137,51,2835,13365,100
2786678494813879,163137,51,2835,13365,100
2786678499931479,163137,51,2835,13365,100
2786678505050072,163137,51,2835,13365,100
2786678510167572,163137,51,2835,13365,100
2786678515284857,163137,51,2835,13365,100
2786678520402345,163137,51,2835,13365,100
2786678525519826,163137,51,2835,13365,100
2786678530637434,163137,51,2835,13365,100
2786678535755087,163137,51,2835,13365,100
2786678540874831,163137,51,2835,13365,100
2786678545991895,163137,51,2835,13365,100
2786678551131523,163137,51,2835,13365,100
2786678556249380,163137,51,2835,13365,100
2786678561366724,163137,51,2835,13365,100
2786678566484425,163137,51,2835,13365,100
2786678571601873,163137,51,2835,13365,100
2786678576719260,163137,51,2835,13365,100
2786678581836773,163137,51,2835,13365,100
2786678586953794,163137,51,2835,13365,100
2786678592072886,163137,51,2835,13365,100
2786678597190935,163137,51,2835,13365,100
2786678602308820,163137,51,2835,13365,100
2786678607426392,163137,51,2835,13365,100
2786678612544512,163137,51,2835,13365,100
2786678617672620,163137,51,2835,13365,100
2786678622790377,163137,51,2835,13365,100
2786678627908301,163137,51,2835,13365,100
2786678633026266,163137,51,2835,13365,100
2786678638143486,163137,51,2835,13365,100
2786678643262544,163137,51,2835,13365,100
2786678648380735,163096,51,2835,13365,100
2786678653498811,163096,51,2835,13365,100
2786678658616799,163096,51,2835,13365,100
2786678663734607,163096,51,2835,13365,100
2786678668851938,163096,51,2835,13365,100
2786678673969996,163096,51,2835,13365,100
2786678679089180,163096,51,2835,13365,100
2786678684206437,163096,51,2835,13365,100
2786678689324374,163096,51,2835,13365,100
2786678694443642,163096,51,2835,13365,100
2786678699561170,163096,51,2835,13365,100
2786678704679071,163096,51,2835,13365,100
2786678709797006,163096,51,2835,13365,100
2786678714914525,163096,51,2835,13365,100
2786678720032080,163096,51,2835,13365,100
2786678725149846,163096,51,2835,13365,100
2786678730267685,163096,51,2835,13365,100
2786678735385395,163096,51,2835,13365,100
2786678740503029,163096,51,2835,13365,100
2786678745622049,163096,51,2835,13365,100
2786678750739478,163096,51,2835,13365,100
2786678755857506,163096,51,2835,13365,100
2786678760975023,163096,51,2835,13365,100
2786678766092739,163096,51,2835,13365,100
2786678771210059,163096,51,2835,13365,100
2786678776328003,163096,51,2835,13365,100
2786678781445894,163096,51,2835,13365,100
2786678786563461,163096,51,2835,13365,100
2786678791681652,163096,51,2835,13365,100
2786678796800802,163096,51,2835,13365,100
2786678801918645,163096,51,2835,13365,100
2786678807038762,163096,51,2835,13365,100
2786678812156782,163096,51,2835,13365,100
2786678817274607,163096,51,2835,13365,100
2786678822391975,163096,51,2835,13365,100
2786678827509414,163096,51,2835,13365,100
2786678832626980,163096,51,2835,13365,100
2786678837744708,163096,51,2835,13365,100
2786678842862741,163096,51,2835,13365,100
2786678847981791,163096,51,2835,13365,100
2786678853120815,163096,51,2835,13365,100
2786678858238513,163096,51,2835,13365,100
2786678863355738,163096,51,2835,13365,100
2786678868473668,163096,51,2835,13365,100
2786678873591582,163096,51,2835,13365,100
2786678878708779,163096,51,2835,13365,100
2786678883826276,163096,51,2835,13365,100
2786678888943988,163096,51,2835,13365,100
2786678894061605,163096,51,2835,13365,100
2786678899180869,163096,51,2835,13365,100
2786678904298441,163096,51,2835,13365,100
2786678909415321,163096,51,2835,13365,100
2786678914532821,163096,51,2835,13365,100
2786678919650152,163096,51,2835,13365,100
2786678924767682,163096,51,2835,13365,100
2786678929885789,163096,51,2835,13365,100
2786678935020175,163096,51,2835,13365,100
2786678940138128,163096,51,2835,13365,100
2786678945255649,163096,51,2835,13365,100
2786678950374736,163096,51,2835,13365,100
2786678955492592,163096,51,2835,13365,100
2786678960610400,163096,51,2835,13365,100
2786678965728409,163096,51,2835,13365,100
2786678970846845,163096,51,2835,13365,100
2786678975964853,163096,51,2835,13365,100
2786678981082826,163096,51,2835,13365,100
2786678986200143,163096,51,2835,13365,100
2786678991317663,163096,51,2835,13365,100
2786678996435311,163096,51,2835,13365,100
2786679001569576,163096,51,2835,13365,100
2786679006687412,163096,51,2835,13365,100
2786679011804820,163096,51,2835,13365,100
2786679016922444,163096,51,2835,13365,100
2786679022040359,163096,51,2835,13365,100
2786679027157886,163096,51,2835,13365,100
2786679032275378,163096,51,2835,13365,100
2786679037393534,163096,51,2835,13365,100
2786679042511126,163096,51,2835,13365,100
2786679047628787,163096,51,2835,13365,100
2786679052747720,163096,51,2835,13365,100
2786679057865424,163096,51,2835,13365,100
2786679062982924,163096,51,2835,13365,100
2786679068124358,163096,51,2835,13365,100
2786679073241876,163096,51,2835,13365,100
2786679078359380,163096,51,2835,13365,100
2786679083476910,163096,51,2835,13365,100
2786679088594362,163096,51,2835,13365,100
2786679093711728,163096,51,2835,13365,100
2786679098829623,163096,51,2835,13365,100
2786679103948203,163096,51,2835,13365,100
2786679109065563,163096,51,2835,13365,100
2786679114183220,163096,51,2835,13365,100
2786679119300780,163096,51,2835,13365,100
2786679124418512,163096,51,2835,13365,100
2786679129535744,163096,51,2835,13365,100
2786679134653643,163096,51,2835,13365,100
2786679139771165,163096,51,2835,13365,100
2786679144889098,163096,51,2835,13365,100
2786679150024518,163119,51,2835,13365,100
2786679155143002,163119,51,2835,13365,100
2786679160259807,163119,51,2835,13365,100
2786679165376963,163119,51,2835,13365,100
2786679170493339,163119,51,2835,13365,100
2786679175610500,163119,51,2835,13365,100
2786679180728128,163119,51,2835,13365,100
2786679185845128,163119,51,2835,13365,100
2786679190962363,163119,51,2835,13365,100
2786679196085541,163119,51,2835,13365,100
2786679201203652,163119,51,2835,13365,100
2786679206322496,163119,51,2835,13365,100
2786679211439839,163119,51,2835,13365,100
2786679216557015,163119,51,2835,13365,100
2786679221674555,163119,51,2835,13365,100
2786679226792263,163119,51,2835,13365,100
2786679231910128,163119,51,2835,13365,100
2786679237027643,163119,51,2835,13365,100
2786679242144801,163119,51,2835,13365,100
2786679247262121,163119,51,2835,13365,100
2786679252379456,163119,51,2835,13365,100
2786679257498626,163119,51,2835,13365,100
2786679262616770,163119,51,2835,13365,100
2786679267734478,163119,51,2835,13365,100
2786679272851779,163119,51,2835,13365,100
2786679277969151,163119,51,2835,13365,100
2786679283086495,163119,51,2835,13365,100
2786679288203776,163119,51,2835,13365,100
2786679293323258,163119,51,2835,13365,100
2786679298440685,163119,51,2835,13365,100
2786679303558417,163119,51,2835,13365,100
2786679308677746,163119,51,2835,13365,100
2786679313795178,163119,51,2835,13365,100
2786679318912534,163119,51,2835,13365,100
2786679324029917,163119,51,2835,13365,100
2786679329173911,163119,51,2835,13365,100
2786679334291067,163119,51,2835,13365,100
2786679339408555,163119,51,2835,13365,100
2786679344525994,163119,51,2835,13365,100
2786679349643728,163119,51,2835,13365,100
2786679354761365,163119,51,2835,13365,100
2786679359881117,163119,51,2835,13365,100
2786679364998585,163119,51,2835,13365,100
2786679370139038,163119,51,2835,13365,100
2786679375256760,163119,51,2835,13365,100
2786679380373946,163119,51,2835,13365,100
2786679385491323,163119,51,2835,13365,100
2786679390608581,163119,51,2835,13365,100
2786679395726516,163119,51,2835,13365,100
2786679400846252,163119,51,2835,13365,100
2786679405983076,163119,51,2835,13365,100
2786679411121740,163119,51,2835,13365,100
2786679416239244,163119,51,2835,13365,100
2786679421356685,163119,51,2835,13365,100
2786679426474289,163119,51,2835,13365,100
2786679431591442,163119,51,2835,13365,100
2786679436709092,163119,51,2835,13365,100
2786679441827075,163119,51,2835,13365,100
2786679446944651,163119,51,2835,13365,100
2786679452062665,163119,51,2835,13365,100
2786679457180357,163119,51,2835,13365,100
2786679462299200,163119,51,2835,13365,100
2786679467416493,163119,51,2835,13365,100
2786679472534451,163119,51,2835,13365,100
2786679477651975,163119,51,2835,13365,100
2786679482769665,163119,51,2835,13365,100
2786679487887089,163119,51,2835,13365,100
2786679493028010,163119,51,2835,13365,100
2786679498145459,163119,51,2835,13365,100
2786679503262840,163119,51,2835,13365,100
2786679508380207,163119,51,2835,13365,100
2786679513499336,163119,51,2835,13365,100
2786679518616422,163119,51,2835,13365,100
2786679523733585,163119,51,2835,13365,100
2786679528851381,163119,51,2835,13365,100
2786679533968809,163119,51,2835,13365,100
2786679539086214,163119,51,2835,13365,100
2786679544203846,163119,51,2835,13365,100
2786679549320858,163119,51,2835,13365,100
2786679554437891,163119,51,2835,13365,100
2786679559555531,163119,51,2835,13365,100
2786679564674275,163119,51,2835,13365,100
2786679569792008,163119,51,2835,13365,100
2786679574909244,163119,51,2835,13365,100
2786679580027422,163119,51,2835,13365,100
2786679585145452,163119,51,2835,13365,100
2786679590262185,163119,51,2835,13365,100
2786679595379868,163119,51,2835,13365,100
2786679600495720,163119,51,2835,13365,100
2786679605592950,163119,51,2835,13365,100
2786679610710087,163119,51,2835,13365,100
2786679615826980,163119,51,2835,13365,100
2786679620945963,163119,51,2835,13365,100
2786679626061148,163119,51,2835,13365,100
2786679631175564,163119,51,2835,13365,100
2786679636290285,163119,51,2835,13365,100
2786679641403893,163119,51,2835,13365,100
2786679646517950,163119,51,2835,13365,100
2786679651631804,163179,51,2835,13365,100
2786679656746234,163179,51,2835,13365,100
2786679661860665,163179,51,2835,13365,100
2786679666976207,163179,51,2835,13365,100
2786679672089527,163179,51,2835,13365,100
2786679677202584,163179,51,2835,13365,100
2786679682316203,163179,51,2835,13365,100
2786679687429527,163179,51,2835,13365,100
2786679692544351,163179,51,2835,13365,100
2786679697658481,163179,51,2835,13365,100
2786679702772346,163179,51,2835,13365,100
2786679707886886,163179,51,2835,13365,100
2786679713019767,163179,51,2835,13365,100
2786679718136687,163179,51,2835,13365,100
2786679723251772,163179,51,2835,13365,100
2786679728366442,163179,51,2835,13365,100
2786679733481126,163179,51,2835,13365,100
2786679738605293,163179,51,2835,13365,100
2786679743720988,163179,51,2835,13365,100
2786679748837593,163179,51,2835,13365,100
2786679753954364,163179,51,2835,13365,100
2786679759070988,163179,51,2835,13365,100
2786679764187317,163179,51,2835,13365,100
2786679769305210,163179,51,2835,13365,100
2786679774421395,163179,51,2835,13365,100
2786679779538520,163179,51,2835,13365,100
2786679784655530,163179,51,2835,13365,100
2786679789772264,163179,51,2835,13365,100
2786679794889017,163179,51,2835,13365,100
2786679800028403,163179,51,2835,13365,100
2786679805163089,163179,51,2835,13365,100
2786679810279539,163179,51,2835,13365,100
2786679815405374,163179,51,2835,13365,100
2786679820523054,163179,51,2835,13365,100
2786679825640183,163179,51,2835,13365,100
2786679830806942,163179,51,2835,13365,100
2786679835925011,163179,51,2835,13365,100
2786679841042347,163179,51,2835,13365,100
2786679846160047,163179,51,2835,13365,100
2786679851277288,163179,51,2835,13365,100
2786679856395109,163179,51,2835,13365,100
2786679861512861,163179,51,2835,13365,100
2786679866631099,163179,51,2835,13365,100
2786679871749777,163179,51,2835,13365,100
2786679876866978,163179,51,2835,13365,100
2786679881984482,163179,51,2835,13365,100
2786679887124151,163179,51,2835,13365,100
2786679892241503,163179,51,2835,13365,100
2786679897359015,163179,51,2835,13365,100
2786679902476379,163179,51,2835,13365,100
2786679907593492,163179,51,2835,13365,100
2786679912711052,163179,51,2835,13365,100
2786679917829369,163179,51,2835,13365,100
2786679922948109,163179,51,2835,13365,100
2786679928065526,163179,51,2835,13365,100
2786679933182576,163179,51,2835,13365,100
2786679938299955,163179,51,2835,13365,100
2786679943417252,163179,51,2835,13365,100
2786679948535442,163179,51,2835,13365,100
2786679953652655,163179,51,2835,13365,100
2786679958770351,163179,51,2835,13365,100
2786679963888332,163179,51,2835,13365,100
2786679969027568,163179,51,2835,13365,100
2786679974146669,163179,51,2835,13365,100
2786679979264041,163179,51,2835,13365,100
2786679984381625,163179,51,2835,13365,100
2786679989499073,163179,51,2835,13365,100
2786679994616382,163179,51,2835,13365,100
2786679999734293,163179,51,2835,13365,100
2786680004852550,163179,51,2835,13365,100
2786680009969935,163179,51,2835,13365,100
2786680015087328,163179,51,2835,13365,100
2786680020205360,163179,51,2835,13365,100
2786680025324488,163179,51,2835,13365,100
2786680030442272,163179,51,2835,13365,100
2786680035559503,163179,51,2835,13365,100
2786680040676549,163179,51,2835,13365,100
2786680045794220,163179,51,2835,13365,100
2786680050911506,163179,51,2835,13365,100
2786680056029175,163179,51,2835,13365,100
2786680061146663,163179,51,2835,13365,100
2786680066264509,163179,51,2835,13365,100
2786680071381836,163179,51,2835,13365,100
2786680076500800,163179,51,2835,13365,100
2786680081618388,163179,51,2835,13365,100
2786680086735427,163179,51,2835,13365,100
2786680091852833,163179,51,2835,13365,100
2786680096970421,163179,51,2835,13365,100
2786680102087850,163179,51,2835,13365,100
2786680107205043,163179,51,2835,13365,100
2786680112322309,163179,51,2835,13365,100
2786680117439503,163179,51,2835,13365,100
2786680122556731,163179,51,2835,13365,100
2786680127675882,163179,51,2835,13365,100
2786680132793005,163179,51,2835,13365,100
2786680137910451,163179,51,2835,13365,100
2786680143028045,163179,51,2835,13365,100
2786680148144653,163181,51,2835,13365,100
2786680153262537,163181,51,2835,13365,100
2786680158382178,163181,51,2835,13365,100
2786680163499647,163181,51,2835,13365,100
2786680168617830,163181,51,2835,13365,100
2786680173735859,163181,51,2835,13365,100
2786680178854904,163181,51,2835,13365,100
2786680183972052,163181,51,2835,13365,100
2786680189090472,163181,51,2835,13365,100
2786680194209012,163181,51,2835,13365,100
2786680199326213,163181,51,2835,13365,100
2786680204443641,163181,51,2835,13365,100
2786680209581210,163181,51,2835,13365,100
2786680214698604,163181,51,2835,13365,100
2786680219815590,163181,51,2835,13365,100
2786680224931999,163181,51,2835,13365,100
2786680230049469,163181,51,2835,13365,100
2786680235166261,163181,51,2835,13365,100
2786680240283591,163181,51,2835,13365,100
2786680245401268,163181,51,2835,13365,100
2786680250519412,163181,51,2835,13365,100
2786680255637996,163181,51,2835,13365,100
2786680260755425,163181,51,2835,13365,100
2786680265872849,163181,51,2835,13365,100
2786680270990146,163181,51,2835,13365,100
2786680276126978,163181,51,2835,13365,100
2786680281245462,163181,51,2835,13365,100
2786680286363210,163181,51,2835,13365,100
2786680291480515,163181,51,2835,13365,100
2786680296597812,163181,51,2835,13365,100
2786680301715336,163181,51,2835,13365,100
2786680306833408,163181,51,2835,13365,100
2786680311950993,163181,51,2835,13365,100
2786680317068437,163181,51,2835,13365,100
2786680322185837,163181,51,2835,13365,100
2786680327303112,163181,51,2835,13365,100
2786680332421818,163181,51,2835,13365,100
2786680337540499,163181,51,2835,13365,100
2786680342658165,163181,51,2835,13365,100
2786680347775804,163181,51,2835,13365,100
2786680352893356,163181,51,2835,13365,100
2786680358031932,163181,51,2835,13365,100
2786680363149664,163181,51,2835,13365,100
2786680368266813,163181,51,2835,13365,100
2786680373383906,163181,51,2835,13365,100
2786680378510334,163181,51,2835,13365,100
2786680383629068,163181,51,2835,13365,100
2786680388746530,163181,51,2835,13365,100
2786680393864494,163181,51,2835,13365,100
2786680398982523,163181,51,2835,13365,100
2786680404121771,163181,51,2835,13365,100
2786680409241036,163181,51,2835,13365,100
2786680414359416,163181,51,2835,13365,100
2786680419477620,163181,51,2835,13365,100
2786680424594920,163181,51,2835,13365,100
2786680429712365,163181,51,2835,13365,100
2786680434831853,163181,51,2835,13365,100
2786680439949482,163181,51,2835,13365,100
2786680445066754,163181,51,2835,13365,100
2786680450183926,163181,51,2835,13365,100
2786680455300861,163181,51,2835,13365,100
2786680460435535,163181,51,2835,13365,100
2786680465553359,163181,51,2835,13365,100
2786680470671196,163181,51,2835,13365,100
2786680475788858,163181,51,2835,13365,100
2786680480906616,163181,51,2835,13365,100
2786680486025413,163181,51,2835,13365,100
2786680491142897,163181,51,2835,13365,100
2786680496260105,163181,51,2835,13365,100
2786680501378302,163181,51,2835,13365,100
2786680506495843,163181,51,2835,13365,100
2786680511613189,163181,51,2835,13365,100
2786680516730491,163181,51,2835,13365,100
2786680521848063,163181,51,2835,13365,100
2786680526965435,163181,51,2835,13365,100
2786680532083748,163181,51,2835,13365,100
2786680537203184,163181,51,2835,13365,100
2786680542320825,163181,51,2835,13365,100
2786680547437985,163181,51,2835,13365,100
2786680552555466,163181,51,2835,13365,100
2786680557673083,163181,51,2835,13365,100
2786680562790546,163181,51,2835,13365,100
2786680567908835,163181,51,2835,13365,100
2786680573026761,163181,51,2835,13365,100
2786680578144075,163181,51,2835,13365,100
2786680583261404,163181,51,2835,13365,100
2786680588379856,163181,51,2835,13365,100
2786680593497199,163181,51,2835,13365,100
2786680598616961,163181,51,2835,13365,100
2786680603734786,163181,51,2835,13365,100
2786680608852642,163181,51,2835,13365,100
2786680613970184,163181,51,2835,13365,100
2786680619088850,163181,51,2835,13365,100
2786680624206233,163181,51,2835,13365,100
2786680629324009,163181,51,2835,13365,100
2786680634441528,163181,51,2835,13365,100
2786680639560708,163181,51,2835,13365,100
2786680644677945,163181,51,2835,13365,100
2786680649806269,163161,51,2835,13365,100
2786680654923553,163161,51,2835,13365,100
2786680660040896,163161,51,2835,13365,100
2786680665158150,163161,51,2835,13365,100
2786680670276184,163161,51,2835,13365,100
2786680675393518,163161,51,2835,13365,100
2786680680511007,163161,51,2835,13365,100
2786680685629199,163161,51,2835,13365,100
2786680690748169,163161,51,2835,13365,100
2786680695865676,163161,51,2835,13365,100
2786680700982716,163161,51,2835,13365,100
2786680706130684,163161,51,2835,13365,100
2786680711247817,163161,51,2835,13365,100
2786680716366158,163161,51,2835,13365,100
2786680721483797,163161,51,2835,13365,100
2786680726600954,163161,51,2835,13365,100
2786680731718386,163161,51,2835,13365,100
2786680736836230,163161,51,2835,13365,100
2786680741954975,163161,51,2835,13365,100
2786680747072883,163161,51,2835,13365,100
2786680752190104,163161,51,2835,13365,100
2786680757307698,163161,51,2835,13365,100
2786680762425169,163161,51,2835,13365,100
2786680767542581,163161,51,2835,13365,100
2786680772660437,163161,51,2835,13365,100
2786680777777570,163161,51,2835,13365,100
2786680782895370,163161,51,2835,13365,100
2786680788033626,163161,51,2835,13365,100
2786680793152369,163161,51,2835,13365,100
2786680798269843,163161,51,2835,13365,100
2786680803395447,163161,51,2835,13365,100
2786680808512771,163161,51,2835,13365,100
2786680813629980,163161,51,2835,13365,100
2786680818747291,163161,51,2835,13365,100
2786680823864525,163161,51,2835,13365,100
2786680828981993,163161,51,2835,13365,100
2786680834118038,163161,51,2835,13365,100
2786680839235150,163161,51,2835,13365,100
2786680844353634,163161,51,2835,13365,100
2786680849471135,163161,51,2835,13365,100
2786680854588661,163161,51,2835,13365,100
2786680859705935,163161,51,2835,13365,100
2786680864823198,163161,51,2835,13365,100
2786680869941128,163161,51,2835,13365,100
2786680875058292,163161,51,2835,13365,100
2786680880175861,163161,51,2835,13365,100
2786680885293265,163161,51,2835,13365,100
2786680890410394,163161,51,2835,13365,100
2786680895530766,163161,51,2835,13365,100
2786680900648574,163161,51,2835,13365,100
2786680905765631,163161,51,2835,13365,100
2786680910883357,163161,51,2835,13365,100
2786680916023768,163161,51,2835,13365,100
2786680921141176,163161,51,2835,13365,100
2786680926258336,163161,51,2835,13365,100
2786680931375347,163161,51,2835,13365,100
2786680936492501,163161,51,2835,13365,100
2786680941609917,163161,51,2835,13365,100
2786680946728858,163161,51,2835,13365,100
2786680951846424,163161,51,2835,13365,100
2786680956963622,163161,51,2835,13365,100
2786680962081655,163161,51,2835,13365,100
2786680967199459,163161,51,2835,13365,100
2786680972316731,163161,51,2835,13365,100
2786680977434184,163161,51,2835,13365,100
2786680982563784,163161,51,2835,13365,100
2786680987681457,163161,51,2835,13365,100
2786680992799125,163161,51,2835,13365,100
2786680997918178,163161,51,2835,13365,100
2786681003035873,163161,51,2835,13365,100
2786681008153542,163161,51,2835,13365,100
2786681013271318,163161,51,2835,13365,100
2786681018389174,163161,51,2835,13365,100
2786681023507087,163161,51,2835,13365,100
2786681028624535,163161,51,2835,13365,100
2786681033741887,163161,51,2835,13365,100
2786681038859456,163161,51,2835,13365,100
2786681043976996,163161,51,2835,13365,100
2786681049096727,163161,51,2835,13365,100
2786681054214393,163161,51,2835,13365,100
2786681059331716,163161,51,2835,13365,100
2786681064448914,163161,51,2835,13365,100
2786681069566546,163161,51,2835,13365,100
2786681074683742,163161,51,2835,13365,100
2786681079802267,163161,51,2835,13365,100
2786681084942316,163161,51,2835,13365,100
2786681090059624,163161,51,2835,13365,100
2786681095176408,163161,51,2835,13365,100
2786681100295998,163161,51,2835,13365,100
2786681105413353,163161,51,2835,13365,100
2786681110530494,163161,51,2835,13365,100
2786681115665605,163161,51,2835,13365,100
2786681120783590,163161,51,2835,13365,100
2786681125901187,163161,51,2835,13365,100
2786681131037024,163161,51,2835,13365,100
2786681136154414,163161,51,2835,13365,100
2786681141271955,163161,51,2835,13365,100
2786681146389699,163161,51,2835,13365,100
2786681151509074,163120,51,2835,13365,100
2786681156626572,163120,51,2835,13365,100
2786681161744341,163120,51,2835,13365,100
2786681166861589,163120,51,2835,13365,100
2786681171978986,163120,51,2835,13365,100
2786681177096265,163120,51,2835,13365,100
2786681182213974,163120,51,2835,13365,100
2786681187331274,163120,51,2835,13365,100
2786681192448769,163120,51,2835,13365,100
2786681197581533,163120,51,2835,13365,100
2786681202700212,163120,51,2835,13365,100
2786681207818002,163120,51,2835,13365,100
2786681212935188,163120,51,2835,13365,100
2786681218052880,163120,51,2835,13365,100
2786681223170285,163120,51,2835,13365,100
2786681228288029,163120,51,2835,13365,100
2786681233405522,163120,51,2835,13365,100
2786681238522810,163120,51,2835,13365,100
2786681243640407,163120,51,2835,13365,100
2786681248758575,163120,51,2835,13365,100
2786681253877041,163120,51,2835,13365,100
2786681258994691,163120,51,2835,13365,100
2786681264129032,163120,51,2835,13365,100
2786681269246416,163120,51,2835,13365,100
2786681274363666,163120,51,2835,13365,100
2786681279481116,163120,51,2835,13365,100
2786681284598666,163120,51,2835,13365,100
2786681289716085,163120,51,2835,13365,100
2786681294833266,163120,51,2835,13365,100
2786681299950694,163120,51,2835,13365,100
2786681305069963,163120,51,2835,13365,100
2786681310187867,163120,51,2835,13365,100
2786681315305236,163120,51,2835,13365,100
2786681320422940,163120,51,2835,13365,100
2786681325538964,163120,51,2835,13365,100
2786681330656745,163120,51,2835,13365,100
2786681335774061,163120,51,2835,13365,100
2786681340891437,163120,51,2835,13365,100
2786681345984873,163120,51,2835,13365,100
2786681351123418,163120,51,2835,13365,100
2786681356242311,163120,51,2835,13365,100
2786681361359633,163120,51,2835,13365,100
2786681366476732,163120,51,2835,13365,100
2786681371593748,163120,51,2835,13365,100
2786681376710632,163120,51,2835,13365,100
2786681381828520,163120,51,2835,13365,100
2786681386945923,163120,51,2835,13365,100
2786681392063354,163120,51,2835,13365,100
2786681397180737,163120,51,2835,13365,100
2786681402298068,163120,51,2835,13365,100
2786681407417426,163120,51,2835,13365,100
2786681412534823,163120,51,2835,13365,100
2786681417651471,163120,51,2835,13365,100
2786681422769264,163120,51,2835,13365,100
2786681427886783,163120,51,2835,13365,100
2786681433026708,163120,51,2835,13365,100
2786681438143844,163120,51,2835,13365,100
2786681443261096,163120,51,2835,13365,100
2786681448378502,163120,51,2835,13365,100
2786681453496025,163120,51,2835,13365,100
2786681458614574,163120,51,2835,13365,100
2786681463731918,163120,51,2835,13365,100
2786681468849147,163120,51,2835,13365,100
2786681473966037,163120,51,2835,13365,100
2786681479083163,163120,51,2835,13365,100
2786681484200771,163120,51,2835,13365,100
2786681489318037,163120,51,2835,13365,100
2786681494435505,163120,51,2835,13365,100
2786681499553060,163120,51,2835,13365,100
2786681504671005,163120,51,2835,13365,100
2786681509789458,163120,51,2835,13365,100
2786681514906814,163120,51,2835,13365,100
2786681520026730,163120,51,2835,13365,100
2786681525144366,163120,51,2835,13365,100
2786681530261671,163120,51,2835,13365,100
2786681535379391,163120,51,2835,13365,100
2786681540496734,163120,51,2835,13365,100
2786681545614160,163120,51,2835,13365,100
2786681550731397,163120,51,2835,13365,100
2786681555848605,163120,51,2835,13365,100
2786681560967697,163120,51,2835,13365,100
2786681566085742,163120,51,2835,13365,100
2786681571215982,163120,51,2835,13365,100
2786681576333356,163120,51,2835,13365,100
2786681581450514,163120,51,2835,13365,100
2786681586567839,163120,51,2835,13365,100
2786681591685359,163120,51,2835,13365,100
2786681596802683,163120,51,2835,13365,100
2786681601936378,163120,51,2835,13365,100
2786681607053468,163120,51,2835,13365,100
2786681612177396,163120,51,2835,13365,100
2786681617294971,163120,51,2835,13365,100
2786681622410585,163120,51,2835,13365,100
2786681627526830,163120,51,2835,13365,100
2786681632643452,163120,51,2835,13365,100
2786681637759803,163120,51,2835,13365,100
2786681642875523,163120,51,2835,13365,100
2786681647991571,163132,51,2835,13365,100
2786681653124288,163132,51,2835,13365,100
2786681658240426,163132,51,2835,13365,100
2786681663358509,163132,51,2835,13365,100
2786681668475261,163132,51,2835,13365,100
2786681673596565,163132,51,2835,13365,100
2786681678713497,163132,51,2835,13365,100
2786681683830581,163132,51,2835,13365,100
2786681688948367,163132,51,2835,13365,100
2786681694065335,163132,51,2835,13365,100
2786681699183055,163132,51,2835,13365,100
2786681704300540,163132,51,2835,13365,100
2786681709418310,163132,51,2835,13365,100
2786681714537024,163132,51,2835,13365,100
2786681719654481,163132,51,2835,13365,100
2786681724772303,163132,51,2835,13365,100
2786681729890941,163132,51,2835,13365,100
2786681735031465,163132,51,2835,13365,100
2786681740149994,163132,51,2835,13365,100
2786681745267570,163132,51,2835,13365,100
2786681750385083,163132,51,2835,13365,100
2786681755502602,163132,51,2835,13365,100
2786681760634481,163132,51,2835,13365,100
2786681765753376,163132,51,2835,13365,100
2786681770888980,163132,51,2835,13365,100
2786681776023716,163132,51,2835,13365,100
2786681781141804,163132,51,2835,13365,100
2786681786259390,163132,51,2835,13365,100
2786681791376755,163132,51,2835,13365,100
2786681796494189,163132,51,2835,13365,100
2786681801611894,163132,51,2835,13365,100
2786681806729852,163132,51,2835,13365,100
2786681811847759,163132,51,2835,13365,100
2786681816966515,163132,51,2835,13365,100
2786681822084647,163132,51,2835,13365,100
2786681827201924,163132,51,2835,13365,100
2786681832320016,163132,51,2835,13365,100
2786681837437906,163132,51,2835,13365,100
2786681842554696,163132,51,2835,13365,100
2786681847672355,163132,51,2835,13365,100
2786681852793772,163132,51,2835,13365,100
2786681857911422,163132,51,2835,13365,100
2786681863029499,163132,51,2835,13365,100
2786681868148314,163132,51,2835,13365,100
2786681873266079,163132,51,2835,13365,100
2786681878384394,163132,51,2835,13365,100
2786681883502066,163132,51,2835,13365,100
2786681888619337,163132,51,2835,13365,100
2786681893737092,163132,51,2835,13365,100
2786681898854817,163132,51,2835,13365,100
2786681903973141,163132,51,2835,13365,100
2786681909090709,163132,51,2835,13365,100
2786681914208146,163132,51,2835,13365,100
2786681919326798,163132,51,2835,13365,100
2786681924444342,163132,51,2835,13365,100
2786681929561919,163132,51,2835,13365,100
2786681934679555,163132,51,2835,13365,100
2786681939797314,163132,51,2835,13365,100
2786681944915072,163132,51,2835,13365,100
2786681950032855,163132,51,2835,13365,100
2786681955150632,163132,51,2835,13365,100
2786681960268463,163132,51,2835,13365,100
2786681965386817,163132,51,2835,13365,100
2786681970505647,163132,51,2835,13365,100
2786681975623957,163132,51,2835,13365,100
2786681980741881,163132,51,2835,13365,100
2786681985859055,163132,51,2835,13365,100
2786681990976644,163132,51,2835,13365,100
2786681996094344,163132,51,2835,13365,100
2786682001212124,163132,51,2835,13365,100
2786682006330221,163132,51,2835,13365,100
2786682011447789,163132,51,2835,13365,100
2786682016565681,163132,51,2835,13365,100
2786682021684584,163132,51,2835,13365,100
2786682026802622,163132,51,2835,13365,100
2786682031920150,163132,51,2835,13365,100
2786682037038059,163132,51,2835,13365,100
2786682042156267,163132,51,2835,13365,100
2786682047273827,163132,51,2835,13365,100
2786682052391192,163132,51,2835,13365,100
2786682057508941,163132,51,2835,13365,100
2786682062626229,163132,51,2835,13365,100
2786682067743397,163132,51,2835,13365,100
2786682072862745,163132,51,2835,13365,100
2786682077980522,163132,51,2835,13365,100
2786682083119870,163132,51,2835,13365,100
2786682088237493,163132,51,2835,13365,100
2786682093355205,163132,51,2835,13365,100
2786682098472729,163132,51,2835,13365,100
2786682103590164,163132,51,2835,13365,100
2786682108707403,163132,51,2835,13365,100
2786682113824233,163132,51,2835,13365,100
2786682118941848,163132,51,2835,13365,100
2786682124060698,163132,51,2835,13365,100
2786682129178117,163132,51,2835,13365,100
2786682134295670,163132,51,2835,13365,100
2786682139412971,163132,51,2835,13365,100
2786682144529374,163132,51,2835,13365,100
2786682149646819,163131,51,2835,13365,100
2786682154764584,163131,51,2835,13365,100
2786682159882663,163131,51,2835,13365,100
2786682165022368,163131,51,2835,13365,100
2786682170140536,163131,51,2835,13365,100
2786682175258701,163131,51,2835,13365,100
2786682180375664,163131,51,2835,13365,100
2786682185492569,163131,51,2835,13365,100
2786682190608946,163131,51,2835,13365,100
2786682195725554,163131,51,2835,13365,100
2786682200843118,163131,51,2835,13365,100
2786682205960146,163131,51,2835,13365,100
2786682211077563,163131,51,2835,13365,100
2786682216194731,163131,51,2835,13365,100
2786682221312288,163131,51,2835,13365,100
2786682226431856,163131,51,2835,13365,100
2786682231549981,163131,51,2835,13365,100
2786682236667614,163131,51,2835,13365,100
2786682241785226,163131,51,2835,13365,100
2786682246902957,163131,51,2835,13365,100
2786682252021090,163131,51,2835,13365,100
2786682257138464,163131,51,2835,13365,100
2786682262255955,163131,51,2835,13365,100
2786682267374095,163131,51,2835,13365,100
2786682272492348,163131,51,2835,13365,100
2786682277610762,163131,51,2835,13365,100
2786682282767876,163131,51,2835,13365,100
2786682287885517,163131,51,2835,13365,100
2786682293024233,163131,51,2835,13365,100
2786682298142569,163131,51,2835,13365,100
2786682303259690,163131,51,2835,13365,100
2786682308376898,163131,51,2835,13365,100
2786682313493964,163131,51,2835,13365,100
2786682318611189,163131,51,2835,13365,100
2786682323728559,163131,51,2835,13365,100
2786682328848087,163131,51,2835,13365,100
2786682333965340,163131,51,2835,13365,100
2786682339082421,163131,51,2835,13365,100
2786682344199812,163131,51,2835,13365,100
2786682349316715,163131,51,2835,13365,100
2786682354434074,163131,51,2835,13365,100
2786682359551973,163131,51,2835,13365,100
2786682364669581,163131,51,2835,13365,100
2786682369807138,163131,51,2835,13365,100
2786682374924986,163131,51,2835,13365,100
2786682380045234,163131,51,2835,13365,100
2786682385167475,163131,51,2835,13365,100
2786682390284988,163131,51,2835,13365,100
2786682395400896,163131,51,2835,13365,100
2786682400516679,163131,51,2835,13365,100
2786682405633110,163131,51,2835,13365,100
2786682410749789,163131,51,2835,13365,100
2786682415866565,163131,51,2835,13365,100
2786682420982576,163131,51,2835,13365,100
2786682426135350,163131,51,2835,13365,100
2786682431253265,163131,51,2835,13365,100
2786682436369795,163131,51,2835,13365,100
2786682441484301,163131,51,2835,13365,100
2786682446598887,163131,51,2835,13365,100
2786682451714584,163131,51,2835,13365,100
2786682456830794,163131,51,2835,13365,100
2786682461946837,163131,51,2835,13365,100
2786682467062681,163131,51,2835,13365,100
2786682472178274,163131,51,2835,13365,100
2786682477292142,163131,51,2835,13365,100
2786682482407068,163131,51,2835,13365,100
2786682487521642,163131,51,2835,13365,100
2786682492635599,163131,51,2835,13365,100
2786682497750571,163131,51,2835,13365,100
2786682502866035,163131,51,2835,13365,100
2786682507981569,163131,51,2835,13365,100
2786682513110729,163131,51,2835,13365,100
2786682518225749,163131,51,2835,13365,100
2786682523339473,163131,51,2835,13365,100
2786682528453142,163131,51,2835,13365,100
2786682533568550,163131,51,2835,13365,100
2786682538684624,163131,51,2835,13365,100
2786682543799534,163131,51,2835,13365,100
2786682548914145,163131,51,2835,13365,100
2786682554028424,163131,51,2835,13365,100
2786682559141368,163131,51,2835,13365,100
2786682564254357,163131,51,2835,13365,100
2786682569380641,163131,51,2835,13365,100
2786682574494133,163131,51,2835,13365,100
2786682579608486,163131,51,2835,13365,100
2786682584732674,163131,51,2835,13365,100
2786682589847228,163131,51,2835,13365,100
2786682594961963,163131,51,2835,13365,100
2786682600075383,163131,51,2835,13365,100
2786682605187943,163131,51,2835,13365,100
2786682610301712,163131,51,2835,13365,100
2786682615415130,163131,51,2835,13365,100
2786682620528393,163131,51,2835,13365,100
2786682625643411,163131,51,2835,13365,100
2786682630758361,163131,51,2835,13365,100
2786682635874033,163131,51,2835,13365,100
2786682640987403,163131,51,2835,13365,100
2786682646125229,163131,51,2835,13365,100
2786682651238641,163082,51,2835,13365,100
2786682656351917,163082,51,2835,13365,100
2786682661465809,163082,51,2835,13365,100
2786682666580144,163082,51,2835,13365,100
2786682671694129,163082,51,2835,13365,100
2786682676807975,163082,51,2835,13365,100
2786682681920929,163082,51,2835,13365,100
2786682687035938,163082,51,2835,13365,100
2786682692168346,163082,51,2835,13365,100
2786682697282274,163082,51,2835,13365,100
2786682702396763,163082,51,2835,13365,100
2786682707510363,163082,51,2835,13365,100
2786682712624911,163082,51,2835,13365,100
2786682717738703,163082,51,2835,13365,100
2786682722867680,163082,51,2835,13365,100
2786682727982681,163082,51,2835,13365,100
2786682733115929,163082,51,2835,13365,100
2786682738231597,163082,51,2835,13365,100
2786682743346058,163082,51,2835,13365,100
2786682748460242,163082,51,2835,13365,100
2786682753575175,163082,51,2835,13365,100
2786682758689883,163082,51,2835,13365,100
2786682763805975,163082,51,2835,13365,100
2786682768921476,163082,51,2835,13365,100
2786682774036996,163082,51,2835,13365,100
2786682779152317,163082,51,2835,13365,100
2786682784267837,163082,51,2835,13365,100
2786682789384731,163082,51,2835,13365,100
2786682794499889,163082,51,2835,13365,100
2786682799616082,163082,51,2835,13365,100
2786682804731339,163082,51,2835,13365,100
2786682809847062,163082,51,2835,13365,100
2786682814963231,163082,51,2835,13365,100
2786682820079411,163082,51,2835,13365,100
2786682825196033,163082,51,2835,13365,100
2786682830313240,163082,51,2835,13365,100
2786682835429516,163082,51,2835,13365,100
2786682840547301,163082,51,2835,13365,100
2786682845663758,163082,51,2835,13365,100
2786682850781026,163082,51,2835,13365,100
2786682855899070,163082,51,2835,13365,100
2786682861036122,163082,51,2835,13365,100
2786682866154559,163082,51,2835,13365,100
2786682871272571,163082,51,2835,13365,100
2786682876389855,163082,51,2835,13365,100
2786682881507244,163082,51,2835,13365,100
2786682886624796,163082,51,2835,13365,100
2786682891743413,163082,51,2835,13365,100
2786682896861753,163082,51,2835,13365,100
2786682901979565,163082,51,2835,13365,100
2786682907097546,163082,51,2835,13365,100
2786682912215122,163082,51,2835,13365,100
2786682917332982,163082,51,2835,13365,100
2786682922450445,163082,51,2835,13365,100
2786682927567983,163082,51,2835,13365,100
2786682932696375,163082,51,2835,13365,100
2786682937814687,163082,51,2835,13365,100
2786682942933497,163082,51,2835,13365,100
2786682948051167,163082,51,2835,13365,100
2786682953168819,163082,51,2835,13365,100
2786682958286423,163082,51,2835,13365,100
2786682963403805,163082,51,2835,13365,100
2786682968524170,163082,51,2835,13365,100
2786682973642247,163082,51,2835,13365,100
2786682978759419,163082,51,2835,13365,100
2786682983876437,163082,51,2835,13365,100
2786682988994164,163082,51,2835,13365,100
2786682994136152,163082,51,2835,13365,100
2786682999253836,163082,51,2835,13365,100
2786683004343884,163082,51,2835,13365,100
2786683009460605,163082,51,2835,13365,100
2786683014585213,163082,51,2835,13365,100
2786683019702502,163082,51,2835,13365,100
2786683024820078,163082,51,2835,13365,100
2786683029937214,163082,51,2835,13365,100
2786683035054435,163082,51,2835,13365,100
2786683040171527,163082,51,2835,13365,100
2786683045290304,163082,51,2835,13365,100
2786683050407174,163082,51,2835,13365,100
2786683055524824,163082,51,2835,13365,100
2786683060642137,163082,51,2835,13365,100
2786683065759813,163082,51,2835,13365,100
2786683070877305,163082,51,2835,13365,100
2786683075994763,163082,51,2835,13365,100
2786683081153509,163082,51,2835,13365,100
2786683086270970,163082,51,2835,13365,100
2786683091388471,163082,51,2835,13365,100
2786683096507363,163082,51,2835,13365,100
2786683101624591,163082,51,2835,13365,100
2786683106741556,163082,51,2835,13365,100
2786683111858640,163082,51,2835,13365,100
2786683116975860,163082,51,2835,13365,100
2786683122093345,163082,51,2835,13365,100
2786683127211134,163082,51,2835,13365,100
2786683132328546,163082,51,2835,13365,100
2786683137446294,163082,51,2835,13365,100
2786683142563538,163082,51,2835,13365,100
2786683147682584,163082,51,2835,13365,100
2786683152799527,163021,51,2835,13365,100
2786683157916987,163021,51,2835,13365,100
2786683163034644,163021,51,2835,13365,100
2786683168152152,163021,51,2835,13365,100
2786683173269333,163021,51,2835,13365,100
2786683178386557,163021,51,2835,13365,100
2786683183513081,163021,51,2835,13365,100
2786683188630677,163021,51,2835,13365,100
2786683193748326,163021,51,2835,13365,100
2786683198884290,163021,51,2835,13365,100
2786683204025814,163021,51,2835,13365,100
2786683209143155,163021,51,2835,13365,100
2786683214260251,163021,51,2835,13365,100
2786683219377392,163021,51,2835,13365,100
2786683224494642,163021,51,2835,13365,100
2786683229611981,163021,51,2835,13365,100
2786683234729213,163021,51,2835,13365,100
2786683239846893,163021,51,2835,13365,100
2786683244964181,163021,51,2835,13365,100
2786683250083137,163021,51,2835,13365,100
2786683255200418,163021,51,2835,13365,100
2786683260317802,163021,51,2835,13365,100
2786683265435183,163021,51,2835,13365,100
2786683270552421,163021,51,2835,13365,100
2786683275669595,163021,51,2835,13365,100
2786683280786896,163021,51,2835,13365,100
2786683285904204,163021,51,2835,13365,100
2786683291021532,163021,51,2835,13365,100
2786683296139123,163021,51,2835,13365,100
2786683301257653,163021,51,2835,13365,100
2786683306375112,163021,51,2835,13365,100
2786683311492230,163021,51,2835,13365,100
2786683316609114,163021,51,2835,13365,100
2786683321726653,163021,51,2835,13365,100
2786683326843903,163021,51,2835,13365,100
2786683331961112,163021,51,2835,13365,100
2786683337078608,163021,51,2835,13365,100
2786683342195497,163021,51,2835,13365,100
2786683347312816,163021,51,2835,13365,100
2786683352431665,163021,51,2835,13365,100
2786683357549098,163021,51,2835,13365,100
2786683362666770,163021,51,2835,13365,100
2786683367784184,163021,51,2835,13365,100
2786683372901558,163021,51,2835,13365,100
2786683378039883,163021,51,2835,13365,100
2786683383156757,163021,51,2835,13365,100
2786683388274036,163021,51,2835,13365,100
2786683393391384,163021,51,2835,13365,100
2786683398508591,163021,51,2835,13365,100
2786683403627424,163021,51,2835,13365,100
2786683408744597,163021,51,2835,13365,100
2786683413862557,163021,51,2835,13365,100
2786683418979854,163021,51,2835,13365,100
2786683424115827,163021,51,2835,13365,100
2786683429233137,163021,51,2835,13365,100
2786683434350491,163021,51,2835,13365,100
2786683439467455,163021,51,2835,13365,100
2786683444584659,163021,51,2835,13365,100
2786683449702084,163021,51,2835,13365,100
2786683454821513,163021,51,2835,13365,100
2786683459938632,163021,51,2835,13365,100
2786683465055673,163021,51,2835,13365,100
2786683470172885,163021,51,2835,13365,100
2786683475290082,163021,51,2835,13365,100
2786683480407714,163021,51,2835,13365,100
2786683485525083,163021,51,2835,13365,100
2786683490642571,163021,51,2835,13365,100
2786683495759912,163021,51,2835,13365,100
2786683500877556,163021,51,2835,13365,100
2786683505996376,163021,51,2835,13365,100
2786683511135316,163021,51,2835,13365,100
2786683516252804,163021,51,2835,13365,100
2786683521369945,163021,51,2835,13365,100
2786683526487273,163021,51,2835,13365,100
2786683531604414,163021,51,2835,13365,100
2786683536722382,163021,51,2835,13365,100
2786683541840038,163021,51,2835,13365,100
2786683546957010,163021,51,2835,13365,100
2786683552075261,163021,51,2835,13365,100
2786683557194128,163021,51,2835,13365,100
2786683562311472,163021,51,2835,13365,100
2786683567428833,163021,51,2835,13365,100
2786683572546217,163021,51,2835,13365,100
2786683577663753,163021,51,2835,13365,100
2786683582781337,163021,51,2835,13365,100
2786683587898622,163021,51,2835,13365,100
2786683593034611,163021,51,2835,13365,100
2786683598170541,163021,51,2835,13365,100
2786683603288838,163021,51,2835,13365,100
2786683608407667,163021,51,2835,13365,100
2786683613525536,163021,51,2835,13365,100
2786683618643018,163021,51,2835,13365,100
2786683623760501,163021,51,2835,13365,100
2786683628877992,163021,51,2835,13365,100
2786683633995644,163021,51,2835,13365,100
2786683639132010,163021,51,2835,13365,100
2786683644250054,163021,51,2835,13365,100
2786683649367354,163030,51,2835,13365,100
2786683654484948,163030,51,2835,13365,100
2786683659603922,163030,51,2835,13365,100
2786683664721075,163030,51,2835,13365,100
2786683669838235,163030,51,2835,13365,100
2786683674955255,163030,51,2835,13365,100
2786683680072456,163030,51,2835,13365,100
2786683685189860,163030,51,2835,13365,100
2786683690306752,163030,51,2835,13365,100
2786683695423985,163030,51,2835,13365,100
2786683700540214,163030,51,2835,13365,100
2786683705657860,163030,51,2835,13365,100
2786683710776482,163030,51,2835,13365,100
2786683715893895,163030,51,2835,13365,100
2786683721031831,163030,51,2835,13365,100
2786683726149250,163030,51,2835,13365,100
2786683731266436,163030,51,2835,13365,100
2786683736401256,163030,51,2835,13365,100
2786683741518624,163030,51,2835,13365,100
2786683746635933,163030,51,2835,13365,100
2786683751753097,163030,51,2835,13365,100
2786683756870750,163030,51,2835,13365,100
2786683761989628,163030,51,2835,13365,100
2786683767123882,163030,51,2835,13365,100
2786683772241283,163030,51,2835,13365,100
2786683777358999,163030,51,2835,13365,100
2786683782476307,163030,51,2835,13365,100
2786683787593615,163030,51,2835,13365,100
2786683792711046,163030,51,2835,13365,100
2786683797828338,163030,51,2835,13365,100
2786683802946504,163030,51,2835,13365,100
2786683808063905,163030,51,2835,13365,100
2786683813183053,163030,51,2835,13365,100
2786683818300868,163030,51,2835,13365,100
2786683823418718,163030,51,2835,13365,100
2786683828536010,163030,51,2835,13365,100
2786683833653215,163030,51,2835,13365,100
2786683838770751,163030,51,2835,13365,100
2786683843888079,163030,51,2835,13365,100
2786683849022468,163030,51,2835,13365,100
2786683854140200,163030,51,2835,13365,100
2786683859257301,163030,51,2835,13365,100
2786683864376222,163030,51,2835,13365,100
2786683869493705,163030,51,2835,13365,100
2786683874610726,163030,51,2835,13365,100
2786683879728250,163030,51,2835,13365,100
2786683884845827,163030,51,2835,13365,100
2786683889963182,163030,51,2835,13365,100
2786683895080454,163030,51,2835,13365,100
2786683900198087,163030,51,2835,13365,100
2786683905315324,163030,51,2835,13365,100
2786683910432701,163030,51,2835,13365,100
2786683915550401,163030,51,2835,13365,100
2786683920667809,163030,51,2835,13365,100
2786683925785509,163030,51,2835,13365,100
2786683930902857,163030,51,2835,13365,100
2786683936020628,163030,51,2835,13365,100
2786683941137866,163030,51,2835,13365,100
2786683946255607,163030,51,2835,13365,100
2786683951372977,163030,51,2835,13365,100
2786683956490472,163030,51,2835,13365,100
2786683961607596,163030,51,2835,13365,100
2786683966727624,163030,51,2835,13365,100
2786683971845259,163030,51,2835,13365,100
2786683976962682,163030,51,2835,13365,100
2786683982081201,163030,51,2835,13365,100
2786683987198526,163030,51,2835,13365,100
2786683992315806,163030,51,2835,13365,100
2786683997433423,163030,51,2835,13365,100
2786684002551553,163030,51,2835,13365,100
2786684007668559,163030,51,2835,13365,100
2786684012785734,163030,51,2835,13365,100
2786684017905564,163030,51,2835,13365,100
2786684023022992,163030,51,2835,13365,100
2786684028140237,163030,51,2835,13365,100
2786684033257221,163030,51,2835,13365,100
2786684038374545,163030,51,2835,13365,100
2786684043491786,163030,51,2835,13365,100
2786684048609583,163030,51,2835,13365,100
2786684053726895,163030,51,2835,13365,100
2786684058844131,163030,51,2835,13365,100
2786684063961467,163030,51,2835,13365,100
2786684069080352,163030,51,2835,13365,100
2786684074197636,163030,51,2835,13365,100
2786684079315673,163030,51,2835,13365,100
2786684084432975,163030,51,2835,13365,100
2786684089549853,163030,51,2835,13365,100
2786684094667184,163030,51,2835,13365,100
2786684099784066,163030,51,2835,13365,100
2786684104901698,163030,51,2835,13365,100
2786684110038995,163030,51,2835,13365,100
2786684115156287,163030,51,2835,13365,100
2786684120275255,163030,51,2835,13365,100
2786684125392736,163030,51,2835,13365,100
2786684130510149,163030,51,2835,13365,100
2786684135627679,163030,51,2835,13365,100
2786684140744903,163030,51,2835,13365,100
2786684145862168,163030,51,2835,13365,100
2786684150979861,163126,51,2835,13365,100
2786684156115704,163126,51,2835,13365,100
2786684161232662,163126,51,2835,13365,100
2786684166349924,163126,51,2835,13365,100
2786684171468369,163126,51,2835,13365,100
2786684176585756,163126,51,2835,13365,100
2786684181702920,163126,51,2835,13365,100
2786684186820217,163126,51,2835,13365,100
2786684191937329,163126,51,2835,13365,100
2786684197054769,163126,51,2835,13365,100
2786684202172154,163126,51,2835,13365,100
2786684207289773,163126,51,2835,13365,100
2786684212407099,163126,51,2835,13365,100
2786684217530042,163126,51,2835,13365,100
2786684222649043,163126,51,2835,13365,100
2786684227766275,163126,51,2835,13365,100
2786684232883496,163126,51,2835,13365,100
2786684238022460,163126,51,2835,13365,100
2786684243140648,163126,51,2835,13365,100
2786684248258168,163126,51,2835,13365,100
2786684253375287,163126,51,2835,13365,100
2786684258492503,163126,51,2835,13365,100
2786684263609850,163126,51,2835,13365,100
2786684268727242,163126,51,2835,13365,100
2786684273846304,163126,51,2835,13365,100
2786684278963343,163126,51,2835,13365,100
2786684284080495,163126,51,2835,13365,100
2786684289197899,163126,51,2835,13365,100
2786684294315136,163126,51,2835,13365,100
2786684299432478,163126,51,2835,13365,100
2786684304549572,163126,51,2835,13365,100
2786684309666849,163126,51,2835,13365,100
2786684314784353,163126,51,2835,13365,100
2786684319901976,163126,51,2835,13365,100
2786684325039294,163126,51,2835,13365,100
2786684330156484,163126,51,2835,13365,100
2786684335273682,163126,51,2835,13365,100
2786684340390813,163126,51,2835,13365,100
2786684345508296,163126,51,2835,13365,100
2786684350625640,163126,51,2835,13365,100
2786684355743012,163126,51,2835,13365,100
2786684360860373,163126,51,2835,13365,100
2786684365978041,163126,51,2835,13365,100
2786684371095569,163126,51,2835,13365,100
2786684376214866,163126,51,2835,13365,100
2786684381332194,163126,51,2835,13365,100
2786684386449191,163126,51,2835,13365,100
2786684391582743,163126,51,2835,13365,100
2786684396700323,163126,51,2835,13365,100
2786684401818471,163126,51,2835,13365,100
2786684406936203,163126,51,2835,13365,100
2786684412053260,163126,51,2835,13365,100
2786684417170506,163126,51,2835,13365,100
2786684422287977,163126,51,2835,13365,100
2786684427407822,163126,51,2835,13365,100
2786684432524846,163126,51,2835,13365,100
2786684437642286,163126,51,2835,13365,100
2786684442768362,163126,51,2835,13365,100
2786684447885387,163126,51,2835,13365,100
2786684453024731,163126,51,2835,13365,100
2786684458141919,163126,51,2835,13365,100
2786684463258751,163126,51,2835,13365,100
2786684468376424,163126,51,2835,13365,100
2786684473493594,163126,51,2835,13365,100
2786684478612119,163126,51,2835,13365,100
2786684483729193,163126,51,2835,13365,100
2786684488846589,163126,51,2835,13365,100
2786684493963450,163126,51,2835,13365,100
2786684499080394,163126,51,2835,13365,100
2786684504198275,163126,51,2835,13365,100
2786684509315527,163126,51,2835,13365,100
2786684514433200,163126,51,2835,13365,100
2786684519550444,163126,51,2835,13365,100
2786684524667732,163126,51,2835,13365,100
2786684529786624,163126,51,2835,13365,100
2786684534904269,163126,51,2835,13365,100
2786684540021561,163126,51,2835,13365,100
2786684545138966,163126,51,2835,13365,100
2786684550256212,163126,51,2835,13365,100
2786684555373806,163126,51,2835,13365,100
2786684560490861,163126,51,2835,13365,100
2786684565608135,163126,51,2835,13365,100
2786684570725339,163126,51,2835,13365,100
2786684575842794,163126,51,2835,13365,100
2786684580961204,163126,51,2835,13365,100
2786684586078785,163126,51,2835,13365,100
2786684591196325,163126,51,2835,13365,100
2786684596313521,163126,51,2835,13365,100
2786684601430785,163126,51,2835,13365,100
2786684606548366,163126,51,2835,13365,100
2786684611665579,163126,51,2835,13365,100
2786684616782662,163126,51,2835,13365,100
2786684621899913,163126,51,2835,13365,100
2786684627039223,163126,51,2835,13365,100
2786684632157688,163126,51,2835,13365,100
2786684637274846,163126,51,2835,13365,100
2786684642392493,163126,51,2835,13365,100
2786684647509815,163126,51,2835,13365,100
2786684652627067,163299,51,2835,13365,100
2786684657744453,163299,51,2835,13365,100
2786684662862546,163299,51,2835,13365,100
2786684667980202,163299,51,2835,13365,100
2786684673114146,163299,51,2835,13365,100
2786684678231439,163299,51,2835,13365,100
2786684683350006,163299,51,2835,13365,100
2786684688467370,163299,51,2835,13365,100
2786684693584628,163299,51,2835,13365,100
2786684698702408,163299,51,2835,13365,100
2786684703820293,163299,51,2835,13365,100
2786684708937781,163299,51,2835,13365,100
2786684714054918,163299,51,2835,13365,100
2786684719172451,163299,51,2835,13365,100
2786684724290022,163299,51,2835,13365,100
2786684729408403,163299,51,2835,13365,100
2786684734527831,163299,51,2835,13365,100
2786684739645181,163299,51,2835,13365,100
2786684744762756,163299,51,2835,13365,100
2786684749879910,163299,51,2835,13365,100
2786684754997132,163299,51,2835,13365,100
2786684760135417,163299,51,2835,13365,100
2786684765252733,163299,51,2835,13365,100
2786684770370118,163299,51,2835,13365,100
2786684775487426,163299,51,2835,13365,100
2786684780604602,163299,51,2835,13365,100
2786684785723442,163299,51,2835,13365,100
2786684790841211,163299,51,2835,13365,100
2786684795958516,163299,51,2835,13365,100
2786684801076859,163299,51,2835,13365,100
2786684806194536,163299,51,2835,13365,100
2786684811312300,163299,51,2835,13365,100
2786684816429653,163299,51,2835,13365,100
2786684821545931,163299,51,2835,13365,100
2786684826663255,163299,51,2835,13365,100
2786684831783162,163299,51,2835,13365,100
2786684836901642,163299,51,2835,13365,100
2786684842022450,163299,51,2835,13365,100
2786684847139379,163299,51,2835,13365,100
2786684852256550,163299,51,2835,13365,100
2786684857376028,163299,51,2835,13365,100
2786684862493336,163299,51,2835,13365,100
2786684867622876,163299,51,2835,13365,100
2786684872740701,163299,51,2835,13365,100
2786684877857881,163299,51,2835,13365,100
2786684882975456,163299,51,2835,13365,100
2786684888093954,163299,51,2835,13365,100
2786684893211526,163299,51,2835,13365,100
2786684898328987,163299,51,2835,13365,100
2786684903446347,163299,51,2835,13365,100
2786684908563672,163299,51,2835,13365,100
2786684913681400,163299,51,2835,13365,100
2786684918798288,163299,51,2835,13365,100
2786684923915580,163299,51,2835,13365,100
2786684929032915,163299,51,2835,13365,100
2786684934150005,163299,51,2835,13365,100
2786684939268846,163299,51,2835,13365,100
2786684944386034,163299,51,2835,13365,100
2786684949503158,163299,51,2835,13365,100
2786684954620515,163299,51,2835,13365,100
2786684959737887,163299,51,2835,13365,100
2786684964855306,163299,51,2835,13365,100
2786684969973532,163299,51,2835,13365,100
2786684975090816,163299,51,2835,13365,100
2786684980208448,163299,51,2835,13365,100
2786684985325669,163299,51,2835,13365,100
2786684990443857,163299,51,2835,13365,100
2786684995561425,163299,51,2835,13365,100
2786685000679356,163299,51,2835,13365,100
2786685005797030,163299,51,2835,13365,100
2786685010914555,163299,51,2835,13365,100
2786685016032135,163299,51,2835,13365,100
2786685021149594,163299,51,2835,13365,100
2786685026267064,163299,51,2835,13365,100
2786685031384997,163299,51,2835,13365,100
2786685036502476,163299,51,2835,13365,100
2786685041620981,163299,51,2835,13365,100
2786685046756316,163299,51,2835,13365,100
2786685051873642,163299,51,2835,13365,100
2786685056990738,163299,51,2835,13365,100
2786685062132143,163299,51,2835,13365,100
2786685067249767,163299,51,2835,13365,100
2786685072367075,163299,51,2835,13365,100
2786685077483975,163299,51,2835,13365,100
2786685082601572,163299,51,2835,13365,100
2786685087718772,163299,51,2835,13365,100
2786685092837504,163299,51,2835,13365,100
2786685097954793,163299,51,2835,13365,100
2786685103072091,163299,51,2835,13365,100
2786685108189616,163299,51,2835,13365,100
2786685113306958,163299,51,2835,13365,100
2786685118424597,163299,51,2835,13365,100
2786685123540654,163299,51,2835,13365,100
2786685128657611,163299,51,2835,13365,100
2786685133774992,163299,51,2835,13365,100
2786685138892407,163299,51,2835,13365,100
2786685144031638,163299,51,2835,13365,100
2786685149149452,163355,51,2835,13365,100
2786685154266407,163355,51,2835,13365,100
2786685159383499,163355,51,2835,13365,100
2786685164501138,163355,51,2835,13365,100
2786685169618526,163355,51,2835,13365,100
2786685174736054,163355,51,2835,13365,100
2786685179853723,163355,51,2835,13365,100
2786685184971608,163355,51,2835,13365,100
2786685190089518,163355,51,2835,13365,100
2786685195208082,163355,51,2835,13365,100
2786685200325032,163355,51,2835,13365,100
2786685205442191,163355,51,2835,13365,100
2786685210556953,163355,51,2835,13365,100
2786685215672600,163355,51,2835,13365,100
2786685220788737,163355,51,2835,13365,100
2786685225904948,163355,51,2835,13365,100
2786685231021393,163355,51,2835,13365,100
2786685236137231,163355,51,2835,13365,100
2786685241254160,163355,51,2835,13365,100
2786685246372828,163355,51,2835,13365,100
2786685251489930,163355,51,2835,13365,100
2786685256607035,163355,51,2835,13365,100
2786685261724149,163355,51,2835,13365,100
2786685266841323,163355,51,2835,13365,100
2786685271958813,163355,51,2835,13365,100
2786685277076752,163355,51,2835,13365,100
2786685282194296,163355,51,2835,13365,100
2786685287311487,163355,51,2835,13365,100
2786685292428803,163355,51,2835,13365,100
2786685297547110,163355,51,2835,13365,100
2786685302664436,163355,51,2835,13365,100
2786685307782036,163355,51,2835,13365,100
2786685312899645,163355,51,2835,13365,100
2786685318037556,163355,51,2835,13365,100
2786685323166973,163355,51,2835,13365,100
2786685328263430,163355,51,2835,13365,100
2786685333381346,163355,51,2835,13365,100
2786685338498238,163355,51,2835,13365,100
2786685343620742,163355,51,2835,13365,100
2786685348739039,163355,51,2835,13365,100
2786685353855951,163355,51,2835,13365,100
2786685358972560,163355,51,2835,13365,100
2786685364088676,163355,51,2835,13365,100
2786685369254924,163355,51,2835,13365,100
2786685374370661,163355,51,2835,13365,100
2786685379486221,163355,51,2835,13365,100
2786685384602445,163355,51,2835,13365,100
2786685389717388,163355,51,2835,13365,100
2786685394832612,163355,51,2835,13365,100
2786685399950110,163355,51,2835,13365,100
2786685405072923,163355,51,2835,13365,100
2786685410224175,163355,51,2835,13365,100
2786685415343687,163355,51,2835,13365,100
2786685420457583,163355,51,2835,13365,100
2786685425570573,163355,51,2835,13365,100
2786685430683537,163355,51,2835,13365,100
2786685435797861,163355,51,2835,13365,100
2786685440911957,163355,51,2835,13365,100
2786685446026078,163355,51,2835,13365,100
2786685451140050,163355,51,2835,13365,100
2786685456252143,163355,51,2835,13365,100
2786685461364029,163355,51,2835,13365,100
2786685466475883,163355,51,2835,13365,100
2786685471588438,163355,51,2835,13365,100
2786685476701000,163355,51,2835,13365,100
2786685481814469,163355,51,2835,13365,100
2786685486926819,163355,51,2835,13365,100
2786685492039914,163355,51,2835,13365,100
2786685497160762,163355,51,2835,13365,100
2786685502280638,163355,51,2835,13365,100
2786685507392149,163355,51,2835,13365,100
2786685512503633,163355,51,2835,13365,100
2786685517616697,163355,51,2835,13365,100
2786685522729228,163355,51,2835,13365,100
2786685527841934,163355,51,2835,13365,100
2786685532953764,163355,51,2835,13365,100
2786685538069177,163355,51,2835,13365,100
2786685543228452,163355,51,2835,13365,100
2786685548339324,163355,51,2835,13365,100
2786685553459756,163355,51,2835,13365,100
2786685558570730,163355,51,2835,13365,100
2786685563683166,163355,51,2835,13365,100
2786685568795671,163355,51,2835,13365,100
2786685573908246,163355,51,2835,13365,100
2786685579019643,163355,51,2835,13365,100
2786685584136649,163355,51,2835,13365,100
2786685589257524,163355,51,2835,13365,100
2786685594368669,163355,51,2835,13365,100
2786685599480361,163355,51,2835,13365,100
2786685604594718,163355,51,2835,13365,100
2786685609707542,163355,51,2835,13365,100
2786685614819626,163355,51,2835,13365,100
2786685619930571,163355,51,2835,13365,100
2786685625043183,163355,51,2835,13365,100
2786685630206207,163355,51,2835,13365,100
2786685635317518,163355,51,2835,13365,100
2786685640446220,163355,51,2835,13365,100
2786685645558740,163355,51,2835,13365,100
2786685650670861,163293,51,2835,13365,100
2786685655783369,163293,51,2835,13365,100
2786685660894766,163293,51,2835,13365,100
2786685666024598,163293,51,2835,13365,100
2786685671137056,163293,51,2835,13365,100
2786685676249146,163293,51,2835,13365,100
2786685681361352,163293,51,2835,13365,100
2786685686473430,163293,51,2835,13365,100
2786685691585712,163293,51,2835,13365,100
2786685696698224,163293,51,2835,13365,100
2786685701828817,163293,51,2835,13365,100
2786685706943553,163293,51,2835,13365,100
2786685712056637,163293,51,2835,13365,100
2786685717169890,163293,51,2835,13365,100
2786685722283511,163293,51,2835,13365,100
2786685727397339,163293,51,2835,13365,100
2786685732511663,163293,51,2835,13365,100
2786685737625719,163293,51,2835,13365,100
2786685742739264,163293,51,2835,13365,100
2786685747853689,163293,51,2835,13365,100
2786685752966701,163293,51,2835,13365,100
2786685758082463,163293,51,2835,13365,100
2786685763196573,163293,51,2835,13365,100
2786685768310220,163293,51,2835,13365,100
2786685773423551,163293,51,2835,13365,100
2786685778537551,163293,51,2835,13365,100
2786685783651983,163293,51,2835,13365,100
2786685788767159,163293,51,2835,13365,100
2786685793882672,163293,51,2835,13365,100
2786685798997560,163293,51,2835,13365,100
2786685804132325,163293,51,2835,13365,100
2786685809249517,163293,51,2835,13365,100
2786685814365472,163293,51,2835,13365,100
2786685819480125,163293,51,2835,13365,100
2786685824595494,163293,51,2835,13365,100
2786685829710785,163293,51,2835,13365,100
2786685834825363,163293,51,2835,13365,100
2786685839945443,163293,51,2835,13365,100
2786685845062067,163293,51,2835,13365,100
2786685850178828,163293,51,2835,13365,100
2786685855344952,163293,51,2835,13365,100
2786685860462351,163293,51,2835,13365,100
2786685865578263,163293,51,2835,13365,100
2786685870694119,163293,51,2835,13365,100
2786685875809911,163293,51,2835,13365,100
2786685880925048,163293,51,2835,13365,100
2786685886041006,163293,51,2835,13365,100
2786685891174570,163293,51,2835,13365,100
2786685896288821,163293,51,2835,13365,100
2786685901402131,163293,51,2835,13365,100
2786685906516604,163293,51,2835,13365,100
2786685911633108,163293,51,2835,13365,100
2786685916747437,163293,51,2835,13365,100
2786685921860005,163293,51,2835,13365,100
2786685926973377,163293,51,2835,13365,100
2786685932087202,163293,51,2835,13365,100
2786685937201126,163293,51,2835,13365,100
2786685942330379,163293,51,2835,13365,100
2786685947443555,163293,51,2835,13365,100
2786685952556879,163293,51,2835,13365,100
2786685957681359,163293,51,2835,13365,100
2786685962795896,163293,51,2835,13365,100
2786685967910256,163293,51,2835,13365,100
2786685973024157,163293,51,2835,13365,100
2786685978136821,163293,51,2835,13365,100
2786685983249669,163293,51,2835,13365,100
2786685988363706,163293,51,2835,13365,100
2786685993477354,163293,51,2835,13365,100
2786685998600567,163293,51,2835,13365,100
2786686003713381,163293,51,2835,13365,100
2786686008827407,163293,51,2835,13365,100
2786686013942750,163293,51,2835,13365,100
2786686019056756,163293,51,2835,13365,100
2786686024170271,163293,51,2835,13365,100
2786686029284115,163293,51,2835,13365,100
2786686034398260,163293,51,2835,13365,100
2786686039519644,163293,51,2835,13365,100
2786686044638794,163293,51,2835,13365,100
2786686049753079,163293,51,2835,13365,100
2786686054867665,163293,51,2835,13365,100
2786686059982040,163293,51,2835,13365,100
2786686065112224,163293,51,2835,13365,100
2786686070226852,163293,51,2835,13365,100
2786686075341229,163293,51,2835,13365,100
2786686080455418,163293,51,2835,13365,100
2786686085568451,163293,51,2835,13365,100
2786686090680988,163293,51,2835,13365,100
2786686095795212,163293,51,2835,13365,100
2786686100909170,163293,51,2835,13365,100
2786686106023567,163293,51,2835,13365,100
2786686111138104,163293,51,2835,13365,100
2786686116254315,163293,51,2835,13365,100
2786686121368504,163293,51,2835,13365,100
2786686126482612,163293,51,2835,13365,100
2786686131595421,163293,51,2835,13365,100
2786686136710085,163293,51,2835,13365,100
2786686141823606,163293,51,2835,13365,100
2786686146937370,163293,51,2835,13365,100
2786686152066846,163162,51,2835,13365,100
2786686157179934,163162,51,2835,13365,100
2786686162294267,163162,51,2835,13365,100
2786686167409547,163162,51,2835,13365,100
2786686172523724,163162,51,2835,13365,100
2786686177638157,163162,51,2835,13365,100
2786686182751396,163162,51,2835,13365,100
2786686187865629,163162,51,2835,13365,100
2786686192980083,163162,51,2835,13365,100
2786686198093490,163162,51,2835,13365,100
2786686203207923,163162,51,2835,13365,100
2786686208322036,163162,51,2835,13365,100
2786686213435219,163162,51,2835,13365,100
2786686218551412,163162,51,2835,13365,100
2786686223664512,163162,51,2835,13365,100
2786686228778596,163162,51,2835,13365,100
2786686233892305,163162,51,2835,13365,100
2786686239020783,163162,51,2835,13365,100
2786686244133954,163162,51,2835,13365,100
2786686249247230,163162,51,2835,13365,100
2786686254360294,163162,51,2835,13365,100
2786686259471927,163162,51,2835,13365,100
2786686264584175,163162,51,2835,13365,100
2786686269698216,163162,51,2835,13365,100
2786686274810792,163162,51,2835,13365,100
2786686279923300,163162,51,2835,13365,100
2786686285035664,163162,51,2835,13365,100
2786686290160973,163162,51,2835,13365,100
2786686295272533,163162,51,2835,13365,100
2786686300384242,163162,51,2835,13365,100
2786686305495918,163162,51,2835,13365,100
2786686310607411,163162,51,2835,13365,100
2786686315719195,163162,51,2835,13365,100
2786686320834127,163162,51,2835,13365,100
2786686325946959,163162,51,2835,13365,100
2786686331059280,163162,51,2835,13365,100
2786686336171433,163162,51,2835,13365,100
2786686341284123,163162,51,2835,13365,100
2786686346397193,163162,51,2835,13365,100
2786686351511710,163162,51,2835,13365,100
2786686356641430,163162,51,2835,13365,100
2786686361755701,163162,51,2835,13365,100
2786686366869331,163162,51,2835,13365,100
2786686371985089,163162,51,2835,13365,100
2786686377117548,163162,51,2835,13365,100
2786686382238896,163162,51,2835,13365,100
2786686387352024,163162,51,2835,13365,100
2786686392465041,163162,51,2835,13365,100
2786686397578125,163162,51,2835,13365,100
2786686402690838,163162,51,2835,13365,100
2786686407804008,163162,51,2835,13365,100
2786686412918504,163162,51,2835,13365,100
2786686418032198,163162,51,2835,13365,100
2786686423147835,163162,51,2835,13365,100
2786686428261918,163162,51,2835,13365,100
2786686433375922,163162,51,2835,13365,100
2786686438490212,163162,51,2835,13365,100
2786686443604125,163162,51,2835,13365,100
2786686448718690,163162,51,2835,13365,100
2786686453833767,163162,51,2835,13365,100
2786686458948218,163162,51,2835,13365,100
2786686464063358,163162,51,2835,13365,100
2786686469178520,163162,51,2835,13365,100
2786686474294455,163162,51,2835,13365,100
2786686479409727,163162,51,2835,13365,100
2786686484524212,163162,51,2835,13365,100
2786686489639525,163162,51,2835,13365,100
2786686494754804,163162,51,2835,13365,100
2786686499870372,163162,51,2835,13365,100
2786686504985973,163162,51,2835,13365,100
2786686510124962,163162,51,2835,13365,100
2786686515240332,163162,51,2835,13365,100
2786686520355811,163162,51,2835,13365,100
2786686525488121,163162,51,2835,13365,100
2786686530604673,163162,51,2835,13365,100
2786686535721299,163162,51,2835,13365,100
2786686540837980,163162,51,2835,13365,100
2786686545954684,163162,51,2835,13365,100
2786686551071136,163162,51,2835,13365,100
2786686556188060,163162,51,2835,13365,100
2786686561305330,163162,51,2835,13365,100
2786686566422502,163162,51,2835,13365,100
2786686571539062,163162,51,2835,13365,100
2786686576657770,163162,51,2835,13365,100
2786686581775249,163162,51,2835,13365,100
2786686586896751,163162,51,2835,13365,100
2786686592042983,163162,51,2835,13365,100
2786686597160356,163162,51,2835,13365,100
2786686602277960,163162,51,2835,13365,100
2786686607396564,163162,51,2835,13365,100
2786686612512433,163162,51,2835,13365,100
2786686617629399,163162,51,2835,13365,100
2786686622745918,163162,51,2835,13365,100
2786686627864842,163162,51,2835,13365,100
2786686632981290,163162,51,2835,13365,100
2786686638112277,163162,51,2835,13365,100
2786686643228791,163162,51,2835,13365,100
2786686648343880,163116,51,2835,13365,100
2786686653459568,163116,51,2835,13365,100
2786686658575374,163116,51,2835,13365,100
2786686663691079,163116,51,2835,13365,100
2786686668806492,163116,51,2835,13365,100
2786686673922029,163116,51,2835,13365,100
2786686679039226,163116,51,2835,13365,100
2786686684165471,163116,51,2835,13365,100
2786686689281715,163116,51,2835,13365,100
2786686694397178,163116,51,2835,13365,100
2786686699513995,163116,51,2835,13365,100
2786686704630794,163116,51,2835,13365,100
2786686709748231,163116,51,2835,13365,100
2786686714866502,163116,51,2835,13365,100
2786686719983976,163116,51,2835,13365,100
2786686725122625,163116,51,2835,13365,100
2786686730241830,163116,51,2835,13365,100
2786686735359405,163116,51,2835,13365,100
2786686740477034,163116,51,2835,13365,100
2786686745594682,163116,51,2835,13365,100
2786686750712055,163116,51,2835,13365,100
2786686755830217,163116,51,2835,13365,100
2786686760947416,163116,51,2835,13365,100
2786686766065208,163116,51,2835,13365,100
2786686771183110,163116,51,2835,13365,100
2786686776300944,163116,51,2835,13365,100
2786686781419868,163116,51,2835,13365,100
2786686786538161,163116,51,2835,13365,100
2786686791655753,163116,51,2835,13365,100
2786686796773425,163116,51,2835,13365,100
2786686801891431,163116,51,2835,13365,100
2786686807033034,163116,51,2835,13365,100
2786686812150751,163116,51,2835,13365,100
2786686817268208,163116,51,2835,13365,100
2786686822385543,163116,51,2835,13365,100
2786686827503372,163116,51,2835,13365,100
2786686832622456,163116,51,2835,13365,100
2786686837740156,163116,51,2835,13365,100
2786686842858261,163116,51,2835,13365,100
2786686847975581,163116,51,2835,13365,100
2786686853093260,163116,51,2835,13365,100
2786686858210454,163116,51,2835,13365,100
2786686863328049,163116,51,2835,13365,100
2786686868445643,163116,51,2835,13365,100
2786686873563752,163116,51,2835,13365,100
2786686878681335,163116,51,2835,13365,100
2786686883800746,163116,51,2835,13365,100
2786686888918564,163116,51,2835,13365,100
2786686894036541,163116,51,2835,13365,100
2786686899154229,163116,51,2835,13365,100
2786686904278537,163116,51,2835,13365,100
2786686909396750,163116,51,2835,13365,100
2786686914514278,163116,51,2835,13365,100
2786686919631777,163116,51,2835,13365,100
2786686924749311,163116,51,2835,13365,100
2786686929866435,163116,51,2835,13365,100
2786686934985636,163116,51,2835,13365,100
2786686940125207,163116,51,2835,13365,100
2786686945242876,163116,51,2835,13365,100
2786686950360849,163116,51,2835,13365,100
2786686955478293,163116,51,2835,13365,100
2786686960595921,163116,51,2835,13365,100
2786686965713778,163116,51,2835,13365,100
2786686970832890,163116,51,2835,13365,100
2786686975950194,163116,51,2835,13365,100
2786686981067451,163116,51,2835,13365,100
2786686986186843,163116,51,2835,13365,100
2786686991304740,163116,51,2835,13365,100
2786686996422032,163116,51,2835,13365,100
2786687001545741,163116,51,2835,13365,100
2786687006663860,163116,51,2835,13365,100
2786687011798949,163116,51,2835,13365,100
2786687016916174,163116,51,2835,13365,100
2786687022033586,163116,51,2835,13365,100
2786687027151534,163116,51,2835,13365,100
2786687032269422,163116,51,2835,13365,100
2786687037389263,163116,51,2835,13365,100
2786687042507051,163116,51,2835,13365,100
2786687047632299,163116,51,2835,13365,100
2786687052749660,163116,51,2835,13365,100
2786687057870513,163116,51,2835,13365,100
2786687062988338,163116,51,2835,13365,100
2786687068135876,163116,51,2835,13365,100
2786687073256557,163116,51,2835,13365,100
2786687078377405,163116,51,2835,13365,100
2786687083498694,163116,51,2835,13365,100
2786687088621174,163116,51,2835,13365,100
2786687093716254,163116,51,2835,13365,100
2786687098837019,163116,51,2835,13365,100
2786687103958593,163116,51,2835,13365,100
2786687109066676,163116,51,2835,13365,100
2786687114187632,163116,51,2835,13365,100
2786687119306716,163116,51,2835,13365,100
2786687124424421,163116,51,2835,13365,100
2786687129545153,163116,51,2835,13365,100
2786687134665839,163116,51,2835,13365,100
2786687139785438,163116,51,2835,13365,100
2786687144906762,163116,51,2835,13365,100
2786687150028772,162082,50,2835,13365,75
2786687155151011,162082,50,2835,13365,75
2786687160275839,162082,50,2835,13365,75
2786687165406767,162082,50,2835,13365,75
2786687170529463,162082,50,2835,13365,75
2786687175651844,162082,50,2835,13365,75
2786687180776208,162082,50,2835,13365,75
2786687185898569,162082,50,2835,13365,75
2786687191023115,162082,50,2835,13365,75
2786687196146185,162082,50,2835,13365,75
2786687201268356,162082,50,2835,13365,75
2786687206391230,162082,50,2835,13365,75
2786687211517510,162082,50,2835,13365,75
2786687216639891,162082,50,2835,13365,75
2786687221762223,162082,50,2835,13365,75
2786687226881723,162082,50,2835,13365,75
2786687232029282,162082,50,2835,13365,75
2786687237152059,162082,50,2835,13365,75
2786687242276423,162082,50,2835,13365,75
2786687247399082,162082,50,2835,13365,75
2786687252521428,162082,50,2835,13365,75
2786687257643525,162082,50,2835,13365,75
2786687262767033,162082,50,2835,13365,75
2786687267888930,162082,50,2835,13365,75
2786687273027610,162082,50,2835,13365,75
2786687278149694,162082,50,2835,13365,75
2786687283271683,162082,50,2835,13365,75
2786687288391459,162082,50,2835,13365,75
2786687293515942,162082,50,2835,13365,75
2786687298638292,162082,50,2835,13365,75
2786687303764727,162082,50,2835,13365,75
2786687308884620,162082,50,2835,13365,75
2786687314024884,162082,50,2835,13365,75
2786687319145048,162082,50,2835,13365,75
2786687324268753,162082,50,2835,13365,75
2786687329387924,162082,50,2835,13365,75
2786687334510942,162082,50,2835,13365,75
2786687339633506,162082,50,2835,13365,75
2786687344757350,162082,50,2835,13365,75
2786687349852187,162082,50,2835,13365,75
