monotonic_ns,board_power_mw,temperature_c,graphics_clock_mhz,memory_clock_mhz,utilization_percent
2792245403963842,563124,79,2775,13365,100
2792245410441494,563124,79,2775,13365,100
2792245415555185,563124,79,2775,13365,100
2792245420677773,563124,79,2775,13365,100
2792245425795785,563124,79,2775,13365,100
2792245430918809,563124,79,2775,13365,100
2792245436039299,563124,79,2775,13365,100
2792245441158179,563124,79,2775,13365,100
2792245446279255,563124,79,2775,13365,100
2792245451396755,563124,79,2775,13365,100
2792245456518959,563124,79,2775,13365,100
2792245461640120,563124,79,2775,13365,100
2792245466767454,563124,79,2775,13365,100
2792245471891460,563124,79,2775,13365,100
2792245477028108,563124,79,2775,13365,100
2792245482150997,563124,79,2775,13365,100
2792245487278218,563124,79,2775,13365,100
2792245492399181,563124,79,2775,13365,100
2792245497518874,563124,79,2775,13365,100
2792245502639837,563124,79,2775,13365,100
2792245507762439,563124,79,2775,13365,100
2792245512890535,563124,79,2775,13365,100
2792245518029004,563124,79,2775,13365,100
2792245523150183,563124,79,2775,13365,100
2792245528271016,563124,79,2775,13365,100
2792245533392276,563124,79,2775,13365,100
2792245538512901,563124,79,2775,13365,100
2792245543634217,563124,79,2775,13365,100
2792245548759385,563124,79,2775,13365,100
2792245553879629,563124,79,2775,13365,100
2792245559023806,563124,79,2775,13365,100
2792245564144587,563124,79,2775,13365,100
2792245569268922,563124,79,2775,13365,100
2792245574399197,563124,79,2775,13365,100
2792245579556834,563124,79,2775,13365,100
2792245584680067,563124,79,2775,13365,100
2792245589800119,563124,79,2775,13365,100
2792245594940720,563124,79,2775,13365,100
2792245600060444,563124,79,2775,13365,100
2792245605180530,563124,79,2775,13365,100
2792245610302254,495733,69,2775,13365,0
2792245615425189,495733,69,2775,13365,0
2792245620545149,495733,69,2775,13365,0
2792245625670148,495733,69,2775,13365,0
2792245630800410,495733,69,2775,13365,0
2792245635921363,495733,69,2775,13365,0
2792245641041011,495733,69,2775,13365,0
2792245646160857,495733,69,2775,13365,0
2792245651282540,495733,69,2775,13365,0
2792245656403400,495733,69,2775,13365,0
2792245661526285,495733,69,2775,13365,0
2792245666651017,495733,69,2775,13365,0
2792245671772517,495733,69,2775,13365,0
2792245676894537,495733,69,2775,13365,0
2792245682033916,495733,69,2775,13365,0
2792245687152202,495733,69,2775,13365,0
2792245692270506,495733,69,2775,13365,0
2792245697391151,495733,69,2775,13365,0
2792245702528939,495733,69,2775,13365,0
2792245707648179,495733,69,2775,13365,0
2792245712767438,495733,69,2775,13365,0
2792245717887168,495733,69,2775,13365,0
2792245723023636,495733,69,2775,13365,0
2792245728141696,495733,69,2775,13365,0
2792245733259071,495733,69,2775,13365,0
2792245738376436,495733,69,2775,13365,0
2792245743493826,495733,69,2775,13365,0
2792245748638450,495733,69,2775,13365,0
2792245753756107,495733,69,2775,13365,0
2792245758876019,495733,69,2775,13365,0
2792245763994763,495733,69,2775,13365,0
2792245769131540,495733,69,2775,13365,0
2792245774248552,495733,69,2775,13365,0
2792245779366290,495733,69,2775,13365,0
2792245784483424,495733,69,2775,13365,0
2792245789601249,495733,69,2775,13365,0
2792245794719629,495733,69,2775,13365,0
2792245799838842,495733,69,2775,13365,0
2792245804956106,495733,69,2775,13365,0
2792245810073778,495733,69,2775,13365,0
2792245815192827,495733,69,2775,13365,0
2792245820310575,495733,69,2775,13365,0
2792245825427952,495733,69,2775,13365,0
2792245830546856,495733,69,2775,13365,0
2792245835664028,495733,69,2775,13365,0
2792245840781981,495733,69,2775,13365,0
2792245845899929,495733,69,2775,13365,0
2792245851038589,495733,69,2775,13365,0
2792245856156605,495733,69,2775,13365,0
2792245861273973,495733,69,2775,13365,0
2792245866393139,495733,69,2775,13365,0
2792245871511043,495733,69,2775,13365,0
2792245876628199,495733,69,2775,13365,0
2792245881745843,495733,69,2775,13365,0
2792245886865049,495733,69,2775,13365,0
2792245891982232,495733,69,2775,13365,0
2792245897118012,495733,69,2775,13365,0
2792245902235449,495733,69,2775,13365,0
2792245907352399,495733,69,2775,13365,0
2792245912469718,495733,69,2775,13365,0
2792245917587434,495733,69,2775,13365,0
2792245922704930,495733,69,2775,13365,0
2792245927822751,495733,69,2775,13365,0
2792245932939787,495733,69,2775,13365,0
2792245938057655,495733,69,2775,13365,0
2792245943174599,495733,69,2775,13365,0
2792245948291884,495733,69,2775,13365,0
2792245953409593,495733,69,2775,13365,0
2792245958528963,495733,69,2775,13365,0
2792245963646701,495733,69,2775,13365,0
2792245968765001,495733,69,2775,13365,0
2792245973881662,495733,69,2775,13365,0
2792245978998870,495733,69,2775,13365,0
2792245984138123,495733,69,2775,13365,0
2792245989255191,495733,69,2775,13365,0
2792245994372608,495733,69,2775,13365,0
2792245999489758,495733,69,2775,13365,0
2792246004606896,495733,69,2775,13365,0
2792246009724272,495733,69,2775,13365,0
2792246014841571,495733,69,2775,13365,0
2792246019959497,495733,69,2775,13365,0
2792246025086767,495733,69,2775,13365,0
2792246030203684,495733,69,2775,13365,0
2792246035320638,495733,69,2775,13365,0
2792246040437573,495733,69,2775,13365,0
2792246045554507,495733,69,2775,13365,0
2792246050671435,495733,69,2775,13365,0
2792246055791128,495733,69,2775,13365,0
2792246060907852,495733,69,2775,13365,0
2792246066025004,495733,69,2775,13365,0
2792246071144299,495733,69,2775,13365,0
2792246076261438,495733,69,2775,13365,0
2792246081378446,495733,69,2775,13365,0
2792246086495425,495733,69,2775,13365,0
2792246091614566,495733,69,2775,13365,0
2792246096731887,495733,69,2775,13365,0
2792246101849323,495733,69,2775,13365,0
2792246106966391,495733,69,2775,13365,0
2792246112083794,442310,78,2790,13365,100
2792246117203052,442310,78,2790,13365,100
2792246122322968,442310,78,2790,13365,100
2792246127440133,442310,78,2790,13365,100
2792246132557177,442310,78,2790,13365,100
2792246137674610,442310,78,2790,13365,100
2792246142791922,442310,78,2790,13365,100
2792246147909314,442310,78,2790,13365,100
2792246153025378,442310,78,2790,13365,100
2792246158142551,442310,78,2790,13365,100
2792246163260027,442310,78,2790,13365,100
2792246168376936,442310,78,2790,13365,100
2792246173495686,442310,78,2790,13365,100
2792246178613784,442310,78,2790,13365,100
2792246183731113,442310,78,2790,13365,100
2792246188850769,442310,78,2790,13365,100
2792246193968133,442310,78,2790,13365,100
2792246199085582,442310,78,2790,13365,100
2792246204202475,442310,78,2790,13365,100
2792246209319311,442310,78,2790,13365,100
2792246214436619,442310,78,2790,13365,100
2792246219555715,442310,78,2790,13365,100
2792246224673836,442310,78,2790,13365,100
2792246229790874,442310,78,2790,13365,100
2792246234907953,442310,78,2790,13365,100
2792246240025381,442310,78,2790,13365,100
2792246245142521,442310,78,2790,13365,100
2792246250279730,442310,78,2790,13365,100
2792246255396670,442310,78,2790,13365,100
2792246260514021,442310,78,2790,13365,100
2792246265631067,442310,78,2790,13365,100
2792246270748575,442310,78,2790,13365,100
2792246275867063,442310,78,2790,13365,100
2792246280984231,442310,78,2790,13365,100
2792246286124182,442310,78,2790,13365,100
2792246291241309,442310,78,2790,13365,100
2792246296358711,442310,78,2790,13365,100
2792246301476025,442310,78,2790,13365,100
2792246306593585,442310,78,2790,13365,100
2792246311724006,442310,78,2790,13365,100
2792246316843311,442310,78,2790,13365,100
2792246321960319,442310,78,2790,13365,100
2792246327078556,442310,78,2790,13365,100
2792246332196347,442310,78,2790,13365,100
2792246337313888,442310,78,2790,13365,100
2792246342430980,442310,78,2790,13365,100
2792246347549777,442310,78,2790,13365,100
2792246352666149,442310,78,2790,13365,100
2792246357784343,442310,78,2790,13365,100
2792246362901501,442310,78,2790,13365,100
2792246368034522,442310,78,2790,13365,100
2792246373152376,442310,78,2790,13365,100
2792246378270386,442310,78,2790,13365,100
2792246383387595,442310,78,2790,13365,100
2792246388504850,442310,78,2790,13365,100
2792246393624563,442310,78,2790,13365,100
2792246398741852,442310,78,2790,13365,100
2792246403858648,442310,78,2790,13365,100
2792246408975827,442310,78,2790,13365,100
2792246414093741,442310,78,2790,13365,100
2792246419211149,442310,78,2790,13365,100
2792246424330806,442310,78,2790,13365,100
2792246429449072,442310,78,2790,13365,100
2792246434566563,442310,78,2790,13365,100
2792246439683547,442310,78,2790,13365,100
2792246444800812,442310,78,2790,13365,100
2792246449917524,442310,78,2790,13365,100
2792246455036620,442310,78,2790,13365,100
2792246460153731,442310,78,2790,13365,100
2792246465270769,442310,78,2790,13365,100
2792246470387561,442310,78,2790,13365,100
2792246475504630,442310,78,2790,13365,100
2792246480622730,442310,78,2790,13365,100
2792246485739886,442310,78,2790,13365,100
2792246490856877,442310,78,2790,13365,100
2792246495974475,442310,78,2790,13365,100
2792246501092046,442310,78,2790,13365,100
2792246506209124,442310,78,2790,13365,100
2792246511325824,442310,78,2790,13365,100
2792246516442621,442310,78,2790,13365,100
2792246521561533,442310,78,2790,13365,100
2792246526678221,442310,78,2790,13365,100
2792246531797194,442310,78,2790,13365,100
2792246536914274,442310,78,2790,13365,100
2792246542031515,442310,78,2790,13365,100
2792246547148745,442310,78,2790,13365,100
2792246552266217,442310,78,2790,13365,100
2792246557383472,442310,78,2790,13365,100
2792246562500658,442310,78,2790,13365,100
2792246567617703,442310,78,2790,13365,100
2792246572734745,442310,78,2790,13365,100
2792246577852506,442310,78,2790,13365,100
2792246582974194,442310,78,2790,13365,100
2792246588092494,442310,78,2790,13365,100
2792246593209692,442310,78,2790,13365,100
2792246598327329,442310,78,2790,13365,100
2792246603444499,442310,78,2790,13365,100
2792246608561259,497027,79,2775,13365,100
2792246613678336,497027,79,2775,13365,100
2792246618794506,497027,79,2775,13365,100
2792246623910205,497027,79,2775,13365,100
2792246629024753,497027,79,2775,13365,100
2792246634140807,497027,79,2775,13365,100
2792246639255090,497027,79,2775,13365,100
2792246644369456,497027,79,2775,13365,100
2792246649483026,497027,79,2775,13365,100
2792246654596771,497027,79,2775,13365,100
2792246659681582,497027,79,2775,13365,100
2792246664795420,497027,79,2775,13365,100
2792246669908800,497027,79,2775,13365,100
2792246675023369,497027,79,2775,13365,100
2792246680137958,497027,79,2775,13365,100
2792246685252513,497027,79,2775,13365,100
2792246690366428,497027,79,2775,13365,100
2792246695479534,497027,79,2775,13365,100
2792246700593195,497027,79,2775,13365,100
2792246705706271,497027,79,2775,13365,100
2792246710839539,497027,79,2775,13365,100
2792246715952199,497027,79,2775,13365,100
2792246721070509,497027,79,2775,13365,100
2792246726211084,497027,79,2775,13365,100
2792246731323401,497027,79,2775,13365,100
2792246736436805,497027,79,2775,13365,100
2792246741548666,497027,79,2775,13365,100
2792246746660489,497027,79,2775,13365,100
2792246751773826,497027,79,2775,13365,100
2792246756885998,497027,79,2775,13365,100
2792246761997303,497027,79,2775,13365,100
2792246767127428,497027,79,2775,13365,100
2792246772238772,497027,79,2775,13365,100
2792246777350121,497027,79,2775,13365,100
2792246782467352,497027,79,2775,13365,100
2792246787579985,497027,79,2775,13365,100
2792246792691997,497027,79,2775,13365,100
2792246797805146,497027,79,2775,13365,100
2792246802916684,497027,79,2775,13365,100
2792246808027955,497027,79,2775,13365,100
2792246813138971,497027,79,2775,13365,100
2792246818250472,497027,79,2775,13365,100
2792246823361795,497027,79,2775,13365,100
2792246828474965,497027,79,2775,13365,100
2792246833586451,497027,79,2775,13365,100
2792246838699173,497027,79,2775,13365,100
2792246843810387,497027,79,2775,13365,100
2792246848922912,497027,79,2775,13365,100
2792246854035814,497027,79,2775,13365,100
2792246859148953,497027,79,2775,13365,100
2792246864260365,497027,79,2775,13365,100
2792246869372644,497027,79,2775,13365,100
2792246874484032,497027,79,2775,13365,100
2792246879595720,497027,79,2775,13365,100
2792246884707209,497027,79,2775,13365,100
2792246889820525,497027,79,2775,13365,100
2792246894931864,497027,79,2775,13365,100
2792246900044402,497027,79,2775,13365,100
2792246905172194,497027,79,2775,13365,100
2792246910284397,497027,79,2775,13365,100
2792246915396107,497027,79,2775,13365,100
2792246920507568,497027,79,2775,13365,100
2792246925621083,497027,79,2775,13365,100
2792246930733308,497027,79,2775,13365,100
2792246935845893,497027,79,2775,13365,100
2792246940958637,497027,79,2775,13365,100
2792246946070235,497027,79,2775,13365,100
2792246951182094,497027,79,2775,13365,100
2792246956294271,497027,79,2775,13365,100
2792246961406394,497027,79,2775,13365,100
2792246966517995,497027,79,2775,13365,100
2792246971629899,497027,79,2775,13365,100
2792246976741160,497027,79,2775,13365,100
2792246981852448,497027,79,2775,13365,100
2792246986963941,497027,79,2775,13365,100
2792246992078241,497027,79,2775,13365,100
2792246997189241,497027,79,2775,13365,100
2792247002300298,497027,79,2775,13365,100
2792247007411623,497027,79,2775,13365,100
2792247012523031,497027,79,2775,13365,100
2792247017634144,497027,79,2775,13365,100
2792247022747280,497027,79,2775,13365,100
2792247027858384,497027,79,2775,13365,100
2792247032969569,497027,79,2775,13365,100
2792247038081101,497027,79,2775,13365,100
2792247043193857,497027,79,2775,13365,100
2792247048305314,497027,79,2775,13365,100
2792247053417595,497027,79,2775,13365,100
2792247058529447,497027,79,2775,13365,100
2792247063640607,497027,79,2775,13365,100
2792247068751879,497027,79,2775,13365,100
2792247073863240,497027,79,2775,13365,100
2792247078974636,497027,79,2775,13365,100
2792247084086107,497027,79,2775,13365,100
2792247089199033,497027,79,2775,13365,100
2792247094311625,497027,79,2775,13365,100
2792247099422768,497027,79,2775,13365,100
2792247104534412,497027,79,2775,13365,100
2792247109645691,562869,79,2775,13365,100
2792247114758091,562869,79,2775,13365,100
2792247119871376,562869,79,2775,13365,100
2792247124983630,562869,79,2775,13365,100
2792247130114465,562869,79,2775,13365,100
2792247135225757,562869,79,2775,13365,100
2792247140336775,562869,79,2775,13365,100
2792247145449413,562869,79,2775,13365,100
2792247150560704,562869,79,2775,13365,100
2792247155671907,562869,79,2775,13365,100
2792247160783851,562869,79,2775,13365,100
2792247165895117,562869,79,2775,13365,100
2792247171022444,562869,79,2775,13365,100
2792247176134584,562869,79,2775,13365,100
2792247181246064,562869,79,2775,13365,100
2792247186357068,562869,79,2775,13365,100
2792247191468459,562869,79,2775,13365,100
2792247196581273,562869,79,2775,13365,100
2792247201692548,562869,79,2775,13365,100
2792247206805742,562869,79,2775,13365,100
2792247211916935,562869,79,2775,13365,100
2792247217028456,562869,79,2775,13365,100
2792247222141553,562869,79,2775,13365,100
2792247227253532,562869,79,2775,13365,100
2792247232365802,562869,79,2775,13365,100
2792247237478912,562869,79,2775,13365,100
2792247242591977,562869,79,2775,13365,100
2792247247704655,562869,79,2775,13365,100
2792247252816242,562869,79,2775,13365,100
2792247257927370,562869,79,2775,13365,100
2792247263038511,562869,79,2775,13365,100
2792247268149575,562869,79,2775,13365,100
2792247273260979,562869,79,2775,13365,100
2792247278374112,562869,79,2775,13365,100
2792247283485503,562869,79,2775,13365,100
2792247288596723,562869,79,2775,13365,100
2792247293707953,562869,79,2775,13365,100
2792247298820770,562869,79,2775,13365,100
2792247303932122,562869,79,2775,13365,100
2792247309045055,562869,79,2775,13365,100
2792247314156363,562869,79,2775,13365,100
2792247319267504,562869,79,2775,13365,100
2792247324378747,562869,79,2775,13365,100
2792247329490228,562869,79,2775,13365,100
2792247334601485,562869,79,2775,13365,100
2792247339712605,562869,79,2775,13365,100
2792247344825697,562869,79,2775,13365,100
2792247349938130,562869,79,2775,13365,100
2792247355049268,562869,79,2775,13365,100
2792247360160825,562869,79,2775,13365,100
2792247365272049,562869,79,2775,13365,100
2792247370383367,562869,79,2775,13365,100
2792247375496511,562869,79,2775,13365,100
2792247380609232,562869,79,2775,13365,100
2792247385720485,562869,79,2775,13365,100
2792247390831925,562869,79,2775,13365,100
2792247395943454,562869,79,2775,13365,100
2792247401055920,562869,79,2775,13365,100
2792247406167265,562869,79,2775,13365,100
2792247411278451,562869,79,2775,13365,100
2792247416390439,562869,79,2775,13365,100
2792247421501707,562869,79,2775,13365,100
2792247426613022,562869,79,2775,13365,100
2792247431724281,562869,79,2775,13365,100
2792247436835837,562869,79,2775,13365,100
2792247441947063,562869,79,2775,13365,100
2792247447060153,562869,79,2775,13365,100
2792247452172650,562869,79,2775,13365,100
2792247457284183,562869,79,2775,13365,100
2792247462395335,562869,79,2775,13365,100
2792247467506805,562869,79,2775,13365,100
2792247472618088,562869,79,2775,13365,100
2792247477731392,562869,79,2775,13365,100
2792247482844457,562869,79,2775,13365,100
2792247487955829,562869,79,2775,13365,100
2792247493067322,562869,79,2775,13365,100
2792247498178457,562869,79,2775,13365,100
2792247503290758,562869,79,2775,13365,100
2792247508402175,562869,79,2775,13365,100
2792247513513939,562869,79,2775,13365,100
2792247518624976,562869,79,2775,13365,100
2792247523736092,562869,79,2775,13365,100
2792247528847458,562869,79,2775,13365,100
2792247533958924,562869,79,2775,13365,100
2792247539070273,562869,79,2775,13365,100
2792247544181357,562869,79,2775,13365,100
2792247549294334,562869,79,2775,13365,100
2792247554406733,562869,79,2775,13365,100
2792247559534164,562869,79,2775,13365,100
2792247564645431,562869,79,2775,13365,100
2792247569756580,562869,79,2775,13365,100
2792247574867828,562869,79,2775,13365,100
2792247579979262,562869,79,2775,13365,100
2792247585090737,562869,79,2775,13365,100
2792247590201951,562869,79,2775,13365,100
2792247595313708,562869,79,2775,13365,100
2792247600425310,562869,79,2775,13365,100
2792247605537739,562869,79,2775,13365,100
2792247610649227,563486,79,2775,13365,100
2792247615767373,563486,79,2775,13365,100
2792247620878828,563486,79,2775,13365,100
2792247625990102,563486,79,2775,13365,100
2792247631118673,563486,79,2775,13365,100
2792247636229732,563486,79,2775,13365,100
2792247641341482,563486,79,2775,13365,100
2792247646452585,563486,79,2775,13365,100
2792247651563842,563486,79,2775,13365,100
2792247656676643,563486,79,2775,13365,100
2792247661788718,563486,79,2775,13365,100
2792247666900055,563486,79,2775,13365,100
2792247672025127,563486,79,2775,13365,100
2792247677136500,563486,79,2775,13365,100
2792247682247661,563486,79,2775,13365,100
2792247687359547,563486,79,2775,13365,100
2792247692470837,563486,79,2775,13365,100
2792247697582705,563486,79,2775,13365,100
2792247702693570,563486,79,2775,13365,100
2792247707807503,563486,79,2775,13365,100
2792247712918839,563486,79,2775,13365,100
2792247718030459,563486,79,2775,13365,100
2792247723141864,563486,79,2775,13365,100
2792247728255122,563486,79,2775,13365,100
2792247733367387,563486,79,2775,13365,100
2792247738480664,563486,79,2775,13365,100
2792247743591865,563486,79,2775,13365,100
2792247748704169,563486,79,2775,13365,100
2792247753817494,563486,79,2775,13365,100
2792247758930998,563486,79,2775,13365,100
2792247764043186,563486,79,2775,13365,100
2792247769155240,563486,79,2775,13365,100
2792247774266856,563486,79,2775,13365,100
2792247779378188,563486,79,2775,13365,100
2792247784490140,563486,79,2775,13365,100
2792247789601517,563486,79,2775,13365,100
2792247794713025,563486,79,2775,13365,100
2792247799825910,563486,79,2775,13365,100
2792247804937262,563486,79,2775,13365,100
2792247810049806,563486,79,2775,13365,100
2792247815161331,563486,79,2775,13365,100
2792247820272882,563486,79,2775,13365,100
2792247825383784,563486,79,2775,13365,100
2792247830496836,563486,79,2775,13365,100
2792247835608573,563486,79,2775,13365,100
2792247840720097,563486,79,2775,13365,100
2792247845831658,563486,79,2775,13365,100
2792247850943341,563486,79,2775,13365,100
2792247856054798,563486,79,2775,13365,100
2792247861167590,563486,79,2775,13365,100
2792247866280619,563486,79,2775,13365,100
2792247871392008,563486,79,2775,13365,100
2792247876503650,563486,79,2775,13365,100
2792247881614795,563486,79,2775,13365,100
2792247886726079,563486,79,2775,13365,100
2792247891837389,563486,79,2775,13365,100
2792247896948888,563486,79,2775,13365,100
2792247902060330,563486,79,2775,13365,100
2792247907171784,563486,79,2775,13365,100
2792247912284371,563486,79,2775,13365,100
2792247917396044,563486,79,2775,13365,100
2792247922507504,563486,79,2775,13365,100
2792247927620796,563486,79,2775,13365,100
2792247932732086,563486,79,2775,13365,100
2792247937843717,563486,79,2775,13365,100
2792247942954757,563486,79,2775,13365,100
2792247948065990,563486,79,2775,13365,100
2792247953177474,563486,79,2775,13365,100
2792247958288775,563486,79,2775,13365,100
2792247963401065,563486,79,2775,13365,100
2792247968512503,563486,79,2775,13365,100
2792247973623987,563486,79,2775,13365,100
2792247978735500,563486,79,2775,13365,100
2792247983846712,563486,79,2775,13365,100
2792247988958061,563486,79,2775,13365,100
2792247994070821,563486,79,2775,13365,100
2792247999182216,563486,79,2775,13365,100
2792248004268055,563486,79,2775,13365,100
2792248009378951,563486,79,2775,13365,100
2792248014491477,563486,79,2775,13365,100
2792248019602728,563486,79,2775,13365,100
2792248024714140,563486,79,2775,13365,100
2792248029825228,563486,79,2775,13365,100
2792248034936417,563486,79,2775,13365,100
2792248040047794,563486,79,2775,13365,100
2792248045158958,563486,79,2775,13365,100
2792248050270006,563486,79,2775,13365,100
2792248055381623,563486,79,2775,13365,100
2792248060494084,563486,79,2775,13365,100
2792248065607192,563486,79,2775,13365,100
2792248070719132,563486,79,2775,13365,100
2792248075830156,563486,79,2775,13365,100
2792248080941240,563486,79,2775,13365,100
2792248086052377,563486,79,2775,13365,100
2792248091164959,563486,79,2775,13365,100
2792248096276094,563486,79,2775,13365,100
2792248101386979,563486,79,2775,13365,100
2792248106498437,563486,79,2775,13365,100
2792248111609779,563730,79,2775,13365,100
2792248116723220,563730,79,2775,13365,100
2792248121850296,563730,79,2775,13365,100
2792248126961765,563730,79,2775,13365,100
2792248132072877,563730,79,2775,13365,100
2792248137184009,563730,79,2775,13365,100
2792248142295249,563730,79,2775,13365,100
2792248147406552,563730,79,2775,13365,100
2792248152517887,563730,79,2775,13365,100
2792248157629973,563730,79,2775,13365,100
2792248162742079,563730,79,2775,13365,100
2792248167854582,563730,79,2775,13365,100
2792248172965921,563730,79,2775,13365,100
2792248178077300,563730,79,2775,13365,100
2792248183188261,563730,79,2775,13365,100
2792248188300733,563730,79,2775,13365,100
2792248193412093,563730,79,2775,13365,100
2792248198523282,563730,79,2775,13365,100
2792248203634698,563730,79,2775,13365,100
2792248208745850,563730,79,2775,13365,100
2792248213872916,563730,79,2775,13365,100
2792248218985480,563730,79,2775,13365,100
2792248224114760,563730,79,2775,13365,100
2792248229226324,563730,79,2775,13365,100
2792248234337387,563730,79,2775,13365,100
2792248239448385,563730,79,2775,13365,100
2792248244559490,563730,79,2775,13365,100
2792248249670822,563730,79,2775,13365,100
2792248254783331,563730,79,2775,13365,100
2792248259894671,563730,79,2775,13365,100
2792248265025095,563730,79,2775,13365,100
2792248270137830,563730,79,2775,13365,100
2792248275248964,563730,79,2775,13365,100
2792248280360348,563730,79,2775,13365,100
2792248285471743,563730,79,2775,13365,100
2792248290583161,563730,79,2775,13365,100
2792248295694421,563730,79,2775,13365,100
2792248300814869,563730,79,2775,13365,100
2792248305925866,563730,79,2775,13365,100
2792248311037095,563730,79,2775,13365,100
2792248316148279,563730,79,2775,13365,100
2792248321260776,563730,79,2775,13365,100
2792248326371920,563730,79,2775,13365,100
2792248331483785,563730,79,2775,13365,100
2792248336595141,563730,79,2775,13365,100
2792248341706630,563730,79,2775,13365,100
2792248346818090,563730,79,2775,13365,100
2792248351929562,563730,79,2775,13365,100
2792248357040878,563730,79,2775,13365,100
2792248362152139,563730,79,2775,13365,100
2792248367264821,563730,79,2775,13365,100
2792248372378044,563730,79,2775,13365,100
2792248377489568,563730,79,2775,13365,100
2792248382602116,563730,79,2775,13365,100
2792248387713169,563730,79,2775,13365,100
2792248392824681,563730,79,2775,13365,100
2792248397936354,563730,79,2775,13365,100
2792248403048046,563730,79,2775,13365,100
2792248408159431,563730,79,2775,13365,100
2792248413271055,563730,79,2775,13365,100
2792248418382339,563730,79,2775,13365,100
2792248423495084,563730,79,2775,13365,100
2792248428606245,563730,79,2775,13365,100
2792248433717517,563730,79,2775,13365,100
2792248438828657,563730,79,2775,13365,100
2792248443947060,563730,79,2775,13365,100
2792248449059426,563730,79,2775,13365,100
2792248454170474,563730,79,2775,13365,100
2792248459281871,563730,79,2775,13365,100
2792248464393163,563730,79,2775,13365,100
2792248469504464,563730,79,2775,13365,100
2792248474617299,563730,79,2775,13365,100
2792248479729940,563730,79,2775,13365,100
2792248484841369,563730,79,2775,13365,100
2792248489952897,563730,79,2775,13365,100
2792248495064006,563730,79,2775,13365,100
2792248500175478,563730,79,2775,13365,100
2792248505286811,563730,79,2775,13365,100
2792248510398191,563730,79,2775,13365,100
2792248515509487,563730,79,2775,13365,100
2792248520620646,563730,79,2775,13365,100
2792248525733588,563730,79,2775,13365,100
2792248530845113,563730,79,2775,13365,100
2792248535956817,563730,79,2775,13365,100
2792248541067809,563730,79,2775,13365,100
2792248546180317,563730,79,2775,13365,100
2792248551291647,563730,79,2775,13365,100
2792248556412042,563730,79,2775,13365,100
2792248561523389,563730,79,2775,13365,100
2792248566635205,563730,79,2775,13365,100
2792248571746672,563730,79,2775,13365,100
2792248576860500,563730,79,2775,13365,100
2792248581972204,563730,79,2775,13365,100
2792248587083933,563730,79,2775,13365,100
2792248592195597,563730,79,2775,13365,100
2792248597306825,563730,79,2775,13365,100
2792248602418174,563730,79,2775,13365,100
2792248607529421,563730,79,2775,13365,100
2792248612642445,564130,79,2775,13365,100
2792248617754639,564130,79,2775,13365,100
2792248622866167,564130,79,2775,13365,100
2792248627979252,564130,79,2775,13365,100
2792248633090325,564130,79,2775,13365,100
2792248638201433,564130,79,2775,13365,100
2792248643313892,564130,79,2775,13365,100
2792248648425169,564130,79,2775,13365,100
2792248653536254,564130,79,2775,13365,100
2792248658647178,564130,79,2775,13365,100
2792248663759119,564130,79,2775,13365,100
2792248668870401,564130,79,2775,13365,100
2792248673981478,564130,79,2775,13365,100
2792248679111996,564130,79,2775,13365,100
2792248684223309,564130,79,2775,13365,100
2792248689346693,564130,79,2775,13365,100
2792248694457734,564130,79,2775,13365,100
2792248699569362,564130,79,2775,13365,100
2792248704680912,564130,79,2775,13365,100
2792248709793317,564130,79,2775,13365,100
2792248714904675,564130,79,2775,13365,100
2792248720028998,564130,79,2775,13365,100
2792248725140868,564130,79,2775,13365,100
2792248730253408,564130,79,2775,13365,100
2792248735375211,564130,79,2775,13365,100
2792248740486415,564130,79,2775,13365,100
2792248745597747,564130,79,2775,13365,100
2792248750709524,564130,79,2775,13365,100
2792248755821998,564130,79,2775,13365,100
2792248760933215,564130,79,2775,13365,100
2792248766044312,564130,79,2775,13365,100
2792248771155604,564130,79,2775,13365,100
2792248776267020,564130,79,2775,13365,100
2792248781379349,564130,79,2775,13365,100
2792248786491109,564130,79,2775,13365,100
2792248791602401,564130,79,2775,13365,100
2792248796713813,564130,79,2775,13365,100
2792248801825170,564130,79,2775,13365,100
2792248806936842,564130,79,2775,13365,100
2792248812048319,564130,79,2775,13365,100
2792248817159631,564130,79,2775,13365,100
2792248822272455,564130,79,2775,13365,100
2792248827383825,564130,79,2775,13365,100
2792248832496584,564130,79,2775,13365,100
2792248837608569,564130,79,2775,13365,100
2792248842719893,564130,79,2775,13365,100
2792248847831262,564130,79,2775,13365,100
2792248852943266,564130,79,2775,13365,100
2792248858054551,564130,79,2775,13365,100
2792248863165619,564130,79,2775,13365,100
2792248868292807,564130,79,2775,13365,100
2792248873403919,564130,79,2775,13365,100
2792248878515300,564130,79,2775,13365,100
2792248883627921,564130,79,2775,13365,100
2792248888740676,564130,79,2775,13365,100
2792248893851969,564130,79,2775,13365,100
2792248898963121,564130,79,2775,13365,100
2792248904074538,564130,79,2775,13365,100
2792248909185779,564130,79,2775,13365,100
2792248914296811,564130,79,2775,13365,100
2792248919409210,564130,79,2775,13365,100
2792248924520163,564130,79,2775,13365,100
2792248929631758,564130,79,2775,13365,100
2792248934744597,564130,79,2775,13365,100
2792248939855727,564130,79,2775,13365,100
2792248944967212,564130,79,2775,13365,100
2792248950078409,564130,79,2775,13365,100
2792248955189766,564130,79,2775,13365,100
2792248960301184,564130,79,2775,13365,100
2792248965412423,564130,79,2775,13365,100
2792248970523634,564130,79,2775,13365,100
2792248975634524,564130,79,2775,13365,100
2792248980745830,564130,79,2775,13365,100
2792248985859501,564130,79,2775,13365,100
2792248990970685,564130,79,2775,13365,100
2792248996082001,564130,79,2775,13365,100
2792249001193446,564130,79,2775,13365,100
2792249006304754,564130,79,2775,13365,100
2792249011415771,564130,79,2775,13365,100
2792249016527608,564130,79,2775,13365,100
2792249021639016,564130,79,2775,13365,100
2792249026750212,564130,79,2775,13365,100
2792249031861512,564130,79,2775,13365,100
2792249036974101,564130,79,2775,13365,100
2792249042085283,564130,79,2775,13365,100
2792249047196269,564130,79,2775,13365,100
2792249052308798,564130,79,2775,13365,100
2792249057420038,564130,79,2775,13365,100
2792249062531316,564130,79,2775,13365,100
2792249067642712,564130,79,2775,13365,100
2792249072754072,564130,79,2775,13365,100
2792249077865421,564130,79,2775,13365,100
2792249082977080,564130,79,2775,13365,100
2792249088089643,564130,79,2775,13365,100
2792249093200962,564130,79,2775,13365,100
2792249098312077,564130,79,2775,13365,100
2792249103423343,564130,79,2775,13365,100
2792249108534646,563832,80,2775,13365,100
2792249113647203,563832,80,2775,13365,100
2792249118758115,563832,80,2775,13365,100
2792249123869412,563832,80,2775,13365,100
2792249128980758,563832,80,2775,13365,100
2792249134092553,563832,80,2775,13365,100
2792249139205199,563832,80,2775,13365,100
2792249144316462,563832,80,2775,13365,100
2792249149427538,563832,80,2775,13365,100
2792249154538571,563832,80,2775,13365,100
2792249159621417,563832,80,2775,13365,100
2792249164734015,563832,80,2775,13365,100
2792249169845288,563832,80,2775,13365,100
2792249174956384,563832,80,2775,13365,100
2792249180085353,563832,80,2775,13365,100
2792249185196393,563832,80,2775,13365,100
2792249190308593,563832,80,2775,13365,100
2792249195420130,563832,80,2775,13365,100
2792249200531502,563832,80,2775,13365,100
2792249205642666,563832,80,2775,13365,100
2792249210753683,563832,80,2775,13365,100
2792249215864751,563832,80,2775,13365,100
2792249220975924,563832,80,2775,13365,100
2792249226087084,563832,80,2775,13365,100
2792249231199599,563832,80,2775,13365,100
2792249236310821,563832,80,2775,13365,100
2792249241423490,563832,80,2775,13365,100
2792249246534842,563832,80,2775,13365,100
2792249251645738,563832,80,2775,13365,100
2792249256756990,563832,80,2775,13365,100
2792249261868759,563832,80,2775,13365,100
2792249266980050,563832,80,2775,13365,100
2792249272091628,563832,80,2775,13365,100
2792249277203032,563832,80,2775,13365,100
2792249282314223,563832,80,2775,13365,100
2792249287425827,563832,80,2775,13365,100
2792249292538732,563832,80,2775,13365,100
2792249297649438,563832,80,2775,13365,100
2792249302762139,563832,80,2775,13365,100
2792249307872953,563832,80,2775,13365,100
2792249312984175,563832,80,2775,13365,100
2792249318112508,563832,80,2775,13365,100
2792249323223593,563832,80,2775,13365,100
2792249328334701,563832,80,2775,13365,100
2792249333446121,563832,80,2775,13365,100
2792249338557241,563832,80,2775,13365,100
2792249343669845,563832,80,2775,13365,100
2792249348782146,563832,80,2775,13365,100
2792249353893463,563832,80,2775,13365,100
2792249359023282,563832,80,2775,13365,100
2792249364134867,563832,80,2775,13365,100
2792249369246067,563832,80,2775,13365,100
2792249374357102,563832,80,2775,13365,100
2792249379468476,563832,80,2775,13365,100
2792249384579465,563832,80,2775,13365,100
2792249389690789,563832,80,2775,13365,100
2792249394804893,563832,80,2775,13365,100
2792249399916078,563832,80,2775,13365,100
2792249405027538,563832,80,2775,13365,100
2792249410138823,563832,80,2775,13365,100
2792249415250078,563832,80,2775,13365,100
2792249420361551,563832,80,2775,13365,100
2792249425473036,563832,80,2775,13365,100
2792249430584911,563832,80,2775,13365,100
2792249435696301,563832,80,2775,13365,100
2792249440807440,563832,80,2775,13365,100
2792249445919837,563832,80,2775,13365,100
2792249451031288,563832,80,2775,13365,100
2792249456142406,563832,80,2775,13365,100
2792249461253715,563832,80,2775,13365,100
2792249466366307,563832,80,2775,13365,100
2792249471477700,563832,80,2775,13365,100
2792249476589336,563832,80,2775,13365,100
2792249481700444,563832,80,2775,13365,100
2792249486811941,563832,80,2775,13365,100
2792249491923184,563832,80,2775,13365,100
2792249497037008,563832,80,2775,13365,100
2792249502148491,563832,80,2775,13365,100
2792249507259877,563832,80,2775,13365,100
2792249512371081,563832,80,2775,13365,100
2792249517482288,563832,80,2775,13365,100
2792249522610010,563832,80,2775,13365,100
2792249527720953,563832,80,2775,13365,100
2792249532833361,563832,80,2775,13365,100
2792249537944513,563832,80,2775,13365,100
2792249543055497,563832,80,2775,13365,100
2792249548168185,563832,80,2775,13365,100
2792249553279426,563832,80,2775,13365,100
2792249558390575,563832,80,2775,13365,100
2792249563503005,563832,80,2775,13365,100
2792249568614452,563832,80,2775,13365,100
2792249573725622,563832,80,2775,13365,100
2792249578836808,563832,80,2775,13365,100
2792249583948111,563832,80,2775,13365,100
2792249589059106,563832,80,2775,13365,100
2792249594170132,563832,80,2775,13365,100
2792249599282602,563832,80,2775,13365,100
2792249604394034,563832,80,2775,13365,100
2792249609505365,564067,80,2775,13365,100
2792249614617843,564067,80,2775,13365,100
2792249619729307,564067,80,2775,13365,100
2792249624840856,564067,80,2775,13365,100
2792249629952229,564067,80,2775,13365,100
2792249635063709,564067,80,2775,13365,100
2792249640175130,564067,80,2775,13365,100
2792249645286296,564067,80,2775,13365,100
2792249650398579,564067,80,2775,13365,100
2792249655509858,564067,80,2775,13365,100
2792249660621563,564067,80,2775,13365,100
2792249665732674,564067,80,2775,13365,100
2792249670843786,564067,80,2775,13365,100
2792249675955268,564067,80,2775,13365,100
2792249681066727,564067,80,2775,13365,100
2792249686178309,564067,80,2775,13365,100
2792249691290003,564067,80,2775,13365,100
2792249696401478,564067,80,2775,13365,100
2792249701514274,564067,80,2775,13365,100
2792249706625779,564067,80,2775,13365,100
2792249711737095,564067,80,2775,13365,100
2792249716848478,564067,80,2775,13365,100
2792249721961092,564067,80,2775,13365,100
2792249727072445,564067,80,2775,13365,100
2792249732183525,564067,80,2775,13365,100
2792249737294594,564067,80,2775,13365,100
2792249742405722,564067,80,2775,13365,100
2792249747517154,564067,80,2775,13365,100
2792249752630658,564067,80,2775,13365,100
2792249757743113,564067,80,2775,13365,100
2792249762855227,564067,80,2775,13365,100
2792249767967415,564067,80,2775,13365,100
2792249773079612,564067,80,2775,13365,100
2792249778190765,564067,80,2775,13365,100
2792249783302617,564067,80,2775,13365,100
2792249788414594,564067,80,2775,13365,100
2792249793525990,564067,80,2775,13365,100
2792249798637823,564067,80,2775,13365,100
2792249803750327,564067,80,2775,13365,100
2792249808862171,564067,80,2775,13365,100
2792249813973940,564067,80,2775,13365,100
2792249819085780,564067,80,2775,13365,100
2792249824197689,564067,80,2775,13365,100
2792249829310817,564067,80,2775,13365,100
2792249834422453,564067,80,2775,13365,100
2792249839535009,564067,80,2775,13365,100
2792249844646278,564067,80,2775,13365,100
2792249849760006,564067,80,2775,13365,100
2792249854872883,564067,80,2775,13365,100
2792249859984161,564067,80,2775,13365,100
2792249865114827,564067,80,2775,13365,100
2792249870226050,564067,80,2775,13365,100
2792249875337594,564067,80,2775,13365,100
2792249880448879,564067,80,2775,13365,100
2792249885560449,564067,80,2775,13365,100
2792249890672055,564067,80,2775,13365,100
2792249895785105,564067,80,2775,13365,100
2792249900896166,564067,80,2775,13365,100
2792249906024561,564067,80,2775,13365,100
2792249911137778,564067,80,2775,13365,100
2792249916249350,564067,80,2775,13365,100
2792249921360852,564067,80,2775,13365,100
2792249926472548,564067,80,2775,13365,100
2792249931583857,564067,80,2775,13365,100
2792249936695425,564067,80,2775,13365,100
2792249941807090,564067,80,2775,13365,100
2792249946920230,564067,80,2775,13365,100
2792249952031861,564067,80,2775,13365,100
2792249957144587,564067,80,2775,13365,100
2792249962256259,564067,80,2775,13365,100
2792249967367614,564067,80,2775,13365,100
2792249972478998,564067,80,2775,13365,100
2792249977592432,564067,80,2775,13365,100
2792249982703776,564067,80,2775,13365,100
2792249987815265,564067,80,2775,13365,100
2792249992926769,564067,80,2775,13365,100
2792249998038118,564067,80,2775,13365,100
2792250003149712,564067,80,2775,13365,100
2792250008262019,564067,80,2775,13365,100
2792250013373875,564067,80,2775,13365,100
2792250018485407,564067,80,2775,13365,100
2792250023596924,564067,80,2775,13365,100
2792250028708916,564067,80,2775,13365,100
2792250033820569,564067,80,2775,13365,100
2792250038932074,564067,80,2775,13365,100
2792250044045333,564067,80,2775,13365,100
2792250049157614,564067,80,2775,13365,100
2792250054269098,564067,80,2775,13365,100
2792250059381466,564067,80,2775,13365,100
2792250064492878,564067,80,2775,13365,100
2792250069604540,564067,80,2775,13365,100
2792250074717686,564067,80,2775,13365,100
2792250079837240,564067,80,2775,13365,100
2792250084948485,564067,80,2775,13365,100
2792250090060294,564067,80,2775,13365,100
2792250095172006,564067,80,2775,13365,100
2792250100283686,564067,80,2775,13365,100
2792250105395082,564067,80,2775,13365,100
2792250110508519,564409,80,2775,13365,100
2792250115620911,564409,80,2775,13365,100
2792250120732388,564409,80,2775,13365,100
2792250125844096,564409,80,2775,13365,100
2792250130955708,564409,80,2775,13365,100
2792250136067285,564409,80,2775,13365,100
2792250141180229,564409,80,2775,13365,100
2792250146291722,564409,80,2775,13365,100
2792250151403642,564409,80,2775,13365,100
2792250156515097,564409,80,2775,13365,100
2792250161628311,564409,80,2775,13365,100
2792250166739413,564409,80,2775,13365,100
2792250171851960,564409,80,2775,13365,100
2792250176979260,564409,80,2775,13365,100
2792250182090746,564409,80,2775,13365,100
2792250187202323,564409,80,2775,13365,100
2792250192313697,564409,80,2775,13365,100
2792250197424982,564409,80,2775,13365,100
2792250202536295,564409,80,2775,13365,100
2792250207648861,564409,80,2775,13365,100
2792250212761583,564409,80,2775,13365,100
2792250217873730,564409,80,2775,13365,100
2792250222985448,564409,80,2775,13365,100
2792250228114393,564409,80,2775,13365,100
2792250233225789,564409,80,2775,13365,100
2792250238337307,564409,80,2775,13365,100
2792250243449370,564409,80,2775,13365,100
2792250248561524,564409,80,2775,13365,100
2792250253673539,564409,80,2775,13365,100
2792250258786605,564409,80,2775,13365,100
2792250263900177,564409,80,2775,13365,100
2792250269028463,564409,80,2775,13365,100
2792250274140751,564409,80,2775,13365,100
2792250279251950,564409,80,2775,13365,100
2792250284363581,564409,80,2775,13365,100
2792250289474685,564409,80,2775,13365,100
2792250294586136,564409,80,2775,13365,100
2792250299697830,564409,80,2775,13365,100
2792250304811346,564409,80,2775,13365,100
2792250309922807,564409,80,2775,13365,100
2792250315049788,564409,80,2775,13365,100
2792250320161307,564409,80,2775,13365,100
2792250325272422,564409,80,2775,13365,100
2792250330383886,564409,80,2775,13365,100
2792250335496118,564409,80,2775,13365,100
2792250340607633,564409,80,2775,13365,100
2792250345718905,564409,80,2775,13365,100
2792250350829957,564409,80,2775,13365,100
2792250355941402,564409,80,2775,13365,100
2792250361052815,564409,80,2775,13365,100
2792250366165319,564409,80,2775,13365,100
2792250371277349,564409,80,2775,13365,100
2792250376388926,564409,80,2775,13365,100
2792250381500571,564409,80,2775,13365,100
2792250386613669,564409,80,2775,13365,100
2792250391745517,564409,80,2775,13365,100
2792250396857091,564409,80,2775,13365,100
2792250401968781,564409,80,2775,13365,100
2792250407080127,564409,80,2775,13365,100
2792250412191190,564409,80,2775,13365,100
2792250417305479,564409,80,2775,13365,100
2792250422417108,564409,80,2775,13365,100
2792250427528488,564409,80,2775,13365,100
2792250432640233,564409,80,2775,13365,100
2792250437751741,564409,80,2775,13365,100
2792250442863129,564409,80,2775,13365,100
2792250447975308,564409,80,2775,13365,100
2792250453086722,564409,80,2775,13365,100
2792250458198226,564409,80,2775,13365,100
2792250463309847,564409,80,2775,13365,100
2792250468422475,564409,80,2775,13365,100
2792250473533899,564409,80,2775,13365,100
2792250478645002,564409,80,2775,13365,100
2792250483758046,564409,80,2775,13365,100
2792250488869425,564409,80,2775,13365,100
2792250493981126,564409,80,2775,13365,100
2792250499092865,564409,80,2775,13365,100
2792250504204504,564409,80,2775,13365,100
2792250509316214,564409,80,2775,13365,100
2792250514427891,564409,80,2775,13365,100
2792250519540428,564409,80,2775,13365,100
2792250524652128,564409,80,2775,13365,100
2792250529765258,564409,80,2775,13365,100
2792250534876792,564409,80,2775,13365,100
2792250539988027,564409,80,2775,13365,100
2792250545116941,564409,80,2775,13365,100
2792250550228538,564409,80,2775,13365,100
2792250555339906,564409,80,2775,13365,100
2792250560451494,564409,80,2775,13365,100
2792250565562907,564409,80,2775,13365,100
2792250570675452,564409,80,2775,13365,100
2792250575788507,564409,80,2775,13365,100
2792250580900072,564409,80,2775,13365,100
2792250586027587,564409,80,2775,13365,100
2792250591139129,564409,80,2775,13365,100
2792250596250837,564409,80,2775,13365,100
2792250601362473,564409,80,2775,13365,100
2792250606474334,564409,80,2775,13365,100
2792250611585823,564293,80,2775,13365,100
2792250616698223,564293,80,2775,13365,100
2792250621810607,564293,80,2775,13365,100
2792250626921980,564293,80,2775,13365,100
2792250632034292,564293,80,2775,13365,100
2792250637145604,564293,80,2775,13365,100
2792250642256965,564293,80,2775,13365,100
2792250647368218,564293,80,2775,13365,100
2792250652479742,564293,80,2775,13365,100
2792250657590796,564293,80,2775,13365,100
2792250662702440,564293,80,2775,13365,100
2792250667813703,564293,80,2775,13365,100
2792250672926435,564293,80,2775,13365,100
2792250678037540,564293,80,2775,13365,100
2792250683163412,564293,80,2775,13365,100
2792250688274422,564293,80,2775,13365,100
2792250693385619,564293,80,2775,13365,100
2792250698496673,564293,80,2775,13365,100
2792250703608134,564293,80,2775,13365,100
2792250708719378,564293,80,2775,13365,100
2792250713830751,564293,80,2775,13365,100
2792250718943441,564293,80,2775,13365,100
2792250724056039,564293,80,2775,13365,100
2792250729167296,564293,80,2775,13365,100
2792250734278713,564293,80,2775,13365,100
2792250739390085,564293,80,2775,13365,100
2792250744501358,564293,80,2775,13365,100
2792250749613853,564293,80,2775,13365,100
2792250754726150,564293,80,2775,13365,100
2792250759837410,564293,80,2775,13365,100
2792250764948514,564293,80,2775,13365,100
2792250770059659,564293,80,2775,13365,100
2792250775172188,564293,80,2775,13365,100
2792250780284374,564293,80,2775,13365,100
2792250785395517,564293,80,2775,13365,100
2792250790506676,564293,80,2775,13365,100
2792250795617937,564293,80,2775,13365,100
2792250800728841,564293,80,2775,13365,100
2792250805839971,564293,80,2775,13365,100
2792250810951499,564293,80,2775,13365,100
2792250816064715,564293,80,2775,13365,100
2792250821175948,564293,80,2775,13365,100
2792250826288683,564293,80,2775,13365,100
2792250831416104,564293,80,2775,13365,100
2792250836527268,564293,80,2775,13365,100
2792250841638715,564293,80,2775,13365,100
2792250846751577,564293,80,2775,13365,100
2792250851862562,564293,80,2775,13365,100
2792250856973922,564293,80,2775,13365,100
2792250862085238,564293,80,2775,13365,100
2792250867196509,564293,80,2775,13365,100
2792250872308452,564293,80,2775,13365,100
2792250877421304,564293,80,2775,13365,100
2792250882555030,564293,80,2775,13365,100
2792250887666305,564293,80,2775,13365,100
2792250892777781,564293,80,2775,13365,100
2792250897889285,564293,80,2775,13365,100
2792250903017569,564293,80,2775,13365,100
2792250908129066,564293,80,2775,13365,100
2792250913240187,564293,80,2775,13365,100
2792250918351531,564293,80,2775,13365,100
2792250923462945,564293,80,2775,13365,100
2792250928575736,564293,80,2775,13365,100
2792250933686846,564293,80,2775,13365,100
2792250938799236,564293,80,2775,13365,100
2792250943910517,564293,80,2775,13365,100
2792250949022158,564293,80,2775,13365,100
2792250954133150,564293,80,2775,13365,100
2792250959244642,564293,80,2775,13365,100
2792250964355938,564293,80,2775,13365,100
2792250969467927,564293,80,2775,13365,100
2792250974579035,564293,80,2775,13365,100
2792250979691834,564293,80,2775,13365,100
2792250984803284,564293,80,2775,13365,100
2792250989914597,564293,80,2775,13365,100
2792250995025834,564293,80,2775,13365,100
2792251000137004,564293,80,2775,13365,100
2792251005249421,564293,80,2775,13365,100
2792251010360511,564293,80,2775,13365,100
2792251015471771,564293,80,2775,13365,100
2792251020582936,564293,80,2775,13365,100
2792251025694275,564293,80,2775,13365,100
2792251030807050,564293,80,2775,13365,100
2792251035918716,564293,80,2775,13365,100
2792251041030201,564293,80,2775,13365,100
2792251046141729,564293,80,2775,13365,100
2792251051253237,564293,80,2775,13365,100
2792251056364754,564293,80,2775,13365,100
2792251061476259,564293,80,2775,13365,100
2792251066587543,564293,80,2775,13365,100
2792251071708751,564293,80,2775,13365,100
2792251076820077,564293,80,2775,13365,100
2792251081933220,564293,80,2775,13365,100
2792251087044601,564293,80,2775,13365,100
2792251092156313,564293,80,2775,13365,100
2792251097267605,564293,80,2775,13365,100
2792251102380732,564293,80,2775,13365,100
2792251107492354,564293,80,2775,13365,100
2792251112603548,564020,80,2775,13365,100
2792251117716099,564020,80,2775,13365,100
2792251122835359,564020,80,2775,13365,100
2792251127946716,564020,80,2775,13365,100
2792251133059320,564020,80,2775,13365,100
2792251138171383,564020,80,2775,13365,100
2792251143282673,564020,80,2775,13365,100
2792251148394161,564020,80,2775,13365,100
2792251153505485,564020,80,2775,13365,100
2792251158617026,564020,80,2775,13365,100
2792251163728959,564020,80,2775,13365,100
2792251168842115,564020,80,2775,13365,100
2792251173953475,564020,80,2775,13365,100
2792251179065120,564020,80,2775,13365,100
2792251184177716,564020,80,2775,13365,100
2792251189289309,564020,80,2775,13365,100
2792251194400789,564020,80,2775,13365,100
2792251199513085,564020,80,2775,13365,100
2792251204624470,564020,80,2775,13365,100
2792251209735884,564020,80,2775,13365,100
2792251214847603,564020,80,2775,13365,100
2792251219958648,564020,80,2775,13365,100
2792251225070147,564020,80,2775,13365,100
2792251230181382,564020,80,2775,13365,100
2792251235295416,564020,80,2775,13365,100
2792251240406900,564020,80,2775,13365,100
2792251245518415,564020,80,2775,13365,100
2792251250629518,564020,80,2775,13365,100
2792251255741038,564020,80,2775,13365,100
2792251260852287,564020,80,2775,13365,100
2792251265965115,564020,80,2775,13365,100
2792251271076712,564020,80,2775,13365,100
2792251276188171,564020,80,2775,13365,100
2792251281299536,564020,80,2775,13365,100
2792251286412200,564020,80,2775,13365,100
2792251291523688,564020,80,2775,13365,100
2792251296635005,564020,80,2775,13365,100
2792251301747504,564020,80,2775,13365,100
2792251306859222,564020,80,2775,13365,100
2792251311970711,564020,80,2775,13365,100
2792251317082227,564020,80,2775,13365,100
2792251322193627,564020,80,2775,13365,100
2792251327305344,564020,80,2775,13365,100
2792251332418512,564020,80,2775,13365,100
2792251337531204,564020,80,2775,13365,100
2792251342642577,564020,80,2775,13365,100
2792251347753885,564020,80,2775,13365,100
2792251352865310,564020,80,2775,13365,100
2792251357977070,564020,80,2775,13365,100
2792251363088291,564020,80,2775,13365,100
2792251368199795,564020,80,2775,13365,100
2792251373311284,564020,80,2775,13365,100
2792251378422463,564020,80,2775,13365,100
2792251383533540,564020,80,2775,13365,100
2792251388646013,564020,80,2775,13365,100
2792251393757358,564020,80,2775,13365,100
2792251398871275,564020,80,2775,13365,100
2792251403983072,564020,80,2775,13365,100
2792251409111618,564020,80,2775,13365,100
2792251414222979,564020,80,2775,13365,100
2792251419334451,564020,80,2775,13365,100
2792251424445772,564020,80,2775,13365,100
2792251429557276,564020,80,2775,13365,100
2792251434669204,564020,80,2775,13365,100
2792251439782757,564020,80,2775,13365,100
2792251444894141,564020,80,2775,13365,100
2792251450023526,564020,80,2775,13365,100
2792251455135169,564020,80,2775,13365,100
2792251460246382,564020,80,2775,13365,100
2792251465357934,564020,80,2775,13365,100
2792251470469524,564020,80,2775,13365,100
2792251475580907,564020,80,2775,13365,100
2792251480692068,564020,80,2775,13365,100
2792251485820392,564020,80,2775,13365,100
2792251490932780,564020,80,2775,13365,100
2792251496044273,564020,80,2775,13365,100
2792251501155809,564020,80,2775,13365,100
2792251506266962,564020,80,2775,13365,100
2792251511378158,564020,80,2775,13365,100
2792251516490742,564020,80,2775,13365,100
2792251521602179,564020,80,2775,13365,100
2792251526714071,564020,80,2775,13365,100
2792251531825444,564020,80,2775,13365,100
2792251536937096,564020,80,2775,13365,100
2792251542049984,564020,80,2775,13365,100
2792251547161225,564020,80,2775,13365,100
2792251552272518,564020,80,2775,13365,100
2792251557383938,564020,80,2775,13365,100
2792251562495358,564020,80,2775,13365,100
2792251567606526,564020,80,2775,13365,100
2792251572717815,564020,80,2775,13365,100
2792251577829224,564020,80,2775,13365,100
2792251582941564,564020,80,2775,13365,100
2792251588052876,564020,80,2775,13365,100
2792251593165584,564020,80,2775,13365,100
2792251598277119,564020,80,2775,13365,100
2792251603388646,564020,80,2775,13365,100
2792251608500148,564077,80,2775,13365,100
2792251613613026,564077,80,2775,13365,100
2792251618724739,564077,80,2775,13365,100
2792251623836171,564077,80,2775,13365,100
2792251628947619,564077,80,2775,13365,100
2792251634058998,564077,80,2775,13365,100
2792251639170520,564077,80,2775,13365,100
2792251644283317,564077,80,2775,13365,100
2792251649396153,564077,80,2775,13365,100
2792251654507641,564077,80,2775,13365,100
2792251659590718,564077,80,2775,13365,100
2792251664703665,564077,80,2775,13365,100
2792251669816859,564077,80,2775,13365,100
2792251674930113,564077,80,2775,13365,100
2792251680041944,564077,80,2775,13365,100
2792251685155355,564077,80,2775,13365,100
2792251690268773,564077,80,2775,13365,100
2792251695382453,564077,80,2775,13365,100
2792251700495646,564077,80,2775,13365,100
2792251705609306,564077,80,2775,13365,100
2792251710722538,564077,80,2775,13365,100
2792251715835794,564077,80,2775,13365,100
2792251720948115,564077,80,2775,13365,100
2792251726060123,564077,80,2775,13365,100
2792251731172656,564077,80,2775,13365,100
2792251736284941,564077,80,2775,13365,100
2792251741396909,564077,80,2775,13365,100
2792251746510609,564077,80,2775,13365,100
2792251751622585,564077,80,2775,13365,100
2792251756734836,564077,80,2775,13365,100
2792251761858988,564077,80,2775,13365,100
2792251766970607,564077,80,2775,13365,100
2792251772082135,564077,80,2775,13365,100
2792251777193700,564077,80,2775,13365,100
2792251782307108,564077,80,2775,13365,100
2792251787418928,564077,80,2775,13365,100
2792251792530121,564077,80,2775,13365,100
2792251797643210,564077,80,2775,13365,100
2792251802754943,564077,80,2775,13365,100
2792251807866195,564077,80,2775,13365,100
2792251812979610,564077,80,2775,13365,100
2792251818091231,564077,80,2775,13365,100
2792251823202521,564077,80,2775,13365,100
2792251828313871,564077,80,2775,13365,100
2792251833425364,564077,80,2775,13365,100
2792251838536825,564077,80,2775,13365,100
2792251843648205,564077,80,2775,13365,100
2792251848761645,564077,80,2775,13365,100
2792251853873266,564077,80,2775,13365,100
2792251858984550,564077,80,2775,13365,100
2792251864114323,564077,80,2775,13365,100
2792251869226115,564077,80,2775,13365,100
2792251874337405,564077,80,2775,13365,100
2792251879453916,564077,80,2775,13365,100
2792251884565226,564077,80,2775,13365,100
2792251889676676,564077,80,2775,13365,100
2792251894787957,564077,80,2775,13365,100
2792251899901639,564077,80,2775,13365,100
2792251905026944,564077,80,2775,13365,100
2792251910139330,564077,80,2775,13365,100
2792251915250891,564077,80,2775,13365,100
2792251920362365,564077,80,2775,13365,100
2792251925473767,564077,80,2775,13365,100
2792251930585734,564077,80,2775,13365,100
2792251935696908,564077,80,2775,13365,100
2792251940810284,564077,80,2775,13365,100
2792251945921579,564077,80,2775,13365,100
2792251951034685,564077,80,2775,13365,100
2792251956146156,564077,80,2775,13365,100
2792251961258354,564077,80,2775,13365,100
2792251966371686,564077,80,2775,13365,100
2792251971484879,564077,80,2775,13365,100
2792251976598355,564077,80,2775,13365,100
2792251981711550,564077,80,2775,13365,100
2792251986823840,564077,80,2775,13365,100
2792251991937099,564077,80,2775,13365,100
2792251997050345,564077,80,2775,13365,100
2792252002168066,564077,80,2775,13365,100
2792252007279118,564077,80,2775,13365,100
2792252012390410,564077,80,2775,13365,100
2792252017501901,564077,80,2775,13365,100
2792252022613095,564077,80,2775,13365,100
2792252027724330,564077,80,2775,13365,100
2792252032837380,564077,80,2775,13365,100
2792252037950200,564077,80,2775,13365,100
2792252043078032,564077,80,2775,13365,100
2792252048208453,564077,80,2775,13365,100
2792252053321271,564077,80,2775,13365,100
2792252058432505,564077,80,2775,13365,100
2792252063543648,564077,80,2775,13365,100
2792252068656605,564077,80,2775,13365,100
2792252073768047,564077,80,2775,13365,100
2792252078879115,564077,80,2775,13365,100
2792252083990672,564077,80,2775,13365,100
2792252089121360,564077,80,2775,13365,100
2792252094232776,564077,80,2775,13365,100
2792252099344044,564077,80,2775,13365,100
2792252104456314,564077,80,2775,13365,100
2792252109567733,564103,80,2775,13365,100
2792252114679959,564103,80,2775,13365,100
2792252119792614,564103,80,2775,13365,100
2792252124903803,564103,80,2775,13365,100
2792252130030887,564103,80,2775,13365,100
2792252135142864,564103,80,2775,13365,100
2792252140270268,564103,80,2775,13365,100
2792252145381300,564103,80,2775,13365,100
2792252150493584,564103,80,2775,13365,100
2792252155605941,564103,80,2775,13365,100
2792252160717731,564103,80,2775,13365,100
2792252165829621,564103,80,2775,13365,100
2792252170940878,564103,80,2775,13365,100
2792252176052915,564103,80,2775,13365,100
2792252181164261,564103,80,2775,13365,100
2792252186275715,564103,80,2775,13365,100
2792252191386825,564103,80,2775,13365,100
2792252196499855,564103,80,2775,13365,100
2792252201611421,564103,80,2775,13365,100
2792252206724002,564103,80,2775,13365,100
2792252211835416,564103,80,2775,13365,100
2792252216946646,564103,80,2775,13365,100
2792252222057737,564103,80,2775,13365,100
2792252227168851,564103,80,2775,13365,100
2792252232280647,564103,80,2775,13365,100
2792252237391779,564103,80,2775,13365,100
2792252242502880,564103,80,2775,13365,100
2792252247614197,564103,80,2775,13365,100
2792252252739669,564103,80,2775,13365,100
2792252257852429,564103,80,2775,13365,100
2792252262965046,564103,80,2775,13365,100
2792252268076422,564103,80,2775,13365,100
2792252273187739,564103,80,2775,13365,100
2792252278299035,564103,80,2775,13365,100
2792252283410155,564103,80,2775,13365,100
2792252288521324,564103,80,2775,13365,100
2792252293634573,564103,80,2775,13365,100
2792252298745661,564103,80,2775,13365,100
2792252303856787,564103,80,2775,13365,100
2792252308969237,564103,80,2775,13365,100
2792252314080506,564103,80,2775,13365,100
2792252319191570,564103,80,2775,13365,100
2792252324302579,564103,80,2775,13365,100
2792252329414743,564103,80,2775,13365,100
2792252334526014,564103,80,2775,13365,100
2792252339637064,564103,80,2775,13365,100
2792252344748388,564103,80,2775,13365,100
2792252349859287,564103,80,2775,13365,100
2792252354972145,564103,80,2775,13365,100
2792252360138349,564103,80,2775,13365,100
2792252365249622,564103,80,2775,13365,100
2792252370360970,564103,80,2775,13365,100
2792252375472238,564103,80,2775,13365,100
2792252380583827,564103,80,2775,13365,100
2792252385695172,564103,80,2775,13365,100
2792252390808048,564103,80,2775,13365,100
2792252395919286,564103,80,2775,13365,100
2792252401031178,564103,80,2775,13365,100
2792252406142941,564103,80,2775,13365,100
2792252411255473,564103,80,2775,13365,100
2792252416366833,564103,80,2775,13365,100
2792252421479710,564103,80,2775,13365,100
2792252426591027,564103,80,2775,13365,100
2792252431702290,564103,80,2775,13365,100
2792252436813420,564103,80,2775,13365,100
2792252441924848,564103,80,2775,13365,100
2792252447038245,564103,80,2775,13365,100
2792252452149622,564103,80,2775,13365,100
2792252457261325,564103,80,2775,13365,100
2792252462374044,564103,80,2775,13365,100
2792252467485301,564103,80,2775,13365,100
2792252472596666,564103,80,2775,13365,100
2792252477708163,564103,80,2775,13365,100
2792252482819381,564103,80,2775,13365,100
2792252487931139,564103,80,2775,13365,100
2792252493042323,564103,80,2775,13365,100
2792252498153529,564103,80,2775,13365,100
2792252503264749,564103,80,2775,13365,100
2792252508375793,564103,80,2775,13365,100
2792252513488162,564103,80,2775,13365,100
2792252518600838,564103,80,2775,13365,100
2792252523711931,564103,80,2775,13365,100
2792252528823119,564103,80,2775,13365,100
2792252533934911,564103,80,2775,13365,100
2792252539046130,564103,80,2775,13365,100
2792252544157214,564103,80,2775,13365,100
2792252549269188,564103,80,2775,13365,100
2792252554380489,564103,80,2775,13365,100
2792252559491657,564103,80,2775,13365,100
2792252564604200,564103,80,2775,13365,100
2792252569715371,564103,80,2775,13365,100
2792252574826328,564103,80,2775,13365,100
2792252579937619,564103,80,2775,13365,100
2792252585050335,564103,80,2775,13365,100
2792252590161352,564103,80,2775,13365,100
2792252595272738,564103,80,2775,13365,100
2792252600383912,564103,80,2775,13365,100
2792252605495061,564103,80,2775,13365,100
2792252610606165,564571,80,2775,13365,100
2792252615720934,564571,80,2775,13365,100
2792252620832194,564571,80,2775,13365,100
2792252625943025,564571,80,2775,13365,100
2792252631054279,564571,80,2775,13365,100
2792252636166268,564571,80,2775,13365,100
2792252641278071,564571,80,2775,13365,100
2792252646389528,564571,80,2775,13365,100
2792252651500933,564571,80,2775,13365,100
2792252656612293,564571,80,2775,13365,100
2792252661724098,564571,80,2775,13365,100
2792252666836382,564571,80,2775,13365,100
2792252671948923,564571,80,2775,13365,100
2792252677060119,564571,80,2775,13365,100
2792252682171533,564571,80,2775,13365,100
2792252687282487,564571,80,2775,13365,100
2792252692393732,564571,80,2775,13365,100
2792252697505005,564571,80,2775,13365,100
2792252702617531,564571,80,2775,13365,100
2792252707728685,564571,80,2775,13365,100
2792252712839626,564571,80,2775,13365,100
2792252717954014,564571,80,2775,13365,100
2792252723067198,564571,80,2775,13365,100
2792252728180287,564571,80,2775,13365,100
2792252733292838,564571,80,2775,13365,100
2792252738404456,564571,80,2775,13365,100
2792252743516448,564571,80,2775,13365,100
2792252748627837,564571,80,2775,13365,100
2792252753790128,564571,80,2775,13365,100
2792252758902413,564571,80,2775,13365,100
2792252764030233,564571,80,2775,13365,100
2792252769143608,564571,80,2775,13365,100
2792252774254994,564571,80,2775,13365,100
2792252779366351,564571,80,2775,13365,100
2792252784477863,564571,80,2775,13365,100
2792252789589248,564571,80,2775,13365,100
2792252794713096,564571,80,2775,13365,100
2792252799826254,564571,80,2775,13365,100
2792252804938013,564571,80,2775,13365,100
2792252810049237,564571,80,2775,13365,100
2792252815160497,564571,80,2775,13365,100
2792252820273198,564571,80,2775,13365,100
2792252825384526,564571,80,2775,13365,100
2792252830497207,564571,80,2775,13365,100
2792252835608235,564571,80,2775,13365,100
2792252840719323,564571,80,2775,13365,100
2792252845830552,564571,80,2775,13365,100
2792252850942058,564571,80,2775,13365,100
2792252856054952,564571,80,2775,13365,100
2792252861166855,564571,80,2775,13365,100
2792252866278194,564571,80,2775,13365,100
2792252871390916,564571,80,2775,13365,100
2792252876502159,564571,80,2775,13365,100
2792252881613351,564571,80,2775,13365,100
2792252886724664,564571,80,2775,13365,100
2792252891837279,564571,80,2775,13365,100
2792252896948424,564571,80,2775,13365,100
2792252902059821,564571,80,2775,13365,100
2792252907171140,564571,80,2775,13365,100
2792252912282429,564571,80,2775,13365,100
2792252917393361,564571,80,2775,13365,100
2792252922507002,564571,80,2775,13365,100
2792252927618210,564571,80,2775,13365,100
2792252932729222,564571,80,2775,13365,100
2792252937840593,564571,80,2775,13365,100
2792252942951787,564571,80,2775,13365,100
2792252948063208,564571,80,2775,13365,100
2792252953174381,564571,80,2775,13365,100
2792252958285659,564571,80,2775,13365,100
2792252963396914,564571,80,2775,13365,100
2792252968508086,564571,80,2775,13365,100
2792252973620752,564571,80,2775,13365,100
2792252978731727,564571,80,2775,13365,100
2792252983843363,564571,80,2775,13365,100
2792252988955963,564571,80,2775,13365,100
2792252994067200,564571,80,2775,13365,100
2792252999178388,564571,80,2775,13365,100
2792253004289829,564571,80,2775,13365,100
2792253009400889,564571,80,2775,13365,100
2792253014512809,564571,80,2775,13365,100
2792253019625026,564571,80,2775,13365,100
2792253024737730,564571,80,2775,13365,100
2792253029849426,564571,80,2775,13365,100
2792253034960575,564571,80,2775,13365,100
2792253040071847,564571,80,2775,13365,100
2792253045183376,564571,80,2775,13365,100
2792253050295636,564571,80,2775,13365,100
2792253055406941,564571,80,2775,13365,100
2792253060518038,564571,80,2775,13365,100
2792253065629191,564571,80,2775,13365,100
2792253070740658,564571,80,2775,13365,100
2792253075852907,564571,80,2775,13365,100
2792253080964139,564571,80,2775,13365,100
2792253086075680,564571,80,2775,13365,100
2792253091186912,564571,80,2775,13365,100
2792253096297864,564571,80,2775,13365,100
2792253101409340,564571,80,2775,13365,100
2792253106520893,564571,80,2775,13365,100
2792253111632009,565166,80,2775,13365,100
2792253116745922,565166,80,2775,13365,100
2792253121857498,565166,80,2775,13365,100
2792253126970524,565166,80,2775,13365,100
2792253132081843,565166,80,2775,13365,100
2792253137193191,565166,80,2775,13365,100
2792253142304504,565166,80,2775,13365,100
2792253147417589,565166,80,2775,13365,100
2792253152528977,565166,80,2775,13365,100
2792253157640221,565166,80,2775,13365,100
2792253162751990,565166,80,2775,13365,100
2792253167863382,565166,80,2775,13365,100
2792253172974635,565166,80,2775,13365,100
2792253178088867,565166,80,2775,13365,100
2792253183200027,565166,80,2775,13365,100
2792253188311319,565166,80,2775,13365,100
2792253193422316,565166,80,2775,13365,100
2792253198534037,565166,80,2775,13365,100
2792253203645189,565166,80,2775,13365,100
2792253208757697,565166,80,2775,13365,100
2792253213869121,565166,80,2775,13365,100
2792253218980226,565166,80,2775,13365,100
2792253224092094,565166,80,2775,13365,100
2792253229204798,565166,80,2775,13365,100
2792253234316024,565166,80,2775,13365,100
2792253239427452,565166,80,2775,13365,100
2792253244538680,565166,80,2775,13365,100
2792253249649983,565166,80,2775,13365,100
2792253254762613,565166,80,2775,13365,100
2792253259873941,565166,80,2775,13365,100
2792253264985996,565166,80,2775,13365,100
2792253270115038,565166,80,2775,13365,100
2792253275226938,565166,80,2775,13365,100
2792253280340387,565166,80,2775,13365,100
2792253285451999,565166,80,2775,13365,100
2792253290563704,565166,80,2775,13365,100
2792253295675332,565166,80,2775,13365,100
2792253300788107,565166,80,2775,13365,100
2792253305899524,565166,80,2775,13365,100
2792253311027055,565166,80,2775,13365,100
2792253316138909,565166,80,2775,13365,100
2792253321250378,565166,80,2775,13365,100
2792253326361498,565166,80,2775,13365,100
2792253331474181,565166,80,2775,13365,100
2792253336585585,565166,80,2775,13365,100
2792253341696764,565166,80,2775,13365,100
2792253346809732,565166,80,2775,13365,100
2792253351920920,565166,80,2775,13365,100
2792253357032085,565166,80,2775,13365,100
2792253362143198,565166,80,2775,13365,100
2792253367254117,565166,80,2775,13365,100
2792253372365562,565166,80,2775,13365,100
2792253377483893,565166,80,2775,13365,100
2792253382596790,565166,80,2775,13365,100
2792253387708120,565166,80,2775,13365,100
2792253392819220,565166,80,2775,13365,100
2792253397930652,565166,80,2775,13365,100
2792253403052253,565166,80,2775,13365,100
2792253408163453,565166,80,2775,13365,100
2792253413276451,565166,80,2775,13365,100
2792253418387838,565166,80,2775,13365,100
2792253423499122,565166,80,2775,13365,100
2792253428610551,565166,80,2775,13365,100
2792253433723051,565166,80,2775,13365,100
2792253438834181,565166,80,2775,13365,100
2792253443946920,565166,80,2775,13365,100
2792253449074444,565166,80,2775,13365,100
2792253454185448,565166,80,2775,13365,100
2792253459296825,565166,80,2775,13365,100
2792253464407873,565166,80,2775,13365,100
2792253469518990,565166,80,2775,13365,100
2792253474629894,565166,80,2775,13365,100
2792253479742950,565166,80,2775,13365,100
2792253484855543,565166,80,2775,13365,100
2792253489966888,565166,80,2775,13365,100
2792253495078240,565166,80,2775,13365,100
2792253500189472,565166,80,2775,13365,100
2792253505300517,565166,80,2775,13365,100
2792253510413421,565166,80,2775,13365,100
2792253515524690,565166,80,2775,13365,100
2792253520635894,565166,80,2775,13365,100
2792253525747066,565166,80,2775,13365,100
2792253530858145,565166,80,2775,13365,100
2792253535970991,565166,80,2775,13365,100
2792253541084388,565166,80,2775,13365,100
2792253546206904,565166,80,2775,13365,100
2792253551318397,565166,80,2775,13365,100
2792253556429607,565166,80,2775,13365,100
2792253561540946,565166,80,2775,13365,100
2792253566652378,565166,80,2775,13365,100
2792253571764114,565166,80,2775,13365,100
2792253576876643,565166,80,2775,13365,100
2792253581987782,565166,80,2775,13365,100
2792253587117463,565166,80,2775,13365,100
2792253592228752,565166,80,2775,13365,100
2792253597339944,565166,80,2775,13365,100
2792253602450886,565166,80,2775,13365,100
2792253607562237,565166,80,2775,13365,100
2792253612673453,565347,80,2775,13365,100
2792253617786974,565347,80,2775,13365,100
2792253622898094,565347,80,2775,13365,100
2792253628026882,565347,80,2775,13365,100
2792253633138671,565347,80,2775,13365,100
2792253638251483,565347,80,2775,13365,100
2792253643362895,565347,80,2775,13365,100
2792253648473886,565347,80,2775,13365,100
2792253653585111,565347,80,2775,13365,100
2792253658696489,565347,80,2775,13365,100
2792253663813449,565347,80,2775,13365,100
2792253668924517,565347,80,2775,13365,100
2792253674035502,565347,80,2775,13365,100
2792253679146694,565347,80,2775,13365,100
2792253684258130,565347,80,2775,13365,100
2792253689371143,565347,80,2775,13365,100
2792253694484039,565347,80,2775,13365,100
2792253699595470,565347,80,2775,13365,100
2792253704706702,565347,80,2775,13365,100
2792253709818232,565347,80,2775,13365,100
2792253714929151,565347,80,2775,13365,100
2792253720040341,565347,80,2775,13365,100
2792253725151667,565347,80,2775,13365,100
2792253730264046,565347,80,2775,13365,100
2792253735375183,565347,80,2775,13365,100
2792253740487699,565347,80,2775,13365,100
2792253745599352,565347,80,2775,13365,100
2792253750710614,565347,80,2775,13365,100
2792253755822717,565347,80,2775,13365,100
2792253760935177,565347,80,2775,13365,100
2792253766046573,565347,80,2775,13365,100
2792253771158225,565347,80,2775,13365,100
2792253776269476,565347,80,2775,13365,100
2792253781381003,565347,80,2775,13365,100
2792253786492187,565347,80,2775,13365,100
2792253791604859,565347,80,2775,13365,100
2792253796717960,565347,80,2775,13365,100
2792253801829193,565347,80,2775,13365,100
2792253806940769,565347,80,2775,13365,100
2792253812052042,565347,80,2775,13365,100
2792253817163214,565347,80,2775,13365,100
2792253822274554,565347,80,2775,13365,100
2792253827387750,565347,80,2775,13365,100
2792253832499134,565347,80,2775,13365,100
2792253837610659,565347,80,2775,13365,100
2792253842723323,565347,80,2775,13365,100
2792253847835468,565347,80,2775,13365,100
2792253852964144,565347,80,2775,13365,100
2792253858075165,565347,80,2775,13365,100
2792253863186589,565347,80,2775,13365,100
2792253868297945,565347,80,2775,13365,100
2792253873409218,565347,80,2775,13365,100
2792253878520306,565347,80,2775,13365,100
2792253883631415,565347,80,2775,13365,100
2792253888742643,565347,80,2775,13365,100
2792253893856616,565347,80,2775,13365,100
2792253898968196,565347,80,2775,13365,100
2792253904079440,565347,80,2775,13365,100
2792253909190509,565347,80,2775,13365,100
2792253914301835,565347,80,2775,13365,100
2792253919413269,565347,80,2775,13365,100
2792253924531394,565347,80,2775,13365,100
2792253929643434,565347,80,2775,13365,100
2792253934754553,565347,80,2775,13365,100
2792253939867076,565347,80,2775,13365,100
2792253944980208,565347,80,2775,13365,100
2792253950091816,565347,80,2775,13365,100
2792253955202860,565347,80,2775,13365,100
2792253960314405,565347,80,2775,13365,100
2792253965425599,565347,80,2775,13365,100
2792253970537602,565347,80,2775,13365,100
2792253975648776,565347,80,2775,13365,100
2792253980760151,565347,80,2775,13365,100
2792253985898731,565347,80,2775,13365,100
2792253991026079,565347,80,2775,13365,100
2792253996139004,565347,80,2775,13365,100
2792254001269199,565347,80,2775,13365,100
2792254006380874,565347,80,2775,13365,100
2792254011491979,565347,80,2775,13365,100
2792254016603473,565347,80,2775,13365,100
2792254021714710,565347,80,2775,13365,100
2792254026827334,565347,80,2775,13365,100
2792254031938482,565347,80,2775,13365,100
2792254037049667,565347,80,2775,13365,100
2792254042167247,565347,80,2775,13365,100
2792254047279835,565347,80,2775,13365,100
2792254052391322,565347,80,2775,13365,100
2792254057504092,565347,80,2775,13365,100
2792254062615196,565347,80,2775,13365,100
2792254067746697,565347,80,2775,13365,100
2792254072858201,565347,80,2775,13365,100
2792254077969616,565347,80,2775,13365,100
2792254083080910,565347,80,2775,13365,100
2792254088192739,565347,80,2775,13365,100
2792254093304095,565347,80,2775,13365,100
2792254098417063,565347,80,2775,13365,100
2792254103544598,565347,80,2775,13365,100
2792254108655876,565376,80,2775,13365,100
2792254113768407,565376,80,2775,13365,100
2792254118879811,565376,80,2775,13365,100
2792254123992797,565376,80,2775,13365,100
2792254129121413,565376,80,2775,13365,100
2792254134233114,565376,80,2775,13365,100
2792254139344302,565376,80,2775,13365,100
2792254144455739,565376,80,2775,13365,100
2792254149568603,565376,80,2775,13365,100
2792254154680311,565376,80,2775,13365,100
2792254159796948,565376,80,2775,13365,100
2792254164908471,565376,80,2775,13365,100
2792254170019668,565376,80,2775,13365,100
2792254175130900,565376,80,2775,13365,100
2792254180241918,565376,80,2775,13365,100
2792254185353162,565376,80,2775,13365,100
2792254190465951,565376,80,2775,13365,100
2792254195577227,565376,80,2775,13365,100
2792254200690131,565376,80,2775,13365,100
2792254205801844,565376,80,2775,13365,100
2792254210913380,565376,80,2775,13365,100
2792254216024835,565376,80,2775,13365,100
2792254221136145,565376,80,2775,13365,100
2792254226247246,565376,80,2775,13365,100
2792254231358582,565376,80,2775,13365,100
2792254236470006,565376,80,2775,13365,100
2792254241581477,565376,80,2775,13365,100
2792254246692647,565376,80,2775,13365,100
2792254251805324,565376,80,2775,13365,100
2792254256918018,565376,80,2775,13365,100
2792254262029680,565376,80,2775,13365,100
2792254267141232,565376,80,2775,13365,100
2792254272252523,565376,80,2775,13365,100
2792254277363530,565376,80,2775,13365,100
2792254282474927,565376,80,2775,13365,100
2792254287587177,565376,80,2775,13365,100
2792254292698401,565376,80,2775,13365,100
2792254297810120,565376,80,2775,13365,100
2792254302923319,565376,80,2775,13365,100
2792254308034904,565376,80,2775,13365,100
2792254313146419,565376,80,2775,13365,100
2792254318257516,565376,80,2775,13365,100
2792254323368848,565376,80,2775,13365,100
2792254328479906,565376,80,2775,13365,100
2792254333591250,565376,80,2775,13365,100
2792254338702535,565376,80,2775,13365,100
2792254343814031,565376,80,2775,13365,100
2792254348925379,565376,80,2775,13365,100
2792254354039336,565376,80,2775,13365,100
2792254359150837,565376,80,2775,13365,100
2792254364262072,565376,80,2775,13365,100
2792254369373527,565376,80,2775,13365,100
2792254374484726,565376,80,2775,13365,100
2792254379595996,565376,80,2775,13365,100
2792254384707135,565376,80,2775,13365,100
2792254389818399,565376,80,2775,13365,100
2792254394929784,565376,80,2775,13365,100
2792254400041243,565376,80,2775,13365,100
2792254405154218,565376,80,2775,13365,100
2792254410265882,565376,80,2775,13365,100
2792254415377220,565376,80,2775,13365,100
2792254420488565,565376,80,2775,13365,100
2792254425600003,565376,80,2775,13365,100
2792254430711450,565376,80,2775,13365,100
2792254435822547,565376,80,2775,13365,100
2792254440933929,565376,80,2775,13365,100
2792254446045108,565376,80,2775,13365,100
2792254451157824,565376,80,2775,13365,100
2792254456270560,565376,80,2775,13365,100
2792254461381947,565376,80,2775,13365,100
2792254466493281,565376,80,2775,13365,100
2792254471604861,565376,80,2775,13365,100
2792254476716448,565376,80,2775,13365,100
2792254481829307,565376,80,2775,13365,100
2792254486940358,565376,80,2775,13365,100
2792254492051743,565376,80,2775,13365,100
2792254497162958,565376,80,2775,13365,100
2792254502274590,565376,80,2775,13365,100
2792254507387332,565376,80,2775,13365,100
2792254512498865,565376,80,2775,13365,100
2792254517610115,565376,80,2775,13365,100
2792254522721345,565376,80,2775,13365,100
2792254527832657,565376,80,2775,13365,100
2792254532944178,565376,80,2775,13365,100
2792254538055519,565376,80,2775,13365,100
2792254543166937,565376,80,2775,13365,100
2792254548278436,565376,80,2775,13365,100
2792254553390106,565376,80,2775,13365,100
2792254558503060,565376,80,2775,13365,100
2792254563614324,565376,80,2775,13365,100
2792254568735059,565376,80,2775,13365,100
2792254573847433,565376,80,2775,13365,100
2792254578959250,565376,80,2775,13365,100
2792254584070292,565376,80,2775,13365,100
2792254589181691,565376,80,2775,13365,100
2792254594293051,565376,80,2775,13365,100
2792254599404424,565376,80,2775,13365,100
2792254604517192,565376,80,2775,13365,100
2792254609629888,565347,80,2775,13365,100
2792254614742193,565347,80,2775,13365,100
2792254619853501,565347,80,2775,13365,100
2792254624964677,565347,80,2775,13365,100
2792254630076152,565347,80,2775,13365,100
2792254635187330,565347,80,2775,13365,100
2792254640298678,565347,80,2775,13365,100
2792254645410055,565347,80,2775,13365,100
2792254650521499,565347,80,2775,13365,100
2792254655633152,565347,80,2775,13365,100
2792254660746481,565347,80,2775,13365,100
2792254665857773,565347,80,2775,13365,100
2792254670969082,565347,80,2775,13365,100
2792254676080478,565347,80,2775,13365,100
2792254681191914,565347,80,2775,13365,100
2792254686303181,565347,80,2775,13365,100
2792254691414259,565347,80,2775,13365,100
2792254696525523,565347,80,2775,13365,100
2792254701643328,565347,80,2775,13365,100
2792254706754748,565347,80,2775,13365,100
2792254711867556,565347,80,2775,13365,100
2792254716978801,565347,80,2775,13365,100
2792254722090321,565347,80,2775,13365,100
2792254727201430,565347,80,2775,13365,100
2792254732312830,565347,80,2775,13365,100
2792254737424063,565347,80,2775,13365,100
2792254742535159,565347,80,2775,13365,100
2792254747646494,565347,80,2775,13365,100
2792254752757876,565347,80,2775,13365,100
2792254757885552,565347,80,2775,13365,100
2792254762998467,565347,80,2775,13365,100
2792254768126085,565347,80,2775,13365,100
2792254773237349,565347,80,2775,13365,100
2792254778348330,565347,80,2775,13365,100
2792254783459543,565347,80,2775,13365,100
2792254788570702,565347,80,2775,13365,100
2792254793682143,565347,80,2775,13365,100
2792254798794600,565347,80,2775,13365,100
2792254803906028,565347,80,2775,13365,100
2792254809030292,565347,80,2775,13365,100
2792254814144084,565347,80,2775,13365,100
2792254819255469,565347,80,2775,13365,100
2792254824366602,565347,80,2775,13365,100
2792254829477946,565347,80,2775,13365,100
2792254834589370,565347,80,2775,13365,100
2792254839700827,565347,80,2775,13365,100
2792254844813843,565347,80,2775,13365,100
2792254849925231,565347,80,2775,13365,100
2792254855036272,565347,80,2775,13365,100
2792254860147731,565347,80,2775,13365,100
2792254865260553,565347,80,2775,13365,100
2792254870372853,565347,80,2775,13365,100
2792254875484362,565347,80,2775,13365,100
2792254880595601,565347,80,2775,13365,100
2792254885706773,565347,80,2775,13365,100
2792254890818211,565347,80,2775,13365,100
2792254895929163,565347,80,2775,13365,100
2792254901041666,565347,80,2775,13365,100
2792254906152968,565347,80,2775,13365,100
2792254911264388,565347,80,2775,13365,100
2792254916377169,565347,80,2775,13365,100
2792254921488418,565347,80,2775,13365,100
2792254926599577,565347,80,2775,13365,100
2792254931710972,565347,80,2775,13365,100
2792254936823186,565347,80,2775,13365,100
2792254941934565,565347,80,2775,13365,100
2792254947045945,565347,80,2775,13365,100
2792254952159070,565347,80,2775,13365,100
2792254957270140,565347,80,2775,13365,100
2792254962381386,565347,80,2775,13365,100
2792254967495169,565347,80,2775,13365,100
2792254972606355,565347,80,2775,13365,100
2792254977717618,565347,80,2775,13365,100
2792254982828706,565347,80,2775,13365,100
2792254987939919,565347,80,2775,13365,100
2792254993051019,565347,80,2775,13365,100
2792254998162688,565347,80,2775,13365,100
2792255003274072,565347,80,2775,13365,100
2792255008386848,565347,80,2775,13365,100
2792255013499803,565347,80,2775,13365,100
2792255018612489,565347,80,2775,13365,100
2792255023723790,565347,80,2775,13365,100
2792255028835042,565347,80,2775,13365,100
2792255033946761,565347,80,2775,13365,100
2792255039057905,565347,80,2775,13365,100
2792255044169287,565347,80,2775,13365,100
2792255049282732,565347,80,2775,13365,100
2792255054394008,565347,80,2775,13365,100
2792255059505248,565347,80,2775,13365,100
2792255064616861,565347,80,2775,13365,100
2792255069729286,565347,80,2775,13365,100
2792255074841174,565347,80,2775,13365,100
2792255079953674,565347,80,2775,13365,100
2792255085064947,565347,80,2775,13365,100
2792255090176079,565347,80,2775,13365,100
2792255095287187,565347,80,2775,13365,100
2792255100398171,565347,80,2775,13365,100
2792255105509442,565347,80,2775,13365,100
2792255110620474,565658,80,2775,13365,100
2792255115734491,565658,80,2775,13365,100
2792255120847065,565658,80,2775,13365,100
2792255125958394,565658,80,2775,13365,100
2792255131069334,565658,80,2775,13365,100
2792255136180611,565658,80,2775,13365,100
2792255141310733,565658,80,2775,13365,100
2792255146423716,565658,80,2775,13365,100
2792255151535148,565658,80,2775,13365,100
2792255156651100,565658,80,2775,13365,100
2792255161762573,565658,80,2775,13365,100
2792255166873969,565658,80,2775,13365,100
2792255171986669,565658,80,2775,13365,100
2792255177120998,565658,80,2775,13365,100
2792255182232082,565658,80,2775,13365,100
2792255187343214,565658,80,2775,13365,100
2792255192454370,565658,80,2775,13365,100
2792255197565479,565658,80,2775,13365,100
2792255202678560,565658,80,2775,13365,100
2792255207790544,565658,80,2775,13365,100
2792255212901677,565658,80,2775,13365,100
2792255218024797,565658,80,2775,13365,100
2792255223138913,565658,80,2775,13365,100
2792255228252113,565658,80,2775,13365,100
2792255233365226,565658,80,2775,13365,100
2792255238477502,565658,80,2775,13365,100
2792255243570814,565658,80,2775,13365,100
2792255248675639,565658,80,2775,13365,100
2792255253770068,565658,80,2775,13365,100
2792255258883249,565658,80,2775,13365,100
2792255263996287,565658,80,2775,13365,100
2792255269136833,565658,80,2775,13365,100
2792255274250497,565658,80,2775,13365,100
2792255279362825,565658,80,2775,13365,100
2792255284474414,565658,80,2775,13365,100
2792255289587055,565658,80,2775,13365,100
2792255294700990,565658,80,2775,13365,100
2792255299814068,565658,80,2775,13365,100
2792255304925808,565658,80,2775,13365,100
2792255310037308,565658,80,2775,13365,100
2792255315148209,565658,80,2775,13365,100
2792255320259842,565658,80,2775,13365,100
2792255325372165,565658,80,2775,13365,100
2792255330483954,565658,80,2775,13365,100
2792255335595666,565658,80,2775,13365,100
2792255340708599,565658,80,2775,13365,100
2792255345819809,565658,80,2775,13365,100
2792255350930772,565658,80,2775,13365,100
2792255356041988,565658,80,2775,13365,100
2792255361153748,565658,80,2775,13365,100
2792255366264987,565658,80,2775,13365,100
2792255371378221,565658,80,2775,13365,100
2792255376490750,565658,80,2775,13365,100
2792255381601908,565658,80,2775,13365,100
2792255386713065,565658,80,2775,13365,100
2792255391824062,565658,80,2775,13365,100
2792255396935367,565658,80,2775,13365,100
2792255402046718,565658,80,2775,13365,100
2792255407158012,565658,80,2775,13365,100
2792255412286988,565658,80,2775,13365,100
2792255417398045,565658,80,2775,13365,100
2792255422509397,565658,80,2775,13365,100
2792255427622129,565658,80,2775,13365,100
2792255432733484,565658,80,2775,13365,100
2792255437846069,565658,80,2775,13365,100
2792255442957699,565658,80,2775,13365,100
2792255448068991,565658,80,2775,13365,100
2792255453180209,565658,80,2775,13365,100
2792255458291520,565658,80,2775,13365,100
2792255463403018,565658,80,2775,13365,100
2792255468513925,565658,80,2775,13365,100
2792255473625481,565658,80,2775,13365,100
2792255478738290,565658,80,2775,13365,100
2792255483849518,565658,80,2775,13365,100
2792255488961142,565658,80,2775,13365,100
2792255494072311,565658,80,2775,13365,100
2792255499183696,565658,80,2775,13365,100
2792255504302108,565658,80,2775,13365,100
2792255509413448,565658,80,2775,13365,100
2792255514524888,565658,80,2775,13365,100
2792255519636612,565658,80,2775,13365,100
2792255524747809,565658,80,2775,13365,100
2792255529860716,565658,80,2775,13365,100
2792255534973022,565658,80,2775,13365,100
2792255540084346,565658,80,2775,13365,100
2792255545195587,565658,80,2775,13365,100
2792255550307191,565658,80,2775,13365,100
2792255555418716,565658,80,2775,13365,100
2792255560529954,565658,80,2775,13365,100
2792255565641301,565658,80,2775,13365,100
2792255570754003,565658,80,2775,13365,100
2792255575865497,565658,80,2775,13365,100
2792255580977838,565658,80,2775,13365,100
2792255586089377,565658,80,2775,13365,100
2792255591200400,565658,80,2775,13365,100
2792255596311905,565658,80,2775,13365,100
2792255601424772,565658,80,2775,13365,100
2792255606536182,565658,80,2775,13365,100
2792255611648524,566206,80,2775,13365,100
2792255616760901,566206,80,2775,13365,100
2792255621872315,566206,80,2775,13365,100
2792255626983874,566206,80,2775,13365,100
2792255632114250,566206,80,2775,13365,100
2792255637225601,566206,80,2775,13365,100
2792255642336839,566206,80,2775,13365,100
2792255647447967,566206,80,2775,13365,100
2792255652559248,566206,80,2775,13365,100
2792255657670312,566206,80,2775,13365,100
2792255662782625,566206,80,2775,13365,100
2792255667894097,566206,80,2775,13365,100
2792255673023269,566206,80,2775,13365,100
2792255678134496,566206,80,2775,13365,100
2792255683247222,566206,80,2775,13365,100
2792255688358634,566206,80,2775,13365,100
2792255693470058,566206,80,2775,13365,100
2792255698581319,566206,80,2775,13365,100
2792255703693032,566206,80,2775,13365,100
2792255708805304,566206,80,2775,13365,100
2792255713916421,566206,80,2775,13365,100
2792255719027785,566206,80,2775,13365,100
2792255724138763,566206,80,2775,13365,100
2792255729250058,566206,80,2775,13365,100
2792255734362659,566206,80,2775,13365,100
2792255739474523,566206,80,2775,13365,100
2792255744585653,566206,80,2775,13365,100
2792255749696572,566206,80,2775,13365,100
2792255754808062,566206,80,2775,13365,100
2792255759920124,566206,80,2775,13365,100
2792255765031625,566206,80,2775,13365,100
2792255770143025,566206,80,2775,13365,100
2792255775255878,566206,80,2775,13365,100
2792255780367218,566206,80,2775,13365,100
2792255785479714,566206,80,2775,13365,100
2792255790590902,566206,80,2775,13365,100
2792255795702727,566206,80,2775,13365,100
2792255800814091,566206,80,2775,13365,100
2792255805935868,566206,80,2775,13365,100
2792255811047389,566206,80,2775,13365,100
2792255816158797,566206,80,2775,13365,100
2792255821269913,566206,80,2775,13365,100
2792255826381233,566206,80,2775,13365,100
2792255831492298,566206,80,2775,13365,100
2792255836605066,566206,80,2775,13365,100
2792255841716951,566206,80,2775,13365,100
2792255846831851,566206,80,2775,13365,100
2792255851943108,566206,80,2775,13365,100
2792255857054496,566206,80,2775,13365,100
2792255862165800,566206,80,2775,13365,100
2792255867276913,566206,80,2775,13365,100
2792255872369750,566206,80,2775,13365,100
2792255877473841,566206,80,2775,13365,100
2792255882584912,566206,80,2775,13365,100
2792255887697523,566206,80,2775,13365,100
2792255892808815,566206,80,2775,13365,100
2792255897920267,566206,80,2775,13365,100
2792255903031592,566206,80,2775,13365,100
2792255908143860,566206,80,2775,13365,100
2792255913255513,566206,80,2775,13365,100
2792255918366937,566206,80,2775,13365,100
2792255923478157,566206,80,2775,13365,100
2792255928589478,566206,80,2775,13365,100
2792255933701096,566206,80,2775,13365,100
2792255938814019,566206,80,2775,13365,100
2792255943925691,566206,80,2775,13365,100
2792255949037203,566206,80,2775,13365,100
2792255954148247,566206,80,2775,13365,100
2792255959259399,566206,80,2775,13365,100
2792255964370691,566206,80,2775,13365,100
2792255969481615,566206,80,2775,13365,100
2792255974594281,566206,80,2775,13365,100
2792255979706086,566206,80,2775,13365,100
2792255984817635,566206,80,2775,13365,100
2792255989930415,566206,80,2775,13365,100
2792255995041744,566206,80,2775,13365,100
2792256000153174,566206,80,2775,13365,100
2792256005265838,566206,80,2775,13365,100
2792256010377248,566206,80,2775,13365,100
2792256015488161,566206,80,2775,13365,100
2792256020599077,566206,80,2775,13365,100
2792256025710245,566206,80,2775,13365,100
2792256030821628,566206,80,2775,13365,100
2792256035932407,566206,80,2775,13365,100
2792256041046439,566206,80,2775,13365,100
2792256046157299,566206,80,2775,13365,100
2792256051268616,566206,80,2775,13365,100
2792256056380082,566206,80,2775,13365,100
2792256061491516,566206,80,2775,13365,100
2792256066618604,566206,80,2775,13365,100
2792256071731134,566206,80,2775,13365,100
2792256076842340,566206,80,2775,13365,100
2792256081953494,566206,80,2775,13365,100
2792256087064623,566206,80,2775,13365,100
2792256092177003,566206,80,2775,13365,100
2792256097288031,566206,80,2775,13365,100
2792256102399296,566206,80,2775,13365,100
2792256107510605,566206,80,2775,13365,100
2792256112621611,566236,81,2775,13365,100
2792256117734005,566236,81,2775,13365,100
2792256122845480,566236,81,2775,13365,100
2792256127956498,566236,81,2775,13365,100
2792256133067803,566236,81,2775,13365,100
2792256138180446,566236,81,2775,13365,100
2792256143293503,566236,81,2775,13365,100
2792256148405020,566236,81,2775,13365,100
2792256153516120,566236,81,2775,13365,100
2792256158627524,566236,81,2775,13365,100
2792256163739117,566236,81,2775,13365,100
2792256168850861,566236,81,2775,13365,100
2792256173966282,566236,81,2775,13365,100
2792256179077706,566236,81,2775,13365,100
2792256184189202,566236,81,2775,13365,100
2792256189300617,566236,81,2775,13365,100
2792256194413123,566236,81,2775,13365,100
2792256199524732,566236,81,2775,13365,100
2792256204637085,566236,81,2775,13365,100
2792256209748497,566236,81,2775,13365,100
2792256214859737,566236,81,2775,13365,100
2792256219971293,566236,81,2775,13365,100
2792256225082746,566236,81,2775,13365,100
2792256230193874,566236,81,2775,13365,100
2792256235306182,566236,81,2775,13365,100
2792256240417314,566236,81,2775,13365,100
2792256245529771,566236,81,2775,13365,100
2792256250641058,566236,81,2775,13365,100
2792256255752222,566236,81,2775,13365,100
2792256260863841,566236,81,2775,13365,100
2792256265975383,566236,81,2775,13365,100
2792256271102642,566236,81,2775,13365,100
2792256276214050,566236,81,2775,13365,100
2792256281325290,566236,81,2775,13365,100
2792256286437215,566236,81,2775,13365,100
2792256291549059,566236,81,2775,13365,100
2792256296662399,566236,81,2775,13365,100
2792256301775574,566236,81,2775,13365,100
2792256306887844,566236,81,2775,13365,100
2792256312016772,566236,81,2775,13365,100
2792256317128860,566236,81,2775,13365,100
2792256322239977,566236,81,2775,13365,100
2792256327351025,566236,81,2775,13365,100
2792256332462138,566236,81,2775,13365,100
2792256337573490,566236,81,2775,13365,100
2792256342684782,566236,81,2775,13365,100
2792256347799083,566236,81,2775,13365,100
2792256352910586,566236,81,2775,13365,100
2792256358022000,566236,81,2775,13365,100
2792256363133289,566236,81,2775,13365,100
2792256368245046,566236,81,2775,13365,100
2792256373356214,566236,81,2775,13365,100
2792256378468088,566236,81,2775,13365,100
2792256383579758,566236,81,2775,13365,100
2792256388690955,566236,81,2775,13365,100
2792256393802193,566236,81,2775,13365,100
2792256398914898,566236,81,2775,13365,100
2792256404026308,566236,81,2775,13365,100
2792256409137756,566236,81,2775,13365,100
2792256414250560,566236,81,2775,13365,100
2792256419373317,566236,81,2775,13365,100
2792256424523061,566236,81,2775,13365,100
2792256429634337,566236,81,2775,13365,100
2792256434745730,566236,81,2775,13365,100
2792256439858613,566236,81,2775,13365,100
2792256444971783,566236,81,2775,13365,100
2792256450084443,566236,81,2775,13365,100
2792256455195513,566236,81,2775,13365,100
2792256460306705,566236,81,2775,13365,100
2792256465418057,566236,81,2775,13365,100
2792256470529361,566236,81,2775,13365,100
2792256475642382,566236,81,2775,13365,100
2792256480753774,566236,81,2775,13365,100
2792256485864772,566236,81,2775,13365,100
2792256490976071,566236,81,2775,13365,100
2792256496087451,566236,81,2775,13365,100
2792256501199975,566236,81,2775,13365,100
2792256506312316,566236,81,2775,13365,100
2792256511423600,566236,81,2775,13365,100
2792256516535039,566236,81,2775,13365,100
2792256521646197,566236,81,2775,13365,100
2792256526757277,566236,81,2775,13365,100
2792256531868510,566236,81,2775,13365,100
2792256536979651,566236,81,2775,13365,100
2792256542092515,566236,81,2775,13365,100
2792256547204100,566236,81,2775,13365,100
2792256552316475,566236,81,2775,13365,100
2792256557427860,566236,81,2775,13365,100
2792256562539366,566236,81,2775,13365,100
2792256567652401,566236,81,2775,13365,100
2792256572763733,566236,81,2775,13365,100
2792256577874885,566236,81,2775,13365,100
2792256582986462,566236,81,2775,13365,100
2792256588115870,566236,81,2775,13365,100
2792256593226814,566236,81,2775,13365,100
2792256598338359,566236,81,2775,13365,100
2792256603451212,566236,81,2775,13365,100
2792256608562726,566247,80,2775,13365,100
2792256613674752,566247,80,2775,13365,100
2792256618787320,566247,80,2775,13365,100
2792256623898681,566247,80,2775,13365,100
2792256629025774,566247,80,2775,13365,100
2792256634137342,566247,80,2775,13365,100
2792256639248519,566247,80,2775,13365,100
2792256644359638,566247,80,2775,13365,100
2792256649470927,566247,80,2775,13365,100
2792256654583712,566247,80,2775,13365,100
2792256659694992,566247,80,2775,13365,100
2792256664808572,566247,80,2775,13365,100
2792256669921693,566247,80,2775,13365,100
2792256675034877,566247,80,2775,13365,100
2792256680147714,566247,80,2775,13365,100
2792256685260754,566247,80,2775,13365,100
2792256690373747,566247,80,2775,13365,100
2792256695498687,566247,80,2775,13365,100
2792256700611805,566247,80,2775,13365,100
2792256705725809,566247,80,2775,13365,100
2792256710839084,566247,80,2775,13365,100
2792256715952120,566247,80,2775,13365,100
2792256721081160,566247,80,2775,13365,100
2792256726194369,566247,80,2775,13365,100
2792256731306791,566247,80,2775,13365,100
2792256736418818,566247,80,2775,13365,100
2792256741530532,566247,80,2775,13365,100
2792256746642603,566247,80,2775,13365,100
2792256751754556,566247,80,2775,13365,100
2792256756869151,566247,80,2775,13365,100
2792256761981408,566247,80,2775,13365,100
2792256767111439,566247,80,2775,13365,100
2792256772222972,566247,80,2775,13365,100
2792256777334237,566247,80,2775,13365,100
2792256782454549,566247,80,2775,13365,100
2792256787566006,566247,80,2775,13365,100
2792256792677366,566247,80,2775,13365,100
2792256797790430,566247,80,2775,13365,100
2792256802901893,566247,80,2775,13365,100
2792256808031051,566247,80,2775,13365,100
2792256813143434,566247,80,2775,13365,100
2792256818258760,566247,80,2775,13365,100
2792256823370485,566247,80,2775,13365,100
2792256828481697,566247,80,2775,13365,100
2792256833612725,566247,80,2775,13365,100
2792256838723989,566247,80,2775,13365,100
2792256843837093,566247,80,2775,13365,100
2792256848948485,566247,80,2775,13365,100
2792256854059509,566247,80,2775,13365,100
2792256859172235,566247,80,2775,13365,100
2792256864283320,566247,80,2775,13365,100
2792256869394608,566247,80,2775,13365,100
2792256874506320,566247,80,2775,13365,100
2792256879617531,566247,80,2775,13365,100
2792256884728705,566247,80,2775,13365,100
2792256889840026,566247,80,2775,13365,100
2792256894951274,566247,80,2775,13365,100
2792256900063271,566247,80,2775,13365,100
2792256905174695,566247,80,2775,13365,100
2792256910287963,566247,80,2775,13365,100
2792256915399255,566247,80,2775,13365,100
2792256920510344,566247,80,2775,13365,100
2792256925621680,566247,80,2775,13365,100
2792256930733033,566247,80,2775,13365,100
2792256935844327,566247,80,2775,13365,100
2792256940957464,566247,80,2775,13365,100
2792256946068914,566247,80,2775,13365,100
2792256951179979,566247,80,2775,13365,100
2792256956290999,566247,80,2775,13365,100
2792256961403695,566247,80,2775,13365,100
2792256966514868,566247,80,2775,13365,100
2792256971626476,566247,80,2775,13365,100
2792256976737961,566247,80,2775,13365,100
2792256981849494,566247,80,2775,13365,100
2792256986960389,566247,80,2775,13365,100
2792256992071850,566247,80,2775,13365,100
2792256997182931,566247,80,2775,13365,100
2792257002294295,566247,80,2775,13365,100
2792257007407195,566247,80,2775,13365,100
2792257012521535,566247,80,2775,13365,100
2792257017634780,566247,80,2775,13365,100
2792257022746004,566247,80,2775,13365,100
2792257027857212,566247,80,2775,13365,100
2792257032968393,566247,80,2775,13365,100
2792257038079341,566247,80,2775,13365,100
2792257043190538,566247,80,2775,13365,100
2792257048303431,566247,80,2775,13365,100
2792257053415727,566247,80,2775,13365,100
2792257058527466,566247,80,2775,13365,100
2792257063640179,566247,80,2775,13365,100
2792257068751314,566247,80,2775,13365,100
2792257073862499,566247,80,2775,13365,100
2792257078974353,566247,80,2775,13365,100
2792257084085608,566247,80,2775,13365,100
2792257089196966,566247,80,2775,13365,100
2792257094308062,566247,80,2775,13365,100
2792257099419375,566247,80,2775,13365,100
2792257104530460,566247,80,2775,13365,100
2792257109641863,566468,81,2775,13365,100
2792257114756024,566468,81,2775,13365,100
2792257119867877,566468,81,2775,13365,100
2792257124959986,566468,81,2775,13365,100
2792257130062466,566468,81,2775,13365,100
2792257135173752,566468,81,2775,13365,100
2792257140285126,566468,81,2775,13365,100
2792257145396221,566468,81,2775,13365,100
2792257150507335,566468,81,2775,13365,100
2792257155621639,566468,81,2775,13365,100
2792257160732968,566468,81,2775,13365,100
2792257165845740,566468,81,2775,13365,100
2792257170957201,566468,81,2775,13365,100
2792257176068277,566468,81,2775,13365,100
2792257181179354,566468,81,2775,13365,100
2792257186292229,566468,81,2775,13365,100
2792257191403519,566468,81,2775,13365,100
2792257196515094,566468,81,2775,13365,100
2792257201626509,566468,81,2775,13365,100
2792257206738039,566468,81,2775,13365,100
2792257211849320,566468,81,2775,13365,100
2792257216961977,566468,81,2775,13365,100
2792257222074647,566468,81,2775,13365,100
2792257227185917,566468,81,2775,13365,100
2792257232297276,566468,81,2775,13365,100
2792257237408222,566468,81,2775,13365,100
2792257242519466,566468,81,2775,13365,100
2792257247630602,566468,81,2775,13365,100
2792257252743407,566468,81,2775,13365,100
2792257257855180,566468,81,2775,13365,100
2792257262966324,566468,81,2775,13365,100
2792257268078929,566468,81,2775,13365,100
2792257273190225,566468,81,2775,13365,100
2792257278301434,566468,81,2775,13365,100
2792257283413298,566468,81,2775,13365,100
2792257288524638,566468,81,2775,13365,100
2792257293635898,566468,81,2775,13365,100
2792257298747491,566468,81,2775,13365,100
2792257303858756,566468,81,2775,13365,100
2792257308970020,566468,81,2775,13365,100
2792257314081006,566468,81,2775,13365,100
2792257319195000,566468,81,2775,13365,100
2792257324305993,566468,81,2775,13365,100
2792257329417182,566468,81,2775,13365,100
2792257334528638,566468,81,2775,13365,100
2792257339639922,566468,81,2775,13365,100
2792257344751995,566468,81,2775,13365,100
2792257349864351,566468,81,2775,13365,100
2792257354975284,566468,81,2775,13365,100
2792257360086426,566468,81,2775,13365,100
2792257365197369,566468,81,2775,13365,100
2792257370311764,566468,81,2775,13365,100
2792257375439585,566468,81,2775,13365,100
2792257380552662,566468,81,2775,13365,100
2792257385667322,566468,81,2775,13365,100
2792257390799702,566468,81,2775,13365,100
2792257395912930,566468,81,2775,13365,100
2792257401025951,566468,81,2775,13365,100
2792257406138187,566468,81,2775,13365,100
2792257411251079,566468,81,2775,13365,100
2792257416363868,566468,81,2775,13365,100
2792257421477906,566468,81,2775,13365,100
2792257426590876,566468,81,2775,13365,100
2792257431704262,566468,81,2775,13365,100
2792257436817399,566468,81,2775,13365,100
2792257441929330,566468,81,2775,13365,100
2792257447042363,566468,81,2775,13365,100
2792257452155565,566468,81,2775,13365,100
2792257457276159,566468,81,2775,13365,100
2792257462389527,566468,81,2775,13365,100
2792257467501488,566468,81,2775,13365,100
2792257472616148,566468,81,2775,13365,100
2792257477730233,566468,81,2775,13365,100
2792257482843279,566468,81,2775,13365,100
2792257487955275,566468,81,2775,13365,100
2792257493075222,566468,81,2775,13365,100
2792257498162879,566468,81,2775,13365,100
2792257503261991,566468,81,2775,13365,100
2792257508361072,566468,81,2775,13365,100
2792257513462238,566468,81,2775,13365,100
2792257518560521,566468,81,2775,13365,100
2792257523674261,566468,81,2775,13365,100
2792257528787401,566468,81,2775,13365,100
2792257533899310,566468,81,2775,13365,100
2792257539026898,566468,81,2775,13365,100
2792257544138925,566468,81,2775,13365,100
2792257549251907,566468,81,2775,13365,100
2792257554363901,566468,81,2775,13365,100
2792257559476907,566468,81,2775,13365,100
2792257564589720,566468,81,2775,13365,100
2792257569702709,566468,81,2775,13365,100
2792257574818753,566468,81,2775,13365,100
2792257579931945,566468,81,2775,13365,100
2792257585044946,566468,81,2775,13365,100
2792257590157946,566468,81,2775,13365,100
2792257595270194,566468,81,2775,13365,100
2792257600383167,566468,81,2775,13365,100
2792257605495945,566468,81,2775,13365,100
2792257610607910,565981,81,2775,13365,100
2792257615721326,565981,81,2775,13365,100
2792257620833529,565981,81,2775,13365,100
2792257625948501,565981,81,2775,13365,100
2792257631062862,565981,81,2775,13365,100
2792257636176004,565981,81,2775,13365,100
2792257641289446,565981,81,2775,13365,100
2792257646403671,565981,81,2775,13365,100
2792257651516495,565981,81,2775,13365,100
2792257656629867,565981,81,2775,13365,100
2792257661743239,565981,81,2775,13365,100
2792257666856492,565981,81,2775,13365,100
2792257671969595,565981,81,2775,13365,100
2792257677082721,565981,81,2775,13365,100
2792257682194491,565981,81,2775,13365,100
2792257687305666,565981,81,2775,13365,100
2792257692417322,565981,81,2775,13365,100
2792257697528737,565981,81,2775,13365,100
2792257702642375,565981,81,2775,13365,100
2792257707754568,565981,81,2775,13365,100
2792257712866176,565981,81,2775,13365,100
2792257717977464,565981,81,2775,13365,100
2792257723090886,565981,81,2775,13365,100
2792257728205789,565981,81,2775,13365,100
2792257733318242,565981,81,2775,13365,100
2792257738429666,565981,81,2775,13365,100
2792257743542202,565981,81,2775,13365,100
2792257748654915,565981,81,2775,13365,100
2792257753767167,565981,81,2775,13365,100
2792257758879608,565981,81,2775,13365,100
2792257763991162,565981,81,2775,13365,100
2792257769122504,565981,81,2775,13365,100
2792257774234196,565981,81,2775,13365,100
2792257779346565,565981,81,2775,13365,100
2792257784457901,565981,81,2775,13365,100
2792257789569182,565981,81,2775,13365,100
2792257794680374,565981,81,2775,13365,100
2792257799793414,565981,81,2775,13365,100
2792257804904637,565981,81,2775,13365,100
2792257810028681,565981,81,2775,13365,100
2792257815141391,565981,81,2775,13365,100
2792257820252856,565981,81,2775,13365,100
2792257825364376,565981,81,2775,13365,100
2792257830477057,565981,81,2775,13365,100
2792257835588765,565981,81,2775,13365,100
2792257840700050,565981,81,2775,13365,100
2792257845813454,565981,81,2775,13365,100
2792257850924818,565981,81,2775,13365,100
2792257856036368,565981,81,2775,13365,100
2792257861147832,565981,81,2775,13365,100
2792257866259112,565981,81,2775,13365,100
2792257871370401,565981,81,2775,13365,100
2792257876483000,565981,81,2775,13365,100
2792257881595875,565981,81,2775,13365,100
2792257886707169,565981,81,2775,13365,100
2792257891818472,565981,81,2775,13365,100
2792257896929774,565981,81,2775,13365,100
2792257902040951,565981,81,2775,13365,100
2792257907151965,565981,81,2775,13365,100
2792257912265180,565981,81,2775,13365,100
2792257917376406,565981,81,2775,13365,100
2792257922487936,565981,81,2775,13365,100
2792257927599985,565981,81,2775,13365,100
2792257932712601,565981,81,2775,13365,100
2792257937823838,565981,81,2775,13365,100
2792257942935908,565981,81,2775,13365,100
2792257948047086,565981,81,2775,13365,100
2792257953158467,565981,81,2775,13365,100
2792257958269851,565981,81,2775,13365,100
2792257963381020,565981,81,2775,13365,100
2792257968492552,565981,81,2775,13365,100
2792257973603735,565981,81,2775,13365,100
2792257978717094,565981,81,2775,13365,100
2792257983829686,565981,81,2775,13365,100
2792257988941110,565981,81,2775,13365,100
2792257994052798,565981,81,2775,13365,100
2792257999163877,565981,81,2775,13365,100
2792258004275031,565981,81,2775,13365,100
2792258009387533,565981,81,2775,13365,100
2792258014499323,565981,81,2775,13365,100
2792258019610753,565981,81,2775,13365,100
2792258024722193,565981,81,2775,13365,100
2792258029849737,565981,81,2775,13365,100
2792258034962357,565981,81,2775,13365,100
2792258040073866,565981,81,2775,13365,100
2792258045185051,565981,81,2775,13365,100
2792258050296467,565981,81,2775,13365,100
2792258055407919,565981,81,2775,13365,100
2792258060519315,565981,81,2775,13365,100
2792258065630496,565981,81,2775,13365,100
2792258070741706,565981,81,2775,13365,100
2792258075853229,565981,81,2775,13365,100
2792258080964447,565981,81,2775,13365,100
2792258086076790,565981,81,2775,13365,100
2792258091188498,565981,81,2775,13365,100
2792258096299750,565981,81,2775,13365,100
2792258101411035,565981,81,2775,13365,100
2792258106523763,565981,81,2775,13365,100
2792258111635332,565768,81,2775,13365,100
2792258116748158,565768,81,2775,13365,100
2792258121859752,565768,81,2775,13365,100
2792258126971109,565768,81,2775,13365,100
2792258132082341,565768,81,2775,13365,100
2792258137195229,565768,81,2775,13365,100
2792258142306506,565768,81,2775,13365,100
2792258147418374,565768,81,2775,13365,100
2792258152529643,565768,81,2775,13365,100
2792258157641323,565768,81,2775,13365,100
2792258162753024,565768,81,2775,13365,100
2792258167864830,565768,81,2775,13365,100
2792258172977345,565768,81,2775,13365,100
2792258178088649,565768,81,2775,13365,100
2792258183199798,565768,81,2775,13365,100
2792258188312448,565768,81,2775,13365,100
2792258193434532,565768,81,2775,13365,100
2792258198546151,565768,81,2775,13365,100
2792258203658627,565768,81,2775,13365,100
2792258208770105,565768,81,2775,13365,100
2792258213881302,565768,81,2775,13365,100
2792258218992664,565768,81,2775,13365,100
2792258224121184,565768,81,2775,13365,100
2792258229232745,565768,81,2775,13365,100
2792258234344509,565768,81,2775,13365,100
2792258239456806,565768,81,2775,13365,100
2792258244568322,565768,81,2775,13365,100
2792258249679726,565768,81,2775,13365,100
2792258254792263,565768,81,2775,13365,100
2792258259903495,565768,81,2775,13365,100
2792258265028101,565768,81,2775,13365,100
2792258270140304,565768,81,2775,13365,100
2792258275251337,565768,81,2775,13365,100
2792258280362921,565768,81,2775,13365,100
2792258285474129,565768,81,2775,13365,100
2792258290587281,565768,81,2775,13365,100
2792258295699130,565768,81,2775,13365,100
2792258300812215,565768,81,2775,13365,100
2792258305923579,565768,81,2775,13365,100
2792258311035255,565768,81,2775,13365,100
2792258316146650,565768,81,2775,13365,100
2792258321258080,565768,81,2775,13365,100
2792258326369517,565768,81,2775,13365,100
2792258331481543,565768,81,2775,13365,100
2792258336592882,565768,81,2775,13365,100
2792258341705602,565768,81,2775,13365,100
2792258346816782,565768,81,2775,13365,100
2792258351928195,565768,81,2775,13365,100
2792258357039315,565768,81,2775,13365,100
2792258362150708,565768,81,2775,13365,100
2792258367262036,565768,81,2775,13365,100
2792258372374668,565768,81,2775,13365,100
2792258377486226,565768,81,2775,13365,100
2792258382597606,565768,81,2775,13365,100
2792258387708912,565768,81,2775,13365,100
2792258392821782,565768,81,2775,13365,100
2792258397933210,565768,81,2775,13365,100
2792258403045855,565768,81,2775,13365,100
2792258408157484,565768,81,2775,13365,100
2792258413269272,565768,81,2775,13365,100
2792258418380392,565768,81,2775,13365,100
2792258423491832,565768,81,2775,13365,100
2792258428603307,565768,81,2775,13365,100
2792258433714881,565768,81,2775,13365,100
2792258438827614,565768,81,2775,13365,100
2792258443940580,565768,81,2775,13365,100
2792258449053099,565768,81,2775,13365,100
2792258454164447,565768,81,2775,13365,100
2792258459275999,565768,81,2775,13365,100
2792258464387388,565768,81,2775,13365,100
2792258469498928,565768,81,2775,13365,100
2792258474610441,565768,81,2775,13365,100
2792258479722739,565768,81,2775,13365,100
2792258484834109,565768,81,2775,13365,100
2792258489945450,565768,81,2775,13365,100
2792258495058232,565768,81,2775,13365,100
2792258500169955,565768,81,2775,13365,100
2792258505281281,565768,81,2775,13365,100
2792258510393427,565768,81,2775,13365,100
2792258515504521,565768,81,2775,13365,100
2792258520615752,565768,81,2775,13365,100
2792258525727099,565768,81,2775,13365,100
2792258530838661,565768,81,2775,13365,100
2792258535950307,565768,81,2775,13365,100
2792258541061484,565768,81,2775,13365,100
2792258546175442,565768,81,2775,13365,100
2792258551287413,565768,81,2775,13365,100
2792258556398779,565768,81,2775,13365,100
2792258561510104,565768,81,2775,13365,100
2792258566621286,565768,81,2775,13365,100
2792258571732880,565768,81,2775,13365,100
2792258576845728,565768,81,2775,13365,100
2792258581957281,565768,81,2775,13365,100
2792258587068630,565768,81,2775,13365,100
2792258592180410,565768,81,2775,13365,100
2792258597292920,565768,81,2775,13365,100
2792258602404499,565768,81,2775,13365,100
2792258607515656,565768,81,2775,13365,100
2792258612628308,566378,81,2775,13365,100
2792258617740752,566378,81,2775,13365,100
2792258622851960,566378,81,2775,13365,100
2792258627963181,566378,81,2775,13365,100
2792258633074649,566378,81,2775,13365,100
2792258638185901,566378,81,2775,13365,100
2792258643298382,566378,81,2775,13365,100
2792258648411019,566378,81,2775,13365,100
2792258653522301,566378,81,2775,13365,100
2792258658633651,566378,81,2775,13365,100
2792258663745323,566378,81,2775,13365,100
2792258668856575,566378,81,2775,13365,100
2792258673968379,566378,81,2775,13365,100
2792258679080073,566378,81,2775,13365,100
2792258684207588,566378,81,2775,13365,100
2792258689318894,566378,81,2775,13365,100
2792258694430278,566378,81,2775,13365,100
2792258699543443,566378,81,2775,13365,100
2792258704655115,566378,81,2775,13365,100
2792258709768019,566378,81,2775,13365,100
2792258714879424,566378,81,2775,13365,100
2792258719991053,566378,81,2775,13365,100
2792258725119369,566378,81,2775,13365,100
2792258730230869,566378,81,2775,13365,100
2792258735342221,566378,81,2775,13365,100
2792258740453610,566378,81,2775,13365,100
2792258745566030,566378,81,2775,13365,100
2792258750678645,566378,81,2775,13365,100
2792258755789999,566378,81,2775,13365,100
2792258760902334,566378,81,2775,13365,100
2792258766027612,566378,81,2775,13365,100
2792258771140197,566378,81,2775,13365,100
2792258776251633,566378,81,2775,13365,100
2792258781363073,566378,81,2775,13365,100
2792258786474696,566378,81,2775,13365,100
2792258791586598,566378,81,2775,13365,100
2792258796697978,566378,81,2775,13365,100
2792258801812789,566378,81,2775,13365,100
2792258806924879,566378,81,2775,13365,100
2792258812039076,566378,81,2775,13365,100
2792258817150590,566378,81,2775,13365,100
2792258822262141,566378,81,2775,13365,100
2792258827373593,566378,81,2775,13365,100
2792258832485237,566378,81,2775,13365,100
2792258837596613,566378,81,2775,13365,100
2792258842709930,566378,81,2775,13365,100
2792258847821398,566378,81,2775,13365,100
2792258852934662,566378,81,2775,13365,100
2792258858046665,566378,81,2775,13365,100
2792258863158308,566378,81,2775,13365,100
2792258868269960,566378,81,2775,13365,100
2792258873382660,566378,81,2775,13365,100
2792258878494269,566378,81,2775,13365,100
2792258883605829,566378,81,2775,13365,100
2792258888717257,566378,81,2775,13365,100
2792258893828663,566378,81,2775,13365,100
2792258898940167,566378,81,2775,13365,100
2792258904053277,566378,81,2775,13365,100
2792258909164896,566378,81,2775,13365,100
2792258914276140,566378,81,2775,13365,100
2792258919387596,566378,81,2775,13365,100
2792258924498724,566378,81,2775,13365,100
2792258929610461,566378,81,2775,13365,100
2792258934722093,566378,81,2775,13365,100
2792258939834634,566378,81,2775,13365,100
2792258944945874,566378,81,2775,13365,100
2792258950057526,566378,81,2775,13365,100
2792258955170536,566378,81,2775,13365,100
2792258960282035,566378,81,2775,13365,100
2792258965393690,566378,81,2775,13365,100
2792258970505216,566378,81,2775,13365,100
2792258975616625,566378,81,2775,13365,100
2792258980727801,566378,81,2775,13365,100
2792258985839033,566378,81,2775,13365,100
2792258990961046,566378,81,2775,13365,100
2792258996072566,566378,81,2775,13365,100
2792259001183883,566378,81,2775,13365,100
2792259006297985,566378,81,2775,13365,100
2792259011409228,566378,81,2775,13365,100
2792259016520552,566378,81,2775,13365,100
2792259021631772,566378,81,2775,13365,100
2792259026743513,566378,81,2775,13365,100
2792259031855077,566378,81,2775,13365,100
2792259036967906,566378,81,2775,13365,100
2792259042079129,566378,81,2775,13365,100
2792259047190994,566378,81,2775,13365,100
2792259052302491,566378,81,2775,13365,100
2792259057415847,566378,81,2775,13365,100
2792259062527196,566378,81,2775,13365,100
2792259067638772,566378,81,2775,13365,100
2792259072751232,566378,81,2775,13365,100
2792259077862669,566378,81,2775,13365,100
2792259082973833,566378,81,2775,13365,100
2792259088085582,566378,81,2775,13365,100
2792259093197108,566378,81,2775,13365,100
2792259098308774,566378,81,2775,13365,100
2792259103421749,566378,81,2775,13365,100
2792259108534599,566609,81,2775,13365,100
2792259113647180,566609,81,2775,13365,100
2792259118758412,566609,81,2775,13365,100
2792259123869733,566609,81,2775,13365,100
2792259128981139,566609,81,2775,13365,100
2792259134093317,566609,81,2775,13365,100
2792259139204980,566609,81,2775,13365,100
2792259144316312,566609,81,2775,13365,100
2792259149427738,566609,81,2775,13365,100
2792259154539263,566609,81,2775,13365,100
2792259159652072,566609,81,2775,13365,100
2792259164765544,566609,81,2775,13365,100
2792259169876988,566609,81,2775,13365,100
2792259174988240,566609,81,2775,13365,100
2792259180118049,566609,81,2775,13365,100
2792259185229553,566609,81,2775,13365,100
2792259190340930,566609,81,2775,13365,100
2792259195452378,566609,81,2775,13365,100
2792259200563695,566609,81,2775,13365,100
2792259205675237,566609,81,2775,13365,100
2792259210789571,566609,81,2775,13365,100
2792259215901032,566609,81,2775,13365,100
2792259221028349,566609,81,2775,13365,100
2792259226139960,566609,81,2775,13365,100
2792259231251769,566609,81,2775,13365,100
2792259236363273,566609,81,2775,13365,100
2792259241474808,566609,81,2775,13365,100
2792259246586162,566609,81,2775,13365,100
2792259251697790,566609,81,2775,13365,100
2792259256810699,566609,81,2775,13365,100
2792259261923560,566609,81,2775,13365,100
2792259267035003,566609,81,2775,13365,100
2792259272146504,566609,81,2775,13365,100
2792259277257821,566609,81,2775,13365,100
2792259282369318,566609,81,2775,13365,100
2792259287482155,566609,81,2775,13365,100
2792259292593098,566609,81,2775,13365,100
2792259297704395,566609,81,2775,13365,100
2792259302815770,566609,81,2775,13365,100
2792259307927013,566609,81,2775,13365,100
2792259313040988,566609,81,2775,13365,100
2792259318152804,566609,81,2775,13365,100
2792259323266133,566609,81,2775,13365,100
2792259328378236,566609,81,2775,13365,100
2792259333490427,566609,81,2775,13365,100
2792259338617934,566609,81,2775,13365,100
2792259343729369,566609,81,2775,13365,100
2792259348840726,566609,81,2775,13365,100
2792259353953987,566609,81,2775,13365,100
2792259359065339,566609,81,2775,13365,100
2792259364178247,566609,81,2775,13365,100
2792259369289692,566609,81,2775,13365,100
2792259374401070,566609,81,2775,13365,100
2792259379512355,566609,81,2775,13365,100
2792259384624161,566609,81,2775,13365,100
2792259389736923,566609,81,2775,13365,100
2792259394848655,566609,81,2775,13365,100
2792259399960194,566609,81,2775,13365,100
2792259405071595,566609,81,2775,13365,100
2792259410182872,566609,81,2775,13365,100
2792259415296471,566609,81,2775,13365,100
2792259420409308,566609,81,2775,13365,100
2792259425520547,566609,81,2775,13365,100
2792259430631984,566609,81,2775,13365,100
2792259435743337,566609,81,2775,13365,100
2792259440854848,566609,81,2775,13365,100
2792259445965852,566609,81,2775,13365,100
2792259451077323,566609,81,2775,13365,100
2792259456189643,566609,81,2775,13365,100
2792259461301056,566609,81,2775,13365,100
2792259466413728,566609,81,2775,13365,100
2792259471525220,566609,81,2775,13365,100
2792259476636557,566609,81,2775,13365,100
2792259481747885,566609,81,2775,13365,100
2792259486860929,566609,81,2775,13365,100
2792259491972602,566609,81,2775,13365,100
2792259497084147,566609,81,2775,13365,100
2792259502195707,566609,81,2775,13365,100
2792259507306832,566609,81,2775,13365,100
2792259512418371,566609,81,2775,13365,100
2792259517532472,566609,81,2775,13365,100
2792259522644100,566609,81,2775,13365,100
2792259527755453,566609,81,2775,13365,100
2792259532866965,566609,81,2775,13365,100
2792259537978729,566609,81,2775,13365,100
2792259543089818,566609,81,2775,13365,100
2792259548200973,566609,81,2775,13365,100
2792259553314135,566609,81,2775,13365,100
2792259558425735,566609,81,2775,13365,100
2792259563537226,566609,81,2775,13365,100
2792259568649890,566609,81,2775,13365,100
2792259573761513,566609,81,2775,13365,100
2792259578872837,566609,81,2775,13365,100
2792259583986063,566609,81,2775,13365,100
2792259589116766,566609,81,2775,13365,100
2792259594228005,566609,81,2775,13365,100
2792259599339358,566609,81,2775,13365,100
2792259604451207,566609,81,2775,13365,100
2792259609562680,566354,81,2775,13365,100
2792259614674744,566354,81,2775,13365,100
2792259619787532,566354,81,2775,13365,100
2792259624900337,566354,81,2775,13365,100
2792259630025683,566354,81,2775,13365,100
2792259635138415,566354,81,2775,13365,100
2792259640250065,566354,81,2775,13365,100
2792259645361416,566354,81,2775,13365,100
2792259650472890,566354,81,2775,13365,100
2792259655584145,566354,81,2775,13365,100
2792259660696071,566354,81,2775,13365,100
2792259665809023,566354,81,2775,13365,100
2792259670921860,566354,81,2775,13365,100
2792259676033563,566354,81,2775,13365,100
2792259681144865,566354,81,2775,13365,100
2792259686255986,566354,81,2775,13365,100
2792259691367409,566354,81,2775,13365,100
2792259696480530,566354,81,2775,13365,100
2792259701592258,566354,81,2775,13365,100
2792259706703415,566354,81,2775,13365,100
2792259711814968,566354,81,2775,13365,100
2792259716931216,566354,81,2775,13365,100
2792259722044308,566354,81,2775,13365,100
2792259727155440,566354,81,2775,13365,100
2792259732273924,566354,81,2775,13365,100
2792259737385356,566354,81,2775,13365,100
2792259742496828,566354,81,2775,13365,100
2792259747609654,566354,81,2775,13365,100
2792259752721089,566354,81,2775,13365,100
2792259757832433,566354,81,2775,13365,100
2792259762944363,566354,81,2775,13365,100
2792259768055751,566354,81,2775,13365,100
2792259773180316,566354,81,2775,13365,100
2792259778291505,566354,81,2775,13365,100
2792259783403877,566354,81,2775,13365,100
2792259788515498,566354,81,2775,13365,100
2792259793626950,566354,81,2775,13365,100
2792259798738278,566354,81,2775,13365,100
2792259803849739,566354,81,2775,13365,100
2792259808960931,566354,81,2775,13365,100
2792259814074076,566354,81,2775,13365,100
2792259819185326,566354,81,2775,13365,100
2792259824298360,566354,81,2775,13365,100
2792259829409789,566354,81,2775,13365,100
2792259834520969,566354,81,2775,13365,100
2792259839632333,566354,81,2775,13365,100
2792259844745422,566354,81,2775,13365,100
2792259849856726,566354,81,2775,13365,100
2792259854967895,566354,81,2775,13365,100
2792259860079269,566354,81,2775,13365,100
2792259865190466,566354,81,2775,13365,100
2792259870302064,566354,81,2775,13365,100
2792259875415388,566354,81,2775,13365,100
2792259880527888,566354,81,2775,13365,100
2792259885639165,566354,81,2775,13365,100
2792259890750574,566354,81,2775,13365,100
2792259895861966,566354,81,2775,13365,100
2792259900973782,566354,81,2775,13365,100
2792259906085367,566354,81,2775,13365,100
2792259911198145,566354,81,2775,13365,100
2792259916309503,566354,81,2775,13365,100
2792259921421340,566354,81,2775,13365,100
2792259926534544,566354,81,2775,13365,100
2792259931645823,566354,81,2775,13365,100
2792259936757269,566354,81,2775,13365,100
2792259941868732,566354,81,2775,13365,100
2792259946981558,566354,81,2775,13365,100
2792259952111419,566354,81,2775,13365,100
2792259957223178,566354,81,2775,13365,100
2792259962334867,566354,81,2775,13365,100
2792259967446247,566354,81,2775,13365,100
2792259972557808,566354,81,2775,13365,100
2792259977670965,566354,81,2775,13365,100
2792259982783586,566354,81,2775,13365,100
2792259987895077,566354,81,2775,13365,100
2792259993022265,566354,81,2775,13365,100
2792259998133628,566354,81,2775,13365,100
2792260003244883,566354,81,2775,13365,100
2792260008356343,566354,81,2775,13365,100
2792260013468379,566354,81,2775,13365,100
2792260018581256,566354,81,2775,13365,100
2792260023694536,566354,81,2775,13365,100
2792260028809061,566354,81,2775,13365,100
2792260033920752,566354,81,2775,13365,100
2792260039033285,566354,81,2775,13365,100
2792260044149287,566354,81,2775,13365,100
2792260049262538,566354,81,2775,13365,100
2792260054375169,566354,81,2775,13365,100
2792260059487687,566354,81,2775,13365,100
2792260064600059,566354,81,2775,13365,100
2792260069712484,566354,81,2775,13365,100
2792260074825332,566354,81,2775,13365,100
2792260079944529,566354,81,2775,13365,100
2792260085057028,566354,81,2775,13365,100
2792260090169594,566354,81,2775,13365,100
2792260095282746,566354,81,2775,13365,100
2792260100395888,566354,81,2775,13365,100
2792260105509215,566354,81,2775,13365,100
2792260110622110,566728,81,2775,13365,100
2792260115736641,566728,81,2775,13365,100
2792260120849728,566728,81,2775,13365,100
2792260125961616,566728,81,2775,13365,100
2792260131076433,566728,81,2775,13365,100
2792260136187909,566728,81,2775,13365,100
2792260141299529,566728,81,2775,13365,100
2792260146424433,566728,81,2775,13365,100
2792260151535652,566728,81,2775,13365,100
2792260156647166,566728,81,2775,13365,100
2792260161760647,566728,81,2775,13365,100
2792260166872187,566728,81,2775,13365,100
2792260171983619,566728,81,2775,13365,100
2792260177114534,566728,81,2775,13365,100
2792260182228133,566728,81,2775,13365,100
2792260187339716,566728,81,2775,13365,100
2792260192451853,566728,81,2775,13365,100
2792260197563350,566728,81,2775,13365,100
2792260202676406,566728,81,2775,13365,100
2792260207790066,566728,81,2775,13365,100
2792260212901699,566728,81,2775,13365,100
2792260218029564,566728,81,2775,13365,100
2792260223141823,566728,81,2775,13365,100
2792260228253178,566728,81,2775,13365,100
2792260233366204,566728,81,2775,13365,100
2792260238477556,566728,81,2775,13365,100
2792260243588681,566728,81,2775,13365,100
2792260248700230,566728,81,2775,13365,100
2792260253813370,566728,81,2775,13365,100
2792260258926543,566728,81,2775,13365,100
2792260264038077,566728,81,2775,13365,100
2792260269149373,566728,81,2775,13365,100
2792260274260636,566728,81,2775,13365,100
2792260279374496,566728,81,2775,13365,100
2792260284487581,566728,81,2775,13365,100
2792260289599069,566728,81,2775,13365,100
2792260294710355,566728,81,2775,13365,100
2792260299822138,566728,81,2775,13365,100
2792260304933614,566728,81,2775,13365,100
2792260310044887,566728,81,2775,13365,100
2792260315158526,566728,81,2775,13365,100
2792260320270077,566728,81,2775,13365,100
2792260325387576,566728,81,2775,13365,100
2792260330499112,566728,81,2775,13365,100
2792260335612440,566728,81,2775,13365,100
2792260340723848,566728,81,2775,13365,100
2792260345837085,566728,81,2775,13365,100
2792260350948537,566728,81,2775,13365,100
2792260356060008,566728,81,2775,13365,100
2792260361171687,566728,81,2775,13365,100
2792260366283179,566728,81,2775,13365,100
2792260371395171,566728,81,2775,13365,100
2792260376506854,566728,81,2775,13365,100
2792260381618818,566728,81,2775,13365,100
2792260386731761,566728,81,2775,13365,100
2792260391854892,566728,81,2775,13365,100
2792260396966169,566728,81,2775,13365,100
2792260402077676,566728,81,2775,13365,100
2792260407189134,566728,81,2775,13365,100
2792260412302959,566728,81,2775,13365,100
2792260417414194,566728,81,2775,13365,100
2792260422525411,566728,81,2775,13365,100
2792260427636863,566728,81,2775,13365,100
2792260432748260,566728,81,2775,13365,100
2792260437861413,566728,81,2775,13365,100
2792260442974597,566728,81,2775,13365,100
2792260448086057,566728,81,2775,13365,100
2792260453197762,566728,81,2775,13365,100
2792260458309151,566728,81,2775,13365,100
2792260463420569,566728,81,2775,13365,100
2792260468531987,566728,81,2775,13365,100
2792260473643417,566728,81,2775,13365,100
2792260478756407,566728,81,2775,13365,100
2792260483867866,566728,81,2775,13365,100
2792260488981056,566728,81,2775,13365,100
2792260494093037,566728,81,2775,13365,100
2792260499204617,566728,81,2775,13365,100
2792260504315826,566728,81,2775,13365,100
2792260509427166,566728,81,2775,13365,100
2792260514538703,566728,81,2775,13365,100
2792260519650015,566728,81,2775,13365,100
2792260524762783,566728,81,2775,13365,100
2792260529874413,566728,81,2775,13365,100
2792260534985741,566728,81,2775,13365,100
2792260540115955,566728,81,2775,13365,100
2792260545227305,566728,81,2775,13365,100
2792260550338661,566728,81,2775,13365,100
2792260555449998,566728,81,2775,13365,100
2792260560561838,566728,81,2775,13365,100
2792260565673471,566728,81,2775,13365,100
2792260570786168,566728,81,2775,13365,100
2792260575898058,566728,81,2775,13365,100
2792260581026124,566728,81,2775,13365,100
2792260586137752,566728,81,2775,13365,100
2792260591250960,566728,81,2775,13365,100
2792260596362735,566728,81,2775,13365,100
2792260601476713,566728,81,2775,13365,100
2792260606588114,566728,81,2775,13365,100
2792260611699478,567270,81,2775,13365,100
2792260616813227,567270,81,2775,13365,100
2792260621924677,567270,81,2775,13365,100
2792260627036071,567270,81,2775,13365,100
2792260632147384,567270,81,2775,13365,100
2792260637259129,567270,81,2775,13365,100
2792260642372021,567270,81,2775,13365,100
2792260647525892,567270,81,2775,13365,100
2792260652637409,567270,81,2775,13365,100
2792260657748830,567270,81,2775,13365,100
2792260662861302,567270,81,2775,13365,100
2792260667972886,567270,81,2775,13365,100
2792260673084595,567270,81,2775,13365,100
2792260678196191,567270,81,2775,13365,100
2792260683308116,567270,81,2775,13365,100
2792260688419534,567270,81,2775,13365,100
2792260693532613,567270,81,2775,13365,100
2792260698644011,567270,81,2775,13365,100
2792260703755273,567270,81,2775,13365,100
2792260708866825,567270,81,2775,13365,100
2792260713979955,567270,81,2775,13365,100
2792260719092395,567270,81,2775,13365,100
2792260724203843,567270,81,2775,13365,100
2792260729315004,567270,81,2775,13365,100
2792260734426642,567270,81,2775,13365,100
2792260739538364,567270,81,2775,13365,100
2792260744651245,567270,81,2775,13365,100
2792260749764337,567270,81,2775,13365,100
2792260754875898,567270,81,2775,13365,100
2792260759987344,567270,81,2775,13365,100
2792260765116040,567270,81,2775,13365,100
2792260770227051,567270,81,2775,13365,100
2792260775338479,567270,81,2775,13365,100
2792260780450054,567270,81,2775,13365,100
2792260785561164,567270,81,2775,13365,100
2792260790672976,567270,81,2775,13365,100
2792260795786469,567270,81,2775,13365,100
2792260800898109,567270,81,2775,13365,100
2792260806026069,567270,81,2775,13365,100
2792260811150298,567270,81,2775,13365,100
2792260816262044,567270,81,2775,13365,100
2792260821373723,567270,81,2775,13365,100
2792260826485395,567270,81,2775,13365,100
2792260831596612,567270,81,2775,13365,100
2792260836707940,567270,81,2775,13365,100
2792260841820556,567270,81,2775,13365,100
2792260846933449,567270,81,2775,13365,100
2792260852044769,567270,81,2775,13365,100
2792260857156120,567270,81,2775,13365,100
2792260862267577,567270,81,2775,13365,100
2792260867379274,567270,81,2775,13365,100
2792260872492147,567270,81,2775,13365,100
2792260877603623,567270,81,2775,13365,100
2792260882715324,567270,81,2775,13365,100
2792260887827044,567270,81,2775,13365,100
2792260892938204,567270,81,2775,13365,100
2792260898051077,567270,81,2775,13365,100
2792260903163425,567270,81,2775,13365,100
2792260908275010,567270,81,2775,13365,100
2792260913386566,567270,81,2775,13365,100
2792260918498187,567270,81,2775,13365,100
2792260923609677,567270,81,2775,13365,100
2792260928721356,567270,81,2775,13365,100
2792260933832746,567270,81,2775,13365,100
2792260938945636,567270,81,2775,13365,100
2792260944057137,567270,81,2775,13365,100
2792260949170307,567270,81,2775,13365,100
2792260954281893,567270,81,2775,13365,100
2792260959393397,567270,81,2775,13365,100
2792260964505030,567270,81,2775,13365,100
2792260969618110,567270,81,2775,13365,100
2792260974729561,567270,81,2775,13365,100
2792260979841346,567270,81,2775,13365,100
2792260984952830,567270,81,2775,13365,100
2792260990064422,567270,81,2775,13365,100
2792260995175733,567270,81,2775,13365,100
2792261000289118,567270,81,2775,13365,100
2792261005400246,567270,81,2775,13365,100
2792261010511626,567270,81,2775,13365,100
2792261015622606,567270,81,2775,13365,100
2792261020733803,567270,81,2775,13365,100
2792261025845841,567270,81,2775,13365,100
2792261030957159,567270,81,2775,13365,100
2792261036068604,567270,81,2775,13365,100
2792261041179788,567270,81,2775,13365,100
2792261046291089,567270,81,2775,13365,100
2792261051403887,567270,81,2775,13365,100
2792261056515461,567270,81,2775,13365,100
2792261061627266,567270,81,2775,13365,100
2792261066740110,567270,81,2775,13365,100
2792261071851474,567270,81,2775,13365,100
2792261076963023,567270,81,2775,13365,100
2792261082074500,567270,81,2775,13365,100
2792261087186472,567270,81,2775,13365,100
2792261092298257,567270,81,2775,13365,100
2792261097409500,567270,81,2775,13365,100
2792261102522933,567270,81,2775,13365,100
2792261107634370,567270,81,2775,13365,100
2792261112745650,567440,81,2775,13365,100
2792261117858223,567440,81,2775,13365,100
2792261122969737,567440,81,2775,13365,100
2792261128081995,567440,81,2775,13365,100
2792261133195072,567440,81,2775,13365,100
2792261138306508,567440,81,2775,13365,100
2792261143417896,567440,81,2775,13365,100
2792261148529413,567440,81,2775,13365,100
2792261153642685,567440,81,2775,13365,100
2792261158754100,567440,81,2775,13365,100
2792261163867706,567440,81,2775,13365,100
2792261168979278,567440,81,2775,13365,100
2792261174090591,567440,81,2775,13365,100
2792261179202367,567440,81,2775,13365,100
2792261184314056,567440,81,2775,13365,100
2792261189453636,567440,81,2775,13365,100
2792261194566740,567440,81,2775,13365,100
2792261199678217,567440,81,2775,13365,100
2792261204791349,567440,81,2775,13365,100
2792261209902704,567440,81,2775,13365,100
2792261215027450,567440,81,2775,13365,100
2792261220140386,567440,81,2775,13365,100
2792261225251747,567440,81,2775,13365,100
2792261230363231,567440,81,2775,13365,100
2792261235474652,567440,81,2775,13365,100
2792261240586300,567440,81,2775,13365,100
2792261245697777,567440,81,2775,13365,100
2792261250811447,567440,81,2775,13365,100
2792261255924442,567440,81,2775,13365,100
2792261261036442,567440,81,2775,13365,100
2792261266147742,567440,81,2775,13365,100
2792261271259184,567440,81,2775,13365,100
2792261276370989,567440,81,2775,13365,100
2792261281483386,567440,81,2775,13365,100
2792261286595548,567440,81,2775,13365,100
2792261291706960,567440,81,2775,13365,100
2792261296818406,567440,81,2775,13365,100
2792261301945965,567440,81,2775,13365,100
2792261307058797,567440,81,2775,13365,100
2792261312170226,567440,81,2775,13365,100
2792261317282678,567440,81,2775,13365,100
2792261322393930,567440,81,2775,13365,100
2792261327505179,567440,81,2775,13365,100
2792261332616619,567440,81,2775,13365,100
2792261337728354,567440,81,2775,13365,100
2792261342839876,567440,81,2775,13365,100
2792261347952523,567440,81,2775,13365,100
2792261353064093,567440,81,2775,13365,100
2792261358177197,567440,81,2775,13365,100
2792261363288876,567440,81,2775,13365,100
2792261368400330,567440,81,2775,13365,100
2792261373511727,567440,81,2775,13365,100
2792261378623555,567440,81,2775,13365,100
2792261383736303,567440,81,2775,13365,100
2792261388847548,567440,81,2775,13365,100
2792261393959090,567440,81,2775,13365,100
2792261399070676,567440,81,2775,13365,100
2792261404182233,567440,81,2775,13365,100
2792261409295618,567440,81,2775,13365,100
2792261414408813,567440,81,2775,13365,100
2792261419520178,567440,81,2775,13365,100
2792261424633759,567440,81,2775,13365,100
2792261429745179,567440,81,2775,13365,100
2792261434856596,567440,81,2775,13365,100
2792261439967902,567440,81,2775,13365,100
2792261445079772,567440,81,2775,13365,100
2792261450191059,567440,81,2775,13365,100
2792261455302301,567440,81,2775,13365,100
2792261460415420,567440,81,2775,13365,100
2792261465527134,567440,81,2775,13365,100
2792261470638709,567440,81,2775,13365,100
2792261475750203,567440,81,2775,13365,100
2792261480863478,567440,81,2775,13365,100
2792261485975037,567440,81,2775,13365,100
2792261491086586,567440,81,2775,13365,100
2792261496198218,567440,81,2775,13365,100
2792261501309749,567440,81,2775,13365,100
2792261506421500,567440,81,2775,13365,100
2792261511535992,567440,81,2775,13365,100
2792261516647703,567440,81,2775,13365,100
2792261521758807,567440,81,2775,13365,100
2792261526870167,567440,81,2775,13365,100
2792261531981535,567440,81,2775,13365,100
2792261537109320,567440,81,2775,13365,100
2792261542220736,567440,81,2775,13365,100
2792261547332320,567440,81,2775,13365,100
2792261552443621,567440,81,2775,13365,100
2792261557555109,567440,81,2775,13365,100
2792261562668190,567440,81,2775,13365,100
2792261567780718,567440,81,2775,13365,100
2792261572892319,567440,81,2775,13365,100
2792261578020834,567440,81,2775,13365,100
2792261583132651,567440,81,2775,13365,100
2792261588244172,567440,81,2775,13365,100
2792261593355384,567440,81,2775,13365,100
2792261598467037,567440,81,2775,13365,100
2792261603578733,567440,81,2775,13365,100
2792261608690202,567338,81,2775,13365,100
2792261613805970,567338,81,2775,13365,100
2792261618917374,567338,81,2775,13365,100
2792261624029043,567338,81,2775,13365,100
2792261629140603,567338,81,2775,13365,100
2792261634252070,567338,81,2775,13365,100
2792261639363347,567338,81,2775,13365,100
2792261644474724,567338,81,2775,13365,100
2792261649586550,567338,81,2775,13365,100
2792261654697989,567338,81,2775,13365,100
2792261659809312,567338,81,2775,13365,100
2792261664924146,567338,81,2775,13365,100
2792261670038101,567338,81,2775,13365,100
2792261675151639,567338,81,2775,13365,100
2792261680264884,567338,81,2775,13365,100
2792261685359716,567338,81,2775,13365,100
2792261690472858,567338,81,2775,13365,100
2792261695585661,567338,81,2775,13365,100
2792261700698753,567338,81,2775,13365,100
2792261705812229,567338,81,2775,13365,100
2792261710931394,567338,81,2775,13365,100
2792261716045870,567338,81,2775,13365,100
2792261721158212,567338,81,2775,13365,100
2792261726270691,567338,81,2775,13365,100
2792261731382707,567338,81,2775,13365,100
2792261736494867,567338,81,2775,13365,100
2792261741606976,567338,81,2775,13365,100
2792261746719000,567338,81,2775,13365,100
2792261751831489,567338,81,2775,13365,100
2792261756943810,567338,81,2775,13365,100
2792261762056033,567338,81,2775,13365,100
2792261767169674,567338,81,2775,13365,100
2792261772282623,567338,81,2775,13365,100
2792261777394867,567338,81,2775,13365,100
2792261782506516,567338,81,2775,13365,100
2792261787618344,567338,81,2775,13365,100
2792261792729584,567338,81,2775,13365,100
2792261797840936,567338,81,2775,13365,100
2792261802954215,567338,81,2775,13365,100
2792261808065589,567338,81,2775,13365,100
2792261813177042,567338,81,2775,13365,100
2792261818290578,567338,81,2775,13365,100
2792261823402067,567338,81,2775,13365,100
2792261828513687,567338,81,2775,13365,100
2792261833625071,567338,81,2775,13365,100
2792261838739679,567338,81,2775,13365,100
2792261843850870,567338,81,2775,13365,100
2792261848962217,567338,81,2775,13365,100
2792261854073619,567338,81,2775,13365,100
2792261859184573,567338,81,2775,13365,100
2792261864296130,567338,81,2775,13365,100
2792261869410546,567338,81,2775,13365,100
2792261874522031,567338,81,2775,13365,100
2792261879633801,567338,81,2775,13365,100
2792261884745144,567338,81,2775,13365,100
2792261889857436,567338,81,2775,13365,100
2792261894968744,567338,81,2775,13365,100
2792261900081081,567338,81,2775,13365,100
2792261905193285,567338,81,2775,13365,100
2792261910304381,567338,81,2775,13365,100
2792261915415686,567338,81,2775,13365,100
2792261920528586,567338,81,2775,13365,100
2792261925641761,567338,81,2775,13365,100
2792261930754343,567338,81,2775,13365,100
2792261935867308,567338,81,2775,13365,100
2792261940980842,567338,81,2775,13365,100
2792261946093879,567338,81,2775,13365,100
2792261951205877,567338,81,2775,13365,100
2792261956333695,567338,81,2775,13365,100
2792261961445097,567338,81,2775,13365,100
2792261966558269,567338,81,2775,13365,100
2792261971672955,567338,81,2775,13365,100
2792261976784823,567338,81,2775,13365,100
2792261981898659,567338,81,2775,13365,100
2792261987029499,567338,81,2775,13365,100
2792261992141944,567338,81,2775,13365,100
2792261997253676,567338,81,2775,13365,100
2792262002366701,567338,81,2775,13365,100
2792262007478997,567338,81,2775,13365,100
2792262012590749,567338,81,2775,13365,100
2792262017703126,567338,81,2775,13365,100
2792262022816174,567338,81,2775,13365,100
2792262027930023,567338,81,2775,13365,100
2792262033043363,567338,81,2775,13365,100
2792262038160187,567338,81,2775,13365,100
2792262043272772,567338,81,2775,13365,100
2792262048385766,567338,81,2775,13365,100
2792262053498124,567338,81,2775,13365,100
2792262058609445,567338,81,2775,13365,100
2792262063721827,567338,81,2775,13365,100
2792262068833352,567338,81,2775,13365,100
2792262073945829,567338,81,2775,13365,100
2792262079057411,567338,81,2775,13365,100
2792262084170579,567338,81,2775,13365,100
2792262089281944,567338,81,2775,13365,100
2792262094393404,567338,81,2775,13365,100
2792262099504656,567338,81,2775,13365,100
2792262104616621,567338,81,2775,13365,100
2792262109728173,567321,81,2775,13365,100
2792262114842246,567321,81,2775,13365,100
2792262119955602,567321,81,2775,13365,100
2792262125070234,567321,81,2775,13365,100
2792262130183907,567321,81,2775,13365,100
2792262135295431,567321,81,2775,13365,100
2792262140426751,567321,81,2775,13365,100
2792262145538168,567321,81,2775,13365,100
2792262150649756,567321,81,2775,13365,100
2792262155761177,567321,81,2775,13365,100
2792262160874737,567321,81,2775,13365,100
2792262165986537,567321,81,2775,13365,100
2792262171117710,567321,81,2775,13365,100
2792262176230356,567321,81,2775,13365,100
2792262181342055,567321,81,2775,13365,100
2792262186453280,567321,81,2775,13365,100
2792262191564632,567321,81,2775,13365,100
2792262196676576,567321,81,2775,13365,100
2792262201789918,567321,81,2775,13365,100
2792262206901165,567321,81,2775,13365,100
2792262212028165,567321,81,2775,13365,100
2792262217140781,567321,81,2775,13365,100
2792262222252270,567321,81,2775,13365,100
2792262227364982,567321,81,2775,13365,100
2792262232476399,567321,81,2775,13365,100
2792262237587603,567321,81,2775,13365,100
2792262242698852,567321,81,2775,13365,100
2792262247811991,567321,81,2775,13365,100
2792262252923681,567321,81,2775,13365,100
2792262258035645,567321,81,2775,13365,100
2792262263147066,567321,81,2775,13365,100
2792262268258209,567321,81,2775,13365,100
2792262273369473,567321,81,2775,13365,100
2792262278484326,567321,81,2775,13365,100
2792262283595831,567321,81,2775,13365,100
2792262288707043,567321,81,2775,13365,100
2792262293818545,567321,81,2775,13365,100
2792262298929962,567321,81,2775,13365,100
2792262304041396,567321,81,2775,13365,100
2792262309152673,567321,81,2775,13365,100
2792262314265053,567321,81,2775,13365,100
2792262319376307,567321,81,2775,13365,100
2792262324487926,567321,81,2775,13365,100
2792262329601227,567321,81,2775,13365,100
2792262334713301,567321,81,2775,13365,100
2792262339825432,567321,81,2775,13365,100
2792262344939048,567321,81,2775,13365,100
2792262350051412,567321,81,2775,13365,100
2792262355163820,567321,81,2775,13365,100
2792262360275057,567321,81,2775,13365,100
2792262365386481,567321,81,2775,13365,100
2792262370497813,567321,81,2775,13365,100
2792262375609070,567321,81,2775,13365,100
2792262380726946,567321,81,2775,13365,100
2792262385838939,567321,81,2775,13365,100
2792262390950123,567321,81,2775,13365,100
2792262396061624,567321,81,2775,13365,100
2792262401173360,567321,81,2775,13365,100
2792262406284989,567321,81,2775,13365,100
2792262411396773,567321,81,2775,13365,100
2792262416509649,567321,81,2775,13365,100
2792262421633921,567321,81,2775,13365,100
2792262426745060,567321,81,2775,13365,100
2792262431857755,567321,81,2775,13365,100
2792262436969055,567321,81,2775,13365,100
2792262442080511,567321,81,2775,13365,100
2792262447192856,567321,81,2775,13365,100
2792262452304284,567321,81,2775,13365,100
2792262457415908,567321,81,2775,13365,100
2792262462527265,567321,81,2775,13365,100
2792262467638797,567321,81,2775,13365,100
2792262472750274,567321,81,2775,13365,100
2792262477862775,567321,81,2775,13365,100
2792262482977447,567321,81,2775,13365,100
2792262488088753,567321,81,2775,13365,100
2792262493200304,567321,81,2775,13365,100
2792262498311404,567321,81,2775,13365,100
2792262503423337,567321,81,2775,13365,100
2792262508534856,567321,81,2775,13365,100
2792262513647015,567321,81,2775,13365,100
2792262518758630,567321,81,2775,13365,100
2792262523869882,567321,81,2775,13365,100
2792262528981234,567321,81,2775,13365,100
2792262534094878,567321,81,2775,13365,100
2792262539206104,567321,81,2775,13365,100
2792262544317454,567321,81,2775,13365,100
2792262549428704,567321,81,2775,13365,100
2792262554540288,567321,81,2775,13365,100
2792262559651660,567321,81,2775,13365,100
2792262564765281,567321,81,2775,13365,100
2792262569876894,567321,81,2775,13365,100
2792262574988354,567321,81,2775,13365,100
2792262580117272,567321,81,2775,13365,100
2792262585230091,567321,81,2775,13365,100
2792262590341492,567321,81,2775,13365,100
2792262595453158,567321,81,2775,13365,100
2792262600565176,567321,81,2775,13365,100
2792262605676467,567321,81,2775,13365,100
2792262610806120,567818,81,2775,13365,100
2792262615919205,567818,81,2775,13365,100
2792262621030587,567818,81,2775,13365,100
2792262626142042,567818,81,2775,13365,100
2792262631253249,567818,81,2775,13365,100
2792262636365973,567818,81,2775,13365,100
2792262641478039,567818,81,2775,13365,100
2792262646589660,567818,81,2775,13365,100
2792262651700932,567818,81,2775,13365,100
2792262656812098,567818,81,2775,13365,100
2792262661923448,567818,81,2775,13365,100
2792262667035039,567818,81,2775,13365,100
2792262672146630,567818,81,2775,13365,100
2792262677258194,567818,81,2775,13365,100
2792262682369642,567818,81,2775,13365,100
2792262687482890,567818,81,2775,13365,100
2792262692594529,567818,81,2775,13365,100
2792262697705879,567818,81,2775,13365,100
2792262702817452,567818,81,2775,13365,100
2792262707930260,567818,81,2775,13365,100
2792262713041917,567818,81,2775,13365,100
2792262718153205,567818,81,2775,13365,100
2792262723265550,567818,81,2775,13365,100
2792262728379298,567818,81,2775,13365,100
2792262733491490,567818,81,2775,13365,100
2792262738604769,567818,81,2775,13365,100
2792262743717320,567818,81,2775,13365,100
2792262748830720,567818,81,2775,13365,100
2792262753941976,567818,81,2775,13365,100
2792262759053573,567818,81,2775,13365,100
2792262764165833,567818,81,2775,13365,100
2792262769277475,567818,81,2775,13365,100
2792262774389116,567818,81,2775,13365,100
2792262779501346,567818,81,2775,13365,100
2792262784613819,567818,81,2775,13365,100
2792262789726667,567818,81,2775,13365,100
2792262794837890,567818,81,2775,13365,100
2792262799949560,567818,81,2775,13365,100
2792262805061308,567818,81,2775,13365,100
2792262810172423,567818,81,2775,13365,100
2792262815285789,567818,81,2775,13365,100
2792262820397319,567818,81,2775,13365,100
2792262825508754,567818,81,2775,13365,100
2792262830620362,567818,81,2775,13365,100
2792262835731663,567818,81,2775,13365,100
2792262840845039,567818,81,2775,13365,100
2792262845958143,567818,81,2775,13365,100
2792262851069558,567818,81,2775,13365,100
2792262856181225,567818,81,2775,13365,100
2792262861292853,567818,81,2775,13365,100
2792262866404125,567818,81,2775,13365,100
2792262871515669,567818,81,2775,13365,100
2792262876627106,567818,81,2775,13365,100
2792262881738419,567818,81,2775,13365,100
2792262886849875,567818,81,2775,13365,100
2792262891962672,567818,81,2775,13365,100
2792262897074218,567818,81,2775,13365,100
2792262902185790,567818,81,2775,13365,100
2792262907297714,567818,81,2775,13365,100
2792262912409505,567818,81,2775,13365,100
2792262917520781,567818,81,2775,13365,100
2792262922632208,567818,81,2775,13365,100
2792262927743622,567818,81,2775,13365,100
2792262932855462,567818,81,2775,13365,100
2792262937968227,567818,81,2775,13365,100
2792262943081151,567818,81,2775,13365,100
2792262948192375,567818,81,2775,13365,100
2792262953303665,567818,81,2775,13365,100
2792262958414960,567818,81,2775,13365,100
2792262963526549,567818,81,2775,13365,100
2792262968638525,567818,81,2775,13365,100
2792262973749958,567818,81,2775,13365,100
2792262978861978,567818,81,2775,13365,100
2792262983973931,567818,81,2775,13365,100
2792262989085636,567818,81,2775,13365,100
2792262994198844,567818,81,2775,13365,100
2792262999310416,567818,81,2775,13365,100
2792263004423011,567818,81,2775,13365,100
2792263009534925,567818,81,2775,13365,100
2792263014646881,567818,81,2775,13365,100
2792263019758291,567818,81,2775,13365,100
2792263024869854,567818,81,2775,13365,100
2792263029988293,567818,81,2775,13365,100
2792263035118571,567818,81,2775,13365,100
2792263040230629,567818,81,2775,13365,100
2792263045343691,567818,81,2775,13365,100
2792263050455163,567818,81,2775,13365,100
2792263055566564,567818,81,2775,13365,100
2792263060678221,567818,81,2775,13365,100
2792263065790985,567818,81,2775,13365,100
2792263070902597,567818,81,2775,13365,100
2792263076027282,567818,81,2775,13365,100
2792263081140076,567818,81,2775,13365,100
2792263086251723,567818,81,2775,13365,100
2792263091367139,567818,81,2775,13365,100
2792263096480148,567818,81,2775,13365,100
2792263101591660,567818,81,2775,13365,100
2792263106703200,567818,81,2775,13365,100
2792263111816741,568331,81,2775,13365,100
2792263116929607,568331,81,2775,13365,100
2792263122040905,568331,81,2775,13365,100
2792263127152382,568331,81,2775,13365,100
2792263132263639,568331,81,2775,13365,100
2792263137375065,568331,81,2775,13365,100
2792263142488184,568331,81,2775,13365,100
2792263147601208,568331,81,2775,13365,100
2792263152712668,568331,81,2775,13365,100
2792263157823963,568331,81,2775,13365,100
2792263162936937,568331,81,2775,13365,100
2792263168048421,568331,81,2775,13365,100
2792263173159816,568331,81,2775,13365,100
2792263178271670,568331,81,2775,13365,100
2792263183383327,568331,81,2775,13365,100
2792263188494782,568331,81,2775,13365,100
2792263193607839,568331,81,2775,13365,100
2792263198720998,568331,81,2775,13365,100
2792263203832530,568331,81,2775,13365,100
2792263208944221,568331,81,2775,13365,100
2792263214055681,568331,81,2775,13365,100
2792263219167329,568331,81,2775,13365,100
2792263224279962,568331,81,2775,13365,100
2792263229391364,568331,81,2775,13365,100
2792263234502916,568331,81,2775,13365,100
2792263239614353,568331,81,2775,13365,100
2792263244725738,568331,81,2775,13365,100
2792263249838850,568331,81,2775,13365,100
2792263254950400,568331,81,2775,13365,100
2792263260063491,568331,81,2775,13365,100
2792263265186233,568331,81,2775,13365,100
2792263270297709,568331,81,2775,13365,100
2792263275409266,568331,81,2775,13365,100
2792263280520927,568331,81,2775,13365,100
2792263285632506,568331,81,2775,13365,100
2792263290744543,568331,81,2775,13365,100
2792263295855635,568331,81,2775,13365,100
2792263300968464,568331,81,2775,13365,100
2792263306080080,568331,81,2775,13365,100
2792263311191517,568331,81,2775,13365,100
2792263316302669,568331,81,2775,13365,100
2792263321414137,568331,81,2775,13365,100
2792263326527086,568331,81,2775,13365,100
2792263331638622,568331,81,2775,13365,100
2792263336749850,568331,81,2775,13365,100
2792263341861431,568331,81,2775,13365,100
2792263346972788,568331,81,2775,13365,100
2792263352085856,568331,81,2775,13365,100
2792263357198544,568331,81,2775,13365,100
2792263362309929,568331,81,2775,13365,100
2792263367421345,568331,81,2775,13365,100
2792263372534214,568331,81,2775,13365,100
2792263377645538,568331,81,2775,13365,100
2792263382757075,568331,81,2775,13365,100
2792263387868661,568331,81,2775,13365,100
2792263392980184,568331,81,2775,13365,100
2792263398091818,568331,81,2775,13365,100
2792263403205012,568331,81,2775,13365,100
2792263408333028,568331,81,2775,13365,100
2792263413444605,568331,81,2775,13365,100
2792263418556122,568331,81,2775,13365,100
2792263423667666,568331,81,2775,13365,100
2792263428780374,568331,81,2775,13365,100
2792263433891941,568331,81,2775,13365,100
2792263439020118,568331,81,2775,13365,100
2792263444131847,568331,81,2775,13365,100
2792263449243254,568331,81,2775,13365,100
2792263454355956,568331,81,2775,13365,100
2792263459467176,568331,81,2775,13365,100
2792263464578889,568331,81,2775,13365,100
2792263469690170,568331,81,2775,13365,100
2792263474803225,568331,81,2775,13365,100
2792263479915482,568331,81,2775,13365,100
2792263485027547,568331,81,2775,13365,100
2792263490138959,568331,81,2775,13365,100
2792263495259963,568331,81,2775,13365,100
2792263500371378,568331,81,2775,13365,100
2792263505484872,568331,81,2775,13365,100
2792263510596200,568331,81,2775,13365,100
2792263515707521,568331,81,2775,13365,100
2792263520818825,568331,81,2775,13365,100
2792263525930469,568331,81,2775,13365,100
2792263531042019,568331,81,2775,13365,100
2792263536153489,568331,81,2775,13365,100
2792263541266007,568331,81,2775,13365,100
2792263546377392,568331,81,2775,13365,100
2792263551488922,568331,81,2775,13365,100
2792263556601804,568331,81,2775,13365,100
2792263561713393,568331,81,2775,13365,100
2792263566824805,568331,81,2775,13365,100
2792263571937554,568331,81,2775,13365,100
2792263577048970,568331,81,2775,13365,100
2792263582160674,568331,81,2775,13365,100
2792263587272387,568331,81,2775,13365,100
2792263592383919,568331,81,2775,13365,100
2792263597495115,568331,81,2775,13365,100
2792263602606504,568331,81,2775,13365,100
2792263607720430,568331,81,2775,13365,100
2792263612831877,568768,81,2775,13365,100
2792263617944541,568768,81,2775,13365,100
2792263623055902,568768,81,2775,13365,100
2792263628167214,568768,81,2775,13365,100
2792263633278698,568768,81,2775,13365,100
2792263638391791,568768,81,2775,13365,100
2792263643503361,568768,81,2775,13365,100
2792263648614664,568768,81,2775,13365,100
2792263653726240,568768,81,2775,13365,100
2792263658839368,568768,81,2775,13365,100
2792263663951029,568768,81,2775,13365,100
2792263669062811,568768,81,2775,13365,100
2792263674174613,568768,81,2775,13365,100
2792263679286490,568768,81,2775,13365,100
2792263684398002,568768,81,2775,13365,100
2792263689509723,568768,81,2775,13365,100
2792263694621215,568768,81,2775,13365,100
2792263699732868,568768,81,2775,13365,100
2792263704845574,568768,81,2775,13365,100
2792263709958524,568768,81,2775,13365,100
2792263715069903,568768,81,2775,13365,100
2792263720181228,568768,81,2775,13365,100
2792263725292606,568768,81,2775,13365,100
2792263730403824,568768,81,2775,13365,100
2792263735516430,568768,81,2775,13365,100
2792263740627647,568768,81,2775,13365,100
2792263745738855,568768,81,2775,13365,100
2792263750850434,568768,81,2775,13365,100
2792263755962438,568768,81,2775,13365,100
2792263761075377,568768,81,2775,13365,100
2792263766187942,568768,81,2775,13365,100
2792263771299850,568768,81,2775,13365,100
2792263776411118,568768,81,2775,13365,100
2792263781522959,568768,81,2775,13365,100
2792263786634763,568768,81,2775,13365,100
2792263791745935,568768,81,2775,13365,100
2792263796857347,568768,81,2775,13365,100
2792263801970516,568768,81,2775,13365,100
2792263807082001,568768,81,2775,13365,100
2792263812194827,568768,81,2775,13365,100
2792263817306391,568768,81,2775,13365,100
2792263822418285,568768,81,2775,13365,100
2792263827529758,568768,81,2775,13365,100
2792263832641034,568768,81,2775,13365,100
2792263837752391,568768,81,2775,13365,100
2792263842863715,568768,81,2775,13365,100
2792263847974978,568768,81,2775,13365,100
2792263853086432,568768,81,2775,13365,100
2792263858197747,568768,81,2775,13365,100
2792263863310997,568768,81,2775,13365,100
2792263868423921,568768,81,2775,13365,100
2792263873535518,568768,81,2775,13365,100
2792263878647339,568768,81,2775,13365,100
2792263883758963,568768,81,2775,13365,100
2792263888870446,568768,81,2775,13365,100
2792263893982199,568768,81,2775,13365,100
2792263899109864,568768,81,2775,13365,100
2792263904221574,568768,81,2775,13365,100
2792263909332920,568768,81,2775,13365,100
2792263914445805,568768,81,2775,13365,100
2792263919573094,568768,81,2775,13365,100
2792263924684806,568768,81,2775,13365,100
2792263929798058,568768,81,2775,13365,100
2792263934909633,568768,81,2775,13365,100
2792263940021355,568768,81,2775,13365,100
2792263945132976,568768,81,2775,13365,100
2792263950244508,568768,81,2775,13365,100
2792263955355865,568768,81,2775,13365,100
2792263960467662,568768,81,2775,13365,100
2792263965580665,568768,81,2775,13365,100
2792263970692104,568768,81,2775,13365,100
2792263975803450,568768,81,2775,13365,100
2792263980915222,568768,81,2775,13365,100
2792263986027055,568768,81,2775,13365,100
2792263991138675,568768,81,2775,13365,100
2792263996251187,568768,81,2775,13365,100
2792264001362624,568768,81,2775,13365,100
2792264006474400,568768,81,2775,13365,100
2792264011585768,568768,81,2775,13365,100
2792264016698813,568768,81,2775,13365,100
2792264021810275,568768,81,2775,13365,100
2792264026922502,568768,81,2775,13365,100
2792264032034084,568768,81,2775,13365,100
2792264037145707,568768,81,2775,13365,100
2792264042256991,568768,81,2775,13365,100
2792264047368475,568768,81,2775,13365,100
2792264052479907,568768,81,2775,13365,100
2792264057591600,568768,81,2775,13365,100
2792264062704481,568768,81,2775,13365,100
2792264067817475,568768,81,2775,13365,100
2792264072928799,568768,81,2775,13365,100
2792264078040254,568768,81,2775,13365,100
2792264083152201,568768,81,2775,13365,100
2792264088263545,568768,81,2775,13365,100
2792264093376439,568768,81,2775,13365,100
2792264098488188,568768,81,2775,13365,100
2792264103599600,568768,81,2775,13365,100
2792264108711145,569419,81,2775,13365,100
2792264113823449,569419,81,2775,13365,100
2792264118937066,569419,81,2775,13365,100
2792264124048778,569419,81,2775,13365,100
2792264129160600,569419,81,2775,13365,100
2792264134271890,569419,81,2775,13365,100
2792264139383619,569419,81,2775,13365,100
2792264144495108,569419,81,2775,13365,100
2792264149606364,569419,81,2775,13365,100
2792264154717732,569419,81,2775,13365,100
2792264159830936,569419,81,2775,13365,100
2792264164942481,569419,81,2775,13365,100
2792264170055336,569419,81,2775,13365,100
2792264175166768,569419,81,2775,13365,100
2792264180278562,569419,81,2775,13365,100
2792264185390374,569419,81,2775,13365,100
2792264190502159,569419,81,2775,13365,100
2792264195613678,569419,81,2775,13365,100
2792264200725028,569419,81,2775,13365,100
2792264205836246,569419,81,2775,13365,100
2792264210947638,569419,81,2775,13365,100
2792264216059365,569419,81,2775,13365,100
2792264221172313,569419,81,2775,13365,100
2792264226284614,569419,81,2775,13365,100
2792264231396062,569419,81,2775,13365,100
2792264236507846,569419,81,2775,13365,100
2792264241619127,569419,81,2775,13365,100
2792264246730964,569419,81,2775,13365,100
2792264251842308,569419,81,2775,13365,100
2792264256954900,569419,81,2775,13365,100
2792264262066584,569419,81,2775,13365,100
2792264267178001,569419,81,2775,13365,100
2792264272291098,569419,81,2775,13365,100
2792264277402502,569419,81,2775,13365,100
2792264282514302,569419,81,2775,13365,100
2792264287626077,569419,81,2775,13365,100
2792264292737736,569419,81,2775,13365,100
2792264297849255,569419,81,2775,13365,100
2792264302961108,569419,81,2775,13365,100
2792264308072420,569419,81,2775,13365,100
2792264313184047,569419,81,2775,13365,100
2792264318295462,569419,81,2775,13365,100
2792264323409526,569419,81,2775,13365,100
2792264328521078,569419,81,2775,13365,100
2792264333632610,569419,81,2775,13365,100
2792264338744321,569419,81,2775,13365,100
2792264343855699,569419,81,2775,13365,100
2792264348967372,569419,81,2775,13365,100
2792264354080184,569419,81,2775,13365,100
2792264359191348,569419,81,2775,13365,100
2792264364302969,569419,81,2775,13365,100
2792264369414173,569419,81,2775,13365,100
2792264374527250,569419,81,2775,13365,100
2792264379639296,569419,81,2775,13365,100
2792264384751510,569419,81,2775,13365,100
2792264389862947,569419,81,2775,13365,100
2792264394974430,569419,81,2775,13365,100
2792264400085868,569419,81,2775,13365,100
2792264405197188,569419,81,2775,13365,100
2792264410308537,569419,81,2775,13365,100
2792264415420002,569419,81,2775,13365,100
2792264420533097,569419,81,2775,13365,100
2792264425646246,569419,81,2775,13365,100
2792264430757806,569419,81,2775,13365,100
2792264435869299,569419,81,2775,13365,100
2792264440981024,569419,81,2775,13365,100
2792264446092856,569419,81,2775,13365,100
2792264451204052,569419,81,2775,13365,100
2792264456315461,569419,81,2775,13365,100
2792264461427140,569419,81,2775,13365,100
2792264466538486,569419,81,2775,13365,100
2792264471650098,569419,81,2775,13365,100
2792264476764520,569419,81,2775,13365,100
2792264481876232,569419,81,2775,13365,100
2792264486987707,569419,81,2775,13365,100
2792264492116063,569419,81,2775,13365,100
2792264497227331,569419,81,2775,13365,100
2792264502338708,569419,81,2775,13365,100
2792264507450147,569419,81,2775,13365,100
2792264512561584,569419,81,2775,13365,100
2792264517673221,569419,81,2775,13365,100
2792264522785958,569419,81,2775,13365,100
2792264527898832,569419,81,2775,13365,100
2792264533026443,569419,81,2775,13365,100
2792264538138067,569419,81,2775,13365,100
2792264543249507,569419,81,2775,13365,100
2792264548361316,569419,81,2775,13365,100
2792264553472676,569419,81,2775,13365,100
2792264558584349,569419,81,2775,13365,100
2792264563695549,569419,81,2775,13365,100
2792264568808513,569419,81,2775,13365,100
2792264573935886,569419,81,2775,13365,100
2792264579048658,569419,81,2775,13365,100
2792264584160413,569419,81,2775,13365,100
2792264589271931,569419,81,2775,13365,100
2792264594383303,569419,81,2775,13365,100
2792264599496275,569419,81,2775,13365,100
2792264604622938,569419,81,2775,13365,100
2792264609734329,569330,82,2775,13365,100
2792264614846677,569330,82,2775,13365,100
2792264619958377,569330,82,2775,13365,100
2792264625071261,569330,82,2775,13365,100
2792264630186310,569330,82,2775,13365,100
2792264635297782,569330,82,2775,13365,100
2792264640409179,569330,82,2775,13365,100
2792264645520595,569330,82,2775,13365,100
2792264650632023,569330,82,2775,13365,100
2792264655743669,569330,82,2775,13365,100
2792264660856557,569330,82,2775,13365,100
2792264665970909,569330,82,2775,13365,100
2792264671082453,569330,82,2775,13365,100
2792264676193692,569330,82,2775,13365,100
2792264681306736,569330,82,2775,13365,100
2792264686418030,569330,82,2775,13365,100
2792264691529420,569330,82,2775,13365,100
2792264696650799,569330,82,2775,13365,100
2792264701762683,569330,82,2775,13365,100
2792264706874148,569330,82,2775,13365,100
2792264711985463,569330,82,2775,13365,100
2792264717114409,569330,82,2775,13365,100
2792264722225711,569330,82,2775,13365,100
2792264727336841,569330,82,2775,13365,100
2792264732449514,569330,82,2775,13365,100
2792264737560878,569330,82,2775,13365,100
2792264742672062,569330,82,2775,13365,100
2792264747784515,569330,82,2775,13365,100
2792264752895727,569330,82,2775,13365,100
2792264758022702,569330,82,2775,13365,100
2792264763134448,569330,82,2775,13365,100
2792264768246620,569330,82,2775,13365,100
2792264773357969,569330,82,2775,13365,100
2792264778469522,569330,82,2775,13365,100
2792264783582886,569330,82,2775,13365,100
2792264788694296,569330,82,2775,13365,100
2792264793807101,569330,82,2775,13365,100
2792264798918607,569330,82,2775,13365,100
2792264804030115,569330,82,2775,13365,100
2792264809155284,569330,82,2775,13365,100
2792264814266571,569330,82,2775,13365,100
2792264819378364,569330,82,2775,13365,100
2792264824491405,569330,82,2775,13365,100
2792264829603258,569330,82,2775,13365,100
2792264834716958,569330,82,2775,13365,100
2792264839829227,569330,82,2775,13365,100
2792264844940850,569330,82,2775,13365,100
2792264850063841,569330,82,2775,13365,100
2792264855175953,569330,82,2775,13365,100
2792264860289180,569330,82,2775,13365,100
2792264865401055,569330,82,2775,13365,100
2792264870512487,569330,82,2775,13365,100
2792264875623969,569330,82,2775,13365,100
2792264880735466,569330,82,2775,13365,100
2792264885848952,569330,82,2775,13365,100
2792264890961390,569330,82,2775,13365,100
2792264896073095,569330,82,2775,13365,100
2792264901203135,569330,82,2775,13365,100
2792264906315048,569330,82,2775,13365,100
2792264911427492,569330,82,2775,13365,100
2792264916538957,569330,82,2775,13365,100
2792264921650443,569330,82,2775,13365,100
2792264926762009,569330,82,2775,13365,100
2792264931873281,569330,82,2775,13365,100
2792264936988206,569330,82,2775,13365,100
2792264942118870,569330,82,2775,13365,100
2792264947230167,569330,82,2775,13365,100
2792264952341031,569330,82,2775,13365,100
2792264957454636,569330,82,2775,13365,100
2792264962566256,569330,82,2775,13365,100
2792264967677728,569330,82,2775,13365,100
2792264972788981,569330,82,2775,13365,100
2792264977900339,569330,82,2775,13365,100
2792264983029645,569330,82,2775,13365,100
2792264988151650,569330,82,2775,13365,100
2792264993263510,569330,82,2775,13365,100
2792264998374949,569330,82,2775,13365,100
2792265003486663,569330,82,2775,13365,100
2792265008598147,569330,82,2775,13365,100
2792265013709835,569330,82,2775,13365,100
2792265018822961,569330,82,2775,13365,100
2792265023934380,569330,82,2775,13365,100
2792265029045673,569330,82,2775,13365,100
2792265034156849,569330,82,2775,13365,100
2792265039269490,569330,82,2775,13365,100
2792265044380869,569330,82,2775,13365,100
2792265049494193,569330,82,2775,13365,100
2792265054616811,569330,82,2775,13365,100
2792265059728896,569330,82,2775,13365,100
2792265064840346,569330,82,2775,13365,100
2792265069951609,569330,82,2775,13365,100
2792265075062884,569330,82,2775,13365,100
2792265080174694,569330,82,2775,13365,100
2792265085287533,569330,82,2775,13365,100
2792265090400408,569330,82,2775,13365,100
2792265095511886,569330,82,2775,13365,100
2792265100623235,569330,82,2775,13365,100
2792265105734421,569330,82,2775,13365,100
2792265110845880,569491,82,2775,13365,100
2792265115960040,569491,82,2775,13365,100
2792265121071508,569491,82,2775,13365,100
2792265126182801,569491,82,2775,13365,100
2792265131294283,569491,82,2775,13365,100
2792265136405556,569491,82,2775,13365,100
2792265141518587,569491,82,2775,13365,100
2792265146630010,569491,82,2775,13365,100
2792265151741803,569491,82,2775,13365,100
2792265156853480,569491,82,2775,13365,100
2792265161965032,569491,82,2775,13365,100
2792265167076864,569491,82,2775,13365,100
2792265172188161,569491,82,2775,13365,100
2792265177299497,569491,82,2775,13365,100
2792265182412822,569491,82,2775,13365,100
2792265187541326,569491,82,2775,13365,100
2792265192654291,569491,82,2775,13365,100
2792265197765681,569491,82,2775,13365,100
2792265202876865,569491,82,2775,13365,100
2792265207988391,569491,82,2775,13365,100
2792265213122956,569491,82,2775,13365,100
2792265218234528,569491,82,2775,13365,100
2792265223345561,569491,82,2775,13365,100
2792265228472813,569491,82,2775,13365,100
2792265233584161,569491,82,2775,13365,100
2792265238695485,569491,82,2775,13365,100
2792265243810158,569491,82,2775,13365,100
2792265248921634,569491,82,2775,13365,100
2792265254033531,569491,82,2775,13365,100
2792265259145207,569491,82,2775,13365,100
2792265264256867,569491,82,2775,13365,100
2792265269368276,569491,82,2775,13365,100
2792265274480405,569491,82,2775,13365,100
2792265279592129,569491,82,2775,13365,100
2792265284703945,569491,82,2775,13365,100
2792265289815274,569491,82,2775,13365,100
2792265294929006,569491,82,2775,13365,100
2792265300040534,569491,82,2775,13365,100
2792265305152246,569491,82,2775,13365,100
2792265310265127,569491,82,2775,13365,100
2792265315376204,569491,82,2775,13365,100
2792265320487796,569491,82,2775,13365,100
2792265325599125,569491,82,2775,13365,100
2792265330710673,569491,82,2775,13365,100
2792265335822100,569491,82,2775,13365,100
2792265340934890,569491,82,2775,13365,100
2792265346047878,569491,82,2775,13365,100
2792265351159993,569491,82,2775,13365,100
2792265356272897,569491,82,2775,13365,100
2792265361384949,569491,82,2775,13365,100
2792265366497179,569491,82,2775,13365,100
2792265371609450,569491,82,2775,13365,100
2792265376721548,569491,82,2775,13365,100
2792265381833753,569491,82,2775,13365,100
2792265386947093,569491,82,2775,13365,100
2792265392058318,569491,82,2775,13365,100
2792265397171447,569491,82,2775,13365,100
2792265402282559,569491,82,2775,13365,100
2792265407393963,569491,82,2775,13365,100
2792265412505404,569491,82,2775,13365,100
2792265417618336,569491,82,2775,13365,100
2792265422729488,569491,82,2775,13365,100
2792265427841092,569491,82,2775,13365,100
2792265432952581,569491,82,2775,13365,100
2792265438081681,569491,82,2775,13365,100
2792265443193182,569491,82,2775,13365,100
2792265448305855,569491,82,2775,13365,100
2792265453418899,569491,82,2775,13365,100
2792265458530265,569491,82,2775,13365,100
2792265463641819,569491,82,2775,13365,100
2792265468753220,569491,82,2775,13365,100
2792265473864673,569491,82,2775,13365,100
2792265478976243,569491,82,2775,13365,100
2792265484091421,569491,82,2775,13365,100
2792265489202770,569491,82,2775,13365,100
2792265494314286,569491,82,2775,13365,100
2792265499427306,569491,82,2775,13365,100
2792265504538694,569491,82,2775,13365,100
2792265509649935,569491,82,2775,13365,100
2792265514761447,569491,82,2775,13365,100
2792265519874596,569491,82,2775,13365,100
2792265524986252,569491,82,2775,13365,100
2792265530115014,569491,82,2775,13365,100
2792265535226426,569491,82,2775,13365,100
2792265540337783,569491,82,2775,13365,100
2792265545449280,569491,82,2775,13365,100
2792265550562250,569491,82,2775,13365,100
2792265555673647,569491,82,2775,13365,100
2792265560787008,569491,82,2775,13365,100
2792265565898656,569491,82,2775,13365,100
2792265571025732,569491,82,2775,13365,100
2792265576137765,569491,82,2775,13365,100
2792265581249104,569491,82,2775,13365,100
2792265586361017,569491,82,2775,13365,100
2792265591472494,569491,82,2775,13365,100
2792265596605964,569491,82,2775,13365,100
2792265601719022,569491,82,2775,13365,100
2792265606832222,569491,82,2775,13365,100
2792265611943687,569461,82,2775,13365,100
2792265617056080,569461,82,2775,13365,100
2792265622167606,569461,82,2775,13365,100
2792265627278724,569461,82,2775,13365,100
2792265632389893,569461,82,2775,13365,100
2792265637515093,569461,82,2775,13365,100
2792265642626618,569461,82,2775,13365,100
2792265647738170,569461,82,2775,13365,100
2792265652851011,569461,82,2775,13365,100
2792265657962357,569461,82,2775,13365,100
2792265663074371,569461,82,2775,13365,100
2792265668185859,569461,82,2775,13365,100
2792265673298268,569461,82,2775,13365,100
2792265678409820,569461,82,2775,13365,100
2792265683521801,569461,82,2775,13365,100
2792265688633141,569461,82,2775,13365,100
2792265693744762,569461,82,2775,13365,100
2792265698856422,569461,82,2775,13365,100
2792265703970538,569461,82,2775,13365,100
2792265709082350,569461,82,2775,13365,100
2792265714193719,569461,82,2775,13365,100
2792265719305570,569461,82,2775,13365,100
2792265724417236,569461,82,2775,13365,100
2792265729528999,569461,82,2775,13365,100
2792265734640517,569461,82,2775,13365,100
2792265739753457,569461,82,2775,13365,100
2792265744864641,569461,82,2775,13365,100
2792265749980190,569461,82,2775,13365,100
2792265755096870,569461,82,2775,13365,100
2792265760213063,569461,82,2775,13365,100
2792265765340279,569461,82,2775,13365,100
2792265770456232,569461,82,2775,13365,100
2792265775571228,569461,82,2775,13365,100
2792265780693032,569461,82,2775,13365,100
2792265785813032,569461,82,2775,13365,100
2792265790932656,569461,82,2775,13365,100
2792265796047309,569461,82,2775,13365,100
2792265801162469,569461,82,2775,13365,100
2792265806278338,569461,82,2775,13365,100
2792265811393570,569461,82,2775,13365,100
2792265816508051,569461,82,2775,13365,100
2792265821623803,569461,82,2775,13365,100
2792265826739075,569461,82,2775,13365,100
2792265831861719,569461,82,2775,13365,100
2792265836976169,569461,82,2775,13365,100
2792265842091869,569461,82,2775,13365,100
2792265847207079,569461,82,2775,13365,100
2792265852322402,569461,82,2775,13365,100
2792265857438255,569461,82,2775,13365,100
2792265862553580,569461,82,2775,13365,100
2792265867671246,569461,82,2775,13365,100
2792265872791321,569461,82,2775,13365,100
2792265877905844,569461,82,2775,13365,100
2792265883036191,569461,82,2775,13365,100
2792265888151374,569461,82,2775,13365,100
2792265893266052,569461,82,2775,13365,100
2792265898380868,569461,82,2775,13365,100
2792265903497900,569461,82,2775,13365,100
2792265908614041,569461,82,2775,13365,100
2792265913730257,569461,82,2775,13365,100
2792265918844534,569461,82,2775,13365,100
2792265923959952,569461,82,2775,13365,100
2792265929075122,569461,82,2775,13365,100
2792265934190051,569461,82,2775,13365,100
2792265939305220,569461,82,2775,13365,100
2792265944420160,569461,82,2775,13365,100
2792265949538974,569461,82,2775,13365,100
2792265954650751,569461,82,2775,13365,100
2792265959766789,569461,82,2775,13365,100
2792265964881845,569461,82,2775,13365,100
2792265970021233,569461,82,2775,13365,100
2792265975137018,569461,82,2775,13365,100
2792265980251786,569461,82,2775,13365,100
2792265985368287,569461,82,2775,13365,100
2792265990488387,569461,82,2775,13365,100
2792265995603400,569461,82,2775,13365,100
2792266000717970,569461,82,2775,13365,100
2792266005833589,569461,82,2775,13365,100
2792266010949399,569461,82,2775,13365,100
2792266016067825,569461,82,2775,13365,100
2792266021183281,569461,82,2775,13365,100
2792266026295306,569461,82,2775,13365,100
2792266031415054,569461,82,2775,13365,100
2792266036531630,569461,82,2775,13365,100
2792266041646852,569461,82,2775,13365,100
