monotonic_ns,board_power_mw,temperature_c,graphics_clock_mhz,memory_clock_mhz,utilization_percent
2806225358539067,498400,78,2745,13365,0
2806225364909907,498400,78,2745,13365,0
2806225370029637,498400,78,2745,13365,0
2806225375162371,498400,78,2745,13365,0
2806225380273895,498400,78,2745,13365,0
2806225385383362,498400,78,2745,13365,0
2806225390495420,498400,78,2745,13365,0
2806225395605800,498400,78,2745,13365,0
2806225400717777,498400,78,2745,13365,0
2806225405830658,498400,78,2745,13365,0
2806225410944605,498400,78,2745,13365,0
2806225416063276,498400,78,2745,13365,0
2806225421175146,498400,78,2745,13365,0
2806225426287787,498400,78,2745,13365,0
2806225431399807,498400,78,2745,13365,0
2806225436511092,498400,78,2745,13365,0
2806225441623456,498400,78,2745,13365,0
2806225446736793,498400,78,2745,13365,0
2806225451849049,498400,78,2745,13365,0
2806225456959086,498400,78,2745,13365,0
2806225462071283,498400,78,2745,13365,0
2806225467185751,498400,78,2745,13365,0
2806225472298070,498400,78,2745,13365,0
2806225477410241,498400,78,2745,13365,0
2806225482522246,498400,78,2745,13365,0
2806225487639900,498400,78,2745,13365,0
2806225492751854,498400,78,2745,13365,0
2806225497864226,498400,78,2745,13365,0
2806225502976673,498400,78,2745,13365,0
2806225508086955,498400,78,2745,13365,0
2806225513200982,498400,78,2745,13365,0
2806225518313557,498400,78,2745,13365,0
2806225523425739,498400,78,2745,13365,0
2806225528538499,498400,78,2745,13365,0
2806225533650592,498400,78,2745,13365,0
2806225538768672,498400,78,2745,13365,0
2806225543880885,498400,78,2745,13365,0
2806225548993457,498400,78,2745,13365,0
2806225554122526,498400,78,2745,13365,0
2806225559237474,498400,78,2745,13365,0
2806225564367204,498400,78,2745,13365,0
2806225569481314,498400,78,2745,13365,0
2806225574593507,498400,78,2745,13365,0
2806225579707151,498400,78,2745,13365,0
2806225584819234,498400,78,2745,13365,0
2806225589929038,498400,78,2745,13365,0
2806225595041292,498400,78,2745,13365,0
2806225600156474,498400,78,2745,13365,0
2806225605269409,498400,78,2745,13365,0
2806225610382145,498400,78,2745,13365,0
2806225615497413,498400,78,2745,13365,0
2806225620610182,498400,78,2745,13365,0
2806225625722302,498400,78,2745,13365,0
2806225630835068,498400,78,2745,13365,0
2806225635943665,498400,78,2745,13365,0
2806225641056040,498400,78,2745,13365,0
2806225646168511,498400,78,2745,13365,0
2806225651284993,498400,78,2745,13365,0
2806225656397083,498400,78,2745,13365,0
2806225661507718,498400,78,2745,13365,0
2806225666618734,498400,78,2745,13365,0
2806225671729558,498400,78,2745,13365,0
2806225676838993,498400,78,2745,13365,0
2806225681960443,498400,78,2745,13365,0
2806225687069764,498400,78,2745,13365,0
2806225692179180,498400,78,2745,13365,0
2806225697288692,498400,78,2745,13365,0
2806225702399233,498400,78,2745,13365,0
2806225707508885,498400,78,2745,13365,0
2806225712618173,498400,78,2745,13365,0
2806225717728963,498400,78,2745,13365,0
2806225722839855,498400,78,2745,13365,0
2806225727949431,498400,78,2745,13365,0
2806225733058789,498400,78,2745,13365,0
2806225738168199,498400,78,2745,13365,0
2806225743277952,498400,78,2745,13365,0
2806225748387378,498400,78,2745,13365,0
2806225753498685,498400,78,2745,13365,0
2806225758608758,498400,78,2745,13365,0
2806225763717922,498400,78,2745,13365,0
2806225768828962,498400,78,2745,13365,0
2806225773938983,498400,78,2745,13365,0
2806225779048636,498400,78,2745,13365,0
2806225784158404,498400,78,2745,13365,0
2806225789268392,498400,78,2745,13365,0
2806225794377869,498400,78,2745,13365,0
2806225799487389,498400,78,2745,13365,0
2806225804597117,498400,78,2745,13365,0
2806225809706497,498400,78,2745,13365,0
2806225814816127,498400,78,2745,13365,0
2806225819928399,498400,78,2745,13365,0
2806225825038099,498400,78,2745,13365,0
2806225830147628,498400,78,2745,13365,0
2806225835256860,498400,78,2745,13365,0
2806225840366128,498400,78,2745,13365,0
2806225845475508,498400,78,2745,13365,0
2806225850585113,498400,78,2745,13365,0
2806225855694742,498400,78,2745,13365,0
2806225860804058,498400,78,2745,13365,0
2806225865913115,498400,78,2745,13365,0
2806225871024287,498400,78,2745,13365,0
2806225876133187,498400,78,2745,13365,0
2806225881242072,498400,78,2745,13365,0
2806225886352244,498400,78,2745,13365,0
2806225891461457,498400,78,2745,13365,0
2806225896571261,498400,78,2745,13365,0
2806225901680417,498400,78,2745,13365,0
2806225906789690,498400,78,2745,13365,0
2806225911899011,498400,78,2745,13365,0
2806225917029155,498400,78,2745,13365,0
2806225922139665,498400,78,2745,13365,0
2806225927249459,498400,78,2745,13365,0
2806225932358647,498400,78,2745,13365,0
2806225937467753,498400,78,2745,13365,0
2806225942576811,385361,76,2782,13365,0
2806225947686905,385361,76,2782,13365,0
2806225952796012,385361,76,2782,13365,0
2806225957905120,385361,76,2782,13365,0
2806225963027482,385361,76,2782,13365,0
2806225968136847,385361,76,2782,13365,0
2806225973247063,385361,76,2782,13365,0
2806225978355907,385361,76,2782,13365,0
2806225983464853,385361,76,2782,13365,0
2806225988574060,385361,76,2782,13365,0
2806225993683361,385361,76,2782,13365,0
2806225998793766,385361,76,2782,13365,0
2806226003903110,385361,76,2782,13365,0
2806226009027974,385361,76,2782,13365,0
2806226014137490,385361,76,2782,13365,0
2806226019246782,385361,76,2782,13365,0
2806226024357248,385361,76,2782,13365,0
2806226029466256,385361,76,2782,13365,0
2806226034575268,385361,76,2782,13365,0
2806226039684493,385361,76,2782,13365,0
2806226044794561,385361,76,2782,13365,0
2806226049903809,385361,76,2782,13365,0
2806226055028360,385361,76,2782,13365,0
2806226060137794,385361,76,2782,13365,0
2806226065246875,385361,76,2782,13365,0
2806226070356133,385361,76,2782,13365,0
2806226075466720,385361,76,2782,13365,0
2806226080576324,385361,76,2782,13365,0
2806226085685549,385361,76,2782,13365,0
2806226090795961,385361,76,2782,13365,0
2806226095905029,385361,76,2782,13365,0
2806226101027006,385361,76,2782,13365,0
2806226106136592,385361,76,2782,13365,0
2806226111245818,385361,76,2782,13365,0
2806226116354506,385361,76,2782,13365,0
2806226121463832,385361,76,2782,13365,0
2806226126574520,385361,76,2782,13365,0
2806226131683288,385361,76,2782,13365,0
2806226136793471,385361,76,2782,13365,0
2806226141902497,385361,76,2782,13365,0
2806226147027449,385361,76,2782,13365,0
2806226152137013,385361,76,2782,13365,0
2806226157246043,385361,76,2782,13365,0
2806226162354931,385361,76,2782,13365,0
2806226167464275,385361,76,2782,13365,0
2806226172573489,385361,76,2782,13365,0
2806226177683580,385361,76,2782,13365,0
2806226182794144,385361,76,2782,13365,0
2806226187903193,385361,76,2782,13365,0
2806226193027895,385361,76,2782,13365,0
2806226198136888,385361,76,2782,13365,0
2806226203246578,385361,76,2782,13365,0
2806226208356026,385361,76,2782,13365,0
2806226213465195,385361,76,2782,13365,0
2806226218590455,385361,76,2782,13365,0
2806226223699820,385361,76,2782,13365,0
2806226228815764,385361,76,2782,13365,0
2806226233926193,385361,76,2782,13365,0
2806226239055067,385361,76,2782,13365,0
2806226244165031,385361,76,2782,13365,0
2806226249274955,385361,76,2782,13365,0
2806226254393354,385361,76,2782,13365,0
2806226259503502,385361,76,2782,13365,0
2806226264612809,385361,76,2782,13365,0
2806226269722083,385361,76,2782,13365,0
2806226274833076,385361,76,2782,13365,0
2806226279944728,385361,76,2782,13365,0
2806226285054248,385361,76,2782,13365,0
2806226290163356,385361,76,2782,13365,0
2806226295272457,385361,76,2782,13365,0
2806226300381880,385361,76,2782,13365,0
2806226305492810,385361,76,2782,13365,0
2806226310602110,385361,76,2782,13365,0
2806226315711605,385361,76,2782,13365,0
2806226320820777,385361,76,2782,13365,0
2806226325930034,385361,76,2782,13365,0
2806226331041253,385361,76,2782,13365,0
2806226336151312,385361,76,2782,13365,0
2806226341260977,385361,76,2782,13365,0
2806226346377652,385361,76,2782,13365,0
2806226351487394,385361,76,2782,13365,0
2806226356597328,385361,76,2782,13365,0
2806226361706794,385361,76,2782,13365,0
2806226366816029,385361,76,2782,13365,0
2806226371925941,385361,76,2782,13365,0
2806226377035412,385361,76,2782,13365,0
2806226382146032,385361,76,2782,13365,0
2806226387255189,385361,76,2782,13365,0
2806226392364526,385361,76,2782,13365,0
2806226397473506,385361,76,2782,13365,0
2806226402584200,385361,76,2782,13365,0
2806226407693047,385361,76,2782,13365,0
2806226412802287,385361,76,2782,13365,0
2806226417911243,385361,76,2782,13365,0
2806226423020398,385361,76,2782,13365,0
2806226428129748,385361,76,2782,13365,0
2806226433241417,385361,76,2782,13365,0
2806226438351073,385361,76,2782,13365,0
2806226443459989,395461,77,2752,13365,0
2806226448569790,395461,77,2752,13365,0
2806226453681354,395461,77,2752,13365,0
2806226458790343,395461,77,2752,13365,0
2806226463899252,395461,77,2752,13365,0
2806226469031392,395461,77,2752,13365,0
2806226474142222,395461,77,2752,13365,0
2806226479251205,395461,77,2752,13365,0
2806226484361541,395461,77,2752,13365,0
2806226489471061,395461,77,2752,13365,0
2806226494579993,395461,77,2752,13365,0
2806226499689346,395461,77,2752,13365,0
2806226504798289,395461,77,2752,13365,0
2806226509908359,395461,77,2752,13365,0
2806226515020247,395461,77,2752,13365,0
2806226520129652,395461,77,2752,13365,0
2806226525238616,395461,77,2752,13365,0
2806226530347860,395461,77,2752,13365,0
2806226535458281,395461,77,2752,13365,0
2806226540568913,395461,77,2752,13365,0
2806226545678092,395461,77,2752,13365,0
2806226550787174,395461,77,2752,13365,0
2806226555896063,395461,77,2752,13365,0
2806226561059010,395461,77,2752,13365,0
2806226566169171,395461,77,2752,13365,0
2806226571278464,395461,77,2752,13365,0
2806226576387728,395461,77,2752,13365,0
2806226581496684,395461,77,2752,13365,0
2806226586607145,395461,77,2752,13365,0
2806226591716338,395461,77,2752,13365,0
2806226596827382,395461,77,2752,13365,0
2806226601936620,395461,77,2752,13365,0
2806226607045943,395461,77,2752,13365,0
2806226612154903,395461,77,2752,13365,0
2806226617264092,395461,77,2752,13365,0
2806226622373136,395461,77,2752,13365,0
2806226627482040,395461,77,2752,13365,0
2806226632591193,395461,77,2752,13365,0
2806226637701773,395461,77,2752,13365,0
2806226642810850,395461,77,2752,13365,0
2806226647919834,395461,77,2752,13365,0
2806226653029046,395461,77,2752,13365,0
2806226658138027,395461,77,2752,13365,0
2806226663246975,395461,77,2752,13365,0
2806226668356143,395461,77,2752,13365,0
2806226673465175,395461,77,2752,13365,0
2806226678574279,395461,77,2752,13365,0
2806226683683393,395461,77,2752,13365,0
2806226688793655,395461,77,2752,13365,0
2806226693911406,395461,77,2752,13365,0
2806226699020979,395461,77,2752,13365,0
2806226704129869,395461,77,2752,13365,0
2806226709238820,395461,77,2752,13365,0
2806226714348232,395461,77,2752,13365,0
2806226719457240,395461,77,2752,13365,0
2806226724567737,395461,77,2752,13365,0
2806226729676873,395461,77,2752,13365,0
2806226734785928,395461,77,2752,13365,0
2806226739896482,395461,77,2752,13365,0
2806226745025766,395461,77,2752,13365,0
2806226750135179,395461,77,2752,13365,0
2806226755244459,395461,77,2752,13365,0
2806226760353859,395461,77,2752,13365,0
2806226765463104,395461,77,2752,13365,0
2806226770572453,395461,77,2752,13365,0
2806226775681749,395461,77,2752,13365,0
2806226780791129,395461,77,2752,13365,0
2806226785900386,395461,77,2752,13365,0
2806226791026736,395461,77,2752,13365,0
2806226796136130,395461,77,2752,13365,0
2806226801245473,395461,77,2752,13365,0
2806226806354799,395461,77,2752,13365,0
2806226811463783,395461,77,2752,13365,0
2806226816572838,395461,77,2752,13365,0
2806226821682261,395461,77,2752,13365,0
2806226826792677,395461,77,2752,13365,0
2806226831901939,395461,77,2752,13365,0
2806226837026636,395461,77,2752,13365,0
2806226842137446,395461,77,2752,13365,0
2806226847263839,395461,77,2752,13365,0
2806226852372855,395461,77,2752,13365,0
2806226857481832,395461,77,2752,13365,0
2806226862590971,395461,77,2752,13365,0
2806226867700644,395461,77,2752,13365,0
2806226872857948,395461,77,2752,13365,0
2806226877967271,395461,77,2752,13365,0
2806226883076249,395461,77,2752,13365,0
2806226888185267,395461,77,2752,13365,0
2806226893296404,395461,77,2752,13365,0
2806226898405596,395461,77,2752,13365,0
2806226903515862,395461,77,2752,13365,0
2806226908625147,395461,77,2752,13365,0
2806226913741475,395461,77,2752,13365,0
2806226918850684,395461,77,2752,13365,0
2806226923959849,395461,77,2752,13365,0
2806226929069143,395461,77,2752,13365,0
2806226934179518,395461,77,2752,13365,0
2806226939288871,498398,77,2745,13365,0
2806226944400222,498398,77,2745,13365,0
2806226949510087,498398,77,2745,13365,0
2806226954619405,498398,77,2745,13365,0
2806226959728336,498398,77,2745,13365,0
2806226964837568,498398,77,2745,13365,0
2806226969946858,498398,77,2745,13365,0
2806226975056113,498398,77,2745,13365,0
2806226980165305,498398,77,2745,13365,0
2806226985274506,498398,77,2745,13365,0
2806226990383494,498398,77,2745,13365,0
2806226995493966,498398,77,2745,13365,0
2806227000603050,498398,77,2745,13365,0
2806227005726581,498398,77,2745,13365,0
2806227010835911,498398,77,2745,13365,0
2806227015944970,498398,77,2745,13365,0
2806227021054022,498398,77,2745,13365,0
2806227026163309,498398,77,2745,13365,0
2806227031273549,498398,77,2745,13365,0
2806227036382370,498398,77,2745,13365,0
2806227041491562,498398,77,2745,13365,0
2806227046602197,498398,77,2745,13365,0
2806227051711487,498398,77,2745,13365,0
2806227056820786,498398,77,2745,13365,0
2806227061929772,498398,77,2745,13365,0
2806227067040268,498398,77,2745,13365,0
2806227072149457,498398,77,2745,13365,0
2806227077258458,498398,77,2745,13365,0
2806227082367988,498398,77,2745,13365,0
2806227087477202,498398,77,2745,13365,0
2806227092586417,498398,77,2745,13365,0
2806227097698375,498398,77,2745,13365,0
2806227102807813,498398,77,2745,13365,0
2806227107916939,498398,77,2745,13365,0
2806227113026476,498398,77,2745,13365,0
2806227118135617,498398,77,2745,13365,0
2806227123244877,498398,77,2745,13365,0
2806227128354146,498398,77,2745,13365,0
2806227133463285,498398,77,2745,13365,0
2806227138572591,498398,77,2745,13365,0
2806227143681910,498398,77,2745,13365,0
2806227148792693,498398,77,2745,13365,0
2806227153901776,498398,77,2745,13365,0
2806227159032396,498398,77,2745,13365,0
2806227164141624,498398,77,2745,13365,0
2806227169250557,498398,77,2745,13365,0
2806227174360102,498398,77,2745,13365,0
2806227179469390,498398,77,2745,13365,0
2806227184578458,498398,77,2745,13365,0
2806227189687526,498398,77,2745,13365,0
2806227194797758,498398,77,2745,13365,0
2806227199908383,498398,77,2745,13365,0
2806227205018958,498398,77,2745,13365,0
2806227210128088,498398,77,2745,13365,0
2806227215238092,498398,77,2745,13365,0
2806227220347473,498398,77,2745,13365,0
2806227225456830,498398,77,2745,13365,0
2806227230565998,498398,77,2745,13365,0
2806227235676735,498398,77,2745,13365,0
2806227240785827,498398,77,2745,13365,0
2806227245895251,498398,77,2745,13365,0
2806227251021348,498398,77,2745,13365,0
2806227256130816,498398,77,2745,13365,0
2806227261239808,498398,77,2745,13365,0
2806227266348849,498398,77,2745,13365,0
2806227271457941,498398,77,2745,13365,0
2806227276567358,498398,77,2745,13365,0
2806227281676634,498398,77,2745,13365,0
2806227286787563,498398,77,2745,13365,0
2806227291896639,498398,77,2745,13365,0
2806227297021711,498398,77,2745,13365,0
2806227302132611,498398,77,2745,13365,0
2806227307242252,498398,77,2745,13365,0
2806227312351276,498398,77,2745,13365,0
2806227317460671,498398,77,2745,13365,0
2806227322569874,498398,77,2745,13365,0
2806227327678874,498398,77,2745,13365,0
2806227332789090,498398,77,2745,13365,0
2806227337898289,498398,77,2745,13365,0
2806227343022831,498398,77,2745,13365,0
2806227348132547,498398,77,2745,13365,0
2806227353243404,498398,77,2745,13365,0
2806227358352488,498398,77,2745,13365,0
2806227363461691,498398,77,2745,13365,0
2806227368570825,498398,77,2745,13365,0
2806227373679880,498398,77,2745,13365,0
2806227378790324,498398,77,2745,13365,0
2806227383899743,498398,77,2745,13365,0
2806227389026346,498398,77,2745,13365,0
2806227394135797,498398,77,2745,13365,0
2806227399245429,498398,77,2745,13365,0
2806227404355944,498398,77,2745,13365,0
2806227409465120,498398,77,2745,13365,0
2806227414574104,498398,77,2745,13365,0
2806227419683385,498398,77,2745,13365,0
2806227424794090,498398,77,2745,13365,0
2806227429903503,498398,77,2745,13365,0
2806227435030014,498398,77,2745,13365,0
2806227440139211,498258,78,2745,13365,0
2806227445249123,498258,78,2745,13365,0
2806227450358219,498258,78,2745,13365,0
2806227455469025,498258,78,2745,13365,0
2806227460578464,498258,78,2745,13365,0
2806227465687772,498258,78,2745,13365,0
2806227470797971,498258,78,2745,13365,0
2806227475907348,498258,78,2745,13365,0
2806227481029922,498258,78,2745,13365,0
2806227486140191,498258,78,2745,13365,0
2806227491249371,498258,78,2745,13365,0
2806227496358293,498258,78,2745,13365,0
2806227501467478,498258,78,2745,13365,0
2806227506578268,498258,78,2745,13365,0
2806227511687588,498258,78,2745,13365,0
2806227516798778,498258,78,2745,13365,0
2806227521908033,498258,78,2745,13365,0
2806227527033014,498258,78,2745,13365,0
2806227532142018,498258,78,2745,13365,0
2806227537271107,498258,78,2745,13365,0
2806227542380145,498258,78,2745,13365,0
2806227547489677,498258,78,2745,13365,0
2806227552598716,498258,78,2745,13365,0
2806227557709328,498258,78,2745,13365,0
2806227562818405,498258,78,2745,13365,0
2806227567927669,498258,78,2745,13365,0
2806227573039490,498258,78,2745,13365,0
2806227578148758,498258,78,2745,13365,0
2806227583257701,498258,78,2745,13365,0
2806227588366751,498258,78,2745,13365,0
2806227593475889,498258,78,2745,13365,0
2806227598584936,498258,78,2745,13365,0
2806227603694006,498258,78,2745,13365,0
2806227608804492,498258,78,2745,13365,0
2806227613913657,498258,78,2745,13365,0
2806227619022739,498258,78,2745,13365,0
2806227624131636,498258,78,2745,13365,0
2806227629240748,498258,78,2745,13365,0
2806227634349745,498258,78,2745,13365,0
2806227639460074,498258,78,2745,13365,0
2806227644569276,498258,78,2745,13365,0
2806227649678492,498258,78,2745,13365,0
2806227654787388,498258,78,2745,13365,0
2806227659897947,498258,78,2745,13365,0
2806227665066821,498258,78,2745,13365,0
2806227670176056,498258,78,2745,13365,0
2806227675285309,498258,78,2745,13365,0
2806227680394606,498258,78,2745,13365,0
2806227685503538,498258,78,2745,13365,0
2806227690612973,498258,78,2745,13365,0
2806227695722407,498258,78,2745,13365,0
2806227700833640,498258,78,2745,13365,0
2806227705942648,498258,78,2745,13365,0
2806227711053485,498258,78,2745,13365,0
2806227716162785,498258,78,2745,13365,0
2806227721282485,498258,78,2745,13365,0
2806227726391478,498258,78,2745,13365,0
2806227731501883,498258,78,2745,13365,0
2806227736611071,498258,78,2745,13365,0
2806227741720103,498258,78,2745,13365,0
2806227746829140,498258,78,2745,13365,0
2806227751938301,498258,78,2745,13365,0
2806227757047536,498258,78,2745,13365,0
2806227762158149,498258,78,2745,13365,0
2806227767267198,498258,78,2745,13365,0
2806227772376786,498258,78,2745,13365,0
2806227777487423,498258,78,2745,13365,0
2806227782596653,498258,78,2745,13365,0
2806227787705543,498258,78,2745,13365,0
2806227792814551,498258,78,2745,13365,0
2806227797924106,498258,78,2745,13365,0
2806227803033116,498258,78,2745,13365,0
2806227808143385,498258,78,2745,13365,0
2806227813254105,498258,78,2745,13365,0
2806227818363313,498258,78,2745,13365,0
2806227823472506,498258,78,2745,13365,0
2806227828581693,498258,78,2745,13365,0
2806227833690787,498258,78,2745,13365,0
2806227838800136,498258,78,2745,13365,0
2806227843910228,498258,78,2745,13365,0
2806227849019545,498258,78,2745,13365,0
2806227854128697,498258,78,2745,13365,0
2806227859238029,498258,78,2745,13365,0
2806227864349064,498258,78,2745,13365,0
2806227869458261,498258,78,2745,13365,0
2806227874572552,498258,78,2745,13365,0
2806227879682726,498258,78,2745,13365,0
2806227884791471,498258,78,2745,13365,0
2806227889900399,498258,78,2745,13365,0
2806227895029248,498258,78,2745,13365,0
2806227900138589,498258,78,2745,13365,0
2806227905247785,498258,78,2745,13365,0
2806227910356969,498258,78,2745,13365,0
2806227915467537,498258,78,2745,13365,0
2806227920576647,498258,78,2745,13365,0
2806227925685950,498258,78,2745,13365,0
2806227930796855,498258,78,2745,13365,0
2806227935905960,498258,78,2745,13365,0
2806227941028399,498311,78,2745,13365,0
2806227946138784,498311,78,2745,13365,0
2806227951247786,498311,78,2745,13365,0
2806227956356423,498311,78,2745,13365,0
2806227961465582,498311,78,2745,13365,0
2806227966575960,498311,78,2745,13365,0
2806227971685374,498311,78,2745,13365,0
2806227976795874,498311,78,2745,13365,0
2806227981904867,498311,78,2745,13365,0
2806227987027319,498311,78,2745,13365,0
2806227992136967,498311,78,2745,13365,0
2806227997245880,498311,78,2745,13365,0
2806228002355089,498311,78,2745,13365,0
2806228007464625,498311,78,2745,13365,0
2806228012573781,498311,78,2745,13365,0
2806228017684710,498311,78,2745,13365,0
2806228022794930,498311,78,2745,13365,0
2806228027904147,498311,78,2745,13365,0
2806228033030669,498311,78,2745,13365,0
2806228038140160,498311,78,2745,13365,0
2806228043249312,498311,78,2745,13365,0
2806228048358441,498311,78,2745,13365,0
2806228053467560,498311,78,2745,13365,0
2806228058576572,498311,78,2745,13365,0
2806228063685645,498311,78,2745,13365,0
2806228068797294,498311,78,2745,13365,0
2806228073906658,498311,78,2745,13365,0
2806228079029529,498311,78,2745,13365,0
2806228084139341,498311,78,2745,13365,0
2806228089248578,498311,78,2745,13365,0
2806228094358002,498311,78,2745,13365,0
2806228099466927,498311,78,2745,13365,0
2806228104576121,498311,78,2745,13365,0
2806228109685258,498311,78,2745,13365,0
2806228114796128,498311,78,2745,13365,0
2806228119906983,498311,78,2745,13365,0
2806228125029809,498311,78,2745,13365,0
2806228130139367,498311,78,2745,13365,0
2806228135248731,498311,78,2745,13365,0
2806228140357855,498311,78,2745,13365,0
2806228145467141,498311,78,2745,13365,0
2806228150576305,498311,78,2745,13365,0
2806228155685963,498311,78,2745,13365,0
2806228160796669,498311,78,2745,13365,0
2806228165906074,498311,78,2745,13365,0
2806228171029983,498311,78,2745,13365,0
2806228176140219,498311,78,2745,13365,0
2806228181266031,498311,78,2745,13365,0
2806228186375002,498311,78,2745,13365,0
2806228191483980,498311,78,2745,13365,0
2806228196592900,498311,78,2745,13365,0
2806228201720203,498311,78,2745,13365,0
2806228206830689,498311,78,2745,13365,0
2806228211939950,498311,78,2745,13365,0
2806228217049468,498311,78,2745,13365,0
2806228222159771,498311,78,2745,13365,0
2806228227268783,498311,78,2745,13365,0
2806228232377916,498311,78,2745,13365,0
2806228237489019,498311,78,2745,13365,0
2806228242598224,498311,78,2745,13365,0
2806228247707241,498311,78,2745,13365,0
2806228252816099,498311,78,2745,13365,0
2806228257925159,498311,78,2745,13365,0
2806228263033988,498311,78,2745,13365,0
2806228268143082,498311,78,2745,13365,0
2806228273253759,498311,78,2745,13365,0
2806228278366623,498311,78,2745,13365,0
2806228283477006,498311,78,2745,13365,0
2806228288586118,498311,78,2745,13365,0
2806228293695089,498311,78,2745,13365,0
2806228298803965,498311,78,2745,13365,0
2806228303913189,498311,78,2745,13365,0
2806228309022302,498311,78,2745,13365,0
2806228314133050,498311,78,2745,13365,0
2806228319242397,498311,78,2745,13365,0
2806228324353111,498311,78,2745,13365,0
2806228329462607,498311,78,2745,13365,0
2806228334571563,498311,78,2745,13365,0
2806228339692129,498311,78,2745,13365,0
2806228344802619,498311,78,2745,13365,0
2806228349911863,498311,78,2745,13365,0
2806228355021061,498311,78,2745,13365,0
2806228360130682,498311,78,2745,13365,0
2806228365239762,498311,78,2745,13365,0
2806228370348901,498311,78,2745,13365,0
2806228375458580,498311,78,2745,13365,0
2806228380568012,498311,78,2745,13365,0
2806228385676992,498311,78,2745,13365,0
2806228390786248,498311,78,2745,13365,0
2806228395909603,498311,78,2745,13365,0
2806228401019426,498311,78,2745,13365,0
2806228406128481,498311,78,2745,13365,0
2806228411237174,498311,78,2745,13365,0
2806228416346521,498311,78,2745,13365,0
2806228421455905,498311,78,2745,13365,0
2806228426566679,498311,78,2745,13365,0
2806228431675696,498311,78,2745,13365,0
2806228436784924,498311,78,2745,13365,0
2806228441895049,498500,78,2745,13365,0
2806228447026397,498500,78,2745,13365,0
2806228452135601,498500,78,2745,13365,0
2806228457244898,498500,78,2745,13365,0
2806228462354030,498500,78,2745,13365,0
2806228467463058,498500,78,2745,13365,0
2806228472572179,498500,78,2745,13365,0
2806228477682823,498500,78,2745,13365,0
2806228482792638,498500,78,2745,13365,0
2806228487901992,498500,78,2745,13365,0
2806228493028553,498500,78,2745,13365,0
2806228498138051,498500,78,2745,13365,0
2806228503247034,498500,78,2745,13365,0
2806228508356122,498500,78,2745,13365,0
2806228513465503,498500,78,2745,13365,0
2806228518574587,498500,78,2745,13365,0
2806228523683855,498500,78,2745,13365,0
2806228528796007,498500,78,2745,13365,0
2806228533923370,498500,78,2745,13365,0
2806228539032576,498500,78,2745,13365,0
2806228544141491,498500,78,2745,13365,0
2806228549250330,498500,78,2745,13365,0
2806228554359649,498500,78,2745,13365,0
2806228559470198,498500,78,2745,13365,0
2806228564579271,498500,78,2745,13365,0
2806228569688377,498500,78,2745,13365,0
2806228574797738,498500,78,2745,13365,0
2806228579908342,498500,78,2745,13365,0
2806228585073996,498500,78,2745,13365,0
2806228590183498,498500,78,2745,13365,0
2806228595292615,498500,78,2745,13365,0
2806228600401779,498500,78,2745,13365,0
2806228605510991,498500,78,2745,13365,0
2806228610620282,498500,78,2745,13365,0
2806228615728962,498500,78,2745,13365,0
2806228620839277,498500,78,2745,13365,0
2806228625948335,498500,78,2745,13365,0
2806228631059012,498500,78,2745,13365,0
2806228636167936,498500,78,2745,13365,0
2806228641276777,498500,78,2745,13365,0
2806228646385974,498500,78,2745,13365,0
2806228651495604,498500,78,2745,13365,0
2806228656604941,498500,78,2745,13365,0
2806228661714482,498500,78,2745,13365,0
2806228666823363,498500,78,2745,13365,0
2806228671932319,498500,78,2745,13365,0
2806228677041699,498500,78,2745,13365,0
2806228682152068,498500,78,2745,13365,0
2806228687261464,498500,78,2745,13365,0
2806228692370537,498500,78,2745,13365,0
2806228697479723,498500,78,2745,13365,0
2806228702588710,498500,78,2745,13365,0
2806228707697606,498500,78,2745,13365,0
2806228712806470,498500,78,2745,13365,0
2806228717917261,498500,78,2745,13365,0
2806228723026420,498500,78,2745,13365,0
2806228728135130,498500,78,2745,13365,0
2806228733245924,498500,78,2745,13365,0
2806228738355348,498500,78,2745,13365,0
2806228743464613,498500,78,2745,13365,0
2806228748574122,498500,78,2745,13365,0
2806228753683514,498500,78,2745,13365,0
2806228758792477,498500,78,2745,13365,0
2806228763901241,498500,78,2745,13365,0
2806228769029643,498500,78,2745,13365,0
2806228774138710,498500,78,2745,13365,0
2806228779261976,498500,78,2745,13365,0
2806228784372633,498500,78,2745,13365,0
2806228789482109,498500,78,2745,13365,0
2806228794591217,498500,78,2745,13365,0
2806228799700165,498500,78,2745,13365,0
2806228804810696,498500,78,2745,13365,0
2806228809919579,498500,78,2745,13365,0
2806228815028875,498500,78,2745,13365,0
2806228820138319,498500,78,2745,13365,0
2806228825247544,498500,78,2745,13365,0
2806228830356928,498500,78,2745,13365,0
2806228835483777,498500,78,2745,13365,0
2806228840592887,498500,78,2745,13365,0
2806228845701646,498500,78,2745,13365,0
2806228850810689,498500,78,2745,13365,0
2806228855919774,498500,78,2745,13365,0
2806228861029119,498500,78,2745,13365,0
2806228866138324,498500,78,2745,13365,0
2806228871248608,498500,78,2745,13365,0
2806228876357588,498500,78,2745,13365,0
2806228881467557,498500,78,2745,13365,0
2806228886578201,498500,78,2745,13365,0
2806228891687341,498500,78,2745,13365,0
2806228896796502,498500,78,2745,13365,0
2806228901906774,498500,78,2745,13365,0
2806228907033025,498500,78,2745,13365,0
2806228912142787,498500,78,2745,13365,0
2806228917252127,498500,78,2745,13365,0
2806228922361327,498500,78,2745,13365,0
2806228927470262,498500,78,2745,13365,0
2806228932579200,498500,78,2745,13365,0
2806228937689716,498500,78,2745,13365,0
2806228942800649,499782,78,2775,13365,0
2806228947910533,499782,78,2775,13365,0
2806228953019798,499782,78,2775,13365,0
2806228958128822,499782,78,2775,13365,0
2806228963238043,499782,78,2775,13365,0
2806228968347380,499782,78,2775,13365,0
2806228973456870,499782,78,2775,13365,0
2806228978566407,499782,78,2775,13365,0
2806228983675949,499782,78,2775,13365,0
2806228988786373,499782,78,2775,13365,0
2806228993895614,499782,78,2775,13365,0
2806228999025206,499782,78,2775,13365,0
2806229004134569,499782,78,2775,13365,0
2806229009243666,499782,78,2775,13365,0
2806229014352545,499782,78,2775,13365,0
2806229019461460,499782,78,2775,13365,0
2806229024571004,499782,78,2775,13365,0
2806229029680333,499782,78,2775,13365,0
2806229034790748,499782,78,2775,13365,0
2806229039901313,499782,78,2775,13365,0
2806229045028237,499782,78,2775,13365,0
2806229050137646,499782,78,2775,13365,0
2806229055246818,499782,78,2775,13365,0
2806229060355887,499782,78,2775,13365,0
2806229065465051,499782,78,2775,13365,0
2806229070574576,499782,78,2775,13365,0
2806229075683912,499782,78,2775,13365,0
2806229080794261,499782,78,2775,13365,0
2806229085903597,499782,78,2775,13365,0
2806229091031522,499782,78,2775,13365,0
2806229096141096,499782,78,2775,13365,0
2806229101250116,499782,78,2775,13365,0
2806229106359535,499782,78,2775,13365,0
2806229111468681,499782,78,2775,13365,0
2806229116577806,499782,78,2775,13365,0
2806229121686872,499782,78,2775,13365,0
2806229126797429,499782,78,2775,13365,0
2806229131906597,499782,78,2775,13365,0
2806229137029025,499782,78,2775,13365,0
2806229142140514,499782,78,2775,13365,0
2806229147249744,499782,78,2775,13365,0
2806229152358891,499782,78,2775,13365,0
2806229157483910,499782,78,2775,13365,0
2806229162593153,499782,78,2775,13365,0
2806229167702630,499782,78,2775,13365,0
2806229172811460,499782,78,2775,13365,0
2806229177920664,499782,78,2775,13365,0
2806229183029881,499782,78,2775,13365,0
2806229188138813,499782,78,2775,13365,0
2806229193249286,499782,78,2775,13365,0
2806229198358222,499782,78,2775,13365,0
2806229203467970,499782,78,2775,13365,0
2806229208577199,499782,78,2775,13365,0
2806229213686159,499782,78,2775,13365,0
2806229218795344,499782,78,2775,13365,0
2806229223904844,499782,78,2775,13365,0
2806229229032961,499782,78,2775,13365,0
2806229234143025,499782,78,2775,13365,0
2806229239252165,499782,78,2775,13365,0
2806229244362646,499782,78,2775,13365,0
2806229249471842,499782,78,2775,13365,0
2806229254581084,499782,78,2775,13365,0
2806229259690215,499782,78,2775,13365,0
2806229264801508,499782,78,2775,13365,0
2806229269910464,499782,78,2775,13365,0
2806229275019825,499782,78,2775,13365,0
2806229280129377,499782,78,2775,13365,0
2806229285238461,499782,78,2775,13365,0
2806229290347538,499782,78,2775,13365,0
2806229295458920,499782,78,2775,13365,0
2806229300568159,499782,78,2775,13365,0
2806229305677103,499782,78,2775,13365,0
2806229310786488,499782,78,2775,13365,0
2806229315895491,499782,78,2775,13365,0
2806229321026712,499782,78,2775,13365,0
2806229326136265,499782,78,2775,13365,0
2806229331245205,499782,78,2775,13365,0
2806229336354429,499782,78,2775,13365,0
2806229341463610,499782,78,2775,13365,0
2806229346574443,499782,78,2775,13365,0
2806229351683371,499782,78,2775,13365,0
2806229356793853,499782,78,2775,13365,0
2806229361902858,499782,78,2775,13365,0
2806229367029922,499782,78,2775,13365,0
2806229372139248,499782,78,2775,13365,0
2806229377248864,499782,78,2775,13365,0
2806229382357809,499782,78,2775,13365,0
2806229387467043,499782,78,2775,13365,0
2806229392576219,499782,78,2775,13365,0
2806229397686709,499782,78,2775,13365,0
2806229402797195,499782,78,2775,13365,0
2806229407906656,499782,78,2775,13365,0
2806229413031024,499782,78,2775,13365,0
2806229418140716,499782,78,2775,13365,0
2806229423250049,499782,78,2775,13365,0
2806229428359029,499782,78,2775,13365,0
2806229433468289,499782,78,2775,13365,0
2806229438577266,499782,78,2775,13365,0
2806229443686730,501984,78,2775,13365,0
2806229448799362,501984,78,2775,13365,0
2806229453908619,501984,78,2775,13365,0
2806229459020202,501984,78,2775,13365,0
2806229464129079,501984,78,2775,13365,0
2806229469238065,501984,78,2775,13365,0
2806229474347257,501984,78,2775,13365,0
2806229479456449,501984,78,2775,13365,0
2806229484565602,501984,78,2775,13365,0
2806229489690662,501984,78,2775,13365,0
2806229494799811,501984,78,2775,13365,0
2806229499910679,501984,78,2775,13365,0
2806229505019791,501984,78,2775,13365,0
2806229510128854,501984,78,2775,13365,0
2806229515238352,501984,78,2775,13365,0
2806229520347329,501984,78,2775,13365,0
2806229525456557,501984,78,2775,13365,0
2806229530566033,501984,78,2775,13365,0
2806229535675670,501984,78,2775,13365,0
2806229540784862,501984,78,2775,13365,0
2806229545895266,501984,78,2775,13365,0
2806229551091710,501984,78,2775,13365,0
2806229556216785,501984,78,2775,13365,0
2806229561325839,501984,78,2775,13365,0
2806229566435083,501984,78,2775,13365,0
2806229571544184,501984,78,2775,13365,0
2806229576653197,501984,78,2775,13365,0
2806229581762205,501984,78,2775,13365,0
2806229586873112,501984,78,2775,13365,0
2806229591994538,501984,78,2775,13365,0
2806229597125622,501984,78,2775,13365,0
2806229602236430,501984,78,2775,13365,0
2806229607345299,501984,78,2775,13365,0
2806229612454148,501984,78,2775,13365,0
2806229617563016,501984,78,2775,13365,0
2806229622672772,501984,78,2775,13365,0
2806229627782989,501984,78,2775,13365,0
2806229632892045,501984,78,2775,13365,0
2806229638017689,501984,78,2775,13365,0
2806229643127179,501984,78,2775,13365,0
2806229648235970,501984,78,2775,13365,0
2806229653346507,501984,78,2775,13365,0
2806229658455763,501984,78,2775,13365,0
2806229663564987,501984,78,2775,13365,0
2806229668673968,501984,78,2775,13365,0
2806229673784280,501984,78,2775,13365,0
2806229678893229,501984,78,2775,13365,0
2806229684018381,501984,78,2775,13365,0
2806229689127798,501984,78,2775,13365,0
2806229694236854,501984,78,2775,13365,0
2806229699346018,501984,78,2775,13365,0
2806229704456261,501984,78,2775,13365,0
2806229709565467,501984,78,2775,13365,0
2806229714674742,501984,78,2775,13365,0
2806229719785256,501984,78,2775,13365,0
2806229724894205,501984,78,2775,13365,0
2806229730019481,501984,78,2775,13365,0
2806229735128814,501984,78,2775,13365,0
2806229740237986,501984,78,2775,13365,0
2806229745347042,501984,78,2775,13365,0
2806229750456338,501984,78,2775,13365,0
2806229755566523,501984,78,2775,13365,0
2806229760675902,501984,78,2775,13365,0
2806229765786336,501984,78,2775,13365,0
2806229770895485,501984,78,2775,13365,0
2806229776020829,501984,78,2775,13365,0
2806229781130181,501984,78,2775,13365,0
2806229786239277,501984,78,2775,13365,0
2806229791348134,501984,78,2775,13365,0
2806229796457193,501984,78,2775,13365,0
2806229801566222,501984,78,2775,13365,0
2806229806676603,501984,78,2775,13365,0
2806229811787026,501984,78,2775,13365,0
2806229816896170,501984,78,2775,13365,0
2806229822020554,501984,78,2775,13365,0
2806229827129557,501984,78,2775,13365,0
2806229832238497,501984,78,2775,13365,0
2806229837347301,501984,78,2775,13365,0
2806229842456322,501984,78,2775,13365,0
2806229847565846,501984,78,2775,13365,0
2806229852675074,501984,78,2775,13365,0
2806229857786824,501984,78,2775,13365,0
2806229862895899,501984,78,2775,13365,0
2806229868021934,501984,78,2775,13365,0
2806229873131277,501984,78,2775,13365,0
2806229878240163,501984,78,2775,13365,0
2806229883349249,501984,78,2775,13365,0
2806229888458234,501984,78,2775,13365,0
2806229893567435,501984,78,2775,13365,0
2806229898676530,501984,78,2775,13365,0
2806229903786580,501984,78,2775,13365,0
2806229908896883,501984,78,2775,13365,0
2806229914021760,501984,78,2775,13365,0
2806229919131133,501984,78,2775,13365,0
2806229924240129,501984,78,2775,13365,0
2806229929349367,501984,78,2775,13365,0
2806229934458801,501984,78,2775,13365,0
2806229939567869,501721,78,2745,13365,0
2806229944688640,501721,78,2745,13365,0
2806229949799767,501721,78,2745,13365,0
2806229954908429,501721,78,2745,13365,0
2806229960033714,501721,78,2745,13365,0
2806229965143496,501721,78,2745,13365,0
2806229970252432,501721,78,2745,13365,0
2806229975361695,501721,78,2745,13365,0
2806229980470817,501721,78,2745,13365,0
2806229985579698,501721,78,2745,13365,0
2806229990688754,501721,78,2745,13365,0
2806229995799219,501721,78,2745,13365,0
2806230000908283,501721,78,2745,13365,0
2806230006030679,501721,78,2745,13365,0
2806230011141712,501721,78,2745,13365,0
2806230016251082,501721,78,2745,13365,0
2806230021360032,501721,78,2745,13365,0
2806230026469081,501721,78,2745,13365,0
2806230031577877,501721,78,2745,13365,0
2806230036687280,501721,78,2745,13365,0
2806230041797578,501721,78,2745,13365,0
2806230046906855,501721,78,2745,13365,0
2806230052029271,501721,78,2745,13365,0
2806230057154177,501721,78,2745,13365,0
2806230062264370,501721,78,2745,13365,0
2806230067373416,501721,78,2745,13365,0
2806230072482517,501721,78,2745,13365,0
2806230077592021,501721,78,2745,13365,0
2806230082701034,501721,78,2745,13365,0
2806230087811250,501721,78,2745,13365,0
2806230092920428,501721,78,2745,13365,0
2806230098029427,501721,78,2745,13365,0
2806230103138452,501721,78,2745,13365,0
2806230108247636,501721,78,2745,13365,0
2806230113357852,501721,78,2745,13365,0
2806230118467180,501721,78,2745,13365,0
2806230123576233,501721,78,2745,13365,0
2806230128685009,501721,78,2745,13365,0
2806230133793952,501721,78,2745,13365,0
2806230138909230,501721,78,2745,13365,0
2806230144034311,501721,78,2745,13365,0
2806230149143537,501721,78,2745,13365,0
2806230154254067,501721,78,2745,13365,0
2806230159363440,501721,78,2745,13365,0
2806230164473548,501721,78,2745,13365,0
2806230169582902,501721,78,2745,13365,0
2806230174691613,501721,78,2745,13365,0
2806230179800949,501721,78,2745,13365,0
2806230184911266,501721,78,2745,13365,0
2806230190020662,501721,78,2745,13365,0
2806230195130550,501721,78,2745,13365,0
2806230200241401,501721,78,2745,13365,0
2806230205351375,501721,78,2745,13365,0
2806230210460300,501721,78,2745,13365,0
2806230215572617,501721,78,2745,13365,0
2806230220683449,501721,78,2745,13365,0
2806230225794309,501721,78,2745,13365,0
2806230230905110,501721,78,2745,13365,0
2806230236026830,501721,78,2745,13365,0
2806230241137657,501721,78,2745,13365,0
2806230246248809,501721,78,2745,13365,0
2806230251338700,501721,78,2745,13365,0
2806230256449736,501721,78,2745,13365,0
2806230261559589,501721,78,2745,13365,0
2806230266686284,501721,78,2745,13365,0
2806230271797911,501721,78,2745,13365,0
2806230276907986,501721,78,2745,13365,0
2806230282018530,501721,78,2745,13365,0
2806230287129354,501721,78,2745,13365,0
2806230292238721,501721,78,2745,13365,0
2806230297348225,501721,78,2745,13365,0
2806230302458310,501721,78,2745,13365,0
2806230307567567,501721,78,2745,13365,0
2806230312676299,501721,78,2745,13365,0
2806230317786603,501721,78,2745,13365,0
2806230322895706,501721,78,2745,13365,0
2806230328022185,501721,78,2745,13365,0
2806230333132326,501721,78,2745,13365,0
2806230338241574,501721,78,2745,13365,0
2806230343350595,501721,78,2745,13365,0
2806230348459743,501721,78,2745,13365,0
2806230353568694,501721,78,2745,13365,0
2806230358677793,501721,78,2745,13365,0
2806230363788861,501721,78,2745,13365,0
2806230368898733,501721,78,2745,13365,0
2806230374023245,501721,78,2745,13365,0
2806230379133874,501721,78,2745,13365,0
2806230384243054,501721,78,2745,13365,0
2806230389352247,501721,78,2745,13365,0
2806230394461719,501721,78,2745,13365,0
2806230399570894,501721,78,2745,13365,0
2806230404679972,501721,78,2745,13365,0
2806230409789304,501721,78,2745,13365,0
2806230414899905,501721,78,2745,13365,0
2806230420028251,501721,78,2745,13365,0
2806230425137521,501721,78,2745,13365,0
2806230430246570,501721,78,2745,13365,0
2806230435355579,501721,78,2745,13365,0
2806230440465054,499874,78,2745,13365,0
2806230445574843,499874,78,2745,13365,0
2806230450684152,499874,78,2745,13365,0
2806230455794516,499874,78,2745,13365,0
2806230460903647,499874,78,2745,13365,0
2806230466030177,499874,78,2745,13365,0
2806230471145397,499874,78,2745,13365,0
2806230476254525,499874,78,2745,13365,0
2806230481364058,499874,78,2745,13365,0
2806230486473398,499874,78,2745,13365,0
2806230491582591,499874,78,2745,13365,0
2806230496691425,499874,78,2745,13365,0
2806230501801500,499874,78,2745,13365,0
2806230506910568,499874,78,2745,13365,0
2806230512019685,499874,78,2745,13365,0
2806230517129108,499874,78,2745,13365,0
2806230522239565,499874,78,2745,13365,0
2806230527348770,499874,78,2745,13365,0
2806230532458368,499874,78,2745,13365,0
2806230537567522,499874,78,2745,13365,0
2806230542676439,499874,78,2745,13365,0
2806230547785307,499874,78,2745,13365,0
2806230552894866,499874,78,2745,13365,0
2806230558038585,499874,78,2745,13365,0
2806230563148402,499874,78,2745,13365,0
2806230568257521,499874,78,2745,13365,0
2806230573368017,499874,78,2745,13365,0
2806230578477042,499874,78,2745,13365,0
2806230583585911,499874,78,2745,13365,0
2806230588695195,499874,78,2745,13365,0
2806230593805351,499874,78,2745,13365,0
2806230598914980,499874,78,2745,13365,0
2806230604024336,499874,78,2745,13365,0
2806230609133197,499874,78,2745,13365,0
2806230614242292,499874,78,2745,13365,0
2806230619353945,499874,78,2745,13365,0
2806230624465588,499874,78,2745,13365,0
2806230629574998,499874,78,2745,13365,0
2806230634683911,499874,78,2745,13365,0
2806230639793021,499874,78,2745,13365,0
2806230644902144,499874,78,2745,13365,0
2806230650029158,499874,78,2745,13365,0
2806230655138574,499874,78,2745,13365,0
2806230660247688,499874,78,2745,13365,0
2806230665356953,499874,78,2745,13365,0
2806230670465946,499874,78,2745,13365,0
2806230675576370,499874,78,2745,13365,0
2806230680685298,499874,78,2745,13365,0
2806230685796029,499874,78,2745,13365,0
2806230690905425,499874,78,2745,13365,0
2806230696032263,499874,78,2745,13365,0
2806230701142052,499874,78,2745,13365,0
2806230706251244,499874,78,2745,13365,0
2806230711362656,499874,78,2745,13365,0
2806230716472837,499874,78,2745,13365,0
2806230721582405,499874,78,2745,13365,0
2806230726692798,499874,78,2745,13365,0
2806230731802410,499874,78,2745,13365,0
2806230736911627,499874,78,2745,13365,0
2806230742020919,499874,78,2745,13365,0
2806230747131300,499874,78,2745,13365,0
2806230752240334,499874,78,2745,13365,0
2806230757349309,499874,78,2745,13365,0
2806230762459173,499874,78,2745,13365,0
2806230767568066,499874,78,2745,13365,0
2806230772677323,499874,78,2745,13365,0
2806230777787890,499874,78,2745,13365,0
2806230782896778,499874,78,2745,13365,0
2806230788025669,499874,78,2745,13365,0
2806230793134836,499874,78,2745,13365,0
2806230798262664,499874,78,2745,13365,0
2806230803372040,499874,78,2745,13365,0
2806230808480749,499874,78,2745,13365,0
2806230813590045,499874,78,2745,13365,0
2806230818699336,499874,78,2745,13365,0
2806230823809628,499874,78,2745,13365,0
2806230828920538,499874,78,2745,13365,0
2806230834029849,499874,78,2745,13365,0
2806230839138935,499874,78,2745,13365,0
2806230844248072,499874,78,2745,13365,0
2806230849357016,499874,78,2745,13365,0
2806230854466516,499874,78,2745,13365,0
2806230859575699,499874,78,2745,13365,0
2806230864684896,499874,78,2745,13365,0
2806230869794050,499874,78,2745,13365,0
2806230874903359,499874,78,2745,13365,0
2806230880035362,499874,78,2745,13365,0
2806230885144587,499874,78,2745,13365,0
2806230890253491,499874,78,2745,13365,0
2806230895362491,499874,78,2745,13365,0
2806230900471476,499874,78,2745,13365,0
2806230905580544,499874,78,2745,13365,0
2806230910689805,499874,78,2745,13365,0
2806230915798778,499874,78,2745,13365,0
2806230920907758,499874,78,2745,13365,0
2806230926031754,499874,78,2745,13365,0
2806230931143139,499874,78,2745,13365,0
2806230936252399,499874,78,2745,13365,0
2806230941361542,499408,78,2745,13365,0
2806230946471406,499408,78,2745,13365,0
2806230951580596,499408,78,2745,13365,0
2806230956689764,499408,78,2745,13365,0
2806230961799934,499408,78,2745,13365,0
2806230966910473,499408,78,2745,13365,0
2806230972021070,499408,78,2745,13365,0
2806230977130082,499408,78,2745,13365,0
2806230982240590,499408,78,2745,13365,0
2806230987349575,499408,78,2745,13365,0
2806230992458932,499408,78,2745,13365,0
2806230997568344,499408,78,2745,13365,0
2806231002678382,499408,78,2745,13365,0
2806231007787579,499408,78,2745,13365,0
2806231012896613,499408,78,2745,13365,0
2806231018023298,499408,78,2745,13365,0
2806231023132672,499408,78,2745,13365,0
2806231028241606,499408,78,2745,13365,0
2806231033352386,499408,78,2745,13365,0
2806231038461424,499408,78,2745,13365,0
2806231043570298,499408,78,2745,13365,0
2806231048679580,499408,78,2745,13365,0
2806231053790048,499408,78,2745,13365,0
2806231058899033,499408,78,2745,13365,0
2806231064023717,499408,78,2745,13365,0
2806231069132934,499408,78,2745,13365,0
2806231074242022,499408,78,2745,13365,0
2806231079351059,499408,78,2745,13365,0
2806231084461671,499408,78,2745,13365,0
2806231089570850,499408,78,2745,13365,0
2806231094680348,499408,78,2745,13365,0
2806231099790779,499408,78,2745,13365,0
2806231104899976,499408,78,2745,13365,0
2806231110026507,499408,78,2745,13365,0
2806231115136298,499408,78,2745,13365,0
2806231120245422,499408,78,2745,13365,0
2806231125354526,499408,78,2745,13365,0
2806231130463635,499408,78,2745,13365,0
2806231135574139,499408,78,2745,13365,0
2806231140683434,499408,78,2745,13365,0
2806231145793932,499408,78,2745,13365,0
2806231150903196,499408,78,2745,13365,0
2806231156029995,499408,78,2745,13365,0
2806231161140312,499408,78,2745,13365,0
2806231166249376,499408,78,2745,13365,0
2806231171358688,499408,78,2745,13365,0
2806231176469933,499408,78,2745,13365,0
2806231181578909,499408,78,2745,13365,0
2806231186689347,499408,78,2745,13365,0
2806231191799100,499408,78,2745,13365,0
2806231196909488,499408,78,2745,13365,0
2806231202018800,499408,78,2745,13365,0
2806231207128381,499408,78,2745,13365,0
2806231212237638,499408,78,2745,13365,0
2806231217346866,499408,78,2745,13365,0
2806231222456094,499408,78,2745,13365,0
2806231227566057,499408,78,2745,13365,0
2806231232675183,499408,78,2745,13365,0
2806231237785840,499408,78,2745,13365,0
2806231242894904,499408,78,2745,13365,0
2806231248025996,499408,78,2745,13365,0
2806231253135901,499408,78,2745,13365,0
2806231258244969,499408,78,2745,13365,0
2806231263353990,499408,78,2745,13365,0
2806231268463132,499408,78,2745,13365,0
2806231273572251,499408,78,2745,13365,0
2806231278681133,499408,78,2745,13365,0
2806231283790898,499408,78,2745,13365,0
2806231288903332,499408,78,2745,13365,0
2806231294028000,499408,78,2745,13365,0
2806231299137358,499408,78,2745,13365,0
2806231304246377,499408,78,2745,13365,0
2806231309355614,499408,78,2745,13365,0
2806231314464374,499408,78,2745,13365,0
2806231319573474,499408,78,2745,13365,0
2806231324682507,499408,78,2745,13365,0
2806231329793223,499408,78,2745,13365,0
2806231334902800,499408,78,2745,13365,0
2806231340029754,499408,78,2745,13365,0
2806231345138845,499408,78,2745,13365,0
2806231350247653,499408,78,2745,13365,0
2806231355356698,499408,78,2745,13365,0
2806231360465853,499408,78,2745,13365,0
2806231365591383,499408,78,2745,13365,0
2806231370700358,499408,78,2745,13365,0
2806231375809530,499408,78,2745,13365,0
2806231380919076,499408,78,2745,13365,0
2806231386028216,499408,78,2745,13365,0
2806231391138865,499408,78,2745,13365,0
2806231396248524,499408,78,2745,13365,0
2806231401357397,499408,78,2745,13365,0
2806231406467744,499408,78,2745,13365,0
2806231411576778,499408,78,2745,13365,0
2806231416686047,499408,78,2745,13365,0
2806231421795187,499408,78,2745,13365,0
2806231426904051,499408,78,2745,13365,0
2806231432034695,499408,78,2745,13365,0
2806231437143704,499408,78,2745,13365,0
2806231442254396,499343,78,2745,13365,0
2806231447364361,499343,78,2745,13365,0
2806231452489729,499343,78,2745,13365,0
2806231457598961,499343,78,2745,13365,0
2806231462708178,499343,78,2745,13365,0
2806231467818698,499343,78,2745,13365,0
2806231472928121,499343,78,2745,13365,0
2806231478037339,499343,78,2745,13365,0
2806231483146568,499343,78,2745,13365,0
2806231488255832,499343,78,2745,13365,0
2806231493366326,499343,78,2745,13365,0
2806231498476513,499343,78,2745,13365,0
2806231503585623,499343,78,2745,13365,0
2806231508694710,499343,78,2745,13365,0
2806231513803854,499343,78,2745,13365,0
2806231518913041,499343,78,2745,13365,0
2806231524022335,499343,78,2745,13365,0
2806231529131339,499343,78,2745,13365,0
2806231534241764,499343,78,2745,13365,0
2806231539350764,499343,78,2745,13365,0
2806231544461623,499343,78,2745,13365,0
2806231549570937,499343,78,2745,13365,0
2806231554681992,499343,78,2745,13365,0
2806231559791136,499343,78,2745,13365,0
2806231564901003,499343,78,2745,13365,0
2806231570089114,499343,78,2745,13365,0
2806231575198935,499343,78,2745,13365,0
2806231580308463,499343,78,2745,13365,0
2806231585417558,499343,78,2745,13365,0
2806231590526972,499343,78,2745,13365,0
2806231595637552,499343,78,2745,13365,0
2806231600747025,499343,78,2745,13365,0
2806231605857197,499343,78,2745,13365,0
2806231610966722,499343,78,2745,13365,0
2806231616075844,499343,78,2745,13365,0
2806231621185156,499343,78,2745,13365,0
2806231626294287,499343,78,2745,13365,0
2806231631403460,499343,78,2745,13365,0
2806231636513835,499343,78,2745,13365,0
2806231641622920,499343,78,2745,13365,0
2806231646733520,499343,78,2745,13365,0
2806231651844525,499343,78,2745,13365,0
2806231656954434,499343,78,2745,13365,0
2806231662110777,499343,78,2745,13365,0
2806231667221502,499343,78,2745,13365,0
2806231672331913,499343,78,2745,13365,0
2806231677442771,499343,78,2745,13365,0
2806231682556855,499343,78,2745,13365,0
2806231687667726,499343,78,2745,13365,0
2806231692778384,499343,78,2745,13365,0
2806231697890875,499343,78,2745,13365,0
2806231703014973,499343,78,2745,13365,0
2806231708125813,499343,78,2745,13365,0
2806231713238610,499343,78,2745,13365,0
2806231718348090,499343,78,2745,13365,0
2806231723457819,499343,78,2745,13365,0
2806231728568701,499343,78,2745,13365,0
2806231733679864,499343,78,2745,13365,0
2806231738790660,499343,78,2745,13365,0
2806231743901996,499343,78,2745,13365,0
2806231749026197,499343,78,2745,13365,0
2806231754137138,499343,78,2745,13365,0
2806231759247046,499343,78,2745,13365,0
2806231764357702,499343,78,2745,13365,0
2806231769468451,499343,78,2745,13365,0
2806231774580415,499343,78,2745,13365,0
2806231779691120,499343,78,2745,13365,0
2806231784802484,499343,78,2745,13365,0
2806231789912456,499343,78,2745,13365,0
2806231795023448,499343,78,2745,13365,0
2806231800135111,499343,78,2745,13365,0
2806231805243947,499343,78,2745,13365,0
2806231810353394,499343,78,2745,13365,0
2806231815462522,499343,78,2745,13365,0
2806231820571923,499343,78,2745,13365,0
2806231825680885,499343,78,2745,13365,0
2806231830791644,499343,78,2745,13365,0
2806231835900888,499343,78,2745,13365,0
2806231841027248,499343,78,2745,13365,0
2806231846137243,499343,78,2745,13365,0
2806231851248077,499343,78,2745,13365,0
2806231856357265,499343,78,2745,13365,0
2806231861466278,499343,78,2745,13365,0
2806231866575395,499343,78,2745,13365,0
2806231871685639,499343,78,2745,13365,0
2806231876796291,499343,78,2745,13365,0
2806231881907203,499343,78,2745,13365,0
2806231886992392,499343,78,2745,13365,0
2806231892091758,499343,78,2745,13365,0
2806231897208921,499343,78,2745,13365,0
2806231902319470,499343,78,2745,13365,0
2806231907428356,499343,78,2745,13365,0
2806231912537328,499343,78,2745,13365,0
2806231917656654,499343,78,2745,13365,0
2806231922767763,499343,78,2745,13365,0
2806231927876639,499343,78,2745,13365,0
2806231932985444,499343,78,2745,13365,0
2806231938113472,499343,78,2745,13365,0
2806231943222361,499015,78,2745,13365,0
2806231948332201,499015,78,2745,13365,0
2806231953442683,499015,78,2745,13365,0
2806231958551678,499015,78,2745,13365,0
2806231963661065,499015,78,2745,13365,0
2806231968772189,499015,78,2745,13365,0
2806231973881048,499015,78,2745,13365,0
2806231978990138,499015,78,2745,13365,0
2806231984116588,499015,78,2745,13365,0
2806231989225845,499015,78,2745,13365,0
2806231994335045,499015,78,2745,13365,0
2806231999444114,499015,78,2745,13365,0
2806232004554898,499015,78,2745,13365,0
2806232009663902,499015,78,2745,13365,0
2806232014774743,499015,78,2745,13365,0
2806232019883991,499015,78,2745,13365,0
2806232024993079,499015,78,2745,13365,0
2806232030119615,499015,78,2745,13365,0
2806232035229228,499015,78,2745,13365,0
2806232040338831,499015,78,2745,13365,0
2806232045447613,499015,78,2745,13365,0
2806232050556969,499015,78,2745,13365,0
2806232055667837,499015,78,2745,13365,0
2806232060778628,499015,78,2745,13365,0
2806232065887742,499015,78,2745,13365,0
2806232070996967,499015,78,2745,13365,0
2806232076123695,499015,78,2745,13365,0
2806232081232800,499015,78,2745,13365,0
2806232086342148,499015,78,2745,13365,0
2806232091451384,499015,78,2745,13365,0
2806232096560833,499015,78,2745,13365,0
2806232101669886,499015,78,2745,13365,0
2806232106798262,499015,78,2745,13365,0
2806232111907512,499015,78,2745,13365,0
2806232117031395,499015,78,2745,13365,0
2806232122141221,499015,78,2745,13365,0
2806232127250695,499015,78,2745,13365,0
2806232132359783,499015,78,2745,13365,0
2806232137468796,499015,78,2745,13365,0
2806232142577588,499015,78,2745,13365,0
2806232147686718,499015,78,2745,13365,0
2806232152796881,499015,78,2745,13365,0
2806232157907654,499015,78,2745,13365,0
2806232163029855,499015,78,2745,13365,0
2806232168139571,499015,78,2745,13365,0
2806232173249224,499015,78,2745,13365,0
2806232178358439,499015,78,2745,13365,0
2806232183467155,499015,78,2745,13365,0
2806232188576373,499015,78,2745,13365,0
2806232193685733,499015,78,2745,13365,0
2806232198796493,499015,78,2745,13365,0
2806232203906466,499015,78,2745,13365,0
2806232209032824,499015,78,2745,13365,0
2806232214143215,499015,78,2745,13365,0
2806232219252555,499015,78,2745,13365,0
2806232224361739,499015,78,2745,13365,0
2806232229471094,499015,78,2745,13365,0
2806232234580033,499015,78,2745,13365,0
2806232239689323,499015,78,2745,13365,0
2806232244800293,499015,78,2745,13365,0
2806232249909670,499015,78,2745,13365,0
2806232255018674,499015,78,2745,13365,0
2806232260129303,499015,78,2745,13365,0
2806232265238135,499015,78,2745,13365,0
2806232270347151,499015,78,2745,13365,0
2806232275456848,499015,78,2745,13365,0
2806232280566008,499015,78,2745,13365,0
2806232285675352,499015,78,2745,13365,0
2806232290784855,499015,78,2745,13365,0
2806232295894130,499015,78,2745,13365,0
2806232301025396,499015,78,2745,13365,0
2806232306134806,499015,78,2745,13365,0
2806232311245327,499015,78,2745,13365,0
2806232316354427,499015,78,2745,13365,0
2806232321463775,499015,78,2745,13365,0
2806232326572932,499015,78,2745,13365,0
2806232331682036,499015,78,2745,13365,0
2806232336792396,499015,78,2745,13365,0
2806232341901511,499015,78,2745,13365,0
2806232347026717,499015,78,2745,13365,0
2806232352136629,499015,78,2745,13365,0
2806232357245928,499015,78,2745,13365,0
2806232362356738,499015,78,2745,13365,0
2806232367466011,499015,78,2745,13365,0
2806232372576883,499015,78,2745,13365,0
2806232377686962,499015,78,2745,13365,0
2806232382807128,499015,78,2745,13365,0
2806232387947085,499015,78,2745,13365,0
2806232393057568,499015,78,2745,13365,0
2806232398187013,499015,78,2745,13365,0
2806232403306373,499015,78,2745,13365,0
2806232408417290,499015,78,2745,13365,0
2806232413529006,499015,78,2745,13365,0
2806232418639897,499015,78,2745,13365,0
2806232423751060,499015,78,2745,13365,0
2806232428862166,499015,78,2745,13365,0
2806232433973125,499015,78,2745,13365,0
2806232439083180,499015,78,2745,13365,0
2806232444195129,498770,78,2745,13365,0
2806232449305973,498770,78,2745,13365,0
2806232454415668,498770,78,2745,13365,0
2806232459526722,498770,78,2745,13365,0
2806232464639197,498770,78,2745,13365,0
2806232469750159,498770,78,2745,13365,0
2806232474861453,498770,78,2745,13365,0
2806232479972708,498770,78,2745,13365,0
2806232485084014,498770,78,2745,13365,0
2806232490194865,498770,78,2745,13365,0
2806232495304960,498770,78,2745,13365,0
2806232500415828,498770,78,2745,13365,0
2806232505498006,498770,78,2745,13365,0
2806232510583690,498770,78,2745,13365,0
2806232515658927,498770,78,2745,13365,0
2806232520735544,498770,78,2745,13365,0
2806232525832384,498770,78,2745,13365,0
2806232530942205,498770,78,2745,13365,0
2806232536067467,498770,78,2745,13365,0
2806232541188373,498770,78,2745,13365,0
2806232546297926,498770,78,2745,13365,0
2806232551409515,498770,78,2745,13365,0
2806232556519867,498770,78,2745,13365,0
2806232561629280,498770,78,2745,13365,0
2806232566741546,498770,78,2745,13365,0
2806232571852552,498770,78,2745,13365,0
2806232576963575,498770,78,2745,13365,0
2806232582074565,498770,78,2745,13365,0
2806232587226837,498770,78,2745,13365,0
2806232592337715,498770,78,2745,13365,0
2806232597448466,498770,78,2745,13365,0
2806232602558457,498770,78,2745,13365,0
2806232607668499,498770,78,2745,13365,0
2806232612778455,498770,78,2745,13365,0
2806232617891239,498770,78,2745,13365,0
2806232623020432,498770,78,2745,13365,0
2806232628132284,498770,78,2745,13365,0
2806232633242889,498770,78,2745,13365,0
2806232638354633,498770,78,2745,13365,0
2806232643464565,498770,78,2745,13365,0
2806232648574851,498770,78,2745,13365,0
2806232653685959,498770,78,2745,13365,0
2806232658797667,498770,78,2745,13365,0
2806232663908439,498770,78,2745,13365,0
2806232669022428,498770,78,2745,13365,0
2806232674131932,498770,78,2745,13365,0
2806232679241052,498770,78,2745,13365,0
2806232684350321,498770,78,2745,13365,0
2806232689460173,498770,78,2745,13365,0
2806232694570590,498770,78,2745,13365,0
2806232699680530,498770,78,2745,13365,0
2806232704790863,498770,78,2745,13365,0
2806232709900971,498770,78,2745,13365,0
2806232715029519,498770,78,2745,13365,0
2806232720141540,498770,78,2745,13365,0
2806232725250962,498770,78,2745,13365,0
2806232730360256,498770,78,2745,13365,0
2806232735471199,498770,78,2745,13365,0
2806232740582465,498770,78,2745,13365,0
2806232745692950,498770,78,2745,13365,0
2806232750802664,498770,78,2745,13365,0
2806232755912198,498770,78,2745,13365,0
2806232761038339,498770,78,2745,13365,0
2806232766147627,498770,78,2745,13365,0
2806232771260235,498770,78,2745,13365,0
2806232776369445,498770,78,2745,13365,0
2806232781478681,498770,78,2745,13365,0
2806232786588269,498770,78,2745,13365,0
2806232791697525,498770,78,2745,13365,0
2806232796806550,498770,78,2745,13365,0
2806232801917656,498770,78,2745,13365,0
2806232807027326,498770,78,2745,13365,0
2806232812136236,498770,78,2745,13365,0
2806232817245200,498770,78,2745,13365,0
2806232822356474,498770,78,2745,13365,0
2806232827465809,498770,78,2745,13365,0
2806232832575133,498770,78,2745,13365,0
2806232837685780,498770,78,2745,13365,0
2806232842795162,498770,78,2745,13365,0
2806232847904574,498770,78,2745,13365,0
2806232853035771,498770,78,2745,13365,0
2806232858145599,498770,78,2745,13365,0
2806232863254727,498770,78,2745,13365,0
2806232868363740,498770,78,2745,13365,0
2806232873474424,498770,78,2745,13365,0
2806232878584021,498770,78,2745,13365,0
2806232883693177,498770,78,2745,13365,0
2806232888804206,498770,78,2745,13365,0
2806232893913354,498770,78,2745,13365,0
2806232899022307,498770,78,2745,13365,0
2806232904131377,498770,78,2745,13365,0
2806232909240627,498770,78,2745,13365,0
2806232914349995,498770,78,2745,13365,0
2806232919461238,498770,78,2745,13365,0
2806232924572484,498770,78,2745,13365,0
2806232929681601,498770,78,2745,13365,0
2806232934790769,498770,78,2745,13365,0
2806232939899808,499361,78,2745,13365,0
2806232945029954,499361,78,2745,13365,0
2806232950140070,499361,78,2745,13365,0
2806232955249447,499361,78,2745,13365,0
2806232960358399,499361,78,2745,13365,0
2806232965467632,499361,78,2745,13365,0
2806232970577169,499361,78,2745,13365,0
2806232975688085,499361,78,2745,13365,0
2806232980798873,499361,78,2745,13365,0
2806232985907962,499361,78,2745,13365,0
2806232991030234,499361,78,2745,13365,0
2806232996140998,499361,78,2745,13365,0
2806233001249930,499361,78,2745,13365,0
2806233006358947,499361,78,2745,13365,0
2806233011467792,499361,78,2745,13365,0
2806233016576912,499361,78,2745,13365,0
2806233021686028,499361,78,2745,13365,0
2806233026798529,499361,78,2745,13365,0
2806233031907790,499361,78,2745,13365,0
2806233037032154,499361,78,2745,13365,0
2806233042142222,499361,78,2745,13365,0
2806233047251605,499361,78,2745,13365,0
2806233052360878,499361,78,2745,13365,0
2806233057470091,499361,78,2745,13365,0
2806233062579114,499361,78,2745,13365,0
2806233067692653,499361,78,2745,13365,0
2806233072803032,499361,78,2745,13365,0
2806233077913761,499361,78,2745,13365,0
2806233083023217,499361,78,2745,13365,0
2806233088132206,499361,78,2745,13365,0
2806233093241455,499361,78,2745,13365,0
2806233098350539,499361,78,2745,13365,0
2806233103460391,499361,78,2745,13365,0
2806233108569912,499361,78,2745,13365,0
2806233113679056,499361,78,2745,13365,0
2806233118788441,499361,78,2745,13365,0
2806233123898933,499361,78,2745,13365,0
2806233129022066,499361,78,2745,13365,0
2806233134131216,499361,78,2745,13365,0
2806233139240562,499361,78,2745,13365,0
2806233144349890,499361,78,2745,13365,0
2806233149458997,499361,78,2745,13365,0
2806233154568292,499361,78,2745,13365,0
2806233159677412,499361,78,2745,13365,0
2806233164788182,499361,78,2745,13365,0
2806233169897553,499361,78,2745,13365,0
2806233175022637,499361,78,2745,13365,0
2806233180133510,499361,78,2745,13365,0
2806233185243214,499361,78,2745,13365,0
2806233190352166,499361,78,2745,13365,0
2806233195461629,499361,78,2745,13365,0
2806233200570919,499361,78,2745,13365,0
2806233205681171,499361,78,2745,13365,0
2806233210792196,499361,78,2745,13365,0
2806233215901376,499361,78,2745,13365,0
2806233221027737,499361,78,2745,13365,0
2806233226136909,499361,78,2745,13365,0
2806233231247629,499361,78,2745,13365,0
2806233236356564,499361,78,2745,13365,0
2806233241465738,499361,78,2745,13365,0
2806233246574982,499361,78,2745,13365,0
2806233251684295,499361,78,2745,13365,0
2806233256805362,499361,78,2745,13365,0
2806233261915832,499361,78,2745,13365,0
2806233267025111,499361,78,2745,13365,0
2806233272134513,499361,78,2745,13365,0
2806233277243453,499361,78,2745,13365,0
2806233282354312,499361,78,2745,13365,0
2806233287463583,499361,78,2745,13365,0
2806233292574006,499361,78,2745,13365,0
2806233297683267,499361,78,2745,13365,0
2806233302792376,499361,78,2745,13365,0
2806233307901686,499361,78,2745,13365,0
2806233313026685,499361,78,2745,13365,0
2806233318136548,499361,78,2745,13365,0
2806233323245785,499361,78,2745,13365,0
2806233328355093,499361,78,2745,13365,0
2806233333471633,499361,78,2745,13365,0
2806233338580631,499361,78,2745,13365,0
2806233343690071,499361,78,2745,13365,0
2806233348800241,499361,78,2745,13365,0
2806233353909555,499361,78,2745,13365,0
2806233359018824,499361,78,2745,13365,0
2806233364127908,499361,78,2745,13365,0
2806233369236757,499361,78,2745,13365,0
2806233374346249,499361,78,2745,13365,0
2806233379456162,499361,78,2745,13365,0
2806233384567042,499361,78,2745,13365,0
2806233389676226,499361,78,2745,13365,0
2806233394785207,499361,78,2745,13365,0
2806233399894355,499361,78,2745,13365,0
2806233405024136,499361,78,2745,13365,0
2806233410133764,499361,78,2745,13365,0
2806233415259148,499361,78,2745,13365,0
2806233420368443,499361,78,2745,13365,0
2806233425477435,499361,78,2745,13365,0
2806233430586880,499361,78,2745,13365,0
2806233435697806,499361,78,2745,13365,0
2806233440808155,499836,78,2745,13365,0
2806233445918065,499836,78,2745,13365,0
2806233451027252,499836,78,2745,13365,0
2806233456136492,499836,78,2745,13365,0
2806233461246073,499836,78,2745,13365,0
2806233466355285,499836,78,2745,13365,0
2806233471465181,499836,78,2745,13365,0
2806233476574081,499836,78,2745,13365,0
2806233481683150,499836,78,2745,13365,0
2806233486793535,499836,78,2745,13365,0
2806233491902607,499836,78,2745,13365,0
2806233497031251,499836,78,2745,13365,0
2806233502140614,499836,78,2745,13365,0
2806233507250156,499836,78,2745,13365,0
2806233512359336,499836,78,2745,13365,0
2806233517468609,499836,78,2745,13365,0
2806233522577341,499836,78,2745,13365,0
2806233527686645,499836,78,2745,13365,0
2806233532797080,499836,78,2745,13365,0
2806233537907890,499836,78,2745,13365,0
2806233543079189,499836,78,2745,13365,0
2806233548188863,499836,78,2745,13365,0
2806233553298016,499836,78,2745,13365,0
2806233558407320,499836,78,2745,13365,0
2806233563516640,499836,78,2745,13365,0
2806233568625693,499836,78,2745,13365,0
2806233573735017,499836,78,2745,13365,0
2806233578845314,499836,78,2745,13365,0
2806233583954374,499836,78,2745,13365,0
2806233589065598,499836,78,2745,13365,0
2806233594174515,499836,78,2745,13365,0
2806233599283763,499836,78,2745,13365,0
2806233604393182,499836,78,2745,13365,0
2806233609503352,499836,78,2745,13365,0
2806233614612613,499836,78,2745,13365,0
2806233619721541,499836,78,2745,13365,0
2806233624837265,499836,78,2745,13365,0
2806233629946273,499836,78,2745,13365,0
2806233635055618,499836,78,2745,13365,0
2806233640166542,499836,78,2745,13365,0
2806233645275443,499836,78,2745,13365,0
2806233650384831,499836,78,2745,13365,0
2806233655494106,499836,78,2745,13365,0
2806233660603252,499836,78,2745,13365,0
2806233665712177,499836,78,2745,13365,0
2806233670821434,499836,78,2745,13365,0
2806233675932433,499836,78,2745,13365,0
2806233681041588,499836,78,2745,13365,0
2806233686150818,499836,78,2745,13365,0
2806233691261619,499836,78,2745,13365,0
2806233696371042,499836,78,2745,13365,0
2806233701480066,499836,78,2745,13365,0
2806233706589292,499836,78,2745,13365,0
2806233711698929,499836,78,2745,13365,0
2806233716808074,499836,78,2745,13365,0
2806233721917366,499836,78,2745,13365,0
2806233727026741,499836,78,2745,13365,0
2806233732135940,499836,78,2745,13365,0
2806233737245450,499836,78,2745,13365,0
2806233742357179,499836,78,2745,13365,0
2806233747466340,499836,78,2745,13365,0
2806233752575314,499836,78,2745,13365,0
2806233757684357,499836,78,2745,13365,0
2806233762793605,499836,78,2745,13365,0
2806233767902945,499836,78,2745,13365,0
2806233773030306,499836,78,2745,13365,0
2806233778141542,499836,78,2745,13365,0
2806233783252539,499836,78,2745,13365,0
2806233788362621,499836,78,2745,13365,0
2806233793472980,499836,78,2745,13365,0
2806233798582372,499836,78,2745,13365,0
2806233803691560,499836,78,2745,13365,0
2806233808802299,499836,78,2745,13365,0
2806233813911731,499836,78,2745,13365,0
2806233819020962,499836,78,2745,13365,0
2806233824130322,499836,78,2745,13365,0
2806233829239698,499836,78,2745,13365,0
2806233834349130,499836,78,2745,13365,0
2806233839459067,499836,78,2745,13365,0
2806233844579048,499836,78,2745,13365,0
2806233849688916,499836,78,2745,13365,0
2806233854799164,499836,78,2745,13365,0
2806233859909649,499836,78,2745,13365,0
2806233865019009,499836,78,2745,13365,0
2806233870129018,499836,78,2745,13365,0
2806233875239314,499836,78,2745,13365,0
2806233880349114,499836,78,2745,13365,0
2806233885458399,499836,78,2745,13365,0
2806233890567335,499836,78,2745,13365,0
2806233895677880,499836,78,2745,13365,0
2806233900787488,499836,78,2745,13365,0
2806233905896492,499836,78,2745,13365,0
2806233911033185,499836,78,2745,13365,0
2806233916143441,499836,78,2745,13365,0
2806233921252649,499836,78,2745,13365,0
2806233926361410,499836,78,2745,13365,0
2806233931470671,499836,78,2745,13365,0
2806233936579669,499836,78,2745,13365,0
2806233941688727,499429,78,2745,13365,0
2806233946801800,499429,78,2745,13365,0
2806233951911044,499429,78,2745,13365,0
2806233957020027,499429,78,2745,13365,0
2806233962128965,499429,78,2745,13365,0
2806233967237962,499429,78,2745,13365,0
2806233972346926,499429,78,2745,13365,0
2806233977457150,499429,78,2745,13365,0
2806233982566735,499429,78,2745,13365,0
2806233987676052,499429,78,2745,13365,0
2806233992785676,499429,78,2745,13365,0
2806233997896192,499429,78,2745,13365,0
2806234003025336,499429,78,2745,13365,0
2806234008135265,499429,78,2745,13365,0
2806234013244454,499429,78,2745,13365,0
2806234018353973,499429,78,2745,13365,0
2806234023463290,499429,78,2745,13365,0
2806234028572038,499429,78,2745,13365,0
2806234033681133,499429,78,2745,13365,0
2806234038792351,499429,78,2745,13365,0
2806234043916380,499429,78,2745,13365,0
2806234049026860,499429,78,2745,13365,0
2806234054135969,499429,78,2745,13365,0
2806234059244957,499429,78,2745,13365,0
2806234064354122,499429,78,2745,13365,0
2806234069480118,499429,78,2745,13365,0
2806234074589208,499429,78,2745,13365,0
2806234079698320,499429,78,2745,13365,0
2806234084807919,499429,78,2745,13365,0
2806234089917715,499429,78,2745,13365,0
2806234095026996,499429,78,2745,13365,0
2806234100137196,499429,78,2745,13365,0
2806234105247204,499429,78,2745,13365,0
2806234110356165,499429,78,2745,13365,0
2806234115465093,499429,78,2745,13365,0
2806234120574218,499429,78,2745,13365,0
2806234125683342,499429,78,2745,13365,0
2806234130792507,499429,78,2745,13365,0
2806234135903147,499429,78,2745,13365,0
2806234141032215,499429,78,2745,13365,0
2806234146141705,499429,78,2745,13365,0
2806234151252313,499429,78,2745,13365,0
2806234156361532,499429,78,2745,13365,0
2806234161470457,499429,78,2745,13365,0
2806234166580097,499429,78,2745,13365,0
2806234171689207,499429,78,2745,13365,0
2806234176800666,499429,78,2745,13365,0
2806234181909921,499429,78,2745,13365,0
2806234187018691,499429,78,2745,13365,0
2806234192128030,499429,78,2745,13365,0
2806234197237236,499429,78,2745,13365,0
2806234202347519,499429,78,2745,13365,0
2806234207458701,499429,78,2745,13365,0
2806234212568041,499429,78,2745,13365,0
2806234217677018,499429,78,2745,13365,0
2806234222786031,499429,78,2745,13365,0
2806234227895139,499429,78,2745,13365,0
2806234233026519,499429,78,2745,13365,0
2806234238136448,499429,78,2745,13365,0
2806234243245508,499429,78,2745,13365,0
2806234248354633,499429,78,2745,13365,0
2806234253465145,499429,78,2745,13365,0
2806234258574529,499429,78,2745,13365,0
2806234263683694,499429,78,2745,13365,0
2806234268794806,499429,78,2745,13365,0
2806234273904055,499429,78,2745,13365,0
2806234279029143,499429,78,2745,13365,0
2806234284156147,499429,78,2745,13365,0
2806234289265443,499429,78,2745,13365,0
2806234294374678,499429,78,2745,13365,0
2806234299483852,499429,78,2745,13365,0
2806234304594185,499429,78,2745,13365,0
2806234309703530,499429,78,2745,13365,0
2806234314813738,499429,78,2745,13365,0
2806234319922918,499429,78,2745,13365,0
2806234325032053,499429,78,2745,13365,0
2806234330140963,499429,78,2745,13365,0
2806234335250207,499429,78,2745,13365,0
2806234340359578,499429,78,2745,13365,0
2806234345469792,499429,78,2745,13365,0
2806234350578765,499429,78,2745,13365,0
2806234355689077,499429,78,2745,13365,0
2806234360798170,499429,78,2745,13365,0
2806234365907570,499429,78,2745,13365,0
2806234371034305,499429,78,2745,13365,0
2806234376144158,499429,78,2745,13365,0
2806234381253473,499429,78,2745,13365,0
2806234386362807,499429,78,2745,13365,0
2806234391471982,499429,78,2745,13365,0
2806234396581000,499429,78,2745,13365,0
2806234401690341,499429,78,2745,13365,0
2806234406801894,499429,78,2745,13365,0
2806234411910646,499429,78,2745,13365,0
2806234417019674,499429,78,2745,13365,0
2806234422129183,499429,78,2745,13365,0
2806234427238501,499429,78,2745,13365,0
2806234432347678,499429,78,2745,13365,0
2806234437457355,499429,78,2745,13365,0
2806234442566260,499536,78,2745,13365,0
2806234447676045,499536,78,2745,13365,0
2806234452785021,499536,78,2745,13365,0
2806234457895674,499536,78,2745,13365,0
2806234463024930,499536,78,2745,13365,0
2806234468134478,499536,78,2745,13365,0
2806234473243741,499536,78,2745,13365,0
2806234478353225,499536,78,2745,13365,0
2806234483462351,499536,78,2745,13365,0
2806234488571412,499536,78,2745,13365,0
2806234493680804,499536,78,2745,13365,0
2806234498791115,499536,78,2745,13365,0
2806234503900298,499536,78,2745,13365,0
2806234509025830,499536,78,2745,13365,0
2806234514134967,499536,78,2745,13365,0
2806234519243873,499536,78,2745,13365,0
2806234524352999,499536,78,2745,13365,0
2806234529461881,499536,78,2745,13365,0
2806234534570979,499536,78,2745,13365,0
2806234539679952,499536,78,2745,13365,0
2806234544790224,499536,78,2745,13365,0
2806234549899209,499536,78,2745,13365,0
2806234555033182,499536,78,2745,13365,0
2806234560143798,499536,78,2745,13365,0
2806234565252962,499536,78,2745,13365,0
2806234570361811,499536,78,2745,13365,0
2806234575470641,499536,78,2745,13365,0
2806234580579571,499536,78,2745,13365,0
2806234585688456,499536,78,2745,13365,0
2806234590799164,499536,78,2745,13365,0
2806234595908632,499536,78,2745,13365,0
2806234601018422,499536,78,2745,13365,0
2806234606127397,499536,78,2745,13365,0
2806234611237986,499536,78,2745,13365,0
2806234616347395,499536,78,2745,13365,0
2806234621456494,499536,78,2745,13365,0
2806234626565526,499536,78,2745,13365,0
2806234631674524,499536,78,2745,13365,0
2806234636784244,499536,78,2745,13365,0
2806234641893337,499536,78,2745,13365,0
2806234647024433,499536,78,2745,13365,0
2806234652133746,499536,78,2745,13365,0
2806234657243018,499536,78,2745,13365,0
2806234662353698,499536,78,2745,13365,0
2806234667462755,499536,78,2745,13365,0
2806234672572060,499536,78,2745,13365,0
2806234677681443,499536,78,2745,13365,0
2806234682791767,499536,78,2745,13365,0
2806234687900804,499536,78,2745,13365,0
2806234693027352,499536,78,2745,13365,0
2806234698136597,499536,78,2745,13365,0
2806234703245694,499536,78,2745,13365,0
2806234708354954,499536,78,2745,13365,0
2806234713465801,499536,78,2745,13365,0
2806234718574865,499536,78,2745,13365,0
2806234723700751,499536,78,2745,13365,0
2806234728811361,499536,78,2745,13365,0
2806234733920656,499536,78,2745,13365,0
2806234739029423,499536,78,2745,13365,0
2806234744140517,499536,78,2745,13365,0
2806234749249517,499536,78,2745,13365,0
2806234754359105,499536,78,2745,13365,0
2806234759468300,499536,78,2745,13365,0
2806234764579005,499536,78,2745,13365,0
2806234769687919,499536,78,2745,13365,0
2806234774797032,499536,78,2745,13365,0
2806234779907468,499536,78,2745,13365,0
2806234785029684,499536,78,2745,13365,0
2806234790139447,499536,78,2745,13365,0
2806234795248229,499536,78,2745,13365,0
2806234800357778,499536,78,2745,13365,0
2806234805466746,499536,78,2745,13365,0
2806234810576043,499536,78,2745,13365,0
2806234815687049,499536,78,2745,13365,0
2806234820797115,499536,78,2745,13365,0
2806234825906698,499536,78,2745,13365,0
2806234831031152,499536,78,2745,13365,0
2806234836141045,499536,78,2745,13365,0
2806234841250341,499536,78,2745,13365,0
2806234846359597,499536,78,2745,13365,0
2806234851471006,499536,78,2745,13365,0
2806234856579818,499536,78,2745,13365,0
2806234861689738,499536,78,2745,13365,0
2806234866800479,499536,78,2745,13365,0
2806234871911187,499536,78,2745,13365,0
2806234877020540,499536,78,2745,13365,0
2806234882130072,499536,78,2745,13365,0
2806234887239325,499536,78,2745,13365,0
2806234892348693,499536,78,2745,13365,0
2806234897457993,499536,78,2745,13365,0
2806234902566864,499536,78,2745,13365,0
2806234907676169,499536,78,2745,13365,0
2806234912785462,499536,78,2745,13365,0
2806234917896212,499536,78,2745,13365,0
2806234923022484,499536,78,2745,13365,0
2806234928131756,499536,78,2745,13365,0
2806234933240760,499536,78,2745,13365,0
2806234938351404,499536,78,2745,13365,0
2806234943460825,499671,78,2745,13365,0
2806234948571133,499671,78,2745,13365,0
2806234953680182,499671,78,2745,13365,0
2806234958789638,499671,78,2745,13365,0
2806234963898687,499671,78,2745,13365,0
2806234969025975,499671,78,2745,13365,0
2806234974135706,499671,78,2745,13365,0
2806234979245025,499671,78,2745,13365,0
2806234984354302,499671,78,2745,13365,0
2806234989464565,499671,78,2745,13365,0
2806234994573813,499671,78,2745,13365,0
2806234999682906,499671,78,2745,13365,0
2806235004792254,499671,78,2745,13365,0
2806235009901377,499671,78,2745,13365,0
2806235015028087,499671,78,2745,13365,0
2806235020139066,499671,78,2745,13365,0
2806235025247924,499671,78,2745,13365,0
2806235030357184,499671,78,2745,13365,0
2806235035466319,499671,78,2745,13365,0
2806235040575449,499671,78,2745,13365,0
2806235045684482,499671,78,2745,13365,0
2806235050794862,499671,78,2745,13365,0
2806235055903826,499671,78,2745,13365,0
2806235061028581,499671,78,2745,13365,0
2806235066138205,499671,78,2745,13365,0
2806235071248939,499671,78,2745,13365,0
2806235076358154,499671,78,2745,13365,0
2806235081467248,499671,78,2745,13365,0
2806235086576472,499671,78,2745,13365,0
2806235091685493,499671,78,2745,13365,0
2806235096795910,499671,78,2745,13365,0
2806235101905574,499671,78,2745,13365,0
2806235107027882,499671,78,2745,13365,0
2806235112137613,499671,78,2745,13365,0
2806235117246668,499671,78,2745,13365,0
2806235122357276,499671,78,2745,13365,0
2806235127466364,499671,78,2745,13365,0
2806235132575492,499671,78,2745,13365,0
2806235137684817,499671,78,2745,13365,0
2806235142795453,499671,78,2745,13365,0
2806235147904746,499671,78,2745,13365,0
2806235153027959,499671,78,2745,13365,0
2806235158137511,499671,78,2745,13365,0
2806235163246777,499671,78,2745,13365,0
2806235168355779,499671,78,2745,13365,0
2806235173466784,499671,78,2745,13365,0
2806235178575972,499671,78,2745,13365,0
2806235183685420,499671,78,2745,13365,0
2806235188794561,499671,78,2745,13365,0
2806235193904002,499671,78,2745,13365,0
2806235199028840,499671,78,2745,13365,0
2806235204138259,499671,78,2745,13365,0
2806235209248062,499671,78,2745,13365,0
2806235214357667,499671,78,2745,13365,0
2806235219466604,499671,78,2745,13365,0
2806235224577737,499671,78,2745,13365,0
2806235229686576,499671,78,2745,13365,0
2806235234797144,499671,78,2745,13365,0
2806235239906114,499671,78,2745,13365,0
2806235245030226,499671,78,2745,13365,0
2806235250139739,499671,78,2745,13365,0
2806235255249234,499671,78,2745,13365,0
2806235260358199,499671,78,2745,13365,0
2806235265467218,499671,78,2745,13365,0
2806235270576364,499671,78,2745,13365,0
2806235275687166,499671,78,2745,13365,0
2806235280798065,499671,78,2745,13365,0
2806235285907185,499671,78,2745,13365,0
2806235291029680,499671,78,2745,13365,0
2806235296139122,499671,78,2745,13365,0
2806235301248630,499671,78,2745,13365,0
2806235306357666,499671,78,2745,13365,0
2806235311467147,499671,78,2745,13365,0
2806235316576195,499671,78,2745,13365,0
2806235321685596,499671,78,2745,13365,0
2806235326797944,499671,78,2745,13365,0
2806235331907225,499671,78,2745,13365,0
2806235337029545,499671,78,2745,13365,0
2806235342139290,499671,78,2745,13365,0
2806235347248526,499671,78,2745,13365,0
2806235352357802,499671,78,2745,13365,0
2806235357467035,499671,78,2745,13365,0
2806235362576211,499671,78,2745,13365,0
2806235367685486,499671,78,2745,13365,0
2806235372795740,499671,78,2745,13365,0
2806235377922929,499671,78,2745,13365,0
2806235383032327,499671,78,2745,13365,0
2806235388141497,499671,78,2745,13365,0
2806235393251188,499671,78,2745,13365,0
2806235398360232,499671,78,2745,13365,0
2806235403471157,499671,78,2745,13365,0
2806235408591987,499671,78,2745,13365,0
2806235413701275,499671,78,2745,13365,0
2806235418810520,499671,78,2745,13365,0
2806235423919988,499671,78,2745,13365,0
2806235429031013,499671,78,2745,13365,0
2806235434140082,499671,78,2745,13365,0
2806235439250386,499671,78,2745,13365,0
2806235444369914,499880,78,2745,13365,0
2806235449480076,499880,78,2745,13365,0
2806235454589694,499880,78,2745,13365,0
2806235459698919,499880,78,2745,13365,0
2806235464807890,499880,78,2745,13365,0
2806235469918128,499880,78,2745,13365,0
2806235475027528,499880,78,2745,13365,0
2806235480138385,499880,78,2745,13365,0
2806235485247695,499880,78,2745,13365,0
2806235490356870,499880,78,2745,13365,0
2806235495466154,499880,78,2745,13365,0
2806235500575250,499880,78,2745,13365,0
2806235505685703,499880,78,2745,13365,0
2806235510794715,499880,78,2745,13365,0
2806235515903584,499880,78,2745,13365,0
2806235521084038,499880,78,2745,13365,0
2806235526193602,499880,78,2745,13365,0
2806235531304385,499880,78,2745,13365,0
2806235536413546,499880,78,2745,13365,0
2806235541522798,499880,78,2745,13365,0
2806235546631860,499880,78,2745,13365,0
2806235551740965,499880,78,2745,13365,0
2806235556851402,499880,78,2745,13365,0
2806235561960511,499880,78,2745,13365,0
2806235567070107,499880,78,2745,13365,0
2806235572179180,499880,78,2745,13365,0
2806235577288409,499880,78,2745,13365,0
2806235582398841,499880,78,2745,13365,0
2806235587508010,499880,78,2745,13365,0
2806235592616953,499880,78,2745,13365,0
2806235597726270,499880,78,2745,13365,0
2806235602835538,499880,78,2745,13365,0
2806235607944743,499880,78,2745,13365,0
2806235613053931,499880,78,2745,13365,0
2806235618182632,499880,78,2745,13365,0
2806235623293014,499880,78,2745,13365,0
2806235628403440,499880,78,2745,13365,0
2806235633514365,499880,78,2745,13365,0
2806235638623529,499880,78,2745,13365,0
2806235643732258,499880,78,2745,13365,0
2806235648841156,499880,78,2745,13365,0
2806235653950499,499880,78,2745,13365,0
2806235659059907,499880,78,2745,13365,0
2806235664169095,499880,78,2745,13365,0
2806235669278141,499880,78,2745,13365,0
2806235674387796,499880,78,2745,13365,0
2806235679497168,499880,78,2745,13365,0
2806235684608178,499880,78,2745,13365,0
2806235689717314,499880,78,2745,13365,0
2806235694827774,499880,78,2745,13365,0
2806235699936935,499880,78,2745,13365,0
2806235705046071,499880,78,2745,13365,0
2806235710155291,499880,78,2745,13365,0
2806235715264599,499880,78,2745,13365,0
2806235720373896,499880,78,2745,13365,0
2806235725484901,499880,78,2745,13365,0
2806235730594038,499880,78,2745,13365,0
2806235735704718,499880,78,2745,13365,0
2806235740814007,499880,78,2745,13365,0
2806235745922995,499880,78,2745,13365,0
2806235751032210,499880,78,2745,13365,0
2806235756141563,499880,78,2745,13365,0
2806235761251944,499880,78,2745,13365,0
2806235766360972,499880,78,2745,13365,0
2806235771470055,499880,78,2745,13365,0
2806235776579325,499880,78,2745,13365,0
2806235781688778,499880,78,2745,13365,0
2806235786799398,499880,78,2745,13365,0
2806235791909653,499880,78,2745,13365,0
2806235797019179,499880,78,2745,13365,0
2806235802128571,499880,78,2745,13365,0
2806235807237640,499880,78,2745,13365,0
2806235812346720,499880,78,2745,13365,0
2806235817455728,499880,78,2745,13365,0
2806235822564964,499880,78,2745,13365,0
2806235827674173,499880,78,2745,13365,0
2806235832783286,499880,78,2745,13365,0
2806235837894407,499880,78,2745,13365,0
2806235843025922,499880,78,2745,13365,0
2806235848135731,499880,78,2745,13365,0
2806235853244987,499880,78,2745,13365,0
2806235858354323,499880,78,2745,13365,0
2806235863463400,499880,78,2745,13365,0
2806235868572844,499880,78,2745,13365,0
2806235873681770,499880,78,2745,13365,0
2806235878792597,499880,78,2745,13365,0
2806235883902138,499880,78,2745,13365,0
2806235889028598,499880,78,2745,13365,0
2806235894138355,499880,78,2745,13365,0
2806235899247413,499880,78,2745,13365,0
2806235904356919,499880,78,2745,13365,0
2806235909466022,499880,78,2745,13365,0
2806235914575192,499880,78,2745,13365,0
2806235919684429,499880,78,2745,13365,0
2806235924794897,499880,78,2745,13365,0
2806235929904170,499880,78,2745,13365,0
2806235935029894,499880,78,2745,13365,0
2806235940140921,500194,78,2745,13365,0
2806235945250999,500194,78,2745,13365,0
2806235950359975,500194,78,2745,13365,0
2806235955469181,500194,78,2745,13365,0
2806235960578372,500194,78,2745,13365,0
2806235965687741,500194,78,2745,13365,0
2806235970798273,500194,78,2745,13365,0
2806235975907393,500194,78,2745,13365,0
2806235981029534,500194,78,2745,13365,0
2806235986138826,500194,78,2745,13365,0
2806235991249292,500194,78,2745,13365,0
2806235996358607,500194,78,2745,13365,0
2806236001467808,500194,78,2745,13365,0
2806236006576988,500194,78,2745,13365,0
2806236011685763,500194,78,2745,13365,0
2806236016795805,500194,78,2745,13365,0
2806236021904639,500194,78,2745,13365,0
2806236027027601,500194,78,2745,13365,0
2806236032153230,500194,78,2745,13365,0
2806236037262650,500194,78,2745,13365,0
2806236042373323,500194,78,2745,13365,0
2806236047482261,500194,78,2745,13365,0
2806236052591825,500194,78,2745,13365,0
2806236057701384,500194,78,2745,13365,0
2806236062812072,500194,78,2745,13365,0
2806236067921125,500194,78,2745,13365,0
2806236073030621,500194,78,2745,13365,0
2806236078139820,500194,78,2745,13365,0
2806236083249050,500194,78,2745,13365,0
2806236088358227,500194,78,2745,13365,0
2806236093470151,500194,78,2745,13365,0
2806236098579115,500194,78,2745,13365,0
2806236103688142,500194,78,2745,13365,0
2806236108797152,500194,78,2745,13365,0
2806236113906233,500194,78,2745,13365,0
2806236119032821,500194,78,2745,13365,0
2806236124142340,500194,78,2745,13365,0
2806236129251530,500194,78,2745,13365,0
2806236134360938,500194,78,2745,13365,0
2806236139470006,500194,78,2745,13365,0
2806236144580483,500194,78,2745,13365,0
2806236149689736,500194,78,2745,13365,0
2806236154800206,500194,78,2745,13365,0
2806236159909500,500194,78,2745,13365,0
2806236165018675,500194,78,2745,13365,0
2806236170135149,500194,78,2745,13365,0
2806236175244022,500194,78,2745,13365,0
2806236180353346,500194,78,2745,13365,0
2806236185463935,500194,78,2745,13365,0
2806236190573357,500194,78,2745,13365,0
2806236195683901,500194,78,2745,13365,0
2806236200793380,500194,78,2745,13365,0
2806236205902848,500194,78,2745,13365,0
2806236211032577,500194,78,2745,13365,0
2806236216142452,500194,78,2745,13365,0
2806236221251657,500194,78,2745,13365,0
2806236226360726,500194,78,2745,13365,0
2806236231469818,500194,78,2745,13365,0
2806236236578910,500194,78,2745,13365,0
2806236241688281,500194,78,2745,13365,0
2806236246800844,500194,78,2745,13365,0
2806236251910000,500194,78,2745,13365,0
2806236257019328,500194,78,2745,13365,0
2806236262128479,500194,78,2745,13365,0
2806236267237741,500194,78,2745,13365,0
2806236272346977,500194,78,2745,13365,0
2806236277457607,500194,78,2745,13365,0
2806236282566879,500194,78,2745,13365,0
2806236287676275,500194,78,2745,13365,0
2806236292785793,500194,78,2745,13365,0
2806236297896639,500194,78,2745,13365,0
2806236303024074,500194,78,2745,13365,0
2806236308133468,500194,78,2745,13365,0
2806236313242793,500194,78,2745,13365,0
2806236318352128,500194,78,2745,13365,0
2806236323461370,500194,78,2745,13365,0
2806236328570704,500194,78,2745,13365,0
2806236333680075,500194,78,2745,13365,0
2806236338790883,500194,78,2745,13365,0
2806236343900303,500194,78,2745,13365,0
2806236349028416,500194,78,2745,13365,0
2806236354137916,500194,78,2745,13365,0
2806236359247225,500194,78,2745,13365,0
2806236364356561,500194,78,2745,13365,0
2806236369465681,500194,78,2745,13365,0
2806236374574750,500194,78,2745,13365,0
2806236379684139,500194,78,2745,13365,0
2806236384793483,500194,78,2745,13365,0
2806236389902704,500194,78,2745,13365,0
2806236395029368,500194,78,2745,13365,0
2806236400140216,500194,78,2745,13365,0
2806236405249370,500194,78,2745,13365,0
2806236410358535,500194,78,2745,13365,0
2806236415467561,500194,78,2745,13365,0
2806236420576669,500194,78,2745,13365,0
2806236425686186,500194,78,2745,13365,0
2806236430796490,500194,78,2745,13365,0
2806236435905462,500194,78,2745,13365,0
2806236441028173,500115,78,2745,13365,0
2806236446138683,500115,78,2745,13365,0
2806236451263476,500115,78,2745,13365,0
2806236456372556,500115,78,2745,13365,0
2806236461481977,500115,78,2745,13365,0
2806236466591155,500115,78,2745,13365,0
2806236471700294,500115,78,2745,13365,0
2806236476810518,500115,78,2745,13365,0
2806236481919636,500115,78,2745,13365,0
2806236487028911,500115,78,2745,13365,0
2806236492137943,500115,78,2745,13365,0
2806236497247664,500115,78,2745,13365,0
2806236502358224,500115,78,2745,13365,0
2806236507467860,500115,78,2745,13365,0
2806236512577177,500115,78,2745,13365,0
2806236517686502,500115,78,2745,13365,0
2806236522795592,500115,78,2745,13365,0
2806236527904987,500115,78,2745,13365,0
2806236533079218,500115,78,2745,13365,0
2806236538191637,500115,78,2745,13365,0
2806236543300621,500115,78,2745,13365,0
2806236548409692,500115,78,2745,13365,0
2806236553520416,500115,78,2745,13365,0
2806236558630077,500115,78,2745,13365,0
2806236563739292,500115,78,2745,13365,0
2806236568849789,500115,78,2745,13365,0
2806236573959036,500115,78,2745,13365,0
2806236579068587,500115,78,2745,13365,0
2806236584177937,500115,78,2745,13365,0
2806236589288251,500115,78,2745,13365,0
2806236594397888,500115,78,2745,13365,0
2806236599507040,500115,78,2745,13365,0
2806236604617764,500115,78,2745,13365,0
2806236609726699,500115,78,2745,13365,0
2806236614835729,500115,78,2745,13365,0
2806236619947266,500115,78,2745,13365,0
2806236625056558,500115,78,2745,13365,0
2806236630165519,500115,78,2745,13365,0
2806236635274747,500115,78,2745,13365,0
2806236640384035,500115,78,2745,13365,0
2806236645493039,500115,78,2745,13365,0
2806236650602196,500115,78,2745,13365,0
2806236655714164,500115,78,2745,13365,0
2806236660823549,500115,78,2745,13365,0
2806236665932793,500115,78,2745,13365,0
2806236671042338,500115,78,2745,13365,0
2806236676151484,500115,78,2745,13365,0
2806236681261170,500115,78,2745,13365,0
2806236686387125,500115,78,2745,13365,0
2806236691496570,500115,78,2745,13365,0
2806236696605594,500115,78,2745,13365,0
2806236701714784,500115,78,2745,13365,0
2806236706825209,500115,78,2745,13365,0
2806236711934421,500115,78,2745,13365,0
2806236717043732,500115,78,2745,13365,0
2806236722152978,500115,78,2745,13365,0
2806236727262243,500115,78,2745,13365,0
2806236732371407,500115,78,2745,13365,0
2806236737480635,500115,78,2745,13365,0
2806236742589652,500115,78,2745,13365,0
2806236747698948,500115,78,2745,13365,0
2806236752809110,500115,78,2745,13365,0
2806236757920205,500115,78,2745,13365,0
2806236763029612,500115,78,2745,13365,0
2806236768138954,500115,78,2745,13365,0
2806236773248394,500115,78,2745,13365,0
2806236778357738,500115,78,2745,13365,0
2806236783468087,500115,78,2745,13365,0
2806236788577728,500115,78,2745,13365,0
2806236793686712,500115,78,2745,13365,0
2806236798796125,500115,78,2745,13365,0
2806236803905425,500115,78,2745,13365,0
2806236809034833,500115,78,2745,13365,0
2806236814145022,500115,78,2745,13365,0
2806236819254830,500115,78,2745,13365,0
2806236824363744,500115,78,2745,13365,0
2806236829473471,500115,78,2745,13365,0
2806236834582695,500115,78,2745,13365,0
2806236839692256,500115,78,2745,13365,0
2806236844802557,500115,78,2745,13365,0
2806236849912441,500115,78,2745,13365,0
2806236855021637,500115,78,2745,13365,0
2806236860134361,500115,78,2745,13365,0
2806236865243570,500115,78,2745,13365,0
2806236870354354,500115,78,2745,13365,0
2806236875465571,500115,78,2745,13365,0
2806236880575691,500115,78,2745,13365,0
2806236885685567,500115,78,2745,13365,0
2806236890795062,500115,78,2745,13365,0
2806236895905260,500115,78,2745,13365,0
2806236901029580,500115,78,2745,13365,0
2806236906141165,500115,78,2745,13365,0
2806236911252049,500115,78,2745,13365,0
2806236916361210,500115,78,2745,13365,0
2806236921472162,500115,78,2745,13365,0
2806236926581643,500115,78,2745,13365,0
2806236931690657,500115,78,2745,13365,0
2806236936799971,500115,78,2745,13365,0
2806236941909321,500311,78,2745,13365,0
2806236947019284,500311,78,2745,13365,0
2806236952130005,500311,78,2745,13365,0
2806236957239049,500311,78,2745,13365,0
2806236962349773,500311,78,2745,13365,0
2806236967458887,500311,78,2745,13365,0
2806236972568106,500311,78,2745,13365,0
2806236977677377,500311,78,2745,13365,0
2806236982786869,500311,78,2745,13365,0
2806236987896072,500311,78,2745,13365,0
2806236993026944,500311,78,2745,13365,0
2806236998136917,500311,78,2745,13365,0
2806237003265979,500311,78,2745,13365,0
2806237008374949,500311,78,2745,13365,0
2806237013485434,500311,78,2745,13365,0
2806237018594566,500311,78,2745,13365,0
2806237023703663,500311,78,2745,13365,0
2806237028814595,500311,78,2745,13365,0
2806237033923655,500311,78,2745,13365,0
2806237039032830,500311,78,2745,13365,0
2806237044142353,500311,78,2745,13365,0
2806237049251837,500311,78,2745,13365,0
2806237054361023,500311,78,2745,13365,0
2806237059470735,500311,78,2745,13365,0
2806237064581102,500311,78,2745,13365,0
2806237069690546,500311,78,2745,13365,0
2806237074799651,500311,78,2745,13365,0
2806237079909080,500311,78,2745,13365,0
2806237085018558,500311,78,2745,13365,0
2806237090127624,500311,78,2745,13365,0
2806237095238188,500311,78,2745,13365,0
2806237100347598,500311,78,2745,13365,0
2806237105456677,500311,78,2745,13365,0
2806237110566042,500311,78,2745,13365,0
2806237115676778,500311,78,2745,13365,0
2806237120785695,500311,78,2745,13365,0
2806237125896571,500311,78,2745,13365,0
2806237131027052,500311,78,2745,13365,0
2806237136136800,500311,78,2745,13365,0
2806237141246044,500311,78,2745,13365,0
2806237146355363,500311,78,2745,13365,0
2806237151464529,500311,78,2745,13365,0
2806237156573494,500311,78,2745,13365,0
2806237161682182,500311,78,2745,13365,0
2806237166794335,500311,78,2745,13365,0
2806237171903667,500311,78,2745,13365,0
2806237177028528,500311,78,2745,13365,0
2806237182138547,500311,78,2745,13365,0
2806237187247548,500311,78,2745,13365,0
2806237192356965,500311,78,2745,13365,0
2806237197466025,500311,78,2745,13365,0
2806237202575270,500311,78,2745,13365,0
2806237207684434,500311,78,2745,13365,0
2806237212794580,500311,78,2745,13365,0
2806237217905214,500311,78,2745,13365,0
2806237223029875,500311,78,2745,13365,0
2806237228140054,500311,78,2745,13365,0
2806237233249446,500311,78,2745,13365,0
2806237238358776,500311,78,2745,13365,0
2806237243468133,500311,78,2745,13365,0
2806237248577226,500311,78,2745,13365,0
2806237253686685,500311,78,2745,13365,0
2806237258797558,500311,78,2745,13365,0
2806237263906872,500311,78,2745,13365,0
2806237269030689,500311,78,2745,13365,0
2806237274140348,500311,78,2745,13365,0
2806237279249403,500311,78,2745,13365,0
2806237284358536,500311,78,2745,13365,0
2806237289467687,500311,78,2745,13365,0
2806237294576753,500311,78,2745,13365,0
2806237299686281,500311,78,2745,13365,0
2806237304797369,500311,78,2745,13365,0
2806237309906606,500311,78,2745,13365,0
2806237315020698,500311,78,2745,13365,0
2806237320131395,500311,78,2745,13365,0
2806237325241012,500311,78,2745,13365,0
2806237330350022,500311,78,2745,13365,0
2806237335459072,500311,78,2745,13365,0
2806237340584698,500311,78,2745,13365,0
2806237345695337,500311,78,2745,13365,0
2806237350804594,500311,78,2745,13365,0
2806237355913554,500311,78,2745,13365,0
2806237361022947,500311,78,2745,13365,0
2806237366132193,500311,78,2745,13365,0
2806237371242697,500311,78,2745,13365,0
2806237376351724,500311,78,2745,13365,0
2806237381461025,500311,78,2745,13365,0
2806237386570073,500311,78,2745,13365,0
2806237391679069,500311,78,2745,13365,0
2806237396806597,500311,78,2745,13365,0
2806237401915842,500311,78,2745,13365,0
2806237407025003,500311,78,2745,13365,0
2806237412135187,500311,78,2745,13365,0
2806237417244739,500311,78,2745,13365,0
2806237422355596,500311,78,2745,13365,0
2806237427464892,500311,78,2745,13365,0
2806237432574538,500311,78,2745,13365,0
2806237437683929,500311,78,2745,13365,0
2806237442793617,500572,78,2745,13365,0
2806237447903617,500572,78,2745,13365,0
2806237453033634,500572,78,2745,13365,0
2806237458143252,500572,78,2745,13365,0
2806237463252284,500572,78,2745,13365,0
2806237468361751,500572,78,2745,13365,0
2806237473472644,500572,78,2745,13365,0
2806237478581843,500572,78,2745,13365,0
2806237483691620,500572,78,2745,13365,0
2806237488801708,500572,78,2745,13365,0
2806237493912478,500572,78,2745,13365,0
2806237499023193,500572,78,2745,13365,0
2806237504133822,500572,78,2745,13365,0
2806237509244022,500572,78,2745,13365,0
2806237514355070,500572,78,2745,13365,0
2806237519465423,500572,78,2745,13365,0
2806237524576450,500572,78,2745,13365,0
2806237529686328,500572,78,2745,13365,0
2806237534797213,500572,78,2745,13365,0
2806237539907817,500572,78,2745,13365,0
2806237545018515,500572,78,2745,13365,0
2806237550129526,500572,78,2745,13365,0
2806237555239470,500572,78,2745,13365,0
2806237560353255,500572,78,2745,13365,0
2806237565463435,500572,78,2745,13365,0
2806237570574375,500572,78,2745,13365,0
2806237575686668,500572,78,2745,13365,0
2806237580796712,500572,78,2745,13365,0
2806237585906285,500572,78,2745,13365,0
2806237591068976,500572,78,2745,13365,0
2806237596179351,500572,78,2745,13365,0
2806237601288605,500572,78,2745,13365,0
2806237606397642,500572,78,2745,13365,0
2806237611506998,500572,78,2745,13365,0
2806237616617137,500572,78,2745,13365,0
2806237621726923,500572,78,2745,13365,0
2806237626839000,500572,78,2745,13365,0
2806237631948148,500572,78,2745,13365,0
2806237637057281,500572,78,2745,13365,0
2806237642166537,500572,78,2745,13365,0
2806237647275721,500572,78,2745,13365,0
2806237652385034,500572,78,2745,13365,0
2806237657495664,500572,78,2745,13365,0
2806237662605383,500572,78,2745,13365,0
2806237667715091,500572,78,2745,13365,0
2806237672824367,500572,78,2745,13365,0
2806237677935136,500572,78,2745,13365,0
2806237683044321,500572,78,2745,13365,0
2806237688153805,500572,78,2745,13365,0
2806237693263405,500572,78,2745,13365,0
2806237698372502,500572,78,2745,13365,0
2806237703481918,500572,78,2745,13365,0
2806237708590847,500572,78,2745,13365,0
2806237713699927,500572,78,2745,13365,0
2806237718809559,500572,78,2745,13365,0
2806237723920622,500572,78,2745,13365,0
2806237729031816,500572,78,2745,13365,0
2806237734140800,500572,78,2745,13365,0
2806237739249730,500572,78,2745,13365,0
2806237744358838,500572,78,2745,13365,0
2806237749468804,500572,78,2745,13365,0
2806237754579969,500572,78,2745,13365,0
2806237759690851,500572,78,2745,13365,0
2806237764802867,500572,78,2745,13365,0
2806237769913275,500572,78,2745,13365,0
2806237775025448,500572,78,2745,13365,0
2806237780138051,500572,78,2745,13365,0
2806237785249077,500572,78,2745,13365,0
2806237790359569,500572,78,2745,13365,0
2806237795470030,500572,78,2745,13365,0
2806237800581003,500572,78,2745,13365,0
2806237805690515,500572,78,2745,13365,0
2806237810799357,500572,78,2745,13365,0
2806237815910463,500572,78,2745,13365,0
2806237821021200,500572,78,2745,13365,0
2806237826130496,500572,78,2745,13365,0
2806237831242535,500572,78,2745,13365,0
2806237836352697,500572,78,2745,13365,0
2806237841463029,500572,78,2745,13365,0
2806237846574122,500572,78,2745,13365,0
2806237851695931,500572,78,2745,13365,0
2806237856805351,500572,78,2745,13365,0
2806237861914531,500572,78,2745,13365,0
2806237867023644,500572,78,2745,13365,0
2806237872132558,500572,78,2745,13365,0
2806237877241696,500572,78,2745,13365,0
2806237882353201,500572,78,2745,13365,0
2806237887462258,500572,78,2745,13365,0
2806237892571268,500572,78,2745,13365,0
2806237897680522,500572,78,2745,13365,0
2806237902789375,500572,78,2745,13365,0
2806237907898435,500572,78,2745,13365,0
2806237913031025,500572,78,2745,13365,0
2806237918140843,500572,78,2745,13365,0
2806237923250109,500572,78,2745,13365,0
2806237928359153,500572,78,2745,13365,0
2806237933469983,500572,78,2745,13365,0
2806237938580868,500572,78,2745,13365,0
2806237943691254,500762,79,2745,13365,0
2806237948803336,500762,79,2745,13365,0
2806237953914201,500762,79,2745,13365,0
2806237959023967,500762,79,2745,13365,0
2806237964134770,500762,79,2745,13365,0
2806237969245968,500762,79,2745,13365,0
2806237974356363,500762,79,2745,13365,0
2806237979466297,500762,79,2745,13365,0
2806237984577162,500762,79,2745,13365,0
2806237989687606,500762,79,2745,13365,0
2806237994815190,500762,79,2745,13365,0
2806237999925770,500762,79,2745,13365,0
2806238005038487,500762,79,2745,13365,0
2806238010149244,500762,79,2745,13365,0
2806238015279543,500762,79,2745,13365,0
2806238020389072,500762,79,2745,13365,0
2806238025498801,500762,79,2745,13365,0
2806238030608987,500762,79,2745,13365,0
2806238035722409,500762,79,2745,13365,0
2806238040837856,500762,79,2745,13365,0
2806238045948618,500762,79,2745,13365,0
2806238051078486,500762,79,2745,13365,0
2806238056228314,500762,79,2745,13365,0
2806238061339462,500762,79,2745,13365,0
2806238066449677,500762,79,2745,13365,0
2806238071559216,500762,79,2745,13365,0
2806238076669861,500762,79,2745,13365,0
2806238081781600,500762,79,2745,13365,0
2806238086893485,500762,79,2745,13365,0
2806238092031299,500762,79,2745,13365,0
2806238097141398,500762,79,2745,13365,0
2806238102252168,500762,79,2745,13365,0
2806238107362047,500762,79,2745,13365,0
2806238112472206,500762,79,2745,13365,0
2806238117582191,500762,79,2745,13365,0
2806238122694166,500762,79,2745,13365,0
2806238127805051,500762,79,2745,13365,0
2806238132916755,500762,79,2745,13365,0
2806238138027933,500762,79,2745,13365,0
2806238143137563,500762,79,2745,13365,0
2806238148248306,500762,79,2745,13365,0
2806238153358532,500762,79,2745,13365,0
2806238158470026,500762,79,2745,13365,0
2806238163580599,500762,79,2745,13365,0
2806238168692687,500762,79,2745,13365,0
2806238173803664,500762,79,2745,13365,0
2806238178913449,500762,79,2745,13365,0
2806238184024559,500762,79,2745,13365,0
2806238189136921,500762,79,2745,13365,0
2806238194272837,500762,79,2745,13365,0
2806238199383714,500762,79,2745,13365,0
2806238204502710,500762,79,2745,13365,0
2806238209612990,500762,79,2745,13365,0
2806238214724525,500762,79,2745,13365,0
2806238219834968,500762,79,2745,13365,0
2806238224945820,500762,79,2745,13365,0
2806238230072312,500762,79,2745,13365,0
2806238235182723,500762,79,2745,13365,0
2806238240293969,500762,79,2745,13365,0
2806238245404117,500762,79,2745,13365,0
2806238250515089,500762,79,2745,13365,0
2806238255625314,500762,79,2745,13365,0
2806238260734599,500762,79,2745,13365,0
2806238265844143,500762,79,2745,13365,0
2806238270959127,500762,79,2745,13365,0
2806238276068116,500762,79,2745,13365,0
2806238281180922,500762,79,2745,13365,0
2806238286290633,500762,79,2745,13365,0
2806238291401191,500762,79,2745,13365,0
2806238296510425,500762,79,2745,13365,0
2806238301619430,500762,79,2745,13365,0
2806238306728714,500762,79,2745,13365,0
2806238311837994,500762,79,2745,13365,0
2806238316948803,500762,79,2745,13365,0
2806238322057776,500762,79,2745,13365,0
2806238327167017,500762,79,2745,13365,0
2806238332276056,500762,79,2745,13365,0
2806238337385321,500762,79,2745,13365,0
2806238342495610,500762,79,2745,13365,0
2806238347606673,500762,79,2745,13365,0
2806238352715644,500762,79,2745,13365,0
2806238357824771,500762,79,2745,13365,0
2806238362933628,500762,79,2745,13365,0
2806238368043796,500762,79,2745,13365,0
2806238373155088,500762,79,2745,13365,0
2806238378266252,500762,79,2745,13365,0
2806238383375569,500762,79,2745,13365,0
2806238388485425,500762,79,2745,13365,0
2806238393596105,500762,79,2745,13365,0
2806238398705162,500762,79,2745,13365,0
2806238403814122,500762,79,2745,13365,0
2806238408924783,500762,79,2745,13365,0
2806238414034539,500762,79,2745,13365,0
2806238419161344,500762,79,2745,13365,0
2806238424270644,500762,79,2745,13365,0
2806238429380493,500762,79,2745,13365,0
2806238434490048,500762,79,2745,13365,0
2806238439600221,500822,79,2745,13365,0
2806238444712050,500822,79,2745,13365,0
2806238449822348,500822,79,2745,13365,0
2806238454932627,500822,79,2745,13365,0
2806238460041739,500822,79,2745,13365,0
2806238465170836,500822,79,2745,13365,0
2806238470280833,500822,79,2745,13365,0
2806238475391805,500822,79,2745,13365,0
2806238480500922,500822,79,2745,13365,0
2806238485609933,500822,79,2745,13365,0
2806238490719209,500822,79,2745,13365,0
2806238495829656,500822,79,2745,13365,0
2806238500938420,500822,79,2745,13365,0
2806238506048495,500822,79,2745,13365,0
2806238511157515,500822,79,2745,13365,0
2806238516266591,500822,79,2745,13365,0
2806238521377856,500822,79,2745,13365,0
2806238526487864,500822,79,2745,13365,0
2806238531598961,500822,79,2745,13365,0
2806238536709802,500822,79,2745,13365,0
2806238541820786,500822,79,2745,13365,0
2806238546932332,500822,79,2745,13365,0
2806238552041330,500822,79,2745,13365,0
2806238557150801,500822,79,2745,13365,0
2806238562261091,500822,79,2745,13365,0
2806238567371038,500822,79,2745,13365,0
2806238572479944,500822,79,2745,13365,0
2806238577589337,500822,79,2745,13365,0
2806238582698469,500822,79,2745,13365,0
2806238587807762,500822,79,2745,13365,0
2806238592917162,500822,79,2745,13365,0
2806238598027431,500822,79,2745,13365,0
2806238603137115,500822,79,2745,13365,0
2806238608248099,500822,79,2745,13365,0
2806238613357123,500822,79,2745,13365,0
2806238618466016,500822,79,2745,13365,0
2806238623575097,500822,79,2745,13365,0
2806238628684673,500822,79,2745,13365,0
2806238633793929,500822,79,2745,13365,0
2806238638904874,500822,79,2745,13365,0
2806238644058426,500822,79,2745,13365,0
2806238649186374,500822,79,2745,13365,0
2806238654295645,500822,79,2745,13365,0
2806238659404643,500822,79,2745,13365,0
2806238664513479,500822,79,2745,13365,0
2806238669622584,500822,79,2745,13365,0
2806238674731652,500822,79,2745,13365,0
2806238679841055,500822,79,2745,13365,0
2806238684950521,500822,79,2745,13365,0
2806238690059974,500822,79,2745,13365,0
2806238695169994,500822,79,2745,13365,0
2806238700280287,500822,79,2745,13365,0
2806238705389539,500822,79,2745,13365,0
2806238710502754,500822,79,2745,13365,0
2806238715611957,500822,79,2745,13365,0
2806238720721464,500822,79,2745,13365,0
2806238725830756,500822,79,2745,13365,0
2806238730947137,500822,79,2745,13365,0
2806238736056421,500822,79,2745,13365,0
2806238741165658,500822,79,2745,13365,0
2806238746276194,500822,79,2745,13365,0
2806238751386622,500822,79,2745,13365,0
2806238756495761,500822,79,2745,13365,0
2806238761604645,500822,79,2745,13365,0
2806238766713560,500822,79,2745,13365,0
2806238771822745,500822,79,2745,13365,0
2806238776933151,500822,79,2745,13365,0
2806238782042350,500822,79,2745,13365,0
2806238787164180,500822,79,2745,13365,0
2806238792273786,500822,79,2745,13365,0
2806238797382898,500822,79,2745,13365,0
2806238802495023,500822,79,2745,13365,0
2806238807604263,500822,79,2745,13365,0
2806238812714855,500822,79,2745,13365,0
2806238817824084,500822,79,2745,13365,0
2806238822933064,500822,79,2745,13365,0
2806238828041975,500822,79,2745,13365,0
2806238833150920,500822,79,2745,13365,0
2806238838259834,500822,79,2745,13365,0
2806238843370558,500822,79,2745,13365,0
2806238848479351,500822,79,2745,13365,0
2806238853589925,500822,79,2745,13365,0
2806238858699187,500822,79,2745,13365,0
2806238863808464,500822,79,2745,13365,0
2806238868917789,500822,79,2745,13365,0
2806238874026888,500822,79,2745,13365,0
2806238879136021,500822,79,2745,13365,0
2806238884245238,500822,79,2745,13365,0
2806238889354316,500822,79,2745,13365,0
2806238894463466,500822,79,2745,13365,0
2806238899572735,500822,79,2745,13365,0
2806238904685115,500822,79,2745,13365,0
2806238909794246,500822,79,2745,13365,0
2806238914903258,500822,79,2745,13365,0
2806238920029633,500822,79,2745,13365,0
2806238925138945,500822,79,2745,13365,0
2806238930248042,500822,79,2745,13365,0
2806238935357368,500822,79,2745,13365,0
2806238940466333,500712,79,2745,13365,0
2806238945576259,500712,79,2745,13365,0
2806238950685275,500712,79,2745,13365,0
2806238955797395,500712,79,2745,13365,0
2806238960906364,500712,79,2745,13365,0
2806238966028800,500712,79,2745,13365,0
2806238971138645,500712,79,2745,13365,0
2806238976247503,500712,79,2745,13365,0
2806238981356854,500712,79,2745,13365,0
2806238986465680,500712,79,2745,13365,0
2806238991556797,500712,79,2745,13365,0
2806238996666295,500712,79,2745,13365,0
2806239001776439,500712,79,2745,13365,0
2806239006887110,500712,79,2745,13365,0
2806239011996484,500712,79,2745,13365,0
2806239017124361,500712,79,2745,13365,0
2806239022233523,500712,79,2745,13365,0
2806239027342601,500712,79,2745,13365,0
2806239032452102,500712,79,2745,13365,0
2806239037561330,500712,79,2745,13365,0
2806239042670607,500712,79,2745,13365,0
2806239047781659,500712,79,2745,13365,0
2806239052891063,500712,79,2745,13365,0
2806239058017992,500712,79,2745,13365,0
2806239063127237,500712,79,2745,13365,0
2806239068236403,500712,79,2745,13365,0
2806239073349849,500712,79,2745,13365,0
2806239078459501,500712,79,2745,13365,0
2806239083568406,500712,79,2745,13365,0
2806239088677403,500712,79,2745,13365,0
2806239093786531,500712,79,2745,13365,0
2806239098896229,500712,79,2745,13365,0
2806239104021247,500712,79,2745,13365,0
2806239109132396,500712,79,2745,13365,0
2806239114241676,500712,79,2745,13365,0
2806239119350913,500712,79,2745,13365,0
2806239124460553,500712,79,2745,13365,0
2806239129569626,500712,79,2745,13365,0
2806239134678790,500712,79,2745,13365,0
2806239139789554,500712,79,2745,13365,0
2806239144898703,500712,79,2745,13365,0
2806239150023379,500712,79,2745,13365,0
2806239155132858,500712,79,2745,13365,0
2806239160257300,500712,79,2745,13365,0
2806239165366545,500712,79,2745,13365,0
2806239170475609,500712,79,2745,13365,0
2806239175584589,500712,79,2745,13365,0
2806239180693486,500712,79,2745,13365,0
2806239185803823,500712,79,2745,13365,0
2806239190913147,500712,79,2745,13365,0
2806239196022088,500712,79,2745,13365,0
2806239201131423,500712,79,2745,13365,0
2806239206242200,500712,79,2745,13365,0
2806239211365532,500712,79,2745,13365,0
2806239216475400,500712,79,2745,13365,0
2806239221584757,500712,79,2745,13365,0
2806239226694309,500712,79,2745,13365,0
2806239231803554,500712,79,2745,13365,0
2806239236913698,500712,79,2745,13365,0
2806239242023046,500712,79,2745,13365,0
2806239247132287,500712,79,2745,13365,0
2806239252241851,500712,79,2745,13365,0
2806239257350844,500712,79,2745,13365,0
2806239262461457,500712,79,2745,13365,0
2806239267572013,500712,79,2745,13365,0
2806239272681440,500712,79,2745,13365,0
2806239277790810,500712,79,2745,13365,0
2806239282899838,500712,79,2745,13365,0
2806239288030653,500712,79,2745,13365,0
2806239293140427,500712,79,2745,13365,0
2806239298249669,500712,79,2745,13365,0
2806239303376554,500712,79,2745,13365,0
2806239308488665,500712,79,2745,13365,0
2806239313599264,500712,79,2745,13365,0
2806239318708409,500712,79,2745,13365,0
2806239323817262,500712,79,2745,13365,0
2806239328926358,500712,79,2745,13365,0
2806239334035858,500712,79,2745,13365,0
2806239339145990,500712,79,2745,13365,0
2806239344255376,500712,79,2745,13365,0
2806239349365066,500712,79,2745,13365,0
2806239354473644,500712,79,2745,13365,0
2806239359582884,500712,79,2745,13365,0
2806239364693797,500712,79,2745,13365,0
2806239369804202,500712,79,2745,13365,0
2806239374913336,500712,79,2745,13365,0
2806239380022794,500712,79,2745,13365,0
2806239385131997,500712,79,2745,13365,0
2806239390242559,500712,79,2745,13365,0
2806239395351820,500712,79,2745,13365,0
2806239400461160,500712,79,2745,13365,0
2806239405570440,500712,79,2745,13365,0
2806239410679765,500712,79,2745,13365,0
2806239415791133,500712,79,2745,13365,0
2806239420901437,500712,79,2745,13365,0
2806239426026432,500712,79,2745,13365,0
2806239431135966,500712,79,2745,13365,0
2806239436245074,500712,79,2745,13365,0
2806239441354103,501109,79,2745,13365,0
2806239446464039,501109,79,2745,13365,0
2806239451573384,501109,79,2745,13365,0
2806239456682473,501109,79,2745,13365,0
2806239461792956,501109,79,2745,13365,0
2806239466903722,501109,79,2745,13365,0
2806239472029926,501109,79,2745,13365,0
2806239477139638,501109,79,2745,13365,0
2806239482248788,501109,79,2745,13365,0
2806239487358338,501109,79,2745,13365,0
2806239492467437,501109,79,2745,13365,0
2806239497576894,501109,79,2745,13365,0
2806239502685996,501109,79,2745,13365,0
2806239507796323,501109,79,2745,13365,0
2806239512905495,501109,79,2745,13365,0
2806239518029521,501109,79,2745,13365,0
2806239523139230,501109,79,2745,13365,0
2806239528248394,501109,79,2745,13365,0
2806239533357205,501109,79,2745,13365,0
2806239538466564,501109,79,2745,13365,0
2806239543575703,501109,79,2745,13365,0
2806239548685198,501109,79,2745,13365,0
2806239553795717,501109,79,2745,13365,0
2806239558905393,501109,79,2745,13365,0
2806239564036385,501109,79,2745,13365,0
2806239569148074,501109,79,2745,13365,0
2806239574257302,501109,79,2745,13365,0
2806239579366243,501109,79,2745,13365,0
2806239584475389,501109,79,2745,13365,0
2806239589595793,501109,79,2745,13365,0
2806239594705100,501109,79,2745,13365,0
2806239599816272,501109,79,2745,13365,0
2806239604926087,501109,79,2745,13365,0
2806239610035061,501109,79,2745,13365,0
2806239615144390,501109,79,2745,13365,0
2806239620255073,501109,79,2745,13365,0
2806239625364378,501109,79,2745,13365,0
2806239630473756,501109,79,2745,13365,0
2806239635582819,501109,79,2745,13365,0
2806239640691751,501109,79,2745,13365,0
2806239645800482,501109,79,2745,13365,0
2806239650909832,501109,79,2745,13365,0
2806239656018984,501109,79,2745,13365,0
2806239661128673,501109,79,2745,13365,0
2806239666239193,501109,79,2745,13365,0
2806239671349944,501109,79,2745,13365,0
2806239676459498,501109,79,2745,13365,0
2806239681568521,501109,79,2745,13365,0
2806239686677311,501109,79,2745,13365,0
2806239691786336,501109,79,2745,13365,0
2806239696896884,501109,79,2745,13365,0
2806239702027020,501109,79,2745,13365,0
2806239707132725,501109,79,2745,13365,0
2806239712299341,501109,79,2745,13365,0
2806239717424773,501109,79,2745,13365,0
2806239722535408,501109,79,2745,13365,0
2806239727644646,501109,79,2745,13365,0
2806239732754384,501109,79,2745,13365,0
2806239737865599,501109,79,2745,13365,0
2806239742975095,501109,79,2745,13365,0
2806239748084230,501109,79,2745,13365,0
2806239753193359,501109,79,2745,13365,0
2806239758302444,501109,79,2745,13365,0
2806239763411365,501109,79,2745,13365,0
2806239768521910,501109,79,2745,13365,0
2806239773632902,501109,79,2745,13365,0
2806239778741922,501109,79,2745,13365,0
2806239783851175,501109,79,2745,13365,0
2806239788961995,501109,79,2745,13365,0
2806239794072897,501109,79,2745,13365,0
2806239799184088,501109,79,2745,13365,0
2806239804294857,501109,79,2745,13365,0
2806239809405169,501109,79,2745,13365,0
2806239814516082,501109,79,2745,13365,0
2806239819625961,501109,79,2745,13365,0
2806239824738178,501109,79,2745,13365,0
2806239829848995,501109,79,2745,13365,0
2806239834960251,501109,79,2745,13365,0
2806239840071519,501109,79,2745,13365,0
2806239845227583,501109,79,2745,13365,0
2806239850337880,501109,79,2745,13365,0
2806239855448481,501109,79,2745,13365,0
2806239860559376,501109,79,2745,13365,0
2806239865669521,501109,79,2745,13365,0
2806239870780123,501109,79,2745,13365,0
2806239875892568,501109,79,2745,13365,0
2806239881017146,501109,79,2745,13365,0
2806239886128022,501109,79,2745,13365,0
2806239891297095,501109,79,2745,13365,0
2806239896407077,501109,79,2745,13365,0
2806239901517151,501109,79,2745,13365,0
2806239906627292,501109,79,2745,13365,0
2806239911737216,501109,79,2745,13365,0
2806239916848169,501109,79,2745,13365,0
2806239921959497,501109,79,2745,13365,0
2806239927071984,501109,79,2745,13365,0
2806239932234737,501109,79,2745,13365,0
2806239937345647,501109,79,2745,13365,0
2806239942456771,501543,79,2745,13365,0
2806239947568641,501543,79,2745,13365,0
2806239952678751,501543,79,2745,13365,0
2806239957806324,501543,79,2745,13365,0
2806239962916276,501543,79,2745,13365,0
2806239968026573,501543,79,2745,13365,0
2806239973136633,501543,79,2745,13365,0
2806239978248029,501543,79,2745,13365,0
2806239983358081,501543,79,2745,13365,0
2806239988468662,501543,79,2745,13365,0
2806239993579930,501543,79,2745,13365,0
2806239998690833,501543,79,2745,13365,0
2806240003802028,501543,79,2745,13365,0
2806240008912484,501543,79,2745,13365,0
2806240014022988,501543,79,2745,13365,0
2806240019133321,501543,79,2745,13365,0
2806240024243702,501543,79,2745,13365,0
2806240029355317,501543,79,2745,13365,0
2806240034466566,501543,79,2745,13365,0
2806240039577679,501543,79,2745,13365,0
2806240044688578,501543,79,2745,13365,0
2806240049799755,501543,79,2745,13365,0
2806240054912014,501543,79,2745,13365,0
2806240060023246,501543,79,2745,13365,0
2806240065134217,501543,79,2745,13365,0
2806240070244493,501543,79,2745,13365,0
2806240075354405,501543,79,2745,13365,0
2806240080465996,501543,79,2745,13365,0
2806240085576440,501543,79,2745,13365,0
2806240090687065,501543,79,2745,13365,0
2806240095797149,501543,79,2745,13365,0
2806240100906435,501543,79,2745,13365,0
2806240106031076,501543,79,2745,13365,0
2806240111141224,501543,79,2745,13365,0
2806240116251296,501543,79,2745,13365,0
2806240121360093,501543,79,2745,13365,0
2806240126469378,501543,79,2745,13365,0
2806240131579930,501543,79,2745,13365,0
2806240136689163,501543,79,2745,13365,0
2806240141799811,501543,79,2745,13365,0
2806240146909003,501543,79,2745,13365,0
2806240152018396,501543,79,2745,13365,0
2806240157127544,501543,79,2745,13365,0
2806240162236734,501543,79,2745,13365,0
2806240167345869,501543,79,2745,13365,0
2806240172456810,501543,79,2745,13365,0
2806240177567518,501543,79,2745,13365,0
2806240182680030,501543,79,2745,13365,0
2806240187790351,501543,79,2745,13365,0
2806240192899953,501543,79,2745,13365,0
2806240198027307,501543,79,2745,13365,0
2806240203137271,501543,79,2745,13365,0
2806240208246420,501543,79,2745,13365,0
2806240213356089,501543,79,2745,13365,0
2806240218465409,501543,79,2745,13365,0
2806240223574319,501543,79,2745,13365,0
2806240228683290,501543,79,2745,13365,0
2806240233794958,501543,79,2745,13365,0
2806240238904239,501543,79,2745,13365,0
2806240244031659,501543,79,2745,13365,0
2806240249142447,501543,79,2745,13365,0
2806240254252579,501543,79,2745,13365,0
2806240259362620,501543,79,2745,13365,0
2806240264472948,501543,79,2745,13365,0
2806240269583009,501543,79,2745,13365,0
2806240274693018,501543,79,2745,13365,0
2806240279802182,501543,79,2745,13365,0
2806240284914662,501543,79,2745,13365,0
2806240290024030,501543,79,2745,13365,0
2806240295132907,501543,79,2745,13365,0
2806240300242248,501543,79,2745,13365,0
2806240305351408,501543,79,2745,13365,0
2806240310460604,501543,79,2745,13365,0
2806240315569772,501543,79,2745,13365,0
2806240320680922,501543,79,2745,13365,0
2806240325791621,501543,79,2745,13365,0
2806240330917200,501543,79,2745,13365,0
2806240336029546,501543,79,2745,13365,0
2806240341139807,501543,79,2745,13365,0
2806240346249060,501543,79,2745,13365,0
2806240351358569,501543,79,2745,13365,0
2806240356469236,501543,79,2745,13365,0
2806240361578545,501543,79,2745,13365,0
2806240366689629,501543,79,2745,13365,0
2806240371799062,501543,79,2745,13365,0
2806240376908942,501543,79,2745,13365,0
2806240382032914,501543,79,2745,13365,0
2806240387143448,501543,79,2745,13365,0
2806240392252923,501543,79,2745,13365,0
2806240397362483,501543,79,2745,13365,0
2806240402472196,501543,79,2745,13365,0
2806240407581577,501543,79,2745,13365,0
2806240412690696,501543,79,2745,13365,0
2806240417800073,501543,79,2745,13365,0
2806240422909457,501543,79,2745,13365,0
2806240428018911,501543,79,2745,13365,0
2806240433130059,501543,79,2745,13365,0
2806240438240545,501543,79,2745,13365,0
2806240443349948,501113,79,2745,13365,0
2806240448459936,501113,79,2745,13365,0
2806240453569144,501113,79,2745,13365,0
2806240458678132,501113,79,2745,13365,0
2806240463788985,501113,79,2745,13365,0
2806240468898092,501113,79,2745,13365,0
2806240474028629,501113,79,2745,13365,0
2806240479138582,501113,79,2745,13365,0
2806240484247399,501113,79,2745,13365,0
2806240489358435,501113,79,2745,13365,0
2806240494467527,501113,79,2745,13365,0
2806240499577284,501113,79,2745,13365,0
2806240504686444,501113,79,2745,13365,0
2806240509797656,501113,79,2745,13365,0
2806240514906801,501113,79,2745,13365,0
2806240520054430,501113,79,2745,13365,0
2806240525164660,501113,79,2745,13365,0
2806240530273674,501113,79,2745,13365,0
2806240535382994,501113,79,2745,13365,0
2806240540493643,501113,79,2745,13365,0
2806240545602620,501113,79,2745,13365,0
2806240550711720,501113,79,2745,13365,0
2806240555822126,501113,79,2745,13365,0
2806240560931673,501113,79,2745,13365,0
2806240566040490,501113,79,2745,13365,0
2806240571149769,501113,79,2745,13365,0
2806240576258658,501113,79,2745,13365,0
2806240581367669,501113,79,2745,13365,0
2806240586483393,501113,79,2745,13365,0
2806240591594027,501113,79,2745,13365,0
2806240596702964,501113,79,2745,13365,0
2806240601812076,501113,79,2745,13365,0
2806240606921130,501113,79,2745,13365,0
2806240612041713,501113,79,2745,13365,0
2806240617150554,501113,79,2745,13365,0
2806240622261066,501113,79,2745,13365,0
2806240627370383,501113,79,2745,13365,0
2806240632479682,501113,79,2745,13365,0
2806240637588795,501113,79,2745,13365,0
2806240642699336,501113,79,2745,13365,0
2806240647808188,501113,79,2745,13365,0
2806240652918596,501113,79,2745,13365,0
2806240658027897,501113,79,2745,13365,0
2806240663136801,501113,79,2745,13365,0
2806240668245793,501113,79,2745,13365,0
2806240673354616,501113,79,2745,13365,0
2806240678463707,501113,79,2745,13365,0
2806240683573305,501113,79,2745,13365,0
2806240688682441,501113,79,2745,13365,0
2806240693793144,501113,79,2745,13365,0
2806240698901984,501113,79,2745,13365,0
2806240704031040,501113,79,2745,13365,0
2806240709140373,501113,79,2745,13365,0
2806240714249404,501113,79,2745,13365,0
2806240719358868,501113,79,2745,13365,0
2806240724468366,501113,79,2745,13365,0
2806240729577370,501113,79,2745,13365,0
2806240734686483,501113,79,2745,13365,0
2806240739797135,501113,79,2745,13365,0
2806240744907810,501113,79,2745,13365,0
2806240750031109,501113,79,2745,13365,0
2806240755140759,501113,79,2745,13365,0
2806240760249805,501113,79,2745,13365,0
2806240765358877,501113,79,2745,13365,0
2806240770467950,501113,79,2745,13365,0
2806240775576984,501113,79,2745,13365,0
2806240780685883,501113,79,2745,13365,0
2806240785796155,501113,79,2745,13365,0
2806240790905204,501113,79,2745,13365,0
2806240796028900,501113,79,2745,13365,0
2806240801138353,501113,79,2745,13365,0
2806240806247296,501113,79,2745,13365,0
2806240811356461,501113,79,2745,13365,0
2806240816465654,501113,79,2745,13365,0
2806240821574566,501113,79,2745,13365,0
2806240826683959,501113,79,2745,13365,0
2806240831794685,501113,79,2745,13365,0
2806240836903979,501113,79,2745,13365,0
2806240842028842,501113,79,2745,13365,0
2806240847139598,501113,79,2745,13365,0
2806240852248856,501113,79,2745,13365,0
2806240857357937,501113,79,2745,13365,0
2806240862467254,501113,79,2745,13365,0
2806240867576456,501113,79,2745,13365,0
2806240872699639,501113,79,2745,13365,0
2806240877809903,501113,79,2745,13365,0
2806240882919147,501113,79,2745,13365,0
2806240888028494,501113,79,2745,13365,0
2806240893137366,501113,79,2745,13365,0
2806240898247903,501113,79,2745,13365,0
2806240903357080,501113,79,2745,13365,0
2806240908467546,501113,79,2745,13365,0
2806240913576565,501113,79,2745,13365,0
2806240918685866,501113,79,2745,13365,0
2806240923795630,501113,79,2745,13365,0
2806240928905335,501113,79,2745,13365,0
2806240934031272,501113,79,2745,13365,0
2806240939141151,501113,79,2745,13365,0
2806240944250396,500847,79,2745,13365,0
2806240949361521,500847,79,2745,13365,0
2806240954470681,500847,79,2745,13365,0
2806240959579894,500847,79,2745,13365,0
2806240964688850,500847,79,2745,13365,0
2806240969799263,500847,79,2745,13365,0
2806240974908071,500847,79,2745,13365,0
2806240980030286,500847,79,2745,13365,0
2806240985139892,500847,79,2745,13365,0
2806240990249095,500847,79,2745,13365,0
2806240995358168,500847,79,2745,13365,0
2806241000469420,500847,79,2745,13365,0
2806241005578275,500847,79,2745,13365,0
2806241010687547,500847,79,2745,13365,0
2806241015797184,500847,79,2745,13365,0
2806241020906207,500847,79,2745,13365,0
2806241026034233,500847,79,2745,13365,0
2806241031143965,500847,79,2745,13365,0
2806241036253182,500847,79,2745,13365,0
2806241041361984,500847,79,2745,13365,0
2806241046471065,500847,79,2745,13365,0
2806241051581755,500847,79,2745,13365,0
2806241056690929,500847,79,2745,13365,0
2806241061801558,500847,79,2745,13365,0
2806241066910534,500847,79,2745,13365,0
2806241072019326,500847,79,2745,13365,0
2806241077128537,500847,79,2745,13365,0
2806241082237771,500847,79,2745,13365,0
2806241087347014,500847,79,2745,13365,0
2806241092456345,500847,79,2745,13365,0
2806241097565749,500847,79,2745,13365,0
2806241102676529,500847,79,2745,13365,0
2806241107785824,500847,79,2745,13365,0
2806241112894742,500847,79,2745,13365,0
2806241118024662,500847,79,2745,13365,0
2806241123134639,500847,79,2745,13365,0
2806241128243809,500847,79,2745,13365,0
2806241133352871,500847,79,2745,13365,0
2806241138462124,500847,79,2745,13365,0
2806241143572620,500847,79,2745,13365,0
2806241148681825,500847,79,2745,13365,0
2806241153792458,500847,79,2745,13365,0
2806241158901682,500847,79,2745,13365,0
2806241164026792,500847,79,2745,13365,0
2806241169136011,500847,79,2745,13365,0
2806241174245147,500847,79,2745,13365,0
2806241179354195,500847,79,2745,13365,0
2806241184463359,500847,79,2745,13365,0
2806241189572440,500847,79,2745,13365,0
2806241194694117,500847,79,2745,13365,0
2806241199804453,500847,79,2745,13365,0
2806241204915142,500847,79,2745,13365,0
2806241210025665,500847,79,2745,13365,0
2806241215135216,500847,79,2745,13365,0
2806241220244403,500847,79,2745,13365,0
2806241225353265,500847,79,2745,13365,0
2806241230462359,500847,79,2745,13365,0
2806241235571500,500847,79,2745,13365,0
2806241240681984,500847,79,2745,13365,0
2806241245791297,500847,79,2745,13365,0
2806241250900507,500847,79,2745,13365,0
2806241256026897,500847,79,2745,13365,0
2806241261136726,500847,79,2745,13365,0
2806241266262255,500847,79,2745,13365,0
2806241271371305,500847,79,2745,13365,0
2806241276480511,500847,79,2745,13365,0
2806241281589661,500847,79,2745,13365,0
2806241286761292,500847,79,2745,13365,0
2806241291872416,500847,79,2745,13365,0
2806241296981821,500847,79,2745,13365,0
2806241302091337,500847,79,2745,13365,0
2806241307202190,500847,79,2745,13365,0
2806241312311293,500847,79,2745,13365,0
2806241317420330,500847,79,2745,13365,0
2806241322529594,500847,79,2745,13365,0
2806241327638607,500847,79,2745,13365,0
2806241332747700,500847,79,2745,13365,0
2806241337857128,500847,79,2745,13365,0
2806241342966626,500847,79,2745,13365,0
2806241348075620,500847,79,2745,13365,0
2806241353184550,500847,79,2745,13365,0
2806241358295242,500847,79,2745,13365,0
2806241363404418,500847,79,2745,13365,0
2806241368513949,500847,79,2745,13365,0
2806241373623079,500847,79,2745,13365,0
2806241378732047,500847,79,2745,13365,0
2806241383840940,500847,79,2745,13365,0
2806241388950984,500847,79,2745,13365,0
2806241394060324,500847,79,2745,13365,0
2806241399169725,500847,79,2745,13365,0
2806241404278905,500847,79,2745,13365,0
2806241409389674,500847,79,2745,13365,0
2806241414498750,500847,79,2745,13365,0
2806241419609282,500847,79,2745,13365,0
2806241424718647,500847,79,2745,13365,0
2806241429827380,500847,79,2745,13365,0
2806241434936464,500847,79,2745,13365,0
2806241440045751,502656,79,2775,13365,0
2806241445155425,502656,79,2775,13365,0
2806241450264887,502656,79,2775,13365,0
2806241455374044,502656,79,2775,13365,0
2806241460484878,502656,79,2775,13365,0
2806241465593986,502656,79,2775,13365,0
2806241470703037,502656,79,2775,13365,0
2806241475812136,502656,79,2775,13365,0
2806241480921496,502656,79,2775,13365,0
2806241486041544,502656,79,2775,13365,0
2806241491150634,502656,79,2775,13365,0
2806241496259989,502656,79,2775,13365,0
2806241501369073,502656,79,2775,13365,0
2806241506478182,502656,79,2775,13365,0
2806241511588598,502656,79,2775,13365,0
2806241516699019,502656,79,2775,13365,0
2806241521808401,502656,79,2775,13365,0
2806241526917713,502656,79,2775,13365,0
2806241532026884,502656,79,2775,13365,0
2806241537135704,502656,79,2775,13365,0
2806241542244912,502656,79,2775,13365,0
2806241547353742,502656,79,2775,13365,0
2806241552462948,502656,79,2775,13365,0
2806241557571942,502656,79,2775,13365,0
2806241562682543,502656,79,2775,13365,0
2806241567791669,502656,79,2775,13365,0
2806241572900675,502656,79,2775,13365,0
2806241578030984,502656,79,2775,13365,0
2806241583140172,502656,79,2775,13365,0
2806241588249252,502656,79,2775,13365,0
2806241593358473,502656,79,2775,13365,0
2806241598467686,502656,79,2775,13365,0
2806241603576802,502656,79,2775,13365,0
2806241608686095,502656,79,2775,13365,0
2806241613797871,502656,79,2775,13365,0
2806241618907139,502656,79,2775,13365,0
2806241624029784,502656,79,2775,13365,0
2806241629139732,502656,79,2775,13365,0
2806241634249021,502656,79,2775,13365,0
2806241639358076,502656,79,2775,13365,0
2806241644467149,502656,79,2775,13365,0
2806241649576272,502656,79,2775,13365,0
2806241654685406,502656,79,2775,13365,0
2806241659795721,502656,79,2775,13365,0
2806241664906438,502656,79,2775,13365,0
2806241670030951,502656,79,2775,13365,0
2806241675140636,502656,79,2775,13365,0
2806241680249536,502656,79,2775,13365,0
2806241685358881,502656,79,2775,13365,0
2806241690467465,502656,79,2775,13365,0
2806241695576597,502656,79,2775,13365,0
2806241700686170,502656,79,2775,13365,0
2806241705796875,502656,79,2775,13365,0
2806241710905958,502656,79,2775,13365,0
2806241716030291,502656,79,2775,13365,0
2806241721140494,502656,79,2775,13365,0
2806241726250091,502656,79,2775,13365,0
2806241731359243,502656,79,2775,13365,0
2806241736468276,502656,79,2775,13365,0
2806241741577106,502656,79,2775,13365,0
2806241746686505,502656,79,2775,13365,0
2806241751796700,502656,79,2775,13365,0
2806241756905934,502656,79,2775,13365,0
2806241762028395,502656,79,2775,13365,0
2806241767142555,502656,79,2775,13365,0
2806241772251924,502656,79,2775,13365,0
2806241777361032,502656,79,2775,13365,0
2806241782470432,502656,79,2775,13365,0
2806241787579651,502656,79,2775,13365,0
2806241792688941,502656,79,2775,13365,0
2806241797799114,502656,79,2775,13365,0
2806241802908094,502656,79,2775,13365,0
2806241808032403,502656,79,2775,13365,0
2806241813141751,502656,79,2775,13365,0
2806241818252007,502656,79,2775,13365,0
2806241823361108,502656,79,2775,13365,0
2806241828470054,502656,79,2775,13365,0
2806241833579431,502656,79,2775,13365,0
2806241838688315,502656,79,2775,13365,0
2806241843798514,502656,79,2775,13365,0
2806241848907350,502656,79,2775,13365,0
2806241854029690,502656,79,2775,13365,0
2806241859139046,502656,79,2775,13365,0
2806241864248307,502656,79,2775,13365,0
2806241869358636,502656,79,2775,13365,0
2806241874467619,502656,79,2775,13365,0
2806241879576740,502656,79,2775,13365,0
2806241884686153,502656,79,2775,13365,0
2806241889796401,502656,79,2775,13365,0
2806241894905504,502656,79,2775,13365,0
2806241900027834,502656,79,2775,13365,0
2806241905137967,502656,79,2775,13365,0
2806241910247215,502656,79,2775,13365,0
2806241915356236,502656,79,2775,13365,0
2806241920482786,502656,79,2775,13365,0
2806241925591610,502656,79,2775,13365,0
2806241930700809,502656,79,2775,13365,0
2806241935811599,502656,79,2775,13365,0
2806241940920744,505292,79,2775,13365,0
2806241946030697,505292,79,2775,13365,0
2806241951168880,505292,79,2775,13365,0
2806241956277770,505292,79,2775,13365,0
2806241961386621,505292,79,2775,13365,0
2806241966496191,505292,79,2775,13365,0
2806241971606623,505292,79,2775,13365,0
2806241976715540,505292,79,2775,13365,0
2806241981824481,505292,79,2775,13365,0
2806241986933589,505292,79,2775,13365,0
2806241992042542,505292,79,2775,13365,0
2806241997152186,505292,79,2775,13365,0
2806242002261336,505292,79,2775,13365,0
2806242007370219,505292,79,2775,13365,0
2806242012478980,505292,79,2775,13365,0
2806242017587992,505292,79,2775,13365,0
2806242022698164,505292,79,2775,13365,0
2806242027807837,505292,79,2775,13365,0
2806242032917517,505292,79,2775,13365,0
2806242038026817,505292,79,2775,13365,0
2806242043135914,505292,79,2775,13365,0
2806242048244902,505292,79,2775,13365,0
2806242053353690,505292,79,2775,13365,0
2806242058462835,505292,79,2775,13365,0
2806242063573288,505292,79,2775,13365,0
2806242068682427,505292,79,2775,13365,0
2806242073792444,505292,79,2775,13365,0
2806242078901477,505292,79,2775,13365,0
2806242084028001,505292,79,2775,13365,0
2806242089142012,505292,79,2775,13365,0
2806242094251534,505292,79,2775,13365,0
2806242099361035,505292,79,2775,13365,0
2806242104470518,505292,79,2775,13365,0
2806242109579547,505292,79,2775,13365,0
2806242114688507,505292,79,2775,13365,0
2806242119797628,505292,79,2775,13365,0
2806242124908092,505292,79,2775,13365,0
2806242130018265,505292,79,2775,13365,0
2806242135127306,505292,79,2775,13365,0
2806242140236370,505292,79,2775,13365,0
2806242145345255,505292,79,2775,13365,0
2806242150458450,505292,79,2775,13365,0
2806242155567927,505292,79,2775,13365,0
2806242160677227,505292,79,2775,13365,0
2806242165786720,505292,79,2775,13365,0
2806242170895981,505292,79,2775,13365,0
2806242176027634,505292,79,2775,13365,0
2806242181136851,505292,79,2775,13365,0
2806242186246001,505292,79,2775,13365,0
2806242191355008,505292,79,2775,13365,0
2806242196464044,505292,79,2775,13365,0
2806242201572998,505292,79,2775,13365,0
2806242206682403,505292,79,2775,13365,0
2806242211792907,505292,79,2775,13365,0
2806242216902816,505292,79,2775,13365,0
2806242222028136,505292,79,2775,13365,0
2806242227139737,505292,79,2775,13365,0
2806242232249201,505292,79,2775,13365,0
2806242237358238,505292,79,2775,13365,0
2806242242467114,505292,79,2775,13365,0
2806242247576354,505292,79,2775,13365,0
2806242252685395,505292,79,2775,13365,0
2806242257796019,505292,79,2775,13365,0
2806242262905320,505292,79,2775,13365,0
2806242268028161,505292,79,2775,13365,0
2806242273137716,505292,79,2775,13365,0
2806242278247875,505292,79,2775,13365,0
2806242283357294,505292,79,2775,13365,0
2806242288466433,505292,79,2775,13365,0
2806242293575398,505292,79,2775,13365,0
2806242298684291,505292,79,2775,13365,0
2806242303794585,505292,79,2775,13365,0
2806242308903835,505292,79,2775,13365,0
2806242314028686,505292,79,2775,13365,0
2806242319138372,505292,79,2775,13365,0
2806242324247513,505292,79,2775,13365,0
2806242329358017,505292,79,2775,13365,0
2806242334466878,505292,79,2775,13365,0
2806242339575762,505292,79,2775,13365,0
2806242344684733,505292,79,2775,13365,0
2806242349794983,505292,79,2775,13365,0
2806242354903935,505292,79,2775,13365,0
2806242360028919,505292,79,2775,13365,0
2806242365137950,505292,79,2775,13365,0
2806242370247173,505292,79,2775,13365,0
2806242375356139,505292,79,2775,13365,0
2806242380466242,505292,79,2775,13365,0
2806242385575394,505292,79,2775,13365,0
2806242390684572,505292,79,2775,13365,0
2806242395794475,505292,79,2775,13365,0
2806242400903355,505292,79,2775,13365,0
2806242406028031,505292,79,2775,13365,0
2806242411157090,505292,79,2775,13365,0
2806242416266140,505292,79,2775,13365,0
2806242421375364,505292,79,2775,13365,0
2806242426484457,505292,79,2775,13365,0
2806242431594761,505292,79,2775,13365,0
2806242436703740,505292,79,2775,13365,0
2806242441813938,504964,79,2745,13365,0
2806242446923694,504964,79,2745,13365,0
2806242452032745,504964,79,2745,13365,0
2806242457142070,504964,79,2745,13365,0
2806242462250884,504964,79,2745,13365,0
2806242467360153,504964,79,2745,13365,0
2806242472469569,504964,79,2745,13365,0
2806242477578833,504964,79,2745,13365,0
2806242482689257,504964,79,2745,13365,0
2806242487798966,504964,79,2745,13365,0
2806242492908170,504964,79,2745,13365,0
2806242498036423,504964,79,2745,13365,0
2806242503145869,504964,79,2745,13365,0
2806242508254974,504964,79,2745,13365,0
2806242513364540,504964,79,2745,13365,0
2806242518473737,504964,79,2745,13365,0
2806242523582765,504964,79,2745,13365,0
2806242528691845,504964,79,2745,13365,0
2806242533803236,504964,79,2745,13365,0
2806242538912274,504964,79,2745,13365,0
2806242544021279,504964,79,2745,13365,0
2806242549130249,504964,79,2745,13365,0
2806242554239383,504964,79,2745,13365,0
2806242559348418,504964,79,2745,13365,0
2806242564458488,504964,79,2745,13365,0
2806242569567535,504964,79,2745,13365,0
2806242574694945,504964,79,2745,13365,0
2806242579804356,504964,79,2745,13365,0
2806242584914530,504964,79,2745,13365,0
2806242590023934,504964,79,2745,13365,0
2806242595133249,504964,79,2745,13365,0
2806242600242508,504964,79,2745,13365,0
2806242605351256,504964,79,2745,13365,0
2806242610461582,504964,79,2745,13365,0
2806242615570809,504964,79,2745,13365,0
2806242620680041,504964,79,2745,13365,0
2806242625789375,504964,79,2745,13365,0
2806242630898534,504964,79,2745,13365,0
2806242636034626,504964,79,2745,13365,0
2806242641143927,504964,79,2745,13365,0
2806242646252866,504964,79,2745,13365,0
2806242651343943,504964,79,2745,13365,0
2806242656453504,504964,79,2745,13365,0
2806242661565448,504964,79,2745,13365,0
2806242666676640,504964,79,2745,13365,0
2806242671785621,504964,79,2745,13365,0
2806242676895640,504964,79,2745,13365,0
2806242682021354,504964,79,2745,13365,0
2806242687134038,504964,79,2745,13365,0
2806242692245342,504964,79,2745,13365,0
2806242697374617,504964,79,2745,13365,0
2806242702485727,504964,79,2745,13365,0
2806242707597436,504964,79,2745,13365,0
2806242712707256,504964,79,2745,13365,0
2806242717818084,504964,79,2745,13365,0
2806242722929214,504964,79,2745,13365,0
2806242728040622,504964,79,2745,13365,0
2806242733152481,504964,79,2745,13365,0
2806242738264626,504964,79,2745,13365,0
2806242743375786,504964,79,2745,13365,0
2806242748486476,504964,79,2745,13365,0
2806242753596591,504964,79,2745,13365,0
2806242758706870,504964,79,2745,13365,0
2806242763817377,504964,79,2745,13365,0
2806242768926632,504964,79,2745,13365,0
2806242774035833,504964,79,2745,13365,0
2806242779145130,504964,79,2745,13365,0
2806242784254750,504964,79,2745,13365,0
2806242789365362,504964,79,2745,13365,0
2806242794474614,504964,79,2745,13365,0
2806242799584613,504964,79,2745,13365,0
2806242804693640,504964,79,2745,13365,0
2806242809803140,504964,79,2745,13365,0
2806242814912199,504964,79,2745,13365,0
2806242820021025,504964,79,2745,13365,0
2806242825130262,504964,79,2745,13365,0
2806242830241502,504964,79,2745,13365,0
2806242835350755,504964,79,2745,13365,0
2806242840461403,504964,79,2745,13365,0
2806242845570480,504964,79,2745,13365,0
2806242850679492,504964,79,2745,13365,0
2806242855788460,504964,79,2745,13365,0
2806242860898639,504964,79,2745,13365,0
2806242866029252,504964,79,2745,13365,0
2806242871138685,504964,79,2745,13365,0
2806242876248046,504964,79,2745,13365,0
2806242881357211,504964,79,2745,13365,0
2806242886466194,504964,79,2745,13365,0
2806242891576899,504964,79,2745,13365,0
2806242896686264,504964,79,2745,13365,0
2806242901795244,504964,79,2745,13365,0
2806242906904484,504964,79,2745,13365,0
2806242912027165,504964,79,2745,13365,0
2806242917137257,504964,79,2745,13365,0
2806242922246072,504964,79,2745,13365,0
2806242927355376,504964,79,2745,13365,0
2806242932464230,504964,79,2745,13365,0
2806242937573745,504964,79,2745,13365,0
2806242942684603,503099,79,2745,13365,0
2806242947801172,503099,79,2745,13365,0
2806242952910176,503099,79,2745,13365,0
2806242958019230,503099,79,2745,13365,0
2806242963128533,503099,79,2745,13365,0
2806242968238085,503099,79,2745,13365,0
2806242973347156,503099,79,2745,13365,0
2806242978457390,503099,79,2745,13365,0
2806242983566427,503099,79,2745,13365,0
2806242988675979,503099,79,2745,13365,0
2806242993787063,503099,79,2745,13365,0
2806242998896700,503099,79,2745,13365,0
2806243004021816,503099,79,2745,13365,0
2806243009131309,503099,79,2745,13365,0
2806243014240879,503099,79,2745,13365,0
2806243019349821,503099,79,2745,13365,0
2806243024459093,503099,79,2745,13365,0
2806243029568230,503099,79,2745,13365,0
2806243034677355,503099,79,2745,13365,0
2806243039787707,503099,79,2745,13365,0
2806243044898376,503099,79,2745,13365,0
2806243050024760,503099,79,2745,13365,0
2806243055137916,503099,79,2745,13365,0
2806243060247524,503099,79,2745,13365,0
2806243065357905,503099,79,2745,13365,0
2806243070467429,503099,79,2745,13365,0
2806243075576714,503099,79,2745,13365,0
2806243080685762,503099,79,2745,13365,0
2806243085794821,503099,79,2745,13365,0
2806243090904183,503099,79,2745,13365,0
2806243096025349,503099,79,2745,13365,0
2806243101135194,503099,79,2745,13365,0
2806243106244309,503099,79,2745,13365,0
2806243111353325,503099,79,2745,13365,0
2806243116462399,503099,79,2745,13365,0
2806243121571538,503099,79,2745,13365,0
2806243126681246,503099,79,2745,13365,0
2806243131790702,503099,79,2745,13365,0
2806243136900111,503099,79,2745,13365,0
2806243142025091,503099,79,2745,13365,0
2806243147136479,503099,79,2745,13365,0
2806243152245892,503099,79,2745,13365,0
2806243157355159,503099,79,2745,13365,0
2806243162464521,503099,79,2745,13365,0
2806243167573922,503099,79,2745,13365,0
2806243172683181,503099,79,2745,13365,0
2806243177794382,503099,79,2745,13365,0
2806243182904031,503099,79,2745,13365,0
2806243188028861,503099,79,2745,13365,0
2806243193138735,503099,79,2745,13365,0
2806243198249460,503099,79,2745,13365,0
2806243203358495,503099,79,2745,13365,0
2806243208467672,503099,79,2745,13365,0
2806243213576685,503099,79,2745,13365,0
2806243218686822,503099,79,2745,13365,0
2806243223797407,503099,79,2745,13365,0
2806243228922918,503099,79,2745,13365,0
2806243234032530,503099,79,2745,13365,0
2806243239142151,503099,79,2745,13365,0
2806243244251396,503099,79,2745,13365,0
2806243249361900,503099,79,2745,13365,0
2806243254471881,503099,79,2745,13365,0
2806243259580901,503099,79,2745,13365,0
2806243264690219,503099,79,2745,13365,0
2806243269799490,503099,79,2745,13365,0
2806243274908614,503099,79,2745,13365,0
2806243280035210,503099,79,2745,13365,0
2806243285144219,503099,79,2745,13365,0
2806243290254895,503099,79,2745,13365,0
2806243295364407,503099,79,2745,13365,0
2806243300474886,503099,79,2745,13365,0
2806243305584825,503099,79,2745,13365,0
2806243310693881,503099,79,2745,13365,0
2806243315802901,503099,79,2745,13365,0
2806243320912806,503099,79,2745,13365,0
2806243326022190,503099,79,2745,13365,0
2806243331131214,503099,79,2745,13365,0
2806243336240248,503099,79,2745,13365,0
2806243341349183,503099,79,2745,13365,0
2806243346458193,503099,79,2745,13365,0
2806243351568848,503099,79,2745,13365,0
2806243356679607,503099,79,2745,13365,0
2806243361789161,503099,79,2745,13365,0
2806243366898076,503099,79,2745,13365,0
2806243372027178,503099,79,2745,13365,0
2806243377137494,503099,79,2745,13365,0
2806243382246869,503099,79,2745,13365,0
2806243387355872,503099,79,2745,13365,0
2806243392464551,503099,79,2745,13365,0
2806243397573712,503099,79,2745,13365,0
2806243402685633,503099,79,2745,13365,0
2806243407794785,503099,79,2745,13365,0
2806243412903874,503099,79,2745,13365,0
2806243418028486,503099,79,2745,13365,0
2806243423137726,503099,79,2745,13365,0
2806243428246607,503099,79,2745,13365,0
2806243433355747,503099,79,2745,13365,0
2806243438464747,503099,79,2745,13365,0
2806243443573876,502058,79,2745,13365,0
2806243448684032,502058,79,2745,13365,0
2806243453795857,502058,79,2745,13365,0
2806243458905154,502058,79,2745,13365,0
2806243464027478,502058,79,2745,13365,0
2806243469137570,502058,79,2745,13365,0
2806243474246847,502058,79,2745,13365,0
2806243479356046,502058,79,2745,13365,0
2806243484464872,502058,79,2745,13365,0
2806243489573848,502058,79,2745,13365,0
2806243494682800,502058,79,2745,13365,0
2806243499793169,502058,79,2745,13365,0
2806243504903828,502058,79,2745,13365,0
2806243510039085,502058,79,2745,13365,0
2806243515148513,502058,79,2745,13365,0
2806243520257902,502058,79,2745,13365,0
2806243525367453,502058,79,2745,13365,0
2806243530476407,502058,79,2745,13365,0
2806243535585622,502058,79,2745,13365,0
2806243540694800,502058,79,2745,13365,0
2806243545805720,502058,79,2745,13365,0
2806243550914749,502058,79,2745,13365,0
2806243556025513,502058,79,2745,13365,0
2806243561141664,502058,79,2745,13365,0
2806243566250938,502058,79,2745,13365,0
2806243571371234,502058,79,2745,13365,0
2806243576480517,502058,79,2745,13365,0
2806243581589571,502058,79,2745,13365,0
2806243586698811,502058,79,2745,13365,0
2806243591807952,502058,79,2745,13365,0
2806243596916933,502058,79,2745,13365,0
2806243602026187,502058,79,2745,13365,0
2806243607136897,502058,79,2745,13365,0
2806243612247541,502058,79,2745,13365,0
2806243617357006,502058,79,2745,13365,0
2806243622466164,502058,79,2745,13365,0
2806243627575651,502058,79,2745,13365,0
2806243632684965,502058,79,2745,13365,0
2806243637794138,502058,79,2745,13365,0
2806243642903660,502058,79,2745,13365,0
2806243648032761,502058,79,2745,13365,0
2806243653142276,502058,79,2745,13365,0
2806243658253017,502058,79,2745,13365,0
2806243663362245,502058,79,2745,13365,0
2806243668471622,502058,79,2745,13365,0
2806243673580881,502058,79,2745,13365,0
2806243678689783,502058,79,2745,13365,0
2806243683800224,502058,79,2745,13365,0
2806243688909308,502058,79,2745,13365,0
2806243694019177,502058,79,2745,13365,0
2806243699128116,502058,79,2745,13365,0
2806243704238247,502058,79,2745,13365,0
2806243709348926,502058,79,2745,13365,0
2806243714459450,502058,79,2745,13365,0
2806243719568406,502058,79,2745,13365,0
2806243724677123,502058,79,2745,13365,0
2806243729786304,502058,79,2745,13365,0
2806243734895236,502058,79,2745,13365,0
2806243740024968,502058,79,2745,13365,0
2806243745134888,502058,79,2745,13365,0
2806243750244245,502058,79,2745,13365,0
2806243755353326,502058,79,2745,13365,0
2806243760463670,502058,79,2745,13365,0
2806243765573106,502058,79,2745,13365,0
2806243770682085,502058,79,2745,13365,0
2806243775792464,502058,79,2745,13365,0
2806243780901768,502058,79,2745,13365,0
2806243786028578,502058,79,2745,13365,0
2806243791137992,502058,79,2745,13365,0
2806243796247569,502058,79,2745,13365,0
2806243801356866,502058,79,2745,13365,0
2806243806466198,502058,79,2745,13365,0
2806243811576968,502058,79,2745,13365,0
2806243816686039,502058,79,2745,13365,0
2806243821796055,502058,79,2745,13365,0
2806243826905323,502058,79,2745,13365,0
2806243832029518,502058,79,2745,13365,0
2806243837139102,502058,79,2745,13365,0
2806243842242665,502058,79,2745,13365,0
2806243847351661,502058,79,2745,13365,0
2806243852460963,502058,79,2745,13365,0
2806243857570189,502058,79,2745,13365,0
2806243862680914,502058,79,2745,13365,0
2806243867791007,502058,79,2745,13365,0
2806243872900427,502058,79,2745,13365,0
2806243878027452,502058,79,2745,13365,0
2806243883153396,502058,79,2745,13365,0
2806243888262381,502058,79,2745,13365,0
2806243893371358,502058,79,2745,13365,0
2806243898480737,502058,79,2745,13365,0
2806243903590441,502058,79,2745,13365,0
2806243908699302,502058,79,2745,13365,0
2806243913812238,502058,79,2745,13365,0
2806243918921042,502058,79,2745,13365,0
2806243924030127,502058,79,2745,13365,0
2806243929139371,502058,79,2745,13365,0
2806243934248436,502058,79,2745,13365,0
2806243939357732,502058,79,2745,13365,0
2806243944467697,501912,79,2745,13365,0
2806243949577449,501912,79,2745,13365,0
2806243954686917,501912,79,2745,13365,0
2806243959796234,501912,79,2745,13365,0
2806243964906893,501912,79,2745,13365,0
2806243970033199,501912,79,2745,13365,0
2806243975143307,501912,79,2745,13365,0
2806243980252592,501912,79,2745,13365,0
2806243985361264,501912,79,2745,13365,0
2806243990471057,501912,79,2745,13365,0
2806243995580201,501912,79,2745,13365,0
2806244000689324,501912,79,2745,13365,0
2806244005799586,501912,79,2745,13365,0
2806244010908887,501912,79,2745,13365,0
2806244016020457,501912,79,2745,13365,0
2806244021129987,501912,79,2745,13365,0
2806244026239255,501912,79,2745,13365,0
2806244031348470,501912,79,2745,13365,0
2806244036458536,501912,79,2745,13365,0
2806244041567887,501912,79,2745,13365,0
2806244046676978,501912,79,2745,13365,0
2806244051786077,501912,79,2745,13365,0
2806244056895666,501912,79,2745,13365,0
2806244062025010,501912,79,2745,13365,0
2806244067136195,501912,79,2745,13365,0
2806244072245645,501912,79,2745,13365,0
2806244077355084,501912,79,2745,13365,0
2806244082464202,501912,79,2745,13365,0
2806244087573681,501912,79,2745,13365,0
2806244092682833,501912,79,2745,13365,0
2806244097792993,501912,79,2745,13365,0
2806244102902532,501912,79,2745,13365,0
2806244108027511,501912,79,2745,13365,0
2806244113136795,501912,79,2745,13365,0
2806244118247615,501912,79,2745,13365,0
2806244123356875,501912,79,2745,13365,0
2806244128466074,501912,79,2745,13365,0
2806244133575008,501912,79,2745,13365,0
2806244138684251,501912,79,2745,13365,0
2806244143794669,501912,79,2745,13365,0
2806244148904077,501912,79,2745,13365,0
2806244154029189,501912,79,2745,13365,0
2806244159138699,501912,79,2745,13365,0
2806244164247852,501912,79,2745,13365,0
2806244169358995,501912,79,2745,13365,0
2806244174468076,501912,79,2745,13365,0
2806244179576968,501912,79,2745,13365,0
2806244184686084,501912,79,2745,13365,0
2806244189796516,501912,79,2745,13365,0
2806244194905306,501912,79,2745,13365,0
2806244200027305,501912,79,2745,13365,0
2806244205137080,501912,79,2745,13365,0
2806244210246079,501912,79,2745,13365,0
2806244215355327,501912,79,2745,13365,0
2806244220466361,501912,79,2745,13365,0
2806244225575300,501912,79,2745,13365,0
2806244230684528,501912,79,2745,13365,0
2806244235799449,501912,79,2745,13365,0
2806244240908836,501912,79,2745,13365,0
2806244246018234,501912,79,2745,13365,0
2806244251127489,501912,79,2745,13365,0
2806244256237084,501912,79,2745,13365,0
2806244261346347,501912,79,2745,13365,0
2806244266456419,501912,79,2745,13365,0
2806244271567203,501912,79,2745,13365,0
2806244276676648,501912,79,2745,13365,0
2806244281785796,501912,79,2745,13365,0
2806244286894840,501912,79,2745,13365,0
2806244292024783,501912,79,2745,13365,0
2806244297134758,501912,79,2745,13365,0
2806244302243950,501912,79,2745,13365,0
2806244307353214,501912,79,2745,13365,0
2806244312462303,501912,79,2745,13365,0
2806244317571363,501912,79,2745,13365,0
2806244322682040,501912,79,2745,13365,0
2806244327792428,501912,79,2745,13365,0
2806244332901664,501912,79,2745,13365,0
2806244338026557,501912,79,2745,13365,0
2806244343140187,501912,79,2745,13365,0
2806244348249142,501912,79,2745,13365,0
2806244353358422,501912,79,2745,13365,0
2806244358467573,501912,79,2745,13365,0
2806244363576690,501912,79,2745,13365,0
2806244368685640,501912,79,2745,13365,0
2806244373797624,501912,79,2745,13365,0
2806244378906625,501912,79,2745,13365,0
2806244384032400,501912,79,2745,13365,0
2806244389141349,501912,79,2745,13365,0
2806244394250604,501912,79,2745,13365,0
2806244399359714,501912,79,2745,13365,0
2806244404470291,501912,79,2745,13365,0
2806244409579443,501912,79,2745,13365,0
2806244414701203,501912,79,2745,13365,0
2806244419810348,501912,79,2745,13365,0
2806244424921112,501912,79,2745,13365,0
2806244430030335,501912,79,2745,13365,0
2806244435139568,501912,79,2745,13365,0
2806244440248728,501781,79,2745,13365,0
2806244445358766,501781,79,2745,13365,0
2806244450489865,501781,79,2745,13365,0
2806244455599004,501781,79,2745,13365,0
2806244460708239,501781,79,2745,13365,0
2806244465817515,501781,79,2745,13365,0
2806244470926663,501781,79,2745,13365,0
2806244476037340,501781,79,2745,13365,0
2806244481146717,501781,79,2745,13365,0
2806244486255883,501781,79,2745,13365,0
2806244491364906,501781,79,2745,13365,0
2806244496474046,501781,79,2745,13365,0
2806244501583126,501781,79,2745,13365,0
2806244506692208,501781,79,2745,13365,0
2806244511801585,501781,79,2745,13365,0
2806244516910739,501781,79,2745,13365,0
2806244522020112,501781,79,2745,13365,0
2806244527130946,501781,79,2745,13365,0
2806244532241269,501781,79,2745,13365,0
2806244537366693,501781,79,2745,13365,0
2806244542475937,501781,79,2745,13365,0
2806244547585210,501781,79,2745,13365,0
2806244552694242,501781,79,2745,13365,0
2806244557803554,501781,79,2745,13365,0
2806244562912783,501781,79,2745,13365,0
2806244568022000,501781,79,2745,13365,0
2806244573131164,501781,79,2745,13365,0
2806244578241632,501781,79,2745,13365,0
2806244583350753,501781,79,2745,13365,0
2806244588459861,501781,79,2745,13365,0
2806244593568918,501781,79,2745,13365,0
2806244598678182,501781,79,2745,13365,0
2806244603787447,501781,79,2745,13365,0
2806244608896429,501781,79,2745,13365,0
2806244614027355,501781,79,2745,13365,0
2806244619136238,501781,79,2745,13365,0
2806244624245248,501781,79,2745,13365,0
2806244629355869,501781,79,2745,13365,0
2806244634465606,501781,79,2745,13365,0
2806244639574610,501781,79,2745,13365,0
2806244644683666,501781,79,2745,13365,0
2806244649811218,501781,79,2745,13365,0
2806244654920102,501781,79,2745,13365,0
2806244660029323,501781,79,2745,13365,0
2806244665138412,501781,79,2745,13365,0
2806244670247552,501781,79,2745,13365,0
2806244675356445,501781,79,2745,13365,0
2806244680467573,501781,79,2745,13365,0
2806244685576945,501781,79,2745,13365,0
2806244690685738,501781,79,2745,13365,0
2806244695794818,501781,79,2745,13365,0
2806244700903611,501781,79,2745,13365,0
2806244706032331,501781,79,2745,13365,0
2806244711141397,501781,79,2745,13365,0
2806244716250390,501781,79,2745,13365,0
2806244721359688,501781,79,2745,13365,0
2806244726469440,501781,79,2745,13365,0
2806244731580049,501781,79,2745,13365,0
2806244736689305,501781,79,2745,13365,0
2806244741799673,501781,79,2745,13365,0
2806244746908666,501781,79,2745,13365,0
2806244752020367,501781,79,2745,13365,0
2806244757129495,501781,79,2745,13365,0
2806244762238780,501781,79,2745,13365,0
2806244767348252,501781,79,2745,13365,0
2806244772462798,501781,79,2745,13365,0
2806244777583628,501781,79,2745,13365,0
2806244782694313,501781,79,2745,13365,0
2806244787803666,501781,79,2745,13365,0
2806244792912835,501781,79,2745,13365,0
2806244798021786,501781,79,2745,13365,0
2806244803130803,501781,79,2745,13365,0
2806244808239783,501781,79,2745,13365,0
2806244813349180,501781,79,2745,13365,0
2806244818458412,501781,79,2745,13365,0
2806244823567675,501781,79,2745,13365,0
2806244828676309,501781,79,2745,13365,0
2806244833786969,501781,79,2745,13365,0
2806244838897568,501781,79,2745,13365,0
2806244844028802,501781,79,2745,13365,0
2806244849137971,501781,79,2745,13365,0
2806244854246987,501781,79,2745,13365,0
2806244859356140,501781,79,2745,13365,0
2806244864465430,501781,79,2745,13365,0
2806244869575320,501781,79,2745,13365,0
2806244874688421,501781,79,2745,13365,0
2806244879805505,501781,79,2745,13365,0
2806244884917517,501781,79,2745,13365,0
2806244890028322,501781,79,2745,13365,0
2806244895160162,501781,79,2745,13365,0
2806244900271210,501781,79,2745,13365,0
2806244905381859,501781,79,2745,13365,0
2806244910492059,501781,79,2745,13365,0
2806244915649288,501781,79,2745,13365,0
2806244920761372,501781,79,2745,13365,0
2806244925873016,501781,79,2745,13365,0
2806244930983820,501781,79,2745,13365,0
2806244936111237,501781,79,2745,13365,0
2806244941221738,501755,79,2745,13365,0
2806244946332278,501755,79,2745,13365,0
2806244951442154,501755,79,2745,13365,0
2806244956552703,501755,79,2745,13365,0
2806244961688307,501755,79,2745,13365,0
2806244966800078,501755,79,2745,13365,0
2806244971910895,501755,79,2745,13365,0
2806244977022448,501755,79,2745,13365,0
2806244982133440,501755,79,2745,13365,0
2806244987246075,501755,79,2745,13365,0
2806244992356209,501755,79,2745,13365,0
2806244997466102,501755,79,2745,13365,0
2806245002576596,501755,79,2745,13365,0
2806245007663706,501755,79,2745,13365,0
2806245012757559,501755,79,2745,13365,0
2806245017851792,501755,79,2745,13365,0
2806245022952709,501755,79,2745,13365,0
2806245028078004,501755,79,2745,13365,0
2806245033235337,501755,79,2745,13365,0
2806245038347018,501755,79,2745,13365,0
2806245043456922,501755,79,2745,13365,0
2806245048566743,501755,79,2745,13365,0
2806245053678342,501755,79,2745,13365,0
2806245058789347,501755,79,2745,13365,0
2806245063900891,501755,79,2745,13365,0
2806245069025212,501755,79,2745,13365,0
2806245074136448,501755,79,2745,13365,0
2806245079246435,501755,79,2745,13365,0
2806245084356472,501755,79,2745,13365,0
2806245089468298,501755,79,2745,13365,0
2806245094580470,501755,79,2745,13365,0
2806245099691862,501755,79,2745,13365,0
2806245104804042,501755,79,2745,13365,0
2806245109914694,501755,79,2745,13365,0
2806245115026031,501755,79,2745,13365,0
2806245120137080,501755,79,2745,13365,0
2806245125247488,501755,79,2745,13365,0
2806245130371668,501755,79,2745,13365,0
2806245135482263,501755,79,2745,13365,0
2806245140594777,501755,79,2745,13365,0
2806245145705654,501755,79,2745,13365,0
2806245150816751,501755,79,2745,13365,0
2806245155930715,501755,79,2745,13365,0
2806245161041880,501755,79,2745,13365,0
2806245166153179,501755,79,2745,13365,0
2806245171263502,501755,79,2745,13365,0
2806245176372868,501755,79,2745,13365,0
2806245181482183,501755,79,2745,13365,0
2806245186591529,501755,79,2745,13365,0
2806245191743985,501755,79,2745,13365,0
2806245196853214,501755,79,2745,13365,0
2806245201963995,501755,79,2745,13365,0
2806245207073114,501755,79,2745,13365,0
2806245212182348,501755,79,2745,13365,0
2806245217291587,501755,79,2745,13365,0
2806245222401266,501755,79,2745,13365,0
2806245227510584,501755,79,2745,13365,0
2806245232620696,501755,79,2745,13365,0
2806245237730269,501755,79,2745,13365,0
2806245242841005,501755,79,2745,13365,0
2806245247950226,501755,79,2745,13365,0
2806245253059465,501755,79,2745,13365,0
2806245258168803,501755,79,2745,13365,0
2806245263277788,501755,79,2745,13365,0
2806245268388878,501755,79,2745,13365,0
2806245273498297,501755,79,2745,13365,0
2806245278607572,501755,79,2745,13365,0
2806245283716689,501755,79,2745,13365,0
2806245288825561,501755,79,2745,13365,0
2806245293936128,501755,79,2745,13365,0
2806245299047239,501755,79,2745,13365,0
2806245304156967,501755,79,2745,13365,0
2806245309266255,501755,79,2745,13365,0
2806245314375416,501755,79,2745,13365,0
2806245319484888,501755,79,2745,13365,0
2806245324594300,501755,79,2745,13365,0
2806245329703309,501755,79,2745,13365,0
2806245334814457,501755,79,2745,13365,0
2806245339923509,501755,79,2745,13365,0
2806245345034434,501755,79,2745,13365,0
2806245350143718,501755,79,2745,13365,0
2806245355252971,501755,79,2745,13365,0
2806245360362263,501755,79,2745,13365,0
2806245365473270,501755,79,2745,13365,0
2806245370582392,501755,79,2745,13365,0
2806245375691489,501755,79,2745,13365,0
2806245380800505,501755,79,2745,13365,0
2806245385909685,501755,79,2745,13365,0
2806245391018778,501755,79,2745,13365,0
2806245396129302,501755,79,2745,13365,0
2806245401238227,501755,79,2745,13365,0
2806245406347487,501755,79,2745,13365,0
2806245411457011,501755,79,2745,13365,0
2806245416566480,501755,79,2745,13365,0
2806245421675849,501755,79,2745,13365,0
2806245426798168,501755,79,2745,13365,0
2806245431908965,501755,79,2745,13365,0
2806245437018186,501755,79,2745,13365,0
2806245442127768,501691,79,2745,13365,0
2806245447239307,501691,79,2745,13365,0
2806245452348327,501691,79,2745,13365,0
2806245457457604,501691,79,2745,13365,0
2806245462568339,501691,79,2745,13365,0
2806245467677750,501691,79,2745,13365,0
2806245472787017,501691,79,2745,13365,0
2806245477895894,501691,79,2745,13365,0
2806245483026649,501691,79,2745,13365,0
2806245488135846,501691,79,2745,13365,0
2806245493244860,501691,79,2745,13365,0
2806245498355886,501691,79,2745,13365,0
2806245503465059,501691,79,2745,13365,0
2806245508574544,501691,79,2745,13365,0
2806245513684164,501691,79,2745,13365,0
2806245518794209,501691,79,2745,13365,0
2806245523903765,501691,79,2745,13365,0
2806245529029958,501691,79,2745,13365,0
2806245534139114,501691,79,2745,13365,0
2806245539248447,501691,79,2745,13365,0
2806245544370144,501691,79,2745,13365,0
2806245549481003,501691,79,2745,13365,0
2806245554590635,501691,79,2745,13365,0
2806245559699808,501691,79,2745,13365,0
2806245564810012,501691,79,2745,13365,0
2806245569919019,501691,79,2745,13365,0
2806245575028401,501691,79,2745,13365,0
2806245580137562,501691,79,2745,13365,0
2806245585246321,501691,79,2745,13365,0
2806245590355702,501691,79,2745,13365,0
2806245595465370,501691,79,2745,13365,0
2806245600576155,501691,79,2745,13365,0
2806245605685215,501691,79,2745,13365,0
2806245610794404,501691,79,2745,13365,0
2806245615903617,501691,79,2745,13365,0
2806245621040281,501691,79,2745,13365,0
2806245626149605,501691,79,2745,13365,0
2806245631258574,501691,79,2745,13365,0
2806245636367606,501691,79,2745,13365,0
2806245641476899,501691,79,2745,13365,0
2806245646585911,501691,79,2745,13365,0
2806245651696764,501691,79,2745,13365,0
2806245656806859,501691,79,2745,13365,0
2806245661916364,501691,79,2745,13365,0
2806245667025570,501691,79,2745,13365,0
2806245672134593,501691,79,2745,13365,0
2806245677243641,501691,79,2745,13365,0
2806245682355922,501691,79,2745,13365,0
2806245687469394,501691,79,2745,13365,0
2806245692582379,501691,79,2745,13365,0
2806245697694974,501691,79,2745,13365,0
2806245702805768,501691,79,2745,13365,0
2806245707918418,501691,79,2745,13365,0
2806245713031116,501691,79,2745,13365,0
2806245718145247,501691,79,2745,13365,0
2806245723257401,501691,79,2745,13365,0
2806245728375065,501691,79,2745,13365,0
2806245733487868,501691,79,2745,13365,0
2806245738604674,501691,79,2745,13365,0
2806245743714371,501691,79,2745,13365,0
2806245748827543,501691,79,2745,13365,0
2806245753941618,501691,79,2745,13365,0
2806245759055856,501691,79,2745,13365,0
2806245764171760,501691,79,2745,13365,0
2806245769284331,501691,79,2745,13365,0
2806245774396685,501691,79,2745,13365,0
2806245779512739,501691,79,2745,13365,0
2806245784625424,501691,79,2745,13365,0
2806245789737908,501691,79,2745,13365,0
2806245794852773,501691,79,2745,13365,0
2806245799965343,501691,79,2745,13365,0
2806245805079536,501691,79,2745,13365,0
2806245810192756,501691,79,2745,13365,0
2806245815306120,501691,79,2745,13365,0
2806245820422275,501691,79,2745,13365,0
2806245825536525,501691,79,2745,13365,0
2806245830648182,501691,79,2745,13365,0
2806245835760901,501691,79,2745,13365,0
2806245840873560,501691,79,2745,13365,0
2806245846019910,501691,79,2745,13365,0
2806245851133299,501691,79,2745,13365,0
2806245856246905,501691,79,2745,13365,0
2806245861359844,501691,79,2745,13365,0
2806245866488563,501691,79,2745,13365,0
2806245871601106,501691,79,2745,13365,0
2806245876710861,501691,79,2745,13365,0
2806245881823365,501691,79,2745,13365,0
2806245886933061,501691,79,2745,13365,0
2806245892045709,501691,79,2745,13365,0
2806245897159190,501691,79,2745,13365,0
2806245902269614,501691,79,2745,13365,0
2806245907388719,501691,79,2745,13365,0
2806245912501679,501691,79,2745,13365,0
2806245917611536,501691,79,2745,13365,0
2806245922723977,501691,79,2745,13365,0
2806245927837265,501691,79,2745,13365,0
2806245932949239,501691,79,2745,13365,0
2806245938062061,501691,79,2745,13365,0
2806245943174702,439290,67,2790,13365,0
2806245948288070,439290,67,2790,13365,0
2806245953407903,439290,67,2790,13365,0
2806245958522188,439290,67,2790,13365,0
2806245963634467,439290,67,2790,13365,0
2806245968746695,439290,67,2790,13365,0
2806245973859104,439290,67,2790,13365,0
2806245978971885,439290,67,2790,13365,0
