monotonic_ns,board_power_mw,temperature_c,graphics_clock_mhz,memory_clock_mhz,utilization_percent
2793020254631217,403408,68,2805,13365,100
2793020261324779,403408,68,2805,13365,100
2793020266444483,403408,68,2805,13365,100
2793020271561548,403408,68,2805,13365,100
2793020276678260,403408,68,2805,13365,100
2793020281795424,403408,68,2805,13365,100
2793020286916089,403408,68,2805,13365,100
2793020292036414,403408,68,2805,13365,100
2793020297159434,403408,68,2805,13365,100
2793020302279032,403408,68,2805,13365,100
2793020307401355,403408,68,2805,13365,100
2793020312521229,403408,68,2805,13365,100
2793020317642211,403408,68,2805,13365,100
2793020322762063,403408,68,2805,13365,100
2793020327880988,403408,68,2805,13365,100
2793020333021498,403408,68,2805,13365,100
2793020338143165,403408,68,2805,13365,100
2793020343264965,403408,68,2805,13365,100
2793020348388533,403408,68,2805,13365,100
2793020353508690,403408,68,2805,13365,100
2793020358630489,403408,68,2805,13365,100
2793020363751404,403408,68,2805,13365,100
2793020368868636,403408,68,2805,13365,100
2793020373987713,377426,66,2805,13365,0
2793020379128285,377426,66,2805,13365,0
2793020384247823,377426,66,2805,13365,0
2793020389368440,377426,66,2805,13365,0
2793020394488504,377426,66,2805,13365,0
2793020399611649,377426,66,2805,13365,0
2793020404732609,377426,66,2805,13365,0
2793020409860383,377426,66,2805,13365,0
2793020414980141,377426,66,2805,13365,0
2793020420121045,377426,66,2805,13365,0
2793020425240522,377426,66,2805,13365,0
2793020430364940,377426,66,2805,13365,0
2793020435484690,377426,66,2805,13365,0
2793020440608955,377426,66,2805,13365,0
2793020445728772,377426,66,2805,13365,0
2793020450849331,377426,66,2805,13365,0
2793020455969081,377426,66,2805,13365,0
2793020461091036,377426,66,2805,13365,0
2793020466211271,377426,66,2805,13365,0
2793020471329750,377426,66,2805,13365,0
2793020476449685,377426,66,2805,13365,0
2793020481570718,377426,66,2805,13365,0
2793020486690558,377426,66,2805,13365,0
2793020491818867,377426,66,2805,13365,0
2793020496936865,377426,66,2805,13365,0
2793020502059115,377426,66,2805,13365,0
2793020507179155,377426,66,2805,13365,0
2793020512302184,377426,66,2805,13365,0
2793020517423200,377426,66,2805,13365,0
2793020522549124,377426,66,2805,13365,0
2793020527668985,377426,66,2805,13365,0
2793020532789268,377426,66,2805,13365,0
2793020537894897,377426,66,2805,13365,0
2793020543026796,377426,66,2805,13365,0
2793020548147835,377426,66,2805,13365,0
2793020553268910,377426,66,2805,13365,0
2793020558388369,377426,66,2805,13365,0
2793020563507979,377426,66,2805,13365,0
2793020568625427,377426,66,2805,13365,0
2793020573742857,377426,66,2805,13365,0
2793020578861067,377426,66,2805,13365,0
2793020583978593,377426,66,2805,13365,0
2793020589096565,377426,66,2805,13365,0
2793020594213793,377426,66,2805,13365,0
2793020599333202,377426,66,2805,13365,0
2793020604452667,377426,66,2805,13365,0
2793020609569846,377426,66,2805,13365,0
2793020614689123,377426,66,2805,13365,0
2793020619808780,377426,66,2805,13365,0
2793020624926152,377426,66,2805,13365,0
2793020630043810,377426,66,2805,13365,0
2793020635174728,377426,66,2805,13365,0
2793020640292065,377426,66,2805,13365,0
2793020645409511,377426,66,2805,13365,0
2793020650526488,377426,66,2805,13365,0
2793020655645986,377426,66,2805,13365,0
2793020660774546,377426,66,2805,13365,0
2793020665896088,377426,66,2805,13365,0
2793020671033139,377426,66,2805,13365,0
2793020676150504,377426,66,2805,13365,0
2793020681268468,377426,66,2805,13365,0
2793020686386746,377426,66,2805,13365,0
2793020691504748,377426,66,2805,13365,0
2793020696622160,377426,66,2805,13365,0
2793020701740065,377426,66,2805,13365,0
2793020706858925,377426,66,2805,13365,0
2793020711976413,377426,66,2805,13365,0
2793020717094718,377426,66,2805,13365,0
2793020722212891,377426,66,2805,13365,0
2793020727330466,377426,66,2805,13365,0
2793020732448047,377426,66,2805,13365,0
2793020737565824,377426,66,2805,13365,0
2793020742683346,377426,66,2805,13365,0
2793020747800564,377426,66,2805,13365,0
2793020752917377,377426,66,2805,13365,0
2793020758037133,377426,66,2805,13365,0
2793020763163184,377426,66,2805,13365,0
2793020768298368,377426,66,2805,13365,0
2793020773415060,377426,66,2805,13365,0
2793020778532458,377426,66,2805,13365,0
2793020783649495,377426,66,2805,13365,0
2793020788768685,377426,66,2805,13365,0
2793020793885588,377426,66,2805,13365,0
2793020799037567,377426,66,2805,13365,0
2793020804155204,377426,66,2805,13365,0
2793020809271856,377426,66,2805,13365,0
2793020814388973,377426,66,2805,13365,0
2793020819507553,377426,66,2805,13365,0
2793020824624550,377426,66,2805,13365,0
2793020829741022,377426,66,2805,13365,0
2793020834860403,377426,66,2805,13365,0
2793020839977007,377426,66,2805,13365,0
2793020845093999,377426,66,2805,13365,0
2793020850210652,377426,66,2805,13365,0
2793020855327715,377426,66,2805,13365,0
2793020860444541,377426,66,2805,13365,0
2793020865562971,377426,66,2805,13365,0
2793020870681275,377426,66,2812,13365,0
2793020875798305,318442,68,2812,13365,100
2793020880917018,318442,68,2812,13365,100
2793020886034246,318442,68,2812,13365,100
2793020891151173,318442,68,2812,13365,100
2793020896267817,318442,68,2812,13365,100
2793020901387095,318442,68,2812,13365,100
2793020906505024,318442,68,2812,13365,100
2793020911621980,318442,68,2812,13365,100
2793020916738462,318442,68,2812,13365,100
2793020921856688,318442,68,2812,13365,100
2793020926973616,318442,68,2812,13365,100
2793020932093301,318442,68,2812,13365,100
2793020937210105,318442,68,2812,13365,100
2793020942327230,318442,68,2812,13365,100
2793020947444150,318442,68,2812,13365,100
2793020952560707,318442,68,2812,13365,100
2793020957678337,318442,68,2812,13365,100
2793020962794972,318442,68,2812,13365,100
2793020967912906,318442,68,2812,13365,100
2793020973031121,318442,68,2812,13365,100
2793020978147686,318442,68,2812,13365,100
2793020983264745,318442,68,2812,13365,100
2793020988381250,318442,68,2812,13365,100
2793020993498093,318442,68,2812,13365,100
2793020998617822,318442,68,2812,13365,100
2793021003734922,318442,68,2812,13365,100
2793021008851833,318442,68,2812,13365,100
2793021013968487,318442,68,2812,13365,100
2793021019089742,318442,68,2812,13365,100
2793021024207848,318442,68,2812,13365,100
2793021029326645,318442,68,2812,13365,100
2793021034443384,318442,68,2812,13365,100
2793021039560359,318442,68,2812,13365,100
2793021044677322,318442,68,2812,13365,100
2793021049794688,318442,68,2812,13365,100
2793021054911802,318442,68,2812,13365,100
2793021060028957,318442,68,2812,13365,100
2793021065148527,318442,68,2812,13365,100
2793021070265495,318442,68,2812,13365,100
2793021075383996,318442,68,2812,13365,100
2793021080501082,318442,68,2812,13365,100
2793021085618168,318442,68,2812,13365,100
2793021090735845,318442,68,2812,13365,100
2793021095854662,318442,68,2812,13365,100
2793021100972018,318442,68,2812,13365,100
2793021106089086,318442,68,2812,13365,100
2793021111206815,318442,68,2812,13365,100
2793021116323838,318442,68,2812,13365,100
2793021121440539,318442,68,2812,13365,100
2793021126558983,318442,68,2812,13365,100
2793021131678356,318442,68,2812,13365,100
2793021136795604,318442,68,2812,13365,100
2793021141911992,318442,68,2812,13365,100
2793021147029253,318442,68,2812,13365,100
2793021152145911,318442,68,2812,13365,100
2793021157262440,318442,68,2812,13365,100
2793021162380952,318442,68,2812,13365,100
2793021167497902,318442,68,2812,13365,100
2793021172614062,318442,68,2812,13365,100
2793021177732787,318442,68,2812,13365,100
2793021182849675,318442,68,2812,13365,100
2793021187966284,318442,68,2812,13365,100
2793021193083009,318442,68,2812,13365,100
2793021198199983,318442,68,2812,13365,100
2793021203317429,318442,68,2812,13365,100
2793021208433764,318442,68,2812,13365,100
2793021213549894,318442,68,2812,13365,100
2793021218666526,318442,68,2812,13365,100
2793021223783457,318442,68,2812,13365,100
2793021228903861,318442,68,2812,13365,100
2793021234020955,318442,68,2812,13365,100
2793021239137716,318442,68,2812,13365,100
2793021244267144,318442,68,2812,13365,100
2793021249384432,318442,68,2812,13365,100
2793021254505216,318442,68,2812,13365,100
2793021259623249,318442,68,2812,13365,100
2793021264739952,318442,68,2812,13365,100
2793021269856164,318442,68,2812,13365,100
2793021274972594,318442,68,2812,13365,100
2793021280090607,318442,68,2812,13365,100
2793021285208609,318442,68,2812,13365,100
2793021290325275,318442,68,2812,13365,100
2793021295443940,318442,68,2812,13365,100
2793021300560922,318442,68,2812,13365,100
2793021305678885,318442,68,2812,13365,100
2793021310797989,318442,68,2812,13365,100
2793021315915425,318442,68,2812,13365,100
2793021321033720,318442,68,2812,13365,100
2793021326151414,318442,68,2812,13365,100
2793021331272043,318442,68,2812,13365,100
2793021336389146,318442,68,2812,13365,100
2793021341506270,318442,68,2812,13365,100
2793021346623342,318442,68,2812,13365,100
2793021351740168,318442,68,2812,13365,100
2793021356857144,318442,68,2812,13365,100
2793021361977284,318442,68,2812,13365,100
2793021367093965,318442,68,2812,13365,100
2793021372210793,346504,68,2805,13365,100
2793021377328437,346504,68,2805,13365,100
2793021382448392,346504,68,2805,13365,100
2793021387565438,346504,68,2805,13365,100
2793021392683083,346504,68,2805,13365,100
2793021397800215,346504,68,2805,13365,100
2793021402917723,346504,68,2805,13365,100
2793021408034512,346504,68,2805,13365,100
2793021413151312,346504,68,2805,13365,100
2793021418267972,346504,68,2805,13365,100
2793021423397289,346504,68,2805,13365,100
2793021428516419,346504,68,2805,13365,100
2793021433634929,346504,68,2805,13365,100
2793021438752274,346504,68,2805,13365,100
2793021443868632,346504,68,2805,13365,100
2793021448985269,346504,68,2805,13365,100
2793021454124361,346504,68,2805,13365,100
2793021459241257,346504,68,2805,13365,100
2793021464358136,346504,68,2805,13365,100
2793021469474568,346504,68,2805,13365,100
2793021474592009,346504,68,2805,13365,100
2793021479708795,346504,68,2805,13365,100
2793021484829213,346504,68,2805,13365,100
2793021489946526,346504,68,2805,13365,100
2793021495063418,346504,68,2805,13365,100
2793021500179987,346504,68,2805,13365,100
2793021505296979,346504,68,2805,13365,100
2793021510414043,346504,68,2805,13365,100
2793021515533807,346504,68,2805,13365,100
2793021520651072,346504,68,2805,13365,100
2793021525767976,346504,68,2805,13365,100
2793021530885304,346504,68,2805,13365,100
2793021536025616,346504,68,2805,13365,100
2793021541143428,346504,68,2805,13365,100
2793021546260234,346504,68,2805,13365,100
2793021551377356,346504,68,2805,13365,100
2793021556494750,346504,68,2805,13365,100
2793021561612403,346504,68,2805,13365,100
2793021566729495,346504,68,2805,13365,100
2793021571849323,346504,68,2805,13365,100
2793021576967072,346504,68,2805,13365,100
2793021582084142,346504,68,2805,13365,100
2793021587202496,346504,68,2805,13365,100
2793021592319461,346504,68,2805,13365,100
2793021597435985,346504,68,2805,13365,100
2793021602555709,346504,68,2805,13365,100
2793021607672397,346504,68,2805,13365,100
2793021612789134,346504,68,2805,13365,100
2793021617905459,346504,68,2805,13365,100
2793021623022898,346504,68,2805,13365,100
2793021628139660,346504,68,2805,13365,100
2793021633257506,346504,68,2805,13365,100
2793021638376164,346504,68,2805,13365,100
2793021643492760,346504,68,2805,13365,100
2793021648609497,346504,68,2805,13365,100
2793021653726662,346504,68,2805,13365,100
2793021658843557,346504,68,2805,13365,100
2793021663960330,346504,68,2805,13365,100
2793021669079442,346504,68,2805,13365,100
2793021674196315,346504,68,2805,13365,100
2793021679313360,346504,68,2805,13365,100
2793021684432823,346504,68,2805,13365,100
2793021689553352,346504,68,2805,13365,100
2793021694672580,346504,68,2805,13365,100
2793021699791308,346504,68,2805,13365,100
2793021704909045,346504,68,2805,13365,100
2793021710027045,346504,68,2805,13365,100
2793021715144378,346504,68,2805,13365,100
2793021720260082,346504,68,2805,13365,100
2793021725376499,346504,68,2805,13365,100
2793021730492871,346504,68,2805,13365,100
2793021735608119,346504,68,2805,13365,100
2793021740725418,346504,68,2805,13365,100
2793021745842112,346504,68,2805,13365,100
2793021750956221,346504,68,2805,13365,100
2793021756070521,346504,68,2805,13365,100
2793021761226888,346504,68,2805,13365,100
2793021766342741,346504,68,2805,13365,100
2793021771457657,346504,68,2805,13365,100
2793021776572923,346504,68,2805,13365,100
2793021781688171,346504,68,2805,13365,100
2793021786803111,346504,68,2805,13365,100
2793021791919596,346504,68,2805,13365,100
2793021797035220,346504,68,2805,13365,100
2793021802151456,346504,68,2805,13365,100
2793021807267840,346504,68,2805,13365,100
2793021812383329,346504,68,2805,13365,100
2793021817499369,346504,68,2805,13365,100
2793021822615977,346504,68,2805,13365,100
2793021827733425,346504,68,2805,13365,100
2793021832852386,346504,68,2805,13365,100
2793021837969079,346504,68,2805,13365,100
2793021843087607,346504,68,2805,13365,100
2793021848204515,346504,68,2805,13365,100
2793021853321092,346504,68,2805,13365,100
2793021858438060,346504,68,2805,13365,100
2793021863556016,346504,68,2805,13365,100
2793021868672953,346504,68,2805,13365,100
2793021873792116,402834,68,2805,13365,100
2793021878912301,402834,68,2805,13365,100
2793021884030326,402834,68,2805,13365,100
2793021889147012,402834,68,2805,13365,100
2793021894265023,402834,68,2805,13365,100
2793021899382099,402834,68,2805,13365,100
2793021904499536,402834,68,2805,13365,100
2793021909616795,402834,68,2805,13365,100
2793021914734066,402834,68,2805,13365,100
2793021919851398,402834,68,2805,13365,100
2793021924968517,402834,68,2805,13365,100
2793021930085253,402834,68,2805,13365,100
2793021935202126,402834,68,2805,13365,100
2793021940319088,402834,68,2805,13365,100
2793021945440193,402834,68,2805,13365,100
2793021950557287,402834,68,2805,13365,100
2793021955675376,402834,68,2805,13365,100
2793021960793106,402834,68,2805,13365,100
2793021965910512,402834,68,2805,13365,100
2793021971027716,402834,68,2805,13365,100
2793021976147805,402834,68,2805,13365,100
2793021981264585,402834,68,2805,13365,100
2793021986382413,402834,68,2805,13365,100
2793021991499332,402834,68,2805,13365,100
2793021996617934,402834,68,2805,13365,100
2793022001734595,402834,68,2805,13365,100
2793022006852255,402834,68,2805,13365,100
2793022011973219,402834,68,2805,13365,100
2793022017090332,402834,68,2805,13365,100
2793022022207198,402834,68,2805,13365,100
2793022027323832,402834,68,2805,13365,100
2793022032440707,402834,68,2805,13365,100
2793022037557429,402834,68,2805,13365,100
2793022042674736,402834,68,2805,13365,100
2793022047793126,402834,68,2805,13365,100
2793022052909752,402834,68,2805,13365,100
2793022058027314,402834,68,2805,13365,100
2793022063144667,402834,68,2805,13365,100
2793022068261519,402834,68,2805,13365,100
2793022073380591,402834,68,2805,13365,100
2793022078516336,402834,68,2805,13365,100
2793022083633792,402834,68,2805,13365,100
2793022088750653,402834,68,2805,13365,100
2793022093867974,402834,68,2805,13365,100
2793022098986149,402834,68,2805,13365,100
2793022104127748,402834,68,2805,13365,100
2793022109244766,402834,68,2805,13365,100
2793022114361778,402834,68,2805,13365,100
2793022119478619,402834,68,2805,13365,100
2793022124595240,402834,68,2805,13365,100
2793022129712275,402834,68,2805,13365,100
2793022134832172,402834,68,2805,13365,100
2793022139950100,402834,68,2805,13365,100
2793022145066812,402834,68,2805,13365,100
2793022150185429,402834,68,2805,13365,100
2793022155302479,402834,68,2805,13365,100
2793022160419134,402834,68,2805,13365,100
2793022165537934,402834,68,2805,13365,100
2793022170655218,402834,68,2805,13365,100
2793022175771935,402834,68,2805,13365,100
2793022180888767,402834,68,2805,13365,100
2793022186028223,402834,68,2805,13365,100
2793022191145300,402834,68,2805,13365,100
2793022196262225,402834,68,2805,13365,100
2793022201381205,402834,68,2805,13365,100
2793022206498245,402834,68,2805,13365,100
2793022211615260,402834,68,2805,13365,100
2793022216732224,402834,68,2805,13365,100
2793022221851370,402834,68,2805,13365,100
2793022226968133,402834,68,2805,13365,100
2793022232085185,402834,68,2805,13365,100
2793022237201523,402834,68,2805,13365,100
2793022242318346,402834,68,2805,13365,100
2793022247434964,402834,68,2805,13365,100
2793022252555800,402834,68,2805,13365,100
2793022257675565,402834,68,2805,13365,100
2793022262793633,402834,68,2805,13365,100
2793022267913473,402834,68,2805,13365,100
2793022273031772,402834,68,2805,13365,100
2793022278149986,402834,68,2805,13365,100
2793022283266890,402834,68,2805,13365,100
2793022288384839,402834,68,2805,13365,100
2793022293501709,402834,68,2805,13365,100
2793022298618663,402834,68,2805,13365,100
2793022303738091,402834,68,2805,13365,100
2793022308854917,402834,68,2805,13365,100
2793022313971733,402834,68,2805,13365,100
2793022319088677,402834,68,2805,13365,100
2793022324205436,402834,68,2805,13365,100
2793022329322594,402834,68,2805,13365,100
2793022334441730,402834,68,2805,13365,100
2793022339558709,402834,68,2805,13365,100
2793022344680726,402834,68,2805,13365,100
2793022349797787,402834,68,2805,13365,100
2793022354915820,402834,68,2805,13365,100
2793022360032920,402834,68,2805,13365,100
2793022365170892,402834,68,2805,13365,100
2793022370287784,402834,68,2805,13365,100
2793022375404554,402913,68,2805,13365,100
2793022380524062,402913,68,2805,13365,100
2793022385640806,402913,68,2805,13365,100
2793022390758350,402913,68,2805,13365,100
2793022395856066,402913,68,2805,13365,100
2793022400973821,402913,68,2805,13365,100
2793022406092535,402913,68,2805,13365,100
2793022411209460,402913,68,2805,13365,100
2793022416326108,402913,68,2805,13365,100
2793022421442817,402913,68,2805,13365,100
2793022426559676,402913,68,2805,13365,100
2793022431679587,402913,68,2805,13365,100
2793022436796345,402913,68,2805,13365,100
2793022441913518,402913,68,2805,13365,100
2793022447031501,402913,68,2805,13365,100
2793022452148374,402913,68,2805,13365,100
2793022457269939,402913,68,2805,13365,100
2793022462387019,402913,68,2805,13365,100
2793022467504746,402913,68,2805,13365,100
2793022472622288,402913,68,2805,13365,100
2793022477739245,402913,68,2805,13365,100
2793022482856621,402913,68,2805,13365,100
2793022487973596,402913,68,2805,13365,100
2793022493091473,402913,68,2805,13365,100
2793022498208519,402913,68,2805,13365,100
2793022503326136,402913,68,2805,13365,100
2793022508444667,402913,68,2805,13365,100
2793022513561772,402913,68,2805,13365,100
2793022518681162,402913,68,2805,13365,100
2793022523798904,402913,68,2805,13365,100
2793022528916189,402913,68,2805,13365,100
2793022534033593,402913,68,2805,13365,100
2793022539150069,402913,68,2805,13365,100
2793022544276802,402913,68,2805,13365,100
2793022549393342,402913,68,2805,13365,100
2793022554512950,402913,68,2805,13365,100
2793022559631486,402913,68,2805,13365,100
2793022564748454,402913,68,2805,13365,100
2793022569865265,402913,68,2805,13365,100
2793022574982132,402913,68,2805,13365,100
2793022580120452,402913,68,2805,13365,100
2793022585237758,402913,68,2805,13365,100
2793022590355012,402913,68,2805,13365,100
2793022595472329,402913,68,2805,13365,100
2793022600589493,402913,68,2805,13365,100
2793022605707205,402913,68,2805,13365,100
2793022610827926,402913,68,2805,13365,100
2793022615944963,402913,68,2805,13365,100
2793022621062327,402913,68,2805,13365,100
2793022626179391,402913,68,2805,13365,100
2793022631296563,402913,68,2805,13365,100
2793022636413512,402913,68,2805,13365,100
2793022641530708,402913,68,2805,13365,100
2793022646647477,402913,68,2805,13365,100
2793022651764239,402913,68,2805,13365,100
2793022656881420,402913,68,2805,13365,100
2793022661999790,402913,68,2805,13365,100
2793022667144606,402913,68,2805,13365,100
2793022672261667,402913,68,2805,13365,100
2793022677378775,402913,68,2805,13365,100
2793022682495887,402913,68,2805,13365,100
2793022687612579,402913,68,2805,13365,100
2793022692729534,402913,68,2805,13365,100
2793022697848353,402913,68,2805,13365,100
2793022702965461,402913,68,2805,13365,100
2793022708082933,402913,68,2805,13365,100
2793022713201026,402913,68,2805,13365,100
2793022718317814,402913,68,2805,13365,100
2793022723434442,402913,68,2805,13365,100
2793022728553503,402913,68,2805,13365,100
2793022733687314,402913,68,2805,13365,100
2793022738804235,402913,68,2805,13365,100
2793022743921043,402913,68,2805,13365,100
2793022749039018,402913,68,2805,13365,100
2793022754163540,402913,68,2805,13365,100
2793022759286461,402913,68,2805,13365,100
2793022764404437,402913,68,2805,13365,100
2793022769520483,402913,68,2805,13365,100
2793022774637898,402913,68,2805,13365,100
2793022779753898,402913,68,2805,13365,100
2793022784869123,402913,68,2805,13365,100
2793022789986671,402913,68,2805,13365,100
2793022795134975,402913,68,2805,13365,100
2793022800251120,402913,68,2805,13365,100
2793022805367786,402913,68,2805,13365,100
2793022810504118,402913,68,2805,13365,100
2793022815622460,402913,68,2805,13365,100
2793022820739492,402913,68,2805,13365,100
2793022825858645,402913,68,2805,13365,100
2793022830975417,402913,68,2805,13365,100
2793022836092506,402913,68,2805,13365,100
2793022841209314,402913,68,2805,13365,100
2793022846326263,402913,68,2805,13365,100
2793022851443335,402913,68,2805,13365,100
2793022856561575,402913,68,2805,13365,100
2793022861678403,402913,68,2805,13365,100
2793022866796871,402913,68,2805,13365,100
2793022871913792,402960,68,2805,13365,100
2793022877031721,402960,68,2805,13365,100
2793022882150459,402960,68,2805,13365,100
2793022887267654,402960,68,2805,13365,100
2793022892385998,402960,68,2805,13365,100
2793022897503266,402960,68,2805,13365,100
2793022902620482,402960,68,2805,13365,100
2793022907737455,402960,68,2805,13365,100
2793022912855443,402960,68,2805,13365,100
2793022917974104,402960,68,2805,13365,100
2793022923092652,402960,68,2805,13365,100
2793022928209789,402960,68,2805,13365,100
2793022933326557,402960,68,2805,13365,100
2793022938443627,402960,68,2805,13365,100
2793022943560542,402960,68,2805,13365,100
2793022948677542,402960,68,2805,13365,100
2793022953794438,402960,68,2805,13365,100
2793022958914043,402960,68,2805,13365,100
2793022964031739,402960,68,2805,13365,100
2793022969150195,402960,68,2805,13365,100
2793022974280968,402960,68,2805,13365,100
2793022979398164,402960,68,2805,13365,100
2793022984515328,402960,68,2805,13365,100
2793022989633941,402960,68,2805,13365,100
2793022994750829,402960,68,2805,13365,100
2793022999867630,402960,68,2805,13365,100
2793023004984994,402960,68,2805,13365,100
2793023010127958,402960,68,2805,13365,100
2793023015246599,402960,68,2805,13365,100
2793023020375663,402960,68,2805,13365,100
2793023025492679,402960,68,2805,13365,100
2793023030610287,402960,68,2805,13365,100
2793023035727390,402960,68,2805,13365,100
2793023040844352,402960,68,2805,13365,100
2793023045970740,402960,68,2805,13365,100
2793023051090083,402960,68,2805,13365,100
2793023056206893,402960,68,2805,13365,100
2793023061324033,402960,68,2805,13365,100
2793023066441650,402960,68,2805,13365,100
2793023071572054,402960,68,2805,13365,100
2793023076689939,402960,68,2805,13365,100
2793023081807087,402960,68,2805,13365,100
2793023086924411,402960,68,2805,13365,100
2793023092041456,402960,68,2805,13365,100
2793023097170369,402960,68,2805,13365,100
2793023102287457,402960,68,2805,13365,100
2793023107404581,402960,68,2805,13365,100
2793023112521293,402960,68,2805,13365,100
2793023117640361,402960,68,2805,13365,100
2793023122761138,402960,68,2805,13365,100
2793023127878268,402960,68,2805,13365,100
2793023132995127,402960,68,2805,13365,100
2793023138132639,402960,68,2805,13365,100
2793023143249654,402960,68,2805,13365,100
2793023148366478,402960,68,2805,13365,100
2793023153483148,402960,68,2805,13365,100
2793023158600145,402960,68,2805,13365,100
2793023163717151,402960,68,2805,13365,100
2793023168836049,402960,68,2805,13365,100
2793023173954582,402960,68,2805,13365,100
2793023179071472,402960,68,2805,13365,100
2793023184188570,402960,68,2805,13365,100
2793023189306315,402960,68,2805,13365,100
2793023194423403,402960,68,2805,13365,100
2793023199541671,402960,68,2805,13365,100
2793023204659436,402960,68,2805,13365,100
2793023209776536,402960,68,2805,13365,100
2793023214893449,402960,68,2805,13365,100
2793023220031697,402960,68,2805,13365,100
2793023225151458,402960,68,2805,13365,100
2793023230268330,402960,68,2805,13365,100
2793023235385366,402960,68,2805,13365,100
2793023240502116,402960,68,2805,13365,100
2793023245619367,402960,68,2805,13365,100
2793023250736591,402960,68,2805,13365,100
2793023255855928,402960,68,2805,13365,100
2793023260973262,402960,68,2805,13365,100
2793023266090240,402960,68,2805,13365,100
2793023271207408,402960,68,2805,13365,100
2793023276326089,402960,68,2805,13365,100
2793023281442813,402960,68,2805,13365,100
2793023286561534,402960,68,2805,13365,100
2793023291679528,402960,68,2805,13365,100
2793023296796266,402960,68,2805,13365,100
2793023301912983,402960,68,2805,13365,100
2793023307030003,402960,68,2805,13365,100
2793023312147027,402960,68,2805,13365,100
2793023317264252,402960,68,2805,13365,100
2793023322383280,402960,68,2805,13365,100
2793023327501853,402960,68,2805,13365,100
2793023332620317,402960,68,2805,13365,100
2793023337737160,402960,68,2805,13365,100
2793023342854384,402960,68,2805,13365,100
2793023347971456,402960,68,2805,13365,100
2793023353090987,402960,68,2805,13365,100
2793023358207899,402960,68,2805,13365,100
2793023363324991,402960,68,2805,13365,100
2793023368443113,402960,68,2805,13365,100
2793023373560083,403096,68,2805,13365,100
2793023378680154,403096,68,2805,13365,100
2793023383800632,403096,68,2805,13365,100
2793023388934749,403096,68,2805,13365,100
2793023394051753,403096,68,2805,13365,100
2793023399168541,403096,68,2805,13365,100
2793023404286078,403096,68,2805,13365,100
2793023409402475,403096,68,2805,13365,100
2793023414519571,403096,68,2805,13365,100
2793023419638627,403096,68,2805,13365,100
2793023424755554,403096,68,2805,13365,100
2793023429874031,403096,68,2805,13365,100
2793023434991024,403096,68,2805,13365,100
2793023440131421,403096,68,2805,13365,100
2793023445249491,403096,68,2805,13365,100
2793023450366161,403096,68,2805,13365,100
2793023455483233,403096,68,2805,13365,100
2793023460600064,403096,68,2805,13365,100
2793023465717269,403096,68,2805,13365,100
2793023470835111,403096,68,2805,13365,100
2793023475951915,403096,68,2805,13365,100
2793023481070407,403096,68,2805,13365,100
2793023486187124,403096,68,2805,13365,100
2793023491304632,403096,68,2805,13365,100
2793023496421293,403096,68,2805,13365,100
2793023501539392,403096,68,2805,13365,100
2793023506657098,403096,68,2805,13365,100
2793023511773777,403096,68,2805,13365,100
2793023516890782,403096,68,2805,13365,100
2793023522028517,403096,68,2805,13365,100
2793023527146639,403096,68,2805,13365,100
2793023532265123,403096,68,2805,13365,100
2793023537382535,403096,68,2805,13365,100
2793023542499982,403096,68,2805,13365,100
2793023547617433,403096,68,2805,13365,100
2793023552734216,403096,68,2805,13365,100
2793023557856805,403096,68,2805,13365,100
2793023562973826,403096,68,2805,13365,100
2793023568090869,403096,68,2805,13365,100
2793023573208426,403096,68,2805,13365,100
2793023578325738,403096,68,2805,13365,100
2793023583443827,403096,68,2805,13365,100
2793023588561923,403096,68,2805,13365,100
2793023593679151,403096,68,2805,13365,100
2793023598796182,403096,68,2805,13365,100
2793023603923584,403096,68,2805,13365,100
2793023609041398,403096,68,2805,13365,100
2793023614158575,403096,68,2805,13365,100
2793023619275645,403096,68,2805,13365,100
2793023624394702,403096,68,2805,13365,100
2793023629511947,403096,68,2805,13365,100
2793023634630553,403096,68,2805,13365,100
2793023639747303,403096,68,2805,13365,100
2793023644864419,403096,68,2805,13365,100
2793023649981375,403096,68,2805,13365,100
2793023655122236,403096,68,2805,13365,100
2793023660239364,403096,68,2805,13365,100
2793023665356417,403096,68,2805,13365,100
2793023670473393,403096,68,2805,13365,100
2793023675590133,403096,68,2805,13365,100
2793023680706850,403096,68,2805,13365,100
2793023685827562,403096,68,2805,13365,100
2793023690945206,403096,68,2805,13365,100
2793023696062205,403096,68,2805,13365,100
2793023701179607,403096,68,2805,13365,100
2793023706296641,403096,68,2805,13365,100
2793023711414144,403096,68,2805,13365,100
2793023716532488,403096,68,2805,13365,100
2793023721649461,403096,68,2805,13365,100
2793023726766859,403096,68,2805,13365,100
2793023731883741,403096,68,2805,13365,100
2793023737058594,403096,68,2805,13365,100
2793023742176942,403096,68,2805,13365,100
2793023747293754,403096,68,2805,13365,100
2793023752410491,403096,68,2805,13365,100
2793023757533106,403096,68,2805,13365,100
2793023762650081,403096,68,2805,13365,100
2793023767767206,403096,68,2805,13365,100
2793023772887124,403096,68,2805,13365,100
2793023778021248,403096,68,2805,13365,100
2793023783138208,403096,68,2805,13365,100
2793023788256671,403096,68,2805,13365,100
2793023793373607,403096,68,2805,13365,100
2793023798490732,403096,68,2805,13365,100
2793023803608309,403096,68,2805,13365,100
2793023808725955,403096,68,2805,13365,100
2793023813845767,403096,68,2805,13365,100
2793023818963584,403096,68,2805,13365,100
2793023824080652,403096,68,2805,13365,100
2793023829198444,403096,68,2805,13365,100
2793023834315102,403096,68,2805,13365,100
2793023839433493,403096,68,2805,13365,100
2793023844552484,403096,68,2805,13365,100
2793023849671216,403096,68,2805,13365,100
2793023854789066,403096,68,2805,13365,100
2793023859906504,403096,68,2805,13365,100
2793023865024438,403096,68,2805,13365,100
2793023870141923,403096,68,2805,13365,100
2793023875261883,403224,68,2805,13365,100
2793023880381696,403224,68,2805,13365,100
2793023885498624,403224,68,2805,13365,100
2793023890617620,403224,68,2805,13365,100
2793023895734633,403224,68,2805,13365,100
2793023900851729,403224,68,2805,13365,100
2793023905968738,403224,68,2805,13365,100
2793023911088377,403224,68,2805,13365,100
2793023916206698,403224,68,2805,13365,100
2793023921323559,403224,68,2805,13365,100
2793023926440483,403224,68,2805,13365,100
2793023931558175,403224,68,2805,13365,100
2793023936675495,403224,68,2805,13365,100
2793023941796632,403224,68,2805,13365,100
2793023946913648,403224,68,2805,13365,100
2793023952030703,403224,68,2805,13365,100
2793023957148197,403224,68,2805,13365,100
2793023962265161,403224,68,2805,13365,100
2793023967382174,403224,68,2805,13365,100
2793023972499048,403224,68,2805,13365,100
2793023977619750,403224,68,2805,13365,100
2793023982736587,403224,68,2805,13365,100
2793023987853632,403224,68,2805,13365,100
2793023992981040,403224,68,2805,13365,100
2793023998119322,403224,68,2805,13365,100
2793024003236960,403224,68,2805,13365,100
2793024008353984,403224,68,2805,13365,100
2793024013470915,403224,68,2805,13365,100
2793024018587769,403224,68,2805,13365,100
2793024023704757,403224,68,2805,13365,100
2793024028824543,403224,68,2805,13365,100
2793024033941847,403224,68,2805,13365,100
2793024039058979,403224,68,2805,13365,100
2793024044194447,403224,68,2805,13365,100
2793024049311186,403224,68,2805,13365,100
2793024054428079,403224,68,2805,13365,100
2793024059546472,403224,68,2805,13365,100
2793024064663279,403224,68,2805,13365,100
2793024069780776,403224,68,2805,13365,100
2793024074898115,403224,68,2805,13365,100
2793024080030681,403224,68,2805,13365,100
2793024085147996,403224,68,2805,13365,100
2793024090265226,403224,68,2805,13365,100
2793024095384247,403224,68,2805,13365,100
2793024100501067,403224,68,2805,13365,100
2793024105618114,403224,68,2805,13365,100
2793024110735144,403224,68,2805,13365,100
2793024115854280,403224,68,2805,13365,100
2793024120970992,403224,68,2805,13365,100
2793024126088101,403224,68,2805,13365,100
2793024131205017,403224,68,2805,13365,100
2793024136322587,403224,68,2805,13365,100
2793024141439606,403224,68,2805,13365,100
2793024146560669,403224,68,2805,13365,100
2793024151677202,403224,68,2805,13365,100
2793024156794552,403224,68,2805,13365,100
2793024161911024,403224,68,2805,13365,100
2793024167027832,403224,68,2805,13365,100
2793024172144900,403224,68,2805,13365,100
2793024177262548,403224,68,2805,13365,100
2793024182380059,403224,68,2805,13365,100
2793024187496684,403224,68,2805,13365,100
2793024192613386,403224,68,2805,13365,100
2793024197732638,403224,68,2805,13365,100
2793024202849582,403224,68,2805,13365,100
2793024207967791,403224,68,2805,13365,100
2793024213086643,403224,68,2805,13365,100
2793024218203339,403224,68,2805,13365,100
2793024223320722,403224,68,2805,13365,100
2793024228437597,403224,68,2805,13365,100
2793024233554641,403224,68,2805,13365,100
2793024238671657,403224,68,2805,13365,100
2793024243791577,403224,68,2805,13365,100
2793024248910184,403224,68,2805,13365,100
2793024254027920,403224,68,2805,13365,100
2793024259145614,403224,68,2805,13365,100
2793024264263469,403224,68,2805,13365,100
2793024269387019,403224,68,2805,13365,100
2793024274504516,403224,68,2805,13365,100
2793024279621828,403224,68,2805,13365,100
2793024284739276,403224,68,2805,13365,100
2793024289856453,403224,68,2805,13365,100
2793024294974070,403224,68,2805,13365,100
2793024300092580,403224,68,2805,13365,100
2793024305209224,403224,68,2805,13365,100
2793024310328828,403224,68,2805,13365,100
2793024315445473,403224,68,2805,13365,100
2793024320562239,403224,68,2805,13365,100
2793024325681760,403224,68,2805,13365,100
2793024330800206,403224,68,2805,13365,100
2793024335925788,403224,68,2805,13365,100
2793024341043669,403224,68,2805,13365,100
2793024346162577,403224,68,2805,13365,100
2793024351280993,403224,68,2805,13365,100
2793024356399250,403224,68,2805,13365,100
2793024361516372,403224,68,2805,13365,100
2793024366633516,403224,68,2805,13365,100
2793024371752994,403386,68,2805,13365,100
2793024376874167,403203,68,2805,13365,100
2793024381995899,403203,68,2805,13365,100
2793024387127621,403203,68,2805,13365,100
2793024392245072,403203,68,2805,13365,100
2793024397362072,403203,68,2805,13365,100
2793024402480821,403203,68,2805,13365,100
2793024407598957,403203,68,2805,13365,100
2793024412715465,403203,68,2805,13365,100
2793024417835688,403203,68,2805,13365,100
2793024422953382,403203,68,2805,13365,100
2793024428070387,403203,68,2805,13365,100
2793024433187406,403203,68,2805,13365,100
2793024438304487,403203,68,2805,13365,100
2793024443422040,403203,68,2805,13365,100
2793024448537956,403203,68,2805,13365,100
2793024453656496,403203,68,2805,13365,100
2793024458774913,403203,68,2805,13365,100
2793024463891979,403203,68,2805,13365,100
2793024469029924,403203,68,2805,13365,100
2793024474147317,403203,68,2805,13365,100
2793024479264334,403203,68,2805,13365,100
2793024484380926,403203,68,2805,13365,100
2793024489497991,403203,68,2805,13365,100
2793024494615099,403203,68,2805,13365,100
2793024499732955,403203,68,2805,13365,100
2793024504854224,403203,68,2805,13365,100
2793024509971619,403203,68,2805,13365,100
2793024515088569,403203,68,2805,13365,100
2793024520206189,403203,68,2805,13365,100
2793024525323477,403203,68,2805,13365,100
2793024530440666,403203,68,2805,13365,100
2793024535559630,403203,68,2805,13365,100
2793024540676765,403203,68,2805,13365,100
2793024545793509,403203,68,2805,13365,100
2793024550910787,403203,68,2805,13365,100
2793024556029378,403203,68,2805,13365,100
2793024561146224,403203,68,2805,13365,100
2793024566263392,403203,68,2805,13365,100
2793024571383411,403203,68,2805,13365,100
2793024576500453,403203,68,2805,13365,100
2793024581617265,403203,68,2805,13365,100
2793024586733817,403203,68,2805,13365,100
2793024591850978,403203,68,2805,13365,100
2793024596967719,403203,68,2805,13365,100
2793024602087135,403203,68,2805,13365,100
2793024607205891,403203,68,2805,13365,100
2793024612323300,403203,68,2805,13365,100
2793024617440492,403203,68,2805,13365,100
2793024622557515,403203,68,2805,13365,100
2793024627674329,403203,68,2805,13365,100
2793024632791865,403203,68,2805,13365,100
2793024637909117,403203,68,2805,13365,100
2793024643026312,403203,68,2805,13365,100
2793024648143406,403203,68,2805,13365,100
2793024653260550,403203,68,2805,13365,100
2793024658379025,403203,68,2805,13365,100
2793024663496655,403203,68,2805,13365,100
2793024668633256,403203,68,2805,13365,100
2793024673750216,403203,68,2805,13365,100
2793024678867372,403203,68,2805,13365,100
2793024683984649,403203,68,2805,13365,100
2793024689125745,403203,68,2805,13365,100
2793024694242545,403203,68,2805,13365,100
2793024699378313,403203,68,2805,13365,100
2793024704494979,403203,68,2805,13365,100
2793024709613727,403203,68,2805,13365,100
2793024714730567,403203,68,2805,13365,100
2793024719850173,403203,68,2805,13365,100
2793024724966931,403203,68,2805,13365,100
2793024730083632,403203,68,2805,13365,100
2793024735200776,403203,68,2805,13365,100
2793024740318073,403203,68,2805,13365,100
2793024745435869,403203,68,2805,13365,100
2793024750553244,403203,68,2805,13365,100
2793024755670016,403203,68,2805,13365,100
2793024760789002,403203,68,2805,13365,100
2793024765905559,403203,68,2805,13365,100
2793024771022521,403203,68,2805,13365,100
2793024776139560,403203,68,2805,13365,100
2793024781256419,403203,68,2805,13365,100
2793024786373434,403203,68,2805,13365,100
2793024791490377,403203,68,2805,13365,100
2793024796607377,403203,68,2805,13365,100
2793024801724307,403203,68,2805,13365,100
2793024806841905,403203,68,2805,13365,100
2793024811960296,403203,68,2805,13365,100
2793024817079426,403203,68,2805,13365,100
2793024822197414,403203,68,2805,13365,100
2793024827316855,403203,68,2805,13365,100
2793024832433983,403203,68,2805,13365,100
2793024837551231,403203,68,2805,13365,100
2793024842668096,403203,68,2805,13365,100
2793024847785236,403203,68,2805,13365,100
2793024852901961,403203,68,2805,13365,100
2793024858021374,403203,68,2805,13365,100
2793024863139458,403203,68,2805,13365,100
2793024868256738,403203,68,2805,13365,100
2793024873373778,403090,68,2805,13365,100
2793024879902421,403090,68,2805,13365,100
2793024885020475,403090,68,2805,13365,100
2793024890137690,403090,68,2805,13365,100
2793024895254566,403090,68,2805,13365,100
2793024900380814,403090,68,2805,13365,100
2793024905497852,403090,68,2805,13365,100
2793024910616639,403090,68,2805,13365,100
2793024915734947,403090,68,2805,13365,100
2793024920852468,403090,68,2805,13365,100
2793024925969817,403090,68,2805,13365,100
2793024931086916,403090,68,2805,13365,100
2793024936203881,403090,68,2805,13365,100
2793024941323090,403090,68,2805,13365,100
2793024946439740,403090,68,2805,13365,100
2793024951558734,403090,68,2805,13365,100
2793024956675582,403090,68,2805,13365,100
2793024961792599,403090,68,2805,13365,100
2793024966911155,403090,68,2805,13365,100
2793024972028251,403090,68,2805,13365,100
2793024977145292,403090,68,2805,13365,100
2793024982262020,403090,68,2805,13365,100
2793024987378664,403090,68,2805,13365,100
2793024992509461,403090,68,2805,13365,100
2793024997626543,403090,68,2805,13365,100
2793025002744646,403090,68,2805,13365,100
2793025007862366,403090,68,2805,13365,100
2793025012979616,403090,68,2805,13365,100
2793025018122041,403090,68,2805,13365,100
2793025023238735,403090,68,2805,13365,100
2793025028356063,403090,68,2805,13365,100
2793025033472847,403090,68,2805,13365,100
2793025038590164,403090,68,2805,13365,100
2793025043707957,403090,68,2805,13365,100
2793025048827273,403090,68,2805,13365,100
2793025053944666,403090,68,2805,13365,100
2793025059061790,403090,68,2805,13365,100
2793025064178453,403090,68,2805,13365,100
2793025069296539,403090,68,2805,13365,100
2793025074413509,403090,68,2805,13365,100
2793025079532668,403090,68,2805,13365,100
2793025084650125,403090,68,2805,13365,100
2793025089767002,403090,68,2805,13365,100
2793025094884112,403090,68,2805,13365,100
2793025099992898,403090,68,2805,13365,100
2793025105129955,403090,68,2805,13365,100
2793025110247465,403090,68,2805,13365,100
2793025115363713,403090,68,2805,13365,100
2793025120481528,403090,68,2805,13365,100
2793025125598235,403090,68,2805,13365,100
2793025130715255,403090,68,2805,13365,100
2793025135833476,403090,68,2805,13365,100
2793025140950493,403090,68,2805,13365,100
2793025146067608,403090,68,2805,13365,100
2793025151184724,403090,68,2805,13365,100
2793025156302603,403090,68,2805,13365,100
2793025161419323,403090,68,2805,13365,100
2793025166537941,403090,68,2805,13365,100
2793025171656378,403090,68,2805,13365,100
2793025176773246,403090,68,2805,13365,100
2793025181889975,403090,68,2805,13365,100
2793025187027671,403090,68,2805,13365,100
2793025192144939,403090,68,2805,13365,100
2793025197261863,403090,68,2805,13365,100
2793025202379026,403090,68,2805,13365,100
2793025207496232,403090,68,2805,13365,100
2793025212613141,403090,68,2805,13365,100
2793025217729861,403090,68,2805,13365,100
2793025222850694,403090,68,2805,13365,100
2793025227968133,403090,68,2805,13365,100
2793025233085244,403090,68,2805,13365,100
2793025238202489,403090,68,2805,13365,100
2793025243326227,403090,68,2805,13365,100
2793025248443777,403090,68,2805,13365,100
2793025253562244,403090,68,2805,13365,100
2793025258679274,403090,68,2805,13365,100
2793025263796365,403090,68,2805,13365,100
2793025268913402,403090,68,2805,13365,100
2793025274032385,403090,68,2805,13365,100
2793025279149337,403090,68,2805,13365,100
2793025284266966,403090,68,2805,13365,100
2793025289385512,403090,68,2805,13365,100
2793025294502582,403090,68,2805,13365,100
2793025299619515,403090,68,2805,13365,100
2793025304736285,403090,68,2805,13365,100
2793025309853199,403090,68,2805,13365,100
2793025314969712,403090,68,2805,13365,100
2793025320088393,403090,68,2805,13365,100
2793025325207289,403090,68,2805,13365,100
2793025330324493,403090,68,2805,13365,100
2793025335441785,403090,68,2805,13365,100
2793025340558618,403090,68,2805,13365,100
2793025345675660,403090,68,2805,13365,100
2793025350792694,403090,68,2805,13365,100
2793025355929902,403090,68,2805,13365,100
2793025361046799,403090,68,2805,13365,100
2793025366163747,403090,68,2805,13365,100
2793025371285202,403090,68,2805,13365,100
2793025380421476,403137,68,2805,13365,100
2793025385530551,403137,68,2805,13365,100
2793025390647721,403137,68,2805,13365,100
2793025395764737,403137,68,2805,13365,100
2793025400881690,403137,68,2805,13365,100
2793025406024170,403137,68,2805,13365,100
2793025411142445,403137,68,2805,13365,100
2793025416259119,403137,68,2805,13365,100
2793025421376687,403137,68,2805,13365,100
2793025426495296,403137,68,2805,13365,100
2793025431612532,403137,68,2805,13365,100
2793025436729546,403137,68,2805,13365,100
2793025441849311,403137,68,2805,13365,100
2793025446966261,403137,68,2805,13365,100
2793025452083018,403137,68,2805,13365,100
2793025457200157,403137,68,2805,13365,100
2793025462317010,403137,68,2805,13365,100
2793025467434158,403137,68,2805,13365,100
2793025472553519,403137,68,2805,13365,100
2793025477672020,403137,68,2805,13365,100
2793025482788840,403137,68,2805,13365,100
2793025487905385,403137,68,2805,13365,100
2793025493022984,403137,68,2805,13365,100
2793025498140077,403137,68,2805,13365,100
2793025503256838,403137,68,2805,13365,100
2793025508373970,403137,68,2805,13365,100
2793025513490822,403137,68,2805,13365,100
2793025518607735,403137,68,2805,13365,100
2793025523724747,403137,68,2805,13365,100
2793025528842939,403137,68,2805,13365,100
2793025533960244,403137,68,2805,13365,100
2793025539079094,403137,68,2805,13365,100
2793025544195798,403137,68,2805,13365,100
2793025549312497,403137,68,2805,13365,100
2793025554429127,403137,68,2805,13365,100
2793025559545951,403137,68,2805,13365,100
2793025564663090,403137,68,2805,13365,100
2793025569782194,403137,68,2805,13365,100
2793025574899714,403137,68,2805,13365,100
2793025580037622,403137,68,2805,13365,100
2793025585155383,403137,68,2805,13365,100
2793025590272878,403137,68,2805,13365,100
2793025595389802,403137,68,2805,13365,100
2793025600507100,403137,68,2805,13365,100
2793025605624231,403137,68,2805,13365,100
2793025610742155,403137,68,2805,13365,100
2793025615861197,403137,68,2805,13365,100
2793025620980642,403137,68,2805,13365,100
2793025626110210,403137,68,2805,13365,100
2793025631227786,403137,68,2805,13365,100
2793025636344857,403137,68,2805,13365,100
2793025641461707,403137,68,2805,13365,100
2793025646578786,403137,68,2805,13365,100
2793025651695938,403137,68,2805,13365,100
2793025656815332,403137,68,2805,13365,100
2793025661932408,403137,68,2805,13365,100
2793025667049801,403137,68,2805,13365,100
2793025672167133,403137,68,2805,13365,100
2793025677283914,403137,68,2805,13365,100
2793025682401782,403137,68,2805,13365,100
2793025687521039,403137,68,2805,13365,100
2793025692637845,403137,68,2805,13365,100
2793025697754679,403137,68,2805,13365,100
2793025702871499,403137,68,2805,13365,100
2793025707988438,403137,68,2805,13365,100
2793025713127656,403137,68,2805,13365,100
2793025718244849,403137,68,2805,13365,100
2793025723361711,403137,68,2805,13365,100
2793025728478517,403137,68,2805,13365,100
2793025733597569,403137,68,2805,13365,100
2793025738714412,403137,68,2805,13365,100
2793025743831483,403137,68,2805,13365,100
2793025748948662,403137,68,2805,13365,100
2793025754067385,403137,68,2805,13365,100
2793025759184442,403137,68,2805,13365,100
2793025764301500,403137,68,2805,13365,100
2793025769418470,403137,68,2805,13365,100
2793025774535635,403137,68,2805,13365,100
2793025779654759,403137,68,2805,13365,100
2793025784773005,403137,68,2805,13365,100
2793025789889597,403137,68,2805,13365,100
2793025795034870,403137,68,2805,13365,100
2793025800152104,403137,68,2805,13365,100
2793025805269199,403137,68,2805,13365,100
2793025810386127,403137,68,2805,13365,100
2793025815507904,403137,68,2805,13365,100
2793025820624776,403137,68,2805,13365,100
2793025825742046,403137,68,2805,13365,100
2793025830861503,403137,68,2805,13365,100
2793025835979809,403137,68,2805,13365,100
2793025841114641,403137,68,2805,13365,100
2793025846232143,403137,68,2805,13365,100
2793025851349010,403137,68,2805,13365,100
2793025856466222,403137,68,2805,13365,100
2793025861583203,403137,68,2805,13365,100
2793025866700311,403137,68,2805,13365,100
2793025871819632,403137,68,2805,13365,100
2793025876936836,403347,68,2805,13365,100
2793025882055692,403347,68,2805,13365,100
2793025887174105,403347,68,2805,13365,100
2793025892290604,403347,68,2805,13365,100
2793025897408274,403347,68,2805,13365,100
2793025902526853,403347,68,2805,13365,100
2793025907643868,403347,68,2805,13365,100
2793025912760918,403347,68,2805,13365,100
2793025917878226,403347,68,2805,13365,100
2793025922994851,403347,68,2805,13365,100
2793025928135185,403347,68,2805,13365,100
2793025933252123,403347,68,2805,13365,100
2793025938370194,403347,68,2805,13365,100
2793025943487164,403347,68,2805,13365,100
2793025948604076,403347,68,2805,13365,100
2793025953721322,403347,68,2805,13365,100
2793025958840341,403347,68,2805,13365,100
2793025963957524,403347,68,2805,13365,100
2793025969074998,403347,68,2805,13365,100
2793025974191994,403347,68,2805,13365,100
2793025979309627,403347,68,2805,13365,100
2793025984426573,403347,68,2805,13365,100
2793025989546751,403347,68,2805,13365,100
2793025994663262,403347,68,2805,13365,100
2793025999780320,403347,68,2805,13365,100
2793026004897091,403347,68,2805,13365,100
2793026010035173,403347,68,2805,13365,100
2793026015170005,403347,68,2805,13365,100
2793026020286737,403347,68,2805,13365,100
2793026025403346,403347,68,2805,13365,100
2793026030520554,403347,68,2805,13365,100
2793026035637719,403347,68,2805,13365,100
2793026040755923,403347,68,2805,13365,100
2793026045875353,403347,68,2805,13365,100
2793026050992158,403347,68,2805,13365,100
2793026056127080,403347,68,2805,13365,100
2793026061244813,403347,68,2805,13365,100
2793026066362522,403347,68,2805,13365,100
2793026071479462,403347,68,2805,13365,100
2793026076598041,403347,68,2805,13365,100
2793026081715034,403347,68,2805,13365,100
2793026086833879,403347,68,2805,13365,100
2793026091952094,403347,68,2805,13365,100
2793026097068951,403347,68,2805,13365,100
2793026102186234,403347,68,2805,13365,100
2793026107303356,403347,68,2805,13365,100
2793026112420084,403347,68,2805,13365,100
2793026117539480,403347,68,2805,13365,100
2793026122655925,403347,68,2805,13365,100
2793026127773301,403347,68,2805,13365,100
2793026132890482,403347,68,2805,13365,100
2793026138030032,403347,68,2805,13365,100
2793026143149263,403347,68,2805,13365,100
2793026148265955,403347,68,2805,13365,100
2793026153383143,403347,68,2805,13365,100
2793026158499902,403347,68,2805,13365,100
2793026163616546,403347,68,2805,13365,100
2793026168733870,403347,68,2805,13365,100
2793026173853324,403347,68,2805,13365,100
2793026178970417,403347,68,2805,13365,100
2793026184087957,403347,68,2805,13365,100
2793026189205037,403347,68,2805,13365,100
2793026194323242,403347,68,2805,13365,100
2793026199440115,403347,68,2805,13365,100
2793026204558599,403347,68,2805,13365,100
2793026209675755,403347,68,2805,13365,100
2793026214792668,403347,68,2805,13365,100
2793026219909627,403347,68,2805,13365,100
2793026225026786,403347,68,2805,13365,100
2793026230143863,403347,68,2805,13365,100
2793026235260801,403347,68,2805,13365,100
2793026240379625,403347,68,2805,13365,100
2793026245497665,403347,68,2805,13365,100
2793026250614558,403347,68,2805,13365,100
2793026255731794,403347,68,2805,13365,100
2793026260848671,403347,68,2805,13365,100
2793026265966341,403347,68,2805,13365,100
2793026271085200,403347,68,2805,13365,100
2793026276202056,403347,68,2805,13365,100
2793026281319265,403347,68,2805,13365,100
2793026286436280,403347,68,2805,13365,100
2793026291553277,403347,68,2805,13365,100
2793026296671734,403347,68,2805,13365,100
2793026301788378,403347,68,2805,13365,100
2793026306907214,403347,68,2805,13365,100
2793026312023827,403347,68,2805,13365,100
2793026317140667,403347,68,2805,13365,100
2793026322257620,403347,68,2805,13365,100
2793026327374260,403347,68,2805,13365,100
2793026332492192,403347,68,2805,13365,100
2793026337611195,403347,68,2805,13365,100
2793026342728121,403347,68,2805,13365,100
2793026347846625,403347,68,2805,13365,100
2793026352963848,403347,68,2805,13365,100
2793026358080414,403347,68,2805,13365,100
2793026363197975,403347,68,2805,13365,100
2793026368314543,403347,68,2805,13365,100
2793026373432805,403572,68,2805,13365,100
2793026378552739,403572,68,2805,13365,100
2793026383671934,403572,68,2805,13365,100
2793026388789032,403572,68,2805,13365,100
2793026393906517,403572,68,2805,13365,100
2793026399025567,403572,68,2805,13365,100
2793026404143109,403572,68,2805,13365,100
2793026409263230,403572,68,2805,13365,100
2793026414381094,403572,68,2805,13365,100
2793026419498014,403572,68,2805,13365,100
2793026424615303,403572,68,2805,13365,100
2793026429732163,403572,68,2805,13365,100
2793026434854878,403572,68,2805,13365,100
2793026439973388,403572,68,2805,13365,100
2793026445090734,403572,68,2805,13365,100
2793026450226253,403572,68,2805,13365,100
2793026455343377,403572,68,2805,13365,100
2793026460460377,403572,68,2805,13365,100
2793026465578093,403572,68,2805,13365,100
2793026470695038,403572,68,2805,13365,100
2793026475814742,403572,68,2805,13365,100
2793026480931279,403572,68,2805,13365,100
2793026486065274,403572,68,2805,13365,100
2793026491182155,403572,68,2805,13365,100
2793026496299159,403572,68,2805,13365,100
2793026501417688,403572,68,2805,13365,100
2793026506537544,403572,68,2805,13365,100
2793026511655652,403572,68,2805,13365,100
2793026516772617,403572,68,2805,13365,100
2793026521889866,403572,68,2805,13365,100
2793026527027658,403572,68,2805,13365,100
2793026532144974,403572,68,2805,13365,100
2793026537261985,403572,68,2805,13365,100
2793026542379203,403572,68,2805,13365,100
2793026547495919,403572,68,2805,13365,100
2793026552614871,403572,68,2805,13365,100
2793026557731732,403572,68,2805,13365,100
2793026562851434,403572,68,2805,13365,100
2793026567968437,403572,68,2805,13365,100
2793026573085590,403572,68,2805,13365,100
2793026578203220,403572,68,2805,13365,100
2793026583320030,403572,68,2805,13365,100
2793026588436862,403572,68,2805,13365,100
2793026593555958,403572,68,2805,13365,100
2793026598673335,403572,68,2805,13365,100
2793026603791980,403572,68,2805,13365,100
2793026608909735,403572,68,2805,13365,100
2793026614027064,403572,68,2805,13365,100
2793026619144075,403572,68,2805,13365,100
2793026624261949,403572,68,2805,13365,100
2793026629380033,403572,68,2805,13365,100
2793026634497788,403572,68,2805,13365,100
2793026639614638,403572,68,2805,13365,100
2793026644731630,403572,68,2805,13365,100
2793026649848447,403572,68,2805,13365,100
2793026654967515,403572,68,2805,13365,100
2793026660084930,403572,68,2805,13365,100
2793026665201818,403572,68,2805,13365,100
2793026670336928,403572,68,2805,13365,100
2793026675453848,403572,68,2805,13365,100
2793026680570815,403572,68,2805,13365,100
2793026685690419,403572,68,2805,13365,100
2793026690809343,403572,68,2805,13365,100
2793026695929330,403572,68,2805,13365,100
2793026701049479,403572,68,2805,13365,100
2793026706170183,403572,68,2805,13365,100
2793026711290383,403572,68,2805,13365,100
2793026716410027,403572,68,2805,13365,100
2793026721531236,403572,68,2805,13365,100
2793026726650736,403572,68,2805,13365,100
2793026731771945,403572,68,2805,13365,100
2793026736892233,403572,68,2805,13365,100
2793026742058457,403572,68,2805,13365,100
2793026747177609,403572,68,2805,13365,100
2793026752297166,403572,68,2805,13365,100
2793026757416734,403572,68,2805,13365,100
2793026762534638,403572,68,2805,13365,100
2793026767652195,403572,68,2805,13365,100
2793026772770019,403572,68,2805,13365,100
2793026777887811,403572,68,2805,13365,100
2793026783025181,403572,68,2805,13365,100
2793026788145058,403572,68,2805,13365,100
2793026793263088,403572,68,2805,13365,100
2793026798380205,403572,68,2805,13365,100
2793026803497097,403572,68,2805,13365,100
2793026808618445,403572,68,2805,13365,100
2793026813735389,403572,68,2805,13365,100
2793026818852239,403572,68,2805,13365,100
2793026823969189,403572,68,2805,13365,100
2793026829086211,403572,68,2805,13365,100
2793026834203177,403572,68,2805,13365,100
2793026839321762,403572,68,2805,13365,100
2793026844438846,403572,68,2805,13365,100
2793026849556100,403572,68,2805,13365,100
2793026854673457,403572,68,2805,13365,100
2793026859792013,403572,68,2805,13365,100
2793026864909029,403572,68,2805,13365,100
2793026870028554,403572,68,2805,13365,100
2793026875148010,403662,68,2805,13365,100
2793026880269570,403662,68,2805,13365,100
2793026885387263,403662,68,2805,13365,100
2793026890504839,403662,68,2805,13365,100
2793026895621504,403662,68,2805,13365,100
2793026900738576,403662,68,2805,13365,100
2793026905855404,403662,68,2805,13365,100
2793026910976629,403662,68,2805,13365,100
2793026916093557,403662,68,2805,13365,100
2793026921211077,403662,68,2805,13365,100
2793026926327789,403662,68,2805,13365,100
2793026931444719,403662,68,2805,13365,100
2793026936564285,403662,68,2805,13365,100
2793026941680951,403662,68,2805,13365,100
2793026946797534,403662,68,2805,13365,100
2793026951931838,403662,68,2805,13365,100
2793026957049542,403662,68,2805,13365,100
2793026962169066,403662,68,2805,13365,100
2793026967287849,403662,68,2805,13365,100
2793026972405077,403662,68,2805,13365,100
2793026977521801,403662,68,2805,13365,100
2793026982638713,403662,68,2805,13365,100
2793026987756550,403662,68,2805,13365,100
2793026992874098,403662,68,2805,13365,100
2793026997991463,403662,68,2805,13365,100
2793027003131331,403662,68,2805,13365,100
2793027008249275,403662,68,2805,13365,100
2793027013368276,403662,68,2805,13365,100
2793027018485204,403662,68,2805,13365,100
2793027023602132,403662,68,2805,13365,100
2793027028719551,403662,68,2805,13365,100
2793027033839577,403662,68,2805,13365,100
2793027038957538,403662,68,2805,13365,100
2793027044074586,403662,68,2805,13365,100
2793027049192163,403662,68,2805,13365,100
2793027054309338,403662,68,2805,13365,100
2793027059425869,403662,68,2805,13365,100
2793027064545939,403662,68,2805,13365,100
2793027069662971,403662,68,2805,13365,100
2793027074780016,403662,68,2805,13365,100
2793027079897500,403662,68,2805,13365,100
2793027085037211,403662,68,2805,13365,100
2793027090155105,403662,68,2805,13365,100
2793027095272080,403662,68,2805,13365,100
2793027100388852,403662,68,2805,13365,100
2793027105505656,403662,68,2805,13365,100
2793027110623613,403662,68,2805,13365,100
2793027115742357,403662,68,2805,13365,100
2793027120861691,403662,68,2805,13365,100
2793027125978252,403662,68,2805,13365,100
2793027131094892,403662,68,2805,13365,100
2793027136212364,403662,68,2805,13365,100
2793027141329325,403662,68,2805,13365,100
2793027146446353,403662,68,2805,13365,100
2793027151564721,403662,68,2805,13365,100
2793027156681847,403662,68,2805,13365,100
2793027161798830,403662,68,2805,13365,100
2793027166917491,403662,68,2805,13365,100
2793027172034807,403662,68,2805,13365,100
2793027177151579,403662,68,2805,13365,100
2793027182268720,403662,68,2805,13365,100
2793027187387499,403662,68,2805,13365,100
2793027192505325,403662,68,2805,13365,100
2793027197623247,403662,68,2805,13365,100
2793027202740012,403662,68,2805,13365,100
2793027207857836,403662,68,2805,13365,100
2793027212975090,403662,68,2805,13365,100
2793027218094294,403662,68,2805,13365,100
2793027223211539,403662,68,2805,13365,100
2793027228328448,403662,68,2805,13365,100
2793027233446547,403662,68,2805,13365,100
2793027238563917,403662,68,2805,13365,100
2793027243680805,403662,68,2805,13365,100
2793027248797685,403662,68,2805,13365,100
2793027253917949,403662,68,2805,13365,100
2793027259035309,403662,68,2805,13365,100
2793027264152506,403662,68,2805,13365,100
2793027269270808,403662,68,2805,13365,100
2793027274388546,403662,68,2805,13365,100
2793027279515891,403662,68,2805,13365,100
2793027284635741,403662,68,2805,13365,100
2793027289752635,403662,68,2805,13365,100
2793027294869828,403662,68,2805,13365,100
2793027299987113,403662,68,2805,13365,100
2793027305126641,403662,68,2805,13365,100
2793027310243641,403662,68,2805,13365,100
2793027315360293,403662,68,2805,13365,100
2793027320479352,403662,68,2805,13365,100
2793027325614626,403662,68,2805,13365,100
2793027330732081,403662,68,2805,13365,100
2793027335851454,403662,68,2805,13365,100
2793027340968651,403662,68,2805,13365,100
2793027346086327,403662,68,2805,13365,100
2793027351203836,403662,68,2805,13365,100
2793027356321284,403662,68,2805,13365,100
2793027361438601,403662,68,2805,13365,100
2793027366557221,403662,68,2805,13365,100
2793027371677105,403662,68,2805,13365,100
2793027376795240,403629,68,2805,13365,100
2793027381915552,403629,68,2805,13365,100
2793027387032358,403629,68,2805,13365,100
2793027392149147,403629,68,2805,13365,100
2793027397266311,403629,68,2805,13365,100
2793027402385742,403629,68,2805,13365,100
2793027407503384,403629,68,2805,13365,100
2793027412620020,403629,68,2805,13365,100
2793027417737464,403629,68,2805,13365,100
2793027422856269,403629,68,2805,13365,100
2793027427973338,403629,68,2805,13365,100
2793027433093548,403629,68,2805,13365,100
2793027438211552,403629,68,2805,13365,100
2793027443328870,403629,68,2805,13365,100
2793027448445574,403629,68,2805,13365,100
2793027453562945,403629,68,2805,13365,100
2793027458679959,403629,68,2805,13365,100
2793027463797687,403629,68,2805,13365,100
2793027468917148,403629,68,2805,13365,100
2793027474036291,403629,68,2805,13365,100
2793027479153437,403629,68,2805,13365,100
2793027484270470,403629,68,2805,13365,100
2793027489387249,403629,68,2805,13365,100
2793027494504558,403629,68,2805,13365,100
2793027499623779,403629,68,2805,13365,100
2793027504740811,403629,68,2805,13365,100
2793027509857783,403629,68,2805,13365,100
2793027514975132,403629,68,2805,13365,100
2793027520092160,403629,68,2805,13365,100
2793027525212381,403629,68,2805,13365,100
2793027530329297,403629,68,2805,13365,100
2793027535446325,403629,68,2805,13365,100
2793027540563502,403629,68,2805,13365,100
2793027545680486,403629,68,2805,13365,100
2793027550797270,403629,68,2805,13365,100
2793027555914220,403629,68,2805,13365,100
2793027561032347,403629,68,2805,13365,100
2793027566154504,403629,68,2805,13365,100
2793027571271734,403629,68,2805,13365,100
2793027576391590,403629,68,2805,13365,100
2793027581508680,403629,68,2805,13365,100
2793027586625689,403629,68,2805,13365,100
2793027591742623,403629,68,2805,13365,100
2793027596862261,403629,68,2805,13365,100
2793027601979087,403629,68,2805,13365,100
2793027607097731,403629,68,2805,13365,100
2793027612215107,403629,68,2805,13365,100
2793027617332007,403629,68,2805,13365,100
2793027622449108,403629,68,2805,13365,100
2793027627568452,403629,68,2805,13365,100
2793027632685688,403629,68,2805,13365,100
2793027637804877,403629,68,2805,13365,100
2793027642921707,403629,68,2805,13365,100
2793027648038925,403629,68,2805,13365,100
2793027653156234,403629,68,2805,13365,100
2793027658275518,403629,68,2805,13365,100
2793027663392314,403629,68,2805,13365,100
2793027668509371,403629,68,2805,13365,100
2793027673626607,403629,68,2805,13365,100
2793027678745780,403629,68,2805,13365,100
2793027683862804,403629,68,2805,13365,100
2793027688982232,403629,68,2805,13365,100
2793027694119473,403629,68,2805,13365,100
2793027699236563,403629,68,2805,13365,100
2793027704353874,403629,68,2805,13365,100
2793027709470782,403629,68,2805,13365,100
2793027714588194,403629,68,2805,13365,100
2793027719705095,403629,68,2805,13365,100
2793027724824025,403629,68,2805,13365,100
2793027729942447,403629,68,2805,13365,100
2793027735059488,403629,68,2805,13365,100
2793027740176576,403629,68,2805,13365,100
2793027745293664,403629,68,2805,13365,100
2793027750411288,403629,68,2805,13365,100
2793027755530797,403629,68,2805,13365,100
2793027760649169,403629,68,2805,13365,100
2793027765766379,403629,68,2805,13365,100
2793027770883376,403629,68,2805,13365,100
2793027776056362,403629,68,2805,13365,100
2793027781176750,403629,68,2805,13365,100
2793027786293642,403629,68,2805,13365,100
2793027791411208,403629,68,2805,13365,100
2793027796529060,403629,68,2805,13365,100
2793027801646232,403629,68,2805,13365,100
2793027806763796,403629,68,2805,13365,100
2793027811883189,403629,68,2805,13365,100
2793027817020383,403629,68,2805,13365,100
2793027822137618,403629,68,2805,13365,100
2793027827254442,403629,68,2805,13365,100
2793027832373634,403629,68,2805,13365,100
2793027837491186,403629,68,2805,13365,100
2793027842608655,403629,68,2805,13365,100
2793027847725907,403629,68,2805,13365,100
2793027852843184,403629,68,2805,13365,100
2793027857960237,403629,68,2805,13365,100
2793027863077368,403629,68,2805,13365,100
2793027868194226,403629,68,2805,13365,100
2793027873311163,403518,68,2805,13365,100
2793027878430022,403518,69,2805,13365,100
2793027883552605,403518,69,2805,13365,100
2793027888669834,403518,69,2805,13365,100
2793027893786575,403518,69,2805,13365,100
2793027898903491,403518,69,2805,13365,100
2793027904020879,403518,69,2805,13365,100
2793027909137774,403518,69,2805,13365,100
2793027914257924,403518,69,2805,13365,100
2793027919375364,403518,69,2805,13365,100
2793027924492825,403518,69,2805,13365,100
2793027929609665,403518,69,2805,13365,100
2793027934728270,403518,69,2805,13365,100
2793027939845806,403518,69,2805,13365,100
2793027944963078,403518,69,2805,13365,100
2793027950082816,403518,69,2805,13365,100
2793027955199563,403518,69,2805,13365,100
2793027960316576,403518,69,2805,13365,100
2793027965433588,403518,69,2805,13365,100
2793027970550604,403518,69,2805,13365,100
2793027975667558,403518,69,2805,13365,100
2793027980802384,403518,69,2805,13365,100
2793027985920909,403518,69,2805,13365,100
2793027991038033,403518,69,2805,13365,100
2793027996154582,403518,69,2805,13365,100
2793028001273252,403518,69,2805,13365,100
2793028006390042,403518,69,2805,13365,100
2793028011506921,403518,69,2805,13365,100
2793028016624465,403518,69,2805,13365,100
2793028021742037,403518,69,2805,13365,100
2793028026858920,403518,69,2805,13365,100
2793028031976108,403518,69,2805,13365,100
2793028037094781,403518,69,2805,13365,100
2793028042211507,403518,69,2805,13365,100
2793028047331441,403518,69,2805,13365,100
2793028052448506,403518,69,2805,13365,100
2793028057565482,403518,69,2805,13365,100
2793028062682618,403518,69,2805,13365,100
2793028067799463,403518,69,2805,13365,100
2793028072916307,403518,69,2805,13365,100
2793028078033507,403518,69,2805,13365,100
2793028083150256,403518,69,2805,13365,100
2793028088268596,403518,69,2805,13365,100
2793028093385373,403518,69,2805,13365,100
2793028098501977,403518,69,2805,13365,100
2793028103619066,403518,69,2805,13365,100
2793028108736126,403518,69,2805,13365,100
2793028113852789,403518,69,2805,13365,100
2793028118969991,403518,69,2805,13365,100
2793028124087863,403518,69,2805,13365,100
2793028129204736,403518,69,2805,13365,100
2793028134321694,403518,69,2805,13365,100
2793028139440100,403518,69,2805,13365,100
2793028144556757,403518,69,2805,13365,100
2793028149673819,403518,69,2805,13365,100
2793028154793671,403518,69,2805,13365,100
2793028159910362,403518,69,2805,13365,100
2793028165027566,403518,69,2805,13365,100
2793028170144530,403518,69,2805,13365,100
2793028175261741,403518,69,2805,13365,100
2793028180378595,403518,69,2805,13365,100
2793028185497804,403518,69,2805,13365,100
2793028190616084,403518,69,2805,13365,100
2793028195733072,403518,69,2805,13365,100
2793028200850103,403518,69,2805,13365,100
2793028205966833,403518,69,2805,13365,100
2793028211084461,403518,69,2805,13365,100
2793028216201274,403518,69,2805,13365,100
2793028221318660,403518,69,2805,13365,100
2793028226435439,403518,69,2805,13365,100
2793028231552095,403518,69,2805,13365,100
2793028236669047,403518,69,2805,13365,100
2793028241787616,403518,69,2805,13365,100
2793028246905012,403518,69,2805,13365,100
2793028252024265,403518,69,2805,13365,100
2793028257141365,403518,69,2805,13365,100
2793028262258213,403518,69,2805,13365,100
2793028267375042,403518,69,2805,13365,100
2793028272492210,403518,69,2805,13365,100
2793028277609342,403518,69,2805,13365,100
2793028282728047,403518,69,2805,13365,100
2793028287844831,403518,69,2805,13365,100
2793028292963091,403518,69,2805,13365,100
2793028298080264,403518,69,2805,13365,100
2793028303197085,403518,69,2805,13365,100
2793028308313960,403518,69,2805,13365,100
2793028313430901,403518,69,2805,13365,100
2793028318549953,403518,69,2805,13365,100
2793028323667306,403518,69,2805,13365,100
2793028328784918,403518,69,2805,13365,100
2793028333902926,403518,69,2805,13365,100
2793028339020530,403518,69,2805,13365,100
2793028344139335,403518,69,2805,13365,100
2793028349263119,403518,69,2805,13365,100
2793028354380464,403518,69,2805,13365,100
2793028359498096,403518,69,2805,13365,100
2793028364615961,403518,69,2805,13365,100
2793028369732887,403518,69,2805,13365,100
2793028374850817,403599,68,2805,13365,100
2793028379980018,403599,68,2805,13365,100
2793028385122429,403599,68,2805,13365,100
2793028390239602,403599,68,2805,13365,100
2793028395358102,403599,68,2805,13365,100
2793028400475241,403599,68,2805,13365,100
2793028405592048,403599,68,2805,13365,100
2793028410709396,403599,68,2805,13365,100
2793028415828980,403599,68,2805,13365,100
2793028420945820,403599,68,2805,13365,100
2793028426063609,403599,68,2805,13365,100
2793028431180721,403599,68,2805,13365,100
2793028436297669,403599,68,2805,13365,100
2793028441414998,403599,68,2805,13365,100
2793028446535920,403599,68,2805,13365,100
2793028451652355,403599,68,2805,13365,100
2793028456769991,403599,68,2805,13365,100
2793028461886855,403599,68,2805,13365,100
2793028467025784,403599,68,2805,13365,100
2793028472143712,403599,68,2805,13365,100
2793028477260784,403599,68,2805,13365,100
2793028482377245,403599,68,2805,13365,100
2793028487501262,403599,68,2805,13365,100
2793028492618065,403599,68,2805,13365,100
2793028497736605,403599,68,2805,13365,100
2793028502855442,403599,68,2805,13365,100
2793028507972839,403599,68,2805,13365,100
2793028513089675,403599,68,2805,13365,100
2793028518207141,403599,68,2805,13365,100
2793028523324232,403599,68,2805,13365,100
2793028528441188,403599,68,2805,13365,100
2793028533560052,403599,68,2805,13365,100
2793028538677349,403599,68,2805,13365,100
2793028543794465,403599,68,2805,13365,100
2793028548912965,403599,68,2805,13365,100
2793028554030074,403599,68,2805,13365,100
2793028559147206,403599,68,2805,13365,100
2793028564264142,403599,68,2805,13365,100
2793028569383011,403599,68,2805,13365,100
2793028574499976,403599,68,2805,13365,100
2793028579616795,403599,68,2805,13365,100
2793028584733910,403599,68,2805,13365,100
2793028589851664,403599,68,2805,13365,100
2793028594968481,403599,68,2805,13365,100
2793028600088242,403599,68,2805,13365,100
2793028605205488,403599,68,2805,13365,100
2793028610323112,403599,68,2805,13365,100
2793028615440042,403599,68,2805,13365,100
2793028620557234,403599,68,2805,13365,100
2793028625674207,403599,68,2805,13365,100
2793028630790523,403599,68,2805,13365,100
2793028635926894,403599,68,2805,13365,100
2793028641044060,403599,68,2805,13365,100
2793028646161063,403599,68,2805,13365,100
2793028651279965,403599,68,2805,13365,100
2793028656396661,403599,68,2805,13365,100
2793028661527069,403599,68,2805,13365,100
2793028666646890,403599,68,2805,13365,100
2793028671763834,403599,68,2805,13365,100
2793028676881119,403599,68,2805,13365,100
2793028682018419,403599,68,2805,13365,100
2793028687136712,403599,68,2805,13365,100
2793028692253822,403599,68,2805,13365,100
2793028697371028,403599,68,2805,13365,100
2793028702490152,403599,68,2805,13365,100
2793028707607937,403599,68,2805,13365,100
2793028712725073,403599,68,2805,13365,100
2793028717843964,403599,68,2805,13365,100
2793028722961474,403599,68,2805,13365,100
2793028728078686,403599,68,2805,13365,100
2793028733197071,403599,68,2805,13365,100
2793028738314151,403599,68,2805,13365,100
2793028743430815,403599,68,2805,13365,100
2793028748549312,403599,68,2805,13365,100
2793028753667884,403599,68,2805,13365,100
2793028758784700,403599,68,2805,13365,100
2793028763901269,403599,68,2805,13365,100
2793028769067676,403599,68,2805,13365,100
2793028774185725,403599,68,2805,13365,100
2793028779302905,403599,68,2805,13365,100
2793028784419986,403599,68,2805,13365,100
2793028789537194,403599,68,2805,13365,100
2793028794653897,403599,68,2805,13365,100
2793028799771173,403599,68,2805,13365,100
2793028804891505,403599,68,2805,13365,100
2793028810028802,403599,68,2805,13365,100
2793028815145772,403599,68,2805,13365,100
2793028820262844,403599,68,2805,13365,100
2793028825379563,403599,68,2805,13365,100
2793028830496497,403599,68,2805,13365,100
2793028835613502,403599,68,2805,13365,100
2793028840730858,403599,68,2805,13365,100
2793028845850606,403599,68,2805,13365,100
2793028850967450,403599,68,2805,13365,100
2793028856085791,403599,68,2805,13365,100
2793028861202847,403599,68,2805,13365,100
2793028866335717,403599,68,2805,13365,100
2793028871452644,403599,68,2805,13365,100
2793028876571692,403597,69,2805,13365,100
2793028881690372,403597,69,2805,13365,100
2793028886806825,403597,69,2805,13365,100
2793028891924381,403597,69,2805,13365,100
2793028897042006,403597,69,2805,13365,100
2793028902159148,403597,69,2805,13365,100
2793028907277614,403597,69,2805,13365,100
2793028912394809,403597,69,2805,13365,100
2793028917511628,403597,69,2805,13365,100
2793028922629024,403597,69,2805,13365,100
2793028927746292,403597,69,2805,13365,100
2793028932862854,403597,69,2805,13365,100
2793028937979933,403597,69,2805,13365,100
2793028943118521,403597,69,2805,13365,100
2793028948235600,403597,69,2805,13365,100
2793028953352504,403597,69,2805,13365,100
2793028958470562,403597,69,2805,13365,100
2793028963587471,403597,69,2805,13365,100
2793028968704699,403597,69,2805,13365,100
2793028973823661,403597,69,2805,13365,100
2793028978940660,403597,69,2805,13365,100
2793028984074548,403597,69,2805,13365,100
2793028989191220,403597,69,2805,13365,100
2793028994308178,403597,69,2805,13365,100
2793028999425265,403597,69,2805,13365,100
2793029004542966,403597,69,2805,13365,100
2793029009661754,403597,69,2805,13365,100
2793029014778906,403597,69,2805,13365,100
2793029019895599,403597,69,2805,13365,100
2793029025035451,403597,69,2805,13365,100
2793029030153229,403597,69,2805,13365,100
2793029035270068,403597,69,2805,13365,100
2793029040386991,403597,69,2805,13365,100
2793029045503908,403597,69,2805,13365,100
2793029050620587,403597,69,2805,13365,100
2793029055738504,403597,69,2805,13365,100
2793029060858701,403597,69,2805,13365,100
2793029065975649,403597,69,2805,13365,100
2793029071092564,403597,69,2805,13365,100
2793029076209927,403597,69,2805,13365,100
2793029081326866,403597,69,2805,13365,100
2793029086427699,403597,69,2805,13365,100
2793029091533736,403597,69,2805,13365,100
2793029096650846,403597,69,2805,13365,100
2793029101769125,403597,69,2805,13365,100
2793029106860990,403597,69,2805,13365,100
2793029111968727,403597,69,2805,13365,100
2793029117081784,403597,69,2805,13365,100
2793029122193382,403597,69,2805,13365,100
2793029127309326,403597,69,2805,13365,100
2793029132425315,403597,69,2805,13365,100
2793029137536924,403597,69,2805,13365,100
2793029142648764,403597,69,2805,13365,100
2793029147763518,403597,69,2805,13365,100
2793029152878817,403597,69,2805,13365,100
2793029157993607,403597,69,2805,13365,100
2793029163122193,403597,69,2805,13365,100
2793029168223858,403597,69,2805,13365,100
2793029173335078,403597,69,2805,13365,100
2793029178445354,403597,69,2805,13365,100
2793029183555476,403597,69,2805,13365,100
2793029188666231,403597,69,2805,13365,100
2793029193777812,403597,69,2805,13365,100
2793029198893584,403597,69,2805,13365,100
2793029204027779,403597,69,2805,13365,100
2793029209157023,403597,69,2805,13365,100
2793029214272166,403597,69,2805,13365,100
2793029219386221,403597,69,2805,13365,100
2793029224500302,403597,69,2805,13365,100
2793029229614083,403597,69,2805,13365,100
2793029234728193,403597,69,2805,13365,100
2793029239844639,403597,69,2805,13365,100
2793029244959920,403597,69,2805,13365,100
2793029250075212,403597,69,2805,13365,100
2793029255190196,403597,69,2805,13365,100
2793029260305460,403597,69,2805,13365,100
2793029265423041,403597,69,2805,13365,100
2793029270540158,403597,69,2805,13365,100
2793029275656740,403597,69,2805,13365,100
2793029280772563,403597,69,2805,13365,100
2793029285888798,403597,69,2805,13365,100
2793029291022446,403597,69,2805,13365,100
2793029296138947,403597,69,2805,13365,100
2793029301256148,403597,69,2805,13365,100
2793029306375017,403597,69,2805,13365,100
2793029311492040,403597,69,2805,13365,100
2793029316610489,403597,69,2805,13365,100
2793029321727549,403597,69,2805,13365,100
2793029326845104,403597,69,2805,13365,100
2793029331961962,403597,69,2805,13365,100
2793029337081362,403597,69,2805,13365,100
2793029342198475,403597,69,2805,13365,100
2793029347315529,403597,69,2805,13365,100
2793029352432266,403597,69,2805,13365,100
2793029357548912,403597,69,2805,13365,100
2793029362665862,403597,69,2805,13365,100
2793029367784488,403597,69,2805,13365,100
2793029372902981,403596,69,2805,13365,100
2793029378021922,403596,69,2805,13365,100
2793029383140714,403596,69,2805,13365,100
2793029388257462,403596,69,2805,13365,100
2793029393374363,403596,69,2805,13365,100
2793029398491394,403596,69,2805,13365,100
2793029403608671,403596,69,2805,13365,100
2793029408726723,403596,69,2805,13365,100
2793029413845871,403596,69,2805,13365,100
2793029418963872,403596,69,2805,13365,100
2793029424080629,403596,69,2805,13365,100
2793029429197411,403596,69,2805,13365,100
2793029434314425,403596,69,2805,13365,100
2793029439431706,403596,69,2805,13365,100
2793029444551304,403596,69,2805,13365,100
2793029449668496,403596,69,2805,13365,100
2793029454785453,403596,69,2805,13365,100
2793029459902457,403596,69,2805,13365,100
2793029465020542,403596,69,2805,13365,100
2793029470139036,403596,69,2805,13365,100
2793029475258592,403596,69,2805,13365,100
2793029480375984,403596,69,2805,13365,100
2793029485493093,403596,69,2805,13365,100
2793029490610771,403596,69,2805,13365,100
2793029495729466,403596,69,2805,13365,100
2793029500848922,403596,69,2805,13365,100
2793029505966057,403596,69,2805,13365,100
2793029511082914,403596,69,2805,13365,100
2793029516199699,403596,69,2805,13365,100
2793029521318516,403596,69,2805,13365,100
2793029526435769,403596,69,2805,13365,100
2793029531554773,403596,69,2805,13365,100
2793029536671677,403596,69,2805,13365,100
2793029541788107,403596,69,2805,13365,100
2793029546905241,403596,69,2805,13365,100
2793029552022186,403596,69,2805,13365,100
2793029557141308,403596,69,2805,13365,100
2793029562260419,403596,69,2805,13365,100
2793029567377077,403596,69,2805,13365,100
2793029572503733,403596,69,2805,13365,100
2793029577621147,403596,69,2805,13365,100
2793029582739952,403596,69,2805,13365,100
2793029587857060,403596,69,2805,13365,100
2793029592973880,403596,69,2805,13365,100
2793029598090695,403596,69,2805,13365,100
2793029603207380,403596,69,2805,13365,100
2793029608324264,403596,69,2805,13365,100
2793029613441414,403596,69,2805,13365,100
2793029618558400,403596,69,2805,13365,100
2793029623678783,403596,69,2805,13365,100
2793029628795607,403596,69,2805,13365,100
2793029633912280,403596,69,2805,13365,100
2793029639029305,403596,69,2805,13365,100
2793029644146324,403596,69,2805,13365,100
2793029649263221,403596,69,2805,13365,100
2793029654380677,403596,69,2805,13365,100
2793029659498116,403596,69,2805,13365,100
2793029664614847,403596,69,2805,13365,100
2793029669731677,403596,69,2805,13365,100
2793029674850174,403596,69,2805,13365,100
2793029679966843,403596,69,2805,13365,100
2793029685083743,403596,69,2805,13365,100
2793029690202887,403596,69,2805,13365,100
2793029695319688,403596,69,2805,13365,100
2793029700436672,403596,69,2805,13365,100
2793029705553537,403596,69,2805,13365,100
2793029710670472,403596,69,2805,13365,100
2793029715787326,403596,69,2805,13365,100
2793029720906886,403596,69,2805,13365,100
2793029726025092,403596,69,2805,13365,100
2793029731142229,403596,69,2805,13365,100
2793029736259852,403596,69,2805,13365,100
2793029741376711,403596,69,2805,13365,100
2793029746493492,403596,69,2805,13365,100
2793029751612960,403596,69,2805,13365,100
2793029756729338,403596,69,2805,13365,100
2793029761846781,403596,69,2805,13365,100
2793029766964633,403596,69,2805,13365,100
2793029772081578,403596,69,2805,13365,100
2793029777199456,403596,69,2805,13365,100
2793029782316275,403596,69,2805,13365,100
2793029787435607,403596,69,2805,13365,100
2793029792552355,403596,69,2805,13365,100
2793029797669600,403596,69,2805,13365,100
2793029802786416,403596,69,2805,13365,100
2793029807903689,403596,69,2805,13365,100
2793029813020985,403596,69,2805,13365,100
2793029818140593,403596,69,2805,13365,100
2793029823258197,403596,69,2805,13365,100
2793029828376530,403596,69,2805,13365,100
2793029833494375,403596,69,2805,13365,100
2793029838611067,403596,69,2805,13365,100
2793029843728115,403596,69,2805,13365,100
2793029848845064,403596,69,2805,13365,100
2793029853970196,403596,69,2805,13365,100
2793029859086848,403596,69,2805,13365,100
2793029864203690,403596,69,2805,13365,100
2793029869320769,403596,69,2805,13365,100
2793029874437730,403749,69,2805,13365,100
2793029879556970,403749,69,2805,13365,100
2793029884677278,403749,69,2805,13365,100
2793029889794138,403749,69,2805,13365,100
2793029894911969,403749,69,2805,13365,100
2793029900028951,403749,69,2805,13365,100
2793029905146591,403749,69,2805,13365,100
2793029910263776,403749,69,2805,13365,100
2793029915382866,403749,69,2805,13365,100
2793029920499780,403749,69,2805,13365,100
2793029925617657,403749,69,2805,13365,100
2793029930735860,403749,69,2805,13365,100
2793029935852417,403749,69,2805,13365,100
2793029940969263,403749,69,2805,13365,100
2793029946127678,403749,69,2805,13365,100
2793029951244890,403749,69,2805,13365,100
2793029956361495,403749,69,2805,13365,100
2793029961478135,403749,69,2805,13365,100
2793029966595236,403749,69,2805,13365,100
2793029971712564,403749,69,2805,13365,100
2793029976832197,403749,69,2805,13365,100
2793029981950276,403749,69,2805,13365,100
2793029987067709,403749,69,2805,13365,100
2793029992185159,403749,69,2805,13365,100
2793029997302098,403749,69,2805,13365,100
2793030002418574,403749,69,2805,13365,100
2793030007537743,403749,69,2805,13365,100
2793030012654755,403749,69,2805,13365,100
2793030017772012,403749,69,2805,13365,100
2793030022889016,403749,69,2805,13365,100
2793030028027208,403749,69,2805,13365,100
2793030033146120,403749,69,2805,13365,100
2793030038262929,403749,69,2805,13365,100
2793030043379761,403749,69,2805,13365,100
2793030048497669,403749,69,2805,13365,100
2793030053613986,403749,69,2805,13365,100
2793030058731382,403749,69,2805,13365,100
2793030063850779,403749,69,2805,13365,100
2793030068968711,403749,69,2805,13365,100
2793030074085740,403749,69,2805,13365,100
2793030079203504,403749,69,2805,13365,100
2793030084335664,403749,69,2805,13365,100
2793030089453036,403749,69,2805,13365,100
2793030094572646,403749,69,2805,13365,100
2793030099690049,403749,69,2805,13365,100
2793030104807148,403749,69,2805,13365,100
2793030109924534,403749,69,2805,13365,100
2793030115041538,403749,69,2805,13365,100
2793030120158447,403749,69,2805,13365,100
2793030125275575,403749,69,2805,13365,100
2793030130393764,403749,69,2805,13365,100
2793030135512103,403749,69,2805,13365,100
2793030140629164,403749,69,2805,13365,100
2793030145746083,403749,69,2805,13365,100
2793030150862647,403749,69,2805,13365,100
2793030155979517,403749,69,2805,13365,100
2793030161096958,403749,69,2805,13365,100
2793030166213760,403749,69,2805,13365,100
2793030171330604,403749,69,2805,13365,100
2793030176447731,403749,69,2805,13365,100
2793030181564493,403749,69,2805,13365,100
2793030186683512,403749,69,2805,13365,100
2793030191802016,403749,69,2805,13365,100
2793030196920388,403749,69,2805,13365,100
2793030202040231,403749,69,2805,13365,100
2793030207174761,403749,69,2805,13365,100
2793030212294033,403749,69,2805,13365,100
2793030217412329,403749,69,2805,13365,100
2793030222532148,403749,69,2805,13365,100
2793030227651402,403749,69,2805,13365,100
2793030232771591,403749,69,2805,13365,100
2793030237892907,403749,69,2805,13365,100
2793030243026255,403749,69,2805,13365,100
2793030248145630,403749,69,2805,13365,100
2793030253264888,403749,69,2805,13365,100
2793030258383032,403749,69,2805,13365,100
2793030263502412,403749,69,2805,13365,100
2793030268621526,403749,69,2805,13365,100
2793030273739833,403749,69,2805,13365,100
2793030278858238,403749,69,2805,13365,100
2793030283976646,403749,69,2805,13365,100
2793030289097754,403749,69,2805,13365,100
2793030294214737,403749,69,2805,13365,100
2793030299342495,403749,69,2805,13365,100
2793030304459692,403749,69,2805,13365,100
2793030309576280,403749,69,2805,13365,100
2793030314693380,403749,69,2805,13365,100
2793030319810280,403749,69,2805,13365,100
2793030324927745,403749,69,2805,13365,100
2793030330045265,403749,69,2805,13365,100
2793030335163082,403749,69,2805,13365,100
2793030340281454,403749,69,2805,13365,100
2793030345398260,403749,69,2805,13365,100
2793030350515575,403749,69,2805,13365,100
2793030355634476,403749,69,2805,13365,100
2793030360751228,403749,69,2805,13365,100
2793030365868068,403749,69,2805,13365,100
2793030370985922,403749,69,2805,13365,100
2793030376128097,403811,69,2805,13365,100
2793030381247597,403811,69,2805,13365,100
2793030386366237,403811,69,2805,13365,100
2793030391485398,403811,69,2805,13365,100
2793030396581930,403811,69,2805,13365,100
2793030401699970,403811,69,2805,13365,100
2793030406819405,403811,69,2805,13365,100
2793030411937619,403811,69,2805,13365,100
2793030417054574,403811,69,2805,13365,100
2793030422171678,403811,69,2805,13365,100
2793030427288450,403811,69,2805,13365,100
2793030432405345,403811,69,2805,13365,100
2793030437524911,403811,69,2805,13365,100
2793030442643543,403811,69,2805,13365,100
2793030447760660,403811,69,2805,13365,100
2793030452878186,403811,69,2805,13365,100
2793030457995494,403811,69,2805,13365,100
2793030463132431,403811,69,2805,13365,100
2793030468249337,403811,69,2805,13365,100
2793030473366536,403811,69,2805,13365,100
2793030478483344,403811,69,2805,13365,100
2793030483600316,403811,69,2805,13365,100
2793030488716983,403811,69,2805,13365,100
2793030493837773,403811,69,2805,13365,100
2793030498954398,403811,69,2805,13365,100
2793030504071246,403811,69,2805,13365,100
2793030509188266,403811,69,2805,13365,100
2793030514305131,403811,69,2805,13365,100
2793030519422067,403811,69,2805,13365,100
2793030524541324,403811,69,2805,13365,100
2793030529658336,403811,69,2805,13365,100
2793030534775104,403811,69,2805,13365,100
2793030539892057,403811,69,2805,13365,100
2793030545033032,403811,69,2805,13365,100
2793030550150597,403811,69,2805,13365,100
2793030555267765,403811,69,2805,13365,100
2793030560384654,403811,69,2805,13365,100
2793030565501368,403811,69,2805,13365,100
2793030570618423,403811,69,2805,13365,100
2793030575737755,403811,69,2805,13365,100
2793030580854507,403811,69,2805,13365,100
2793030585971607,403811,69,2805,13365,100
2793030591088896,403811,69,2805,13365,100
2793030596207496,403811,69,2805,13365,100
2793030601343724,403811,69,2805,13365,100
2793030606460877,403811,69,2805,13365,100
2793030611581225,403811,69,2805,13365,100
2793030616698064,403811,69,2805,13365,100
2793030621817554,403811,69,2805,13365,100
2793030626934602,403811,69,2805,13365,100
2793030632051257,403811,69,2805,13365,100
2793030637168180,403811,69,2805,13365,100
2793030642285953,403811,69,2805,13365,100
2793030647404636,403811,69,2805,13365,100
2793030652524633,403811,69,2805,13365,100
2793030657641487,403811,69,2805,13365,100
2793030662758989,403811,69,2805,13365,100
2793030667876008,403811,69,2805,13365,100
2793030672993314,403811,69,2805,13365,100
2793030678130170,403811,69,2805,13365,100
2793030683246781,403811,69,2805,13365,100
2793030688363779,403811,69,2805,13365,100
2793030693480699,403811,69,2805,13365,100
2793030698599316,403811,69,2805,13365,100
2793030703716508,403811,69,2805,13365,100
2793030708834872,403811,69,2805,13365,100
2793030713952136,403811,69,2805,13365,100
2793030719069681,403811,69,2805,13365,100
2793030724186814,403811,69,2805,13365,100
2793030729303800,403811,69,2805,13365,100
2793030734420559,403811,69,2805,13365,100
2793030739541131,403811,69,2805,13365,100
2793030744657895,403811,69,2805,13365,100
2793030749776503,403811,69,2805,13365,100
2793030754893596,403811,69,2805,13365,100
2793030760041452,403811,69,2805,13365,100
2793030765159340,403811,69,2805,13365,100
2793030770276649,403811,69,2805,13365,100
2793030775393661,403811,69,2805,13365,100
2793030780510705,403811,69,2805,13365,100
2793030785628477,403811,69,2805,13365,100
2793030790745245,403811,69,2805,13365,100
2793030795864322,403811,69,2805,13365,100
2793030800982554,403811,69,2805,13365,100
2793030806117773,403811,69,2805,13365,100
2793030811235655,403811,69,2805,13365,100
2793030816352083,403811,69,2805,13365,100
2793030821468804,403811,69,2805,13365,100
2793030826585532,403811,69,2805,13365,100
2793030831702697,403811,69,2805,13365,100
2793030836822221,403811,69,2805,13365,100
2793030841939203,403811,69,2805,13365,100
2793030847056590,403811,69,2805,13365,100
2793030852176874,403811,69,2805,13365,100
2793030857293807,403811,69,2805,13365,100
2793030862411055,403811,69,2805,13365,100
2793030867529456,403811,69,2805,13365,100
2793030872646724,403811,69,2805,13365,100
2793030877763840,403793,69,2805,13365,100
2793030882882500,403793,69,2805,13365,100
2793030887999645,403793,69,2805,13365,100
2793030893141619,403793,69,2805,13365,100
2793030898258922,403793,69,2805,13365,100
2793030903377702,403793,69,2805,13365,100
2793030908494927,403793,69,2805,13365,100
2793030913612203,403793,69,2805,13365,100
2793030918728795,403793,69,2805,13365,100
2793030923847806,403793,69,2805,13365,100
2793030928965568,403793,69,2805,13365,100
2793030934083149,403793,69,2805,13365,100
2793030939200324,403793,69,2805,13365,100
2793030944317125,403793,69,2805,13365,100
2793030949433827,403793,69,2805,13365,100
2793030954554610,403793,69,2805,13365,100
2793030959671409,403793,69,2805,13365,100
2793030964788539,403793,69,2805,13365,100
2793030969905731,403793,69,2805,13365,100
2793030975022969,403793,69,2805,13365,100
2793030980139675,403793,69,2805,13365,100
2793030985258572,403793,69,2805,13365,100
2793030990375716,403793,69,2805,13365,100
2793030995492752,403793,69,2805,13365,100
2793031000609633,403793,69,2805,13365,100
2793031005727817,403793,69,2805,13365,100
2793031010844633,403793,69,2805,13365,100
2793031015964344,403793,69,2805,13365,100
2793031021081243,403793,69,2805,13365,100
2793031026198231,403793,69,2805,13365,100
2793031031315563,403793,69,2805,13365,100
2793031036432464,403793,69,2805,13365,100
2793031041549334,403793,69,2805,13365,100
2793031046669309,403793,69,2805,13365,100
2793031051785637,403793,69,2805,13365,100
2793031056903993,403793,69,2805,13365,100
2793031062021417,403793,69,2805,13365,100
2793031067138181,403793,69,2805,13365,100
2793031072255032,403793,69,2805,13365,100
2793031077372379,403793,69,2805,13365,100
2793031082491711,403793,69,2805,13365,100
2793031087608464,403793,69,2805,13365,100
2793031092725188,403793,69,2805,13365,100
2793031097852027,403793,69,2805,13365,100
2793031102968788,403793,69,2805,13365,100
2793031108087181,403793,69,2805,13365,100
2793031113206997,403793,69,2805,13365,100
2793031118324265,403793,69,2805,13365,100
2793031123441254,403793,69,2805,13365,100
2793031128558940,403793,69,2805,13365,100
2793031133675945,403793,69,2805,13365,100
2793031138793222,403793,69,2805,13365,100
2793031143910259,403793,69,2805,13365,100
2793031149030527,403793,69,2805,13365,100
2793031154147244,403793,69,2805,13365,100
2793031159265681,403793,69,2805,13365,100
2793031164382639,403793,69,2805,13365,100
2793031169499329,403793,69,2805,13365,100
2793031174616902,403793,69,2805,13365,100
2793031179736132,403793,69,2805,13365,100
2793031184854178,403793,69,2805,13365,100
2793031189971398,403793,69,2805,13365,100
2793031195088715,403793,69,2805,13365,100
2793031200206462,403793,69,2805,13365,100
2793031205323426,403793,69,2805,13365,100
2793031210441912,403793,69,2805,13365,100
2793031215559213,403793,69,2805,13365,100
2793031220676817,403793,69,2805,13365,100
2793031225796353,403793,69,2805,13365,100
2793031230914813,403793,69,2805,13365,100
2793031236034122,403793,69,2805,13365,100
2793031241152938,403793,69,2805,13365,100
2793031246270494,403793,69,2805,13365,100
2793031251389503,403793,69,2805,13365,100
2793031256526564,403793,69,2805,13365,100
2793031261647183,403793,69,2805,13365,100
2793031266765838,403793,69,2805,13365,100
2793031271883021,403793,69,2805,13365,100
2793031276999985,403793,69,2805,13365,100
2793031282136669,403793,69,2805,13365,100
2793031287254909,403793,69,2805,13365,100
2793031292371766,403793,69,2805,13365,100
2793031297488324,403793,69,2805,13365,100
2793031302605282,403793,69,2805,13365,100
2793031307722295,403793,69,2805,13365,100
2793031312843523,403793,69,2805,13365,100
2793031317962891,403793,69,2805,13365,100
2793031323081116,403793,69,2805,13365,100
2793031328199300,403793,69,2805,13365,100
2793031333316533,403793,69,2805,13365,100
2793031338433769,403793,69,2805,13365,100
2793031343558871,403793,69,2805,13365,100
2793031348678350,403793,69,2805,13365,100
2793031353796106,403793,69,2805,13365,100
2793031358926810,403793,69,2805,13365,100
2793031364084686,403793,69,2805,13365,100
2793031369201527,403793,69,2805,13365,100
2793031374318509,403846,69,2805,13365,100
2793031379438656,403846,69,2805,13365,100
2793031384557698,403846,69,2805,13365,100
2793031389674597,403846,69,2805,13365,100
2793031394791176,403846,69,2805,13365,100
2793031399907917,403846,69,2805,13365,100
2793031405025117,403846,69,2805,13365,100
2793031410142088,403846,69,2805,13365,100
2793031415262972,403846,69,2805,13365,100
2793031420379763,403846,69,2805,13365,100
2793031425496435,403846,69,2805,13365,100
2793031430613543,403846,69,2805,13365,100
2793031435730108,403846,69,2805,13365,100
2793031440846856,403846,69,2805,13365,100
2793031445967511,403846,69,2805,13365,100
2793031451084641,403846,69,2805,13365,100
2793031456202205,403846,69,2805,13365,100
2793031461318897,403846,69,2805,13365,100
2793031466437014,403846,69,2805,13365,100
2793031471553567,403846,69,2805,13365,100
2793031476672835,403846,69,2805,13365,100
2793031481790461,403846,69,2805,13365,100
2793031486907384,403846,69,2805,13365,100
2793031492024390,403846,69,2805,13365,100
2793031497141334,403846,69,2805,13365,100
2793031502258264,403846,69,2805,13365,100
2793031507375103,403846,69,2805,13365,100
2793031512494606,403846,69,2805,13365,100
2793031517613761,403846,69,2805,13365,100
2793031522730638,403846,69,2805,13365,100
2793031527847599,403846,69,2805,13365,100
2793031532964363,403846,69,2805,13365,100
2793031538081117,403846,69,2805,13365,100
2793031543199514,403846,69,2805,13365,100
2793031548318788,403846,69,2805,13365,100
2793031553436108,403846,69,2805,13365,100
2793031558553647,403846,69,2805,13365,100
2793031563671389,403846,69,2805,13365,100
2793031568789921,403846,69,2805,13365,100
2793031573907382,403846,69,2805,13365,100
2793031579026178,403846,69,2805,13365,100
2793031584143247,403846,69,2805,13365,100
2793031589260335,403846,69,2805,13365,100
2793031594377397,403846,69,2805,13365,100
2793031599494616,403846,69,2805,13365,100
2793031604612479,403846,69,2805,13365,100
2793031609732380,403846,69,2805,13365,100
2793031614850797,403846,69,2805,13365,100
2793031619969429,403846,69,2805,13365,100
2793031625085933,403846,69,2805,13365,100
2793031630201942,403846,69,2805,13365,100
2793031635317546,403846,69,2805,13365,100
2793031640434937,403846,69,2805,13365,100
2793031645549463,403846,69,2805,13365,100
2793031650663791,403846,69,2805,13365,100
2793031655778096,403846,69,2805,13365,100
2793031660892644,403846,69,2805,13365,100
2793031666022404,403846,69,2805,13365,100
2793031671137697,403846,69,2805,13365,100
2793031676250789,403846,69,2805,13365,100
2793031681363701,403846,69,2805,13365,100
2793031686477896,403846,69,2805,13365,100
2793031691593075,403846,69,2805,13365,100
2793031696708098,403846,69,2805,13365,100
2793031701826849,403846,69,2805,13365,100
2793031706939874,403846,69,2805,13365,100
2793031712053916,403846,69,2805,13365,100
2793031717167763,403846,69,2805,13365,100
2793031722282300,403846,69,2805,13365,100
2793031727394409,403846,69,2805,13365,100
2793031732507401,403846,69,2805,13365,100
2793031737620366,403846,69,2805,13365,100
2793031742732078,403846,69,2805,13365,100
2793031747843947,403846,69,2805,13365,100
2793031752955283,403846,69,2805,13365,100
2793031758067311,403846,69,2805,13365,100
2793031763178868,403846,69,2805,13365,100
2793031768290505,403846,69,2805,13365,100
2793031773404599,403846,69,2805,13365,100
2793031778516474,403846,69,2805,13365,100
2793031783627618,403846,69,2805,13365,100
2793031788738498,403846,69,2805,13365,100
2793031793849478,403846,69,2805,13365,100
2793031798960286,403846,69,2805,13365,100
2793031804073225,403846,69,2805,13365,100
2793031809184262,403846,69,2805,13365,100
2793031814295801,403846,69,2805,13365,100
2793031819406829,403846,69,2805,13365,100
2793031824519145,403846,69,2805,13365,100
2793031829630105,403846,69,2805,13365,100
2793031834741477,403846,69,2805,13365,100
2793031839854148,403846,69,2805,13365,100
2793031844965255,403846,69,2805,13365,100
2793031850076072,403846,69,2805,13365,100
2793031855186842,403846,69,2805,13365,100
2793031860298132,403846,69,2805,13365,100
2793031865411020,403846,69,2805,13365,100
2793031870522941,403846,69,2805,13365,100
2793031875637199,403718,69,2805,13365,100
2793031880750733,403718,69,2805,13365,100
2793031885862790,403718,69,2805,13365,100
2793031890974411,403718,69,2805,13365,100
2793031896085603,403718,69,2805,13365,100
2793031901196595,403718,69,2805,13365,100
2793031906307680,403718,69,2805,13365,100
2793031911431060,403718,69,2805,13365,100
2793031916541876,403718,69,2805,13365,100
2793031921652797,403718,69,2805,13365,100
2793031926764973,403718,69,2805,13365,100
2793031931876210,403718,69,2805,13365,100
2793031936987265,403718,69,2805,13365,100
2793031942115726,403718,69,2805,13365,100
2793031947226899,403718,69,2805,13365,100
2793031952337880,403718,69,2805,13365,100
2793031957448892,403718,69,2805,13365,100
2793031962560336,403718,69,2805,13365,100
2793031967671057,403718,69,2805,13365,100
2793031972784397,403718,69,2805,13365,100
2793031977896742,403718,69,2805,13365,100
2793031983030272,403718,69,2805,13365,100
2793031988141929,403718,69,2805,13365,100
2793031993252970,403718,69,2805,13365,100
2793031998364067,403718,69,2805,13365,100
2793032003476117,403718,69,2805,13365,100
2793032008587761,403718,69,2805,13365,100
2793032013699324,403718,69,2805,13365,100
2793032018812736,403718,69,2805,13365,100
2793032023923707,403718,69,2805,13365,100
2793032029036470,403718,69,2805,13365,100
2793032034147469,403718,69,2805,13365,100
2793032039258682,403718,69,2805,13365,100
2793032044369854,403718,69,2805,13365,100
2793032049481371,403718,69,2805,13365,100
2793032054592727,403718,69,2805,13365,100
2793032059703845,403718,69,2805,13365,100
2793032064814824,403718,69,2805,13365,100
2793032069926181,403718,69,2805,13365,100
2793032075037164,403718,69,2805,13365,100
2793032080149781,403718,69,2805,13365,100
2793032085262409,403718,69,2805,13365,100
2793032090373619,403718,69,2805,13365,100
2793032095484571,403718,69,2805,13365,100
2793032100595359,403718,69,2805,13365,100
2793032105706316,403718,69,2805,13365,100
2793032110817304,403718,69,2805,13365,100
2793032115928344,403718,69,2805,13365,100
2793032121039453,403718,69,2805,13365,100
2793032126150645,403718,69,2805,13365,100
2793032131262993,403718,69,2805,13365,100
2793032136374098,403718,69,2805,13365,100
2793032141485642,403718,69,2805,13365,100
2793032146596882,403718,69,2805,13365,100
2793032151709571,403718,69,2805,13365,100
2793032156820802,403718,69,2805,13365,100
2793032161931616,403718,69,2805,13365,100
2793032167042720,403718,69,2805,13365,100
2793032172154129,403718,69,2805,13365,100
2793032177264834,403718,69,2805,13365,100
2793032182378864,403718,69,2805,13365,100
2793032187489490,403718,69,2805,13365,100
2793032192600442,403718,69,2805,13365,100
2793032197711837,403718,69,2805,13365,100
2793032202823031,403718,69,2805,13365,100
2793032207934324,403718,69,2805,13365,100
2793032213045660,403718,69,2805,13365,100
2793032218156777,403718,69,2805,13365,100
2793032223267869,403718,69,2805,13365,100
2793032228378957,403718,69,2805,13365,100
2793032233491468,403718,69,2805,13365,100
2793032238602474,403718,69,2805,13365,100
2793032243713291,403718,69,2805,13365,100
2793032248826401,403718,69,2805,13365,100
2793032253937320,403718,69,2805,13365,100
2793032259048356,403718,69,2805,13365,100
2793032264159982,403718,69,2805,13365,100
2793032269270945,403718,69,2805,13365,100
2793032274382029,403718,69,2805,13365,100
2793032279493853,403718,69,2805,13365,100
2793032284606170,403718,69,2805,13365,100
2793032289717356,403718,69,2805,13365,100
2793032294828414,403718,69,2805,13365,100
2793032299943695,403718,69,2805,13365,100
2793032305054728,403718,69,2805,13365,100
2793032310165564,403718,69,2805,13365,100
2793032315294860,403718,69,2805,13365,100
2793032320405816,403718,69,2805,13365,100
2793032325516957,403718,69,2805,13365,100
2793032330627837,403718,69,2805,13365,100
2793032335741006,403718,69,2805,13365,100
2793032340852642,403718,69,2805,13365,100
2793032345965198,403718,69,2805,13365,100
2793032351076575,403718,69,2805,13365,100
2793032356187643,403718,69,2805,13365,100
2793032361298908,403718,69,2805,13365,100
2793032366410037,403718,69,2805,13365,100
2793032371522805,403718,69,2805,13365,100
2793032376635205,403631,69,2805,13365,100
2793032381748643,403631,69,2805,13365,100
2793032386863422,403631,69,2805,13365,100
2793032391976563,403631,69,2805,13365,100
2793032397112402,403631,69,2805,13365,100
2793032402232381,403631,69,2805,13365,100
2793032407344293,403631,69,2805,13365,100
2793032412456948,403631,69,2805,13365,100
2793032417568744,403631,69,2805,13365,100
2793032422681380,403631,69,2805,13365,100
2793032427793993,403631,69,2805,13365,100
2793032432906714,403631,69,2805,13365,100
2793032438021292,403631,69,2805,13365,100
2793032443133838,403631,69,2805,13365,100
2793032448245487,403631,69,2805,13365,100
2793032453358279,403631,69,2805,13365,100
2793032458471189,403631,69,2805,13365,100
2793032463583966,403631,69,2805,13365,100
2793032468696518,403631,69,2805,13365,100
2793032473809713,403631,69,2805,13365,100
2793032478922469,403631,69,2805,13365,100
2793032484059322,403631,69,2805,13365,100
2793032489174228,403631,69,2805,13365,100
2793032494287252,403631,69,2805,13365,100
2793032499399775,403631,69,2805,13365,100
2793032504493623,403631,69,2805,13365,100
2793032509587145,403631,69,2805,13365,100
2793032514677492,403631,69,2805,13365,100
2793032519771962,403631,69,2805,13365,100
2793032524869327,403631,69,2805,13365,100
2793032529981113,403631,69,2805,13365,100
2793032535094081,403631,69,2805,13365,100
2793032540257460,403631,69,2805,13365,100
2793032545369937,403631,69,2805,13365,100
2793032550482621,403631,69,2805,13365,100
2793032555595035,403631,69,2805,13365,100
2793032560707532,403631,69,2805,13365,100
2793032565836064,403631,69,2805,13365,100
2793032570947973,403631,69,2805,13365,100
2793032576075872,403631,69,2805,13365,100
2793032581225297,403631,69,2805,13365,100
2793032586314352,403631,69,2805,13365,100
2793032591380358,403631,69,2805,13365,100
2793032596442480,403631,69,2805,13365,100
2793032601502320,403631,69,2805,13365,100
2793032606563118,403631,69,2805,13365,100
2793032611622157,403631,69,2805,13365,100
2793032616681502,403631,69,2805,13365,100
2793032621742413,403631,69,2805,13365,100
2793032626802062,403631,69,2805,13365,100
2793032631862853,403631,69,2805,13365,100
2793032636923568,403631,69,2805,13365,100
2793032641984230,403631,69,2805,13365,100
2793032647043435,403631,69,2805,13365,100
2793032652103187,403631,69,2805,13365,100
2793032657162265,403631,69,2805,13365,100
2793032662221358,403631,69,2805,13365,100
2793032667280074,403631,69,2805,13365,100
2793032672339596,403631,69,2805,13365,100
2793032677399136,403631,69,2805,13365,100
2793032682458216,403631,69,2805,13365,100
2793032687520813,403631,69,2805,13365,100
2793032692577189,403631,69,2805,13365,100
2793032697634207,403631,69,2805,13365,100
2793032702690587,403631,69,2805,13365,100
2793032707747417,403631,69,2805,13365,100
2793032712803262,403631,69,2805,13365,100
2793032717859113,403631,69,2805,13365,100
2793032722919873,403631,69,2805,13365,100
2793032727975680,403631,69,2805,13365,100
2793032733031403,403631,69,2805,13365,100
2793032738087270,403631,69,2805,13365,100
2793032743147345,403631,69,2805,13365,100
2793032748207484,403631,69,2805,13365,100
2793032753264174,403631,69,2805,13365,100
2793032758320336,403631,69,2805,13365,100
2793032763379343,403631,69,2805,13365,100
2793032768435471,403631,69,2805,13365,100
2793032773491750,403631,69,2805,13365,100
2793032778550783,403631,69,2805,13365,100
2793032783607727,403631,69,2805,13365,100
2793032788664898,403631,69,2805,13365,100
2793032793720827,403631,69,2805,13365,100
2793032798776723,403631,69,2805,13365,100
2793032803832668,403631,69,2805,13365,100
2793032808891662,403631,69,2805,13365,100
2793032813948262,403631,69,2805,13365,100
2793032819004163,403631,69,2805,13365,100
2793032824060114,403631,69,2805,13365,100
2793032829115987,403631,69,2805,13365,100
2793032834171722,403631,69,2805,13365,100
2793032839227723,403631,69,2805,13365,100
2793032844283792,403631,69,2805,13365,100
2793032849339617,403631,69,2805,13365,100
2793032854396024,403631,69,2805,13365,100
2793032859452031,403631,69,2805,13365,100
2793032864508076,403631,69,2805,13365,100
2793032869563980,403631,69,2805,13365,100
2793032874622719,403608,69,2805,13365,100
2793032879679091,403608,69,2805,13365,100
2793032884736604,403608,69,2805,13365,100
2793032889792706,403608,69,2805,13365,100
2793032894848617,403608,69,2805,13365,100
2793032899904546,403608,69,2805,13365,100
2793032904960364,403608,69,2805,13365,100
2793032910016717,403608,69,2805,13365,100
2793032915072556,403608,69,2805,13365,100
2793032920128330,403608,69,2805,13365,100
2793032925184070,403608,69,2805,13365,100
2793032930241093,403608,69,2805,13365,100
2793032935296819,403608,69,2805,13365,100
2793032940355638,403608,69,2805,13365,100
2793032945411387,403608,69,2805,13365,100
2793032950467247,403608,69,2805,13365,100
2793032955523058,403608,69,2805,13365,100
2793032960578835,403608,69,2805,13365,100
2793032965634800,403608,69,2805,13365,100
2793032970694435,403608,69,2805,13365,100
2793032975750336,403608,69,2805,13365,100
2793032980806290,403608,69,2805,13365,100
2793032985862202,403608,69,2805,13365,100
2793032990919290,403608,69,2805,13365,100
2793032995975146,403608,69,2805,13365,100
2793033001030988,403608,69,2805,13365,100
2793033006090009,403608,69,2805,13365,100
2793033011146067,403608,69,2805,13365,100
2793033016202141,403608,69,2805,13365,100
2793033021258056,403608,69,2805,13365,100
2793033026313882,403608,69,2805,13365,100
2793033031369752,403608,69,2805,13365,100
2793033036430134,403608,69,2805,13365,100
2793033041486360,403608,69,2805,13365,100
2793033046543064,403608,69,2805,13365,100
2793033051598807,403608,69,2805,13365,100
2793033056654573,403608,69,2805,13365,100
2793033061710613,403608,69,2805,13365,100
2793033066766473,403608,69,2805,13365,100
2793033071825568,403608,69,2805,13365,100
2793033076881592,403608,69,2805,13365,100
2793033081938670,403608,69,2805,13365,100
2793033086994629,403608,69,2805,13365,100
2793033092050604,403608,69,2805,13365,100
2793033097106413,403608,69,2805,13365,100
2793033102173696,403608,69,2805,13365,100
2793033107229702,403608,69,2805,13365,100
2793033112285534,403608,69,2805,13365,100
2793033117341361,403608,69,2805,13365,100
2793033122400197,403608,69,2805,13365,100
2793033127456015,403608,69,2805,13365,100
2793033132511737,403608,69,2805,13365,100
2793033137567398,403608,69,2805,13365,100
2793033142623489,403608,69,2805,13365,100
2793033147679370,403608,69,2805,13365,100
2793033152737732,403608,69,2805,13365,100
2793033157793617,403608,69,2805,13365,100
2793033162849492,403608,69,2805,13365,100
2793033167905191,403608,69,2805,13365,100
2793033172960946,403608,69,2805,13365,100
2793033178016654,403608,69,2805,13365,100
2793033183072714,403608,69,2805,13365,100
2793033188131444,403608,69,2805,13365,100
2793033193187453,403608,69,2805,13365,100
2793033198243358,403608,69,2805,13365,100
2793033203299193,403608,69,2805,13365,100
2793033208355068,403608,69,2805,13365,100
2793033213417089,403608,69,2805,13365,100
2793033218475377,403608,69,2805,13365,100
2793033223531336,403608,69,2805,13365,100
2793033228587245,403608,69,2805,13365,100
2793033233643032,403608,69,2805,13365,100
2793033238699188,403608,69,2805,13365,100
2793033243755175,403608,69,2805,13365,100
2793033248810987,403608,69,2805,13365,100
2793033253869712,403608,69,2805,13365,100
2793033258925633,403608,69,2805,13365,100
2793033263981562,403608,69,2805,13365,100
2793033269038007,403608,69,2805,13365,100
2793033274093864,403608,69,2805,13365,100
2793033279149674,403608,69,2805,13365,100
2793033284208482,403608,69,2805,13365,100
2793033289264510,403608,69,2805,13365,100
2793033294320460,403608,69,2805,13365,100
2793033299376284,403608,69,2805,13365,100
2793033304432079,403608,69,2805,13365,100
2793033309487861,403608,69,2805,13365,100
2793033314543721,403608,69,2805,13365,100
2793033319599769,403608,69,2805,13365,100
2793033324655572,403608,69,2805,13365,100
2793033329711393,403608,69,2805,13365,100
2793033334767344,403608,69,2805,13365,100
2793033339823298,403608,69,2805,13365,100
2793033344879751,403608,69,2805,13365,100
2793033349938293,403608,69,2805,13365,100
2793033354994029,403608,69,2805,13365,100
2793033360049814,403608,69,2805,13365,100
2793033365105742,403608,69,2805,13365,100
2793033370161460,403608,69,2805,13365,100
2793033375217155,403509,69,2805,13365,100
2793033380276626,403509,69,2805,13365,100
2793033385333278,403509,69,2805,13365,100
2793033390389274,403509,69,2805,13365,100
2793033395445367,403509,69,2805,13365,100
2793033400502499,403509,69,2805,13365,100
2793033405562164,403509,69,2805,13365,100
2793033410618252,403509,69,2805,13365,100
2793033415676686,403509,69,2805,13365,100
2793033420734765,403509,69,2805,13365,100
2793033425791143,403509,69,2805,13365,100
2793033430847816,403509,69,2805,13365,100
2793033435903639,403509,69,2805,13365,100
2793033440959498,403509,69,2805,13365,100
2793033446019648,403509,69,2805,13365,100
2793033451075751,403509,69,2805,13365,100
2793033456132490,403509,69,2805,13365,100
2793033461188302,403509,69,2805,13365,100
2793033466244876,403509,69,2805,13365,100
2793033471300688,403509,69,2805,13365,100
2793033476356425,403509,69,2805,13365,100
2793033481412369,403509,69,2805,13365,100
2793033486468860,403509,69,2805,13365,100
2793033491524732,403509,69,2805,13365,100
2793033496580597,403509,69,2805,13365,100
2793033501636426,403509,69,2805,13365,100
2793033506692815,403509,69,2805,13365,100
2793033511751916,403509,69,2805,13365,100
2793033516807675,403509,69,2805,13365,100
2793033521863655,403509,69,2805,13365,100
2793033526920975,403509,69,2805,13365,100
2793033531976859,403509,69,2805,13365,100
2793033537032693,403509,69,2805,13365,100
2793033542091037,403509,69,2805,13365,100
2793033547148103,403509,69,2805,13365,100
2793033552203909,403509,69,2805,13365,100
2793033557260046,403509,69,2805,13365,100
2793033562316201,403509,69,2805,13365,100
2793033567372038,403509,69,2805,13365,100
2793033572427859,403509,69,2805,13365,100
2793033577487081,403509,69,2805,13365,100
2793033582542830,403509,69,2805,13365,100
2793033587598749,403509,69,2805,13365,100
2793033592654862,403509,69,2805,13365,100
2793033597711006,403509,69,2805,13365,100
2793033602766907,403509,69,2805,13365,100
2793033607826320,403509,69,2805,13365,100
2793033612882684,403509,69,2805,13365,100
2793033617938456,403509,69,2805,13365,100
2793033622994251,403509,69,2805,13365,100
2793033628050082,403509,69,2805,13365,100
2793033633105851,403509,69,2805,13365,100
2793033638162531,403509,69,2805,13365,100
2793033643218475,403509,69,2805,13365,100
2793033648274475,403509,69,2805,13365,100
2793033653330255,403509,69,2805,13365,100
2793033658386033,403509,69,2805,13365,100
2793033663441999,403509,69,2805,13365,100
2793033668497776,403509,69,2805,13365,100
2793033673556478,403509,69,2805,13365,100
2793033678612509,403509,69,2805,13365,100
2793033683668392,403509,69,2805,13365,100
2793033688724349,403509,69,2805,13365,100
2793033693780527,403509,69,2805,13365,100
2793033698836430,403509,69,2805,13365,100
2793033703892176,403509,69,2805,13365,100
2793033708948058,403509,69,2805,13365,100
2793033714003926,403509,69,2805,13365,100
2793033719059777,403509,69,2805,13365,100
2793033724115561,403509,69,2805,13365,100
2793033729171463,403509,69,2805,13365,100
2793033734227182,403509,69,2805,13365,100
2793033739285798,403509,69,2805,13365,100
2793033744341728,403509,69,2805,13365,100
2793033749397636,403509,69,2805,13365,100
2793033754453446,403509,69,2805,13365,100
2793033759509296,403509,69,2805,13365,100
2793033764565100,403509,69,2805,13365,100
2793033769624190,403509,69,2805,13365,100
2793033774680106,403509,69,2805,13365,100
2793033779735787,403509,69,2805,13365,100
2793033784791662,403509,69,2805,13365,100
2793033789847644,403509,69,2805,13365,100
2793033794903629,403509,69,2805,13365,100
2793033799959661,403509,69,2805,13365,100
2793033805017918,403509,69,2805,13365,100
2793033810073668,403509,69,2805,13365,100
2793033815129460,403509,69,2805,13365,100
2793033820185302,403509,69,2805,13365,100
2793033825241160,403509,69,2805,13365,100
2793033830297002,403509,69,2805,13365,100
2793033835356577,403509,69,2805,13365,100
2793033840413526,403509,69,2805,13365,100
2793033845469690,403509,69,2805,13365,100
2793033850525698,403509,69,2805,13365,100
2793033855581499,403509,69,2805,13365,100
2793033860646281,403509,69,2805,13365,100
2793033865702277,403509,69,2805,13365,100
2793033870761264,403509,69,2805,13365,100
2793033875817224,403506,69,2805,13365,100
2793033880874015,403506,69,2805,13365,100
2793033885931205,403506,69,2805,13365,100
2793033890987036,403506,69,2805,13365,100
2793033896042836,403506,69,2805,13365,100
2793033901101884,403506,69,2805,13365,100
2793033906157651,403506,69,2805,13365,100
2793033911213589,403506,69,2805,13365,100
2793033916269458,403506,69,2805,13365,100
2793033921326039,403506,69,2805,13365,100
2793033926381871,403506,69,2805,13365,100
2793033931437677,403506,69,2805,13365,100
2793033936496714,403506,69,2805,13365,100
2793033941552569,403506,69,2805,13365,100
2793033946608315,403506,69,2805,13365,100
2793033951664397,403506,69,2805,13365,100
2793033956723148,403506,69,2805,13365,100
2793033961783190,403506,69,2805,13365,100
2793033966842388,403506,69,2805,13365,100
2793033971901738,403506,69,2805,13365,100
2793033976961251,403506,69,2805,13365,100
2793033982020731,403506,69,2805,13365,100
2793033987080197,403506,69,2805,13365,100
2793033992145911,403506,69,2805,13365,100
2793033997204884,403506,69,2805,13365,100
2793034002264377,403506,69,2805,13365,100
2793034007322607,403506,69,2805,13365,100
2793034012378704,403506,69,2805,13365,100
2793034017434796,403506,69,2805,13365,100
2793034022490890,403506,69,2805,13365,100
2793034027549343,403506,69,2805,13365,100
2793034032605693,403506,69,2805,13365,100
2793034037662735,403506,69,2805,13365,100
2793034042719589,403506,69,2805,13365,100
2793034047775539,403506,69,2805,13365,100
2793034052831592,403506,69,2805,13365,100
2793034057887347,403506,69,2805,13365,100
2793034062946150,403506,69,2805,13365,100
2793034068004928,403506,69,2805,13365,100
2793034073060760,403506,69,2805,13365,100
2793034078116698,403506,69,2805,13365,100
2793034083172564,403506,69,2805,13365,100
2793034088228504,403506,69,2805,13365,100
2793034093284239,403506,69,2805,13365,100
2793034098343114,403506,69,2805,13365,100
2793034103399029,403506,69,2805,13365,100
2793034108454791,403506,69,2805,13365,100
2793034113510861,403506,69,2805,13365,100
2793034118566653,403506,69,2805,13365,100
2793034123622362,403506,69,2805,13365,100
2793034128678186,403506,69,2805,13365,100
2793034133734096,403506,69,2805,13365,100
2793034138789944,403506,69,2805,13365,100
2793034143845991,403506,69,2805,13365,100
2793034148901753,403506,69,2805,13365,100
2793034153957625,403506,69,2805,13365,100
2793034159013419,403506,69,2805,13365,100
2793034164072200,403506,69,2805,13365,100
2793034169128096,403506,69,2805,13365,100
2793034174183865,403506,69,2805,13365,100
2793034179239696,403506,69,2805,13365,100
2793034184295438,403506,69,2805,13365,100
2793034189351653,403506,69,2805,13365,100
2793034194410615,403506,69,2805,13365,100
2793034199466459,403506,69,2805,13365,100
2793034204522515,403506,69,2805,13365,100
2793034209578374,403506,69,2805,13365,100
2793034214634559,403506,69,2805,13365,100
2793034219690307,403506,69,2805,13365,100
2793034224746085,403506,69,2805,13365,100
2793034229804872,403506,69,2805,13365,100
2793034234860694,403506,69,2805,13365,100
2793034239916486,403506,69,2805,13365,100
2793034244972255,403506,69,2805,13365,100
2793034250028108,403506,69,2805,13365,100
2793034255083976,403506,69,2805,13365,100
2793034260140386,403506,69,2805,13365,100
2793034265197217,403506,69,2805,13365,100
2793034270252957,403506,69,2805,13365,100
2793034275308867,403506,69,2805,13365,100
2793034280364740,403506,69,2805,13365,100
2793034285420676,403506,69,2805,13365,100
2793034290476998,403506,69,2805,13365,100
2793034295535450,403506,69,2805,13365,100
2793034300591283,403506,69,2805,13365,100
2793034305647249,403506,69,2805,13365,100
2793034310703793,403506,69,2805,13365,100
2793034315759617,403506,69,2805,13365,100
2793034320815388,403506,69,2805,13365,100
2793034325871592,403506,69,2805,13365,100
2793034330928018,403506,69,2805,13365,100
2793034335985062,403506,69,2805,13365,100
2793034341040837,403506,69,2805,13365,100
2793034346096607,403506,69,2805,13365,100
2793034351152506,403506,69,2805,13365,100
2793034356208409,403506,69,2805,13365,100
2793034361266907,403506,69,2805,13365,100
2793034366322910,403506,69,2805,13365,100
2793034371381624,403506,69,2805,13365,100
2793034376441292,403591,69,2805,13365,100
2793034381501268,403591,69,2805,13365,100
2793034386558432,403591,69,2805,13365,100
2793034391614356,403591,69,2805,13365,100
2793034396670158,403591,69,2805,13365,100
2793034401725917,403591,69,2805,13365,100
2793034406782156,403591,69,2805,13365,100
2793034411840744,403591,69,2805,13365,100
2793034416896537,403591,69,2805,13365,100
2793034421952581,403591,69,2805,13365,100
2793034427008490,403591,69,2805,13365,100
2793034432064399,403591,69,2805,13365,100
2793034437120195,403591,69,2805,13365,100
2793034442176044,403591,69,2805,13365,100
2793034447231964,403591,69,2805,13365,100
2793034452288222,403591,69,2805,13365,100
2793034457344139,403591,69,2805,13365,100
2793034462399990,403591,69,2805,13365,100
2793034467455905,403591,69,2805,13365,100
2793034472511810,403591,69,2805,13365,100
2793034477570539,403591,69,2805,13365,100
2793034482626317,403591,69,2805,13365,100
2793034487682413,403591,69,2805,13365,100
2793034492739232,403591,69,2805,13365,100
2793034497795083,403591,69,2805,13365,100
2793034502850860,403591,69,2805,13365,100
2793034507909046,403591,69,2805,13365,100
2793034512964920,403591,69,2805,13365,100
2793034518020817,403591,69,2805,13365,100
2793034523076638,403591,69,2805,13365,100
2793034528132410,403591,69,2805,13365,100
2793034533188184,403591,69,2805,13365,100
2793034538244011,403591,69,2805,13365,100
2793034543302331,403591,69,2805,13365,100
2793034548358183,403591,69,2805,13365,100
2793034553414109,403591,69,2805,13365,100
2793034558470081,403591,69,2805,13365,100
2793034563525901,403591,69,2805,13365,100
2793034568581812,403591,69,2805,13365,100
2793034573640387,403591,69,2805,13365,100
2793034578696715,403591,69,2805,13365,100
2793034583752508,403591,69,2805,13365,100
2793034588808357,403591,69,2805,13365,100
2793034593864827,403591,69,2805,13365,100
2793034598921022,403591,69,2805,13365,100
2793034603977146,403591,69,2805,13365,100
2793034609036769,403591,69,2805,13365,100
2793034614092644,403591,69,2805,13365,100
2793034619148583,403591,69,2805,13365,100
2793034624204445,403591,69,2805,13365,100
2793034629260270,403591,69,2805,13365,100
2793034634316104,403591,69,2805,13365,100
2793034639372218,403591,69,2805,13365,100
2793034644428063,403591,69,2805,13365,100
2793034649483915,403591,69,2805,13365,100
2793034654634572,403591,69,2805,13365,100
2793034659748002,403591,69,2805,13365,100
2793034664859028,403591,69,2805,13365,100
2793034669968611,403591,69,2805,13365,100
2793034675079410,403591,69,2805,13365,100
2793034680192272,403591,69,2805,13365,100
2793034685303366,403591,69,2805,13365,100
2793034690414257,403591,69,2805,13365,100
2793034695525935,403591,69,2805,13365,100
2793034700636810,403591,69,2805,13365,100
2793034705749230,403591,69,2805,13365,100
2793034710860242,403591,69,2805,13365,100
2793034715971347,403591,69,2805,13365,100
2793034721082143,403591,69,2805,13365,100
2793034726193154,403591,69,2805,13365,100
2793034731304453,403591,69,2805,13365,100
2793034736415588,403591,69,2805,13365,100
2793034741526567,403591,69,2805,13365,100
2793034746639065,403591,69,2805,13365,100
2793034751749770,403591,69,2805,13365,100
2793034756862470,403591,69,2805,13365,100
2793034761973643,403591,69,2805,13365,100
2793034767084517,403591,69,2805,13365,100
2793034772195474,403591,69,2805,13365,100
2793034777307951,403591,69,2805,13365,100
2793034782418944,403591,69,2805,13365,100
2793034787529820,403591,69,2805,13365,100
2793034792641121,403591,69,2805,13365,100
2793034797751896,403591,69,2805,13365,100
2793034802863034,403591,69,2805,13365,100
2793034807976625,403591,69,2805,13365,100
2793034813087757,403591,69,2805,13365,100
2793034818198767,403591,69,2805,13365,100
2793034823309680,403591,69,2805,13365,100
2793034828420860,403591,69,2805,13365,100
2793034833531867,403591,69,2805,13365,100
2793034838642677,403591,69,2805,13365,100
2793034843753721,403591,69,2805,13365,100
2793034848864574,403591,69,2805,13365,100
2793034853975974,403591,69,2805,13365,100
2793034859088402,403591,69,2805,13365,100
2793034864199499,403591,69,2805,13365,100
2793034869310958,403591,69,2805,13365,100
2793034874423231,403559,69,2805,13365,100
2793034879535148,403559,69,2805,13365,100
2793034884647116,403559,69,2805,13365,100
2793034889758257,403559,69,2805,13365,100
2793034894869078,403559,69,2805,13365,100
2793034899980638,403559,69,2805,13365,100
2793034905092114,403559,69,2805,13365,100
2793034910204355,403559,69,2805,13365,100
2793034915315155,403559,69,2805,13365,100
2793034920425916,403559,69,2805,13365,100
2793034925537008,403559,69,2805,13365,100
2793034930647952,403559,69,2805,13365,100
2793034935760133,403559,69,2805,13365,100
2793034940871193,403559,69,2805,13365,100
2793034945982133,403559,69,2805,13365,100
2793034951109238,403559,69,2805,13365,100
2793034956220450,403559,69,2805,13365,100
2793034961333243,403559,69,2805,13365,100
2793034966443889,403559,69,2805,13365,100
2793034971555231,403559,69,2805,13365,100
2793034976666178,403559,69,2805,13365,100
2793034981778715,403559,69,2805,13365,100
2793034986889733,403559,69,2805,13365,100
2793034992017029,403559,69,2805,13365,100
2793034997128286,403559,69,2805,13365,100
2793035002239374,403559,69,2805,13365,100
2793035007350538,403559,69,2805,13365,100
2793035012463079,403559,69,2805,13365,100
2793035017574319,403559,69,2805,13365,100
2793035022685090,403559,69,2805,13365,100
2793035027797227,403559,69,2805,13365,100
2793035032908152,403559,69,2805,13365,100
2793035038019076,403559,69,2805,13365,100
2793035043130273,403559,69,2805,13365,100
2793035048241497,403559,69,2805,13365,100
2793035053352509,403559,69,2805,13365,100
2793035058465270,403559,69,2805,13365,100
2793035063577847,403559,69,2805,13365,100
2793035068689039,403559,69,2805,13365,100
2793035073801028,403559,69,2805,13365,100
2793035078912818,403559,69,2805,13365,100
2793035084024236,403559,69,2805,13365,100
2793035089135280,403559,69,2805,13365,100
2793035094247913,403559,69,2805,13365,100
2793035099359098,403559,69,2805,13365,100
2793035104486662,403559,69,2805,13365,100
2793035109597498,403559,69,2805,13365,100
2793035114709942,403559,69,2805,13365,100
2793035119820893,403559,69,2805,13365,100
2793035124933592,403559,69,2805,13365,100
2793035130044768,403559,69,2805,13365,100
2793035135155812,403559,69,2805,13365,100
2793035140267024,403559,69,2805,13365,100
2793035145378505,403559,69,2805,13365,100
2793035150490409,403559,69,2805,13365,100
2793035155602538,403559,69,2805,13365,100
2793035160730587,403559,69,2805,13365,100
2793035165843419,403559,69,2805,13365,100
2793035170954227,403559,69,2805,13365,100
2793035176065875,403559,69,2805,13365,100
2793035181178601,403559,69,2805,13365,100
2793035186289949,403559,69,2805,13365,100
2793035191400929,403559,69,2805,13365,100
2793035196512261,403559,69,2805,13365,100
2793035201623052,403559,69,2805,13365,100
2793035206734008,403559,69,2805,13365,100
2793035211846911,403559,69,2805,13365,100
2793035216959943,403559,69,2805,13365,100
2793035222071360,403559,69,2805,13365,100
2793035227182559,403559,69,2805,13365,100
2793035232293669,403559,69,2805,13365,100
2793035237404817,403559,69,2805,13365,100
2793035242515897,403559,69,2805,13365,100
2793035247628617,403559,69,2805,13365,100
2793035252739681,403559,69,2805,13365,100
2793035257850814,403559,69,2805,13365,100
2793035262962311,403559,69,2805,13365,100
2793035268074701,403559,69,2805,13365,100
2793035273185620,403559,69,2805,13365,100
2793035278298684,403559,69,2805,13365,100
2793035283409682,403559,69,2805,13365,100
2793035288520485,403559,69,2805,13365,100
2793035293631613,403559,69,2805,13365,100
2793035298742741,403559,69,2805,13365,100
2793035303853826,403559,69,2805,13365,100
2793035308964735,403559,69,2805,13365,100
2793035314076934,403559,69,2805,13365,100
2793035319189731,403559,69,2805,13365,100
2793035324300719,403559,69,2805,13365,100
2793035329411740,403559,69,2805,13365,100
2793035334526412,403559,69,2805,13365,100
2793035339638013,403559,69,2805,13365,100
2793035344750917,403559,69,2805,13365,100
2793035349861718,403559,69,2805,13365,100
2793035354972811,403559,69,2805,13365,100
2793035360084003,403559,69,2805,13365,100
2793035365207055,403559,69,2805,13365,100
2793035370319964,403559,69,2805,13365,100
2793035375432820,403625,69,2805,13365,100
2793035380544408,403625,69,2805,13365,100
2793035385656152,403625,69,2805,13365,100
2793035390767233,403625,69,2805,13365,100
2793035395878421,403625,69,2805,13365,100
2793035400989141,403625,69,2805,13365,100
2793035406119318,403625,69,2805,13365,100
2793035411230203,403625,69,2805,13365,100
2793035416341702,403625,69,2805,13365,100
2793035421454247,403625,69,2805,13365,100
2793035426565167,403625,69,2805,13365,100
2793035431676164,403625,69,2805,13365,100
2793035436789240,403625,69,2805,13365,100
2793035441902511,403625,69,2805,13365,100
2793035447027265,403625,69,2805,13365,100
2793035452139254,403625,69,2805,13365,100
2793035457250266,403625,69,2805,13365,100
2793035462361207,403625,69,2805,13365,100
2793035467472291,403625,69,2805,13365,100
2793035472584696,403625,69,2805,13365,100
2793035477695595,403625,69,2805,13365,100
2793035482808581,403625,69,2805,13365,100
2793035487919720,403625,69,2805,13365,100
2793035493030713,403625,69,2805,13365,100
2793035498141809,403625,69,2805,13365,100
2793035503252970,403625,69,2805,13365,100
2793035508364076,403625,69,2805,13365,100
2793035513477107,403625,69,2805,13365,100
2793035518588117,403625,69,2805,13365,100
2793035523700736,403625,69,2805,13365,100
2793035528811640,403625,69,2805,13365,100
2793035533922498,403625,69,2805,13365,100
2793035539033509,403625,69,2805,13365,100
2793035544144489,403625,69,2805,13365,100
2793035549256577,403625,69,2805,13365,100
2793035554367422,403625,69,2805,13365,100
2793035559478462,403625,69,2805,13365,100
2793035564590027,403625,69,2805,13365,100
2793035569700927,403625,69,2805,13365,100
2793035574813580,403625,69,2805,13365,100
2793035579925980,403625,69,2805,13365,100
2793035585037164,403625,69,2805,13365,100
2793035590147987,403625,69,2805,13365,100
2793035595258784,403625,69,2805,13365,100
2793035600369777,403625,69,2805,13365,100
2793035605480550,403625,69,2805,13365,100
2793035610591346,403625,69,2805,13365,100
2793035615703461,403625,69,2805,13365,100
2793035620815967,403625,69,2805,13365,100
2793035625928503,403625,69,2805,13365,100
2793035631039613,403625,69,2805,13365,100
2793035636150997,403625,69,2805,13365,100
2793035641262243,403625,69,2805,13365,100
2793035646373289,403625,69,2805,13365,100
2793035651484660,403625,69,2805,13365,100
2793035656596396,403625,69,2805,13365,100
2793035661707101,403625,69,2805,13365,100
2793035666818263,403625,69,2805,13365,100
2793035671929308,403625,69,2805,13365,100
2793035677042084,403625,69,2805,13365,100
2793035682153224,403625,69,2805,13365,100
2793035687265936,403625,69,2805,13365,100
2793035692377257,403625,69,2805,13365,100
2793035697488081,403625,69,2805,13365,100
2793035702599290,403625,69,2805,13365,100
2793035707710070,403625,69,2805,13365,100
2793035712821319,403625,69,2805,13365,100
2793035717933995,403625,69,2805,13365,100
2793035723044943,403625,69,2805,13365,100
2793035728157660,403625,69,2805,13365,100
2793035733268928,403625,69,2805,13365,100
2793035738379861,403625,69,2805,13365,100
2793035743490890,403625,69,2805,13365,100
2793035748602158,403625,69,2805,13365,100
2793035753713046,403625,69,2805,13365,100
2793035758824670,403625,69,2805,13365,100
2793035763935487,403625,69,2805,13365,100
2793035769046781,403625,69,2805,13365,100
2793035774157506,403625,69,2805,13365,100
2793035779270064,403625,69,2805,13365,100
2793035784382394,403625,69,2805,13365,100
2793035789493113,403625,69,2805,13365,100
2793035794604341,403625,69,2805,13365,100
2793035799715614,403625,69,2805,13365,100
2793035804826579,403625,69,2805,13365,100
2793035809945558,403625,69,2805,13365,100
2793035815073533,403625,69,2805,13365,100
2793035820184179,403625,69,2805,13365,100
2793035825295092,403625,69,2805,13365,100
2793035830407906,403625,69,2805,13365,100
2793035835518765,403625,69,2805,13365,100
2793035840630483,403625,69,2805,13365,100
2793035845741378,403625,69,2805,13365,100
2793035850853504,403625,69,2805,13365,100
2793035855964343,403625,69,2805,13365,100
2793035861075451,403625,69,2805,13365,100
2793035866186203,403625,69,2805,13365,100
2793035871296940,403625,69,2805,13365,100
2793035876407960,403751,69,2805,13365,100
2793035881522744,403751,69,2805,13365,100
2793035886634337,403751,69,2805,13365,100
2793035891745614,403751,69,2805,13365,100
2793035896856609,403751,69,2805,13365,100
2793035901967696,403751,69,2805,13365,100
2793035907078578,403751,69,2805,13365,100
2793035912189687,403751,69,2805,13365,100
2793035917301461,403751,69,2805,13365,100
2793035922412606,403751,69,2805,13365,100
2793035927523450,403751,69,2805,13365,100
2793035932636033,403751,69,2805,13365,100
2793035937747109,403751,69,2805,13365,100
2793035942858213,403751,69,2805,13365,100
2793035947970554,403751,69,2805,13365,100
2793035953081802,403751,69,2805,13365,100
2793035958193315,403751,69,2805,13365,100
2793035963318934,403751,69,2805,13365,100
2793035968429913,403751,69,2805,13365,100
2793035973541279,403751,69,2805,13365,100
2793035978652688,403751,69,2805,13365,100
2793035983765108,403751,69,2805,13365,100
2793035988876171,403751,69,2805,13365,100
2793035993987290,403751,69,2805,13365,100
2793035999115490,403751,69,2805,13365,100
2793036004226671,403751,69,2805,13365,100
2793036009337675,403751,69,2805,13365,100
2793036014448583,403751,69,2805,13365,100
2793036019559477,403751,69,2805,13365,100
2793036024670507,403751,69,2805,13365,100
2793036029783218,403751,69,2805,13365,100
2793036034895785,403751,69,2805,13365,100
2793036040022685,403751,69,2805,13365,100
2793036045134019,403751,69,2805,13365,100
2793036050244882,403751,69,2805,13365,100
2793036055356160,403751,69,2805,13365,100
2793036060485974,403751,69,2805,13365,100
2793036065596819,403751,69,2805,13365,100
2793036070707973,403751,69,2805,13365,100
2793036075823618,403751,69,2805,13365,100
2793036080934592,403751,69,2805,13365,100
2793036086047056,403751,69,2805,13365,100
2793036091157913,403751,69,2805,13365,100
2793036096268830,403751,69,2805,13365,100
2793036101379642,403751,69,2805,13365,100
2793036106491866,403751,69,2805,13365,100
2793036111602607,403751,69,2805,13365,100
2793036116713523,403751,69,2805,13365,100
2793036121824751,403751,69,2805,13365,100
2793036126935811,403751,69,2805,13365,100
2793036132046694,403751,69,2805,13365,100
2793036137159860,403751,69,2805,13365,100
2793036142270853,403751,69,2805,13365,100
2793036147381474,403751,69,2805,13365,100
2793036152492624,403751,69,2805,13365,100
2793036157603690,403751,69,2805,13365,100
2793036162714795,403751,69,2805,13365,100
2793036167826152,403751,69,2805,13365,100
2793036172938544,403751,69,2805,13365,100
2793036178049366,403751,69,2805,13365,100
2793036183160129,403751,69,2805,13365,100
2793036188272875,403751,69,2805,13365,100
2793036193384309,403751,69,2805,13365,100
2793036198495262,403751,69,2805,13365,100
2793036203607714,403751,69,2805,13365,100
2793036208718775,403751,69,2805,13365,100
2793036213830051,403751,69,2805,13365,100
2793036218940963,403751,69,2805,13365,100
2793036224052184,403751,69,2805,13365,100
2793036229163344,403751,69,2805,13365,100
2793036234274135,403751,69,2805,13365,100
2793036239387752,403751,69,2805,13365,100
2793036244498942,403751,69,2805,13365,100
2793036249610288,403751,69,2805,13365,100
2793036254727347,403751,69,2805,13365,100
2793036259838362,403751,69,2805,13365,100
2793036264949529,403751,69,2805,13365,100
2793036270061747,403751,69,2805,13365,100
2793036275172839,403751,69,2805,13365,100
2793036280284096,403751,69,2805,13365,100
2793036285395348,403751,69,2805,13365,100
2793036290507933,403751,69,2805,13365,100
2793036295618969,403751,69,2805,13365,100
2793036300729925,403751,69,2805,13365,100
2793036305842146,403751,69,2805,13365,100
2793036310952990,403751,69,2805,13365,100
2793036316064253,403751,69,2805,13365,100
2793036321175304,403751,69,2805,13365,100
2793036326286376,403751,69,2805,13365,100
2793036331397368,403751,69,2805,13365,100
2793036336509552,403751,69,2805,13365,100
2793036341622657,403751,69,2805,13365,100
2793036346733974,403751,69,2805,13365,100
2793036351845006,403751,69,2805,13365,100
2793036356956119,403751,69,2805,13365,100
2793036362067275,403751,69,2805,13365,100
2793036367179257,403751,69,2805,13365,100
2793036372290294,403751,69,2805,13365,100
2793036377401452,403681,69,2805,13365,100
2793036382588856,403681,69,2805,13365,100
2793036387700101,403681,69,2805,13365,100
2793036392812919,403681,69,2805,13365,100
2793036397924075,403681,69,2805,13365,100
2793036403037213,403681,69,2805,13365,100
2793036408148572,403681,69,2805,13365,100
2793036413259289,403681,69,2805,13365,100
2793036418370483,403681,69,2805,13365,100
2793036423487465,403681,69,2805,13365,100
2793036428600464,403681,69,2805,13365,100
2793036433712106,403681,69,2805,13365,100
2793036438823904,403681,69,2805,13365,100
2793036443937055,403681,69,2805,13365,100
2793036449049625,403681,69,2805,13365,100
2793036454161326,403681,69,2805,13365,100
2793036459272518,403681,69,2805,13365,100
2793036464383618,403681,69,2805,13365,100
2793036469511235,403681,69,2805,13365,100
2793036474622215,403681,69,2805,13365,100
2793036479733360,403681,69,2805,13365,100
2793036484846436,403681,69,2805,13365,100
2793036489957500,403681,69,2805,13365,100
2793036495070132,403681,69,2805,13365,100
2793036500181329,403681,69,2805,13365,100
2793036505292197,403681,69,2805,13365,100
2793036510403094,403681,69,2805,13365,100
2793036515515755,403681,69,2805,13365,100
2793036520626647,403681,69,2805,13365,100
2793036525737351,403681,69,2805,13365,100
2793036530848084,403681,69,2805,13365,100
2793036535959053,403681,69,2805,13365,100
2793036541070557,403681,69,2805,13365,100
2793036546185381,403681,69,2805,13365,100
2793036551296130,403681,69,2805,13365,100
2793036556407246,403681,69,2805,13365,100
2793036561518495,403681,69,2805,13365,100
2793036566629387,403681,69,2805,13365,100
2793036571740175,403681,69,2805,13365,100
2793036576851003,403681,69,2805,13365,100
2793036581963968,403681,69,2805,13365,100
2793036587074897,403681,69,2805,13365,100
2793036592186045,403681,69,2805,13365,100
2793036597315405,403681,69,2805,13365,100
2793036602426401,403681,69,2805,13365,100
2793036607537754,403681,69,2805,13365,100
2793036612650275,403681,69,2805,13365,100
2793036617761371,403681,69,2805,13365,100
2793036622872319,403681,69,2805,13365,100
2793036627983056,403681,69,2805,13365,100
2793036633116558,403681,69,2805,13365,100
2793036638227724,403681,69,2805,13365,100
2793036643338600,403681,69,2805,13365,100
2793036648451646,403681,69,2805,13365,100
2793036653562663,403681,69,2805,13365,100
2793036658673930,403681,69,2805,13365,100
2793036663787024,403681,69,2805,13365,100
2793036668898378,403681,69,2805,13365,100
2793036674025231,403681,69,2805,13365,100
2793036679136931,403681,69,2805,13365,100
2793036684250088,403681,69,2805,13365,100
2793036689371840,403681,69,2805,13365,100
2793036694484576,403681,69,2805,13365,100
2793036699598755,403681,69,2805,13365,100
2793036704711374,403681,69,2805,13365,100
2793036709824304,403681,69,2805,13365,100
2793036714937270,403681,69,2805,13365,100
2793036720049553,403681,69,2805,13365,100
2793036725162811,403681,69,2805,13365,100
2793036730291951,403681,69,2805,13365,100
2793036735403499,403681,69,2805,13365,100
2793036740516440,403681,69,2805,13365,100
2793036745627849,403681,69,2805,13365,100
2793036750741297,403681,69,2805,13365,100
2793036755853231,403681,69,2805,13365,100
2793036760964756,403681,69,2805,13365,100
2793036766076972,403681,69,2805,13365,100
2793036771188715,403681,69,2805,13365,100
2793036776300395,403681,69,2805,13365,100
2793036781411706,403681,69,2805,13365,100
2793036786522616,403681,69,2805,13365,100
2793036791633769,403681,69,2805,13365,100
2793036796744881,403681,69,2805,13365,100
2793036801857481,403681,69,2805,13365,100
2793036806970182,403681,69,2805,13365,100
2793036812081618,403681,69,2805,13365,100
2793036817192796,403681,69,2805,13365,100
2793036822304763,403681,69,2805,13365,100
2793036827415667,403681,69,2805,13365,100
2793036832526663,403681,69,2805,13365,100
2793036837638608,403681,69,2805,13365,100
2793036842749617,403681,69,2805,13365,100
2793036847860549,403681,69,2805,13365,100
2793036852972857,403681,69,2805,13365,100
2793036858084121,403681,69,2805,13365,100
2793036863194978,403681,69,2805,13365,100
2793036868305974,403681,69,2805,13365,100
2793036873418699,403681,69,2805,13365,100
2793036878531269,403582,69,2805,13365,100
2793036883644532,403582,69,2805,13365,100
2793036888755652,403582,69,2805,13365,100
2793036893866656,403582,69,2805,13365,100
2793036898977561,403582,69,2805,13365,100
2793036904090365,403582,69,2805,13365,100
2793036909201034,403582,69,2805,13365,100
2793036914314190,403582,69,2805,13365,100
2793036919425259,403582,69,2805,13365,100
2793036924536615,403582,69,2805,13365,100
2793036929647588,403582,69,2805,13365,100
2793036934758958,403582,69,2805,13365,100
2793036939880804,403582,69,2805,13365,100
2793036944992020,403582,69,2805,13365,100
2793036950121865,403582,69,2805,13365,100
2793036955234514,403582,69,2805,13365,100
2793036960345589,403582,69,2805,13365,100
2793036965457042,403582,69,2805,13365,100
2793036970567958,403582,69,2805,13365,100
2793036975678935,403582,69,2805,13365,100
2793036980791152,403582,69,2805,13365,100
2793036985902231,403582,69,2805,13365,100
2793036991029136,403582,69,2805,13365,100
2793036996140716,403582,69,2805,13365,100
2793037001251788,403582,69,2805,13365,100
2793037006364397,403582,69,2805,13365,100
2793037011475410,403582,69,2805,13365,100
2793037016586210,403582,69,2805,13365,100
2793037021697473,403582,69,2805,13365,100
2793037026810037,403582,69,2805,13365,100
2793037031921376,403582,69,2805,13365,100
2793037037032292,403582,69,2805,13365,100
2793037042143260,403582,69,2805,13365,100
2793037047254233,403582,69,2805,13365,100
2793037052365073,403582,69,2805,13365,100
2793037057479193,403582,69,2805,13365,100
2793037062590336,403582,69,2805,13365,100
2793037067701500,403582,69,2805,13365,100
2793037072812459,403582,69,2805,13365,100
2793037077943411,403582,69,2805,13365,100
2793037083054535,403582,69,2805,13365,100
2793037088165624,403582,69,2805,13365,100
2793037093276589,403582,69,2805,13365,100
2793037098387441,403582,69,2805,13365,100
2793037103498813,403582,69,2805,13365,100
2793037108611117,403582,69,2805,13365,100
2793037113722282,403582,69,2805,13365,100
2793037118833242,403582,69,2805,13365,100
2793037123961899,403582,69,2805,13365,100
2793037129073027,403582,69,2805,13365,100
2793037134184064,403582,69,2805,13365,100
2793037139295294,403582,69,2805,13365,100
2793037144406620,403582,69,2805,13365,100
2793037149517625,403582,69,2805,13365,100
2793037154611105,403582,69,2805,13365,100
2793037159724052,403582,69,2805,13365,100
2793037164835136,403582,69,2805,13365,100
2793037169945994,403582,69,2805,13365,100
2793037175057291,403582,69,2805,13365,100
2793037180168051,403582,69,2805,13365,100
2793037185279352,403582,69,2805,13365,100
2793037190391648,403582,69,2805,13365,100
2793037195502501,403582,69,2805,13365,100
2793037200613775,403582,69,2805,13365,100
2793037205725065,403582,69,2805,13365,100
2793037210837776,403582,69,2805,13365,100
2793037215948708,403582,69,2805,13365,100
2793037221061614,403582,69,2805,13365,100
2793037226172651,403582,69,2805,13365,100
2793037231283463,403582,69,2805,13365,100
2793037236394304,403582,69,2805,13365,100
2793037241505496,403582,69,2805,13365,100
2793037246616814,403582,69,2805,13365,100
2793037251727869,403582,69,2805,13365,100
2793037256840661,403582,69,2805,13365,100
2793037261953082,403582,69,2805,13365,100
2793037267063904,403582,69,2805,13365,100
2793037272174978,403582,69,2805,13365,100
2793037277285923,403582,69,2805,13365,100
2793037282396676,403582,69,2805,13365,100
2793037287508902,403582,69,2805,13365,100
2793037292619992,403582,69,2805,13365,100
2793037297731185,403582,69,2805,13365,100
2793037302842021,403582,69,2805,13365,100
2793037307953018,403582,69,2805,13365,100
2793037313065598,403582,69,2805,13365,100
2793037318181643,403582,69,2805,13365,100
2793037323292671,403582,69,2805,13365,100
2793037328403612,403582,69,2805,13365,100
2793037333514564,403582,69,2805,13365,100
2793037338625966,403582,69,2805,13365,100
2793037343737496,403582,69,2805,13365,100
2793037348848355,403582,69,2805,13365,100
2793037353961045,403582,69,2805,13365,100
2793037359071982,403582,69,2805,13365,100
2793037364184390,403582,69,2805,13365,100
2793037369296471,403582,69,2805,13365,100
2793037374407631,403582,69,2805,13365,100
2793037379518515,403684,69,2805,13365,100
2793037384630615,403684,69,2805,13365,100
2793037389741965,403684,69,2805,13365,100
2793037394853204,403684,69,2805,13365,100
2793037399964134,403684,69,2805,13365,100
2793037405077144,403684,69,2805,13365,100
2793037410188125,403684,69,2805,13365,100
2793037415300762,403684,69,2805,13365,100
2793037420412163,403684,69,2805,13365,100
2793037425523176,403684,69,2805,13365,100
2793037430634015,403684,69,2805,13365,100
2793037435746844,403684,69,2805,13365,100
2793037440857982,403684,69,2805,13365,100
2793037445969457,403684,69,2805,13365,100
2793037451080598,403684,69,2805,13365,100
2793037456191908,403684,69,2805,13365,100
2793037461302586,403684,69,2805,13365,100
2793037466415246,403684,69,2805,13365,100
2793037471526419,403684,69,2805,13365,100
2793037476637395,403684,69,2805,13365,100
2793037481748359,403684,69,2805,13365,100
2793037486859400,403684,69,2805,13365,100
2793037491970712,403684,69,2805,13365,100
2793037497081803,403684,69,2805,13365,100
2793037502193906,403684,69,2805,13365,100
2793037507304861,403684,69,2805,13365,100
2793037512416371,403684,69,2805,13365,100
2793037517528950,403684,69,2805,13365,100
2793037522641907,403684,69,2805,13365,100
2793037527753203,403684,69,2805,13365,100
2793037532864374,403684,69,2805,13365,100
2793037537975464,403684,69,2805,13365,100
2793037543086656,403684,69,2805,13365,100
2793037548197607,403684,69,2805,13365,100
2793037553308670,403684,69,2805,13365,100
2793037558420110,403684,69,2805,13365,100
2793037563531406,403684,69,2805,13365,100
2793037568643527,403684,69,2805,13365,100
2793037573754687,403684,69,2805,13365,100
2793037578865688,403684,69,2805,13365,100
2793037583976872,403684,69,2805,13365,100
2793037589089188,403684,69,2805,13365,100
2793037594200267,403684,69,2805,13365,100
2793037599311381,403684,69,2805,13365,100
2793037604422625,403684,69,2805,13365,100
2793037609533770,403684,69,2805,13365,100
2793037614644345,403684,69,2805,13365,100
2793037619758167,403684,69,2805,13365,100
2793037624869348,403684,69,2805,13365,100
2793037629980316,403684,69,2805,13365,100
2793037635091920,403684,69,2805,13365,100
2793037640202741,403684,69,2805,13365,100
2793037645314124,403684,69,2805,13365,100
2793037650426590,403684,69,2805,13365,100
2793037655549247,403684,69,2805,13365,100
2793037660660099,403684,69,2805,13365,100
2793037665771616,403684,69,2805,13365,100
2793037670884013,403684,69,2805,13365,100
2793037675995476,403684,69,2805,13365,100
2793037681123404,403684,69,2805,13365,100
2793037686235400,403684,69,2805,13365,100
2793037691347711,403684,69,2805,13365,100
2793037696458928,403684,69,2805,13365,100
2793037701569494,403684,69,2805,13365,100
2793037706680704,403684,69,2805,13365,100
2793037711791803,403684,69,2805,13365,100
2793037716902699,403684,69,2805,13365,100
2793037722029319,403684,69,2805,13365,100
2793037727140855,403684,69,2805,13365,100
2793037732251953,403684,69,2805,13365,100
2793037737363092,403684,69,2805,13365,100
2793037742474664,403684,69,2805,13365,100
2793037747587073,403684,69,2805,13365,100
2793037752700462,403684,69,2805,13365,100
2793037757811037,403684,69,2805,13365,100
2793037762922730,403684,69,2805,13365,100
2793037768034130,403684,69,2805,13365,100
2793037773146469,403684,69,2805,13365,100
2793037778273484,403684,69,2805,13365,100
2793037783384918,403684,69,2805,13365,100
2793037788497294,403684,69,2805,13365,100
2793037793608744,403684,69,2805,13365,100
2793037798719665,403684,69,2805,13365,100
2793037803830649,403684,69,2805,13365,100
2793037808942281,403684,69,2805,13365,100
2793037814055095,403684,69,2805,13365,100
2793037819166948,403684,69,2805,13365,100
2793037824279567,403684,69,2805,13365,100
2793037829390468,403684,69,2805,13365,100
2793037834501654,403684,69,2805,13365,100
2793037839612692,403684,69,2805,13365,100
2793037844723885,403684,69,2805,13365,100
2793037849836925,403684,69,2805,13365,100
2793037854948166,403684,69,2805,13365,100
2793037860059754,403684,69,2805,13365,100
2793037865171522,403684,69,2805,13365,100
2793037870282391,403684,69,2805,13365,100
2793037875394679,403600,69,2805,13365,100
2793037880507343,403600,69,2805,13365,100
2793037885618931,403600,69,2805,13365,100
2793037890729688,403600,69,2805,13365,100
2793037895840765,403600,69,2805,13365,100
2793037900951849,403600,69,2805,13365,100
2793037906062783,403600,69,2805,13365,100
2793037911173782,403600,69,2805,13365,100
2793037916285323,403600,69,2805,13365,100
2793037921396319,403600,69,2805,13365,100
2793037926508655,403600,69,2805,13365,100
2793037931619627,403600,69,2805,13365,100
2793037936730617,403600,69,2805,13365,100
2793037941841636,403600,69,2805,13365,100
2793037946954911,403600,69,2805,13365,100
2793037952066041,403600,69,2805,13365,100
2793037957177334,403600,69,2805,13365,100
2793037962290512,403600,69,2805,13365,100
2793037967372160,403600,69,2805,13365,100
2793037972434231,403600,69,2805,13365,100
2793037977490693,403600,69,2805,13365,100
2793037982551223,403600,69,2805,13365,100
2793037987609827,403600,69,2805,13365,100
2793037992669712,403600,69,2805,13365,100
2793037997729881,403600,69,2805,13365,100
2793038002788652,403600,69,2805,13365,100
2793038007848298,403600,69,2805,13365,100
2793038012908338,403600,69,2805,13365,100
2793038017968239,403600,69,2805,13365,100
2793038023028324,403600,69,2805,13365,100
2793038028088717,403600,69,2805,13365,100
2793038033149197,403600,69,2805,13365,100
2793038038208119,403600,69,2805,13365,100
2793038043267621,403600,69,2805,13365,100
2793038048328006,403600,69,2805,13365,100
2793038053388253,403600,69,2805,13365,100
2793038058449411,403600,69,2805,13365,100
2793038063509598,403600,69,2805,13365,100
2793038068570235,403600,69,2805,13365,100
2793038073632227,403600,69,2805,13365,100
2793038078691351,403600,69,2805,13365,100
2793038083750931,403600,69,2805,13365,100
2793038088807451,403600,69,2805,13365,100
2793038093863712,403600,69,2805,13365,100
2793038098920607,403600,69,2805,13365,100
2793038103977989,403600,69,2805,13365,100
2793038109037446,403600,69,2805,13365,100
2793038114098291,403600,69,2805,13365,100
2793038119158221,403600,69,2805,13365,100
2793038124217405,403600,69,2805,13365,100
2793038129276618,403600,69,2805,13365,100
2793038134335952,403600,69,2805,13365,100
2793038139391786,403600,69,2805,13365,100
2793038144448193,403600,69,2805,13365,100
2793038149504009,403600,69,2805,13365,100
2793038154560133,403600,69,2805,13365,100
2793038159619382,403600,69,2805,13365,100
2793038164679786,403600,69,2805,13365,100
2793038169739871,403600,69,2805,13365,100
2793038174799813,403600,69,2805,13365,100
2793038179858579,403600,69,2805,13365,100
2793038184917432,403600,69,2805,13365,100
2793038189978125,403600,69,2805,13365,100
2793038195037785,403600,69,2805,13365,100
2793038200096994,403600,69,2805,13365,100
2793038205156840,403600,69,2805,13365,100
2793038210218596,403600,69,2805,13365,100
2793038215277853,403600,69,2805,13365,100
2793038220340528,403600,69,2805,13365,100
2793038225399213,403600,69,2805,13365,100
2793038230459319,403600,69,2805,13365,100
2793038235519437,403600,69,2805,13365,100
2793038240579036,403600,69,2805,13365,100
2793038245639141,403600,69,2805,13365,100
2793038250698298,403600,69,2805,13365,100
2793038255757886,403600,69,2805,13365,100
2793038260813770,403600,69,2805,13365,100
2793038265869954,403600,69,2805,13365,100
2793038270926468,403600,69,2805,13365,100
2793038275983646,403600,69,2805,13365,100
2793038281039707,403600,69,2805,13365,100
2793038286098234,403600,69,2805,13365,100
2793038291154128,403600,69,2805,13365,100
2793038296210158,403600,69,2805,13365,100
2793038301265914,403600,69,2805,13365,100
2793038306321835,403600,69,2805,13365,100
2793038311378627,403600,69,2805,13365,100
2793038316438813,403600,69,2805,13365,100
2793038321498774,403600,69,2805,13365,100
2793038326558671,403600,69,2805,13365,100
2793038331618207,403600,69,2805,13365,100
2793038336674962,403600,69,2805,13365,100
2793038341732887,403600,69,2805,13365,100
2793038346789768,403600,69,2805,13365,100
2793038351846823,403600,69,2805,13365,100
2793038356903836,403600,69,2805,13365,100
2793038361960937,403600,69,2805,13365,100
2793038367017875,403600,69,2805,13365,100
2793038372075160,403600,69,2805,13365,100
2793038377133075,403427,69,2805,13365,100
2793038382190952,403427,69,2805,13365,100
2793038387248086,403427,69,2805,13365,100
2793038392305576,403427,69,2805,13365,100
2793038397364530,403427,69,2805,13365,100
2793038402420676,403427,69,2805,13365,100
2793038407477675,403427,69,2805,13365,100
2793038412534664,403427,69,2805,13365,100
2793038417591617,403427,69,2805,13365,100
2793038422647969,403427,69,2805,13365,100
2793038427710600,403427,69,2805,13365,100
2793038432766491,403427,69,2805,13365,100
2793038437822715,403427,69,2805,13365,100
2793038442881813,403427,69,2805,13365,100
2793038447941243,403427,69,2805,13365,100
2793038452999903,403427,69,2805,13365,100
2793038458062452,403427,69,2805,13365,100
2793038463121708,403427,69,2805,13365,100
2793038468178675,403427,69,2805,13365,100
2793038473234913,403427,69,2805,13365,100
2793038478293117,403427,69,2805,13365,100
2793038483349560,403427,69,2805,13365,100
2793038488406646,403427,69,2805,13365,100
2793038493463635,403427,69,2805,13365,100
2793038498523060,403427,69,2805,13365,100
2793038503578903,403427,69,2805,13365,100
2793038508635189,403427,69,2805,13365,100
2793038513691029,403427,69,2805,13365,100
2793038518747503,403427,69,2805,13365,100
2793038523803554,403427,69,2805,13365,100
2793038528862351,403427,69,2805,13365,100
2793038533918276,403427,69,2805,13365,100
2793038538974621,403427,69,2805,13365,100
2793038544030543,403427,69,2805,13365,100
2793038549086341,403427,69,2805,13365,100
2793038554142181,403427,69,2805,13365,100
2793038559198015,403427,69,2805,13365,100
2793038564256644,403427,69,2805,13365,100
2793038569312622,403427,69,2805,13365,100
2793038574368763,403427,69,2805,13365,100
2793038579425010,403427,69,2805,13365,100
2793038584480829,403427,69,2805,13365,100
2793038589537286,403427,69,2805,13365,100
2793038594596694,403427,69,2805,13365,100
2793038599653015,403427,69,2805,13365,100
2793038604709350,403427,69,2805,13365,100
2793038609765179,403427,69,2805,13365,100
2793038614821092,403427,69,2805,13365,100
2793038619877314,403427,69,2805,13365,100
2793038624933325,403427,69,2805,13365,100
2793038629989708,403427,69,2805,13365,100
2793038635045545,403427,69,2805,13365,100
2793038640101365,403427,69,2805,13365,100
2793038645157239,403427,69,2805,13365,100
2793038650213189,403427,69,2805,13365,100
2793038655268187,403427,69,2805,13365,100
2793038660326961,403427,69,2805,13365,100
2793038665382755,403427,69,2805,13365,100
2793038670438654,403427,69,2805,13365,100
2793038675494741,403427,69,2805,13365,100
2793038680550565,403427,69,2805,13365,100
2793038685607467,403427,69,2805,13365,100
2793038690667932,403427,69,2805,13365,100
2793038695723891,403427,69,2805,13365,100
2793038700780164,403427,69,2805,13365,100
2793038705835929,403427,69,2805,13365,100
2793038710892185,403427,69,2805,13365,100
2793038715948032,403427,69,2805,13365,100
2793038721003875,403427,69,2805,13365,100
2793038726062315,403427,69,2805,13365,100
2793038731118093,403427,69,2805,13365,100
2793038736173866,403427,69,2805,13365,100
2793038741229650,403427,69,2805,13365,100
2793038746285434,403427,69,2805,13365,100
2793038751341207,403427,69,2805,13365,100
2793038756399659,403427,69,2805,13365,100
2793038761455704,403427,69,2805,13365,100
2793038766511515,403427,69,2805,13365,100
2793038771568040,403427,69,2805,13365,100
2793038776624029,403427,69,2805,13365,100
2793038781679903,403427,69,2805,13365,100
2793038786735769,403427,69,2805,13365,100
2793038791795116,403427,69,2805,13365,100
2793038796851109,403427,69,2805,13365,100
2793038801907240,403427,69,2805,13365,100
2793038806963018,403427,69,2805,13365,100
2793038812019170,403427,69,2805,13365,100
2793038817075523,403427,69,2805,13365,100
2793038822134211,403427,69,2805,13365,100
2793038827190112,403427,69,2805,13365,100
2793038832245898,403427,69,2805,13365,100
2793038837301741,403427,69,2805,13365,100
2793038842357573,403427,69,2805,13365,100
2793038847413333,403427,69,2805,13365,100
2793038852469086,403427,69,2805,13365,100
2793038857527675,403427,69,2805,13365,100
2793038862583571,403427,69,2805,13365,100
2793038867639373,403427,69,2805,13365,100
2793038872695757,403427,69,2805,13365,100
2793038877751661,403538,69,2805,13365,100
2793038882808800,403538,69,2805,13365,100
2793038887868732,403538,69,2805,13365,100
2793038892925074,403538,69,2805,13365,100
2793038897981150,403538,69,2805,13365,100
2793038903037101,403538,69,2805,13365,100
2793038908092945,403538,69,2805,13365,100
2793038913148850,403538,69,2805,13365,100
2793038918204928,403538,69,2805,13365,100
2793038923261915,403538,69,2805,13365,100
2793038928318065,403538,69,2805,13365,100
2793038933373889,403538,69,2805,13365,100
2793038938429633,403538,69,2805,13365,100
2793038943485409,403538,69,2805,13365,100
2793038948541226,403538,69,2805,13365,100
2793038953599493,403538,69,2805,13365,100
2793038958655564,403538,69,2805,13365,100
2793038963712086,403538,69,2805,13365,100
2793038968768343,403538,69,2805,13365,100
2793038973824772,403538,69,2805,13365,100
2793038978880735,403538,69,2805,13365,100
2793038983939228,403538,69,2805,13365,100
2793038988995157,403538,69,2805,13365,100
2793038994050969,403538,69,2805,13365,100
2793038999106934,403538,69,2805,13365,100
2793039004162706,403538,69,2805,13365,100
2793039009218689,403538,69,2805,13365,100
2793039014274575,403538,69,2805,13365,100
2793039019333546,403538,69,2805,13365,100
2793039024389272,403538,69,2805,13365,100
2793039029445126,403538,69,2805,13365,100
2793039034501018,403538,69,2805,13365,100
2793039039556780,403538,69,2805,13365,100
2793039044612601,403538,69,2805,13365,100
2793039049671284,403538,69,2805,13365,100
2793039054727448,403538,69,2805,13365,100
2793039059784202,403538,69,2805,13365,100
2793039064840248,403538,69,2805,13365,100
2793039069896001,403538,69,2805,13365,100
2793039074958524,403538,69,2805,13365,100
2793039080014660,403538,69,2805,13365,100
2793039085073221,403538,69,2805,13365,100
2793039090129319,403538,69,2805,13365,100
2793039095185314,403538,69,2805,13365,100
2793039100241066,403538,69,2805,13365,100
2793039105296917,403538,69,2805,13365,100
2793039110352668,403538,69,2805,13365,100
2793039115411096,403538,69,2805,13365,100
2793039120468277,403538,69,2805,13365,100
2793039125524170,403538,69,2805,13365,100
2793039130580110,403538,69,2805,13365,100
2793039135635887,403538,69,2805,13365,100
2793039140691757,403538,69,2805,13365,100
2793039145747768,403538,69,2805,13365,100
2793039150806356,403538,69,2805,13365,100
2793039155862536,403538,69,2805,13365,100
2793039160918458,403538,69,2805,13365,100
2793039165974541,403538,69,2805,13365,100
2793039171030620,403538,69,2805,13365,100
2793039176086586,403538,69,2805,13365,100
2793039181145057,403538,69,2805,13365,100
2793039186200982,403538,69,2805,13365,100
2793039191256830,403538,69,2805,13365,100
2793039196312744,403538,69,2805,13365,100
2793039201368564,403538,69,2805,13365,100
2793039206424421,403538,69,2805,13365,100
2793039211480249,403538,69,2805,13365,100
2793039216538797,403538,69,2805,13365,100
2793039221594880,403538,69,2805,13365,100
2793039226650906,403538,69,2805,13365,100
2793039231706927,403538,69,2805,13365,100
2793039236762968,403538,69,2805,13365,100
2793039241819592,403538,69,2805,13365,100
2793039246878610,403538,69,2805,13365,100
2793039251934396,403538,69,2805,13365,100
2793039256990454,403538,69,2805,13365,100
2793039262046245,403538,69,2805,13365,100
2793039267102057,403538,69,2805,13365,100
2793039272158053,403538,69,2805,13365,100
2793039277214749,403538,69,2805,13365,100
2793039282274966,403538,69,2805,13365,100
2793039287330800,403538,69,2805,13365,100
2793039292386805,403538,69,2805,13365,100
2793039297442821,403538,69,2805,13365,100
2793039302498652,403538,69,2805,13365,100
2793039307554458,403538,69,2805,13365,100
2793039312613738,403538,69,2805,13365,100
2793039317669575,403538,69,2805,13365,100
2793039322725394,403538,69,2805,13365,100
2793039327781269,403538,69,2805,13365,100
2793039332838319,403538,69,2805,13365,100
2793039337894187,403538,69,2805,13365,100
2793039342951006,403538,69,2805,13365,100
2793039348009987,403538,69,2805,13365,100
2793039353065755,403538,69,2805,13365,100
2793039358121556,403538,69,2805,13365,100
2793039363177328,403538,69,2805,13365,100
2793039368233225,403538,69,2805,13365,100
2793039373289161,403538,69,2805,13365,100
2793039378348565,403717,69,2805,13365,100
2793039383405612,403717,69,2805,13365,100
2793039388462035,403717,69,2805,13365,100
2793039393518166,403717,69,2805,13365,100
2793039398574027,403717,69,2805,13365,100
2793039403629794,403717,69,2805,13365,100
2793039408685511,403717,69,2805,13365,100
2793039413744501,403717,69,2805,13365,100
2793039418800498,403717,69,2805,13365,100
2793039423856664,403717,69,2805,13365,100
2793039428912842,403717,69,2805,13365,100
2793039433968754,403717,69,2805,13365,100
2793039439024560,403717,69,2805,13365,100
2793039444083297,403717,69,2805,13365,100
2793039449140250,403717,69,2805,13365,100
2793039454196355,403717,69,2805,13365,100
2793039459252778,403717,69,2805,13365,100
2793039464310658,403717,69,2805,13365,100
2793039469367144,403717,69,2805,13365,100
2793039474426332,403717,69,2805,13365,100
2793039479483408,403717,69,2805,13365,100
2793039484539377,403717,69,2805,13365,100
2793039489595198,403717,69,2805,13365,100
2793039494650895,403717,69,2805,13365,100
2793039499706978,403717,69,2805,13365,100
2793039504765379,403717,69,2805,13365,100
2793039509821231,403717,69,2805,13365,100
2793039514877290,403717,69,2805,13365,100
2793039519933426,403717,69,2805,13365,100
2793039524989248,403717,69,2805,13365,100
2793039530045007,403717,69,2805,13365,100
2793039535101120,403717,69,2805,13365,100
2793039540157056,403717,69,2805,13365,100
2793039545213070,403717,69,2805,13365,100
2793039550269010,403717,69,2805,13365,100
2793039555324845,403717,69,2805,13365,100
2793039560380571,403717,69,2805,13365,100
2793039565436369,403717,69,2805,13365,100
2793039570494891,403717,69,2805,13365,100
2793039575551462,403717,69,2805,13365,100
2793039580607535,403717,69,2805,13365,100
2793039585663548,403717,69,2805,13365,100
2793039590719360,403717,69,2805,13365,100
2793039595775846,403717,69,2805,13365,100
2793039600831515,403717,69,2805,13365,100
2793039605887470,403717,69,2805,13365,100
2793039610943858,403717,69,2805,13365,100
2793039616004248,403717,69,2805,13365,100
2793039621061231,403717,69,2805,13365,100
2793039626117076,403717,69,2805,13365,100
2793039631172947,403717,69,2805,13365,100
2793039636228933,403717,69,2805,13365,100
2793039641284752,403717,69,2805,13365,100
2793039646340593,403717,69,2805,13365,100
2793039651399224,403717,69,2805,13365,100
2793039656454926,403717,69,2805,13365,100
2793039661510748,403717,69,2805,13365,100
2793039666566541,403717,69,2805,13365,100
2793039671622669,403717,69,2805,13365,100
2793039676678819,403717,69,2805,13365,100
2793039681734634,403717,69,2805,13365,100
2793039686790630,403717,69,2805,13365,100
2793039691846549,403717,69,2805,13365,100
2793039696902939,403717,69,2805,13365,100
2793039701959181,403717,69,2805,13365,100
2793039707015953,403717,69,2805,13365,100
2793039712071659,403717,69,2805,13365,100
2793039717131086,403717,69,2805,13365,100
2793039722189664,403717,69,2805,13365,100
2793039727245489,403717,69,2805,13365,100
2793039732301310,403717,69,2805,13365,100
2793039737357449,403717,69,2805,13365,100
2793039742413347,403717,69,2805,13365,100
2793039747472007,403717,69,2805,13365,100
2793039752528138,403717,69,2805,13365,100
2793039757584004,403717,69,2805,13365,100
2793039762639880,403717,69,2805,13365,100
2793039767695695,403717,69,2805,13365,100
2793039772751722,403717,69,2805,13365,100
2793039777807546,403717,69,2805,13365,100
2793039782866603,403717,69,2805,13365,100
2793039787922524,403717,69,2805,13365,100
2793039792978335,403717,69,2805,13365,100
2793039798035266,403717,69,2805,13365,100
2793039803090963,403717,69,2805,13365,100
2793039808146717,403717,69,2805,13365,100
2793039813206178,403717,69,2805,13365,100
2793039818261925,403717,69,2805,13365,100
2793039823317691,403717,69,2805,13365,100
2793039828373506,403717,69,2805,13365,100
2793039833429298,403717,69,2805,13365,100
2793039838485304,403717,69,2805,13365,100
2793039843543117,403717,69,2805,13365,100
2793039848601711,403717,69,2805,13365,100
2793039853657572,403717,69,2805,13365,100
2793039858713373,403717,69,2805,13365,100
2793039863769245,403717,69,2805,13365,100
2793039868825183,403717,69,2805,13365,100
2793039873881173,403717,69,2805,13365,100
2793039878940103,403809,69,2805,13365,100
2793039883997716,403809,69,2805,13365,100
2793039889055046,403809,69,2805,13365,100
2793039894110846,403809,69,2805,13365,100
2793039899166714,403809,69,2805,13365,100
2793039904222694,403809,69,2805,13365,100
2793039909278496,403809,69,2805,13365,100
2793039914334271,403809,69,2805,13365,100
2793039919393195,403809,69,2805,13365,100
2793039924449000,403809,69,2805,13365,100
2793039929504972,403809,69,2805,13365,100
2793039934560882,403809,69,2805,13365,100
2793039939617095,403809,69,2805,13365,100
2793039944672916,403809,69,2805,13365,100
2793039949728716,403809,69,2805,13365,100
2793039954784795,403809,69,2805,13365,100
2793039959840687,403809,69,2805,13365,100
2793039964896519,403809,69,2805,13365,100
2793039969952308,403809,69,2805,13365,100
2793039975008255,403809,69,2805,13365,100
2793039980064104,403809,69,2805,13365,100
2793039985122354,403809,69,2805,13365,100
2793039990180085,403809,69,2805,13365,100
2793039995239050,403809,69,2805,13365,100
2793040000294987,403809,69,2805,13365,100
2793040005350771,403809,69,2805,13365,100
2793040010406598,403809,69,2805,13365,100
2793040015462406,403809,69,2805,13365,100
2793040020518262,403809,69,2805,13365,100
2793040025574153,403809,69,2805,13365,100
2793040030629963,403809,69,2805,13365,100
2793040035685761,403809,69,2805,13365,100
2793040040741737,403809,69,2805,13365,100
2793040045797572,403809,69,2805,13365,100
2793040050853371,403809,69,2805,13365,100
2793040056065615,403809,69,2805,13365,100
2793040061178945,403809,69,2805,13365,100
2793040066290516,403809,69,2805,13365,100
2793040071401743,403809,69,2805,13365,100
2793040076514891,403809,69,2805,13365,100
2793040081626815,403809,69,2805,13365,100
2793040086738932,403809,69,2805,13365,100
2793040091852148,403809,69,2805,13365,100
2793040096964017,403809,69,2805,13365,100
2793040102076205,403809,69,2805,13365,100
2793040107188450,403809,69,2805,13365,100
2793040112300522,403809,69,2805,13365,100
2793040117413210,403809,69,2805,13365,100
2793040122526515,403809,69,2805,13365,100
2793040127640611,403809,69,2805,13365,100
2793040132753681,403809,69,2805,13365,100
2793040137866476,403809,69,2805,13365,100
2793040142979236,403809,69,2805,13365,100
2793040148092561,403809,69,2805,13365,100
2793040153205866,403809,69,2805,13365,100
2793040158321538,403809,69,2805,13365,100
2793040163435310,403809,69,2805,13365,100
2793040168549543,403809,69,2805,13365,100
2793040173663729,403809,69,2805,13365,100
2793040178779355,403809,69,2805,13365,100
2793040183893807,403809,69,2805,13365,100
2793040189026564,403809,69,2805,13365,100
2793040194141414,403809,69,2805,13365,100
2793040199256033,403809,69,2805,13365,100
2793040204370794,403809,69,2805,13365,100
2793040209485778,403809,69,2805,13365,100
2793040214600204,403809,69,2805,13365,100
2793040219715554,403809,69,2805,13365,100
2793040224832331,403809,69,2805,13365,100
2793040229949347,403809,69,2805,13365,100
2793040235065363,403809,69,2805,13365,100
2793040240181413,403809,69,2805,13365,100
2793040245297430,403809,69,2805,13365,100
2793040250414916,403809,69,2805,13365,100
2793040255531693,403809,69,2805,13365,100
2793040260648493,403809,69,2805,13365,100
2793040265765648,403809,69,2805,13365,100
2793040270882538,403809,69,2805,13365,100
2793040275999186,403809,69,2805,13365,100
2793040281136706,403809,69,2805,13365,100
2793040286253555,403809,69,2805,13365,100
2793040291370599,403809,69,2805,13365,100
2793040296487848,403809,69,2805,13365,100
2793040301604640,403809,69,2805,13365,100
2793040306721503,403809,69,2805,13365,100
2793040311841365,403809,69,2805,13365,100
2793040316958341,403809,69,2805,13365,100
2793040322075456,403809,69,2805,13365,100
2793040327192462,403809,69,2805,13365,100
2793040332310359,403809,69,2805,13365,100
2793040337427411,403809,69,2805,13365,100
2793040342547453,403809,69,2805,13365,100
2793040347665167,403809,69,2805,13365,100
2793040352782310,403809,69,2805,13365,100
2793040357899281,403809,69,2805,13365,100
2793040363036411,403809,69,2805,13365,100
2793040368154169,403809,69,2805,13365,100
2793040373290501,403809,69,2805,13365,100
2793040378408098,403728,69,2805,13365,100
2793040383528397,403728,69,2805,13365,100
2793040388646518,403728,69,2805,13365,100
2793040393763130,403728,69,2805,13365,100
2793040398882654,403728,69,2805,13365,100
2793040403999365,403728,69,2805,13365,100
2793040409136724,403728,69,2805,13365,100
2793040414253763,403728,69,2805,13365,100
2793040419370600,403728,69,2805,13365,100
2793040424487717,403728,69,2805,13365,100
2793040429605420,403728,69,2805,13365,100
2793040434723891,403728,69,2805,13365,100
2793040439843545,403728,69,2805,13365,100
2793040444960290,403728,69,2805,13365,100
2793040450077723,403728,69,2805,13365,100
2793040455194607,403728,69,2805,13365,100
2793040460311067,403728,69,2805,13365,100
2793040465428276,403728,69,2805,13365,100
2793040470545810,403728,69,2805,13365,100
2793040475662700,403728,69,2805,13365,100
2793040480780065,403728,69,2805,13365,100
2793040485899849,403728,69,2805,13365,100
2793040491038349,403728,69,2805,13365,100
2793040496156206,403728,69,2805,13365,100
2793040501273606,403728,69,2805,13365,100
2793040506390673,403728,69,2805,13365,100
2793040511507937,403728,69,2805,13365,100
2793040516625091,403728,69,2805,13365,100
2793040521742013,403728,69,2805,13365,100
2793040526860832,403728,69,2805,13365,100
2793040531980228,403728,69,2805,13365,100
2793040537116457,403728,69,2805,13365,100
2793040542233511,403728,69,2805,13365,100
2793040547350837,403728,69,2805,13365,100
2793040552467981,403728,69,2805,13365,100
2793040557585110,403728,69,2805,13365,100
2793040562701875,403728,69,2805,13365,100
2793040567821394,403728,69,2805,13365,100
2793040572938627,403728,69,2805,13365,100
2793040578059932,403728,69,2805,13365,100
2793040583176998,403728,69,2805,13365,100
2793040588295180,403728,69,2805,13365,100
2793040593418300,403728,69,2805,13365,100
2793040598535393,403728,69,2805,13365,100
2793040603652409,403728,69,2805,13365,100
2793040608769393,403728,69,2805,13365,100
2793040613886737,403728,69,2805,13365,100
2793040619024998,403728,69,2805,13365,100
2793040624142358,403728,69,2805,13365,100
2793040629260065,403728,69,2805,13365,100
2793040634376836,403728,69,2805,13365,100
2793040639495472,403728,69,2805,13365,100
2793040644612364,403728,69,2805,13365,100
2793040649729693,403728,69,2805,13365,100
2793040654848465,403728,69,2805,13365,100
2793040659965411,403728,69,2805,13365,100
2793040665082375,403728,69,2805,13365,100
2793040670199474,403728,69,2805,13365,100
2793040675317334,403728,69,2805,13365,100
2793040680434014,403728,69,2805,13365,100
2793040685553655,403728,69,2805,13365,100
2793040690671579,403728,69,2805,13365,100
2793040695789548,403728,69,2805,13365,100
2793040700906213,403728,69,2805,13365,100
2793040706023045,403728,69,2805,13365,100
2793040711139837,403728,69,2805,13365,100
2793040716257021,403728,69,2805,13365,100
2793040721400494,403728,69,2805,13365,100
2793040726522547,403728,69,2805,13365,100
2793040731642834,403728,69,2805,13365,100
2793040736764248,403728,69,2805,13365,100
2793040741869399,403728,69,2805,13365,100
2793040746992672,403728,69,2805,13365,100
2793040752131976,403728,69,2805,13365,100
2793040757226892,403728,69,2805,13365,100
2793040762350136,403728,69,2805,13365,100
2793040767472549,403728,69,2805,13365,100
2793040772592459,403728,69,2805,13365,100
2793040777713905,403728,69,2805,13365,100
2793040782834948,403728,69,2805,13365,100
2793040787955966,403728,69,2805,13365,100
2793040793077804,403728,69,2805,13365,100
2793040798201287,403728,69,2805,13365,100
2793040803322499,403728,69,2805,13365,100
2793040808443895,403728,69,2805,13365,100
2793040813563895,403728,69,2805,13365,100
2793040818681320,403728,69,2805,13365,100
2793040823803028,403728,69,2805,13365,100
2793040828924016,403728,69,2805,13365,100
2793040834069920,403728,69,2805,13365,100
2793040839189969,403728,69,2805,13365,100
2793040844310854,403728,69,2805,13365,100
2793040849438198,403728,69,2805,13365,100
2793040854560621,403728,69,2805,13365,100
2793040859681351,403728,69,2805,13365,100
2793040864799246,403728,69,2805,13365,100
2793040869919311,403728,69,2805,13365,100
2793040875040175,403728,69,2805,13365,100
2793040880163132,364505,66,2805,13365,0
2793040885270004,364505,66,2805,13365,0
2793040890391540,364505,66,2805,13365,0
2793040895514856,364505,66,2805,13365,0
2793040900635157,364505,66,2805,13365,0
2793040905762046,364505,66,2805,13365,0
2793040910882134,364505,66,2805,13365,0
2793040915999695,364505,66,2805,13365,0
2793040921138363,364505,66,2805,13365,0
2793040926265424,364505,66,2805,13365,0
2793040931385536,364505,66,2805,13365,0
2793040936512736,364505,66,2805,13365,0
2793040941632676,364505,66,2805,13365,0
2793040946755029,364505,66,2805,13365,0
2793040951873097,364505,66,2805,13365,0
2793040956997094,364505,66,2805,13365,0
2793040962136009,364505,66,2805,13365,0
2793040967256831,364505,66,2805,13365,0
2793040972377062,364505,66,2805,13365,0
2793040977503233,364505,66,2805,13365,0
2793040982620903,364505,66,2805,13365,0
2793040987743680,364505,66,2805,13365,0
2793040992861335,364505,66,2805,13365,0
2793040997979648,364505,66,2805,13365,0
2793041003131647,364505,66,2805,13365,0
2793041008250228,364505,66,2805,13365,0
2793041013369629,364505,66,2805,13365,0
2793041018493527,364505,66,2805,13365,0
