monotonic_ns,board_power_mw,temperature_c,graphics_clock_mhz,memory_clock_mhz,utilization_percent
123588756217602,333153,46,1980,2619,0
123588763134070,333153,46,1980,2619,0
123588768197150,333153,46,1980,2619,0
123588773266510,333153,46,1980,2619,0
123588778331463,333153,46,1980,2619,0
123588783392519,333153,46,1980,2619,0
123588788457543,333153,46,1980,2619,0
123588793542726,333153,46,1980,2619,0
123588798627388,333153,46,1980,2619,0
123588803707824,333153,46,1980,2619,0
123588808789552,333153,46,1980,2619,0
123588813870409,333153,46,1980,2619,0
123588818956063,333153,46,1980,2619,0
123588824042418,333153,46,1980,2619,0
123588829122964,333153,46,1980,2619,0
123588834202218,333153,46,1980,2619,0
123588839283245,333153,46,1980,2619,0
123588844363220,333153,46,1980,2619,0
123588849440632,333153,46,1980,2619,0
123588854521388,333153,46,1980,2619,0
123588859606832,333153,46,1980,2619,0
123588864701459,313869,43,1980,2619,0
123588869789096,313869,43,1980,2619,0
123588874870263,313869,43,1980,2619,0
123588879951020,313869,43,1980,2619,0
123588885030695,313869,43,1980,2619,0
123588890108717,313869,43,1980,2619,0
123588895190035,313869,43,1980,2619,0
123588900269740,313869,43,1980,2619,0
123588905359860,313869,43,1980,2619,0
123588910442880,313869,43,1980,2619,0
123588915524308,313869,43,1980,2619,0
123588920602470,313869,43,1980,2619,0
123588925684409,313869,43,1980,2619,0
123588930762271,313869,43,1980,2619,0
123588935839292,313869,43,1980,2619,0
123588940924215,313869,43,1980,2619,0
123588946014926,313869,43,1980,2619,0
123588951096474,313869,43,1980,2619,0
123588956180345,313869,43,1980,2619,0
123588961263195,313869,43,1980,2619,0
123588966343130,293609,41,1980,2619,0
123588971423546,293609,41,1980,2619,0
123588976504703,293609,41,1980,2619,0
123588981584378,293609,41,1980,2619,0
123588986668910,293609,41,1980,2619,0
123588991752742,293609,41,1980,2619,0
123588996833468,293609,41,1980,2619,0
123589001912772,293609,41,1980,2619,0
123589006995292,293609,41,1980,2619,0
123589012083379,293609,41,1980,2619,0
123589017160811,293609,41,1980,2619,0
123589022238512,293609,41,1980,2619,0
123589027327131,293609,41,1980,2619,0
123589032412865,293609,41,1980,2619,0
123589037501814,293609,41,1980,2619,0
123589042568419,293609,41,1980,2619,0
123589047649356,293609,41,1980,2619,0
123589052729812,293609,41,1980,2619,0
123589057797899,293609,41,1980,2619,0
123589062865236,293609,41,1980,2619,0
123589067926713,293609,41,1980,2619,0
123589073009002,272100,40,1980,2619,0
123589078074175,272100,40,1980,2619,0
123589083135253,272100,40,1980,2619,0
123589088198743,272100,40,1980,2619,0
123589093261533,272100,40,1980,2619,0
123589098322059,272100,40,1980,2619,0
123589103381123,272100,40,1980,2619,0
123589108446336,272100,40,1980,2619,0
123589113510147,272100,40,1980,2619,0
123589118572016,272100,40,1980,2619,0
123589123636698,272100,40,1980,2619,0
123589128703163,272100,40,1980,2619,0
123589133763189,272100,40,1980,2619,0
123589138824626,272100,40,1980,2619,0
123589143888648,272100,40,1980,2619,0
123589148954412,272100,40,1980,2619,0
123589154018113,272100,40,1980,2619,0
123589159086551,272100,40,1980,2619,0
123589164150692,272100,40,1980,2619,0
123589169213973,266000,40,1980,2619,0
123589174277173,266000,42,1980,2619,0
123589179338981,266000,42,1980,2619,0
123589184397685,266000,42,1980,2619,0
123589189455767,266000,42,1980,2619,0
123589194522172,266000,42,1980,2619,0
123589199586033,266000,42,1980,2619,0
123589204650636,266000,42,1980,2619,0
123589209719004,266000,42,1980,2619,0
123589214783746,266000,42,1980,2619,0
123589219844182,266000,42,1980,2619,0
123589224905009,266000,42,1980,2619,0
123589229971304,266000,42,1980,2619,0
123589235034995,266000,42,1980,2619,0
123589240103263,266000,42,1980,2619,0
123589245167825,266000,42,1980,2619,0
123589250230154,266000,42,1980,2619,0
123589255290880,266000,42,1980,2619,0
123589260352578,266000,42,1980,2619,0
123589265413926,266000,42,1980,2619,0
123589270477677,264810,44,1980,2619,0
123589275548599,264810,44,1980,2619,0
123589280613171,264810,44,1980,2619,0
123589285675980,264810,44,1980,2619,0
123589290741915,264810,44,1980,2619,0
123589295805916,264810,44,1980,2619,0
123589300866963,264810,44,1980,2619,0
123589305928371,264810,44,1980,2619,0
123589310990800,264810,44,1980,2619,0
123589316054841,264810,44,1980,2619,0
123589321120886,264810,44,1980,2619,0
123589326189354,264810,44,1980,2619,0
123589331253936,264810,44,1980,2619,0
123589336317146,264810,44,1980,2619,0
123589341378734,264810,44,1980,2619,0
123589346443046,264810,44,1980,2619,0
123589351503192,264810,44,1980,2619,0
123589356563317,264810,44,1980,2619,0
123589361627629,264810,44,1980,2619,0
123589366692281,264810,44,1980,2619,0
123589371755302,266093,45,1980,2619,0
123589376825943,266093,45,1980,2619,0
123589381889614,266093,45,1980,2619,0
123589386950691,266093,45,1980,2619,0
123589392016295,266093,45,1980,2619,0
123589397080817,266093,45,1980,2619,0
123589402142295,266093,45,1980,2619,0
123589407203201,266093,45,1980,2619,0
123589412273562,266093,45,1980,2619,0
123589417338325,266093,45,1980,2619,0
123589422400193,266093,45,1980,2619,0
123589427462232,266093,45,1980,2619,0
123589432523749,266093,45,1980,2619,0
123589437586389,266093,45,1980,2619,0
123589442651572,266093,45,1980,2619,0
123589447718057,266093,45,1980,2619,0
123589452780836,266093,45,1980,2619,0
123589457853791,266093,45,1980,2619,0
123589462918454,266093,45,1980,2619,0
123589467980432,266093,45,1980,2619,0
123589473042581,264804,46,1980,2619,0
123589478103978,264804,46,1980,2619,0
123589483166908,264804,46,1980,2619,0
123589488229167,264804,46,1980,2619,0
123589493290605,264804,46,1980,2619,0
123589498354546,264804,46,1980,2619,0
123589503418117,264804,46,1980,2619,0
123589508478783,264804,46,1980,2619,0
123589513554121,264804,46,1980,2619,0
123589518613566,264804,46,1980,2619,0
123589523673321,264804,46,1980,2619,0
123589528743031,264804,46,1980,2619,0
123589533809056,264804,46,1980,2619,0
123589538871204,264804,46,1980,2619,0
123589543934484,264804,46,1980,2619,0
123589548998516,264804,46,1980,2619,0
123589554063860,264804,46,1980,2619,0
123589559125057,264804,46,1980,2619,0
123589564191131,264804,46,1980,2619,0
123589569252619,264575,46,1980,2619,0
123589574315839,264575,46,1980,2619,0
123589579382374,264575,46,1980,2619,0
123589584447738,264575,46,1980,2619,0
123589589511849,264575,46,1980,2619,0
123589594577814,264575,46,1980,2619,0
123589599638009,264575,46,1980,2619,0
123589604700879,264575,46,1980,2619,0
123589609760995,264575,46,1980,2619,0
123589614828251,264575,46,1980,2619,0
123589619891521,264575,46,1980,2619,0
123589624954561,264575,46,1980,2619,0
123589630020195,264575,46,1980,2619,0
123589635082604,264575,46,1980,2619,0
123589640142389,264575,46,1980,2619,0
123589645203286,264575,46,1980,2619,0
123589650267107,264575,46,1980,2619,0
123589655330999,264575,46,1980,2619,0
123589660398415,264575,46,1980,2619,0
123589665467725,264575,46,1980,2619,0
123589670528751,264849,46,1980,2619,0
123589675589788,264849,46,1980,2619,0
123589680652938,264849,46,1980,2619,0
123589685715428,264849,46,1980,2619,0
123589690774151,264849,46,1980,2619,0
123589695841698,264849,46,1980,2619,0
123589700906611,264849,46,1980,2619,0
123589705969481,264849,46,1980,2619,0
123589711041624,264849,46,1980,2619,0
123589716104173,264849,46,1980,2619,0
123589721166362,264849,46,1980,2619,0
123589726228080,264849,46,1980,2619,0
123589731289337,264849,46,1980,2619,0
123589736354981,264849,46,1980,2619,0
123589741423109,264849,46,1980,2619,0
123589746492638,264849,46,1980,2619,0
123589751558903,264849,46,1980,2619,0
123589756621182,264849,46,1980,2619,0
123589761683751,264849,46,1980,2619,0
123589766745880,264849,46,1980,2619,0
123589771807097,266298,46,1980,2619,0
123589776869036,266298,46,1980,2619,0
123589781937604,266298,46,1980,2619,0
123589787012412,266298,46,1980,2619,0
123589792073428,266298,46,1980,2619,0
123589797135777,266298,46,1980,2619,0
123589802197796,266298,46,1980,2619,0
123589807259584,266298,46,1980,2619,0
123589812322604,266298,46,1980,2619,0
123589817388618,266298,46,1980,2619,0
123589822451578,266298,46,1980,2619,0
123589827519816,266298,46,1980,2619,0
123589832590047,266298,46,1980,2619,0
123589837652025,266298,46,1980,2619,0
123589842713052,266298,46,1980,2619,0
123589847777144,266298,46,1980,2619,0
123589852837640,266298,46,1980,2619,0
123589857897976,266298,46,1980,2619,0
123589862967075,266298,46,1980,2619,0
123589868039909,266298,46,1980,2619,0
123589873102619,281215,46,1980,2619,0
123589878167622,281215,46,1980,2619,0
123589883233746,281215,46,1980,2619,0
123589888296296,281215,46,1980,2619,0
123589893356051,281215,46,1980,2619,0
123589898416838,281215,46,1980,2619,0
123589903481530,281215,46,1980,2619,0
123589908542607,281215,46,1980,2619,0
123589913611125,281215,46,1980,2619,0
123589918677130,281215,46,1980,2619,0
123589923740830,281215,46,1980,2619,0
123589928801407,281215,46,1980,2619,0
123589933864817,281215,46,1980,2619,0
123589938926575,281215,46,1980,2619,0
123589943985610,281215,46,1980,2619,0
123589949054709,281215,46,1980,2619,0
123589954120362,281215,46,1980,2619,0
123589959182791,281215,46,1980,2619,0
123589964247614,281215,46,1980,2619,0
123589969310944,304920,46,1980,2619,0
123589975179712,304920,46,1980,2619,0
123589980240519,304920,46,1980,2619,0
123589985303749,304920,46,1980,2619,0
123589990364526,304920,46,1980,2619,0
123589995433996,304920,46,1980,2619,0
123590000501222,304920,46,1980,2619,0
123590005564602,304920,46,1980,2619,0
123590010627963,304920,46,1980,2619,0
123590015691564,304920,46,1980,2619,0
123590020754233,304920,46,1980,2619,0
123590025813748,304920,46,1980,2619,0
123590030882045,304920,46,1980,2619,0
123590035948380,304920,46,1980,2619,0
123590041010008,304920,46,1980,2619,0
123590046075812,304920,46,1980,2619,0
123590051139143,304920,46,1980,2619,0
123590056200921,304920,46,1980,2619,0
123590061261157,304920,46,1980,2619,0
123590066321182,304920,46,1980,2619,0
123590071383571,326246,46,1980,2619,0
123590076444999,326246,46,1980,2619,0
123590081513717,326246,46,1980,2619,0
123590086578279,326246,46,1980,2619,0
123590091642150,326246,46,1980,2619,0
123590096702617,326246,46,1980,2619,0
123590101765156,326246,46,1980,2619,0
123590106826674,326246,46,1980,2619,0
123590111885728,326246,46,1980,2619,0
123590116954807,326246,46,1980,2619,0
123590122020060,326246,46,1980,2619,0
123590127082930,326246,46,1980,2619,0
123590132151708,326246,46,1980,2619,0
123590137215079,326246,46,1980,2619,0
123590142276616,326246,46,1980,2619,0
123590147337253,326246,46,1980,2619,0
123590152404419,326246,46,1980,2619,0
123590157465857,326246,46,1980,2619,0
123590162537129,326246,46,1980,2619,0
123590167607460,326246,46,1980,2619,0
123590172669378,332071,46,1980,2619,0
123590177733840,332071,46,1980,2619,0
123590182797151,332071,46,1980,2619,0
123590187860862,332071,46,1980,2619,0
123590192922980,332071,46,1980,2619,0
123590197982255,332071,46,1980,2619,0
123590203046416,332071,46,1980,2619,0
123590208110668,332071,46,1980,2619,0
123590213172707,332071,46,1980,2619,0
123590218241225,332071,46,1980,2619,0
123590223302422,332071,46,1980,2619,0
123590228362648,332071,46,1980,2619,0
123590233422703,332071,46,1980,2619,0
123590238484942,332071,46,1980,2619,0
123590243545438,332071,46,1980,2619,0
123590248612003,332071,46,1980,2619,0
123590253679059,332071,46,1980,2619,0
123590258743522,332071,46,1980,2619,0
123590263804779,332071,46,1980,2619,0
123590268868870,332071,46,1980,2619,0
123590273929276,333605,46,1980,2619,0
123590278988501,333605,46,1980,2619,0
123590284057519,333605,46,1980,2619,0
123590289120159,333605,46,1980,2619,0
123590294184691,333605,46,1980,2619,0
123590299255212,333605,46,1980,2619,0
123590304317441,333605,46,1980,2619,0
123590309377987,333605,46,1980,2619,0
123590314438834,333605,46,1980,2619,0
123590319499130,333605,46,1980,2619,0
123590324564203,333605,46,1980,2619,0
123590329631690,333605,46,1980,2619,0
123590334702191,333605,46,1980,2619,0
123590339767975,333605,46,1980,2619,0
123590344829282,333605,46,1980,2619,0
123590349891641,333605,46,1980,2619,0
123590354955573,333605,46,1980,2619,0
123590360016840,333605,46,1980,2619,0
123590365078818,333605,46,1980,2619,0
123590370142660,333850,46,1980,2619,0
123590375206771,333850,46,1980,2619,0
123590380268309,333850,46,1980,2619,0
123590385334563,333850,46,1980,2619,0
123590390398986,333850,46,1980,2619,0
123590395459021,333850,46,1980,2619,0
123590400519207,333850,46,1980,2619,0
123590405584430,333850,46,1980,2619,0
123590410647270,333850,46,1980,2619,0
123590415717941,333850,46,1980,2619,0
123590420787541,333850,46,1980,2619,0
123590425851402,333850,46,1980,2619,0
123590430913230,333850,46,1980,2619,0
123590435975069,333850,46,1980,2619,0
123590441037167,333850,46,1980,2619,0
123590446098064,333850,46,1980,2619,0
123590451163738,333850,46,1980,2619,0
123590456228090,333850,46,1980,2619,0
123590461291100,333850,46,1980,2619,0
123590466355462,333850,46,1980,2619,0
123590471418862,333579,46,1980,2619,0
123590476482763,333579,46,1980,2619,0
123590481542829,333579,46,1980,2619,0
123590486603215,333579,46,1980,2619,0
123590491668278,333579,46,1980,2619,0
123590496729946,333579,46,1980,2619,0
123590501800517,333579,46,1980,2619,0
123590506865861,333579,46,1980,2619,0
123590511929592,333579,46,1980,2619,0
123590516991059,333579,46,1980,2619,0
123590522011065,333579,46,1980,2619,0
123590527070960,333579,46,1980,2619,0
123590532131616,333579,46,1980,2619,0
123590537194066,333579,46,1980,2619,0
123590542258538,333579,46,1980,2619,0
123590547320336,333579,46,1980,2619,0
123590552384748,333579,46,1980,2619,0
123590557447247,333579,46,1980,2619,0
123590562507773,333579,46,1980,2619,0
123590567569481,333579,46,1980,2619,0
123590572637439,333937,46,1980,2619,0
123590577701009,333937,46,1980,2619,0
123590582764249,333937,46,1980,2619,0
123590587832898,333937,46,1980,2619,0
123590592897300,333937,46,1980,2619,0
123590597960580,333937,46,1980,2619,0
123590603012053,333937,46,1980,2619,0
123590608076054,333937,46,1980,2619,0
123590613136220,333937,46,1980,2619,0
123590618198489,333937,46,1980,2619,0
123590623267638,333937,46,1980,2619,0
123590628328865,333937,46,1980,2619,0
123590633395140,333937,46,1980,2619,0
123590638461235,333937,46,1980,2619,0
123590643521400,333937,46,1980,2619,0
123590648582077,333937,46,1980,2619,0
123590653642663,333937,46,1980,2619,0
123590658709128,333937,46,1980,2619,0
123590663771217,333937,46,1980,2619,0
123590668839064,333937,46,1980,2619,0
123590673905569,333674,46,1980,2619,0
123590678969741,333674,46,1980,2619,0
123590684032230,333674,46,1980,2619,0
123590689094629,333674,46,1980,2619,0
123590694154174,333674,46,1980,2619,0
123590699214329,333674,46,1980,2619,0
123590704282076,333674,46,1980,2619,0
123590709346599,333674,46,1980,2619,0
123590714409518,333674,46,1980,2619,0
123590719475062,333674,46,1980,2619,0
123590724536800,333674,46,1980,2619,0
123590729597136,333674,46,1980,2619,0
123590734659024,333674,46,1980,2619,0
123590739720873,333674,46,1980,2619,0
123590744781990,333674,46,1980,2619,0
123590749850598,333674,46,1980,2619,0
123590754917704,333674,46,1980,2619,0
123590759982306,333674,46,1980,2619,0
123590765046778,333674,46,1980,2619,0
123590770108767,334065,46,1980,2619,0
123590775174321,334065,46,1980,2619,0
123590780234086,334065,46,1980,2619,0
123590785292278,334065,46,1980,2619,0
123590790356720,334065,46,1980,2619,0
123590795417247,334065,46,1980,2619,0
123590800477282,334065,46,1980,2619,0
123590805538960,334065,46,1980,2619,0
123590810610403,334065,46,1980,2619,0
123590815670959,334065,46,1980,2619,0
123590820732406,334065,46,1980,2619,0
123590825801215,334065,46,1980,2619,0
123590830862613,334065,46,1980,2619,0
123590835932793,334065,46,1980,2619,0
123590841006149,334065,46,1980,2619,0
123590846067657,334065,46,1980,2619,0
123590851128133,334065,46,1980,2619,0
123590856190521,334065,46,1980,2619,0
123590861250277,334065,46,1980,2619,0
123590866308339,334065,46,1980,2619,0
123590871375766,334114,46,1980,2619,0
123590876439827,334114,46,1980,2619,0
123590881501625,334114,46,1980,2619,0
123590886566198,334114,46,1980,2619,0
123590891630249,334114,46,1980,2619,0
123590896691096,334114,46,1980,2619,0
123590901752513,334114,46,1980,2619,0
123590906812248,334114,46,1980,2619,0
123590911878573,334114,46,1980,2619,0
123590916940882,334114,46,1980,2619,0
123590922013126,334114,46,1980,2619,0
123590927078520,334114,46,1980,2619,0
123590932142641,334114,46,1980,2619,0
123590937203748,334114,46,1980,2619,0
123590942264465,334114,46,1980,2619,0
123590947324079,334114,46,1980,2619,0
123590952385016,334114,46,1980,2619,0
123590957451662,334114,46,1980,2619,0
123590962517546,334114,46,1980,2619,0
123590967579975,334114,46,1980,2619,0
123590972649014,334194,46,1980,2619,0
123590977714327,334194,46,1980,2619,0
123590982775354,334194,46,1980,2619,0
123590987836211,334194,46,1980,2619,0
123590992903567,334194,46,1980,2619,0
123590997965315,334194,46,1980,2619,0
123591003027394,334194,46,1980,2619,0
123591008090504,334194,46,1980,2619,0
123591013154275,334194,46,1980,2619,0
123591018215192,334194,46,1980,2619,0
123591023277441,334194,46,1980,2619,0
123591028337216,334194,46,1980,2619,0
123591033397011,334194,46,1980,2619,0
123591038455574,334194,46,1980,2619,0
123591043521839,334194,46,1980,2619,0
123591048585650,334194,46,1980,2619,0
123591053659216,334194,46,1980,2619,0
123591058724369,334194,46,1980,2619,0
123591063786768,334194,46,1980,2619,0
123591068848466,334194,46,1980,2619,0
123591073908371,333864,46,1980,2619,0
123591078973474,333864,46,1980,2619,0
123591084035483,333864,46,1980,2619,0
123591089101247,333864,46,1980,2619,0
123591094168323,333864,46,1980,2619,0
123591099231924,333864,46,1980,2619,0
123591104291218,333864,46,1980,2619,0
123591109353086,333864,46,1980,2619,0
123591114413793,333864,46,1980,2619,0
123591119472707,333864,46,1980,2619,0
123591124539082,333864,46,1980,2619,0
123591129603614,333864,46,1980,2619,0
123591134667465,333864,46,1980,2619,0
123591139736364,333864,46,1980,2619,0
123591144799164,333864,46,1980,2619,0
123591149860030,333864,46,1980,2619,0
123591154921298,333864,46,1980,2619,0
123591159987542,333864,46,1980,2619,0
123591165052766,333864,46,1980,2619,0
123591170115425,333654,46,1980,2619,0
123591175183773,333654,46,1980,2619,0
123591180245321,333654,46,1980,2619,0
123591185306277,333654,46,1980,2619,0
123591190368937,333654,46,1980,2619,0
123591195431376,333654,46,1980,2619,0
123591200491031,333654,46,1980,2619,0
123591205551066,333654,46,1980,2619,0
123591210613726,333654,46,1980,2619,0
123591215676576,333654,46,1980,2619,0
123591220738564,333654,46,1980,2619,0
123591225806852,333654,46,1980,2619,0
123591230870563,333654,46,1980,2619,0
123591235931880,333654,46,1980,2619,0
123591240993077,333654,46,1980,2619,0
123591246014224,333654,46,1980,2619,0
123591251077164,333654,46,1980,2619,0
123591256145062,333654,46,1980,2619,0
123591261216234,333654,46,1980,2619,0
123591266278162,333654,46,1980,2619,0
123591271340541,333378,46,1980,2619,0
123591276403100,333378,46,1980,2619,0
123591281464147,333378,46,1980,2619,0
123591286526606,333378,46,1980,2619,0
123591291593192,333378,46,1980,2619,0
123591296658655,333378,46,1980,2619,0
123591301721505,333378,46,1980,2619,0
123591306789773,333378,46,1980,2619,0
123591311852953,333378,46,1980,2619,0
123591316914961,333378,46,1980,2619,0
123591321976689,333378,46,1980,2619,0
123591327038507,333378,46,1980,2619,0
123591332101517,333378,46,1980,2619,0
123591337162685,333378,46,1980,2619,0
123591342234147,333378,46,1980,2619,0
123591347300212,333378,46,1980,2619,0
123591352366026,333378,46,1980,2619,0
123591357428335,333378,46,1980,2619,0
123591362490674,333378,46,1980,2619,0
123591367549918,333378,46,1980,2619,0
123591372610114,333301,46,1980,2619,0
123591377680655,333301,46,1980,2619,0
123591382746389,333301,46,1980,2619,0
123591387809409,333301,46,1980,2619,0
123591392878288,333301,46,1980,2619,0
123591397941368,333301,46,1980,2619,0
123591403011809,333301,46,1980,2619,0
123591408073347,333301,46,1980,2619,0
123591413139151,333301,46,1980,2619,0
123591418200378,333301,46,1980,2619,0
123591423265561,333301,46,1980,2619,0
123591428336984,333301,46,1980,2619,0
123591433401666,333301,46,1980,2619,0
123591438463404,333301,46,1980,2619,0
123591443526104,333301,46,1980,2619,0
123591448589544,333301,46,1980,2619,0
123591453650181,333301,46,1980,2619,0
123591458729004,333301,46,1980,2619,0
123591463797172,333301,46,1980,2619,0
123591468863317,333301,46,1980,2619,0
123591473935480,333730,46,1980,2619,0
123591479007213,333730,46,1980,2619,0
123591484072837,333730,46,1980,2619,0
123591489132802,333730,46,1980,2619,0
123591494192157,333730,46,1980,2619,0
123591499259163,333730,46,1980,2619,0
123591504320911,333730,46,1980,2619,0
123591509392784,333730,46,1980,2619,0
123591514457857,333730,46,1980,2619,0
123591519519745,333730,46,1980,2619,0
123591524580512,333730,46,1980,2619,0
123591529642410,333730,46,1980,2619,0
123591534703027,333730,46,1980,2619,0
123591539762301,333730,46,1980,2619,0
123591544824149,333730,46,1980,2619,0
123591549888821,333730,46,1980,2619,0
123591554953033,333730,46,1980,2619,0
123591560022272,333730,46,1980,2619,0
123591565085012,333730,46,1980,2619,0
123591570144497,333788,46,1980,2619,0
123591575206806,333788,46,1980,2619,0
123591580269225,333788,46,1980,2619,0
123591585331734,333788,46,1980,2619,0
123591590397097,333788,46,1980,2619,0
123591595469501,333788,46,1980,2619,0
123591600532401,333788,46,1980,2619,0
123591605594490,333788,46,1980,2619,0
123591610656829,333788,46,1980,2619,0
123591615718817,333788,46,1980,2619,0
123591620777911,333788,46,1980,2619,0
123591625837356,333788,46,1980,2619,0
123591630905684,333788,46,1980,2619,0
123591635970977,333788,46,1980,2619,0
123591641034167,333788,46,1980,2619,0
123591646094022,333788,46,1980,2619,0
123591651156261,333788,46,1980,2619,0
123591656216917,333788,46,1980,2619,0
123591661278916,333788,46,1980,2619,0
123591666342887,333788,46,1980,2619,0
123591671403434,333740,46,1980,2619,0
123591676475337,333740,46,1980,2619,0
123591681540590,333740,46,1980,2619,0
123591686603950,333740,46,1980,2619,0
123591691666670,333740,46,1980,2619,0
123591696730141,333740,46,1980,2619,0
123591701794052,333740,46,1980,2619,0
123591706854087,333740,46,1980,2619,0
123591711921073,333740,46,1980,2619,0
123591716985896,333740,46,1980,2619,0
123591722047203,333740,46,1980,2619,0
123591727115341,333740,46,1980,2619,0
123591732179713,333740,46,1980,2619,0
123591737238857,333740,46,1980,2619,0
123591742299864,333740,46,1980,2619,0
123591747362654,333740,46,1980,2619,0
123591752426765,333740,46,1980,2619,0
123591757493641,333740,46,1980,2619,0
123591762559525,333740,46,1980,2619,0
123591767623206,333740,46,1980,2619,0
123591772686056,333353,46,1980,2619,0
123591777748715,333353,46,1980,2619,0
123591782812006,333353,46,1980,2619,0
123591787873703,333353,46,1980,2619,0
123591792932968,333353,46,1980,2619,0
123591798006524,333353,46,1980,2619,0
123591803069794,333353,46,1980,2619,0
123591808130641,333353,46,1980,2619,0
123591813194902,333353,46,1980,2619,0
123591818257121,333353,46,1980,2619,0
123591823316546,333353,46,1980,2619,0
123591828376000,333353,46,1980,2619,0
123591833437788,333353,46,1980,2619,0
123591838498014,333353,46,1980,2619,0
123591843560363,333353,46,1980,2619,0
123591848627019,333353,46,1980,2619,0
123591853690609,333353,46,1980,2619,0
123591858753469,333353,46,1980,2619,0
123591863816499,333353,46,1980,2619,0
123591868878988,333353,46,1980,2619,0
123591873938743,332939,46,1980,2619,0
123591879010907,332939,46,1980,2619,0
123591884078474,332939,46,1980,2619,0
123591889142525,332939,46,1980,2619,0
123591894208460,332939,46,1980,2619,0
123591899273032,332939,46,1980,2619,0
123591904335221,332939,46,1980,2619,0
123591909395797,332939,46,1980,2619,0
123591914455161,332939,46,1980,2619,0
123591919517610,332939,46,1980,2619,0
123591924578156,332939,46,1980,2619,0
123591929649799,332939,46,1980,2619,0
123591934715864,332939,46,1980,2619,0
123591939778513,332939,46,1980,2619,0
123591944838799,332939,46,1980,2619,0
123591949905835,332939,46,1980,2619,0
123591954967683,332939,46,1980,2619,0
123591960028350,332939,46,1980,2619,0
123591965095286,332939,46,1980,2619,0
123591970160689,333003,46,1980,2619,0
123591975223970,333003,46,1980,2619,0
123591980289333,333003,46,1980,2619,0
123591985352433,333003,46,1980,2619,0
123591990413760,333003,46,1980,2619,0
123591995474727,333003,46,1980,2619,0
123592000541142,333003,46,1980,2619,0
123592005603301,333003,46,1980,2619,0
123592010667763,333003,46,1980,2619,0
123592015736061,333003,46,1980,2619,0
123592020799872,333003,46,1980,2619,0
123592025861810,333003,46,1980,2619,0
123592030925201,333003,46,1980,2619,0
123592035986488,333003,46,1980,2619,0
123592041045212,333003,46,1980,2619,0
123592046104496,333003,46,1980,2619,0
123592051169890,333003,46,1980,2619,0
123592056233491,333003,46,1980,2619,0
123592061294938,333003,46,1980,2619,0
123592066360261,333003,46,1980,2619,0
123592071421899,333468,46,1980,2619,0
123592076481665,333468,46,1980,2619,0
123592081540658,333468,46,1980,2619,0
123592086605281,333468,46,1980,2619,0
123592091666858,333468,46,1980,2619,0
123592096736008,333468,46,1980,2619,0
123592101801862,333468,46,1980,2619,0
123592106870660,333468,46,1980,2619,0
123592111932539,333468,46,1980,2619,0
123592116995238,333468,46,1980,2619,0
123592122055444,333468,46,1980,2619,0
123592127114328,333468,46,1980,2619,0
123592132178620,333468,46,1980,2619,0
123592137242010,333468,46,1980,2619,0
123592142305100,333468,46,1980,2619,0
123592147372797,333468,46,1980,2619,0
123592152434735,333468,46,1980,2619,0
123592157497004,333468,46,1980,2619,0
123592162557320,333468,46,1980,2619,0
123592167618948,333468,46,1980,2619,0
123592172683300,333469,46,1980,2619,0
123592177751197,333469,46,1980,2619,0
123592182821368,333469,46,1980,2619,0
123592187884628,333469,46,1980,2619,0
123592192947308,333469,46,1980,2619,0
123592198014864,333469,46,1980,2619,0
123592203079146,333469,46,1980,2619,0
123592208139572,333469,46,1980,2619,0
123592213200309,333469,46,1980,2619,0
123592218267575,333469,46,1980,2619,0
123592223331847,333469,46,1980,2619,0
123592228394897,333469,46,1980,2619,0
123592233458778,333469,46,1980,2619,0
123592238520666,333469,46,1980,2619,0
123592243581673,333469,46,1980,2619,0
123592248642620,333469,46,1980,2619,0
123592253709666,333469,46,1980,2619,0
123592258772115,333469,46,1980,2619,0
123592263841755,333469,46,1980,2619,0
123592268911084,333469,46,1980,2619,0
123592273974104,333559,46,1980,2619,0
123592279034671,333559,46,1980,2619,0
123592284097400,333559,46,1980,2619,0
123592289157927,333559,46,1980,2619,0
123592294217792,333559,46,1980,2619,0
123592299283095,333559,46,1980,2619,0
123592304350431,333559,46,1980,2619,0
123592309414843,333559,46,1980,2619,0
123592314480848,333559,46,1980,2619,0
123592319546562,333559,46,1980,2619,0
123592324608130,333559,46,1980,2619,0
123592329670729,333559,46,1980,2619,0
123592334731576,333559,46,1980,2619,0
123592339801256,333559,46,1980,2619,0
123592344863114,333559,46,1980,2619,0
123592349934096,333559,46,1980,2619,0
123592355006430,333559,46,1980,2619,0
123592360068839,333559,46,1980,2619,0
123592365128724,333559,46,1980,2619,0
123592370190812,333535,47,1980,2619,0
123592375253071,333535,47,1980,2619,0
123592380313678,333535,47,1980,2619,0
123592385376928,333535,47,1980,2619,0
123592390441881,333535,47,1980,2619,0
123592395505872,333535,47,1980,2619,0
123592400569243,333535,47,1980,2619,0
123592405635838,333535,47,1980,2619,0
123592410697766,333535,47,1980,2619,0
123592415760516,333535,47,1980,2619,0
123592420829775,333535,47,1980,2619,0
123592425891854,333535,47,1980,2619,0
123592430957708,333535,47,1980,2619,0
123592436021008,333535,47,1980,2619,0
123592441081354,333535,47,1980,2619,0
123592446142151,333535,47,1980,2619,0
123592451206753,333535,47,1980,2619,0
123592456270975,333535,47,1980,2619,0
123592461332603,333535,47,1980,2619,0
123592466392258,333535,47,1980,2619,0
123592471458082,333327,47,1980,2619,0
123592476522504,333327,47,1980,2619,0
123592481584903,333327,47,1980,2619,0
123592486649786,333327,47,1980,2619,0
123592491711564,333327,47,1980,2619,0
123592496772400,333327,47,1980,2619,0
123592501832977,333327,47,1980,2619,0
123592506898751,333327,47,1980,2619,0
123592511961761,333327,47,1980,2619,0
123592517029878,333327,47,1980,2619,0
123592522097045,333327,47,1980,2619,0
123592527161406,333327,47,1980,2619,0
123592532222403,333327,47,1980,2619,0
123592537285333,333327,47,1980,2619,0
123592542345639,333327,47,1980,2619,0
123592547404953,333327,47,1980,2619,0
123592552470277,333327,47,1980,2619,0
123592557536231,333327,47,1980,2619,0
123592562599802,333327,47,1980,2619,0
123592567667889,333327,47,1980,2619,0
123592572733674,333228,46,1980,2619,0
123592577796003,333228,46,1980,2619,0
123592582856919,333228,46,1980,2619,0
123592587918707,333228,46,1980,2619,0
123592592984091,333228,46,1980,2619,0
123592598047151,333228,46,1980,2619,0
123592603113506,333228,46,1980,2619,0
123592608176165,333228,46,1980,2619,0
123592613239065,333228,46,1980,2619,0
123592618301124,333228,46,1980,2619,0
123592623362751,333228,46,1980,2619,0
123592628421665,333228,46,1980,2619,0
123592633481440,333228,46,1980,2619,0
123592638546233,333228,46,1980,2619,0
123592643609173,333228,46,1980,2619,0
123592648672643,333228,46,1980,2619,0
123592653739900,333228,46,1980,2619,0
123592658804211,333228,46,1980,2619,0
123592663865739,333228,46,1980,2619,0
123592668926896,333228,46,1980,2619,0
123592673994042,333300,47,1980,2619,0
123592679012796,333300,47,1980,2619,0
123592684078340,333300,47,1980,2619,0
123592689144655,333300,47,1980,2619,0
123592694208646,333300,47,1980,2619,0
123592699269853,333300,47,1980,2619,0
123592704333224,333300,47,1980,2619,0
123592709393329,333300,47,1980,2619,0
123592714454056,333300,47,1980,2619,0
123592719523946,333300,47,1980,2619,0
123592724588849,333300,47,1980,2619,0
123592729650467,333300,47,1980,2619,0
123592734716772,333300,47,1980,2619,0
123592739779872,333300,47,1980,2619,0
123592744842471,333300,47,1980,2619,0
123592749903749,333300,47,1980,2619,0
123592754973779,333300,47,1980,2619,0
123592760037690,333300,47,1980,2619,0
123592765101040,333300,47,1980,2619,0
123592770166674,333681,47,1980,2619,0
123592775232078,333681,47,1980,2619,0
123592780295308,333681,47,1980,2619,0
123592785355234,333681,47,1980,2619,0
123592790416882,333681,47,1980,2619,0
123592795476036,333681,47,1980,2619,0
123592800535090,333681,47,1980,2619,0
123592805601935,333681,47,1980,2619,0
123592810669372,333681,47,1980,2619,0
123592815731821,333681,47,1980,2619,0
123592820800770,333681,47,1980,2619,0
123592825864942,333681,47,1980,2619,0
123592830929784,333681,47,1980,2619,0
123592835991202,333681,47,1980,2619,0
123592841053230,333681,47,1980,2619,0
123592846154768,333681,47,1980,2619,0
123592851218309,333681,47,1980,2619,0
123592856285805,333681,47,1980,2619,0
123592861348675,333681,47,1980,2619,0
123592866409402,333681,47,1980,2619,0
123592871471210,333788,47,1980,2619,0
123592876531886,333788,47,1980,2619,0
123592881594285,333788,47,1980,2619,0
123592886654881,333788,47,1980,2619,0
123592891724271,333788,47,1980,2619,0
123592896790315,333788,47,1980,2619,0
123592901862149,333788,47,1980,2619,0
123592906929265,333788,47,1980,2619,0
123592911991744,333788,47,1980,2619,0
123592917052370,333788,47,1980,2619,0
123592922112756,333788,47,1980,2619,0
123592927178210,333788,47,1980,2619,0
123592932243914,333788,47,1980,2619,0
123592937310709,333788,47,1980,2619,0
123592942377525,333788,47,1980,2619,0
123592947439093,333788,47,1980,2619,0
123592952498718,333788,47,1980,2619,0
123592957565073,333788,47,1980,2619,0
123592962626981,333788,47,1980,2619,0
123592967686626,333788,47,1980,2619,0
123592972761563,333773,46,1980,2619,0
123592977827648,333773,46,1980,2619,0
123592982890498,333773,46,1980,2619,0
123592987960128,333773,46,1980,2619,0
123592993021786,333773,46,1980,2619,0
123592998082112,333773,46,1980,2619,0
123593003142317,333773,46,1980,2619,0
123593008204516,333773,46,1980,2619,0
123593013267946,333773,46,1980,2619,0
123593018331487,333773,46,1980,2619,0
123593023400106,333773,46,1980,2619,0
123593028462204,333773,46,1980,2619,0
123593033525615,333773,46,1980,2619,0
123593038587643,333773,46,1980,2619,0
123593043650473,333773,46,1980,2619,0
123593048710648,333773,46,1980,2619,0
123593053770363,333773,46,1980,2619,0
123593058840134,333773,46,1980,2619,0
123593063903474,333773,46,1980,2619,0
123593068966254,333773,46,1980,2619,0
123593074034782,333344,47,1980,2619,0
123593079098283,333344,47,1980,2619,0
123593084160541,333344,47,1980,2619,0
123593089220537,333344,47,1980,2619,0
123593094286070,333344,47,1980,2619,0
123593099345695,333344,47,1980,2619,0
123593104412992,333344,47,1980,2619,0
123593109481660,333344,47,1980,2619,0
123593114543047,333344,47,1980,2619,0
123593119604706,333344,47,1980,2619,0
123593124666624,333344,47,1980,2619,0
123593129728122,333344,47,1980,2619,0
123593134787446,333344,47,1980,2619,0
123593139859529,333344,47,1980,2619,0
123593144923190,333344,47,1980,2619,0
123593149986521,333344,47,1980,2619,0
123593155050131,333344,47,1980,2619,0
123593160115745,333344,47,1980,2619,0
123593165178325,333344,47,1980,2619,0
123593170238510,333535,47,1980,2619,0
123593175301871,333535,47,1980,2619,0
123593180365782,333535,47,1980,2619,0
123593185426038,333535,47,1980,2619,0
123593190492323,333535,47,1980,2619,0
123593195556895,333535,47,1980,2619,0
123593200619725,333535,47,1980,2619,0
123593205682334,333535,47,1980,2619,0
123593210745043,333535,47,1980,2619,0
123593215804458,333535,47,1980,2619,0
123593220863742,333535,47,1980,2619,0
123593225929106,333535,47,1980,2619,0
123593230993808,333535,47,1980,2619,0
123593236010399,333535,47,1980,2619,0
123593241074650,333535,47,1980,2619,0
123593246137220,333535,47,1980,2619,0
123593251198898,333535,47,1980,2619,0
123593256261828,333535,47,1980,2619,0
123593261325278,333535,47,1980,2619,0
123593266386766,333535,47,1980,2619,0
123593271450747,333468,47,1980,2619,0
123593276518985,333468,47,1980,2619,0
123593281583317,333468,47,1980,2619,0
123593286645365,333468,47,1980,2619,0
123593291707885,333468,47,1980,2619,0
123593296769122,333468,47,1980,2619,0
123593301828376,333468,47,1980,2619,0
123593306890264,333468,47,1980,2619,0
123593311959684,333468,47,1980,2619,0
123593317026459,333468,47,1980,2619,0
123593322095488,333468,47,1980,2619,0
123593327158178,333468,47,1980,2619,0
123593332219996,333468,47,1980,2619,0
123593337280162,333468,47,1980,2619,0
123593342339115,333468,47,1980,2619,0
123593347399181,333468,47,1980,2619,0
123593352459046,333468,47,1980,2619,0
123593357526242,333468,47,1980,2619,0
123593362591546,333468,47,1980,2619,0
123593367653965,333468,47,1980,2619,0
123593372714982,333388,46,1980,2619,0
123593377779624,333388,46,1980,2619,0
123593382841122,333388,46,1980,2619,0
123593387900527,333388,46,1980,2619,0
123593392973291,333388,46,1980,2619,0
123593398038174,333388,46,1980,2619,0
123593403110648,333388,46,1980,2619,0
123593408174379,333388,46,1980,2619,0
123593413263708,333388,46,1980,2619,0
123593418349352,333388,46,1980,2619,0
123593423429728,333388,46,1980,2619,0
123593428508952,333388,46,1980,2619,0
123593433591311,333388,46,1980,2619,0
123593438677666,333388,46,1980,2619,0
123593443765183,333388,46,1980,2619,0
123593448831328,333388,46,1980,2619,0
123593453911653,333388,46,1980,2619,0
123593458993171,333388,46,1980,2619,0
123593464077904,333388,46,1980,2619,0
123593469155215,333388,46,1980,2619,0
123593474232656,333632,47,1980,2619,0
123593479320003,333632,47,1980,2619,0
123593484404004,333632,47,1980,2619,0
123593489486413,333632,47,1980,2619,0
123593494572879,333632,47,1980,2619,0
123593499655618,333632,47,1980,2619,0
123593504735654,333632,47,1980,2619,0
123593509814507,333632,47,1980,2619,0
123593514897026,333632,47,1980,2619,0
123593519976080,333632,47,1980,2619,0
123593525065199,333632,47,1980,2619,0
123593530150362,333632,47,1980,2619,0
123593535232491,333632,47,1980,2619,0
123593540311575,333632,47,1980,2619,0
123593545392712,333632,47,1980,2619,0
123593550471606,333632,47,1980,2619,0
123593555548977,333632,47,1980,2619,0
123593560633330,333632,47,1980,2619,0
123593565718452,333632,47,1980,2619,0
123593570799820,333646,47,1980,2619,0
123593575885764,333646,47,1980,2619,0
123593580967622,333646,47,1980,2619,0
123593586036812,333646,47,1980,2619,0
123593591116937,333646,47,1980,2619,0
123593596186717,333646,47,1980,2619,0
123593601260093,333646,47,1980,2619,0
123593606345917,333646,47,1980,2619,0
123593611433203,333646,47,1980,2619,0
123593616515542,333646,47,1980,2619,0
123593621597040,333646,47,1980,2619,0
123593626676875,333646,47,1980,2619,0
123593631757471,333646,47,1980,2619,0
123593636834432,333646,47,1980,2619,0
123593641911984,333646,47,1980,2619,0
123593647000011,333646,47,1980,2619,0
123593652094809,333646,47,1980,2619,0
123593657178169,333646,47,1980,2619,0
123593662262662,333646,47,1980,2619,0
123593667345381,333646,47,1980,2619,0
123593672425557,333708,47,1980,2619,0
123593677506293,333708,47,1980,2619,0
123593682588352,333708,47,1980,2619,0
123593687668067,333708,47,1980,2619,0
123593692756174,333708,47,1980,2619,0
123593697841037,333708,47,1980,2619,0
123593702922495,333708,47,1980,2619,0
123593708009000,333708,47,1980,2619,0
123593713090978,333708,47,1980,2619,0
123593718169351,333708,47,1980,2619,0
123593723246883,333708,47,1980,2619,0
123593728331054,333708,47,1980,2619,0
123593733415146,333708,47,1980,2619,0
123593738497084,333708,47,1980,2619,0
123593743582658,333708,47,1980,2619,0
123593748649333,333708,47,1980,2619,0
123593753728087,333708,47,1980,2619,0
123593758809294,333708,47,1980,2619,0
123593763887847,333708,47,1980,2619,0
123593768971108,333708,47,1980,2619,0
123593774056121,333730,47,1980,2619,0
123593779142826,333730,47,1980,2619,0
123593784226597,333730,47,1980,2619,0
123593789308105,333730,47,1980,2619,0
123593794388080,333730,47,1980,2619,0
123593799469177,333730,47,1980,2619,0
123593804547129,333730,47,1980,2619,0
123593809628026,333730,47,1980,2619,0
123593814716134,333730,47,1980,2619,0
123593819799905,333730,47,1980,2619,0
123593824882384,333730,47,1980,2619,0
123593829966125,333730,47,1980,2619,0
123593835048213,333730,47,1980,2619,0
123593840114729,333730,47,1980,2619,0
123593845181865,333730,47,1980,2619,0
123593850250553,333730,47,1980,2619,0
123593855313413,333730,47,1980,2619,0
123593860379147,333730,47,1980,2619,0
123593865446253,333730,47,1980,2619,0
123593870508362,333680,47,1980,2619,0
123593875569369,333680,47,1980,2619,0
123593880632489,333680,47,1980,2619,0
123593885693065,333680,47,1980,2619,0
123593890753030,333680,47,1980,2619,0
123593895826726,333680,47,1980,2619,0
123593900892591,333680,47,1980,2619,0
123593905957243,333680,47,1980,2619,0
123593911024669,333680,47,1980,2619,0
123593916087970,333680,47,1980,2619,0
123593921151501,333680,47,1980,2619,0
123593926212557,333680,47,1980,2619,0
123593931272713,333680,47,1980,2619,0
123593936338127,333680,47,1980,2619,0
123593941398753,333680,47,1980,2619,0
123593946471317,333680,47,1980,2619,0
123593951538884,333680,47,1980,2619,0
123593956603056,333680,47,1980,2619,0
123593961663572,333680,47,1980,2619,0
123593966726492,333680,47,1980,2619,0
123593971786838,333586,47,1980,2619,0
123593976847394,333586,47,1980,2619,0
123593981916994,333586,47,1980,2619,0
123593986983589,333586,47,1980,2619,0
123593992045547,333586,47,1980,2619,0
123593997115798,333586,47,1980,2619,0
123594002179279,333586,47,1980,2619,0
123594007241698,333586,47,1980,2619,0
123594012305289,333586,47,1980,2619,0
123594017367878,333586,47,1980,2619,0
123594022428755,333586,47,1980,2619,0
123594027496251,333586,47,1980,2619,0
123594032566272,333586,47,1980,2619,0
123594037630294,333586,47,1980,2619,0
123594042691100,333586,47,1980,2619,0
123594047796704,333586,47,1980,2619,0
123594052880645,333586,47,1980,2619,0
123594057942083,333586,47,1980,2619,0
123594063011833,333586,47,1980,2619,0
123594068074482,333586,47,1980,2619,0
123594073138233,333527,47,1980,2619,0
123594078206972,333527,47,1980,2619,0
123594083270322,333527,47,1980,2619,0
123594088332661,333527,47,1980,2619,0
123594093398325,333527,47,1980,2619,0
123594098458661,333527,47,1980,2619,0
123594103520709,333527,47,1980,2619,0
123594108584751,333527,47,1980,2619,0
123594113658196,333527,47,1980,2619,0
123594118723790,333527,47,1980,2619,0
123594123786059,333527,47,1980,2619,0
123594128846625,333527,47,1980,2619,0
123594133908864,333527,47,1980,2619,0
123594138969791,333527,47,1980,2619,0
123594144029516,333527,47,1980,2619,0
123594149090042,333527,47,1980,2619,0
123594154155426,333527,47,1980,2619,0
123594159218045,333527,47,1980,2619,0
123594164280755,333527,47,1980,2619,0
123594169342753,333527,47,1980,2619,0
123594174403419,333460,47,1980,2619,0
123594179464557,333460,47,1980,2619,0
123594184525894,333460,47,1980,2619,0
123594189591387,333460,47,1980,2619,0
123594194656471,333460,47,1980,2619,0
123594199727132,333460,47,1980,2619,0
123594204791133,333460,47,1980,2619,0
123594209853562,333460,47,1980,2619,0
123594214918926,333460,47,1980,2619,0
123594219980113,333460,47,1980,2619,0
123594225039418,333460,47,1980,2619,0
123594230099453,333460,47,1980,2619,0
123594235165778,333460,47,1980,2619,0
123594240230030,333460,47,1980,2619,0
123594245292960,333460,47,1980,2619,0
123594250354237,333460,47,1980,2619,0
123594255417898,333460,47,1980,2619,0
123594260480207,333460,47,1980,2619,0
123594265539771,333460,47,1980,2619,0
123594270606187,333446,47,1980,2619,0
123594275668666,333446,47,1980,2619,0
123594280740719,333446,47,1980,2619,0
123594285809197,333446,47,1980,2619,0
123594290872498,333446,47,1980,2619,0
123594295934416,333446,47,1980,2619,0
123594300998658,333446,47,1980,2619,0
123594306065764,333446,47,1980,2619,0
123594311125809,333446,47,1980,2619,0
123594316191904,333446,47,1980,2619,0
123594321257968,333446,47,1980,2619,0
123594326320898,333446,47,1980,2619,0
123594331387604,333446,47,1980,2619,0
123594336451134,333446,47,1980,2619,0
123594341510729,333446,47,1980,2619,0
123594346571025,333446,47,1980,2619,0
123594351632402,333446,47,1980,2619,0
123594356700330,333446,47,1980,2619,0
123594361767816,333446,47,1980,2619,0
123594366833180,333446,47,1980,2619,0
123594371899725,333717,47,1980,2619,0
123594376964488,333717,47,1980,2619,0
123594382026736,333717,47,1980,2619,0
123594387088595,333717,47,1980,2619,0
123594392147278,333717,47,1980,2619,0
123594397206162,333717,47,1980,2619,0
123594402274059,333717,47,1980,2619,0
123594407340665,333717,47,1980,2619,0
123594412402232,333717,47,1980,2619,0
123594417468838,333717,47,1980,2619,0
123594422530576,333717,47,1980,2619,0
123594427590571,333717,47,1980,2619,0
123594432651177,333717,47,1980,2619,0
123594437717042,333717,47,1980,2619,0
123594442781974,333717,47,1980,2619,0
123594447851354,333717,47,1980,2619,0
123594452920182,333717,47,1980,2619,0
123594457988200,333717,47,1980,2619,0
123594463051500,333717,47,1980,2619,0
123594468113108,333717,47,1980,2619,0
123594473174626,333728,47,1980,2619,0
123594478234671,333728,47,1980,2619,0
123594483296159,333728,47,1980,2619,0
123594488362093,333728,47,1980,2619,0
123594493425784,333728,47,1980,2619,0
123594498493341,333728,47,1980,2619,0
123594503557673,333728,47,1980,2619,0
123594508618790,333728,47,1980,2619,0
123594513680418,333728,47,1980,2619,0
123594518741966,333728,47,1980,2619,0
123594523808020,333728,47,1980,2619,0
123594528870690,333728,47,1980,2619,0
123594533946689,333728,47,1980,2619,0
123594539015227,333728,47,1980,2619,0
123594544077957,333728,47,1980,2619,0
123594549139354,333728,47,1980,2619,0
123594554201172,333728,47,1980,2619,0
123594559264092,333728,47,1980,2619,0
123594564323206,333728,47,1980,2619,0
123594569388329,333728,47,1980,2619,0
123594574452471,333536,47,1980,2619,0
123594579514850,333536,47,1980,2619,0
123594584578551,333536,47,1980,2619,0
123594589643173,333536,47,1980,2619,0
123594594705142,333536,47,1980,2619,0
123594599767821,333536,47,1980,2619,0
123594604835027,333536,47,1980,2619,0
123594609899259,333536,47,1980,2619,0
123594614965975,333536,47,1980,2619,0
123594620037748,333536,47,1980,2619,0
123594625101128,333536,47,1980,2619,0
123594630164008,333536,47,1980,2619,0
123594635225836,333536,47,1980,2619,0
123594640288345,333536,47,1980,2619,0
123594645348201,333536,47,1980,2619,0
123594650407575,333536,47,1980,2619,0
123594655478126,333536,47,1980,2619,0
123594660541837,333536,47,1980,2619,0
123594665603054,333536,47,1980,2619,0
123594670666886,333458,47,1980,2619,0
123594675730256,333458,47,1980,2619,0
123594680791764,333458,47,1980,2619,0
123594685855375,333458,47,1980,2619,0
123594690922190,333458,47,1980,2619,0
123594695983808,333458,47,1980,2619,0
123594701085125,333458,47,1980,2619,0
123594706153183,333458,47,1980,2619,0
123594711216423,333458,47,1980,2619,0
123594716276048,333458,47,1980,2619,0
123594721339709,333458,47,1980,2619,0
123594726400005,333458,47,1980,2619,0
123594731460641,333458,47,1980,2619,0
123594736526626,333458,47,1980,2619,0
123594741591378,333458,47,1980,2619,0
123594746654038,333458,47,1980,2619,0
123594751724208,333458,47,1980,2619,0
123594756788110,333458,47,1980,2619,0
123594761850559,333458,47,1980,2619,0
123594766912577,333458,47,1980,2619,0
123594771974826,333562,47,1980,2619,0
123594777038998,333562,47,1980,2619,0
123594782103299,333562,47,1980,2619,0
123594787169624,333562,47,1980,2619,0
123594792235869,333562,47,1980,2619,0
123594797296856,333562,47,1980,2619,0
123594802361208,333562,47,1980,2619,0
123594807424088,333562,47,1980,2619,0
123594812485024,333562,47,1980,2619,0
123594817545180,333562,47,1980,2619,0
123594822612226,333562,47,1980,2619,0
123594827677760,333562,47,1980,2619,0
123594832741631,333562,47,1980,2619,0
123594837809839,333562,47,1980,2619,0
123594842873930,333562,47,1980,2619,0
123594847934747,333562,47,1980,2619,0
123594852995504,333562,47,1980,2619,0
123594858060677,333562,47,1980,2619,0
123594863122145,333562,47,1980,2619,0
123594868193577,333562,47,1980,2619,0
123594873258079,333679,47,1980,2619,0
123594878321039,333679,47,1980,2619,0
123594883383298,333679,47,1980,2619,0
123594888444806,333679,47,1980,2619,0
123594893505802,333679,47,1980,2619,0
123594898564846,333679,47,1980,2619,0
123594903634416,333679,47,1980,2619,0
123594908702474,333679,47,1980,2619,0
123594913765894,333679,47,1980,2619,0
123594918836576,333679,47,1980,2619,0
123594923902570,333679,47,1980,2619,0
123594928965250,333679,47,1980,2619,0
123594934026216,333679,47,1980,2619,0
123594939084760,333679,47,1980,2619,0
123594944148330,333679,47,1980,2619,0
123594949208286,333679,47,1980,2619,0
123594954282663,333679,47,1980,2619,0
123594959348146,333679,47,1980,2619,0
123594964410786,333679,47,1980,2619,0
123594969470571,333679,47,1980,2619,0
123594974533320,333494,47,1980,2619,0
123594979593997,333494,47,1980,2619,0
123594984654503,333494,47,1980,2619,0
123594989724994,333494,47,1980,2619,0
123594994791659,333494,47,1980,2619,0
123594999853668,333494,47,1980,2619,0
123595004921104,333494,47,1980,2619,0
123595009985286,333494,47,1980,2619,0
123595015045432,333494,47,1980,2619,0
123595020105207,333494,47,1980,2619,0
123595025169098,333494,47,1980,2619,0
123595030231167,333494,47,1980,2619,0
123595035294697,333494,47,1980,2619,0
123595040363156,333494,47,1980,2619,0
123595045426156,333494,47,1980,2619,0
123595050487673,333494,47,1980,2619,0
123595055549992,333494,47,1980,2619,0
123595060611069,333494,47,1980,2619,0
123595065670904,333494,47,1980,2619,0
123595070730469,333528,47,1980,2619,0
123595075793669,333528,47,1980,2619,0
123595080856699,333528,47,1980,2619,0
123595085920240,333528,47,1980,2619,0
123595090989099,333528,47,1980,2619,0
123595096050747,333528,47,1980,2619,0
123595101110291,333528,47,1980,2619,0
123595106171659,333528,47,1980,2619,0
123595111234609,333528,47,1980,2619,0
123595116296246,333528,47,1980,2619,0
123595121362662,333528,47,1980,2619,0
123595126430619,333528,47,1980,2619,0
123595131492988,333528,47,1980,2619,0
123595136553334,333528,47,1980,2619,0
123595141615853,333528,47,1980,2619,0
123595146676620,333528,47,1980,2619,0
123595151736184,333528,47,1980,2619,0
123595156806545,333528,47,1980,2619,0
123595161870907,333528,47,1980,2619,0
123595166934909,333528,47,1980,2619,0
123595172012000,333762,47,1980,2619,0
123595177074449,333762,47,1980,2619,0
123595182134584,333762,47,1980,2619,0
123595187196523,333762,47,1980,2619,0
123595192258972,333762,47,1980,2619,0
123595197324766,333762,47,1980,2619,0
123595202388337,333762,47,1980,2619,0
123595207459329,333762,47,1980,2619,0
123595212523681,333762,47,1980,2619,0
123595217587322,333762,47,1980,2619,0
123595222650682,333762,47,1980,2619,0
123595227711629,333762,47,1980,2619,0
123595232771654,333762,47,1980,2619,0
123595237832221,333762,47,1980,2619,0
123595242898996,333762,47,1980,2619,0
123595247964720,333762,47,1980,2619,0
123595253030805,333762,47,1980,2619,0
123595258098031,333762,47,1980,2619,0
123595263163174,333762,47,1980,2619,0
123595268226064,333762,47,1980,2619,0
123595273285899,334016,47,1980,2619,0
123595278350692,334016,47,1980,2619,0
123595283411568,334016,47,1980,2619,0
123595288480587,334016,47,1980,2619,0
123595293551429,334016,47,1980,2619,0
123595298615400,334016,47,1980,2619,0
123595303676518,334016,47,1980,2619,0
123595308740749,334016,47,1980,2619,0
123595313802617,334016,47,1980,2619,0
123595318864406,334016,47,1980,2619,0
123595323938121,334016,47,1980,2619,0
123595329009264,334016,47,1980,2619,0
123595334073826,334016,47,1980,2619,0
123595339143035,334016,47,1980,2619,0
123595344206556,334016,47,1980,2619,0
123595349291018,334016,47,1980,2619,0
123595354352926,334016,47,1980,2619,0
123595359413012,334016,47,1980,2619,0
123595364479387,334016,47,1980,2619,0
123595369540494,334016,47,1980,2619,0
123595374613549,334068,47,1980,2619,0
123595379681326,334068,47,1980,2619,0
123595384746179,334068,47,1980,2619,0
123595389807556,334068,47,1980,2619,0
123595394871247,334068,47,1980,2619,0
123595399934037,334068,47,1980,2619,0
123595404995114,334068,47,1980,2619,0
123595410017923,334068,47,1980,2619,0
123595415084459,334068,47,1980,2619,0
123595420145576,334068,47,1980,2619,0
123595425210188,334068,47,1980,2619,0
123595430273318,334068,47,1980,2619,0
123595435333324,334068,47,1980,2619,0
123595440393399,334068,47,1980,2619,0
123595445458723,334068,47,1980,2619,0
123595450519840,334068,47,1980,2619,0
123595455589089,334068,47,1980,2619,0
123595460659820,334068,47,1980,2619,0
123595465724002,334068,47,1980,2619,0
123595470785940,334202,47,1980,2619,0
123595475848981,334202,47,1980,2619,0
123595480909216,334202,47,1980,2619,0
123595485969452,334202,47,1980,2619,0
123595491028977,334202,47,1980,2619,0
123595496098907,334202,47,1980,2619,0
123595501162588,334202,47,1980,2619,0
123595506234701,334202,47,1980,2619,0
123595511300035,334202,47,1980,2619,0
123595516361683,334202,47,1980,2619,0
123595521421889,334202,47,1980,2619,0
123595526480883,334202,47,1980,2619,0
123595531546396,334202,47,1980,2619,0
123595536608835,334202,47,1980,2619,0
123595541681740,334202,47,1980,2619,0
123595546748766,334202,47,1980,2619,0
123595551811265,334202,47,1980,2619,0
123595556872022,334202,47,1980,2619,0
123595561935172,334202,47,1980,2619,0
123595566995518,334202,47,1980,2619,0
123595572054391,334528,47,1980,2619,0
123595577122079,334528,47,1980,2619,0
123595582186561,334528,47,1980,2619,0
123595587247918,334528,47,1980,2619,0
123595592317638,334528,47,1980,2619,0
123595597383743,334528,47,1980,2619,0
123595602445401,334528,47,1980,2619,0
123595607508060,334528,47,1980,2619,0
123595612569728,334528,47,1980,2619,0
123595617635071,334528,47,1980,2619,0
123595622702398,334528,47,1980,2619,0
123595627777345,334528,47,1980,2619,0
123595632843070,334528,47,1980,2619,0
123595637905328,334528,47,1980,2619,0
123595642967327,334528,47,1980,2619,0
123595648032320,334528,47,1980,2619,0
123595653092155,334528,47,1980,2619,0
123595658153152,334528,47,1980,2619,0
123595663221650,334528,47,1980,2619,0
123595668285331,334528,47,1980,2619,0
123595673347750,334602,47,1980,2619,0
123595678414255,334602,47,1980,2619,0
123595683477896,334602,47,1980,2619,0
123595688538422,334602,47,1980,2619,0
123595693598978,334602,47,1980,2619,0
123595698665664,334602,47,1980,2619,0
123595703728163,334602,47,1980,2619,0
123595708800197,334602,47,1980,2619,0
123595713869175,334602,47,1980,2619,0
123595718932536,334602,47,1980,2619,0
123595723995095,334602,47,1980,2619,0
123595729066047,334602,47,1980,2619,0
123595734128506,334602,47,1980,2619,0
123595739189794,334602,47,1980,2619,0
123595744253144,334602,47,1980,2619,0
123595749317486,334602,47,1980,2619,0
123595754382459,334602,47,1980,2619,0
123595759447281,334602,47,1980,2619,0
123595764512364,334602,47,1980,2619,0
123595769572850,334602,47,1980,2619,0
123595774634899,334418,47,1980,2619,0
123595779697859,334418,47,1980,2619,0
123595784762672,334418,47,1980,2619,0
123595789827685,334418,47,1980,2619,0
123595794897865,334418,47,1980,2619,0
123595799964551,334418,47,1980,2619,0
123595805026539,334418,47,1980,2619,0
123595810088608,334418,47,1980,2619,0
123595815151157,334418,47,1980,2619,0
123595820212164,334418,47,1980,2619,0
123595825271328,334418,47,1980,2619,0
123595830335519,334418,47,1980,2619,0
123595835399611,334418,47,1980,2619,0
123595840461189,334418,47,1980,2619,0
123595845525551,334418,47,1980,2619,0
123595850587710,334418,47,1980,2619,0
123595855649247,334418,47,1980,2619,0
123595860711045,334418,47,1980,2619,0
123595865778432,334418,47,1980,2619,0
123595870841051,334562,47,1980,2619,0
123595875909159,334562,47,1980,2619,0
123595880981382,334562,47,1980,2619,0
123595886046245,334562,47,1980,2619,0
123595891106060,334562,47,1980,2619,0
123595896169170,334562,47,1980,2619,0
123595901231469,334562,47,1980,2619,0
123595906292376,334562,47,1980,2619,0
123595911353153,334562,47,1980,2619,0
123595916422062,334562,47,1980,2619,0
123595921485652,334562,47,1980,2619,0
123595926557496,334562,47,1980,2619,0
123595931621367,334562,47,1980,2619,0
123595936682524,334562,47,1980,2619,0
123595941743991,334562,47,1980,2619,0
123595946805239,334562,47,1980,2619,0
123595951866306,334562,47,1980,2619,0
123595956928384,334562,47,1980,2619,0
123595962010693,334562,47,1980,2619,0
123595967077399,334562,47,1980,2619,0
123595972139137,334487,47,1980,2619,0
123595977200915,334487,47,1980,2619,0
123595982265337,334487,47,1980,2619,0
123595987324361,334487,47,1980,2619,0
123595992383154,334487,47,1980,2619,0
123595997469159,334487,47,1980,2619,0
123596002532539,334487,47,1980,2619,0
123596007597412,334487,47,1980,2619,0
123596012670777,334487,47,1980,2619,0
123596017735790,334487,47,1980,2619,0
123596022797829,334487,47,1980,2619,0
123596027859797,334487,47,1980,2619,0
123596032921635,334487,47,1980,2619,0
123596037986979,334487,47,1980,2619,0
123596043050419,334487,47,1980,2619,0
123596048119959,334487,47,1980,2619,0
123596053181397,334487,47,1980,2619,0
123596058244417,334487,47,1980,2619,0
123596063308358,334487,47,1980,2619,0
123596068368243,334487,47,1980,2619,0
123596073426707,334836,47,1980,2619,0
123596078487122,334836,47,1980,2619,0
123596083556882,334836,47,1980,2619,0
123596088619542,334836,47,1980,2619,0
123596093680859,334836,47,1980,2619,0
123596098749428,334836,47,1980,2619,0
123596103814150,334836,47,1980,2619,0
123596108875878,334836,47,1980,2619,0
123596113936495,334836,47,1980,2619,0
123596119010771,334836,47,1980,2619,0
123596124072780,334836,47,1980,2619,0
123596129138714,334836,47,1980,2619,0
123596134204348,334836,47,1980,2619,0
123596139270933,334836,47,1980,2619,0
123596144331840,334836,47,1980,2619,0
123596149396673,334836,47,1980,2619,0
123596154456327,334836,47,1980,2619,0
123596159514871,334836,47,1980,2619,0
123596164585442,334836,47,1980,2619,0
123596169650816,334836,47,1980,2619,0
123596174715168,334725,47,1980,2619,0
123596179783746,334725,47,1980,2619,0
123596184847266,334725,47,1980,2619,0
123596189909315,334725,47,1980,2619,0
123596194970342,334725,47,1980,2619,0
123596200031849,334725,47,1980,2619,0
123596205096051,334725,47,1980,2619,0
123596210160814,334725,47,1980,2619,0
123596215226117,334725,47,1980,2619,0
123596220291701,334725,47,1980,2619,0
123596225353409,334725,47,1980,2619,0
123596230414837,334725,47,1980,2619,0
123596235476034,334725,47,1980,2619,0
123596240535719,334725,47,1980,2619,0
123596245595384,334725,47,1980,2619,0
123596250655559,334725,47,1980,2619,0
123596255720973,334725,47,1980,2619,0
123596260784383,334725,47,1980,2619,0
123596265852772,334725,47,1980,2619,0
123596270917374,334577,47,1980,2619,0
123596275982166,334577,47,1980,2619,0
123596281044425,334577,47,1980,2619,0
123596286110790,334577,47,1980,2619,0
123596291173440,334577,47,1980,2619,0
123596296237802,334577,47,1980,2619,0
123596301310296,334577,47,1980,2619,0
123596306373937,334577,47,1980,2619,0
123596311435705,334577,47,1980,2619,0
123596316497883,334577,47,1980,2619,0
123596321558249,334577,47,1980,2619,0
123596326617904,334577,47,1980,2619,0
123596331687314,334577,47,1980,2619,0
123596336756263,334577,47,1980,2619,0
123596341820354,334577,47,1980,2619,0
123596346890014,334577,47,1980,2619,0
123596351953765,334577,47,1980,2619,0
123596357018157,334577,47,1980,2619,0
123596362081267,334577,47,1980,2619,0
123596367141763,334577,47,1980,2619,0
123596372202560,334707,47,1980,2619,0
123596377264689,334707,47,1980,2619,0
123596382447138,334707,47,1980,2619,0
123596387513162,334707,47,1980,2619,0
123596392574520,334707,47,1980,2619,0
123596397635266,334707,47,1980,2619,0
123596402699808,334707,47,1980,2619,0
123596407760855,334707,47,1980,2619,0
123596412820350,334707,47,1980,2619,0
123596417892203,334707,47,1980,2619,0
123596422959630,334707,47,1980,2619,0
123596428021318,334707,47,1980,2619,0
123596433085840,334707,47,1980,2619,0
123596438148720,334707,47,1980,2619,0
123596443208845,334707,47,1980,2619,0
123596448269341,334707,47,1980,2619,0
123596453339742,334707,47,1980,2619,0
123596458404986,334707,47,1980,2619,0
123596463468837,334707,47,1980,2619,0
123596468539899,334707,47,1980,2619,0
123596473603920,334335,47,1980,2619,0
123596478668042,334335,47,1980,2619,0
123596483731102,334335,47,1980,2619,0
123596488791728,334335,47,1980,2619,0
123596493852525,334335,47,1980,2619,0
123596498911669,334335,47,1980,2619,0
123596503981078,334335,47,1980,2619,0
123596509044039,334335,47,1980,2619,0
123596514109031,334335,47,1980,2619,0
123596519174585,334335,47,1980,2619,0
123596524237405,334335,47,1980,2619,0
123596529298282,334335,47,1980,2619,0
123596534358287,334335,47,1980,2619,0
123596539421097,334335,47,1980,2619,0
123596544482985,334335,47,1980,2619,0
123596549553786,334335,47,1980,2619,0
123596554617678,334335,47,1980,2619,0
123596559681579,334335,47,1980,2619,0
123596564743197,334335,47,1980,2619,0
123596569806337,334295,47,1980,2619,0
123596574868155,334295,47,1980,2619,0
123596579929452,334295,47,1980,2619,0
123596584998521,334295,47,1980,2619,0
123596590069063,334295,47,1980,2619,0
123596595132954,334295,47,1980,2619,0
123596600200491,334295,47,1980,2619,0
123596605267516,334295,47,1980,2619,0
123596610328604,334295,47,1980,2619,0
123596615389881,334295,47,1980,2619,0
123596620453121,334295,47,1980,2619,0
123596625517173,334295,47,1980,2619,0
123596630585120,334295,47,1980,2619,0
123596635653538,334295,47,1980,2619,0
123596640718952,334295,47,1980,2619,0
123596645807249,334295,47,1980,2619,0
123596650869799,334295,47,1980,2619,0
123596655934942,334295,47,1980,2619,0
123596660995308,334295,47,1980,2619,0
123596666054822,334295,47,1980,2619,0
123596671120697,334416,47,1980,2619,0
123596676185940,334416,47,1980,2619,0
123596681248109,334416,47,1980,2619,0
123596686315565,334416,47,1980,2619,0
123596691377313,334416,47,1980,2619,0
123596696437830,334416,47,1980,2619,0
123596701499247,334416,47,1980,2619,0
123596706563639,334416,47,1980,2619,0
123596711624907,334416,47,1980,2619,0
123596716696780,334416,47,1980,2619,0
123596721765949,334416,47,1980,2619,0
123596726832394,334416,47,1980,2619,0
123596731893521,334416,47,1980,2619,0
123596736957883,334416,47,1980,2619,0
123596742018489,334416,47,1980,2619,0
123596747078375,334416,47,1980,2619,0
123596752143788,334416,47,1980,2619,0
123596757208721,334416,47,1980,2619,0
123596762271991,334416,47,1980,2619,0
123596767337335,334416,47,1980,2619,0
123596772400795,334771,47,1980,2619,0
123596777461422,334771,47,1980,2619,0
123596782522228,334771,47,1980,2619,0
123596787582895,334771,47,1980,2619,0
123596792648539,334771,47,1980,2619,0
123596797709455,334771,47,1980,2619,0
123596802783452,334771,47,1980,2619,0
123596807850968,334771,47,1980,2619,0
123596812914930,334771,47,1980,2619,0
123596817977459,334771,47,1980,2619,0
123596823039307,334771,47,1980,2619,0
123596828098972,334771,47,1980,2619,0
123596833157626,334771,47,1980,2619,0
123596838226144,334771,47,1980,2619,0
123596843293019,334771,47,1980,2619,0
123596848354127,334771,47,1980,2619,0
123596853416566,334771,47,1980,2619,0
123596858479546,334771,47,1980,2619,0
123596863539230,334771,47,1980,2619,0
123596868599036,334771,47,1980,2619,0
123596873666643,334775,47,1980,2619,0
123596878730283,334775,47,1980,2619,0
123596883797289,334775,47,1980,2619,0
123596888867911,334775,47,1980,2619,0
123596893932403,334775,47,1980,2619,0
123596898995112,334775,47,1980,2619,0
123596904062629,334775,47,1980,2619,0
123596909124908,334775,47,1980,2619,0
123596914184343,334775,47,1980,2619,0
123596919244708,334775,47,1980,2619,0
123596924312235,334775,47,1980,2619,0
123596929376898,334775,47,1980,2619,0
123596934449732,334775,47,1980,2619,0
123596939514745,334775,47,1980,2619,0
123596944575752,334775,47,1980,2619,0
123596949636118,334775,47,1980,2619,0
123596954697165,334775,47,1980,2619,0
123596959765052,334775,47,1980,2619,0
123596964826820,334775,47,1980,2619,0
123596969899675,335040,47,1980,2619,0
123596974967893,335040,47,1980,2619,0
123596980029260,335040,47,1980,2619,0
123596985089516,335040,47,1980,2619,0
123596990153107,335040,47,1980,2619,0
123596995212191,335040,47,1980,2619,0
123597000271085,335040,47,1980,2619,0
123597005337330,335040,47,1980,2619,0
123597010400800,335040,47,1980,2619,0
123597015464040,335040,47,1980,2619,0
123597020529644,335040,47,1980,2619,0
123597025593265,335040,47,1980,2619,0
123597030654402,335040,47,1980,2619,0
123597035716491,335040,47,1980,2619,0
123597040778469,335040,47,1980,2619,0
123597045844454,335040,47,1980,2619,0
123597050910628,335040,47,1980,2619,0
123597055980679,335040,47,1980,2619,0
123597061047074,335040,47,1980,2619,0
123597066109723,335040,47,1980,2619,0
123597071172533,334933,47,1980,2619,0
123597076234671,334933,47,1980,2619,0
123597081296750,334933,47,1980,2619,0
123597086356425,334933,47,1980,2619,0
123597091422048,334933,47,1980,2619,0
123597096485159,334933,47,1980,2619,0
123597101547868,334933,47,1980,2619,0
123597106616326,334933,47,1980,2619,0
123597111680338,334933,47,1980,2619,0
123597116740884,334933,47,1980,2619,0
123597121801220,334933,47,1980,2619,0
123597126867615,334933,47,1980,2619,0
123597131930234,334933,47,1980,2619,0
123597136999624,334933,47,1980,2619,0
123597142072318,334933,47,1980,2619,0
123597147134837,334933,47,1980,2619,0
123597152194763,334933,47,1980,2619,0
123597157259936,334933,47,1980,2619,0
123597162320953,334933,47,1980,2619,0
123597167380508,334933,47,1980,2619,0
123597172450177,334790,47,1980,2619,0
123597177516082,334790,47,1980,2619,0
123597182578361,334790,47,1980,2619,0
123597187644034,334790,47,1980,2619,0
123597192709148,334790,47,1980,2619,0
123597197771587,334790,47,1980,2619,0
123597202831562,334790,47,1980,2619,0
123597207893661,334790,47,1980,2619,0
123597212958243,334790,47,1980,2619,0
123597218019721,334790,47,1980,2619,0
123597223087888,334790,47,1980,2619,0
123597228157728,334790,47,1980,2619,0
123597233219587,334790,47,1980,2619,0
123597238280784,334790,47,1980,2619,0
123597243342382,334790,47,1980,2619,0
123597248401696,334790,47,1980,2619,0
123597253462713,334790,47,1980,2619,0
123597258531221,334790,47,1980,2619,0
123597263596465,334790,47,1980,2619,0
123597268663320,334790,47,1980,2619,0
123597273732159,334761,47,1980,2619,0
123597278795820,334761,47,1980,2619,0
123597283857728,334761,47,1980,2619,0
123597288917784,334761,47,1980,2619,0
123597293997889,334761,47,1980,2619,0
123597299065446,334761,47,1980,2619,0
123597304129497,334761,47,1980,2619,0
123597309197945,334761,47,1980,2619,0
123597314262378,334761,47,1980,2619,0
123597319322793,334761,47,1980,2619,0
123597324386455,334761,47,1980,2619,0
123597329449094,334761,47,1980,2619,0
123597334507908,334761,47,1980,2619,0
123597339569505,334761,47,1980,2619,0
123597344639105,334761,47,1980,2619,0
123597349703587,334761,47,1980,2619,0
123597354777093,334761,47,1980,2619,0
123597359842647,334761,47,1980,2619,0
123597364905947,334761,47,1980,2619,0
123597369966914,334658,47,1980,2619,0
123597375028612,334658,47,1980,2619,0
123597380093505,334658,47,1980,2619,0
123597385154191,334658,47,1980,2619,0
123597390226084,334658,47,1980,2619,0
123597395291277,334658,47,1980,2619,0
123597400354478,334658,47,1980,2619,0
123597405414323,334658,47,1980,2619,0
123597410477874,334658,47,1980,2619,0
123597415539542,334658,47,1980,2619,0
123597420599597,334658,47,1980,2619,0
123597425670619,334658,47,1980,2619,0
123597430735041,334658,47,1980,2619,0
123597435797220,334658,47,1980,2619,0
123597440866099,334658,47,1980,2619,0
123597445929389,334658,47,1980,2619,0
123597450991177,334658,47,1980,2619,0
123597456052214,334658,47,1980,2619,0
123597461115334,334658,47,1980,2619,0
123597466181619,334658,47,1980,2619,0
123597471247093,334792,47,1980,2619,0
123597476317423,334792,47,1980,2619,0
123597481379953,334792,47,1980,2619,0
123597486441701,334792,47,1980,2619,0
123597491502928,334792,47,1980,2619,0
123597496563534,334792,47,1980,2619,0
123597501624381,334792,47,1980,2619,0
123597506684637,334792,47,1980,2619,0
123597511753315,334792,47,1980,2619,0
123597516816836,334792,47,1980,2619,0
123597521878864,334792,47,1980,2619,0
123597526948014,334792,47,1980,2619,0
123597532015320,334792,47,1980,2619,0
123597537076147,334792,47,1980,2619,0
123597542138285,334792,47,1980,2619,0
123597547204490,334792,47,1980,2619,0
123597552264035,334792,47,1980,2619,0
123597557334927,334792,47,1980,2619,0
123597562400470,334792,47,1980,2619,0
123597567463160,334792,47,1980,2619,0
123597572524117,334661,47,1980,2619,0
123597577589971,334661,47,1980,2619,0
123597582652690,334661,47,1980,2619,0
123597587714258,334661,47,1980,2619,0
123597592781855,334661,47,1980,2619,0
123597597847999,334661,47,1980,2619,0
123597602910358,334661,47,1980,2619,0
123597607981581,334661,47,1980,2619,0
123597613045142,334661,47,1980,2619,0
123597618106679,334661,47,1980,2619,0
123597623168397,334661,47,1980,2619,0
123597628229775,334661,47,1980,2619,0
123597633295379,334661,47,1980,2619,0
123597638365118,334661,47,1980,2619,0
123597643430392,334661,47,1980,2619,0
123597648494223,334661,47,1980,2619,0
123597653555580,334661,47,1980,2619,0
123597658617889,334661,47,1980,2619,0
123597663682912,334661,47,1980,2619,0
123597668745402,334661,47,1980,2619,0
123597673804526,334344,47,1980,2619,0
123597678874085,334344,47,1980,2619,0
123597683939439,334344,47,1980,2619,0
123597689009439,334344,47,1980,2619,0
123597694074312,334344,47,1980,2619,0
123597699147587,334344,47,1980,2619,0
123597704220202,334344,47,1980,2619,0
123597709281539,334344,47,1980,2619,0
123597714348525,334344,47,1980,2619,0
123597719409161,334344,47,1980,2619,0
123597724475236,334344,47,1980,2619,0
123597729544225,334344,47,1980,2619,0
123597734608727,334344,47,1980,2619,0
123597739671006,334344,47,1980,2619,0
123597744734777,334344,47,1980,2619,0
123597749796885,334344,47,1980,2619,0
123597754858383,334344,47,1980,2619,0
123597759927572,334344,47,1980,2619,0
123597764994798,334344,47,1980,2619,0
123597770065169,333807,47,1980,2619,0
123597775134439,333807,47,1980,2619,0
123597780197729,333807,47,1980,2619,0
123597785258746,333807,47,1980,2619,0
123597790321766,333807,47,1980,2619,0
123597795382042,333807,47,1980,2619,0
123597800445282,333807,47,1980,2619,0
123597805506279,333807,47,1980,2619,0
123597810575418,333807,47,1980,2619,0
123597815642895,333807,47,1980,2619,0
123597820704843,333807,47,1980,2619,0
123597825765259,333807,47,1980,2619,0
123597830830092,333807,47,1980,2619,0
123597835891550,333807,47,1980,2619,0
123597840951425,333807,47,1980,2619,0
123597846020163,333807,47,1980,2619,0
123597851084265,333807,47,1980,2619,0
123597856146844,333807,47,1980,2619,0
123597861211006,333807,47,1980,2619,0
123597866274637,333807,47,1980,2619,0
123597871335073,333772,47,1980,2619,0
123597876396500,333772,47,1980,2619,0
123597881464067,333772,47,1980,2619,0
123597886526236,333772,47,1980,2619,0
123597891589336,333772,47,1980,2619,0
123597896659667,333772,47,1980,2619,0
123597901724770,333772,47,1980,2619,0
123597906788671,333772,47,1980,2619,0
123597911853253,333772,47,1980,2619,0
123597916913178,333772,47,1980,2619,0
123597921972763,333772,47,1980,2619,0
123597927032188,333772,47,1980,2619,0
123597932099064,333772,47,1980,2619,0
123597937161573,333772,47,1980,2619,0
123597942246856,333772,47,1980,2619,0
123597947316376,333772,47,1980,2619,0
123597952379125,333772,47,1980,2619,0
123597957439982,333772,47,1980,2619,0
123597962499887,333772,47,1980,2619,0
123597967565691,333772,47,1980,2619,0
123597972627730,333599,47,1980,2619,0
123597977697290,333599,47,1980,2619,0
123597982765477,333599,47,1980,2619,0
123597987829108,333599,47,1980,2619,0
123597992890396,333599,47,1980,2619,0
123597997951723,333599,47,1980,2619,0
123598003013732,333599,47,1980,2619,0
123598008074057,333599,47,1980,2619,0
123598013139842,333599,47,1980,2619,0
123598018204644,333599,47,1980,2619,0
123598023266392,333599,47,1980,2619,0
123598028331826,333599,47,1980,2619,0
123598033395226,333599,47,1980,2619,0
123598038455582,333599,47,1980,2619,0
123598043517080,333599,47,1980,2619,0
123598048581001,333599,47,1980,2619,0
123598053641117,333599,47,1980,2619,0
123598058710466,333599,47,1980,2619,0
123598063780427,333599,47,1980,2619,0
123598068846491,333599,47,1980,2619,0
123598073908309,333404,47,1980,2619,0
123598078970468,333404,47,1980,2619,0
123598084034459,333404,47,1980,2619,0
123598089092762,333404,47,1980,2619,0
123598094152537,333404,47,1980,2619,0
123598099219693,333404,47,1980,2619,0
123598104283575,333404,47,1980,2619,0
123598109345363,333404,47,1980,2619,0
123598114408833,333404,47,1980,2619,0
123598119472995,333404,47,1980,2619,0
123598124534062,333404,47,1980,2619,0
123598129594889,333404,47,1980,2619,0
123598134662836,333404,47,1980,2619,0
123598139725145,333404,47,1980,2619,0
123598144797709,333404,47,1980,2619,0
123598149865356,333404,47,1980,2619,0
123598154927254,333404,47,1980,2619,0
123598159988732,333404,47,1980,2619,0
123598165051762,333404,47,1980,2619,0
123598170111998,333924,47,1980,2619,0
123598175171793,333924,47,1980,2619,0
123598180239480,333924,47,1980,2619,0
123598185303361,333924,47,1980,2619,0
123598190364268,333924,47,1980,2619,0
123598195427949,333924,47,1980,2619,0
123598200493172,333924,47,1980,2619,0
123598205558285,333924,47,1980,2619,0
123598210619392,333924,47,1980,2619,0
123598215680479,333924,47,1980,2619,0
123598220749478,333924,47,1980,2619,0
123598225810836,333924,47,1980,2619,0
123598230883430,333924,47,1980,2619,0
123598235949725,333924,47,1980,2619,0
123598241012675,333924,47,1980,2619,0
123598246074503,333924,47,1980,2619,0
123598251137953,333924,47,1980,2619,0
123598256200993,333924,47,1980,2619,0
123598261262922,333924,47,1980,2619,0
123598266327604,333924,47,1980,2619,0
123598271392837,334014,47,1980,2619,0
123598276453864,334014,47,1980,2619,0
123598281521812,334014,47,1980,2619,0
123598286585172,334014,47,1980,2619,0
123598291647411,334014,47,1980,2619,0
123598296709199,334014,47,1980,2619,0
123598301778148,334014,47,1980,2619,0
123598306840477,334014,47,1980,2619,0
123598311908604,334014,47,1980,2619,0
123598316981389,334014,47,1980,2619,0
123598322043638,334014,47,1980,2619,0
123598327106127,334014,47,1980,2619,0
123598332168386,334014,47,1980,2619,0
123598337230474,334014,47,1980,2619,0
123598342291131,334014,47,1980,2619,0
123598347349954,334014,47,1980,2619,0
123598352418332,334014,47,1980,2619,0
123598357482344,334014,47,1980,2619,0
123598362550371,334014,47,1980,2619,0
123598367618479,334014,47,1980,2619,0
123598372679566,334323,47,1980,2619,0
123598377740603,334323,47,1980,2619,0
123598382800608,334323,47,1980,2619,0
123598387866402,334323,47,1980,2619,0
123598392930314,334323,47,1980,2619,0
123598398005572,334323,47,1980,2619,0
123598403073089,334323,47,1980,2619,0
123598408134706,334323,47,1980,2619,0
123598413196595,334323,47,1980,2619,0
123598418259675,334323,47,1980,2619,0
123598423319049,334323,47,1980,2619,0
123598428378945,334323,47,1980,2619,0
123598433445810,334323,47,1980,2619,0
123598438510613,334323,47,1980,2619,0
123598443572651,334323,47,1980,2619,0
123598448641480,334323,47,1980,2619,0
123598453704550,334323,47,1980,2619,0
123598458765327,334323,47,1980,2619,0
123598463826414,334323,47,1980,2619,0
123598468888001,334323,47,1980,2619,0
123598473953896,334166,47,1980,2619,0
123598479019780,334166,47,1980,2619,0
123598484088148,334166,47,1980,2619,0
123598489151799,334166,47,1980,2619,0
123598494215320,334166,47,1980,2619,0
123598499276737,334166,47,1980,2619,0
123598504338004,334166,47,1980,2619,0
123598509398491,334166,47,1980,2619,0
123598514457565,334166,47,1980,2619,0
123598519523800,334166,47,1980,2619,0
123598524587801,334166,47,1980,2619,0
123598529652043,334166,47,1980,2619,0
123598534720911,334166,47,1980,2619,0
123598539787016,334166,47,1980,2619,0
123598544848143,334166,47,1980,2619,0
123598549908509,334166,47,1980,2619,0
123598554970087,334166,47,1980,2619,0
123598560031384,334166,47,1980,2619,0
123598565098080,334166,47,1980,2619,0
123598570165116,333836,47,1980,2619,0
123598575229277,333836,47,1980,2619,0
123598580289743,333836,47,1980,2619,0
123598585352683,333836,47,1980,2619,0
123598590434211,333836,47,1980,2619,0
123598595497101,333836,47,1980,2619,0
123598600567161,333836,47,1980,2619,0
123598605633396,333836,47,1980,2619,0
123598610697588,333836,47,1980,2619,0
123598615766657,333836,47,1980,2619,0
123598620832992,333836,47,1980,2619,0
123598625894950,333836,47,1980,2619,0
123598630956448,333836,47,1980,2619,0
123598636016823,333836,47,1980,2619,0
123598641082958,333836,47,1980,2619,0
123598646143524,333836,47,1980,2619,0
123598651217811,333836,47,1980,2619,0
123598656282334,333836,47,1980,2619,0
123598661345123,333836,47,1980,2619,0
123598666405609,333836,47,1980,2619,0
123598671469340,334052,47,1980,2619,0
123598676529486,334052,47,1980,2619,0
123598681591474,334052,47,1980,2619,0
123598686662456,334052,47,1980,2619,0
123598691731455,334052,47,1980,2619,0
123598696794525,334052,47,1980,2619,0
123598701864586,334052,47,1980,2619,0
123598706928036,334052,47,1980,2619,0
123598711989604,334052,47,1980,2619,0
123598717050831,334052,47,1980,2619,0
123598722116445,334052,47,1980,2619,0
123598727179104,334052,47,1980,2619,0
123598732244638,334052,47,1980,2619,0
123598737311544,334052,47,1980,2619,0
123598742375796,334052,47,1980,2619,0
123598747436092,334052,47,1980,2619,0
123598752498320,334052,47,1980,2619,0
123598757559948,334052,47,1980,2619,0
123598762620855,334052,47,1980,2619,0
123598767680560,334052,47,1980,2619,0
123598772750090,333845,47,1980,2619,0
123598777814862,333845,47,1980,2619,0
123598782886485,333845,47,1980,2619,0
123598787951929,333845,47,1980,2619,0
123598793015339,333845,47,1980,2619,0
123598798076657,333845,47,1980,2619,0
123598803137063,333845,47,1980,2619,0
123598808200513,333845,47,1980,2619,0
123598813261701,333845,47,1980,2619,0
123598818330249,333845,47,1980,2619,0
123598823396844,333845,47,1980,2619,0
123598828458151,333845,47,1980,2619,0
123598833518247,333845,47,1980,2619,0
123598838580446,333845,47,1980,2619,0
123598843642274,333845,47,1980,2619,0
123598848702570,333845,47,1980,2619,0
123598853813812,333845,47,1980,2619,0
123598858879306,333845,47,1980,2619,0
123598863943618,333845,47,1980,2619,0
123598869016232,333845,47,1980,2619,0
123598874080624,333972,47,1980,2619,0
123598879141421,333972,47,1980,2619,0
123598884202948,333972,47,1980,2619,0
123598889265898,333972,47,1980,2619,0
123598894331252,333972,47,1980,2619,0
123598899393610,333972,47,1980,2619,0
123598904460186,333972,47,1980,2619,0
123598909522925,333972,47,1980,2619,0
123598914584483,333972,47,1980,2619,0
123598919646682,333972,47,1980,2619,0
123598924707558,333972,47,1980,2619,0
123598929767234,333972,47,1980,2619,0
123598934826258,333972,47,1980,2619,0
123598939895597,333972,47,1980,2619,0
123598944960390,333972,47,1980,2619,0
123598950022939,333972,47,1980,2619,0
123598955084496,333972,47,1980,2619,0
123598960147867,333972,47,1980,2619,0
123598965207902,333972,47,1980,2619,0
123598970268479,333970,47,1980,2619,0
123598975331388,333970,47,1980,2619,0
123598980391814,333970,47,1980,2619,0
123598985460964,333970,47,1980,2619,0
123598990527940,333970,47,1980,2619,0
123598995590669,333970,47,1980,2619,0
123599000651235,333970,47,1980,2619,0
123599005715998,333970,47,1980,2619,0
123599010777576,333970,47,1980,2619,0
123599015837721,333970,47,1980,2619,0
123599020907542,333970,47,1980,2619,0
123599025973966,333970,47,1980,2619,0
123599031035625,333970,47,1980,2619,0
123599036103291,333970,47,1980,2619,0
123599041164849,333970,47,1980,2619,0
123599046226928,333970,47,1980,2619,0
123599051286633,333970,47,1980,2619,0
123599056347459,333970,47,1980,2619,0
123599061414105,333970,47,1980,2619,0
123599066481501,333970,47,1980,2619,0
123599071548217,334039,47,1980,2619,0
123599076612348,334039,47,1980,2619,0
123599081674397,334039,47,1980,2619,0
123599086735754,334039,47,1980,2619,0
123599091797042,334039,47,1980,2619,0
123599096856176,334039,47,1980,2619,0
123599101915831,334039,47,1980,2619,0
123599106982947,334039,47,1980,2619,0
123599112048591,334039,47,1980,2619,0
123599117109327,334039,47,1980,2619,0
123599122171896,334039,47,1980,2619,0
123599127234776,334039,47,1980,2619,0
123599132295042,334039,47,1980,2619,0
123599137354496,334039,47,1980,2619,0
123599142417136,334039,47,1980,2619,0
123599147478844,334039,47,1980,2619,0
123599152540672,334039,47,1980,2619,0
123599157608639,334039,47,1980,2619,0
123599162672330,334039,47,1980,2619,0
123599167734519,334039,47,1980,2619,0
123599172798270,333932,47,1980,2619,0
123599177859818,333932,47,1980,2619,0
123599182920264,333932,47,1980,2619,0
123599187982753,333932,47,1980,2619,0
123599193047075,333932,47,1980,2619,0
123599198111647,333932,47,1980,2619,0
123599203175679,333932,47,1980,2619,0
123599208237837,333932,47,1980,2619,0
123599213299746,333932,47,1980,2619,0
123599218358680,333932,47,1980,2619,0
123599223417183,333932,47,1980,2619,0
123599228482546,333932,47,1980,2619,0
123599233543112,333932,47,1980,2619,0
123599238624140,333932,47,1980,2619,0
123599243689463,333932,47,1980,2619,0
123599248752453,333932,47,1980,2619,0
123599253813870,333932,47,1980,2619,0
123599258878443,333932,47,1980,2619,0
123599263938839,333932,47,1980,2619,0
123599268997983,333932,47,1980,2619,0
123599274070206,333378,47,1980,2619,0
123599279135891,333378,47,1980,2619,0
123599284197038,333378,47,1980,2619,0
123599289262140,333378,47,1980,2619,0
123599294325701,333378,47,1980,2619,0
123599299386047,333378,47,1980,2619,0
123599304447124,333378,47,1980,2619,0
123599309515442,333378,47,1980,2619,0
123599314578072,333378,47,1980,2619,0
123599319644377,333378,47,1980,2619,0
123599324711673,333378,47,1980,2619,0
123599329773351,333378,47,1980,2619,0
123599334836100,333378,47,1980,2619,0
123599339898990,333378,47,1980,2619,0
123599344959947,333378,47,1980,2619,0
123599350020683,333378,47,1980,2619,0
123599355081089,333378,47,1980,2619,0
123599360145922,333378,47,1980,2619,0
123599365208772,333378,47,1980,2619,0
123599370269188,333080,47,1980,2619,0
123599375337476,333080,47,1980,2619,0
123599380398272,333080,47,1980,2619,0
123599385457597,333080,47,1980,2619,0
123599390517001,333080,47,1980,2619,0
123599395580512,333080,47,1980,2619,0
123599400642981,333080,47,1980,2619,0
123599405711580,333080,47,1980,2619,0
123599410780278,333080,47,1980,2619,0
123599415844410,333080,47,1980,2619,0
123599420905707,333080,47,1980,2619,0
123599425970820,333080,47,1980,2619,0
123599431031877,333080,47,1980,2619,0
123599436091262,333080,47,1980,2619,0
123599441161092,333080,47,1980,2619,0
123599446226435,333080,47,1980,2619,0
123599451289525,333080,47,1980,2619,0
123599456358224,333080,47,1980,2619,0
123599461421283,333080,47,1980,2619,0
123599466481389,333080,47,1980,2619,0
123599471541034,333246,47,1980,2619,0
123599476602862,333246,47,1980,2619,0
123599481669518,333246,47,1980,2619,0
123599486737515,333246,47,1980,2619,0
123599491805623,333246,47,1980,2619,0
123599496870816,333246,47,1980,2619,0
123599501932514,333246,47,1980,2619,0
123599506995333,333246,47,1980,2619,0
123599512064993,333246,47,1980,2619,0
123599517124999,333246,47,1980,2619,0
123599522183892,333246,47,1980,2619,0
123599527248064,333246,47,1980,2619,0
123599532311004,333246,47,1980,2619,0
123599537374234,333246,47,1980,2619,0
123599542437745,333246,47,1980,2619,0
123599547502127,333246,47,1980,2619,0
123599552561932,333246,47,1980,2619,0
123599557623259,333246,47,1980,2619,0
123599562690275,333246,47,1980,2619,0
123599567755328,333246,47,1980,2619,0
123599572826410,333551,47,1980,2619,0
123599577896872,333551,47,1980,2619,0
123599582959491,333551,47,1980,2619,0
123599588020908,333551,47,1980,2619,0
123599593086943,333551,47,1980,2619,0
123599598150504,333551,47,1980,2619,0
123599603210870,333551,47,1980,2619,0
123599608278407,333551,47,1980,2619,0
123599613344141,333551,47,1980,2619,0
123599618408442,333551,47,1980,2619,0
123599623476570,333551,47,1980,2619,0
123599628540952,333551,47,1980,2619,0
123599633602339,333551,47,1980,2619,0
123599638664668,333551,47,1980,2619,0
123599643725735,333551,47,1980,2619,0
123599648791730,333551,47,1980,2619,0
123599653855451,333551,47,1980,2619,0
123599658925812,333551,47,1980,2619,0
123599663997715,333551,47,1980,2619,0
123599669069748,333551,47,1980,2619,0
123599674129493,333383,47,1980,2619,0
123599679193094,333383,47,1980,2619,0
123599684253721,333383,47,1980,2619,0
123599689314577,333383,47,1980,2619,0
123599694382505,333383,47,1980,2619,0
123599699447528,333383,47,1980,2619,0
123599704509476,333383,47,1980,2619,0
123599709573718,333383,47,1980,2619,0
123599714635997,333383,47,1980,2619,0
123599719696503,333383,47,1980,2619,0
123599724758922,333383,47,1980,2619,0
123599729827290,333383,47,1980,2619,0
123599734889398,333383,47,1980,2619,0
123599739954872,333383,47,1980,2619,0
123599745021788,333383,47,1980,2619,0
123599750084868,333383,47,1980,2619,0
123599755146385,333383,47,1980,2619,0
123599760211529,333383,47,1980,2619,0
123599765271534,333383,47,1980,2619,0
123599770331740,334051,47,1980,2619,0
123599775392507,334051,47,1980,2619,0
123599780457369,334051,47,1980,2619,0
123599785520229,334051,47,1980,2619,0
123599790581767,334051,47,1980,2619,0
123599795650265,334051,47,1980,2619,0
123599800712133,334051,47,1980,2619,0
123599805773060,334051,47,1980,2619,0
123599810834017,334051,47,1980,2619,0
123599815898879,334051,47,1980,2619,0
123599820961929,334051,47,1980,2619,0
123599826023177,334051,47,1980,2619,0
123599831088300,334051,47,1980,2619,0
123599836151059,334051,47,1980,2619,0
123599841213258,334051,47,1980,2619,0
123599846275927,334051,47,1980,2619,0
123599851335352,334051,47,1980,2619,0
123599856396048,334051,47,1980,2619,0
123599861466590,334051,47,1980,2619,0
123599866531513,334051,47,1980,2619,0
123599871598578,333925,47,1980,2619,0
123599876669781,333925,47,1980,2619,0
123599881731609,333925,47,1980,2619,0
123599886800728,333925,47,1980,2619,0
123599891861304,333925,47,1980,2619,0
123599896922471,333925,47,1980,2619,0
123599901987164,333925,47,1980,2619,0
123599907050023,333925,47,1980,2619,0
123599912117190,333925,47,1980,2619,0
123599917180670,333925,47,1980,2619,0
123599922243160,333925,47,1980,2619,0
123599927303746,333925,47,1980,2619,0
123599932365003,333925,47,1980,2619,0
123599937423817,333925,47,1980,2619,0
123599942484543,333925,47,1980,2619,0
123599947550167,333925,47,1980,2619,0
123599952612706,333925,47,1980,2619,0
123599957675226,333925,47,1980,2619,0
123599962742732,333925,47,1980,2619,0
123599967806603,333925,47,1980,2619,0
123599972867480,334028,47,1980,2619,0
123599977928998,334028,47,1980,2619,0
123599982995834,334028,47,1980,2619,0
123599988063871,334028,47,1980,2619,0
123599993129215,334028,47,1980,2619,0
123599998194748,334028,47,1980,2619,0
123600003256606,334028,47,1980,2619,0
123600008318965,334028,47,1980,2619,0
123600013383247,334028,47,1980,2619,0
123600018445055,334028,47,1980,2619,0
123600023505131,334028,47,1980,2619,0
123600028576674,334028,47,1980,2619,0
123600033641196,334028,47,1980,2619,0
123600038703505,334028,47,1980,2619,0
123600043772203,334028,47,1980,2619,0
123600048838158,334028,47,1980,2619,0
123600053902099,334028,47,1980,2619,0
123600058963136,334028,47,1980,2619,0
123600064023562,334028,47,1980,2619,0
123600069086291,334028,47,1980,2619,0
123600074147328,333955,47,1980,2619,0
123600079218400,333955,47,1980,2619,0
123600084282762,333955,47,1980,2619,0
123600089345432,333955,47,1980,2619,0
123600094405517,333955,47,1980,2619,0
123600099471271,333955,47,1980,2619,0
123600104530946,333955,47,1980,2619,0
123600109591543,333955,47,1980,2619,0
123600114659049,333955,47,1980,2619,0
123600119725735,333955,47,1980,2619,0
123600124790107,333955,47,1980,2619,0
123600129852696,333955,47,1980,2619,0
123600134915836,333955,47,1980,2619,0
123600139976603,333955,47,1980,2619,0
123600145038231,333955,47,1980,2619,0
123600150100630,333955,47,1980,2619,0
123600155162047,333955,47,1980,2619,0
123600160225007,333955,47,1980,2619,0
123600165291773,333955,47,1980,2619,0
123600170354742,333643,47,1980,2619,0
123600175418404,333643,47,1980,2619,0
123600180480842,333643,47,1980,2619,0
123600185544033,333643,47,1980,2619,0
123600190603207,333643,47,1980,2619,0
123600195662652,333643,47,1980,2619,0
123600200730459,333643,47,1980,2619,0
123600205793899,333643,47,1980,2619,0
123600210865913,333643,47,1980,2619,0
123600215931817,333643,47,1980,2619,0
123600220996980,333643,47,1980,2619,0
123600226068763,333643,47,1980,2619,0
123600231128688,333643,47,1980,2619,0
123600236194703,333643,47,1980,2619,0
123600241255780,333643,47,1980,2619,0
123600246328665,333643,47,1980,2619,0
123600251395751,333643,47,1980,2619,0
123600256457358,333643,47,1980,2619,0
123600261519187,333643,47,1980,2619,0
123600266586062,333643,47,1980,2619,0
123600271647300,333750,47,1980,2619,0
123600276708617,333750,47,1980,2619,0
123600281780851,333750,47,1980,2619,0
123600286845153,333750,47,1980,2619,0
123600291908603,333750,47,1980,2619,0
123600296978694,333750,47,1980,2619,0
123600302042365,333750,47,1980,2619,0
123600307103172,333750,47,1980,2619,0
123600312164078,333750,47,1980,2619,0
123600317225255,333750,47,1980,2619,0
123600322292722,333750,47,1980,2619,0
123600327355381,333750,47,1980,2619,0
123600332419052,333750,47,1980,2619,0
123600337480049,333750,47,1980,2619,0
123600342544081,333750,47,1980,2619,0
123600347605518,333750,47,1980,2619,0
123600352668959,333750,47,1980,2619,0
123600357729004,333750,47,1980,2619,0
123600362789551,333750,47,1980,2619,0
123600367858219,333750,47,1980,2619,0
123600372921039,334093,47,1980,2619,0
123600377984489,334093,47,1980,2619,0
123600383048801,334093,47,1980,2619,0
123600388113083,334093,47,1980,2619,0
123600393175502,334093,47,1980,2619,0
123600398235437,334093,47,1980,2619,0
123600403298538,334093,47,1980,2619,0
123600408359244,334093,47,1980,2619,0
123600413426400,334093,47,1980,2619,0
123600418491663,334093,47,1980,2619,0
123600423553772,334093,47,1980,2619,0
123600428614869,334093,47,1980,2619,0
123600433679652,334093,47,1980,2619,0
123600438741179,334093,47,1980,2619,0
123600443800884,334093,47,1980,2619,0
123600448872617,334093,47,1980,2619,0
123600453936679,334093,47,1980,2619,0
123600459005818,334093,47,1980,2619,0
123600464070140,334093,47,1980,2619,0
123600469133971,334093,47,1980,2619,0
123600474195088,333804,47,1980,2619,0
123600479255855,333804,47,1980,2619,0
123600484316531,333804,47,1980,2619,0
123600489379181,333804,47,1980,2619,0
123600494440578,333804,47,1980,2619,0
123600499506512,333804,47,1980,2619,0
123600504571826,333804,47,1980,2619,0
123600509635236,333804,47,1980,2619,0
123600514697115,333804,47,1980,2619,0
123600519760425,333804,47,1980,2619,0
123600524820731,333804,47,1980,2619,0
123600529881538,333804,47,1980,2619,0
123600534955524,333804,47,1980,2619,0
123600540018844,333804,47,1980,2619,0
123600545079370,333804,47,1980,2619,0
123600550145555,333804,47,1980,2619,0
123600555208085,333804,47,1980,2619,0
123600560271174,333804,47,1980,2619,0
123600565330879,333804,47,1980,2619,0
123600570394130,333842,47,1980,2619,0
123600575456258,333842,47,1980,2619,0
123600580519338,333842,47,1980,2619,0
123600585589579,333842,47,1980,2619,0
123600590654712,333842,47,1980,2619,0
123600595716711,333842,47,1980,2619,0
123600600782074,333842,47,1980,2619,0
123600605843321,333842,47,1980,2619,0
123600610906411,333842,47,1980,2619,0
123600615966587,333842,47,1980,2619,0
123600621036057,333842,47,1980,2619,0
123600626100319,333842,47,1980,2619,0
123600631164620,333842,47,1980,2619,0
123600636225828,333842,47,1980,2619,0
123600641287315,333842,47,1980,2619,0
123600646347331,333842,47,1980,2619,0
123600651409489,333842,47,1980,2619,0
123600656470166,333842,47,1980,2619,0
123600661531503,333842,47,1980,2619,0
123600666609095,333842,47,1980,2619,0
123600671675020,334268,47,1980,2619,0
123600676740173,334268,47,1980,2619,0
123600681802582,334268,47,1980,2619,0
123600686866934,334268,47,1980,2619,0
123600691927680,334268,47,1980,2619,0
123600696987655,334268,47,1980,2619,0
123600702053440,334268,47,1980,2619,0
123600707118212,334268,47,1980,2619,0
123600712181543,334268,47,1980,2619,0
123600717245784,334268,47,1980,2619,0
123600722308454,334268,47,1980,2619,0
123600727367728,334268,47,1980,2619,0
123600732429025,334268,47,1980,2619,0
123600737490713,334268,47,1980,2619,0
123600742555486,334268,47,1980,2619,0
123600747619107,334268,47,1980,2619,0
123600752689618,334268,47,1980,2619,0
123600757753720,334268,47,1980,2619,0
123600762816299,334268,47,1980,2619,0
123600767879960,334268,47,1980,2619,0
123600772941598,333971,47,1980,2619,0
123600778009765,333971,47,1980,2619,0
123600783069450,333971,47,1980,2619,0
123600788135885,333971,47,1980,2619,0
123600793200828,333971,47,1980,2619,0
123600798262296,333971,47,1980,2619,0
123600803326057,333971,47,1980,2619,0
123600808388706,333971,47,1980,2619,0
123600813450294,333971,47,1980,2619,0
123600818509969,333971,47,1980,2619,0
123600823575062,333971,47,1980,2619,0
123600828640305,333971,47,1980,2619,0
123600833713250,333971,47,1980,2619,0
123600838779635,333971,47,1980,2619,0
123600843842204,333971,47,1980,2619,0
123600848904043,333971,47,1980,2619,0
123600853966682,333971,47,1980,2619,0
123600859009422,333971,47,1980,2619,0
123600864068486,333971,47,1980,2619,0
123600869134670,333971,47,1980,2619,0
123600874200314,333750,47,1980,2619,0
123600879266970,333750,47,1980,2619,0
123600884333655,333750,47,1980,2619,0
123600889396044,333750,47,1980,2619,0
123600894456130,333750,47,1980,2619,0
123600899516155,333750,47,1980,2619,0
123600904576731,333750,47,1980,2619,0
123600909644028,333750,47,1980,2619,0
123600914713337,333750,47,1980,2619,0
123600919781835,333750,47,1980,2619,0
123600924847399,333750,47,1980,2619,0
123600929911921,333750,47,1980,2619,0
123600934973439,333750,47,1980,2619,0
123600940038302,333750,47,1980,2619,0
123600945097756,333750,47,1980,2619,0
123600950156189,333750,47,1980,2619,0
123600955220130,333750,47,1980,2619,0
123600960286836,333750,47,1980,2619,0
123600965350707,333750,47,1980,2619,0
123600970415460,333761,47,1980,2619,0
123600975478860,333761,47,1980,2619,0
123600980540028,333761,47,1980,2619,0
123600985599903,333761,47,1980,2619,0
123600990664996,333761,47,1980,2619,0
123600995727014,333761,47,1980,2619,0
123601000793439,333761,47,1980,2619,0
123601005869148,333761,47,1980,2619,0
123601010932699,333761,47,1980,2619,0
123601015993796,333761,47,1980,2619,0
123601021009025,333761,47,1980,2619,0
123601026070222,333761,47,1980,2619,0
123601031130628,333761,47,1980,2619,0
123601036192045,333761,47,1980,2619,0
123601041255035,333761,47,1980,2619,0
123601046315822,333761,47,1980,2619,0
123601051383058,333761,47,1980,2619,0
123601056476564,333761,47,1980,2619,0
123601061539984,333761,47,1980,2619,0
123601066601602,333761,47,1980,2619,0
123601071661598,333900,47,1980,2619,0
123601076726791,333900,47,1980,2619,0
123601081791003,333900,47,1980,2619,0
123601086864488,333900,47,1980,2619,0
123601091931444,333900,47,1980,2619,0
123601096993422,333900,47,1980,2619,0
123601102053178,333900,47,1980,2619,0
123601107115196,333900,47,1980,2619,0
123601112177114,333900,47,1980,2619,0
123601117236899,333900,47,1980,2619,0
123601122307000,333900,47,1980,2619,0
123601127371241,333900,47,1980,2619,0
123601132431738,333900,47,1980,2619,0
123601137501147,333900,47,1980,2619,0
123601142565469,333900,47,1980,2619,0
123601147628870,333900,47,1980,2619,0
123601152689086,333900,47,1980,2619,0
123601157754349,333900,47,1980,2619,0
123601162818520,333900,47,1980,2619,0
123601167884505,333900,47,1980,2619,0
123601172955186,334374,47,1980,2619,0
123601178016734,334374,47,1980,2619,0
123601183085302,334374,47,1980,2619,0
123601188148042,334374,47,1980,2619,0
123601193208087,334374,47,1980,2619,0
123601198268353,334374,47,1980,2619,0
123601203326506,334374,47,1980,2619,0
123601208391398,334374,47,1980,2619,0
123601213452886,334374,47,1980,2619,0
123601218515606,334374,47,1980,2619,0
123601223584154,334374,47,1980,2619,0
123601228648476,334374,47,1980,2619,0
123601233709282,334374,47,1980,2619,0
123601238771221,334374,47,1980,2619,0
123601243837996,334374,47,1980,2619,0
123601248902038,334374,47,1980,2619,0
123601253969725,334374,47,1980,2619,0
123601259014167,334374,47,1980,2619,0
123601264080933,334374,47,1980,2619,0
123601269143161,334374,47,1980,2619,0
123601274207323,334413,47,1980,2619,0
123601279270032,334413,47,1980,2619,0
123601284329126,334413,47,1980,2619,0
123601289395401,334413,47,1980,2619,0
123601294459162,334413,47,1980,2619,0
123601299525788,334413,47,1980,2619,0
123601304592934,334413,47,1980,2619,0
123601309655834,334413,47,1980,2619,0
123601314716850,334413,47,1980,2619,0
123601319778969,334413,47,1980,2619,0
123601324840497,334413,47,1980,2619,0
123601329905740,334413,47,1980,2619,0
123601334973076,334413,47,1980,2619,0
123601340040784,334413,47,1980,2619,0
123601345104495,334413,47,1980,2619,0
123601350167264,334413,47,1980,2619,0
123601355229102,334413,47,1980,2619,0
123601360291631,334413,47,1980,2619,0
123601365351196,334413,47,1980,2619,0
123601370410811,334275,47,1980,2619,0
123601375478077,334275,47,1980,2619,0
123601380543130,334275,47,1980,2619,0
123601385606541,334275,47,1980,2619,0
123601390674979,334275,47,1980,2619,0
123601395738139,334275,47,1980,2619,0
123601400800268,334275,47,1980,2619,0
123601405861014,334275,47,1980,2619,0
123601410925456,334275,47,1980,2619,0
123601415988436,334275,47,1980,2619,0
123601421054451,334275,47,1980,2619,0
123601426121256,334275,47,1980,2619,0
123601431183365,334275,47,1980,2619,0
123601436245243,334275,47,1980,2619,0
123601441307642,334275,47,1980,2619,0
123601446366726,334275,47,1980,2619,0
123601451428384,334275,47,1980,2619,0
123601456498845,334275,47,1980,2619,0
123601461567123,334275,47,1980,2619,0
123601466632116,334275,47,1980,2619,0
123601471699002,334426,47,1980,2619,0
123601476765417,334426,47,1980,2619,0
123601481828146,334426,47,1980,2619,0
123601486887711,334426,47,1980,2619,0
123601491948297,334426,47,1980,2619,0
123601497017917,334426,47,1980,2619,0
123601502081388,334426,47,1980,2619,0
123601507149435,334426,47,1980,2619,0
123601512214488,334426,47,1980,2619,0
123601517275766,334426,47,1980,2619,0
123601522334760,334426,47,1980,2619,0
123601527397159,334426,47,1980,2619,0
123601532456693,334426,47,1980,2619,0
123601537518191,334426,47,1980,2619,0
123601542588121,334426,47,1980,2619,0
123601547654086,334426,47,1980,2619,0
123601552717296,334426,47,1980,2619,0
123601557777792,334426,47,1980,2619,0
123601562844407,334426,47,1980,2619,0
123601567905214,334426,47,1980,2619,0
123601572965710,334567,47,1980,2619,0
123601578030313,334567,47,1980,2619,0
123601583094414,334567,47,1980,2619,0
123601588156893,334567,47,1980,2619,0
123601593226964,334567,47,1980,2619,0
123601598290715,334567,47,1980,2619,0
123601603354005,334567,47,1980,2619,0
123601608417466,334567,47,1980,2619,0
123601613480546,334567,47,1980,2619,0
123601618540822,334567,47,1980,2619,0
123601623600977,334567,47,1980,2619,0
123601628669566,334567,47,1980,2619,0
123601633732215,334567,47,1980,2619,0
123601638793512,334567,47,1980,2619,0
123601643861189,334567,47,1980,2619,0
123601648923819,334567,47,1980,2619,0
123601653984125,334567,47,1980,2619,0
123601659009698,334567,47,1980,2619,0
123601664073089,334567,47,1980,2619,0
123601669134116,334567,47,1980,2619,0
123601674205168,334480,47,1980,2619,0
123601679270872,334480,47,1980,2619,0
123601684332540,334480,47,1980,2619,0
123601689394378,334480,47,1980,2619,0
123601694460703,334480,47,1980,2619,0
123601699522241,334480,47,1980,2619,0
123601704583438,334480,47,1980,2619,0
123601709648060,334480,47,1980,2619,0
123601714712823,334480,47,1980,2619,0
123601719775893,334480,47,1980,2619,0
123601724843500,334480,47,1980,2619,0
123601729909063,334480,47,1980,2619,0
123601734970931,334480,47,1980,2619,0
123601740032299,334480,47,1980,2619,0
123601745094468,334480,47,1980,2619,0
123601750157878,334480,47,1980,2619,0
123601755220728,334480,47,1980,2619,0
123601760285290,334480,47,1980,2619,0
123601765348000,334480,47,1980,2619,0
123601770410619,334176,47,1980,2619,0
123601775473869,334176,47,1980,2619,0
123601780537300,334176,47,1980,2619,0
123601785596624,334176,47,1980,2619,0
123601790655928,334176,47,1980,2619,0
123601795721452,334176,47,1980,2619,0
123601800784262,334176,47,1980,2619,0
123601805847392,334176,47,1980,2619,0
123601810916471,334176,47,1980,2619,0
123601815979802,334176,47,1980,2619,0
123601821039867,334176,47,1980,2619,0
123601826099432,334176,47,1980,2619,0
123601831166047,334176,47,1980,2619,0
123601836226954,334176,47,1980,2619,0
123601841298617,334176,47,1980,2619,0
123601846364271,334176,47,1980,2619,0
123601851427040,334176,47,1980,2619,0
123601856487777,334176,47,1980,2619,0
123601861551378,334176,47,1980,2619,0
123601866611613,334176,47,1980,2619,0
123601871671489,334311,47,1980,2619,0
123601876744503,334311,47,1980,2619,0
123601881811670,334311,47,1980,2619,0
123601886876092,334311,47,1980,2619,0
123601891945351,334311,47,1980,2619,0
123601897015892,334311,47,1980,2619,0
123601902076819,334311,47,1980,2619,0
123601907137345,334311,47,1980,2619,0
123601912196780,334311,47,1980,2619,0
123601917260251,334311,47,1980,2619,0
123601922319965,334311,47,1980,2619,0
123601927386561,334311,47,1980,2619,0
123601932453777,334311,47,1980,2619,0
123601937517138,334311,47,1980,2619,0
123601942577534,334311,47,1980,2619,0
123601947640133,334311,47,1980,2619,0
123601952701050,334311,47,1980,2619,0
123601957759703,334311,47,1980,2619,0
123601962828872,334311,47,1980,2619,0
123601967894606,334311,47,1980,2619,0
123601972955503,334293,47,1980,2619,0
123601978020656,334293,47,1980,2619,0
123601983083887,334293,47,1980,2619,0
123601988145865,334293,47,1980,2619,0
123601993205640,334293,47,1980,2619,0
123601998271063,334293,47,1980,2619,0
123602003334854,334293,47,1980,2619,0
123602008399627,334293,47,1980,2619,0
123602013470188,334293,47,1980,2619,0
123602018532668,334293,47,1980,2619,0
123602023594977,334293,47,1980,2619,0
123602028658487,334293,47,1980,2619,0
123602033720035,334293,47,1980,2619,0
123602038779990,334293,47,1980,2619,0
123602043838443,334293,47,1980,2619,0
123602048905359,334293,47,1980,2619,0
123602053970352,334293,47,1980,2619,0
123602059011910,334293,47,1980,2619,0
123602064081880,334293,47,1980,2619,0
123602069144099,334293,47,1980,2619,0
123602074204605,334136,47,1980,2619,0
123602079264230,334136,47,1980,2619,0
123602084326549,334136,47,1980,2619,0
123602089387696,334136,47,1980,2619,0
123602094455223,334136,47,1980,2619,0
123602099522910,334136,47,1980,2619,0
123602104585529,334136,47,1980,2619,0
123602109646346,334136,47,1980,2619,0
123602114708484,334136,47,1980,2619,0
123602119770052,334136,47,1980,2619,0
123602124829927,334136,47,1980,2619,0
123602129895972,334136,47,1980,2619,0
123602134961205,334136,47,1980,2619,0
123602140025126,334136,47,1980,2619,0
123602145086384,334136,47,1980,2619,0
123602150147871,334136,47,1980,2619,0
123602155207426,334136,47,1980,2619,0
123602160267892,334136,47,1980,2619,0
123602165330622,334136,47,1980,2619,0
123602170398619,333977,47,1980,2619,0
123602175463081,333977,47,1980,2619,0
123602180534514,333977,47,1980,2619,0
123602185599406,333977,47,1980,2619,0
123602190661155,333977,47,1980,2619,0
123602195723904,333977,47,1980,2619,0
123602200789668,333977,47,1980,2619,0
123602205849133,333977,47,1980,2619,0
123602210909629,333977,47,1980,2619,0
123602215979169,333977,47,1980,2619,0
123602221043140,333977,47,1980,2619,0
123602226103776,333977,47,1980,2619,0
123602231167047,333977,47,1980,2619,0
123602236229506,333977,47,1980,2619,0
123602241289702,333977,47,1980,2619,0
123602246351129,333977,47,1980,2619,0
123602251416412,333977,47,1980,2619,0
123602256478431,333977,47,1980,2619,0
123602261550585,333977,47,1980,2619,0
123602266622678,333977,47,1980,2619,0
123602271686559,333795,47,1980,2619,0
123602276749680,333795,47,1980,2619,0
123602281812990,333795,47,1980,2619,0
123602286873877,333795,47,1980,2619,0
123602291936807,333795,47,1980,2619,0
123602297012736,333795,47,1980,2619,0
123602302076517,333795,47,1980,2619,0
123602307138415,333795,47,1980,2619,0
123602312202537,333795,47,1980,2619,0
123602317267189,333795,47,1980,2619,0
123602322330880,333795,47,1980,2619,0
123602327392508,333795,47,1980,2619,0
123602332451772,333795,47,1980,2619,0
123602337518498,333795,47,1980,2619,0
123602342580266,333795,47,1980,2619,0
123602347642695,333795,47,1980,2619,0
123602352710532,333795,47,1980,2619,0
123602357773091,333795,47,1980,2619,0
123602362835651,333795,47,1980,2619,0
123602367899131,333795,47,1980,2619,0
123602372959507,333558,47,1980,2619,0
123602378021396,333558,47,1980,2619,0
123602383086048,333558,47,1980,2619,0
123602388150740,333558,47,1980,2619,0
123602393212518,333558,47,1980,2619,0
123602398277201,333558,47,1980,2619,0
123602403340511,333558,47,1980,2619,0
123602408402429,333558,47,1980,2619,0
123602413463897,333558,47,1980,2619,0
123602418530833,333558,47,1980,2619,0
123602423591049,333558,47,1980,2619,0
123602428658325,333558,47,1980,2619,0
123602433728446,333558,47,1980,2619,0
123602438791776,333558,47,1980,2619,0
123602443853634,333558,47,1980,2619,0
123602448917966,333558,47,1980,2619,0
123602453980816,333558,47,1980,2619,0
123602459008182,333558,47,1980,2619,0
123602464067467,333558,47,1980,2619,0
123602469135785,333558,47,1980,2619,0
123602474199876,333569,47,1980,2619,0
123602479287002,333569,47,1980,2619,0
123602484354219,333569,47,1980,2619,0
123602489415726,333569,47,1980,2619,0
123602494476693,333569,47,1980,2619,0
123602499537189,333569,47,1980,2619,0
123602504601521,333569,47,1980,2619,0
123602509663690,333569,47,1980,2619,0
123602514734982,333569,47,1980,2619,0
123602519804822,333569,47,1980,2619,0
123602524868824,333569,47,1980,2619,0
123602529929240,333569,47,1980,2619,0
123602534993542,333569,47,1980,2619,0
123602540053407,333569,47,1980,2619,0
123602545112000,333569,47,1980,2619,0
123602550179096,333569,47,1980,2619,0
123602555242927,333569,47,1980,2619,0
123602560304325,333569,47,1980,2619,0
123602565373294,333569,47,1980,2619,0
123602570436875,333455,47,1980,2619,0
123602575499935,333455,47,1980,2619,0
123602580559980,333455,47,1980,2619,0
123602585619745,333455,47,1980,2619,0
123602590683246,333455,47,1980,2619,0
123602595746336,333455,47,1980,2619,0
123602600814433,333455,47,1980,2619,0
123602605878595,333455,47,1980,2619,0
123602610941765,333455,47,1980,2619,0
123602616010594,333455,47,1980,2619,0
123602621071401,333455,47,1980,2619,0
123602626130996,333455,47,1980,2619,0
123602631192874,333455,47,1980,2619,0
123602636257927,333455,47,1980,2619,0
123602641321648,333455,47,1980,2619,0
123602646384607,333455,47,1980,2619,0
123602651453516,333455,47,1980,2619,0
123602656517087,333455,47,1980,2619,0
123602661579276,333455,47,1980,2619,0
123602666639081,333455,47,1980,2619,0
123602671705506,332971,47,1980,2619,0
123602676767134,332971,47,1980,2619,0
123602681838246,332971,47,1980,2619,0
123602686906063,332971,47,1980,2619,0
123602691970705,332971,47,1980,2619,0
123602697030671,332971,47,1980,2619,0
123602702094842,332971,47,1980,2619,0
123602707154838,332971,47,1980,2619,0
123602712214353,332971,47,1980,2619,0
123602717278724,332971,47,1980,2619,0
123602722342205,332971,47,1980,2619,0
123602727407419,332971,47,1980,2619,0
123602732474424,332971,47,1980,2619,0
123602737540419,332971,47,1980,2619,0
123602742601766,332971,47,1980,2619,0
123602747663564,332971,47,1980,2619,0
123602752725633,332971,47,1980,2619,0
123602757792499,332971,47,1980,2619,0
123602762855659,332971,47,1980,2619,0
123602767926470,332971,47,1980,2619,0
123602772993847,333415,47,1980,2619,0
123602778062365,333415,47,1980,2619,0
123602783124574,333415,47,1980,2619,0
123602788185370,333415,47,1980,2619,0
123602793246427,333415,47,1980,2619,0
123602798306743,333415,47,1980,2619,0
123602803373829,333415,47,1980,2619,0
123602808438662,333415,47,1980,2619,0
123602813499118,333415,47,1980,2619,0
123602818562889,333415,47,1980,2619,0
123602823626790,333415,47,1980,2619,0
123602828687687,333415,47,1980,2619,0
123602833747602,333415,47,1980,2619,0
123602838813236,333415,47,1980,2619,0
123602843874193,333415,47,1980,2619,0
123602848941720,333415,47,1980,2619,0
123602854012892,333415,47,1980,2619,0
123602859073829,333415,47,1980,2619,0
123602864134365,333415,47,1980,2619,0
123602869197205,333415,47,1980,2619,0
123602874260045,333483,47,1980,2619,0
123602879320701,333483,47,1980,2619,0
123602884381197,333483,47,1980,2619,0
123602889447862,333483,47,1980,2619,0
123602894510101,333483,47,1980,2619,0
123602899577167,333483,47,1980,2619,0
123602904642391,333483,47,1980,2619,0
123602909704890,333483,47,1980,2619,0
123602914766017,333483,47,1980,2619,0
123602919826333,333483,47,1980,2619,0
123602924891616,333483,47,1980,2619,0
123602929952954,333483,47,1980,2619,0
123602935033339,333483,47,1980,2619,0
123602940097832,333483,47,1980,2619,0
123602945160131,333483,47,1980,2619,0
123602950219896,333483,47,1980,2619,0
123602955281844,333483,47,1980,2619,0
123602960342791,333483,47,1980,2619,0
123602965403728,333483,47,1980,2619,0
123602970468961,333618,47,1980,2619,0
123602975534234,333618,47,1980,2619,0
123602980594911,333618,47,1980,2619,0
123602985662818,333618,47,1980,2619,0
123602990726108,333618,47,1980,2619,0
123602995786855,333618,47,1980,2619,0
123603000846960,333618,47,1980,2619,0
123603005909129,333618,47,1980,2619,0
123603010972319,333618,47,1980,2619,0
123603016036651,333618,47,1980,2619,0
123603021104358,333618,47,1980,2619,0
123603026166727,333618,47,1980,2619,0
123603031229407,333618,47,1980,2619,0
123603036291305,333618,47,1980,2619,0
123603041351971,333618,47,1980,2619,0
123603046412467,333618,47,1980,2619,0
123603051470991,333618,47,1980,2619,0
123603056537606,333618,47,1980,2619,0
123603061603230,333618,47,1980,2619,0
123603066667712,333618,47,1980,2619,0
123603071738273,333718,47,1980,2619,0
123603076802745,333718,47,1980,2619,0
123603081865565,333718,47,1980,2619,0
123603086926081,333718,47,1980,2619,0
123603091993588,333718,47,1980,2619,0
123603097054295,333718,47,1980,2619,0
123603102120619,333718,47,1980,2619,0
123603107187755,333718,47,1980,2619,0
123603112250034,333718,47,1980,2619,0
123603117310280,333718,47,1980,2619,0
123603122373040,333718,47,1980,2619,0
123603127437001,333718,47,1980,2619,0
123603132496726,333718,47,1980,2619,0
123603137562089,333718,47,1980,2619,0
123603142627613,333718,47,1980,2619,0
123603147692105,333718,47,1980,2619,0
123603152762046,333718,47,1980,2619,0
123603157826057,333718,47,1980,2619,0
123603162889277,333718,47,1980,2619,0
123603167950665,333718,47,1980,2619,0
123603173012513,334013,47,1980,2619,0
123603178077356,334013,47,1980,2619,0
123603183143571,334013,47,1980,2619,0
123603188211528,334013,47,1980,2619,0
123603193277372,334013,47,1980,2619,0
123603198342876,334013,47,1980,2619,0
123603203405064,334013,47,1980,2619,0
123603208466362,334013,47,1980,2619,0
123603213526457,334013,47,1980,2619,0
123603218585952,334013,47,1980,2619,0
123603223654791,334013,47,1980,2619,0
123603228721696,334013,47,1980,2619,0
123603233784576,334013,47,1980,2619,0
123603238853585,334013,47,1980,2619,0
123603243917917,334013,47,1980,2619,0
123603248979455,334013,47,1980,2619,0
123603254040292,334013,47,1980,2619,0
123603259141048,334013,47,1980,2619,0
123603264202235,334013,47,1980,2619,0
123603269268410,334013,47,1980,2619,0
123603274335045,334125,47,1980,2619,0
123603279402352,334125,47,1980,2619,0
123603284462477,334125,47,1980,2619,0
123603289524546,334125,47,1980,2619,0
123603294585473,334125,47,1980,2619,0
123603299646289,334125,47,1980,2619,0
123603304714066,334125,47,1980,2619,0
123603309783946,334125,47,1980,2619,0
123603314848438,334125,47,1980,2619,0
123603319921523,334125,47,1980,2619,0
123603324985475,334125,47,1980,2619,0
123603330045510,334125,47,1980,2619,0
123603335107228,334125,47,1980,2619,0
123603340167625,334125,47,1980,2619,0
123603345233158,334125,47,1980,2619,0
123603350294836,334125,47,1980,2619,0
123603355364115,334125,47,1980,2619,0
123603360429239,334125,47,1980,2619,0
123603365490756,334125,47,1980,2619,0
123603370550742,334196,47,1980,2619,0
123603375615805,334196,47,1980,2619,0
123603380676511,334196,47,1980,2619,0
123603385740202,334196,47,1980,2619,0
123603390810884,334196,47,1980,2619,0
123603395877569,334196,47,1980,2619,0
123603400940759,334196,47,1980,2619,0
123603406023999,334196,47,1980,2619,0
123603411088021,334196,47,1980,2619,0
123603416148177,334196,47,1980,2619,0
123603421208162,334196,47,1980,2619,0
123603426273546,334196,47,1980,2619,0
123603431335103,334196,47,1980,2619,0
123603436396260,334196,47,1980,2619,0
123603441464969,334196,47,1980,2619,0
123603446526697,334196,47,1980,2619,0
123603451588856,334196,47,1980,2619,0
123603456652937,334196,47,1980,2619,0
123603461715166,334196,47,1980,2619,0
123603466779288,334196,47,1980,2619,0
123603471839433,334291,47,1980,2619,0
123603476906319,334291,47,1980,2619,0
123603481969599,334291,47,1980,2619,0
123603487030266,334291,47,1980,2619,0
123603492097862,334291,47,1980,2619,0
123603497161203,334291,47,1980,2619,0
123603502221318,334291,47,1980,2619,0
123603507282956,334291,47,1980,2619,0
123603512345876,334291,47,1980,2619,0
123603517408025,334291,47,1980,2619,0
123603522477454,334291,47,1980,2619,0
123603527543559,334291,47,1980,2619,0
123603532605157,334291,47,1980,2619,0
123603537666254,334291,47,1980,2619,0
123603542728222,334291,47,1980,2619,0
123603547788809,334291,47,1980,2619,0
123603552850827,334291,47,1980,2619,0
123603557921628,334291,47,1980,2619,0
123603562985169,334291,47,1980,2619,0
123603568048450,334291,47,1980,2619,0
123603573115826,334198,47,1980,2619,0
123603578178806,334198,47,1980,2619,0
123603583241455,334198,47,1980,2619,0
123603588304215,334198,47,1980,2619,0
123603593367135,334198,47,1980,2619,0
123603598427601,334198,47,1980,2619,0
123603603494417,334198,47,1980,2619,0
123603608563846,334198,47,1980,2619,0
123603613629570,334198,47,1980,2619,0
123603618692780,334198,47,1980,2619,0
123603623759085,334198,47,1980,2619,0
123603628821734,334198,47,1980,2619,0
123603633880989,334198,47,1980,2619,0
123603638941034,334198,47,1980,2619,0
123603644012467,334198,47,1980,2619,0
123603649077620,334198,47,1980,2619,0
123603654141050,334198,47,1980,2619,0
123603659205583,334198,47,1980,2619,0
123603664268162,334198,47,1980,2619,0
123603669328558,334198,47,1980,2619,0
123603674389425,334664,47,1980,2619,0
123603679453777,334664,47,1980,2619,0
123603684518069,334664,47,1980,2619,0
123603689591104,334664,47,1980,2619,0
123603694659972,334664,47,1980,2619,0
123603699723843,334664,47,1980,2619,0
123603704785351,334664,47,1980,2619,0
123603709849663,334664,47,1980,2619,0
123603714910450,334664,47,1980,2619,0
123603719973330,334664,47,1980,2619,0
123603725039604,334664,47,1980,2619,0
123603730104878,334664,47,1980,2619,0
123603735167597,334664,47,1980,2619,0
123603740233882,334664,47,1980,2619,0
123603745294989,334664,47,1980,2619,0
123603750355555,334664,47,1980,2619,0
123603755416031,334664,47,1980,2619,0
123603760476157,334664,47,1980,2619,0
123603765543554,334664,47,1980,2619,0
123603770605732,334538,47,1980,2619,0
123603775681431,334538,47,1980,2619,0
123603780747586,334538,47,1980,2619,0
123603785811127,334538,47,1980,2619,0
123603790871993,334538,47,1980,2619,0
123603795935985,334538,47,1980,2619,0
123603800995510,334538,47,1980,2619,0
123603806055224,334538,47,1980,2619,0
123603811121960,334538,47,1980,2619,0
123603816186002,334538,47,1980,2619,0
123603821247279,334538,47,1980,2619,0
123603826310990,334538,47,1980,2619,0
123603831371896,334538,47,1980,2619,0
123603836432483,334538,47,1980,2619,0
123603841493990,334538,47,1980,2619,0
123603846560906,334538,47,1980,2619,0
123603851622624,334538,47,1980,2619,0
123603856687667,334538,47,1980,2619,0
123603861753041,334538,47,1980,2619,0
123603866816111,334538,47,1980,2619,0
123603871880533,334141,47,1980,2619,0
123603876944434,334141,47,1980,2619,0
123603882016297,334141,47,1980,2619,0
123603887075602,334141,47,1980,2619,0
123603892134716,334141,47,1980,2619,0
123603897203434,334141,47,1980,2619,0
123603902268978,334141,47,1980,2619,0
123603907335033,334141,47,1980,2619,0
123603912398413,334141,47,1980,2619,0
123603917460682,334141,47,1980,2619,0
123603922522270,334141,47,1980,2619,0
123603927582285,334141,47,1980,2619,0
123603932647068,334141,47,1980,2619,0
123603937710218,334141,47,1980,2619,0
123603942777274,334141,47,1980,2619,0
123603947845412,334141,47,1980,2619,0
123603952907100,334141,47,1980,2619,0
123603957967976,334141,47,1980,2619,0
123603963035964,334141,47,1980,2619,0
123603968097872,334141,47,1980,2619,0
123603973157617,333993,47,1980,2619,0
123603978223721,333993,47,1980,2619,0
123603983287733,333993,47,1980,2619,0
123603988349992,333993,47,1980,2619,0
123603993416247,333993,47,1980,2619,0
123603998477123,333993,47,1980,2619,0
123604003538651,333993,47,1980,2619,0
123604008599708,333993,47,1980,2619,0
123604013661246,333993,47,1980,2619,0
123604018727641,333993,47,1980,2619,0
123604023794556,333993,47,1980,2619,0
123604028865739,333993,47,1980,2619,0
123604033930121,333993,47,1980,2619,0
123604038993812,333993,47,1980,2619,0
123604044055079,333993,47,1980,2619,0
123604049117909,333993,47,1980,2619,0
123604054176232,333993,47,1980,2619,0
123604059237198,333993,47,1980,2619,0
123604064303914,333993,47,1980,2619,0
123604069366023,333993,47,1980,2619,0
123604074426659,333853,47,1980,2619,0
123604079494897,333853,47,1980,2619,0
123604084560951,333853,47,1980,2619,0
123604089622058,333853,47,1980,2619,0
123604094683085,333853,47,1980,2619,0
123604099749470,333853,47,1980,2619,0
123604104811869,333853,47,1980,2619,0
123604109882891,333853,47,1980,2619,0
123604114952070,333853,47,1980,2619,0
123604120014730,333853,47,1980,2619,0
123604125075697,333853,47,1980,2619,0
123604130138877,333853,47,1980,2619,0
123604135202958,333853,47,1980,2619,0
123604140261822,333853,47,1980,2619,0
123604145328017,333853,47,1980,2619,0
123604150391808,333853,47,1980,2619,0
123604155454007,333853,47,1980,2619,0
123604160514733,333853,47,1980,2619,0
123604165581899,333853,47,1980,2619,0
123604170643677,333544,47,1980,2619,0
123604175704935,333544,47,1980,2619,0
123604180765371,333544,47,1980,2619,0
123604185829052,333544,47,1980,2619,0
123604190890880,333544,47,1980,2619,0
123604195960369,333544,47,1980,2619,0
123604201025623,333544,47,1980,2619,0
123604206088673,333544,47,1980,2619,0
123604211150671,333544,47,1980,2619,0
123604216214252,333544,47,1980,2619,0
123604221274718,333544,47,1980,2619,0
123604226334493,333544,47,1980,2619,0
123604231398655,333544,47,1980,2619,0
123604236462897,333544,47,1980,2619,0
123604241525336,333544,47,1980,2619,0
123604246590409,333544,47,1980,2619,0
123604251653949,333544,47,1980,2619,0
123604256715958,333544,47,1980,2619,0
123604261777115,333544,47,1980,2619,0
123604266848508,333544,47,1980,2619,0
123604271911457,333531,47,1980,2619,0
123604276979725,333531,47,1980,2619,0
123604282050547,333531,47,1980,2619,0
123604287113316,333531,47,1980,2619,0
123604292175946,333531,47,1980,2619,0
123604297240117,333531,47,1980,2619,0
123604302301325,333531,47,1980,2619,0
123604307363834,333531,47,1980,2619,0
123604312425422,333531,47,1980,2619,0
123604317493870,333531,47,1980,2619,0
123604322559313,333531,47,1980,2619,0
123604327629574,333531,47,1980,2619,0
123604332694797,333531,47,1980,2619,0
123604337759119,333531,47,1980,2619,0
123604342820347,333531,47,1980,2619,0
123604347880312,333531,47,1980,2619,0
123604352945535,333531,47,1980,2619,0
123604358010378,333531,47,1980,2619,0
123604363075191,333531,47,1980,2619,0
123604368141325,333531,47,1980,2619,0
123604373206068,333702,47,1980,2619,0
123604378266674,333702,47,1980,2619,0
123604383329233,333702,47,1980,2619,0
123604388391092,333702,47,1980,2619,0
123604393449064,333702,47,1980,2619,0
123604398518293,333702,47,1980,2619,0
123604403582555,333702,47,1980,2619,0
123604408643953,333702,47,1980,2619,0
123604413713953,333702,47,1980,2619,0
123604418777844,333702,47,1980,2619,0
123604423843848,333702,47,1980,2619,0
123604428903944,333702,47,1980,2619,0
123604433964620,333702,47,1980,2619,0
123604439026919,333702,47,1980,2619,0
123604444091111,333702,47,1980,2619,0
123604449158297,333702,47,1980,2619,0
123604454219905,333702,47,1980,2619,0
123604459282274,333702,47,1980,2619,0
123604464344723,333702,47,1980,2619,0
123604469406171,333702,47,1980,2619,0
123604474467528,333523,47,1980,2619,0
123604479527744,333523,47,1980,2619,0
123604484595010,333523,47,1980,2619,0
123604489659272,333523,47,1980,2619,0
123604494722533,333523,47,1980,2619,0
123604499788817,333523,47,1980,2619,0
123604504852919,333523,47,1980,2619,0
123604509914537,333523,47,1980,2619,0
123604514974923,333523,47,1980,2619,0
123604520037462,333523,47,1980,2619,0
123604525099460,333523,47,1980,2619,0
123604530166406,333523,47,1980,2619,0
123604535232321,333523,47,1980,2619,0
123604540294209,333523,47,1980,2619,0
123604545355496,333523,47,1980,2619,0
123604550419367,333523,47,1980,2619,0
123604555479403,333523,47,1980,2619,0
123604560539398,333523,47,1980,2619,0
123604565608317,333523,47,1980,2619,0
123604570675473,333573,47,1980,2619,0
123604575739074,333573,47,1980,2619,0
123604580805269,333573,47,1980,2619,0
123604585869931,333573,47,1980,2619,0
123604590932250,333573,47,1980,2619,0
123604595994959,333573,47,1980,2619,0
123604601009417,333573,47,1980,2619,0
123604606073759,333573,47,1980,2619,0
123604611136508,333573,47,1980,2619,0
123604616205196,333573,47,1980,2619,0
123604621269609,333573,47,1980,2619,0
123604626331597,333573,47,1980,2619,0
123604631392564,333573,47,1980,2619,0
123604636452990,333573,47,1980,2619,0
123604641513035,333573,47,1980,2619,0
123604646573481,333573,47,1980,2619,0
123604651641609,333573,47,1980,2619,0
123604656707634,333573,47,1980,2619,0
123604661770593,333573,47,1980,2619,0
123604666840454,333573,47,1980,2619,0
123604671905056,333351,47,1980,2619,0
123604676967906,333351,47,1980,2619,0
123604682029744,333351,47,1980,2619,0
123604687093385,333351,47,1980,2619,0
123604692156285,333351,47,1980,2619,0
123604697220096,333351,47,1980,2619,0
123604702288454,333351,47,1980,2619,0
123604707351884,333351,47,1980,2619,0
123604712415094,333351,47,1980,2619,0
123604717480137,333351,47,1980,2619,0
123604722543067,333351,47,1980,2619,0
123604727603824,333351,47,1980,2619,0
123604732665341,333351,47,1980,2619,0
123604737731917,333351,47,1980,2619,0
123604742793685,333351,47,1980,2619,0
123604747866099,333351,47,1980,2619,0
123604752932374,333351,47,1980,2619,0
123604757995914,333351,47,1980,2619,0
123604763066796,333351,47,1980,2619,0
123604768128624,333351,47,1980,2619,0
123604773192716,333454,47,1980,2619,0
123604778253272,333454,47,1980,2619,0
123604783328981,333454,47,1980,2619,0
123604788395777,333454,47,1980,2619,0
123604793458216,333454,47,1980,2619,0
123604798520084,333454,47,1980,2619,0
123604803585187,333454,47,1980,2619,0
123604808646835,333454,47,1980,2619,0
123604813706870,333454,47,1980,2619,0
123604818777902,333454,47,1980,2619,0
123604823843767,333454,47,1980,2619,0
123604828906957,333454,47,1980,2619,0
123604833975906,333454,47,1980,2619,0
123604839040027,333454,47,1980,2619,0
123604844099782,333454,47,1980,2619,0
123604849163163,333454,47,1980,2619,0
123604854226603,333454,47,1980,2619,0
123604859290134,333454,47,1980,2619,0
123604864355417,333454,47,1980,2619,0
123604869423205,333454,47,1980,2619,0
123604874486325,333565,47,1980,2619,0
123604879549805,333565,47,1980,2619,0
123604884613847,333565,47,1980,2619,0
123604889674483,333565,47,1980,2619,0
123604894734088,333565,47,1980,2619,0
123604899793673,333565,47,1980,2619,0
123604904861590,333565,47,1980,2619,0
123604909926092,333565,47,1980,2619,0
123604914989493,333565,47,1980,2619,0
123604920054426,333565,47,1980,2619,0
123604925118277,333565,47,1980,2619,0
123604930178372,333565,47,1980,2619,0
123604935238468,333565,47,1980,2619,0
123604940305684,333565,47,1980,2619,0
123604945367622,333565,47,1980,2619,0
123604950438344,333565,47,1980,2619,0
123604955504218,333565,47,1980,2619,0
123604960566617,333565,47,1980,2619,0
123604965627204,333565,47,1980,2619,0
123604970692337,333535,47,1980,2619,0
123604975757219,333535,47,1980,2619,0
123604980817275,333535,47,1980,2619,0
123604985891802,333535,47,1980,2619,0
123604990957636,333535,47,1980,2619,0
123604996019464,333535,47,1980,2619,0
123605001089455,333535,47,1980,2619,0
123605006151623,333535,47,1980,2619,0
123605011211639,333535,47,1980,2619,0
123605016272205,333535,47,1980,2619,0
123605021333382,333535,47,1980,2619,0
123605026396983,333535,47,1980,2619,0
123605031466142,333535,47,1980,2619,0
123605036534390,333535,47,1980,2619,0
123605041600355,333535,47,1980,2619,0
123605046663865,333535,47,1980,2619,0
123605051725022,333535,47,1980,2619,0
123605056787291,333535,47,1980,2619,0
123605061846155,333535,47,1980,2619,0
123605066908975,333535,47,1980,2619,0
123605071993978,333736,47,1980,2619,0
123605077064729,333736,47,1980,2619,0
123605082128190,333736,47,1980,2619,0
123605087193032,333736,47,1980,2619,0
123605092254830,333736,47,1980,2619,0
123605097317920,333736,47,1980,2619,0
123605102377836,333736,47,1980,2619,0
123605107440535,333736,47,1980,2619,0
123605112502634,333736,47,1980,2619,0
123605117570461,333736,47,1980,2619,0
123605122640482,333736,47,1980,2619,0
123605127703532,333736,47,1980,2619,0
123605132764789,333736,47,1980,2619,0
123605137827368,333736,47,1980,2619,0
123605142888215,333736,47,1980,2619,0
123605147947619,333736,47,1980,2619,0
123605153016678,333736,47,1980,2619,0
123605158082833,333736,47,1980,2619,0
123605163147465,333736,47,1980,2619,0
123605168211867,333736,47,1980,2619,0
123605173274427,333860,47,1980,2619,0
123605178336075,333860,47,1980,2619,0
123605183397422,333860,47,1980,2619,0
123605188457808,333860,47,1980,2619,0
123605193521909,333860,47,1980,2619,0
123605198582906,333860,47,1980,2619,0
123605203656602,333860,47,1980,2619,0
123605208724750,333860,47,1980,2619,0
123605213788070,333860,47,1980,2619,0
123605218850359,333860,47,1980,2619,0
123605223914581,333860,47,1980,2619,0
123605228975608,333860,47,1980,2619,0
123605234034802,333860,47,1980,2619,0
123605239103841,333860,47,1980,2619,0
123605244169074,333860,47,1980,2619,0
123605249229520,333860,47,1980,2619,0
123605254294443,333860,47,1980,2619,0
123605259358645,333860,47,1980,2619,0
123605264422296,333860,47,1980,2619,0
123605269484284,333860,47,1980,2619,0
123605274554084,333550,47,1980,2619,0
123605279617435,333550,47,1980,2619,0
123605284683730,333550,47,1980,2619,0
123605289755032,333550,47,1980,2619,0
123605294818873,333550,47,1980,2619,0
123605299881843,333550,47,1980,2619,0
123605304946285,333550,47,1980,2619,0
123605310016005,333550,47,1980,2619,0
123605315077352,333550,47,1980,2619,0
123605320136597,333550,47,1980,2619,0
123605325202371,333550,47,1980,2619,0
123605330265601,333550,47,1980,2619,0
123605335327750,333550,47,1980,2619,0
123605340392382,333550,47,1980,2619,0
123605345452598,333550,47,1980,2619,0
123605350514466,333550,47,1980,2619,0
123605355573891,333550,47,1980,2619,0
123605360637572,333550,47,1980,2619,0
123605365699310,333550,47,1980,2619,0
123605370767508,333489,47,1980,2619,0
123605375836236,333489,47,1980,2619,0
123605380898945,333489,47,1980,2619,0
123605385961935,333489,47,1980,2619,0
123605391024254,333489,47,1980,2619,0
123605396084510,333489,47,1980,2619,0
123605401143915,333489,47,1980,2619,0
123605406203079,333489,47,1980,2619,0
123605411266629,333489,47,1980,2619,0
123605416328468,333489,47,1980,2619,0
123605421395083,333489,47,1980,2619,0
123605426456491,333489,47,1980,2619,0
123605431517077,333489,47,1980,2619,0
123605436578024,333489,47,1980,2619,0
123605441642466,333489,47,1980,2619,0
123605446707329,333489,47,1980,2619,0
123605451774875,333489,47,1980,2619,0
123605456844495,333489,47,1980,2619,0
123605461944771,333489,47,1980,2619,0
123605467014090,333489,47,1980,2619,0
123605472076689,333299,47,1980,2619,0
123605477138428,333299,47,1980,2619,0
123605482199815,333299,47,1980,2619,0
123605487258268,333299,47,1980,2619,0
123605492321689,333299,47,1980,2619,0
123605497385109,333299,47,1980,2619,0
123605502446567,333299,47,1980,2619,0
123605507511730,333299,47,1980,2619,0
123605512575962,333299,47,1980,2619,0
123605517636828,333299,47,1980,2619,0
123605522696944,333299,47,1980,2619,0
123605527762748,333299,47,1980,2619,0
123605532824246,333299,47,1980,2619,0
123605537894316,333299,47,1980,2619,0
123605542962484,333299,47,1980,2619,0
123605548024793,333299,47,1980,2619,0
123605553085179,333299,47,1980,2619,0
123605558147919,333299,47,1980,2619,0
123605563209226,333299,47,1980,2619,0
123605568268470,333299,47,1980,2619,0
123605573332952,333162,47,1980,2619,0
123605578399087,333162,47,1980,2619,0
123605583463599,333162,47,1980,2619,0
123605588532779,333162,47,1980,2619,0
123605593599404,333162,47,1980,2619,0
123605598662213,333162,47,1980,2619,0
123605603723761,333162,47,1980,2619,0
123605608785680,333162,47,1980,2619,0
123605613851764,333162,47,1980,2619,0
123605618912350,333162,47,1980,2619,0
123605623987839,333162,47,1980,2619,0
123605629053643,333162,47,1980,2619,0
123605634116573,333162,47,1980,2619,0
123605639175907,333162,47,1980,2619,0
123605644240019,333162,47,1980,2619,0
123605649300305,333162,47,1980,2619,0
123605654359519,333162,47,1980,2619,0
123605659423240,333162,47,1980,2619,0
123605664489745,333162,47,1980,2619,0
123605669551954,333162,47,1980,2619,0
123605674616226,332992,47,1980,2619,0
123605679681399,332992,47,1980,2619,0
123605684745090,332992,47,1980,2619,0
123605689806768,332992,47,1980,2619,0
123605694876638,332992,47,1980,2619,0
123605699940078,332992,47,1980,2619,0
123605705009789,332992,47,1980,2619,0
123605710078737,332992,47,1980,2619,0
123605715141777,332992,47,1980,2619,0
123605720225248,332992,47,1980,2619,0
123605725289410,332992,47,1980,2619,0
123605730350306,332992,47,1980,2619,0
123605735410182,332992,47,1980,2619,0
123605740470457,332992,47,1980,2619,0
123605745537924,332992,47,1980,2619,0
123605750601235,332992,47,1980,2619,0
123605755675511,332992,47,1980,2619,0
123605760742878,332992,47,1980,2619,0
123605765807961,332992,47,1980,2619,0
123605770869579,332878,47,1980,2619,0
123605775932048,332878,47,1980,2619,0
123605780998403,332878,47,1980,2619,0
123605786070286,332878,47,1980,2619,0
123605791136411,332878,47,1980,2619,0
123605796202355,332878,47,1980,2619,0
123605801264343,332878,47,1980,2619,0
123605806326031,332878,47,1980,2619,0
123605811390073,332878,47,1980,2619,0
123605816451280,332878,47,1980,2619,0
123605821510775,332878,47,1980,2619,0
123605826576729,332878,47,1980,2619,0
123605831642924,332878,47,1980,2619,0
123605836704431,332878,47,1980,2619,0
123605841775033,332878,47,1980,2619,0
123605846839625,332878,47,1980,2619,0
123605851900091,332878,47,1980,2619,0
123605856961228,332878,47,1980,2619,0
123605862023016,332878,47,1980,2619,0
123605867085946,332878,47,1980,2619,0
123605872151370,332629,47,1980,2619,0
123605877218356,332629,47,1980,2619,0
123605882281285,332629,47,1980,2619,0
123605887342763,332629,47,1980,2619,0
123605892404060,332629,47,1980,2619,0
123605897465428,332629,47,1980,2619,0
123605902524642,332629,47,1980,2619,0
123605907584597,332629,47,1980,2619,0
123605912654428,332629,47,1980,2619,0
123605917719481,332629,47,1980,2619,0
123605922783052,332629,47,1980,2619,0
123605927852441,332629,47,1980,2619,0
123605932916713,332629,47,1980,2619,0
123605937977960,332629,47,1980,2619,0
123605943039698,332629,47,1980,2619,0
123605948103379,332629,47,1980,2619,0
123605953163755,332629,47,1980,2619,0
123605958234036,332629,47,1980,2619,0
123605963298238,332629,47,1980,2619,0
123605968362039,332629,47,1980,2619,0
123605973423226,332733,47,1980,2619,0
123605978488680,332733,47,1980,2619,0
123605983550097,332733,47,1980,2619,0
123605988611525,332733,47,1980,2619,0
123605993681235,332733,47,1980,2619,0
123605998746217,332733,47,1980,2619,0
123606003811120,332733,47,1980,2619,0
123606008877866,332733,47,1980,2619,0
123606013944501,332733,47,1980,2619,0
123606019007671,332733,47,1980,2619,0
123606024068828,332733,47,1980,2619,0
123606029129705,332733,47,1980,2619,0
123606034192274,332733,47,1980,2619,0
123606039254013,332733,47,1980,2619,0
123606044325846,332733,47,1980,2619,0
123606049390258,332733,47,1980,2619,0
123606054452296,332733,47,1980,2619,0
123606059513964,332733,47,1980,2619,0
123606064577415,332733,47,1980,2619,0
123606069637430,332733,47,1980,2619,0
123606074697325,332464,47,1980,2619,0
123606079771923,332464,47,1980,2619,0
123606084840721,332464,47,1980,2619,0
123606089905123,332464,47,1980,2619,0
123606094973341,332464,47,1980,2619,0
123606100036672,332464,47,1980,2619,0
123606105097969,332464,47,1980,2619,0
123606110157293,332464,47,1980,2619,0
123606115219562,332464,47,1980,2619,0
123606120280469,332464,47,1980,2619,0
123606125343619,332464,47,1980,2619,0
123606130411937,332464,47,1980,2619,0
123606135475999,332464,47,1980,2619,0
123606140538438,332464,47,1980,2619,0
123606145602469,332464,47,1980,2619,0
123606150662945,332464,47,1980,2619,0
123606155722830,332464,47,1980,2619,0
123606160781754,332464,47,1980,2619,0
123606165846777,332464,47,1980,2619,0
123606170912731,332597,47,1980,2619,0
123606175985927,332597,47,1980,2619,0
123606181049487,332597,47,1980,2619,0
123606186110014,332597,47,1980,2619,0
123606191170520,332597,47,1980,2619,0
123606196230605,332597,47,1980,2619,0
123606201293746,332597,47,1980,2619,0
123606206356014,332597,47,1980,2619,0
123606211426606,332597,47,1980,2619,0
123606216496596,332597,47,1980,2619,0
123606221559456,332597,47,1980,2619,0
123606226620233,332597,47,1980,2619,0
123606231686407,332597,47,1980,2619,0
123606236747103,332597,47,1980,2619,0
123606241807820,332597,47,1980,2619,0
123606246879032,332597,47,1980,2619,0
123606251944786,332597,47,1980,2619,0
123606257014256,332597,47,1980,2619,0
123606262078938,332597,47,1980,2619,0
123606267141698,332597,47,1980,2619,0
123606272201984,332540,47,1980,2619,0
123606277262710,332540,47,1980,2619,0
123606282324288,332540,47,1980,2619,0
123606287386697,332540,47,1980,2619,0
123606292450298,332540,47,1980,2619,0
123606297516543,332540,47,1980,2619,0
123606302579883,332540,47,1980,2619,0
123606307644005,332540,47,1980,2619,0
123606312706965,332540,47,1980,2619,0
123606317769514,332540,47,1980,2619,0
123606322830801,332540,47,1980,2619,0
123606327891297,332540,47,1980,2619,0
123606332961288,332540,47,1980,2619,0
123606338024338,332540,47,1980,2619,0
123606343087778,332540,47,1980,2619,0
123606348148996,332540,47,1980,2619,0
123606353211775,332540,47,1980,2619,0
123606358272361,332540,47,1980,2619,0
123606363331626,332540,47,1980,2619,0
123606368413734,332540,47,1980,2619,0
123606373475002,332490,47,1980,2619,0
123606378545653,332490,47,1980,2619,0
123606383611377,332490,47,1980,2619,0
123606388676731,332490,47,1980,2619,0
123606393737978,332490,47,1980,2619,0
123606398801268,332490,47,1980,2619,0
123606403863397,332490,47,1980,2619,0
123606408923793,332490,47,1980,2619,0
123606413998039,332490,47,1980,2619,0
123606419066868,332490,47,1980,2619,0
123606424128616,332490,47,1980,2619,0
123606429198166,332490,47,1980,2619,0
123606434260214,332490,47,1980,2619,0
123606439320771,332490,47,1980,2619,0
123606444381187,332490,47,1980,2619,0
123606449441944,332490,47,1980,2619,0
123606454505584,332490,47,1980,2619,0
123606459572891,332490,47,1980,2619,0
123606464635740,332490,47,1980,2619,0
123606469702075,332490,47,1980,2619,0
123606474765035,332585,47,1980,2619,0
123606479830629,332585,47,1980,2619,0
123606484892257,332585,47,1980,2619,0
123606489952312,332585,47,1980,2619,0
123606495017245,332585,47,1980,2619,0
123606500084962,332585,47,1980,2619,0
123606505149795,332585,47,1980,2619,0
123606510210812,332585,47,1980,2619,0
123606515275014,332585,47,1980,2619,0
123606520337553,332585,47,1980,2619,0
123606525398389,332585,47,1980,2619,0
123606530458695,332585,47,1980,2619,0
123606535522066,332585,47,1980,2619,0
123606540582632,332585,47,1980,2619,0
123606545648346,332585,47,1980,2619,0
123606550719138,332585,47,1980,2619,0
123606555782959,332585,47,1980,2619,0
123606560844386,332585,47,1980,2619,0
123606565910631,332585,47,1980,2619,0
123606570973070,332868,47,1980,2619,0
123606576032775,332868,47,1980,2619,0
123606581094773,332868,47,1980,2619,0
123606586161229,332868,47,1980,2619,0
123606591225531,332868,47,1980,2619,0
123606596289211,332868,47,1980,2619,0
123606601353133,332868,47,1980,2619,0
123606606414300,332868,47,1980,2619,0
123606611475297,332868,47,1980,2619,0
123606616535362,332868,47,1980,2619,0
123606621600415,332868,47,1980,2619,0
123606626662875,332868,47,1980,2619,0
123606631736210,332868,47,1980,2619,0
123606636806350,332868,47,1980,2619,0
123606641869250,332868,47,1980,2619,0
123606646930137,332868,47,1980,2619,0
123606651993988,332868,47,1980,2619,0
123606657009567,332868,47,1980,2619,0
123606662069733,332868,47,1980,2619,0
123606667136178,332868,47,1980,2619,0
123606672204185,333044,47,1980,2619,0
123606677265673,333044,47,1980,2619,0
123606682330426,333044,47,1980,2619,0
123606687393335,333044,47,1980,2619,0
123606692453351,333044,47,1980,2619,0
123606697514618,333044,47,1980,2619,0
123606702579341,333044,47,1980,2619,0
123606707643182,333044,47,1980,2619,0
123606712709597,333044,47,1980,2619,0
123606717779657,333044,47,1980,2619,0
123606722844910,333044,47,1980,2619,0
123606727907530,333044,47,1980,2619,0
123606732970670,333044,47,1980,2619,0
123606738031767,333044,47,1980,2619,0
123606743092724,333044,47,1980,2619,0
123606748152199,333044,47,1980,2619,0
123606753214477,333044,47,1980,2619,0
123606758278439,333044,47,1980,2619,0
123606763340527,333044,47,1980,2619,0
123606768407263,333044,47,1980,2619,0
123606773469181,333336,47,1980,2619,0
123606778533293,333336,47,1980,2619,0
123606783594460,333336,47,1980,2619,0
123606788659743,333336,47,1980,2619,0
123606793722443,333336,47,1980,2619,0
123606798790720,333336,47,1980,2619,0
123606803858197,333336,47,1980,2619,0
123606808920296,333336,47,1980,2619,0
123606813982194,333336,47,1980,2619,0
123606819043511,333336,47,1980,2619,0
123606824103627,333336,47,1980,2619,0
123606829162941,333336,47,1980,2619,0
123606834232261,333336,47,1980,2619,0
123606839295832,333336,47,1980,2619,0
123606844358862,333336,47,1980,2619,0
123606849428922,333336,47,1980,2619,0
123606854490319,333336,47,1980,2619,0
123606859550685,333336,47,1980,2619,0
123606864611232,333336,47,1980,2619,0
123606869673000,333336,47,1980,2619,0
123606874739875,333391,47,1980,2619,0
123606879809566,333391,47,1980,2619,0
123606884877964,333391,47,1980,2619,0
123606889942366,333391,47,1980,2619,0
123606895008030,333391,47,1980,2619,0
123606900070158,333391,47,1980,2619,0
123606905131315,333391,47,1980,2619,0
123606910190639,333391,47,1980,2619,0
123606915249563,333391,47,1980,2619,0
123606920318653,333391,47,1980,2619,0
123606925383886,333391,47,1980,2619,0
123606930446004,333391,47,1980,2619,0
123606935510887,333391,47,1980,2619,0
123606940573827,333391,47,1980,2619,0
123606945634513,333391,47,1980,2619,0
123606950694649,333391,47,1980,2619,0
123606955760443,333391,47,1980,2619,0
123606960824314,333391,47,1980,2619,0
123606965890129,333391,47,1980,2619,0
123606970960640,333420,47,1980,2619,0
123606976023349,333420,47,1980,2619,0
123606981085017,333420,47,1980,2619,0
123606986147196,333420,47,1980,2619,0
123606991207702,333420,47,1980,2619,0
123606996266746,333420,47,1980,2619,0
123607001336466,333420,47,1980,2619,0
123607006401138,333420,47,1980,2619,0
123607011465010,333420,47,1980,2619,0
123607016552787,333420,47,1980,2619,0
123607021617349,333420,47,1980,2619,0
123607026680499,333420,47,1980,2619,0
123607031741215,333420,47,1980,2619,0
123607036801371,333420,47,1980,2619,0
123607041867646,333420,47,1980,2619,0
123607046928713,333420,47,1980,2619,0
123607052013396,333420,47,1980,2619,0
123607057078879,333420,47,1980,2619,0
123607062143031,333420,47,1980,2619,0
123607067204158,333420,47,1980,2619,0
123607072267188,333162,47,1980,2619,0
123607077331730,333162,47,1980,2619,0
123607082390794,333162,47,1980,2619,0
123607087457019,333162,47,1980,2619,0
123607092525787,333162,47,1980,2619,0
123607097588657,333162,47,1980,2619,0
123607102659659,333162,47,1980,2619,0
123607107723881,333162,47,1980,2619,0
123607112784447,333162,47,1980,2619,0
123607117844503,333162,47,1980,2619,0
123607122913411,333162,47,1980,2619,0
123607127977513,333162,47,1980,2619,0
123607133043728,333162,47,1980,2619,0
123607138115080,333162,47,1980,2619,0
123607143201716,333162,47,1980,2619,0
123607148287990,333162,47,1980,2619,0
123607153369758,333162,47,1980,2619,0
123607158449013,333162,47,1980,2619,0
123607163527015,333162,47,1980,2619,0
123607168604226,333162,47,1980,2619,0
123607173691362,333345,47,1980,2619,0
123607178774482,333345,47,1980,2619,0
123607183864393,333345,47,1980,2619,0
123607188937117,333345,47,1980,2619,0
123607194012886,333345,47,1980,2619,0
123607199082005,333345,47,1980,2619,0
123607204146568,333345,47,1980,2619,0
123607209210859,333345,47,1980,2619,0
123607214273259,333345,47,1980,2619,0
123607219339654,333345,47,1980,2619,0
123607224408753,333345,47,1980,2619,0
123607229472063,333345,47,1980,2619,0
123607234532359,333345,47,1980,2619,0
123607239595699,333345,47,1980,2619,0
123607244656816,333345,47,1980,2619,0
123607249716992,333345,47,1980,2619,0
123607254789386,333345,47,1980,2619,0
123607259855090,333345,47,1980,2619,0
123607264915516,333345,47,1980,2619,0
123607269984645,333345,47,1980,2619,0
123607275047605,333145,47,1980,2619,0
123607280109443,333145,47,1980,2619,0
123607285169328,333145,47,1980,2619,0
123607290229985,333145,47,1980,2619,0
123607295294958,333145,47,1980,2619,0
123607300359740,333145,47,1980,2619,0
123607305429510,333145,47,1980,2619,0
123607310492520,333145,47,1980,2619,0
123607315554429,333145,47,1980,2619,0
123607320616357,333145,47,1980,2619,0
123607325678375,333145,47,1980,2619,0
123607330739162,333145,47,1980,2619,0
123607335798787,333145,47,1980,2619,0
123607340868877,333145,47,1980,2619,0
123607345932849,333145,47,1980,2619,0
123607350996480,333145,47,1980,2619,0
123607356068233,333145,47,1980,2619,0
123607361132244,333145,47,1980,2619,0
123607366192610,333145,47,1980,2619,0
123607371252395,333109,47,1980,2619,0
123607376317088,333109,47,1980,2619,0
123607381377364,333109,47,1980,2619,0
123607386443568,333109,47,1980,2619,0
123607391511546,333109,47,1980,2619,0
123607396575537,333109,47,1980,2619,0
123607401636975,333109,47,1980,2619,0
123607406698873,333109,47,1980,2619,0
123607411760701,333109,47,1980,2619,0
123607416821638,333109,47,1980,2619,0
123607421895194,333109,47,1980,2619,0
123607426960537,333109,47,1980,2619,0
123607432024829,333109,47,1980,2619,0
123607437089611,333109,47,1980,2619,0
123607442152331,333109,47,1980,2619,0
123607447213919,333109,47,1980,2619,0
123607452274245,333109,47,1980,2619,0
123607457336303,333109,47,1980,2619,0
123607462399664,333109,47,1980,2619,0
123607467460440,333109,47,1980,2619,0
123607472533115,333490,47,1980,2619,0
123607477599670,333490,47,1980,2619,0
123607482662820,333490,47,1980,2619,0
123607487724889,333490,47,1980,2619,0
123607492787408,333490,47,1980,2619,0
123607497847093,333490,47,1980,2619,0
123607502909372,333490,47,1980,2619,0
123607507981104,333490,47,1980,2619,0
123607513046728,333490,47,1980,2619,0
123607518107946,333490,47,1980,2619,0
123607523176113,333490,47,1980,2619,0
123607528239424,333490,47,1980,2619,0
123607533300651,333490,47,1980,2619,0
123607538361157,333490,47,1980,2619,0
123607543423426,333490,47,1980,2619,0
123607548483902,333490,47,1980,2619,0
123607553549977,333490,47,1980,2619,0
123607558618705,333490,47,1980,2619,0
123607563684399,333490,47,1980,2619,0
123607568746217,333490,47,1980,2619,0
123607573810179,333249,47,1980,2619,0
123607578871086,333249,47,1980,2619,0
123607583931922,333249,47,1980,2619,0
123607588994141,333249,47,1980,2619,0
123607594012624,333249,47,1980,2619,0
123607599078759,333249,47,1980,2619,0
123607604144913,333249,47,1980,2619,0
123607609208194,333249,47,1980,2619,0
123607614273056,333249,47,1980,2619,0
123607619334093,333249,47,1980,2619,0
123607624394830,333249,47,1980,2619,0
123607629460444,333249,47,1980,2619,0
123607634521170,333249,47,1980,2619,0
123607639593554,333249,47,1980,2619,0
123607644661061,333249,47,1980,2619,0
123607649724331,333249,47,1980,2619,0
123607654785188,333249,47,1980,2619,0
123607659850471,333249,47,1980,2619,0
123607664927452,333249,47,1980,2619,0
123607669987858,333249,47,1980,2619,0
123607675054243,333114,47,1980,2619,0
123607680119527,333114,47,1980,2619,0
123607685180734,333114,47,1980,2619,0
123607690246608,333114,47,1980,2619,0
123607695310469,333114,47,1980,2619,0
123607700370054,333114,47,1980,2619,0
123607705432373,333114,47,1980,2619,0
123607710494491,333114,47,1980,2619,0
123607715557161,333114,47,1980,2619,0
123607720622124,333114,47,1980,2619,0
123607725690211,333114,47,1980,2619,0
123607730753972,333114,47,1980,2619,0
123607735817233,333114,47,1980,2619,0
123607740880363,333114,47,1980,2619,0
123607745942692,333114,47,1980,2619,0
123607751003448,333114,47,1980,2619,0
123607756068531,333114,47,1980,2619,0
123607761137340,333114,47,1980,2619,0
123607766202303,333114,47,1980,2619,0
123607771265112,332701,47,1980,2619,0
123607776333190,332701,47,1980,2619,0
123607781397862,332701,47,1980,2619,0
123607786458649,332701,47,1980,2619,0
123607791517883,332701,47,1980,2619,0
123607796584178,332701,47,1980,2619,0
123607801645726,332701,47,1980,2619,0
123607806715816,332701,47,1980,2619,0
123607811785737,332701,47,1980,2619,0
123607816850389,332701,47,1980,2619,0
123607821911576,332701,47,1980,2619,0
123607826974496,332701,47,1980,2619,0
123607832036114,332701,47,1980,2619,0
123607837095228,332701,47,1980,2619,0
123607842164968,332701,47,1980,2619,0
123607847228739,332701,47,1980,2619,0
123607852291138,332701,47,1980,2619,0
123607857360297,332701,47,1980,2619,0
123607862422466,332701,47,1980,2619,0
123607867482531,332701,47,1980,2619,0
123607872542167,332692,47,1980,2619,0
123607877605567,332692,47,1980,2619,0
123607882673274,332692,47,1980,2619,0
123607887741171,332692,47,1980,2619,0
123607892811372,332692,47,1980,2619,0
123607897879179,332692,47,1980,2619,0
123607902942159,332692,47,1980,2619,0
123607908009956,332692,47,1980,2619,0
123607913071814,332692,47,1980,2619,0
123607918129987,332692,47,1980,2619,0
123607923192035,332692,47,1980,2619,0
123607928261144,332692,47,1980,2619,0
123607933325536,332692,47,1980,2619,0
123607938388506,332692,47,1980,2619,0
123607943452398,332692,47,1980,2619,0
123607948514466,332692,47,1980,2619,0
123607953575273,332692,47,1980,2619,0
123607958635869,332692,47,1980,2619,0
123607963700762,332692,47,1980,2619,0
123607968763531,332692,47,1980,2619,0
123607973830007,332525,47,1980,2619,0
123607978904854,332525,47,1980,2619,0
123607983967744,332525,47,1980,2619,0
123607989029282,332525,47,1980,2619,0
123607994092302,332525,47,1980,2619,0
123607999152708,332525,47,1980,2619,0
123608004211091,332525,47,1980,2619,0
123608009275623,332525,47,1980,2619,0
123608014342338,332525,47,1980,2619,0
123608019405869,332525,47,1980,2619,0
123608024471543,332525,47,1980,2619,0
123608029534032,332525,47,1980,2619,0
123608034596301,332525,47,1980,2619,0
123608039657568,332525,47,1980,2619,0
123608044718095,332525,47,1980,2619,0
123608049782817,332525,47,1980,2619,0
123608054845346,332525,47,1980,2619,0
123608059919913,332525,47,1980,2619,0
123608064985888,332525,47,1980,2619,0
123608070011381,332525,47,1980,2619,0
123608075072899,332618,47,1980,2619,0
123608080137291,332618,47,1980,2619,0
123608085197317,332618,47,1980,2619,0
123608090258193,332618,47,1980,2619,0
123608095326091,332618,47,1980,2619,0
123608100392406,332618,47,1980,2619,0
123608105452982,332618,47,1980,2619,0
123608110517644,332618,47,1980,2619,0
123608115580805,332618,47,1980,2619,0
123608120641231,332618,47,1980,2619,0
123608125704531,332618,47,1980,2619,0
123608130770525,332618,47,1980,2619,0
123608135834176,332618,47,1980,2619,0
123608140899860,332618,47,1980,2619,0
123608145970482,332618,47,1980,2619,0
123608151032450,332618,47,1980,2619,0
123608156095690,332618,47,1980,2619,0
123608161159531,332618,47,1980,2619,0
123608166220188,332618,47,1980,2619,0
123608171281405,332511,47,1980,2619,0
123608176341701,332511,47,1980,2619,0
123608181406443,332511,47,1980,2619,0
123608186469964,332511,47,1980,2619,0
123608191533735,332511,47,1980,2619,0
123608196604276,332511,47,1980,2619,0
123608201668979,332511,47,1980,2619,0
123608206731158,332511,47,1980,2619,0
123608211792405,332511,47,1980,2619,0
123608216858560,332511,47,1980,2619,0
123608221920638,332511,47,1980,2619,0
123608226989487,332511,47,1980,2619,0
123608232012827,332511,47,1980,2619,0
123608237075437,332511,47,1980,2619,0
123608242136313,332511,47,1980,2619,0
123608247199183,332511,47,1980,2619,0
123608252262804,332511,47,1980,2619,0
123608257322369,332511,47,1980,2619,0
123608262391969,332511,47,1980,2619,0
123608267457813,332511,47,1980,2619,0
123608272522144,332757,47,1980,2619,0
123608277591424,332757,47,1980,2619,0
123608282655485,332757,47,1980,2619,0
123608287718716,332757,47,1980,2619,0
123608292779572,332757,47,1980,2619,0
123608297841661,332757,47,1980,2619,0
123608302907125,332757,47,1980,2619,0
123608307975933,332757,47,1980,2619,0
123608313068698,332757,47,1980,2619,0
123608318133350,332757,47,1980,2619,0
123608323197181,332757,47,1980,2619,0
123608328256726,332757,47,1980,2619,0
123608333320066,332757,47,1980,2619,0
123608338380012,332757,47,1980,2619,0
123608343439046,332757,47,1980,2619,0
123608348505100,332757,47,1980,2619,0
123608353570634,332757,47,1980,2619,0
123608358633333,332757,47,1980,2619,0
123608363702563,332757,47,1980,2619,0
123608368766504,332757,47,1980,2619,0
123608373829484,332756,47,1980,2619,0
123608378891232,332756,47,1980,2619,0
123608383957988,332756,47,1980,2619,0
123608389021588,332756,47,1980,2619,0
123608394091028,332756,47,1980,2619,0
123608399160337,332756,47,1980,2619,0
123608404223457,332756,47,1980,2619,0
123608409285285,332756,47,1980,2619,0
123608414348996,332756,47,1980,2619,0
123608419410214,332756,47,1980,2619,0
123608424469759,332756,47,1980,2619,0
123608429537075,332756,47,1980,2619,0
123608434603170,332756,47,1980,2619,0
123608439665879,332756,47,1980,2619,0
123608444734678,332756,47,1980,2619,0
123608449801143,332756,47,1980,2619,0
123608454864012,332756,47,1980,2619,0
123608459925700,332756,47,1980,2619,0
123608464987108,332756,47,1980,2619,0
123608470017940,332756,47,1980,2619,0
123608475080599,332475,47,1980,2619,0
123608480153323,332475,47,1980,2619,0
123608485222082,332475,47,1980,2619,0
123608490283740,332475,47,1980,2619,0
123608495343815,332475,47,1980,2619,0
123608500406715,332475,47,1980,2619,0
123608505467302,332475,47,1980,2619,0
123608510527878,332475,47,1980,2619,0
123608515599471,332475,47,1980,2619,0
123608520664724,332475,47,1980,2619,0
123608525727073,332475,47,1980,2619,0
123608530793248,332475,47,1980,2619,0
123608535857520,332475,47,1980,2619,0
123608540920840,332475,47,1980,2619,0
123608545981817,332475,47,1980,2619,0
123608551044596,332475,47,1980,2619,0
123608556106545,332475,47,1980,2619,0
123608561171728,332475,47,1980,2619,0
123608566235068,332475,47,1980,2619,0
123608571298539,332053,47,1980,2619,0
123608576360878,332053,47,1980,2619,0
123608581424158,332053,47,1980,2619,0
123608586487999,332053,47,1980,2619,0
123608591550408,332053,47,1980,2619,0
123608596610604,332053,47,1980,2619,0
123608601678982,332053,47,1980,2619,0
123608606743885,332053,47,1980,2619,0
123608611806835,332053,47,1980,2619,0
123608616875673,332053,47,1980,2619,0
123608621938974,332053,47,1980,2619,0
123608627018068,332053,47,1980,2619,0
123608632077743,332053,47,1980,2619,0
123608637141664,332053,47,1980,2619,0
123608642202551,332053,47,1980,2619,0
123608647269847,332053,47,1980,2619,0
123608652336062,332053,47,1980,2619,0
123608657399262,332053,47,1980,2619,0
123608662463283,332053,47,1980,2619,0
123608667526794,332053,47,1980,2619,0
123608672590946,332202,47,1980,2619,0
123608677652754,332202,47,1980,2619,0
123608682718869,332202,47,1980,2619,0
123608687782019,332202,47,1980,2619,0
123608692845580,332202,47,1980,2619,0
123608697917363,332202,47,1980,2619,0
123608702980483,332202,47,1980,2619,0
123608708041289,332202,47,1980,2619,0
123608713102897,332202,47,1980,2619,0
123608718163213,332202,47,1980,2619,0
123608723227535,332202,47,1980,2619,0
123608728293790,332202,47,1980,2619,0
123608733360125,332202,47,1980,2619,0
123608738422433,332202,47,1980,2619,0
123608743484372,332202,47,1980,2619,0
123608748546440,332202,47,1980,2619,0
123608753609160,332202,47,1980,2619,0
123608758669566,332202,47,1980,2619,0
123608763729371,332202,47,1980,2619,0
123608768790148,332202,47,1980,2619,0
123608773856573,332182,47,1980,2619,0
123608778920464,332182,47,1980,2619,0
123608783988371,332182,47,1980,2619,0
123608789050760,332182,47,1980,2619,0
123608794111707,332182,47,1980,2619,0
123608799171722,332182,47,1980,2619,0
123608804234091,332182,47,1980,2619,0
123608809297242,332182,47,1980,2619,0
123608814365580,332182,47,1980,2619,0
123608819434879,332182,47,1980,2619,0
123608824497358,332182,47,1980,2619,0
123608829559036,332182,47,1980,2619,0
123608834620624,332182,47,1980,2619,0
123608839681310,332182,47,1980,2619,0
123608844741987,332182,47,1980,2619,0
123608849814451,332182,47,1980,2619,0
123608854879974,332182,47,1980,2619,0
123608859943155,332182,47,1980,2619,0
123608865015689,332182,47,1980,2619,0
123608870077988,332182,47,1980,2619,0
123608875138985,332288,47,1980,2619,0
123608880199181,332288,47,1980,2619,0
123608885258946,332288,47,1980,2619,0
123608890322526,332288,47,1980,2619,0
123608895382892,332288,47,1980,2619,0
123608900450168,332288,47,1980,2619,0
123608905516694,332288,47,1980,2619,0
123608910581326,332288,47,1980,2619,0
123608915643415,332288,47,1980,2619,0
123608920707596,332288,47,1980,2619,0
123608925767962,332288,47,1980,2619,0
123608930829400,332288,47,1980,2619,0
123608935896516,332288,47,1980,2619,0
123608940962881,332288,47,1980,2619,0
123608946025450,332288,47,1980,2619,0
123608951090303,332288,47,1980,2619,0
123608956154875,332288,47,1980,2619,0
123608961238877,332288,47,1980,2619,0
123608966300434,332288,47,1980,2619,0
123608971366158,332478,47,1980,2619,0
123608976428878,332478,47,1980,2619,0
123608981493651,332478,47,1980,2619,0
123608986564362,332478,47,1980,2619,0
123608991628604,332478,47,1980,2619,0
123608996690882,332478,47,1980,2619,0
123609001754163,332478,47,1980,2619,0
123609006815611,332478,47,1980,2619,0
123609011875916,332478,47,1980,2619,0
123609016935251,332478,47,1980,2619,0
123609022009708,332478,47,1980,2619,0
123609027073119,332478,47,1980,2619,0
123609032142638,332478,47,1980,2619,0
123609037204516,332478,47,1980,2619,0
123609042266275,332478,47,1980,2619,0
123609047325819,332478,47,1980,2619,0
123609052385845,332478,47,1980,2619,0
123609057451228,332478,47,1980,2619,0
123609062512005,332478,47,1980,2619,0
123609067574264,332478,47,1980,2619,0
123609072641219,332742,47,1980,2619,0
123609077705451,332742,47,1980,2619,0
123609082766308,332742,47,1980,2619,0
123609087829188,332742,47,1980,2619,0
123609092889433,332742,47,1980,2619,0
123609097949930,332742,47,1980,2619,0
123609103020431,332742,47,1980,2619,0
123609108086005,332742,47,1980,2619,0
123609113150757,332742,47,1980,2619,0
123609118217302,332742,47,1980,2619,0
123609123281294,332742,47,1980,2619,0
123609128341199,332742,47,1980,2619,0
123609133400914,332742,47,1980,2619,0
123609138461130,332742,47,1980,2619,0
123609143526974,332742,47,1980,2619,0
123609148591126,332742,47,1980,2619,0
123609153661907,332742,47,1980,2619,0
123609158725848,332742,47,1980,2619,0
123609163789469,332742,47,1980,2619,0
123609168850657,332742,47,1980,2619,0
123609173914738,332615,47,1980,2619,0
123609178975675,332615,47,1980,2619,0
123609184040037,332615,47,1980,2619,0
123609189105931,332615,47,1980,2619,0
123609194169933,332615,47,1980,2619,0
123609199232612,332615,47,1980,2619,0
123609204299728,332615,47,1980,2619,0
123609209363279,332615,47,1980,2619,0
123609214423755,332615,47,1980,2619,0
123609219483400,332615,47,1980,2619,0
123609224550736,332615,47,1980,2619,0
123609229611703,332615,47,1980,2619,0
123609234682244,332615,47,1980,2619,0
123609239769270,332615,47,1980,2619,0
123609244855124,332615,47,1980,2619,0
123609249936522,332615,47,1980,2619,0
123609255020563,332615,47,1980,2619,0
123609260099728,332615,47,1980,2619,0
123609265177139,332615,47,1980,2619,0
123609270261070,332615,47,1980,2619,0
123609275343610,325116,47,1980,2619,0
123609280428012,325116,47,1980,2619,0
123609285514637,325116,47,1980,2619,0
123609290596836,325116,47,1980,2619,0
123609295676811,325116,47,1980,2619,0
123609300757217,325116,47,1980,2619,0
123609305835951,325116,47,1980,2619,0
123609310919792,325116,47,1980,2619,0
123609316015240,325116,47,1980,2619,0
123609321100293,325116,47,1980,2619,0
123609326182973,325116,47,1980,2619,0
123609331264320,325116,47,1980,2619,0
123609336344145,325116,47,1980,2619,0
123609341425423,325116,47,1980,2619,0
123609346489043,325116,47,1980,2619,0
123609351566345,325116,47,1980,2619,0
123609356652660,325116,47,1980,2619,0
123609361736461,325116,47,1980,2619,0
123609366818529,325116,47,1980,2619,0
123609371897964,304099,42,1980,2619,0
123609376981825,304099,42,1980,2619,0
123609382062371,304099,42,1980,2619,0
123609387141015,304099,42,1980,2619,0
123609392222532,304099,42,1980,2619,0
123609397303049,304099,42,1980,2619,0
123609402392939,304099,42,1980,2619,0
123609407462599,304099,42,1980,2619,0
123609412543275,304099,42,1980,2619,0
123609417623311,304099,42,1980,2619,0
123609422704728,304099,42,1980,2619,0
123609427783632,304099,42,1980,2619,0
123609432861043,304099,42,1980,2619,0
123609437949101,304099,42,1980,2619,0
123609443032131,304099,42,1980,2619,0
123609448114089,304099,42,1980,2619,0
123609453198621,304099,42,1980,2619,0
123609458280449,304099,42,1980,2619,0
123609463361797,304099,42,1980,2619,0
123609468426920,304099,42,1980,2619,0
123609473505673,284485,41,1980,2619,0
123609478590256,284485,41,1980,2619,0
123609483669740,284485,41,1980,2619,0
123609488759170,284485,41,1980,2619,0
123609493842931,284485,41,1980,2619,0
123609498924889,284485,41,1980,2619,0
123609504012096,284485,41,1980,2619,0
123609509093583,284485,41,1980,2619,0
