monotonic_ns,board_power_mw,temperature_c,graphics_clock_mhz,memory_clock_mhz,utilization_percent
2787445878573845,412699,71,2797,13365,100
2787445885015385,412699,71,2797,13365,100
2787445890117588,412699,71,2797,13365,100
2787445895232944,412699,71,2797,13365,100
2787445900349753,412699,71,2797,13365,100
2787445905462045,412699,71,2797,13365,100
2787445910574914,412699,71,2797,13365,100
2787445915689667,412699,71,2797,13365,100
2787445920804743,412699,71,2797,13365,100
2787445925921941,412699,71,2797,13365,100
2787445931039499,412699,71,2797,13365,100
2787445936153212,412699,71,2797,13365,100
2787445941253456,412699,71,2797,13365,100
2787445946368912,412699,71,2797,13365,100
2787445951501476,412699,71,2797,13365,100
2787445956616762,412699,71,2797,13365,100
2787445961732598,412699,71,2797,13365,100
2787445966847971,412699,71,2797,13365,100
2787445971963615,412699,71,2797,13365,100
2787445977081898,412699,71,2797,13365,100
2787445982198735,412699,71,2797,13365,100
2787445987314014,412699,71,2797,13365,100
2787445992430478,412699,71,2797,13365,100
2787445997546416,412699,71,2797,13365,100
2787446002662047,412699,71,2797,13365,100
2787446007780353,412699,71,2797,13365,100
2787446012896050,412699,71,2797,13365,100
2787446018028253,412699,71,2797,13365,100
2787446023143799,412699,71,2797,13365,100
2787446028257667,412699,71,2797,13365,100
2787446033375199,412699,71,2797,13365,100
2787446038488523,412699,71,2797,13365,100
2787446043601340,412699,71,2797,13365,100
2787446048716972,412699,71,2797,13365,100
2787446053829620,412699,71,2797,13365,100
2787446058941923,412699,71,2797,13365,100
2787446064058342,412699,71,2797,13365,100
2787446069158593,412699,71,2797,13365,100
2787446074271708,412699,71,2797,13365,100
2787446079388522,412699,71,2797,13365,100
2787446084517306,412699,71,2797,13365,100
2787446089630247,412699,71,2797,13365,100
2787446094743626,412699,71,2797,13365,100
2787446099859445,412699,71,2797,13365,100
2787446104975517,412699,71,2797,13365,100
2787446110091793,412699,71,2797,13365,100
2787446115208289,412699,71,2797,13365,100
2787446120328748,412699,71,2797,13365,100
2787446125445380,412699,71,2797,13365,100
2787446130559606,412699,71,2797,13365,100
2787446135679539,412699,71,2797,13365,100
2787446140798295,412699,71,2797,13365,100
2787446145914944,412699,71,2797,13365,100
2787446151032088,412699,71,2797,13365,100
2787446156148718,412699,71,2797,13365,100
2787446161265592,412699,71,2797,13365,100
2787446166388001,412699,71,2797,13365,100
2787446171504637,412699,71,2797,13365,100
2787446176621285,412699,71,2797,13365,100
2787446181737050,412699,71,2797,13365,100
2787446186852614,412699,71,2797,13365,100
2787446191966223,412699,71,2797,13365,100
2787446197080048,412699,71,2797,13365,100
2787446202193492,412699,71,2797,13365,100
2787446207307252,412699,71,2797,13365,100
2787446212420112,412699,71,2797,13365,100
2787446217532864,412699,71,2797,13365,100
2787446222645445,412699,71,2797,13365,100
2787446227758149,412699,71,2797,13365,100
2787446232870479,412699,71,2797,13365,100
2787446237983742,412699,71,2797,13365,100
2787446243112191,412699,71,2797,13365,100
2787446248224165,412699,71,2797,13365,100
2787446253336224,412699,71,2797,13365,100
2787446258448094,412699,71,2797,13365,100
2787446263560096,412699,71,2797,13365,100
2787446268672161,412699,71,2797,13365,100
2787446273784385,412699,71,2797,13365,100
2787446278896344,412699,71,2797,13365,100
2787446284024903,412699,71,2797,13365,100
2787446289138187,412699,71,2797,13365,100
2787446294250357,412699,71,2797,13365,100
2787446299361916,412699,71,2797,13365,100
2787446304474128,412699,71,2797,13365,100
2787446309585740,412699,71,2797,13365,100
2787446314697973,412699,71,2797,13365,100
2787446319810413,412699,71,2797,13365,100
2787446324922404,412699,71,2797,13365,100
2787446330034321,412699,71,2797,13365,100
2787446335146132,412699,71,2797,13365,100
2787446340259884,326342,69,2797,13365,94
2787446345371845,326342,69,2797,13365,94
2787446350483053,326342,69,2797,13365,94
2787446355594808,326342,69,2797,13365,94
2787446360706320,326342,69,2797,13365,94
2787446365818453,326342,69,2797,13365,94
2787446370930217,326342,69,2797,13365,94
2787446376042133,326342,69,2797,13365,94
2787446381153932,326342,69,2797,13365,94
2787446386267522,326342,69,2797,13365,94
2787446391379906,326342,69,2797,13365,94
2787446396492331,326342,69,2797,13365,94
2787446401604295,326342,69,2797,13365,94
2787446406716276,326342,69,2797,13365,94
2787446411828257,326342,69,2797,13365,94
2787446416954221,326342,69,2797,13365,94
2787446422066701,326342,69,2797,13365,94
2787446427179177,326342,69,2797,13365,94
2787446432290830,326342,69,2797,13365,94
2787446437403190,326342,69,2797,13365,94
2787446442516525,326342,69,2797,13365,94
2787446447628363,326342,69,2797,13365,94
2787446452739968,326342,69,2797,13365,94
2787446457863052,326342,69,2797,13365,94
2787446462974982,326342,69,2797,13365,94
2787446468086952,326342,69,2797,13365,94
2787446473198746,326342,69,2797,13365,94
2787446478310825,326342,69,2797,13365,94
2787446483423010,326342,69,2797,13365,94
2787446488535434,326342,69,2797,13365,94
2787446493648315,326342,69,2797,13365,94
2787446498760115,326342,69,2797,13365,94
2787446503871872,326342,69,2797,13365,94
2787446508983748,326342,69,2797,13365,94
2787446514111820,326342,69,2797,13365,94
2787446519230416,326342,69,2797,13365,94
2787446524342429,326342,69,2797,13365,94
2787446529454420,326342,69,2797,13365,94
2787446534566417,326342,69,2797,13365,94
2787446539678123,326342,69,2797,13365,94
2787446544791340,326342,69,2797,13365,94
2787446549903415,326342,69,2797,13365,94
2787446555029780,326342,69,2797,13365,94
2787446560142339,326342,69,2797,13365,94
2787446565254398,326342,69,2797,13365,94
2787446570366149,326342,69,2797,13365,94
2787446575477889,326342,69,2797,13365,94
2787446580589525,326342,69,2797,13365,94
2787446585701477,326342,69,2797,13365,94
2787446590813598,326342,69,2797,13365,94
2787446595927035,326342,69,2797,13365,94
2787446601038999,326342,69,2797,13365,94
2787446606147926,326342,69,2797,13365,94
2787446611259768,326342,69,2797,13365,94
2787446616371929,326342,69,2797,13365,94
2787446621484966,326342,69,2797,13365,94
2787446626598443,326342,69,2797,13365,94
2787446631711468,326342,69,2797,13365,94
2787446636824166,326342,69,2797,13365,94
2787446641936526,326342,69,2797,13365,94
2787446647068983,326342,69,2797,13365,94
2787446652181465,326342,69,2797,13365,94
2787446657294364,326342,69,2797,13365,94
2787446662406320,326342,69,2797,13365,94
2787446667519292,326342,69,2797,13365,94
2787446672632008,326342,69,2797,13365,94
2787446677744420,326342,69,2797,13365,94
2787446682856921,326342,69,2797,13365,94
2787446687969494,326342,69,2797,13365,94
2787446693082230,326342,69,2797,13365,94
2787446698196359,326342,69,2797,13365,94
2787446703307803,326342,69,2797,13365,94
2787446708419643,326342,69,2797,13365,94
2787446713531588,326342,69,2797,13365,94
2787446718643221,326342,69,2797,13365,94
2787446723755009,326342,69,2797,13365,94
2787446728866691,326342,69,2797,13365,94
2787446733979269,326342,69,2797,13365,94
2787446739091538,326342,69,2797,13365,94
2787446744203294,326342,69,2797,13365,94
2787446749316670,326342,69,2797,13365,94
2787446754428503,326342,69,2797,13365,94
2787446759540360,326342,69,2797,13365,94
2787446764651684,326342,69,2797,13365,94
2787446769763305,326342,69,2797,13365,94
2787446774875105,326342,69,2797,13365,94
2787446779987823,326342,69,2797,13365,94
2787446785117189,326342,69,2797,13365,94
2787446790229484,326342,69,2797,13365,94
2787446795341098,326342,69,2797,13365,94
2787446800454715,326342,69,2797,13365,94
2787446805566765,326342,69,2797,13365,94
2787446810678596,326342,69,2797,13365,94
2787446815791246,326342,69,2797,13365,94
2787446820902913,326342,69,2797,13365,94
2787446826028237,326342,69,2797,13365,94
2787446831140879,326342,69,2797,13365,94
2787446836253073,325422,70,2797,13365,100
2787446843258722,325422,70,2797,13365,100
2787446848361109,325422,70,2797,13365,100
2787446853474591,325422,70,2797,13365,100
2787446858586622,325422,70,2797,13365,100
2787446863698635,325422,70,2797,13365,100
2787446868810683,325422,70,2797,13365,100
2787446873923215,325422,70,2797,13365,100
2787446879035639,325422,70,2797,13365,100
2787446884147332,325422,70,2797,13365,100
2787446889259540,325422,70,2797,13365,100
2787446894371819,325422,70,2797,13365,100
2787446899483562,325422,70,2797,13365,100
2787446904598510,325422,70,2797,13365,100
2787446909725772,325422,70,2797,13365,100
2787446914837564,325422,70,2797,13365,100
2787446919949415,325422,70,2797,13365,100
2787446925061259,325422,70,2797,13365,100
2787446930173079,325422,70,2797,13365,100
2787446935285344,325422,70,2797,13365,100
2787446940397393,325422,70,2797,13365,100
2787446945508981,325422,70,2797,13365,100
2787446950620887,325422,70,2797,13365,100
2787446955734441,325422,70,2797,13365,100
2787446960846356,325422,70,2797,13365,100
2787446965958521,325422,70,2797,13365,100
2787446971071035,325422,70,2797,13365,100
2787446976183171,325422,70,2797,13365,100
2787446981295167,325422,70,2797,13365,100
2787446986407216,325422,70,2797,13365,100
2787446991519292,325422,70,2797,13365,100
2787446996631207,325422,70,2797,13365,100
2787447001743113,325422,70,2797,13365,100
2787447006857065,325422,70,2797,13365,100
2787447011969062,325422,70,2797,13365,100
2787447017080874,325422,70,2797,13365,100
2787447022192859,325422,70,2797,13365,100
2787447027304572,325422,70,2797,13365,100
2787447032416327,325422,70,2797,13365,100
2787447037527984,325422,70,2797,13365,100
2787447042640307,325422,70,2797,13365,100
2787447047752165,325422,70,2797,13365,100
2787447052864037,325422,70,2797,13365,100
2787447057977626,325422,70,2797,13365,100
2787447063089579,325422,70,2797,13365,100
2787447068201696,325422,70,2797,13365,100
2787447073314273,325422,70,2797,13365,100
2787447078426536,325422,70,2797,13365,100
2787447083539456,325422,70,2797,13365,100
2787447088652185,325422,70,2797,13365,100
2787447093764197,325422,70,2797,13365,100
2787447098876873,325422,70,2797,13365,100
2787447103988798,325422,70,2797,13365,100
2787447109120950,325422,70,2797,13365,100
2787447114232642,325422,70,2797,13365,100
2787447119344619,325422,70,2797,13365,100
2787447124456799,325422,70,2797,13365,100
2787447129568935,325422,70,2797,13365,100
2787447134680820,325422,70,2797,13365,100
2787447139793330,325422,70,2797,13365,100
2787447144905384,325422,70,2797,13365,100
2787447150032447,325422,70,2797,13365,100
2787447155144889,325422,70,2797,13365,100
2787447160258630,325422,70,2797,13365,100
2787447165370567,325422,70,2797,13365,100
2787447170482970,325422,70,2797,13365,100
2787447175594715,325422,70,2797,13365,100
2787447180707064,325422,70,2797,13365,100
2787447185819598,325422,70,2797,13365,100
2787447190932333,325422,70,2797,13365,100
2787447196044908,325422,70,2797,13365,100
2787447201169483,325422,70,2797,13365,100
2787447206281226,325422,70,2797,13365,100
2787447211395340,325422,70,2797,13365,100
2787447216506666,325422,70,2797,13365,100
2787447221619090,325422,70,2797,13365,100
2787447226730987,325422,70,2797,13365,100
2787447231843190,325422,70,2797,13365,100
2787447236955407,325422,70,2797,13365,100
2787447242067896,325422,70,2797,13365,100
2787447247179801,325422,70,2797,13365,100
2787447252292517,325422,70,2797,13365,100
2787447257404786,325422,70,2797,13365,100
2787447262535705,325422,70,2797,13365,100
2787447267648494,325422,70,2797,13365,100
2787447272761050,325422,70,2797,13365,100
2787447277873079,325422,70,2797,13365,100
2787447282984813,325422,70,2797,13365,100
2787447288115698,325422,70,2797,13365,100
2787447293227656,325422,70,2797,13365,100
2787447298339881,325422,70,2797,13365,100
2787447303451897,325422,70,2797,13365,100
2787447308563790,325422,70,2797,13365,100
2787447313677467,325422,70,2797,13365,100
2787447318789910,325422,70,2797,13365,100
2787447323901711,325422,70,2797,13365,100
2787447329029615,325422,70,2797,13365,100
2787447334141943,325422,70,2797,13365,100
2787447339253849,408297,70,2797,13365,100
2787447344365556,408297,70,2797,13365,100
2787447349477384,408297,70,2797,13365,100
2787447354589429,408297,70,2797,13365,100
2787447359701634,408297,70,2797,13365,100
2787447364815457,408297,70,2797,13365,100
2787447369927638,408297,70,2797,13365,100
2787447375039958,408297,70,2797,13365,100
2787447380152051,408297,70,2797,13365,100
2787447385264061,408297,70,2797,13365,100
2787447390375885,408297,70,2797,13365,100
2787447395502116,408297,70,2797,13365,100
2787447400614337,408297,70,2797,13365,100
2787447405726109,408297,70,2797,13365,100
2787447410838058,408297,70,2797,13365,100
2787447415951593,408297,70,2797,13365,100
2787447421063498,408297,70,2797,13365,100
2787447426175286,408297,70,2797,13365,100
2787447431287947,408297,70,2797,13365,100
2787447436399799,408297,70,2797,13365,100
2787447441511688,408297,70,2797,13365,100
2787447446623631,408297,70,2797,13365,100
2787447451735513,408297,70,2797,13365,100
2787447456847329,408297,70,2797,13365,100
2787447461958715,408297,70,2797,13365,100
2787447467072325,408297,70,2797,13365,100
2787447472184282,408297,70,2797,13365,100
2787447477296383,408297,70,2797,13365,100
2787447482408267,408297,70,2797,13365,100
2787447487520108,408297,70,2797,13365,100
2787447492631940,408297,70,2797,13365,100
2787447497744313,408297,70,2797,13365,100
2787447502856097,408297,70,2797,13365,100
2787447507967955,408297,70,2797,13365,100
2787447513079650,408297,70,2797,13365,100
2787447518192949,408297,70,2797,13365,100
2787447523305150,408297,70,2797,13365,100
2787447528417754,408297,70,2797,13365,100
2787447533529809,408297,70,2797,13365,100
2787447538641583,408297,70,2797,13365,100
2787447543754128,408297,70,2797,13365,100
2787447548866197,408297,70,2797,13365,100
2787447553977969,408297,70,2797,13365,100
2787447559091849,408297,70,2797,13365,100
2787447564204345,408297,70,2797,13365,100
2787447569317900,408297,70,2797,13365,100
2787447574429934,408297,70,2797,13365,100
2787447579541747,408297,70,2797,13365,100
2787447584653648,408297,70,2797,13365,100
2787447589765998,408297,70,2797,13365,100
2787447594878476,408297,70,2797,13365,100
2787447599990592,408297,70,2797,13365,100
2787447605119720,408297,70,2797,13365,100
2787447610231835,408297,70,2797,13365,100
2787447615343469,408297,70,2797,13365,100
2787447620457082,408297,70,2797,13365,100
2787447625568887,408297,70,2797,13365,100
2787447630680713,408297,70,2797,13365,100
2787447635803087,408297,70,2797,13365,100
2787447640915162,408297,70,2797,13365,100
2787447646026996,408297,70,2797,13365,100
2787447651139140,408297,70,2797,13365,100
2787447656251082,408297,70,2797,13365,100
2787447661362965,408297,70,2797,13365,100
2787447666475353,408297,70,2797,13365,100
2787447671588886,408297,70,2797,13365,100
2787447676701426,408297,70,2797,13365,100
2787447681814057,408297,70,2797,13365,100
2787447686926731,408297,70,2797,13365,100
2787447692038968,408297,70,2797,13365,100
2787447697211459,408297,70,2797,13365,100
2787447702323960,408297,70,2797,13365,100
2787447707435977,408297,70,2797,13365,100
2787447712548152,408297,70,2797,13365,100
2787447717660077,408297,70,2797,13365,100
2787447722773739,408297,70,2797,13365,100
2787447727885664,408297,70,2797,13365,100
2787447732997610,408297,70,2797,13365,100
2787447738162170,408297,70,2797,13365,100
2787447743273903,408297,70,2797,13365,100
2787447748385908,408297,70,2797,13365,100
2787447753497672,408297,70,2797,13365,100
2787447758609570,408297,70,2797,13365,100
2787447763721585,408297,70,2797,13365,100
2787447768834031,408297,70,2797,13365,100
2787447773947094,408297,70,2797,13365,100
2787447779058838,408297,70,2797,13365,100
2787447784171250,408297,70,2797,13365,100
2787447789288751,408297,70,2797,13365,100
2787447794400843,408297,70,2797,13365,100
2787447799512198,408297,70,2797,13365,100
2787447804623664,408297,70,2797,13365,100
2787447809735620,408297,70,2797,13365,100
2787447814847780,408297,70,2797,13365,100
2787447819967889,408297,70,2797,13365,100
2787447825081573,408297,70,2797,13365,100
2787447830193386,408297,70,2797,13365,100
2787447835305490,408297,70,2797,13365,100
2787447840417922,412179,70,2797,13365,100
2787447845530125,412179,70,2797,13365,100
2787447850641787,412179,70,2797,13365,100
2787447855753743,412179,70,2797,13365,100
2787447860865778,412179,70,2797,13365,100
2787447865977509,412179,70,2797,13365,100
2787447871089141,412179,70,2797,13365,100
2787447876203053,412179,70,2797,13365,100
2787447881315042,412179,70,2797,13365,100
2787447886426882,412179,70,2797,13365,100
2787447891538915,412179,70,2797,13365,100
2787447896650855,412179,70,2797,13365,100
2787447901762795,412179,70,2797,13365,100
2787447906874720,412179,70,2797,13365,100
2787447911986573,412179,70,2797,13365,100
2787447917156688,412179,70,2797,13365,100
2787447922268741,412179,70,2797,13365,100
2787447927382453,412179,70,2797,13365,100
2787447932494577,412179,70,2797,13365,100
2787447937606618,412179,70,2797,13365,100
2787447942718326,412179,70,2797,13365,100
2787447947830239,412179,70,2797,13365,100
2787447952942239,412179,70,2797,13365,100
2787447958054527,412179,70,2797,13365,100
2787447963166328,412179,70,2797,13365,100
2787447968278516,412179,70,2797,13365,100
2787447973390493,412179,70,2797,13365,100
2787447978502901,412179,70,2797,13365,100
2787447983614914,412179,70,2797,13365,100
2787447988727090,412179,70,2797,13365,100
2787447993838852,412179,70,2797,13365,100
2787447998950639,412179,70,2797,13365,100
2787448004062712,412179,70,2797,13365,100
2787448009174625,412179,70,2797,13365,100
2787448014286796,412179,70,2797,13365,100
2787448019400485,412179,70,2797,13365,100
2787448024512351,412179,70,2797,13365,100
2787448029625929,412179,70,2797,13365,100
2787448034737648,412179,70,2797,13365,100
2787448039849514,412179,70,2797,13365,100
2787448044960502,412179,70,2797,13365,100
2787448050072359,412179,70,2797,13365,100
2787448055184271,412179,70,2797,13365,100
2787448060296135,412179,70,2797,13365,100
2787448065407640,412179,70,2797,13365,100
2787448070519520,412179,70,2797,13365,100
2787448075631349,412179,70,2797,13365,100
2787448080745154,412179,70,2797,13365,100
2787448085857094,412179,70,2797,13365,100
2787448090969107,412179,70,2797,13365,100
2787448096081106,412179,70,2797,13365,100
2787448101193087,412179,70,2797,13365,100
2787448106305031,412179,70,2797,13365,100
2787448111417376,412179,70,2797,13365,100
2787448116529336,412179,70,2797,13365,100
2787448121641708,412179,70,2797,13365,100
2787448126753539,412179,70,2797,13365,100
2787448131867006,412179,70,2797,13365,100
2787448136978988,412179,70,2797,13365,100
2787448142090771,412179,70,2797,13365,100
2787448147215190,412179,70,2797,13365,100
2787448152327259,412179,70,2797,13365,100
2787448157438993,412179,70,2797,13365,100
2787448162550936,412179,70,2797,13365,100
2787448167662784,412179,70,2797,13365,100
2787448172774632,412179,70,2797,13365,100
2787448177886478,412179,70,2797,13365,100
2787448183018189,412179,70,2797,13365,100
2787448188129866,412179,70,2797,13365,100
2787448193241678,412179,70,2797,13365,100
2787448198353588,412179,70,2797,13365,100
2787448203465359,412179,70,2797,13365,100
2787448208577419,412179,70,2797,13365,100
2787448213689592,412179,70,2797,13365,100
2787448218801388,412179,70,2797,13365,100
2787448223913429,412179,70,2797,13365,100
2787448229025805,412179,70,2797,13365,100
2787448234139430,412179,70,2797,13365,100
2787448239251522,412179,70,2797,13365,100
2787448244363439,412179,70,2797,13365,100
2787448249474479,412179,70,2797,13365,100
2787448254586199,412179,70,2797,13365,100
2787448259701276,412179,70,2797,13365,100
2787448264813080,412179,70,2797,13365,100
2787448269924928,412179,70,2797,13365,100
2787448275037201,412179,70,2797,13365,100
2787448280148925,412179,70,2797,13365,100
2787448285262316,412179,70,2797,13365,100
2787448290374562,412179,70,2797,13365,100
2787448295486703,412179,70,2797,13365,100
2787448300598803,412179,70,2797,13365,100
2787448305710841,412179,70,2797,13365,100
2787448310822952,412179,70,2797,13365,100
2787448315935204,412179,70,2797,13365,100
2787448321047241,412179,70,2797,13365,100
2787448326159241,412179,70,2797,13365,100
2787448331270945,412179,70,2797,13365,100
2787448336384187,412337,70,2797,13365,100
2787448341496254,412337,70,2797,13365,100
2787448346608509,412337,70,2797,13365,100
2787448351720763,412337,70,2797,13365,100
2787448356832718,412337,70,2797,13365,100
2787448361944468,412337,70,2797,13365,100
2787448367056288,412337,70,2797,13365,100
2787448372168436,412337,70,2797,13365,100
2787448377280421,412337,70,2797,13365,100
2787448382392853,412337,70,2797,13365,100
2787448387491418,412337,70,2797,13365,100
2787448392603014,412337,70,2797,13365,100
2787448397714459,412337,70,2797,13365,100
2787448402825877,412337,70,2797,13365,100
2787448407937507,412337,70,2797,13365,100
2787448413048788,412337,70,2797,13365,100
2787448418160484,412337,70,2797,13365,100
2787448423272089,412337,70,2797,13365,100
2787448428383433,412337,70,2797,13365,100
2787448433495093,412337,70,2797,13365,100
2787448438609098,412337,70,2797,13365,100
2787448443721054,412337,70,2797,13365,100
2787448448832986,412337,70,2797,13365,100
2787448453944916,412337,70,2797,13365,100
2787448459057144,412337,70,2797,13365,100
2787448464169424,412337,70,2797,13365,100
2787448469281448,412337,70,2797,13365,100
2787448474393272,412337,70,2797,13365,100
2787448479504133,412337,70,2797,13365,100
2787448484616148,412337,70,2797,13365,100
2787448489729734,412337,70,2797,13365,100
2787448494841519,412337,70,2797,13365,100
2787448499953171,412337,70,2797,13365,100
2787448505065231,412337,70,2797,13365,100
2787448510177092,412337,70,2797,13365,100
2787448515289182,412337,70,2797,13365,100
2787448520400953,412337,70,2797,13365,100
2787448525512785,412337,70,2797,13365,100
2787448530624786,412337,70,2797,13365,100
2787448535737038,412337,70,2797,13365,100
2787448540850364,412337,70,2797,13365,100
2787448545962070,412337,70,2797,13365,100
2787448551073927,412337,70,2797,13365,100
2787448556185888,412337,70,2797,13365,100
2787448561298263,412337,70,2797,13365,100
2787448566409997,412337,70,2797,13365,100
2787448571537548,412337,70,2797,13365,100
2787448576649369,412337,70,2797,13365,100
2787448581761501,412337,70,2797,13365,100
2787448586873186,412337,70,2797,13365,100
2787448591986718,412337,70,2797,13365,100
2787448597121090,412337,70,2797,13365,100
2787448602233607,412337,70,2797,13365,100
2787448607345252,412337,70,2797,13365,100
2787448612457258,412337,70,2797,13365,100
2787448617570656,412337,70,2797,13365,100
2787448622682532,412337,70,2797,13365,100
2787448627794273,412337,70,2797,13365,100
2787448632906145,412337,70,2797,13365,100
2787448638018873,412337,70,2797,13365,100
2787448643146834,412337,70,2797,13365,100
2787448648258532,412337,70,2797,13365,100
2787448653370333,412337,70,2797,13365,100
2787448658482312,412337,70,2797,13365,100
2787448663594340,412337,70,2797,13365,100
2787448668706748,412337,70,2797,13365,100
2787448673819204,412337,70,2797,13365,100
2787448678931848,412337,70,2797,13365,100
2787448684044658,412337,70,2797,13365,100
2787448689174097,412337,70,2797,13365,100
2787448694288496,412337,70,2797,13365,100
2787448699400558,412337,70,2797,13365,100
2787448704513417,412337,70,2797,13365,100
2787448709625143,412337,70,2797,13365,100
2787448714737128,412337,70,2797,13365,100
2787448719848880,412337,70,2797,13365,100
2787448724961173,412337,70,2797,13365,100
2787448730073181,412337,70,2797,13365,100
2787448735186743,412337,70,2797,13365,100
2787448740298750,412337,70,2797,13365,100
2787448745412290,412337,70,2797,13365,100
2787448750524351,412337,70,2797,13365,100
2787448755636011,412337,70,2797,13365,100
2787448760747851,412337,70,2797,13365,100
2787448765859863,412337,70,2797,13365,100
2787448770972324,412337,70,2797,13365,100
2787448776084206,412337,70,2797,13365,100
2787448781196213,412337,70,2797,13365,100
2787448786308013,412337,70,2797,13365,100
2787448791420059,412337,70,2797,13365,100
2787448796533754,412337,70,2797,13365,100
2787448801646475,412337,70,2797,13365,100
2787448806758398,412337,70,2797,13365,100
2787448811870397,412337,70,2797,13365,100
2787448816982388,412337,70,2797,13365,100
2787448822110684,412337,70,2797,13365,100
2787448827223641,412337,70,2797,13365,100
2787448832335281,412337,70,2797,13365,100
2787448837447121,412287,70,2797,13365,100
2787448842558925,412287,70,2797,13365,100
2787448847672518,412287,70,2797,13365,100
2787448852784525,412287,70,2797,13365,100
2787448857896531,412287,70,2797,13365,100
2787448863026763,412287,70,2797,13365,100
2787448868139518,412287,70,2797,13365,100
2787448873251732,412287,70,2797,13365,100
2787448878363360,412287,70,2797,13365,100
2787448883475099,412287,70,2797,13365,100
2787448888586785,412287,70,2797,13365,100
2787448893698554,412287,70,2797,13365,100
2787448898811998,412287,70,2797,13365,100
2787448903923863,412287,70,2797,13365,100
2787448909035615,412287,70,2797,13365,100
2787448914147531,412287,70,2797,13365,100
2787448919259484,412287,70,2797,13365,100
2787448924372456,412287,70,2797,13365,100
2787448929484280,412287,70,2797,13365,100
2787448934596225,412287,70,2797,13365,100
2787448939707960,412287,70,2797,13365,100
2787448944819773,412287,70,2797,13365,100
2787448949933246,412287,70,2797,13365,100
2787448955044598,412287,70,2797,13365,100
2787448960157067,412287,70,2797,13365,100
2787448965269143,412287,70,2797,13365,100
2787448970381120,412287,70,2797,13365,100
2787448975492805,412287,70,2797,13365,100
2787448980604644,412287,70,2797,13365,100
2787448985716799,412287,70,2797,13365,100
2787448990829478,412287,70,2797,13365,100
2787448995941462,412287,70,2797,13365,100
2787449001054947,412287,70,2797,13365,100
2787449006167346,412287,70,2797,13365,100
2787449011279223,412287,70,2797,13365,100
2787449016391975,412287,70,2797,13365,100
2787449021503872,412287,70,2797,13365,100
2787449026615800,412287,70,2797,13365,100
2787449031727533,412287,70,2797,13365,100
2787449036839533,412287,70,2797,13365,100
2787449041951621,412287,70,2797,13365,100
2787449047063802,412287,70,2797,13365,100
2787449052177111,412287,70,2797,13365,100
2787449057289107,412287,70,2797,13365,100
2787449062401000,412287,70,2797,13365,100
2787449067512908,412287,70,2797,13365,100
2787449072624862,412287,70,2797,13365,100
2787449077737057,412287,70,2797,13365,100
2787449082849117,412287,70,2797,13365,100
2787449087960981,412287,70,2797,13365,100
2787449093072910,412287,70,2797,13365,100
2787449098184830,412287,70,2797,13365,100
2787449103298455,412287,70,2797,13365,100
2787449108410298,412287,70,2797,13365,100
2787449113522339,412287,70,2797,13365,100
2787449118634523,412287,70,2797,13365,100
2787449123746456,412287,70,2797,13365,100
2787449128858281,412287,70,2797,13365,100
2787449133970169,412287,70,2797,13365,100
2787449139082105,412287,70,2797,13365,100
2787449144194256,412287,70,2797,13365,100
2787449149306414,412287,70,2797,13365,100
2787449154419898,412287,70,2797,13365,100
2787449159531942,412287,70,2797,13365,100
2787449164643803,412287,70,2797,13365,100
2787449169755792,412287,70,2797,13365,100
2787449174867822,412287,70,2797,13365,100
2787449179979700,412287,70,2797,13365,100
2787449185091425,412287,70,2797,13365,100
2787449190203265,412287,70,2797,13365,100
2787449195315122,412287,70,2797,13365,100
2787449200426939,412287,70,2797,13365,100
2787449205540656,412287,70,2797,13365,100
2787449210652628,412287,70,2797,13365,100
2787449215764483,412287,70,2797,13365,100
2787449220876212,412287,70,2797,13365,100
2787449226020401,412287,70,2797,13365,100
2787449231132431,412287,70,2797,13365,100
2787449236244477,412287,70,2797,13365,100
2787449241356514,412287,70,2797,13365,100
2787449246468344,412287,70,2797,13365,100
2787449251580456,412287,70,2797,13365,100
2787449256693795,412287,70,2797,13365,100
2787449261805883,412287,70,2797,13365,100
2787449266917531,412287,70,2797,13365,100
2787449272029546,412287,70,2797,13365,100
2787449277141340,412287,70,2797,13365,100
2787449282253320,412287,70,2797,13365,100
2787449287365249,412287,70,2797,13365,100
2787449292475845,412287,70,2797,13365,100
2787449297587568,412287,70,2797,13365,100
2787449302699658,412287,70,2797,13365,100
2787449307813162,412287,70,2797,13365,100
2787449312925211,412287,70,2797,13365,100
2787449318037120,412287,70,2797,13365,100
2787449323149012,412287,70,2797,13365,100
2787449328260989,412287,70,2797,13365,100
2787449333372699,412287,70,2797,13365,100
2787449338484685,412352,70,2797,13365,100
2787449343596637,412352,70,2797,13365,100
2787449348708530,412352,70,2797,13365,100
2787449353820226,412352,70,2797,13365,100
2787449358933767,412352,70,2797,13365,100
2787449364045965,412352,70,2797,13365,100
2787449369157779,412352,70,2797,13365,100
2787449374269892,412352,70,2797,13365,100
2787449379381759,412352,70,2797,13365,100
2787449384493663,412352,70,2797,13365,100
2787449389605817,412352,70,2797,13365,100
2787449394718014,412352,70,2797,13365,100
2787449399829782,412352,70,2797,13365,100
2787449404941561,412352,70,2797,13365,100
2787449410054958,412352,70,2797,13365,100
2787449415166719,412352,70,2797,13365,100
2787449420278543,412352,70,2797,13365,100
2787449425392184,412352,70,2797,13365,100
2787449430504121,412352,70,2797,13365,100
2787449435616135,412352,70,2797,13365,100
2787449440727935,412352,70,2797,13365,100
2787449445839969,412352,70,2797,13365,100
2787449450951880,412352,70,2797,13365,100
2787449456063723,412352,70,2797,13365,100
2787449461177123,412352,70,2797,13365,100
2787449466288863,412352,70,2797,13365,100
2787449471400607,412352,70,2797,13365,100
2787449476512576,412352,70,2797,13365,100
2787449481624520,412352,70,2797,13365,100
2787449486736419,412352,70,2797,13365,100
2787449491848469,412352,70,2797,13365,100
2787449496960230,412352,70,2797,13365,100
2787449502072378,412352,70,2797,13365,100
2787449507184427,412352,70,2797,13365,100
2787449512298003,412352,70,2797,13365,100
2787449517409992,412352,70,2797,13365,100
2787449522521835,412352,70,2797,13365,100
2787449527633596,412352,70,2797,13365,100
2787449532745720,412352,70,2797,13365,100
2787449537857543,412352,70,2797,13365,100
2787449542969260,412352,70,2797,13365,100
2787449548081254,412352,70,2797,13365,100
2787449553193338,412352,70,2797,13365,100
2787449558305479,412352,70,2797,13365,100
2787449563419203,412352,70,2797,13365,100
2787449568531167,412352,70,2797,13365,100
2787449573643404,412352,70,2797,13365,100
2787449578757905,412352,70,2797,13365,100
2787449583870175,412352,70,2797,13365,100
2787449588981945,412352,70,2797,13365,100
2787449594119073,412352,70,2797,13365,100
2787449599230801,412352,70,2797,13365,100
2787449604342192,412352,70,2797,13365,100
2787449609454164,412352,70,2797,13365,100
2787449614567811,412352,70,2797,13365,100
2787449619679940,412352,70,2797,13365,100
2787449624792323,412352,70,2797,13365,100
2787449629904129,412352,70,2797,13365,100
2787449635031479,412352,70,2797,13365,100
2787449640143413,412352,70,2797,13365,100
2787449645255569,412352,70,2797,13365,100
2787449650367161,412352,70,2797,13365,100
2787449655479314,412352,70,2797,13365,100
2787449660591155,412352,70,2797,13365,100
2787449665704445,412352,70,2797,13365,100
2787449670816848,412352,70,2797,13365,100
2787449675929068,412352,70,2797,13365,100
2787449681041092,412352,70,2797,13365,100
2787449686152805,412352,70,2797,13365,100
2787449691264613,412352,70,2797,13365,100
2787449696376192,412352,70,2797,13365,100
2787449701486938,412352,70,2797,13365,100
2787449706598695,412352,70,2797,13365,100
2787449711710479,412352,70,2797,13365,100
2787449716823654,412352,70,2797,13365,100
2787449721935887,412352,70,2797,13365,100
2787449727047778,412352,70,2797,13365,100
2787449732159644,412352,70,2797,13365,100
2787449737270657,412352,70,2797,13365,100
2787449742382473,412352,70,2797,13365,100
2787449747494585,412352,70,2797,13365,100
2787449752606635,412352,70,2797,13365,100
2787449757718719,412352,70,2797,13365,100
2787449762830589,412352,70,2797,13365,100
2787449767943853,412352,70,2797,13365,100
2787449773055771,412352,70,2797,13365,100
2787449778168002,412352,70,2797,13365,100
2787449783279832,412352,70,2797,13365,100
2787449788391611,412352,70,2797,13365,100
2787449793503321,412352,70,2797,13365,100
2787449798615026,412352,70,2797,13365,100
2787449803727084,412352,70,2797,13365,100
2787449808838802,412352,70,2797,13365,100
2787449813950646,412352,70,2797,13365,100
2787449819063691,412352,70,2797,13365,100
2787449824175343,412352,70,2797,13365,100
2787449829287252,412352,70,2797,13365,100
2787449834399365,412352,70,2797,13365,100
2787449839511408,412701,70,2797,13365,100
2787449844622989,412701,70,2797,13365,100
2787449849734806,412701,70,2797,13365,100
2787449854846967,412701,70,2797,13365,100
2787449859958759,412701,70,2797,13365,100
2787449865070791,412701,70,2797,13365,100
2787449870184131,412701,70,2797,13365,100
2787449875296108,412701,70,2797,13365,100
2787449880423878,412701,70,2797,13365,100
2787449885535737,412701,70,2797,13365,100
2787449890647689,412701,70,2797,13365,100
2787449895759593,412701,70,2797,13365,100
2787449900871510,412701,70,2797,13365,100
2787449905983502,412701,70,2797,13365,100
2787449911117411,412701,70,2797,13365,100
2787449916229374,412701,70,2797,13365,100
2787449921342604,412701,70,2797,13365,100
2787449926454299,412701,70,2797,13365,100
2787449931565912,412701,70,2797,13365,100
2787449936677846,412701,70,2797,13365,100
2787449941789723,412701,70,2797,13365,100
2787449946901146,412701,70,2797,13365,100
2787449952028718,412701,70,2797,13365,100
2787449957140606,412701,70,2797,13365,100
2787449962252354,412701,70,2797,13365,100
2787449967364105,412701,70,2797,13365,100
2787449972477235,412701,70,2797,13365,100
2787449977589343,412701,70,2797,13365,100
2787449982701168,412701,70,2797,13365,100
2787449987813508,412701,70,2797,13365,100
2787449992941833,412701,70,2797,13365,100
2787449998053681,412701,70,2797,13365,100
2787450003165445,412701,70,2797,13365,100
2787450008277046,412701,70,2797,13365,100
2787450013388978,412701,70,2797,13365,100
2787450018501479,412701,70,2797,13365,100
2787450023614532,412701,70,2797,13365,100
2787450028726112,412701,70,2797,13365,100
2787450033837872,412701,70,2797,13365,100
2787450038949961,412701,70,2797,13365,100
2787450044080289,412701,70,2797,13365,100
2787450049191890,412701,70,2797,13365,100
2787450054304018,412701,70,2797,13365,100
2787450059416104,412701,70,2797,13365,100
2787450064527791,412701,70,2797,13365,100
2787450069639567,412701,70,2797,13365,100
2787450074752992,412701,70,2797,13365,100
2787450079864851,412701,70,2797,13365,100
2787450084976676,412701,70,2797,13365,100
2787450090088665,412701,70,2797,13365,100
2787450095200913,412701,70,2797,13365,100
2787450100313345,412701,70,2797,13365,100
2787450105425832,412701,70,2797,13365,100
2787450110537848,412701,70,2797,13365,100
2787450115650073,412701,70,2797,13365,100
2787450120762595,412701,70,2797,13365,100
2787450125875747,412701,70,2797,13365,100
2787450130988439,412701,70,2797,13365,100
2787450136119364,412701,70,2797,13365,100
2787450141231155,412701,70,2797,13365,100
2787450146342853,412701,70,2797,13365,100
2787450151454623,412701,70,2797,13365,100
2787450156566494,412701,70,2797,13365,100
2787450161678600,412701,70,2797,13365,100
2787450166791155,412701,70,2797,13365,100
2787450171903099,412701,70,2797,13365,100
2787450177029875,412701,70,2797,13365,100
2787450182142188,412701,70,2797,13365,100
2787450187253976,412701,70,2797,13365,100
2787450192366380,412701,70,2797,13365,100
2787450197478233,412701,70,2797,13365,100
2787450202590269,412701,70,2797,13365,100
2787450207702066,412701,70,2797,13365,100
2787450212814586,412701,70,2797,13365,100
2787450217926790,412701,70,2797,13365,100
2787450223038503,412701,70,2797,13365,100
2787450228151828,412701,70,2797,13365,100
2787450233263808,412701,70,2797,13365,100
2787450238375900,412701,70,2797,13365,100
2787450243488310,412701,70,2797,13365,100
2787450248600307,412701,70,2797,13365,100
2787450253732466,412701,70,2797,13365,100
2787450258844309,412701,70,2797,13365,100
2787450263955990,412701,70,2797,13365,100
2787450269067714,412701,70,2797,13365,100
2787450274180235,412701,70,2797,13365,100
2787450279293501,412701,70,2797,13365,100
2787450284405376,412701,70,2797,13365,100
2787450289541504,412701,70,2797,13365,100
2787450294653660,412701,70,2797,13365,100
2787450299765649,412701,70,2797,13365,100
2787450304877483,412701,70,2797,13365,100
2787450309989729,412701,70,2797,13365,100
2787450315123864,412701,70,2797,13365,100
2787450320235788,412701,70,2797,13365,100
2787450325347527,412701,70,2797,13365,100
2787450330460587,412701,70,2797,13365,100
2787450335572331,412701,70,2797,13365,100
2787450340684136,412897,70,2797,13365,100
2787450345796640,412897,70,2797,13365,100
2787450350908444,412897,70,2797,13365,100
2787450356020474,412897,70,2797,13365,100
2787450361132218,412897,70,2797,13365,100
2787450366243988,412897,70,2797,13365,100
2787450371355827,412897,70,2797,13365,100
2787450376469552,412897,70,2797,13365,100
2787450381582975,412897,70,2797,13365,100
2787450386695544,412897,70,2797,13365,100
2787450391807584,412897,70,2797,13365,100
2787450396919548,412897,70,2797,13365,100
2787450402031247,412897,70,2797,13365,100
2787450407142997,412897,70,2797,13365,100
2787450412254817,412897,70,2797,13365,100
2787450417366626,412897,70,2797,13365,100
2787450422478406,412897,70,2797,13365,100
2787450427596171,412897,70,2797,13365,100
2787450432709471,412897,70,2797,13365,100
2787450437821384,412897,70,2797,13365,100
2787450442933364,412897,70,2797,13365,100
2787450448046059,412897,70,2797,13365,100
2787450453157793,412897,70,2797,13365,100
2787450458269575,412897,70,2797,13365,100
2787450463381385,412897,70,2797,13365,100
2787450468493174,412897,70,2797,13365,100
2787450473604788,412897,70,2797,13365,100
2787450478716855,412897,70,2797,13365,100
2787450483830019,412897,70,2797,13365,100
2787450488942023,412897,70,2797,13365,100
2787450494053846,412897,70,2797,13365,100
2787450499165745,412897,70,2797,13365,100
2787450504277637,412897,70,2797,13365,100
2787450509389633,412897,70,2797,13365,100
2787450514502394,412897,70,2797,13365,100
2787450519614440,412897,70,2797,13365,100
2787450524726305,412897,70,2797,13365,100
2787450529838155,412897,70,2797,13365,100
2787450534967372,412897,70,2797,13365,100
2787450540079284,412897,70,2797,13365,100
2787450545190957,412897,70,2797,13365,100
2787450550302940,412897,70,2797,13365,100
2787450555415321,412897,70,2797,13365,100
2787450560527285,412897,70,2797,13365,100
2787450565640058,412897,70,2797,13365,100
2787450570751654,412897,70,2797,13365,100
2787450575864396,412897,70,2797,13365,100
2787450580976103,412897,70,2797,13365,100
2787450586089398,412897,70,2797,13365,100
2787450591201271,412897,70,2797,13365,100
2787450596313384,412897,70,2797,13365,100
2787450601425000,412897,70,2797,13365,100
2787450606518170,412897,70,2797,13365,100
2787450611629973,412897,70,2797,13365,100
2787450616742366,412897,70,2797,13365,100
2787450621854223,412897,70,2797,13365,100
2787450626966233,412897,70,2797,13365,100
2787450632078151,412897,70,2797,13365,100
2787450637191500,412897,70,2797,13365,100
2787450642303806,412897,70,2797,13365,100
2787450647415671,412897,70,2797,13365,100
2787450652527889,412897,70,2797,13365,100
2787450657639809,412897,70,2797,13365,100
2787450662751577,412897,70,2797,13365,100
2787450667863448,412897,70,2797,13365,100
2787450672976702,412897,70,2797,13365,100
2787450678088311,412897,70,2797,13365,100
2787450683200415,412897,70,2797,13365,100
2787450688313912,412897,70,2797,13365,100
2787450693425978,412897,70,2797,13365,100
2787450698537908,412897,70,2797,13365,100
2787450703649799,412897,70,2797,13365,100
2787450708761517,412897,70,2797,13365,100
2787450713873177,412897,70,2797,13365,100
2787450718985302,412897,70,2797,13365,100
2787450724114051,412897,70,2797,13365,100
2787450729226123,412897,70,2797,13365,100
2787450734338279,412897,70,2797,13365,100
2787450739451750,412897,70,2797,13365,100
2787450744563900,412897,70,2797,13365,100
2787450749675853,412897,70,2797,13365,100
2787450754787877,412897,70,2797,13365,100
2787450759899737,412897,70,2797,13365,100
2787450765027572,412897,70,2797,13365,100
2787450770139631,412897,70,2797,13365,100
2787450775251521,412897,70,2797,13365,100
2787450780363807,412897,70,2797,13365,100
2787450785475523,412897,70,2797,13365,100
2787450790589114,412897,70,2797,13365,100
2787450795700884,412897,70,2797,13365,100
2787450800813156,412897,70,2797,13365,100
2787450805925173,412897,70,2797,13365,100
2787450811037537,412897,70,2797,13365,100
2787450816149458,412897,70,2797,13365,100
2787450821261470,412897,70,2797,13365,100
2787450826373467,412897,70,2797,13365,100
2787450831484971,412897,70,2797,13365,100
2787450836597052,412847,70,2797,13365,100
2787450841710553,412847,71,2797,13365,100
2787450846822516,412847,71,2797,13365,100
2787450851934989,412847,71,2797,13365,100
2787450857046937,412847,71,2797,13365,100
2787450862158865,412847,71,2797,13365,100
2787450867270702,412847,71,2797,13365,100
2787450872382770,412847,71,2797,13365,100
2787450877494471,412847,71,2797,13365,100
2787450882606141,412847,71,2797,13365,100
2787450887717943,412847,71,2797,13365,100
2787450892831276,412847,71,2797,13365,100
2787450897942426,412847,71,2797,13365,100
2787450903054278,412847,71,2797,13365,100
2787450908166293,412847,71,2797,13365,100
2787450913278082,412847,71,2797,13365,100
2787450918389954,412847,71,2797,13365,100
2787450923501776,412847,71,2797,13365,100
2787450928613613,412847,71,2797,13365,100
2787450933725415,412847,71,2797,13365,100
2787450938837316,412847,71,2797,13365,100
2787450943950780,412847,71,2797,13365,100
2787450949062512,412847,71,2797,13365,100
2787450954174655,412847,71,2797,13365,100
2787450959286559,412847,71,2797,13365,100
2787450964398673,412847,71,2797,13365,100
2787450969510576,412847,71,2797,13365,100
2787450974622262,412847,71,2797,13365,100
2787450979734175,412847,71,2797,13365,100
2787450984845891,412847,71,2797,13365,100
2787450989957786,412847,71,2797,13365,100
2787450995071056,412847,71,2797,13365,100
2787451000183500,412847,71,2797,13365,100
2787451005295469,412847,71,2797,13365,100
2787451010407743,412847,71,2797,13365,100
2787451015519762,412847,71,2797,13365,100
2787451020631562,412847,71,2797,13365,100
2787451025743326,412847,71,2797,13365,100
2787451030856003,412847,71,2797,13365,100
2787451035967851,412847,71,2797,13365,100
2787451041079744,412847,71,2797,13365,100
2787451046193144,412847,71,2797,13365,100
2787451051305057,412847,71,2797,13365,100
2787451056417013,412847,71,2797,13365,100
2787451061528297,412847,71,2797,13365,100
2787451066640050,412847,71,2797,13365,100
2787451071751671,412847,71,2797,13365,100
2787451076863423,412847,71,2797,13365,100
2787451081975751,412847,71,2797,13365,100
2787451087087539,412847,71,2797,13365,100
2787451092199380,412847,71,2797,13365,100
2787451097312720,412847,71,2797,13365,100
2787451102424402,412847,71,2797,13365,100
2787451107536377,412847,71,2797,13365,100
2787451112647987,412847,71,2797,13365,100
2787451117760122,412847,71,2797,13365,100
2787451122872042,412847,71,2797,13365,100
2787451127983978,412847,71,2797,13365,100
2787451133120831,412847,71,2797,13365,100
2787451138232601,412847,71,2797,13365,100
2787451143344172,412847,71,2797,13365,100
2787451148457856,412847,71,2797,13365,100
2787451153569529,412847,71,2797,13365,100
2787451158681697,412847,71,2797,13365,100
2787451163793696,412847,71,2797,13365,100
2787451168906929,412847,71,2797,13365,100
2787451174019698,412847,71,2797,13365,100
2787451179131723,412847,71,2797,13365,100
2787451184243587,412847,71,2797,13365,100
2787451189372157,412847,71,2797,13365,100
2787451194484144,412847,71,2797,13365,100
2787451199597368,412847,71,2797,13365,100
2787451204709844,412847,71,2797,13365,100
2787451209822215,412847,71,2797,13365,100
2787451214934969,412847,71,2797,13365,100
2787451220046866,412847,71,2797,13365,100
2787451225163978,412847,71,2797,13365,100
2787451230276160,412847,71,2797,13365,100
2787451235388031,412847,71,2797,13365,100
2787451240499927,412847,71,2797,13365,100
2787451245612695,412847,71,2797,13365,100
2787451250726770,412847,71,2797,13365,100
2787451255839200,412847,71,2797,13365,100
2787451260951169,412847,71,2797,13365,100
2787451266062997,412847,71,2797,13365,100
2787451271174935,412847,71,2797,13365,100
2787451276287066,412847,71,2797,13365,100
2787451281399531,412847,71,2797,13365,100
2787451286511479,412847,71,2797,13365,100
2787451291623266,412847,71,2797,13365,100
2787451296735048,412847,71,2797,13365,100
2787451301841200,412847,71,2797,13365,100
2787451306953252,412847,71,2797,13365,100
2787451312065685,412847,71,2797,13365,100
2787451317177508,412847,71,2797,13365,100
2787451322289798,412847,71,2797,13365,100
2787451327409550,412847,71,2797,13365,100
2787451332521499,412847,71,2797,13365,100
2787451337633400,412973,71,2797,13365,100
2787451342745144,412973,71,2797,13365,100
2787451347857528,412973,71,2797,13365,100
2787451352971239,412973,71,2797,13365,100
2787451358083505,412973,71,2797,13365,100
2787451363208342,412973,71,2797,13365,100
2787451368320417,412973,71,2797,13365,100
2787451373432450,412973,71,2797,13365,100
2787451378545326,412973,71,2797,13365,100
2787451383657034,412973,71,2797,13365,100
2787451388769489,412973,71,2797,13365,100
2787451393881494,412973,71,2797,13365,100
2787451398993311,412973,71,2797,13365,100
2787451404124061,412973,71,2797,13365,100
2787451409236053,412973,71,2797,13365,100
2787451414367239,412973,71,2797,13365,100
2787451419479517,412973,71,2797,13365,100
2787451424591442,412973,71,2797,13365,100
2787451429703034,412973,71,2797,13365,100
2787451434815378,412973,71,2797,13365,100
2787451439927911,412973,71,2797,13365,100
2787451445039837,412973,71,2797,13365,100
2787451450151684,412973,71,2797,13365,100
2787451455265106,412973,71,2797,13365,100
2787451460376733,412973,71,2797,13365,100
2787451465489489,412973,71,2797,13365,100
2787451470601378,412973,71,2797,13365,100
2787451475713144,412973,71,2797,13365,100
2787451480824882,412973,71,2797,13365,100
2787451485936786,412973,71,2797,13365,100
2787451491048743,412973,71,2797,13365,100
2787451496160767,412973,71,2797,13365,100
2787451501273266,412973,71,2797,13365,100
2787451506386845,412973,71,2797,13365,100
2787451511498453,412973,71,2797,13365,100
2787451516610434,412973,71,2797,13365,100
2787451521722258,412973,71,2797,13365,100
2787451526834258,412973,71,2797,13365,100
2787451531946751,412973,71,2797,13365,100
2787451537059137,412973,71,2797,13365,100
2787451542171283,412973,71,2797,13365,100
2787451547283139,412973,71,2797,13365,100
2787451552395038,412973,71,2797,13365,100
2787451557508549,412973,71,2797,13365,100
2787451562620887,412973,71,2797,13365,100
2787451567734523,412973,71,2797,13365,100
2787451572846497,412973,71,2797,13365,100
2787451577958498,412973,71,2797,13365,100
2787451583070522,412973,71,2797,13365,100
2787451588182639,412973,71,2797,13365,100
2787451593294807,412973,71,2797,13365,100
2787451598407616,412973,71,2797,13365,100
2787451603519748,412973,71,2797,13365,100
2787451608633248,412973,71,2797,13365,100
2787451613745033,412973,71,2797,13365,100
2787451618856862,412973,71,2797,13365,100
2787451623969379,412973,71,2797,13365,100
2787451629081650,412973,71,2797,13365,100
2787451634194234,412973,71,2797,13365,100
2787451639306315,412973,71,2797,13365,100
2787451644418619,412973,71,2797,13365,100
2787451649531220,412973,71,2797,13365,100
2787451654642764,412973,71,2797,13365,100
2787451659756850,412973,71,2797,13365,100
2787451664869237,412973,71,2797,13365,100
2787451669982065,412973,71,2797,13365,100
2787451675111885,412973,71,2797,13365,100
2787451680224638,412973,71,2797,13365,100
2787451685337359,412973,71,2797,13365,100
2787451690449871,412973,71,2797,13365,100
2787451695562448,412973,71,2797,13365,100
2787451700674912,412973,71,2797,13365,100
2787451705787448,412973,71,2797,13365,100
2787451710901974,412973,71,2797,13365,100
2787451716026125,412973,71,2797,13365,100
2787451721138461,412973,71,2797,13365,100
2787451726250300,412973,71,2797,13365,100
2787451731362144,412973,71,2797,13365,100
2787451736474934,412973,71,2797,13365,100
2787451741587947,412973,71,2797,13365,100
2787451746700312,412973,71,2797,13365,100
2787451751834820,412973,71,2797,13365,100
2787451756947356,412973,71,2797,13365,100
2787451762061050,412973,71,2797,13365,100
2787451767173063,412973,71,2797,13365,100
2787451772285159,412973,71,2797,13365,100
2787451777397069,412973,71,2797,13365,100
2787451782512742,412973,71,2797,13365,100
2787451787625231,412973,71,2797,13365,100
2787451792737630,412973,71,2797,13365,100
2787451797849559,412973,71,2797,13365,100
2787451802961171,412973,71,2797,13365,100
2787451808073056,412973,71,2797,13365,100
2787451813186464,412973,71,2797,13365,100
2787451818298987,412973,71,2797,13365,100
2787451823411185,412973,71,2797,13365,100
2787451828522977,412973,71,2797,13365,100
2787451833634963,412973,71,2797,13365,100
2787451838746822,412892,71,2797,13365,100
2787451843874959,412892,71,2797,13365,100
2787451848987285,412892,71,2797,13365,100
2787451854121729,412892,71,2797,13365,100
2787451859240652,412892,71,2797,13365,100
2787451864353908,412892,71,2797,13365,100
2787451869465516,412892,71,2797,13365,100
2787451874577387,412892,71,2797,13365,100
2787451879689199,412892,71,2797,13365,100
2787451884801430,412892,71,2797,13365,100
2787451889912990,412892,71,2797,13365,100
2787451895025290,412892,71,2797,13365,100
2787451900137297,412892,71,2797,13365,100
2787451905249159,412892,71,2797,13365,100
2787451910361004,412892,71,2797,13365,100
2787451915474558,412892,71,2797,13365,100
2787451920586425,412892,71,2797,13365,100
2787451925698141,412892,71,2797,13365,100
2787451930810156,412892,71,2797,13365,100
2787451935921633,412892,71,2797,13365,100
2787451941033359,412892,71,2797,13365,100
2787451946145735,412892,71,2797,13365,100
2787451951257943,412892,71,2797,13365,100
2787451956370065,412892,71,2797,13365,100
2787451961482232,412892,71,2797,13365,100
2787451966595872,412892,71,2797,13365,100
2787451971707713,412892,71,2797,13365,100
2787451976819809,412892,71,2797,13365,100
2787451981932100,412892,71,2797,13365,100
2787451987043937,412892,71,2797,13365,100
2787451992155829,412892,71,2797,13365,100
2787451997267995,412892,71,2797,13365,100
2787452002379992,412892,71,2797,13365,100
2787452007491920,412892,71,2797,13365,100
2787452012603832,412892,71,2797,13365,100
2787452017717945,412892,71,2797,13365,100
2787452022830029,412892,71,2797,13365,100
2787452027941629,412892,71,2797,13365,100
2787452033063653,412892,71,2797,13365,100
2787452038175538,412892,71,2797,13365,100
2787452043287462,412892,71,2797,13365,100
2787452048399971,412892,71,2797,13365,100
2787452053511656,412892,71,2797,13365,100
2787452058623304,412892,71,2797,13365,100
2787452063735372,412892,71,2797,13365,100
2787452068848864,412892,71,2797,13365,100
2787452073960805,412892,71,2797,13365,100
2787452079072557,412892,71,2797,13365,100
2787452084185170,412892,71,2797,13365,100
2787452089297066,412892,71,2797,13365,100
2787452094408891,412892,71,2797,13365,100
2787452099520755,412892,71,2797,13365,100
2787452104632699,412892,71,2797,13365,100
2787452109744779,412892,71,2797,13365,100
2787452114856880,412892,71,2797,13365,100
2787452119970153,412892,71,2797,13365,100
2787452125082251,412892,71,2797,13365,100
2787452130194046,412892,71,2797,13365,100
2787452135305845,412892,71,2797,13365,100
2787452140417734,412892,71,2797,13365,100
2787452145529450,412892,71,2797,13365,100
2787452150640983,412892,71,2797,13365,100
2787452155753003,412892,71,2797,13365,100
2787452160864916,412892,71,2797,13365,100
2787452165976900,412892,71,2797,13365,100
2787452171090203,412892,71,2797,13365,100
2787452176202077,412892,71,2797,13365,100
2787452181313597,412892,71,2797,13365,100
2787452186425030,412892,71,2797,13365,100
2787452191547079,412892,71,2797,13365,100
2787452196658934,412892,71,2797,13365,100
2787452201770529,412892,71,2797,13365,100
2787452206882416,412892,71,2797,13365,100
2787452211993191,412892,71,2797,13365,100
2787452217123130,412892,71,2797,13365,100
2787452222236836,412892,71,2797,13365,100
2787452227349053,412892,71,2797,13365,100
2787452232461090,412892,71,2797,13365,100
2787452237572962,412892,71,2797,13365,100
2787452242684783,412892,71,2797,13365,100
2787452247796543,412892,71,2797,13365,100
2787452252908154,412892,71,2797,13365,100
2787452258020045,412892,71,2797,13365,100
2787452263131992,412892,71,2797,13365,100
2787452268243601,412892,71,2797,13365,100
2787452273357145,412892,71,2797,13365,100
2787452278469301,412892,71,2797,13365,100
2787452283580713,412892,71,2797,13365,100
2787452288692534,412892,71,2797,13365,100
2787452293804543,412892,71,2797,13365,100
2787452298916726,412892,71,2797,13365,100
2787452304028923,412892,71,2797,13365,100
2787452309140636,412892,71,2797,13365,100
2787452314252500,412892,71,2797,13365,100
2787452319364525,412892,71,2797,13365,100
2787452324477989,412892,71,2797,13365,100
2787452329590067,412892,71,2797,13365,100
2787452334702089,412892,71,2797,13365,100
2787452339813942,412822,71,2797,13365,100
2787452344926542,412822,71,2797,13365,100
2787452350038315,412822,71,2797,13365,100
2787452355150136,412822,71,2797,13365,100
2787452360261940,412822,71,2797,13365,100
2787452365373618,412822,71,2797,13365,100
2787452370485895,412822,71,2797,13365,100
2787452375598801,412822,71,2797,13365,100
2787452380710829,412822,71,2797,13365,100
2787452385822957,412822,71,2797,13365,100
2787452390934932,412822,71,2797,13365,100
2787452396046826,412822,71,2797,13365,100
2787452401158843,412822,71,2797,13365,100
2787452406270635,412822,71,2797,13365,100
2787452411382723,412822,71,2797,13365,100
2787452416494624,412822,71,2797,13365,100
2787452421606619,412822,71,2797,13365,100
2787452426719889,412822,71,2797,13365,100
2787452431831866,412822,71,2797,13365,100
2787452436943926,412822,71,2797,13365,100
2787452442055764,412822,71,2797,13365,100
2787452447167488,412822,71,2797,13365,100
2787452452279515,412822,71,2797,13365,100
2787452457391455,412822,71,2797,13365,100
2787452462503324,412822,71,2797,13365,100
2787452467615346,412822,71,2797,13365,100
2787452472727185,412822,71,2797,13365,100
2787452477841275,412822,71,2797,13365,100
2787452482953726,412822,71,2797,13365,100
2787452488065678,412822,71,2797,13365,100
2787452493177510,412822,71,2797,13365,100
2787452498305511,412822,71,2797,13365,100
2787452503417497,412822,71,2797,13365,100
2787452508529432,412822,71,2797,13365,100
2787452513641018,412822,71,2797,13365,100
2787452518752961,412822,71,2797,13365,100
2787452523864867,412822,71,2797,13365,100
2787452528978261,412822,71,2797,13365,100
2787452534090165,412822,71,2797,13365,100
2787452539200990,412822,71,2797,13365,100
2787452544312926,412822,71,2797,13365,100
2787452549424887,412822,71,2797,13365,100
2787452554537003,412822,71,2797,13365,100
2787452559648951,412822,71,2797,13365,100
2787452564761484,412822,71,2797,13365,100
2787452569873469,412822,71,2797,13365,100
2787452574985839,412822,71,2797,13365,100
2787452580116710,412822,71,2797,13365,100
2787452585228327,412822,71,2797,13365,100
2787452590340010,412822,71,2797,13365,100
2787452595451918,412822,71,2797,13365,100
2787452600563882,412822,71,2797,13365,100
2787452605675867,412822,71,2797,13365,100
2787452610788122,412822,71,2797,13365,100
2787452615900044,412822,71,2797,13365,100
2787452621019872,412822,71,2797,13365,100
2787452626131789,412822,71,2797,13365,100
2787452631250961,412822,71,2797,13365,100
2787452636362977,412822,71,2797,13365,100
2787452641474496,412822,71,2797,13365,100
2787452646586471,412822,71,2797,13365,100
2787452651698370,412822,71,2797,13365,100
2787452656810291,412822,71,2797,13365,100
2787452661922384,412822,71,2797,13365,100
2787452667034450,412822,71,2797,13365,100
2787452672146189,412822,71,2797,13365,100
2787452677258893,412822,71,2797,13365,100
2787452682372989,412822,71,2797,13365,100
2787452687485597,412822,71,2797,13365,100
2787452692597872,412822,71,2797,13365,100
2787452697709562,412822,71,2797,13365,100
2787452702821954,412822,71,2797,13365,100
2787452707934625,412822,71,2797,13365,100
2787452713046736,412822,71,2797,13365,100
2787452718165847,412822,71,2797,13365,100
2787452723277613,412822,71,2797,13365,100
2787452728389365,412822,71,2797,13365,100
2787452733502945,412822,71,2797,13365,100
2787452738615065,412822,71,2797,13365,100
2787452743726750,412822,71,2797,13365,100
2787452748838603,412822,71,2797,13365,100
2787452753951145,412822,71,2797,13365,100
2787452759063317,412822,71,2797,13365,100
2787452764175087,412822,71,2797,13365,100
2787452769286820,412822,71,2797,13365,100
2787452774398616,412822,71,2797,13365,100
2787452779510687,412822,71,2797,13365,100
2787452784624457,412822,71,2797,13365,100
2787452789736398,412822,71,2797,13365,100
2787452794848734,412822,71,2797,13365,100
2787452799960312,412822,71,2797,13365,100
2787452805072282,412822,71,2797,13365,100
2787452810184428,412822,71,2797,13365,100
2787452815296166,412822,71,2797,13365,100
2787452820408062,412822,71,2797,13365,100
2787452825520305,412822,71,2797,13365,100
2787452830632121,412822,71,2797,13365,100
2787452835745561,412822,71,2797,13365,100
2787452840857478,412955,71,2797,13365,100
2787452845969294,412955,71,2797,13365,100
2787452851081234,412955,71,2797,13365,100
2787452856193428,412955,71,2797,13365,100
2787452861305118,412955,71,2797,13365,100
2787452866417022,412955,71,2797,13365,100
2787452871529076,412955,71,2797,13365,100
2787452876640751,412955,71,2797,13365,100
2787452881752701,412955,71,2797,13365,100
2787452886866118,412955,71,2797,13365,100
2787452891977924,412955,71,2797,13365,100
2787452897089770,412955,71,2797,13365,100
2787452902201822,412955,71,2797,13365,100
2787452907313539,412955,71,2797,13365,100
2787452912425660,412955,71,2797,13365,100
2787452917537472,412955,71,2797,13365,100
2787452922649749,412955,71,2797,13365,100
2787452927762143,412955,71,2797,13365,100
2787452932874093,412955,71,2797,13365,100
2787452937987644,412955,71,2797,13365,100
2787452943117906,412955,71,2797,13365,100
2787452948229478,412955,71,2797,13365,100
2787452953341317,412955,71,2797,13365,100
2787452958453296,412955,71,2797,13365,100
2787452963565195,412955,71,2797,13365,100
2787452968676948,412955,71,2797,13365,100
2787452973788695,412955,71,2797,13365,100
2787452978900857,412955,71,2797,13365,100
2787452984028523,412955,71,2797,13365,100
2787452989141837,412955,71,2797,13365,100
2787452994253880,412955,71,2797,13365,100
2787452999365604,412955,71,2797,13365,100
2787453004477481,412955,71,2797,13365,100
2787453009589363,412955,71,2797,13365,100
2787453014701083,412955,71,2797,13365,100
2787453019812622,412955,71,2797,13365,100
2787453024924633,412955,71,2797,13365,100
2787453030037417,412955,71,2797,13365,100
2787453035149381,412955,71,2797,13365,100
2787453040262906,412955,71,2797,13365,100
2787453045374826,412955,71,2797,13365,100
2787453050486654,412955,71,2797,13365,100
2787453055602407,412955,71,2797,13365,100
2787453060714069,412955,71,2797,13365,100
2787453065825728,412955,71,2797,13365,100
2787453070937426,412955,71,2797,13365,100
2787453076049163,412955,71,2797,13365,100
2787453081161075,412955,71,2797,13365,100
2787453086273152,412955,71,2797,13365,100
2787453091386598,412955,71,2797,13365,100
2787453096498490,412955,71,2797,13365,100
2787453101610405,412955,71,2797,13365,100
2787453106722407,412955,71,2797,13365,100
2787453111834527,412955,71,2797,13365,100
2787453116946947,412955,71,2797,13365,100
2787453122059376,412955,71,2797,13365,100
2787453127171712,412955,71,2797,13365,100
2787453132283849,412955,71,2797,13365,100
2787453137396250,412955,71,2797,13365,100
2787453142510429,412955,71,2797,13365,100
2787453147622814,412955,71,2797,13365,100
2787453152750571,412955,71,2797,13365,100
2787453157862273,412955,71,2797,13365,100
2787453162974232,412955,71,2797,13365,100
2787453168086020,412955,71,2797,13365,100
2787453173198208,412955,71,2797,13365,100
2787453178309545,412955,71,2797,13365,100
2787453183421357,412955,71,2797,13365,100
2787453188533629,412955,71,2797,13365,100
2787453193647177,412955,71,2797,13365,100
2787453198758850,412955,71,2797,13365,100
2787453203876522,412955,71,2797,13365,100
2787453208988215,412955,71,2797,13365,100
2787453214117455,412955,71,2797,13365,100
2787453219229368,412955,71,2797,13365,100
2787453224341460,412955,71,2797,13365,100
2787453229453464,412955,71,2797,13365,100
2787453234565345,412955,71,2797,13365,100
2787453239677129,412955,71,2797,13365,100
2787453244790868,412955,71,2797,13365,100
2787453249902340,412955,71,2797,13365,100
2787453255027422,412955,71,2797,13365,100
2787453260139771,412955,71,2797,13365,100
2787453265251840,412955,71,2797,13365,100
2787453270363592,412955,71,2797,13365,100
2787453275475624,412955,71,2797,13365,100
2787453280587133,412955,71,2797,13365,100
2787453285698976,412955,71,2797,13365,100
2787453290811906,412955,71,2797,13365,100
2787453295925292,412955,71,2797,13365,100
2787453301037186,412955,71,2797,13365,100
2787453306149019,412955,71,2797,13365,100
2787453311260883,412955,71,2797,13365,100
2787453316372629,412955,71,2797,13365,100
2787453321484807,412955,71,2797,13365,100
2787453326596520,412955,71,2797,13365,100
2787453331708585,412955,71,2797,13365,100
2787453336820461,412915,71,2797,13365,100
2787453341932185,412915,71,2797,13365,100
2787453347045525,412915,71,2797,13365,100
2787453352157620,412915,71,2797,13365,100
2787453357270047,412915,71,2797,13365,100
2787453362381989,412915,71,2797,13365,100
2787453367493767,412915,71,2797,13365,100
2787453372605756,412915,71,2797,13365,100
2787453377717781,412915,71,2797,13365,100
2787453382829673,412915,71,2797,13365,100
2787453387942029,412915,71,2797,13365,100
2787453393054025,412915,71,2797,13365,100
2787453398167613,412915,71,2797,13365,100
2787453403279414,412915,71,2797,13365,100
2787453408391303,412915,71,2797,13365,100
2787453413503133,412915,71,2797,13365,100
2787453418614952,412915,71,2797,13365,100
2787453423727535,412915,71,2797,13365,100
2787453428839380,412915,71,2797,13365,100
2787453433951660,412915,71,2797,13365,100
2787453439063753,412915,71,2797,13365,100
2787453444175358,412915,71,2797,13365,100
2787453449289050,412915,71,2797,13365,100
2787453454401078,412915,71,2797,13365,100
2787453459513002,412915,71,2797,13365,100
2787453464624963,412915,71,2797,13365,100
2787453469736746,412915,71,2797,13365,100
2787453474848286,412915,71,2797,13365,100
2787453479960218,412915,71,2797,13365,100
2787453485071824,412915,71,2797,13365,100
2787453490183485,412915,71,2797,13365,100
2787453495295658,412915,71,2797,13365,100
2787453500409182,412915,71,2797,13365,100
2787453505521202,412915,71,2797,13365,100
2787453510633015,412915,71,2797,13365,100
2787453515745016,412915,71,2797,13365,100
2787453520856799,412915,71,2797,13365,100
2787453525968288,412915,71,2797,13365,100
2787453531079997,412915,71,2797,13365,100
2787453536192932,412915,71,2797,13365,100
2787453541304793,412915,71,2797,13365,100
2787453546416866,412915,71,2797,13365,100
2787453551530066,412915,71,2797,13365,100
2787453556642190,412915,71,2797,13365,100
2787453561754019,412915,71,2797,13365,100
2787453566866635,412915,71,2797,13365,100
2787453571978240,412915,71,2797,13365,100
2787453577090088,412915,71,2797,13365,100
2787453582201701,412915,71,2797,13365,100
2787453587314238,412915,71,2797,13365,100
2787453592426062,412915,71,2797,13365,100
2787453597538022,412915,71,2797,13365,100
2787453602651318,412915,71,2797,13365,100
2787453607763208,412915,71,2797,13365,100
2787453612875383,412915,71,2797,13365,100
2787453617987743,412915,71,2797,13365,100
2787453623116524,412915,71,2797,13365,100
2787453628228384,412915,71,2797,13365,100
2787453633340283,412915,71,2797,13365,100
2787453638452257,412915,71,2797,13365,100
2787453643564054,412915,71,2797,13365,100
2787453648675926,412915,71,2797,13365,100
2787453653789722,412915,71,2797,13365,100
2787453658901683,412915,71,2797,13365,100
2787453664027155,412915,71,2797,13365,100
2787453669139109,412915,71,2797,13365,100
2787453674251020,412915,71,2797,13365,100
2787453679363057,412915,71,2797,13365,100
2787453684474836,412915,71,2797,13365,100
2787453689586821,412915,71,2797,13365,100
2787453694698776,412915,71,2797,13365,100
2787453699810842,412915,71,2797,13365,100
2787453704924423,412915,71,2797,13365,100
2787453710036151,412915,71,2797,13365,100
2787453715147821,412915,71,2797,13365,100
2787453720259523,412915,71,2797,13365,100
2787453725371396,412915,71,2797,13365,100
2787453730483221,412915,71,2797,13365,100
2787453735594971,412915,71,2797,13365,100
2787453740706769,412915,71,2797,13365,100
2787453745818509,412915,71,2797,13365,100
2787453750930378,412915,71,2797,13365,100
2787453756043458,412915,71,2797,13365,100
2787453761155695,412915,71,2797,13365,100
2787453766267532,412915,71,2797,13365,100
2787453771379309,412915,71,2797,13365,100
2787453776491239,412915,71,2797,13365,100
2787453781603038,412915,71,2797,13365,100
2787453786714515,412915,71,2797,13365,100
2787453791826397,412915,71,2797,13365,100
2787453796938678,412915,71,2797,13365,100
2787453802050206,412915,71,2797,13365,100
2787453807179682,412915,71,2797,13365,100
2787453812291491,412915,71,2797,13365,100
2787453817403191,412915,71,2797,13365,100
2787453822515184,412915,71,2797,13365,100
2787453827626998,412915,71,2797,13365,100
2787453832741588,412915,71,2797,13365,100
2787453837853239,412743,71,2797,13365,100
2787453842965171,412743,71,2797,13365,100
2787453848077110,412743,71,2797,13365,100
2787453853188852,412743,71,2797,13365,100
2787453858302042,412743,71,2797,13365,100
2787453863414134,412743,71,2797,13365,100
2787453868525735,412743,71,2797,13365,100
2787453873637598,412743,71,2797,13365,100
2787453878749584,412743,71,2797,13365,100
2787453883861461,412743,71,2797,13365,100
2787453888973073,412743,71,2797,13365,100
2787453894084821,412743,71,2797,13365,100
2787453899196638,412743,71,2797,13365,100
2787453904308422,412743,71,2797,13365,100
2787453909421641,412743,71,2797,13365,100
2787453914533351,412743,71,2797,13365,100
2787453919645311,412743,71,2797,13365,100
2787453924757162,412743,71,2797,13365,100
2787453929868920,412743,71,2797,13365,100
2787453934980943,412743,71,2797,13365,100
2787453940092909,412743,71,2797,13365,100
2787453945204845,412743,71,2797,13365,100
2787453950316622,412743,71,2797,13365,100
2787453955428460,412743,71,2797,13365,100
2787453960541694,412743,71,2797,13365,100
2787453965653609,412743,71,2797,13365,100
2787453970765401,412743,71,2797,13365,100
2787453975876976,412743,71,2797,13365,100
2787453980988752,412743,71,2797,13365,100
2787453986116885,412743,71,2797,13365,100
2787453991228859,412743,71,2797,13365,100
2787453996340561,412743,71,2797,13365,100
2787454001452289,412743,71,2797,13365,100
2787454006563898,412743,71,2797,13365,100
2787454011677127,412743,71,2797,13365,100
2787454016789099,412743,71,2797,13365,100
2787454021901052,412743,71,2797,13365,100
2787454027030160,412743,71,2797,13365,100
2787454032142061,412743,71,2797,13365,100
2787454037253976,412743,71,2797,13365,100
2787454042365753,412743,71,2797,13365,100
2787454047477413,412743,71,2797,13365,100
2787454052589204,412743,71,2797,13365,100
2787454057700948,412743,71,2797,13365,100
2787454062814206,412743,71,2797,13365,100
2787454067925805,412743,71,2797,13365,100
2787454073037995,412743,71,2797,13365,100
2787454078149666,412743,71,2797,13365,100
2787454083261624,412743,71,2797,13365,100
2787454088373201,412743,71,2797,13365,100
2787454093485014,412743,71,2797,13365,100
2787454098596582,412743,71,2797,13365,100
2787454103708321,412743,71,2797,13365,100
2787454108819951,412743,71,2797,13365,100
2787454113933011,412743,71,2797,13365,100
2787454119044923,412743,71,2797,13365,100
2787454124156635,412743,71,2797,13365,100
2787454129268540,412743,71,2797,13365,100
2787454134380335,412743,71,2797,13365,100
2787454139492448,412743,71,2797,13365,100
2787454144604365,412743,71,2797,13365,100
2787454149716208,412743,71,2797,13365,100
2787454154827782,412743,71,2797,13365,100
2787454159939596,412743,71,2797,13365,100
2787454165069150,412743,71,2797,13365,100
2787454170187847,412743,71,2797,13365,100
2787454175299488,412743,71,2797,13365,100
2787454180411328,412743,71,2797,13365,100
2787454185523119,412743,71,2797,13365,100
2787454190634852,412743,71,2797,13365,100
2787454195747041,412743,71,2797,13365,100
2787454200858981,412743,71,2797,13365,100
2787454205970814,412743,71,2797,13365,100
2787454211082821,412743,71,2797,13365,100
2787454216195845,412743,71,2797,13365,100
2787454221307839,412743,71,2797,13365,100
2787454226420248,412743,71,2797,13365,100
2787454231531866,412743,71,2797,13365,100
2787454236643670,412743,71,2797,13365,100
2787454241755875,412743,71,2797,13365,100
2787454246867510,412743,71,2797,13365,100
2787454251979176,412743,71,2797,13365,100
2787454257090835,412743,71,2797,13365,100
2787454262202645,412743,71,2797,13365,100
2787454267315842,412743,71,2797,13365,100
2787454272427773,412743,71,2797,13365,100
2787454277553287,412743,71,2797,13365,100
2787454282664976,412743,71,2797,13365,100
2787454287776994,412743,71,2797,13365,100
2787454292888873,412743,71,2797,13365,100
2787454298018757,412743,71,2797,13365,100
2787454303131142,412743,71,2797,13365,100
2787454308242794,412743,71,2797,13365,100
2787454313354858,412743,71,2797,13365,100
2787454318468106,412743,71,2797,13365,100
2787454323579745,412743,71,2797,13365,100
2787454328691475,412743,71,2797,13365,100
2787454333803588,412743,71,2797,13365,100
2787454338915256,412693,71,2797,13365,100
2787454344027309,412693,71,2797,13365,100
2787454349139465,412693,71,2797,13365,100
2787454354251417,412693,71,2797,13365,100
2787454359362936,412693,71,2797,13365,100
2787454364476506,412693,71,2797,13365,100
2787454369590090,412693,71,2797,13365,100
2787454374701816,412693,71,2797,13365,100
2787454379813420,412693,71,2797,13365,100
2787454384925220,412693,71,2797,13365,100
2787454390036973,412693,71,2797,13365,100
2787454395148973,412693,71,2797,13365,100
2787454400269565,412693,71,2797,13365,100
2787454405381354,412693,71,2797,13365,100
2787454410493322,412693,71,2797,13365,100
2787454415605619,412693,71,2797,13365,100
2787454420718811,412693,71,2797,13365,100
2787454425830384,412693,71,2797,13365,100
2787454430942610,412693,71,2797,13365,100
2787454436054412,412693,71,2797,13365,100
2787454441166333,412693,71,2797,13365,100
2787454446278023,412693,71,2797,13365,100
2787454451390041,412693,71,2797,13365,100
2787454456502100,412693,71,2797,13365,100
2787454461630170,412693,71,2797,13365,100
2787454466742068,412693,71,2797,13365,100
2787454471855011,412693,71,2797,13365,100
2787454476966877,412693,71,2797,13365,100
2787454482078414,412693,71,2797,13365,100
2787454487190478,412693,71,2797,13365,100
2787454492302301,412693,71,2797,13365,100
2787454497414215,412693,71,2797,13365,100
2787454502526001,412693,71,2797,13365,100
2787454507637782,412693,71,2797,13365,100
2787454512749758,412693,71,2797,13365,100
2787454517861725,412693,71,2797,13365,100
2787454522974855,412693,71,2797,13365,100
2787454528086588,412693,71,2797,13365,100
2787454533198291,412693,71,2797,13365,100
2787454538310072,412693,71,2797,13365,100
2787454543421976,412693,71,2797,13365,100
2787454548533801,412693,71,2797,13365,100
2787454553645490,412693,71,2797,13365,100
2787454558757094,412693,71,2797,13365,100
2787454563868858,412693,71,2797,13365,100
2787454568981523,412693,71,2797,13365,100
2787454574110466,412693,71,2797,13365,100
2787454579222791,412693,71,2797,13365,100
2787454584334615,412693,71,2797,13365,100
2787454589446288,412693,71,2797,13365,100
2787454594571704,412693,71,2797,13365,100
2787454599683168,412693,71,2797,13365,100
2787454604795578,412693,71,2797,13365,100
2787454609907786,412693,71,2797,13365,100
2787454615019956,412693,71,2797,13365,100
2787454620131686,412693,71,2797,13365,100
2787454625245245,412693,71,2797,13365,100
2787454630357187,412693,71,2797,13365,100
2787454635470684,412693,71,2797,13365,100
2787454640582400,412693,71,2797,13365,100
2787454645694381,412693,71,2797,13365,100
2787454650809033,412693,71,2797,13365,100
2787454655920813,412693,71,2797,13365,100
2787454661032676,412693,71,2797,13365,100
2787454666146040,412693,71,2797,13365,100
2787454671257970,412693,71,2797,13365,100
2787454676371561,412693,71,2797,13365,100
2787454681483408,412693,71,2797,13365,100
2787454686595536,412693,71,2797,13365,100
2787454691707404,412693,71,2797,13365,100
2787454696819433,412693,71,2797,13365,100
2787454701931305,412693,71,2797,13365,100
2787454707043297,412693,71,2797,13365,100
2787454712155062,412693,71,2797,13365,100
2787454717267030,412693,71,2797,13365,100
2787454722378983,412693,71,2797,13365,100
2787454727492527,412693,71,2797,13365,100
2787454732604448,412693,71,2797,13365,100
2787454737716632,412693,71,2797,13365,100
2787454742828639,412693,71,2797,13365,100
2787454747940412,412693,71,2797,13365,100
2787454753052493,412693,71,2797,13365,100
2787454758164266,412693,71,2797,13365,100
2787454763276038,412693,71,2797,13365,100
2787454768387895,412693,71,2797,13365,100
2787454773499758,412693,71,2797,13365,100
2787454778613348,412693,71,2797,13365,100
2787454783725141,412693,71,2797,13365,100
2787454788837016,412693,71,2797,13365,100
2787454793948888,412693,71,2797,13365,100
2787454799061121,412693,71,2797,13365,100
2787454804173013,412693,71,2797,13365,100
2787454809284818,412693,71,2797,13365,100
2787454814396470,412693,71,2797,13365,100
2787454819508234,412693,71,2797,13365,100
2787454824642195,412693,71,2797,13365,100
2787454829756253,412693,71,2797,13365,100
2787454834868184,412693,71,2797,13365,100
2787454839980060,412936,71,2797,13365,100
2787454845092061,412936,71,2797,13365,100
2787454850203784,412936,71,2797,13365,100
2787454855315457,412936,71,2797,13365,100
2787454860427413,412936,71,2797,13365,100
2787454865539434,412936,71,2797,13365,100
2787454870651729,412936,71,2797,13365,100
2787454875763543,412936,71,2797,13365,100
2787454880876923,412936,71,2797,13365,100
2787454885988695,412936,71,2797,13365,100
2787454891119028,412936,71,2797,13365,100
2787454896230820,412936,71,2797,13365,100
2787454901342569,412936,71,2797,13365,100
2787454906454469,412936,71,2797,13365,100
2787454911579051,412936,71,2797,13365,100
2787454916690868,412936,71,2797,13365,100
2787454921802911,412936,71,2797,13365,100
2787454926914677,412936,71,2797,13365,100
2787454932028635,412936,71,2797,13365,100
2787454937140775,412936,71,2797,13365,100
2787454942252616,412936,71,2797,13365,100
2787454947364317,412936,71,2797,13365,100
2787454952475397,412936,71,2797,13365,100
2787454957587397,412936,71,2797,13365,100
2787454962699170,412936,71,2797,13365,100
2787454967810926,412936,71,2797,13365,100
2787454972922862,412936,71,2797,13365,100
2787454978034759,412936,71,2797,13365,100
2787454983148515,412936,71,2797,13365,100
2787454988260463,412936,71,2797,13365,100
2787454993372408,412936,71,2797,13365,100
2787454998484053,412936,71,2797,13365,100
2787455003595717,412936,71,2797,13365,100
2787455008707522,412936,71,2797,13365,100
2787455013819661,412936,71,2797,13365,100
2787455018931936,412936,71,2797,13365,100
2787455024043890,412936,71,2797,13365,100
2787455029155603,412936,71,2797,13365,100
2787455034268691,412936,71,2797,13365,100
2787455039380464,412936,71,2797,13365,100
2787455044492338,412936,71,2797,13365,100
2787455049604349,412936,71,2797,13365,100
2787455054716077,412936,71,2797,13365,100
2787455059827734,412936,71,2797,13365,100
2787455064939482,412936,71,2797,13365,100
2787455070051419,412936,71,2797,13365,100
2787455075163374,412936,71,2797,13365,100
2787455080275317,412936,71,2797,13365,100
2787455085388961,412936,71,2797,13365,100
2787455090500812,412936,71,2797,13365,100
2787455095612717,412936,71,2797,13365,100
2787455100724916,412936,71,2797,13365,100
2787455105836881,412936,71,2797,13365,100
2787455110948663,412936,71,2797,13365,100
2787455116076400,412936,71,2797,13365,100
2787455121188174,412936,71,2797,13365,100
2787455126300255,412936,71,2797,13365,100
2787455131412003,412936,71,2797,13365,100
2787455136525567,412936,71,2797,13365,100
2787455141637435,412936,71,2797,13365,100
2787455146749388,412936,71,2797,13365,100
2787455151861297,412936,71,2797,13365,100
2787455156973153,412936,71,2797,13365,100
2787455162085273,412936,71,2797,13365,100
2787455167197144,412936,71,2797,13365,100
2787455172309578,412936,71,2797,13365,100
2787455177422063,412936,71,2797,13365,100
2787455182534057,412936,71,2797,13365,100
2787455187648342,412936,71,2797,13365,100
2787455192761036,412936,71,2797,13365,100
2787455197873676,412936,71,2797,13365,100
2787455202986405,412936,71,2797,13365,100
2787455208114559,412936,71,2797,13365,100
2787455213227524,412936,71,2797,13365,100
2787455218340102,412936,71,2797,13365,100
2787455223452532,412936,71,2797,13365,100
2787455228564495,412936,71,2797,13365,100
2787455233677103,412936,71,2797,13365,100
2787455238790839,412936,71,2797,13365,100
2787455243903588,412936,71,2797,13365,100
2787455249032200,412936,71,2797,13365,100
2787455254144319,412936,71,2797,13365,100
2787455259256245,412936,71,2797,13365,100
2787455264368168,412936,71,2797,13365,100
2787455269480070,412936,71,2797,13365,100
2787455274593058,412936,71,2797,13365,100
2787455279705590,412936,71,2797,13365,100
2787455284817679,412936,71,2797,13365,100
2787455289930975,412936,71,2797,13365,100
2787455295042820,412936,71,2797,13365,100
2787455300154793,412936,71,2797,13365,100
2787455305266621,412936,71,2797,13365,100
2787455310379367,412936,71,2797,13365,100
2787455315490977,412936,71,2797,13365,100
2787455320602969,412936,71,2797,13365,100
2787455325714681,412936,71,2797,13365,100
2787455330826818,412936,71,2797,13365,100
2787455335938615,412936,71,2797,13365,100
2787455341052256,413237,71,2797,13365,100
2787455346164460,413237,71,2797,13365,100
2787455351276141,413237,71,2797,13365,100
2787455356388077,413237,71,2797,13365,100
2787455361500013,413237,71,2797,13365,100
2787455366611805,413237,71,2797,13365,100
2787455371723910,413237,71,2797,13365,100
2787455376835794,413237,71,2797,13365,100
2787455381947763,413237,71,2797,13365,100
2787455387059467,413237,71,2797,13365,100
2787455392173591,413237,71,2797,13365,100
2787455397285617,413237,71,2797,13365,100
2787455402397507,413237,71,2797,13365,100
2787455407508831,413237,71,2797,13365,100
2787455412620817,413237,71,2797,13365,100
2787455417732814,413237,71,2797,13365,100
2787455422844484,413237,71,2797,13365,100
2787455427956429,413237,71,2797,13365,100
2787455433068627,413237,71,2797,13365,100
2787455438180352,413237,71,2797,13365,100
2787455443294344,413237,71,2797,13365,100
2787455448406446,413237,71,2797,13365,100
2787455453517977,413237,71,2797,13365,100
2787455458630225,413237,71,2797,13365,100
2787455463742149,413237,71,2797,13365,100
2787455468854137,413237,71,2797,13365,100
2787455473965098,413237,71,2797,13365,100
2787455479077035,413237,71,2797,13365,100
2787455484189111,413237,71,2797,13365,100
2787455489301051,413237,71,2797,13365,100
2787455494414476,413237,71,2797,13365,100
2787455499526269,413237,71,2797,13365,100
2787455504638293,413237,71,2797,13365,100
2787455509750189,413237,71,2797,13365,100
2787455514862302,413237,71,2797,13365,100
2787455519974174,413237,71,2797,13365,100
2787455525085900,413237,71,2797,13365,100
2787455530197871,413237,71,2797,13365,100
2787455535309891,413237,71,2797,13365,100
2787455540421895,413237,71,2797,13365,100
2787455545535520,413237,71,2797,13365,100
2787455550647616,413237,71,2797,13365,100
2787455555759605,413237,71,2797,13365,100
2787455560871678,413237,71,2797,13365,100
2787455565984454,413237,71,2797,13365,100
2787455571113430,413237,71,2797,13365,100
2787455576225278,413237,71,2797,13365,100
2787455581337295,413237,71,2797,13365,100
2787455586449100,413237,71,2797,13365,100
2787455591561104,413237,71,2797,13365,100
2787455596674412,413237,71,2797,13365,100
2787455601786957,413237,71,2797,13365,100
2787455606911305,413237,71,2797,13365,100
2787455612023365,413237,71,2797,13365,100
2787455617135305,413237,71,2797,13365,100
2787455622247104,413237,71,2797,13365,100
2787455627358781,413237,71,2797,13365,100
2787455632470205,413237,71,2797,13365,100
2787455637600564,413237,71,2797,13365,100
2787455642712519,413237,71,2797,13365,100
2787455647826128,413237,71,2797,13365,100
2787455652937872,413237,71,2797,13365,100
2787455658049507,413237,71,2797,13365,100
2787455663161471,413237,71,2797,13365,100
2787455668274050,413237,71,2797,13365,100
2787455673386250,413237,71,2797,13365,100
2787455678498539,413237,71,2797,13365,100
2787455683610437,413237,71,2797,13365,100
2787455688722328,413237,71,2797,13365,100
2787455693833898,413237,71,2797,13365,100
2787455698947280,413237,71,2797,13365,100
2787455704077600,413237,71,2797,13365,100
2787455709189620,413237,71,2797,13365,100
2787455714301535,413237,71,2797,13365,100
2787455719413422,413237,71,2797,13365,100
2787455724525306,413237,71,2797,13365,100
2787455729636942,413237,71,2797,13365,100
2787455734748782,413237,71,2797,13365,100
2787455739860771,413237,71,2797,13365,100
2787455744972827,413237,71,2797,13365,100
2787455750086214,413237,71,2797,13365,100
2787455755198324,413237,71,2797,13365,100
2787455760310255,413237,71,2797,13365,100
2787455765422393,413237,71,2797,13365,100
2787455770550797,413237,71,2797,13365,100
2787455775662834,413237,71,2797,13365,100
2787455780775012,413237,71,2797,13365,100
2787455785886755,413237,71,2797,13365,100
2787455790998491,413237,71,2797,13365,100
2787455796126626,413237,71,2797,13365,100
2787455801239843,413237,71,2797,13365,100
2787455806351969,413237,71,2797,13365,100
2787455811464157,413237,71,2797,13365,100
2787455816575978,413237,71,2797,13365,100
2787455821688128,413237,71,2797,13365,100
2787455826800474,413237,71,2797,13365,100
2787455831912518,413237,71,2797,13365,100
2787455837024381,413156,71,2797,13365,100
2787455842136007,413156,71,2797,13365,100
2787455847248015,413156,71,2797,13365,100
2787455852361408,413156,71,2797,13365,100
2787455857474018,413156,71,2797,13365,100
2787455862585857,413156,71,2797,13365,100
2787455867697561,413156,71,2797,13365,100
2787455872809657,413156,71,2797,13365,100
2787455877921186,413156,71,2797,13365,100
2787455883033043,413156,71,2797,13365,100
2787455888144867,413156,71,2797,13365,100
2787455893256799,413156,71,2797,13365,100
2787455898368852,413156,71,2797,13365,100
2787455903482408,413156,71,2797,13365,100
2787455908594292,413156,71,2797,13365,100
2787455913706447,413156,71,2797,13365,100
2787455918818479,413156,71,2797,13365,100
2787455923930418,413156,71,2797,13365,100
2787455929042448,413156,71,2797,13365,100
2787455934154374,413156,71,2797,13365,100
2787455939266229,413156,71,2797,13365,100
2787455944378543,413156,71,2797,13365,100
2787455949490136,413156,71,2797,13365,100
2787455954603732,413156,71,2797,13365,100
2787455959715396,413156,71,2797,13365,100
2787455964827264,413156,71,2797,13365,100
2787455969938790,413156,71,2797,13365,100
2787455975050534,413156,71,2797,13365,100
2787455980162422,413156,71,2797,13365,100
2787455985274574,413156,71,2797,13365,100
2787455990386567,413156,71,2797,13365,100
2787455995498352,413156,71,2797,13365,100
2787456000610068,413156,71,2797,13365,100
2787456005723900,413156,71,2797,13365,100
2787456010835751,413156,71,2797,13365,100
2787456015947669,413156,71,2797,13365,100
2787456021060313,413156,71,2797,13365,100
2787456026172354,413156,71,2797,13365,100
2787456031284146,413156,71,2797,13365,100
2787456036395931,413156,71,2797,13365,100
2787456041507755,413156,71,2797,13365,100
2787456046619731,413156,71,2797,13365,100
2787456051731684,413156,71,2797,13365,100
2787456056845704,413156,71,2797,13365,100
2787456061957657,413156,71,2797,13365,100
2787456067069409,413156,71,2797,13365,100
2787456072181084,413156,71,2797,13365,100
2787456077292878,413156,71,2797,13365,100
2787456082404722,413156,71,2797,13365,100
2787456087516710,413156,71,2797,13365,100
2787456092628427,413156,71,2797,13365,100
2787456097762159,413156,71,2797,13365,100
2787456102874110,413156,71,2797,13365,100
2787456107987184,413156,71,2797,13365,100
2787456113121352,413156,71,2797,13365,100
2787456118233469,413156,71,2797,13365,100
2787456123345637,413156,71,2797,13365,100
2787456128457481,413156,71,2797,13365,100
2787456133569311,413156,71,2797,13365,100
2787456138681023,413156,71,2797,13365,100
2787456143801476,413156,71,2797,13365,100
2787456148913655,413156,71,2797,13365,100
2787456154026136,413156,71,2797,13365,100
2787456159140188,413156,71,2797,13365,100
2787456164252641,413156,71,2797,13365,100
2787456169364880,413156,71,2797,13365,100
2787456174476733,413156,71,2797,13365,100
2787456179588476,413156,71,2797,13365,100
2787456184699822,413156,71,2797,13365,100
2787456189812498,413156,71,2797,13365,100
2787456194924311,413156,71,2797,13365,100
2787456200038388,413156,71,2797,13365,100
2787456205150904,413156,71,2797,13365,100
2787456210264592,413156,71,2797,13365,100
2787456215376629,413156,71,2797,13365,100
2787456220488645,413156,71,2797,13365,100
2787456225600509,413156,71,2797,13365,100
2787456230712526,413156,71,2797,13365,100
2787456235825039,413156,71,2797,13365,100
2787456240937342,413156,71,2797,13365,100
2787456246049139,413156,71,2797,13365,100
2787456251161085,413156,71,2797,13365,100
2787456256272715,413156,71,2797,13365,100
2787456261386028,413156,71,2797,13365,100
2787456266497445,413156,71,2797,13365,100
2787456271608913,413156,71,2797,13365,100
2787456276720914,413156,71,2797,13365,100
2787456281832766,413156,71,2797,13365,100
2787456286944802,413156,71,2797,13365,100
2787456292056831,413156,71,2797,13365,100
2787456297168667,413156,71,2797,13365,100
2787456302282376,413156,71,2797,13365,100
2787456307394276,413156,71,2797,13365,100
2787456312507691,413156,71,2797,13365,100
2787456317619713,413156,71,2797,13365,100
2787456322731519,413156,71,2797,13365,100
2787456327843386,413156,71,2797,13365,100
2787456332955556,413156,71,2797,13365,100
2787456338067255,413039,71,2797,13365,100
2787456343179350,413039,71,2797,13365,100
2787456348291295,413039,71,2797,13365,100
2787456353403192,413039,71,2797,13365,100
2787456358515160,413039,71,2797,13365,100
2787456363629004,413039,71,2797,13365,100
2787456368740977,413039,71,2797,13365,100
2787456373852969,413039,71,2797,13365,100
2787456378971226,413039,71,2797,13365,100
2787456384090812,413039,71,2797,13365,100
2787456389203210,413039,71,2797,13365,100
2787456394315499,413039,71,2797,13365,100
2787456399427784,413039,71,2797,13365,100
2787456404539944,413039,71,2797,13365,100
2787456409651649,413039,71,2797,13365,100
2787456414765019,413039,71,2797,13365,100
2787456419876977,413039,71,2797,13365,100
2787456425020945,413039,71,2797,13365,100
2787456430132957,413039,71,2797,13365,100
2787456435245016,413039,71,2797,13365,100
2787456440357362,413039,71,2797,13365,100
2787456445469045,413039,71,2797,13365,100
2787456450580839,413039,71,2797,13365,100
2787456455692821,413039,71,2797,13365,100
2787456460804484,413039,71,2797,13365,100
2787456465917756,413039,71,2797,13365,100
2787456471029776,413039,71,2797,13365,100
2787456476141711,413039,71,2797,13365,100
2787456481253538,413039,71,2797,13365,100
2787456486365254,413039,71,2797,13365,100
2787456491477025,413039,71,2797,13365,100
2787456496588815,413039,71,2797,13365,100
2787456501700532,413039,71,2797,13365,100
2787456506812122,413039,71,2797,13365,100
2787456511923852,413039,71,2797,13365,100
2787456517037721,413039,71,2797,13365,100
2787456522149701,413039,71,2797,13365,100
2787456527262270,413039,71,2797,13365,100
2787456532373978,413039,71,2797,13365,100
2787456537485882,413039,71,2797,13365,100
2787456542597338,413039,71,2797,13365,100
2787456547709083,413039,71,2797,13365,100
2787456552821111,413039,71,2797,13365,100
2787456557932996,413039,71,2797,13365,100
2787456563044856,413039,71,2797,13365,100
2787456568166451,413039,71,2797,13365,100
2787456573278277,413039,71,2797,13365,100
2787456578389973,413039,71,2797,13365,100
2787456583501913,413039,71,2797,13365,100
2787456588614050,413039,71,2797,13365,100
2787456593733635,413039,71,2797,13365,100
2787456598845847,413039,71,2797,13365,100
2787456603957800,413039,71,2797,13365,100
2787456609069546,413039,71,2797,13365,100
2787456614181588,413039,71,2797,13365,100
2787456619295544,413039,71,2797,13365,100
2787456624407021,413039,71,2797,13365,100
2787456629519618,413039,71,2797,13365,100
2787456634631001,413039,71,2797,13365,100
2787456639743322,413039,71,2797,13365,100
2787456644855704,413039,71,2797,13365,100
2787456649967851,413039,71,2797,13365,100
2787456655080480,413039,71,2797,13365,100
2787456660192683,413039,71,2797,13365,100
2787456665304189,413039,71,2797,13365,100
2787456670418113,413039,71,2797,13365,100
2787456675530349,413039,71,2797,13365,100
2787456680642902,413039,71,2797,13365,100
2787456685755570,413039,71,2797,13365,100
2787456690867950,413039,71,2797,13365,100
2787456695980650,413039,71,2797,13365,100
2787456701093073,413039,71,2797,13365,100
2787456706205370,413039,71,2797,13365,100
2787456711317304,413039,71,2797,13365,100
2787456716429268,413039,71,2797,13365,100
2787456721542672,413039,71,2797,13365,100
2787456726654597,413039,71,2797,13365,100
2787456731767059,413039,71,2797,13365,100
2787456736879082,413039,71,2797,13365,100
2787456741990502,413039,71,2797,13365,100
2787456747120991,413039,71,2797,13365,100
2787456752232704,413039,71,2797,13365,100
2787456757344787,413039,71,2797,13365,100
2787456762456624,413039,71,2797,13365,100
2787456767568136,413039,71,2797,13365,100
2787456772681807,413039,71,2797,13365,100
2787456777794051,413039,71,2797,13365,100
2787456782906050,413039,71,2797,13365,100
2787456788018830,413039,71,2797,13365,100
2787456793131010,413039,71,2797,13365,100
2787456798243129,413039,71,2797,13365,100
2787456803354955,413039,71,2797,13365,100
2787456808466092,413039,71,2797,13365,100
2787456813578182,413039,71,2797,13365,100
2787456818689912,413039,71,2797,13365,100
2787456823804125,413039,71,2797,13365,100
2787456828916589,413039,71,2797,13365,100
2787456834028522,413039,71,2797,13365,100
2787456839140214,412999,71,2797,13365,100
2787456844252049,412999,71,2797,13365,100
2787456849363887,412999,71,2797,13365,100
2787456854475495,412999,71,2797,13365,100
2787456859587888,412999,71,2797,13365,100
2787456864699876,412999,71,2797,13365,100
2787456869811596,412999,71,2797,13365,100
2787456874925143,412999,71,2797,13365,100
2787456880037200,412999,71,2797,13365,100
2787456885149186,412999,71,2797,13365,100
2787456890261858,412999,71,2797,13365,100
2787456895373713,412999,71,2797,13365,100
2787456900485391,412999,71,2797,13365,100
2787456905597502,412999,71,2797,13365,100
2787456910709544,412999,71,2797,13365,100
2787456915821750,412999,71,2797,13365,100
2787456920934197,412999,71,2797,13365,100
2787456926047713,412999,71,2797,13365,100
2787456931159831,412999,71,2797,13365,100
2787456936271606,412999,71,2797,13365,100
2787456941383302,412999,71,2797,13365,100
2787456946495131,412999,71,2797,13365,100
2787456951607101,412999,71,2797,13365,100
2787456956719428,412999,71,2797,13365,100
2787456961831536,412999,71,2797,13365,100
2787456966943284,412999,71,2797,13365,100
2787456972055048,412999,71,2797,13365,100
2787456977169117,412999,71,2797,13365,100
2787456982281542,412999,71,2797,13365,100
2787456987393742,412999,71,2797,13365,100
2787456992505575,412999,71,2797,13365,100
2787456997617727,412999,71,2797,13365,100
2787457002729533,412999,71,2797,13365,100
2787457007856291,412999,71,2797,13365,100
2787457012968134,412999,71,2797,13365,100
2787457018080352,412999,71,2797,13365,100
2787457023204945,412999,71,2797,13365,100
2787457028356885,412999,71,2797,13365,100
2787457033468769,412999,71,2797,13365,100
2787457038580316,412999,71,2797,13365,100
2787457043692262,412999,71,2797,13365,100
2787457048804365,412999,71,2797,13365,100
2787457053916777,412999,71,2797,13365,100
2787457059028671,412999,71,2797,13365,100
2787457064140585,412999,71,2797,13365,100
2787457069252280,412999,71,2797,13365,100
2787457074363936,412999,71,2797,13365,100
2787457079493844,412999,71,2797,13365,100
2787457084605637,412999,71,2797,13365,100
2787457089717405,412999,71,2797,13365,100
2787457094829237,412999,71,2797,13365,100
2787457099941118,412999,71,2797,13365,100
2787457105053141,412999,71,2797,13365,100
2787457110165037,412999,71,2797,13365,100
2787457115275967,412999,71,2797,13365,100
2787457120387700,412999,71,2797,13365,100
2787457125499411,412999,71,2797,13365,100
2787457130613043,412999,71,2797,13365,100
2787457135724927,412999,71,2797,13365,100
2787457140837104,412999,71,2797,13365,100
2787457145948894,412999,71,2797,13365,100
2787457151060853,412999,71,2797,13365,100
2787457156172850,412999,71,2797,13365,100
2787457161284655,412999,71,2797,13365,100
2787457166396664,412999,71,2797,13365,100
2787457171508616,412999,71,2797,13365,100
2787457176620308,412999,71,2797,13365,100
2787457181733545,412999,71,2797,13365,100
2787457186845293,412999,71,2797,13365,100
2787457191957094,412999,71,2797,13365,100
2787457197069610,412999,71,2797,13365,100
2787457202181537,412999,71,2797,13365,100
2787457207293451,412999,71,2797,13365,100
2787457212405184,412999,71,2797,13365,100
2787457217517648,412999,71,2797,13365,100
2787457222629520,412999,71,2797,13365,100
2787457227741393,412999,71,2797,13365,100
2787457232854893,412999,71,2797,13365,100
2787457237966973,412999,71,2797,13365,100
2787457243078842,412999,71,2797,13365,100
2787457248190850,412999,71,2797,13365,100
2787457253302574,412999,71,2797,13365,100
2787457258414487,412999,71,2797,13365,100
2787457263526128,412999,71,2797,13365,100
2787457268638167,412999,71,2797,13365,100
2787457273749673,412999,71,2797,13365,100
2787457278861589,412999,71,2797,13365,100
2787457283975467,412999,71,2797,13365,100
2787457289087961,412999,71,2797,13365,100
2787457294199726,412999,71,2797,13365,100
2787457299311835,412999,71,2797,13365,100
2787457304423778,412999,71,2797,13365,100
2787457309535571,412999,71,2797,13365,100
2787457314647916,412999,71,2797,13365,100
2787457319759956,412999,71,2797,13365,100
2787457324871690,412999,71,2797,13365,100
2787457329983829,412999,71,2797,13365,100
2787457335113973,412999,71,2797,13365,100
2787457340225685,413068,71,2797,13365,100
2787457345354350,413068,71,2797,13365,100
2787457350466014,413068,71,2797,13365,100
2787457355578029,413068,71,2797,13365,100
2787457360690068,413068,71,2797,13365,100
2787457365802296,413068,71,2797,13365,100
2787457370915228,413068,71,2797,13365,100
2787457376028080,413068,71,2797,13365,100
2787457381140984,413068,71,2797,13365,100
2787457386255589,413068,71,2797,13365,100
2787457391368369,413068,71,2797,13365,100
2787457396479954,413068,71,2797,13365,100
2787457401592687,413068,71,2797,13365,100
2787457406705195,413068,71,2797,13365,100
2787457411816472,413068,71,2797,13365,100
2787457416929191,413068,71,2797,13365,100
2787457422042196,413068,71,2797,13365,100
2787457427154700,413068,71,2797,13365,100
2787457432267735,413068,71,2797,13365,100
2787457437381109,413068,71,2797,13365,100
2787457442494093,413068,71,2797,13365,100
2787457447607014,413068,71,2797,13365,100
2787457452719938,413068,71,2797,13365,100
2787457457831245,413068,71,2797,13365,100
2787457462944095,413068,71,2797,13365,100
2787457468057064,413068,71,2797,13365,100
2787457473169800,413068,71,2797,13365,100
2787457478282540,413068,71,2797,13365,100
2787457483395177,413068,71,2797,13365,100
2787457488509098,413068,71,2797,13365,100
2787457493622442,413068,71,2797,13365,100
2787457498733912,413068,71,2797,13365,100
2787457503846975,413068,71,2797,13365,100
2787457508959530,413068,71,2797,13365,100
2787457514072199,413068,71,2797,13365,100
2787457519183548,413068,71,2797,13365,100
2787457524295107,413068,71,2797,13365,100
2787457529407777,413068,71,2797,13365,100
2787457534519361,413068,71,2797,13365,100
2787457539632749,413068,71,2797,13365,100
2787457544744519,413068,71,2797,13365,100
2787457549856914,413068,71,2797,13365,100
2787457554969230,413068,71,2797,13365,100
2787457560081999,413068,71,2797,13365,100
2787457565193483,413068,71,2797,13365,100
2787457570306662,413068,71,2797,13365,100
2787457575418258,413068,71,2797,13365,100
2787457580530870,413068,71,2797,13365,100
2787457585642480,413068,71,2797,13365,100
2787457590756417,413068,71,2797,13365,100
2787457595869516,413068,71,2797,13365,100
2787457600982648,413068,71,2797,13365,100
2787457606118670,413068,71,2797,13365,100
2787457611230642,413068,71,2797,13365,100
2787457616341821,413068,71,2797,13365,100
2787457621453618,413068,71,2797,13365,100
2787457626566412,413068,71,2797,13365,100
2787457631678227,413068,71,2797,13365,100
2787457636791081,413068,71,2797,13365,100
2787457641905265,413068,71,2797,13365,100
2787457647021080,413068,71,2797,13365,100
2787457652133478,413068,71,2797,13365,100
2787457657245256,413068,71,2797,13365,100
2787457662358162,413068,71,2797,13365,100
2787457667470251,413068,71,2797,13365,100
2787457672583244,413068,71,2797,13365,100
2787457677696160,413068,71,2797,13365,100
2787457682809249,413068,71,2797,13365,100
2787457687922405,413068,71,2797,13365,100
2787457693036739,413068,71,2797,13365,100
2787457698171758,413068,71,2797,13365,100
2787457703284278,413068,71,2797,13365,100
2787457708397058,413068,71,2797,13365,100
2787457713509626,413068,71,2797,13365,100
2787457718622441,413068,71,2797,13365,100
2787457723735026,413068,71,2797,13365,100
2787457728846908,413068,71,2797,13365,100
2787457733975576,413068,71,2797,13365,100
2787457739099933,413068,71,2797,13365,100
2787457744213125,413068,71,2797,13365,100
2787457749325477,413068,71,2797,13365,100
2787457754437690,413068,71,2797,13365,100
2787457759549438,413068,71,2797,13365,100
2787457764661241,413068,71,2797,13365,100
2787457769773047,413068,71,2797,13365,100
2787457774884850,413068,71,2797,13365,100
2787457779996720,413068,71,2797,13365,100
2787457785125473,413068,71,2797,13365,100
2787457790237312,413068,71,2797,13365,100
2787457795350901,413068,71,2797,13365,100
2787457800462773,413068,71,2797,13365,100
2787457805574602,413068,71,2797,13365,100
2787457810686414,413068,71,2797,13365,100
2787457815799214,413068,71,2797,13365,100
2787457820911079,413068,71,2797,13365,100
2787457826023172,413068,71,2797,13365,100
2787457831134936,413068,71,2797,13365,100
2787457836246701,413068,71,2797,13365,100
2787457841358596,413002,71,2797,13365,100
2787457846471585,413002,71,2797,13365,100
2787457851584101,413002,71,2797,13365,100
2787457856695733,413002,71,2797,13365,100
2787457861807608,413002,71,2797,13365,100
2787457866919298,413002,71,2797,13365,100
2787457872031715,413002,71,2797,13365,100
2787457877143600,413002,71,2797,13365,100
2787457882256420,413002,71,2797,13365,100
2787457887368201,413002,71,2797,13365,100
2787457892479877,413002,71,2797,13365,100
2787457897593275,413002,71,2797,13365,100
2787457902705469,413002,71,2797,13365,100
2787457907817294,413002,71,2797,13365,100
2787457912928834,413002,71,2797,13365,100
2787457918041219,413002,71,2797,13365,100
2787457923153191,413002,71,2797,13365,100
2787457928265064,413002,71,2797,13365,100
2787457933376614,413002,71,2797,13365,100
2787457938488460,413002,71,2797,13365,100
2787457943600009,413002,71,2797,13365,100
2787457948713861,413002,71,2797,13365,100
2787457953825577,413002,71,2797,13365,100
2787457958937690,413002,71,2797,13365,100
2787457964049331,413002,71,2797,13365,100
2787457969161067,413002,71,2797,13365,100
2787457974272880,413002,71,2797,13365,100
2787457979385046,413002,71,2797,13365,100
2787457984496840,413002,71,2797,13365,100
2787457989608542,413002,71,2797,13365,100
2787457994720432,413002,71,2797,13365,100
2787457999833485,413002,71,2797,13365,100
2787458004945501,413002,71,2797,13365,100
2787458010057120,413002,71,2797,13365,100
2787458015169542,413002,71,2797,13365,100
2787458020281363,413002,71,2797,13365,100
2787458025392999,413002,71,2797,13365,100
2787458030504696,413002,71,2797,13365,100
2787458035616609,413002,71,2797,13365,100
2787458040728748,413002,71,2797,13365,100
2787458045840909,413002,71,2797,13365,100
2787458050954221,413002,71,2797,13365,100
2787458056066190,413002,71,2797,13365,100
2787458061178062,413002,71,2797,13365,100
2787458066289929,413002,71,2797,13365,100
2787458071401811,413002,71,2797,13365,100
2787458076512683,413002,71,2797,13365,100
2787458081624396,413002,71,2797,13365,100
2787458086736192,413002,71,2797,13365,100
2787458091847909,413002,71,2797,13365,100
2787458096959625,413002,71,2797,13365,100
2787458102073141,413002,71,2797,13365,100
2787458107185010,413002,71,2797,13365,100
2787458112296470,413002,71,2797,13365,100
2787458117408171,413002,71,2797,13365,100
2787458122520399,413002,71,2797,13365,100
2787458127632356,413002,71,2797,13365,100
2787458132744018,413002,71,2797,13365,100
2787458137855792,413002,71,2797,13365,100
2787458142967625,413002,71,2797,13365,100
2787458148079341,413002,71,2797,13365,100
2787458153192614,413002,71,2797,13365,100
2787458158304490,413002,71,2797,13365,100
2787458163416412,413002,71,2797,13365,100
2787458168528087,413002,71,2797,13365,100
2787458173639755,413002,71,2797,13365,100
2787458178751672,413002,71,2797,13365,100
2787458183863696,413002,71,2797,13365,100
2787458188975632,413002,71,2797,13365,100
2787458194087745,413002,71,2797,13365,100
2787458199199736,413002,71,2797,13365,100
2787458204312982,413002,71,2797,13365,100
2787458209424806,413002,71,2797,13365,100
2787458214536558,413002,71,2797,13365,100
2787458219648368,413002,71,2797,13365,100
2787458224759860,413002,71,2797,13365,100
2787458229871520,413002,71,2797,13365,100
2787458234983300,413002,71,2797,13365,100
2787458240113384,413002,71,2797,13365,100
2787458245225075,413002,71,2797,13365,100
2787458250336714,413002,71,2797,13365,100
2787458255450090,413002,71,2797,13365,100
2787458260561762,413002,71,2797,13365,100
2787458265673286,413002,71,2797,13365,100
2787458270784950,413002,71,2797,13365,100
2787458275896647,413002,71,2797,13365,100
2787458281026128,413002,71,2797,13365,100
2787458286137836,413002,71,2797,13365,100
2787458291249329,413002,71,2797,13365,100
2787458296361069,413002,71,2797,13365,100
2787458301472331,413002,71,2797,13365,100
2787458306585341,413002,71,2797,13365,100
2787458311697150,413002,71,2797,13365,100
2787458316808979,413002,71,2797,13365,100
2787458321920863,413002,71,2797,13365,100
2787458327032967,413002,71,2797,13365,100
2787458332144710,413002,71,2797,13365,100
2787458337256873,412969,71,2797,13365,100
2787458342368606,412969,71,2797,13365,100
2787458347480309,412969,71,2797,13365,100
2787458352592790,412969,71,2797,13365,100
2787458357706072,412969,71,2797,13365,100
2787458362817938,412969,71,2797,13365,100
2787458367928810,412969,71,2797,13365,100
2787458373040700,412969,71,2797,13365,100
2787458378152330,412969,71,2797,13365,100
2787458383264274,412969,71,2797,13365,100
2787458388392248,412969,71,2797,13365,100
2787458393504249,412969,71,2797,13365,100
2787458398616565,412969,71,2797,13365,100
2787458403743601,412969,71,2797,13365,100
2787458408856865,412969,71,2797,13365,100
2787458413969098,412969,71,2797,13365,100
2787458419080687,412969,71,2797,13365,100
2787458424192619,412969,71,2797,13365,100
2787458429304323,412969,71,2797,13365,100
2787458434416520,412969,71,2797,13365,100
2787458439528362,412969,71,2797,13365,100
2787458444640009,412969,71,2797,13365,100
2787458449751685,412969,71,2797,13365,100
2787458454863469,412969,71,2797,13365,100
2787458459976458,412969,71,2797,13365,100
2787458465088243,412969,71,2797,13365,100
2787458470200455,412969,71,2797,13365,100
2787458475312023,412969,71,2797,13365,100
2787458480423600,412969,71,2797,13365,100
2787458485535508,412969,71,2797,13365,100
2787458490647592,412969,71,2797,13365,100
2787458495769280,412969,71,2797,13365,100
2787458500881333,412969,71,2797,13365,100
2787458505993053,412969,71,2797,13365,100
2787458511122814,412969,71,2797,13365,100
2787458516234996,412969,71,2797,13365,100
2787458521346602,412969,71,2797,13365,100
2787458526458471,412969,71,2797,13365,100
2787458531570151,412969,71,2797,13365,100
2787458536682294,412969,71,2797,13365,100
2787458541794298,412969,71,2797,13365,100
2787458546905988,412969,71,2797,13365,100
2787458552032973,412969,71,2797,13365,100
2787458557145065,412969,71,2797,13365,100
2787458562258028,412969,71,2797,13365,100
2787458567369702,412969,71,2797,13365,100
2787458572481946,412969,71,2797,13365,100
2787458577593983,412969,71,2797,13365,100
2787458582705599,412969,71,2797,13365,100
2787458587817984,412969,71,2797,13365,100
2787458592929444,412969,71,2797,13365,100
2787458598041659,412969,71,2797,13365,100
2787458603153423,412969,71,2797,13365,100
2787458608265313,412969,71,2797,13365,100
2787458613379026,412969,71,2797,13365,100
2787458618492511,412969,71,2797,13365,100
2787458623604434,412969,71,2797,13365,100
2787458628716275,412969,71,2797,13365,100
2787458633828432,412969,71,2797,13365,100
2787458638940228,412969,71,2797,13365,100
2787458644051772,412969,71,2797,13365,100
2787458649164545,412969,71,2797,13365,100
2787458654276501,412969,71,2797,13365,100
2787458659388285,412969,71,2797,13365,100
2787458664501626,412969,71,2797,13365,100
2787458669613530,412969,71,2797,13365,100
2787458674725378,412969,71,2797,13365,100
2787458679837119,412969,71,2797,13365,100
2787458684949072,412969,71,2797,13365,100
2787458690060708,412969,71,2797,13365,100
2787458695172561,412969,71,2797,13365,100
2787458700284267,412969,71,2797,13365,100
2787458705396213,412969,71,2797,13365,100
2787458710507969,412969,71,2797,13365,100
2787458715621562,412969,71,2797,13365,100
2787458720733499,412969,71,2797,13365,100
2787458725845289,412969,71,2797,13365,100
2787458730957072,412969,71,2797,13365,100
2787458736069136,412969,71,2797,13365,100
2787458741180892,412969,71,2797,13365,100
2787458746291401,412969,71,2797,13365,100
2787458751403061,412969,71,2797,13365,100
2787458756515021,412969,71,2797,13365,100
2787458761626808,412969,71,2797,13365,100
2787458766740586,412969,71,2797,13365,100
2787458771852363,412969,71,2797,13365,100
2787458776964213,412969,71,2797,13365,100
2787458782076071,412969,71,2797,13365,100
2787458787187624,412969,71,2797,13365,100
2787458792299152,412969,71,2797,13365,100
2787458797411537,412969,71,2797,13365,100
2787458802523545,412969,71,2797,13365,100
2787458807635442,412969,71,2797,13365,100
2787458812746566,412969,71,2797,13365,100
2787458817860309,412969,71,2797,13365,100
2787458822972082,412969,71,2797,13365,100
2787458828084019,412969,71,2797,13365,100
2787458833195842,412969,71,2797,13365,100
2787458838307434,412766,71,2797,13365,100
2787458843418956,412766,71,2797,13365,100
2787458848531277,412766,71,2797,13365,100
2787458853643357,412766,71,2797,13365,100
2787458858755026,412766,71,2797,13365,100
2787458863866890,412766,71,2797,13365,100
2787458868980233,412766,71,2797,13365,100
2787458874092167,412766,71,2797,13365,100
2787458879204091,412766,71,2797,13365,100
2787458884316104,412766,71,2797,13365,100
2787458889427892,412766,71,2797,13365,100
2787458894539604,412766,71,2797,13365,100
2787458899651329,412766,71,2797,13365,100
2787458904763163,412766,71,2797,13365,100
2787458909875154,412766,71,2797,13365,100
2787458914987038,412766,71,2797,13365,100
2787458920116918,412766,71,2797,13365,100
2787458925228770,412766,71,2797,13365,100
2787458930340319,412766,71,2797,13365,100
2787458935452330,412766,71,2797,13365,100
2787458940564132,412766,71,2797,13365,100
2787458945675988,412766,71,2797,13365,100
2787458950787521,412766,71,2797,13365,100
2787458955899449,412766,71,2797,13365,100
2787458961028686,412766,71,2797,13365,100
2787458966140616,412766,71,2797,13365,100
2787458971254401,412766,71,2797,13365,100
2787458976366374,412766,71,2797,13365,100
2787458981478143,412766,71,2797,13365,100
2787458986589916,412766,71,2797,13365,100
2787458991701713,412766,71,2797,13365,100
2787458996814257,412766,71,2797,13365,100
2787459001926141,412766,71,2797,13365,100
2787459007038711,412766,71,2797,13365,100
2787459012150474,412766,71,2797,13365,100
2787459017262388,412766,71,2797,13365,100
2787459022375990,412766,71,2797,13365,100
2787459027487399,412766,71,2797,13365,100
2787459032599273,412766,71,2797,13365,100
2787459037711064,412766,71,2797,13365,100
2787459042839297,412766,71,2797,13365,100
2787459047951200,412766,71,2797,13365,100
2787459053063133,412766,71,2797,13365,100
2787459058175061,412766,71,2797,13365,100
2787459063286454,412766,71,2797,13365,100
2787459068398262,412766,71,2797,13365,100
2787459073511542,412766,71,2797,13365,100
2787459078623587,412766,71,2797,13365,100
2787459083735556,412766,71,2797,13365,100
2787459088847048,412766,71,2797,13365,100
2787459093958821,412766,71,2797,13365,100
2787459099070593,412766,71,2797,13365,100
2787459104182463,412766,71,2797,13365,100
2787459109294309,412766,71,2797,13365,100
2787459114406244,412766,71,2797,13365,100
2787459119518158,412766,71,2797,13365,100
2787459124631566,412766,71,2797,13365,100
2787459129743730,412766,71,2797,13365,100
2787459134855383,412766,71,2797,13365,100
2787459139967356,412766,71,2797,13365,100
2787459145079292,412766,71,2797,13365,100
2787459150191048,412766,71,2797,13365,100
2787459155302893,412766,71,2797,13365,100
2787459160414906,412766,71,2797,13365,100
2787459165527268,412766,71,2797,13365,100
2787459170639666,412766,71,2797,13365,100
2787459175753406,412766,71,2797,13365,100
2787459180866221,412766,71,2797,13365,100
2787459185978331,412766,71,2797,13365,100
2787459191090504,412766,71,2797,13365,100
2787459196202496,412766,71,2797,13365,100
2787459201314252,412766,71,2797,13365,100
2787459206425938,412766,71,2797,13365,100
2787459211537686,412766,71,2797,13365,100
2787459216649482,412766,71,2797,13365,100
2787459221761642,412766,71,2797,13365,100
2787459226875043,412766,71,2797,13365,100
2787459231987075,412766,71,2797,13365,100
2787459237115919,412766,71,2797,13365,100
2787459242227844,412766,71,2797,13365,100
2787459247339840,412766,71,2797,13365,100
2787459252451476,412766,71,2797,13365,100
2787459257563681,412766,71,2797,13365,100
2787459262675341,412766,71,2797,13365,100
2787459267787576,412766,71,2797,13365,100
2787459272899421,412766,71,2797,13365,100
2787459278030372,412766,71,2797,13365,100
2787459283142283,412766,71,2797,13365,100
2787459288254468,412766,71,2797,13365,100
2787459293366271,412766,71,2797,13365,100
2787459298478384,412766,71,2797,13365,100
2787459303590340,412766,71,2797,13365,100
2787459308701941,412766,71,2797,13365,100
2787459313814081,412766,71,2797,13365,100
2787459318926173,412766,71,2797,13365,100
2787459324038189,412766,71,2797,13365,100
2787459329151607,412766,71,2797,13365,100
2787459334263571,412766,71,2797,13365,100
2787459339375652,412532,71,2797,13365,100
2787459344487680,412532,71,2797,13365,100
2787459349599660,412532,71,2797,13365,100
2787459354711685,412532,71,2797,13365,100
2787459359834745,412532,71,2797,13365,100
2787459364946782,412532,71,2797,13365,100
2787459370058534,412532,71,2797,13365,100
2787459375170278,412532,71,2797,13365,100
2787459380284126,412532,71,2797,13365,100
2787459385396052,412532,71,2797,13365,100
2787459390507864,412532,71,2797,13365,100
2787459395619856,412532,71,2797,13365,100
2787459400732336,412532,71,2797,13365,100
2787459405844697,412532,71,2797,13365,100
2787459410956539,412532,71,2797,13365,100
2787459416068603,412532,71,2797,13365,100
2787459421180341,412532,71,2797,13365,100
2787459426292111,412532,71,2797,13365,100
2787459431405859,412532,71,2797,13365,100
2787459436517587,412532,71,2797,13365,100
2787459441629393,412532,71,2797,13365,100
2787459446741460,412532,71,2797,13365,100
2787459451853984,412532,71,2797,13365,100
2787459456965972,412532,71,2797,13365,100
2787459462078002,412532,71,2797,13365,100
2787459467189797,412532,71,2797,13365,100
2787459472301754,412532,71,2797,13365,100
2787459477413671,412532,71,2797,13365,100
2787459482526815,412532,71,2797,13365,100
2787459487638695,412532,71,2797,13365,100
2787459492750450,412532,71,2797,13365,100
2787459497862312,412532,71,2797,13365,100
2787459502974188,412532,71,2797,13365,100
2787459508086097,412532,71,2797,13365,100
2787459513198177,412532,71,2797,13365,100
2787459518310065,412532,71,2797,13365,100
2787459523422096,412532,71,2797,13365,100
2787459528533895,412532,71,2797,13365,100
2787459533647311,412532,71,2797,13365,100
2787459538759190,412532,71,2797,13365,100
2787459543871144,412532,71,2797,13365,100
2787459548982997,412532,71,2797,13365,100
2787459554111217,412532,71,2797,13365,100
2787459559223061,412532,71,2797,13365,100
2787459564335034,412532,71,2797,13365,100
2787459569446746,412532,71,2797,13365,100
2787459574559098,412532,71,2797,13365,100
2787459579671103,412532,71,2797,13365,100
2787459584786809,412532,71,2797,13365,100
2787459589898503,412532,71,2797,13365,100
2787459595028387,412532,71,2797,13365,100
2787459600140402,412532,71,2797,13365,100
2787459605252294,412532,71,2797,13365,100
2787459610364005,412532,71,2797,13365,100
2787459615476405,412532,71,2797,13365,100
2787459620588394,412532,71,2797,13365,100
2787459625700266,412532,71,2797,13365,100
2787459630812011,412532,71,2797,13365,100
2787459635925687,412532,71,2797,13365,100
2787459641037758,412532,71,2797,13365,100
2787459646149235,412532,71,2797,13365,100
2787459651261996,412532,71,2797,13365,100
2787459656373729,412532,71,2797,13365,100
2787459661485585,412532,71,2797,13365,100
2787459666597529,412532,71,2797,13365,100
2787459671709437,412532,71,2797,13365,100
2787459676821350,412532,71,2797,13365,100
2787459681933333,412532,71,2797,13365,100
2787459687046863,412532,71,2797,13365,100
2787459692158751,412532,71,2797,13365,100
2787459697286334,412532,71,2797,13365,100
2787459702398540,412532,71,2797,13365,100
2787459707510317,412532,71,2797,13365,100
2787459712622387,412532,71,2797,13365,100
2787459717734257,412532,71,2797,13365,100
2787459722846054,412532,71,2797,13365,100
2787459727957852,412532,71,2797,13365,100
2787459733069630,412532,71,2797,13365,100
2787459738183089,412532,71,2797,13365,100
2787459743295031,412532,71,2797,13365,100
2787459748406790,412532,71,2797,13365,100
2787459753518340,412532,71,2797,13365,100
2787459758630333,412532,71,2797,13365,100
2787459763742201,412532,71,2797,13365,100
2787459768854313,412532,71,2797,13365,100
2787459773966032,412532,71,2797,13365,100
2787459779077942,412532,71,2797,13365,100
2787459784189747,412532,71,2797,13365,100
2787459789303119,412532,71,2797,13365,100
2787459794414983,412532,71,2797,13365,100
2787459799526754,412532,71,2797,13365,100
2787459804638593,412532,71,2797,13365,100
2787459809750733,412532,71,2797,13365,100
2787459814862507,412532,71,2797,13365,100
2787459819974490,412532,71,2797,13365,100
2787459825086418,412532,71,2797,13365,100
2787459830198535,412532,71,2797,13365,100
2787459835310505,412532,71,2797,13365,100
2787459840423924,412555,71,2797,13365,100
2787459845535992,412555,71,2797,13365,100
2787459850647820,412555,71,2797,13365,100
2787459855759597,412555,71,2797,13365,100
2787459860871705,412555,71,2797,13365,100
2787459865983752,412555,71,2797,13365,100
2787459871111914,412555,71,2797,13365,100
2787459876224000,412555,71,2797,13365,100
2787459881335914,412555,71,2797,13365,100
2787459886447909,412555,71,2797,13365,100
2787459891561412,412555,71,2797,13365,100
2787459896673512,412555,71,2797,13365,100
2787459901785532,412555,71,2797,13365,100
2787459906897354,412555,71,2797,13365,100
2787459912026625,412555,71,2797,13365,100
2787459917138361,412555,71,2797,13365,100
2787459922250118,412555,71,2797,13365,100
2787459927361816,412555,71,2797,13365,100
2787459932473743,412555,71,2797,13365,100
2787459937585813,412555,71,2797,13365,100
2787459942699299,412555,71,2797,13365,100
2787459947811095,412555,71,2797,13365,100
2787459952922886,412555,71,2797,13365,100
2787459958034878,412555,71,2797,13365,100
2787459963147055,412555,71,2797,13365,100
2787459968258945,412555,71,2797,13365,100
2787459973370904,412555,71,2797,13365,100
2787459978482523,412555,71,2797,13365,100
2787459983594418,412555,71,2797,13365,100
2787459988706305,412555,71,2797,13365,100
2787459993819920,412555,71,2797,13365,100
2787459998931904,412555,71,2797,13365,100
2787460004043770,412555,71,2797,13365,100
2787460009169373,412555,71,2797,13365,100
2787460014281481,412555,71,2797,13365,100
2787460019393282,412555,71,2797,13365,100
2787460024505457,412555,71,2797,13365,100
2787460029617262,412555,71,2797,13365,100
2787460034729257,412555,71,2797,13365,100
2787460039841239,412555,71,2797,13365,100
2787460044955231,412555,71,2797,13365,100
2787460050087932,412555,71,2797,13365,100
2787460055199600,412555,71,2797,13365,100
2787460060311572,412555,71,2797,13365,100
2787460065423133,412555,71,2797,13365,100
2787460070534866,412555,71,2797,13365,100
2787460075646745,412555,71,2797,13365,100
2787460080758594,412555,71,2797,13365,100
2787460085871010,412555,71,2797,13365,100
2787460090982695,412555,71,2797,13365,100
2787460096118987,412555,71,2797,13365,100
2787460101230779,412555,71,2797,13365,100
2787460106342348,412555,71,2797,13365,100
2787460111454061,412555,71,2797,13365,100
2787460116566149,412555,71,2797,13365,100
2787460121678085,412555,71,2797,13365,100
2787460126790109,412555,71,2797,13365,100
2787460131901818,412555,71,2797,13365,100
2787460137025183,412555,71,2797,13365,100
2787460142137107,412555,71,2797,13365,100
2787460147250707,412555,71,2797,13365,100
2787460152362698,412555,71,2797,13365,100
2787460157473512,412555,71,2797,13365,100
2787460162585448,412555,71,2797,13365,100
2787460167714029,412555,71,2797,13365,100
2787460172825921,412555,71,2797,13365,100
2787460177938040,412555,71,2797,13365,100
2787460183050214,412555,71,2797,13365,100
2787460188161908,412555,71,2797,13365,100
2787460193273771,412555,71,2797,13365,100
2787460198387623,412555,71,2797,13365,100
2787460203499582,412555,71,2797,13365,100
2787460208611396,412555,71,2797,13365,100
2787460213723369,412555,71,2797,13365,100
2787460218835288,412555,71,2797,13365,100
2787460223946757,412555,71,2797,13365,100
2787460229058498,412555,71,2797,13365,100
2787460234170306,412555,71,2797,13365,100
2787460239282267,412555,71,2797,13365,100
2787460244394077,412555,71,2797,13365,100
2787460249507755,412555,71,2797,13365,100
2787460254619864,412555,71,2797,13365,100
2787460259731628,412555,71,2797,13365,100
2787460264843708,412555,71,2797,13365,100
2787460269955692,412555,71,2797,13365,100
2787460275067449,412555,71,2797,13365,100
2787460280179230,412555,71,2797,13365,100
2787460285291007,412555,71,2797,13365,100
2787460290402717,412555,71,2797,13365,100
2787460295514395,412555,71,2797,13365,100
2787460300628166,412555,71,2797,13365,100
2787460305740104,412555,71,2797,13365,100
2787460310851789,412555,71,2797,13365,100
2787460315963857,412555,71,2797,13365,100
2787460321075701,412555,71,2797,13365,100
2787460326188217,412555,71,2797,13365,100
2787460331300146,412555,71,2797,13365,100
2787460336411791,412555,71,2797,13365,100
2787460341523695,412611,71,2797,13365,100
2787460346635583,412611,71,2797,13365,100
2787460351765079,412611,71,2797,13365,100
2787460356877512,412611,71,2797,13365,100
2787460361989368,412611,71,2797,13365,100
2787460367131983,412611,71,2797,13365,100
2787460372243829,412611,71,2797,13365,100
2787460377355551,412611,71,2797,13365,100
2787460382467474,412611,71,2797,13365,100
2787460387579386,412611,71,2797,13365,100
2787460392691714,412611,71,2797,13365,100
2787460397803611,412611,71,2797,13365,100
2787460402917461,412611,71,2797,13365,100
2787460408029385,412611,71,2797,13365,100
2787460413141248,412611,71,2797,13365,100
2787460418253120,412611,71,2797,13365,100
2787460423365009,412611,71,2797,13365,100
2787460428475745,412611,71,2797,13365,100
2787460433587406,412611,71,2797,13365,100
2787460438699412,412611,71,2797,13365,100
2787460443811414,412611,71,2797,13365,100
2787460448923267,412611,71,2797,13365,100
2787460454036487,412611,71,2797,13365,100
2787460459148364,412611,71,2797,13365,100
2787460464260708,412611,71,2797,13365,100
2787460469372956,412611,71,2797,13365,100
2787460474484845,412611,71,2797,13365,100
2787460479596605,412611,71,2797,13365,100
2787460484708284,412611,71,2797,13365,100
2787460489820162,412611,71,2797,13365,100
2787460494932035,412611,71,2797,13365,100
2787460500043739,412611,71,2797,13365,100
2787460505157435,412611,71,2797,13365,100
2787460510269252,412611,71,2797,13365,100
2787460515381432,412611,71,2797,13365,100
2787460520493369,412611,71,2797,13365,100
2787460525605609,412611,71,2797,13365,100
2787460530717518,412611,71,2797,13365,100
2787460535829488,412611,71,2797,13365,100
2787460540941193,412611,71,2797,13365,100
2787460546052810,412611,71,2797,13365,100
2787460551164716,412611,71,2797,13365,100
2787460556278171,412611,71,2797,13365,100
2787460561390048,412611,71,2797,13365,100
2787460566502169,412611,71,2797,13365,100
2787460571614333,412611,71,2797,13365,100
2787460576726898,412611,71,2797,13365,100
2787460581838526,412611,71,2797,13365,100
2787460586950554,412611,71,2797,13365,100
2787460592062191,412611,71,2797,13365,100
2787460597174034,412611,71,2797,13365,100
2787460602286464,412611,71,2797,13365,100
2787460607399779,412611,71,2797,13365,100
2787460612511988,412611,71,2797,13365,100
2787460617624584,412611,71,2797,13365,100
2787460622737063,412611,71,2797,13365,100
2787460627849641,412611,71,2797,13365,100
2787460632962450,412611,71,2797,13365,100
2787460638075098,412611,71,2797,13365,100
2787460643187326,412611,71,2797,13365,100
2787460648299318,412611,71,2797,13365,100
2787460653411124,412611,71,2797,13365,100
2787460658524943,412611,71,2797,13365,100
2787460663637008,412611,71,2797,13365,100
2787460668748792,412611,71,2797,13365,100
2787460673860757,412611,71,2797,13365,100
2787460678973385,412611,71,2797,13365,100
2787460684084938,412611,71,2797,13365,100
2787460689197594,412611,71,2797,13365,100
2787460694309191,412611,71,2797,13365,100
2787460699421203,412611,71,2797,13365,100
2787460704533352,412611,71,2797,13365,100
2787460709646924,412611,71,2797,13365,100
2787460714758942,412611,71,2797,13365,100
2787460719870200,412611,71,2797,13365,100
2787460724982477,412611,71,2797,13365,100
2787460730111229,412611,71,2797,13365,100
2787460735223193,412611,71,2797,13365,100
2787460740334962,412611,71,2797,13365,100
2787460745446769,412611,71,2797,13365,100
2787460750558695,412611,71,2797,13365,100
2787460755670543,412611,71,2797,13365,100
2787460760784808,412611,71,2797,13365,100
2787460765896808,412611,71,2797,13365,100
2787460771026069,412611,71,2797,13365,100
2787460776138397,412611,71,2797,13365,100
2787460781250378,412611,71,2797,13365,100
2787460786362518,412611,71,2797,13365,100
2787460791474468,412611,71,2797,13365,100
2787460796586462,412611,71,2797,13365,100
2787460801698879,412611,71,2797,13365,100
2787460806811447,412611,71,2797,13365,100
2787460811924788,412611,71,2797,13365,100
2787460817036712,412611,71,2797,13365,100
2787460822148864,412611,71,2797,13365,100
2787460827279025,412611,71,2797,13365,100
2787460832390937,412611,71,2797,13365,100
2787460837502934,412647,71,2797,13365,100
2787460842614978,412647,71,2797,13365,100
2787460847726962,412647,71,2797,13365,100
2787460852838951,412647,71,2797,13365,100
2787460857950919,412647,71,2797,13365,100
2787460863064959,412647,71,2797,13365,100
2787460868176680,412647,71,2797,13365,100
2787460873288441,412647,71,2797,13365,100
2787460878400313,412647,71,2797,13365,100
2787460883512026,412647,71,2797,13365,100
2787460888624106,412647,71,2797,13365,100
2787460893736736,412647,71,2797,13365,100
2787460898848495,412647,71,2797,13365,100
2787460903960559,412647,71,2797,13365,100
2787460909072439,412647,71,2797,13365,100
2787460914185916,412647,71,2797,13365,100
2787460919298148,412647,71,2797,13365,100
2787460924409643,412647,71,2797,13365,100
2787460929521621,412647,71,2797,13365,100
2787460934633510,412647,71,2797,13365,100
2787460939745198,412647,71,2797,13365,100
2787460944857540,412647,71,2797,13365,100
2787460949969514,412647,71,2797,13365,100
2787460955081389,412647,71,2797,13365,100
2787460960193621,412647,71,2797,13365,100
2787460965307044,412647,71,2797,13365,100
2787460970418864,412647,71,2797,13365,100
2787460975530761,412647,71,2797,13365,100
2787460980642509,412647,71,2797,13365,100
2787460985754469,412647,71,2797,13365,100
2787460990866310,412647,71,2797,13365,100
2787460995978094,412647,71,2797,13365,100
2787461001090543,412647,71,2797,13365,100
2787461006218893,412647,71,2797,13365,100
2787461011331031,412647,71,2797,13365,100
2787461016444652,412647,71,2797,13365,100
2787461021556492,412647,71,2797,13365,100
2787461026668998,412647,71,2797,13365,100
2787461031780610,412647,71,2797,13365,100
2787461036892669,412647,71,2797,13365,100
2787461042022394,412647,71,2797,13365,100
2787461047134558,412647,71,2797,13365,100
2787461052246255,412647,71,2797,13365,100
2787461057358379,412647,71,2797,13365,100
2787461062470395,412647,71,2797,13365,100
2787461067583888,412647,71,2797,13365,100
2787461072695996,412647,71,2797,13365,100
2787461077808355,412647,71,2797,13365,100
2787461082919967,412647,71,2797,13365,100
2787461088032153,412647,71,2797,13365,100
2787461093143688,412647,71,2797,13365,100
2787461098255646,412647,71,2797,13365,100
2787461103367517,412647,71,2797,13365,100
2787461108478563,412647,71,2797,13365,100
2787461113590815,412647,71,2797,13365,100
2787461118705040,412647,71,2797,13365,100
2787461123816802,412647,71,2797,13365,100
2787461128928757,412647,71,2797,13365,100
2787461134040622,412647,71,2797,13365,100
2787461139152662,412647,71,2797,13365,100
2787461144264818,412647,71,2797,13365,100
2787461149377102,412647,71,2797,13365,100
2787461154489251,412647,71,2797,13365,100
2787461159601080,412647,71,2797,13365,100
2787461164713003,412647,71,2797,13365,100
2787461169826362,412647,71,2797,13365,100
2787461174938159,412647,71,2797,13365,100
2787461180050053,412647,71,2797,13365,100
2787461185162197,412647,71,2797,13365,100
2787461190274030,412647,71,2797,13365,100
2787461195385798,412647,71,2797,13365,100
2787461200497501,412647,71,2797,13365,100
2787461205609399,412647,71,2797,13365,100
2787461210721687,412647,71,2797,13365,100
2787461215833583,412647,71,2797,13365,100
2787461220947018,412647,71,2797,13365,100
2787461226058556,412647,71,2797,13365,100
2787461231170273,412647,71,2797,13365,100
2787461236281830,412647,71,2797,13365,100
2787461241394222,412647,71,2797,13365,100
2787461246506339,412647,71,2797,13365,100
2787461251618247,412647,71,2797,13365,100
2787461256730643,412647,71,2797,13365,100
2787461261842636,412647,71,2797,13365,100
2787461266954688,412647,71,2797,13365,100
2787461272068236,412647,71,2797,13365,100
2787461277179916,412647,71,2797,13365,100
2787461282291746,412647,71,2797,13365,100
2787461287403641,412647,71,2797,13365,100
2787461292515350,412647,71,2797,13365,100
2787461297627184,412647,71,2797,13365,100
2787461302739003,412647,71,2797,13365,100
2787461307851039,412647,71,2797,13365,100
2787461312963200,412647,71,2797,13365,100
2787461318075115,412647,71,2797,13365,100
2787461323188461,412647,71,2797,13365,100
2787461328300640,412647,71,2797,13365,100
2787461333412450,412647,71,2797,13365,100
2787461338523614,412940,71,2797,13365,100
2787461343635514,412940,71,2797,13365,100
2787461348747447,412940,71,2797,13365,100
2787461353859659,412940,71,2797,13365,100
2787461358971491,412940,71,2797,13365,100
2787461364083209,412940,71,2797,13365,100
2787461369194836,412940,71,2797,13365,100
2787461374308293,412940,71,2797,13365,100
2787461379420201,412940,71,2797,13365,100
2787461384531849,412940,71,2797,13365,100
2787461389643886,412940,71,2797,13365,100
2787461394755718,412940,71,2797,13365,100
2787461399867766,412940,71,2797,13365,100
2787461404980263,412940,71,2797,13365,100
2787461410092071,412940,71,2797,13365,100
2787461415203892,412940,71,2797,13365,100
2787461420315864,412940,71,2797,13365,100
2787461425429224,412940,71,2797,13365,100
2787461430541309,412940,71,2797,13365,100
2787461435653302,412940,71,2797,13365,100
2787461440765854,412940,71,2797,13365,100
2787461445877614,412940,71,2797,13365,100
2787461450989539,412940,71,2797,13365,100
2787461456118231,412940,71,2797,13365,100
2787461461229944,412940,71,2797,13365,100
2787461466341752,412940,71,2797,13365,100
2787461471453582,412940,71,2797,13365,100
2787461476567317,412940,71,2797,13365,100
2787461481678956,412940,71,2797,13365,100
2787461486790742,412940,71,2797,13365,100
2787461491902550,412940,71,2797,13365,100
2787461497027956,412940,71,2797,13365,100
2787461502139721,412940,71,2797,13365,100
2787461507251887,412940,71,2797,13365,100
2787461512363848,412940,71,2797,13365,100
2787461517475803,412940,71,2797,13365,100
2787461522587764,412940,71,2797,13365,100
2787461527701312,412940,71,2797,13365,100
2787461532813393,412940,71,2797,13365,100
2787461537924972,412940,71,2797,13365,100
2787461543036925,412940,71,2797,13365,100
2787461548148866,412940,71,2797,13365,100
2787461553260558,412940,71,2797,13365,100
2787461558372809,412940,71,2797,13365,100
2787461563484914,412940,71,2797,13365,100
2787461568597064,412940,71,2797,13365,100
2787461573709661,412940,71,2797,13365,100
2787461578823394,412940,71,2797,13365,100
2787461583935306,412940,71,2797,13365,100
2787461589046849,412940,71,2797,13365,100
2787461594159008,412940,71,2797,13365,100
2787461599271650,412940,71,2797,13365,100
2787461604383658,412940,71,2797,13365,100
2787461609495763,412940,71,2797,13365,100
2787461614607471,412940,71,2797,13365,100
2787461619735376,412940,71,2797,13365,100
2787461624847928,412940,71,2797,13365,100
2787461629962113,412940,71,2797,13365,100
2787461635086548,412940,71,2797,13365,100
2787461640197878,412940,71,2797,13365,100
2787461645310057,412940,71,2797,13365,100
2787461650422826,412940,71,2797,13365,100
2787461655535402,412940,71,2797,13365,100
2787461660663357,412940,71,2797,13365,100
2787461665775709,412940,71,2797,13365,100
2787461670888724,412940,71,2797,13365,100
2787461676030340,412940,71,2797,13365,100
2787461681144324,412940,71,2797,13365,100
2787461686256621,412940,71,2797,13365,100
2787461691369129,412940,71,2797,13365,100
2787461696481597,412940,71,2797,13365,100
2787461701594005,412940,71,2797,13365,100
2787461706706206,412940,71,2797,13365,100
2787461711817835,412940,71,2797,13365,100
2787461716929525,412940,71,2797,13365,100
2787461722041397,412940,71,2797,13365,100
2787461727153144,412940,71,2797,13365,100
2787461732266033,412940,71,2797,13365,100
2787461737378185,412940,71,2797,13365,100
2787461742490385,412940,71,2797,13365,100
2787461747602358,412940,71,2797,13365,100
2787461752714424,412940,71,2797,13365,100
2787461757826481,412940,71,2797,13365,100
2787461762938118,412940,71,2797,13365,100
2787461768049739,412940,71,2797,13365,100
2787461773162087,412940,71,2797,13365,100
2787461778273756,412940,71,2797,13365,100
2787461783387072,412940,71,2797,13365,100
2787461788498637,412940,71,2797,13365,100
2787461793611325,412940,71,2797,13365,100
2787461798729922,412940,71,2797,13365,100
2787461803841694,412940,71,2797,13365,100
2787461808953919,412940,71,2797,13365,100
2787461814065942,412940,71,2797,13365,100
2787461819177703,412940,71,2797,13365,100
2787461824289544,412940,71,2797,13365,100
2787461829401108,412940,71,2797,13365,100
2787461834514120,412940,71,2797,13365,100
2787461839626121,413012,71,2797,13365,100
2787461844737890,413012,71,2797,13365,100
2787461849849573,413012,71,2797,13365,100
2787461854961319,413012,71,2797,13365,100
2787461860072983,413012,71,2797,13365,100
2787461865184643,413012,71,2797,13365,100
2787461870297011,413012,71,2797,13365,100
2787461875408755,413012,71,2797,13365,100
2787461880520396,413012,71,2797,13365,100
2787461885633460,413012,71,2797,13365,100
2787461890745281,413012,71,2797,13365,100
2787461895857054,413012,71,2797,13365,100
2787461900968790,413012,71,2797,13365,100
2787461906080767,413012,71,2797,13365,100
2787461911192493,413012,71,2797,13365,100
2787461916304607,413012,71,2797,13365,100
2787461921416411,413012,71,2797,13365,100
2787461926528096,413012,71,2797,13365,100
2787461931639890,413012,71,2797,13365,100
2787461936753468,413012,71,2797,13365,100
2787461941865329,413012,71,2797,13365,100
2787461946976831,413012,71,2797,13365,100
2787461952088758,413012,71,2797,13365,100
2787461957200286,413012,71,2797,13365,100
2787461962312067,413012,71,2797,13365,100
2787461967423769,413012,71,2797,13365,100
2787461972536266,413012,71,2797,13365,100
2787461977648212,413012,71,2797,13365,100
2787461982759895,413012,71,2797,13365,100
2787461987873089,413012,71,2797,13365,100
2787461992984702,413012,71,2797,13365,100
2787461998115541,413012,71,2797,13365,100
2787462003227345,413012,71,2797,13365,100
2787462008339137,413012,71,2797,13365,100
2787462013450601,413012,71,2797,13365,100
2787462018562364,413012,71,2797,13365,100
2787462023674263,413012,71,2797,13365,100
2787462028786374,413012,71,2797,13365,100
2787462033898097,413012,71,2797,13365,100
2787462039027132,413012,71,2797,13365,100
2787462044138809,413012,71,2797,13365,100
2787462049250610,413012,71,2797,13365,100
2787462054362546,413012,71,2797,13365,100
2787462059474142,413012,71,2797,13365,100
2787462064586094,413012,71,2797,13365,100
2787462069697959,413012,71,2797,13365,100
2787462074809923,413012,71,2797,13365,100
2787462079921576,413012,71,2797,13365,100
2787462085033528,413012,71,2797,13365,100
2787462090146637,413012,71,2797,13365,100
2787462095258286,413012,71,2797,13365,100
2787462100369922,413012,71,2797,13365,100
2787462105481648,413012,71,2797,13365,100
2787462110593559,413012,71,2797,13365,100
2787462115705191,413012,71,2797,13365,100
2787462120816903,413012,71,2797,13365,100
2787462125928568,413012,71,2797,13365,100
2787462131040108,413012,71,2797,13365,100
2787462136152109,413012,71,2797,13365,100
2787462141265104,413012,71,2797,13365,100
2787462146376838,413012,71,2797,13365,100
2787462151488742,413012,71,2797,13365,100
2787462156600450,413012,71,2797,13365,100
2787462161713983,413012,71,2797,13365,100
2787462166825828,413012,71,2797,13365,100
2787462171937532,413012,71,2797,13365,100
2787462177049336,413012,71,2797,13365,100
2787462182161026,413012,71,2797,13365,100
2787462187273493,413012,71,2797,13365,100
2787462192387209,413012,71,2797,13365,100
2787462197499513,413012,71,2797,13365,100
2787462202611922,413012,71,2797,13365,100
2787462207724014,413012,71,2797,13365,100
2787462212836579,413012,71,2797,13365,100
2787462217948451,413012,71,2797,13365,100
2787462223060011,413012,71,2797,13365,100
2787462228193036,413012,71,2797,13365,100
2787462233305076,413012,71,2797,13365,100
2787462238416909,413012,71,2797,13365,100
2787462243530687,413012,71,2797,13365,100
2787462248642366,413012,71,2797,13365,100
2787462253754781,413012,71,2797,13365,100
2787462258866818,413012,71,2797,13365,100
2787462263979043,413012,71,2797,13365,100
2787462269091467,413012,71,2797,13365,100
2787462274202824,413012,71,2797,13365,100
2787462279314540,413012,71,2797,13365,100
2787462284426436,413012,71,2797,13365,100
2787462289537957,413012,71,2797,13365,100
2787462294650853,413012,71,2797,13365,100
2787462299763017,413012,71,2797,13365,100
2787462304875418,413012,71,2797,13365,100
2787462309987846,413012,71,2797,13365,100
2787462315135486,413012,71,2797,13365,100
2787462320247505,413012,71,2797,13365,100
2787462325359531,413012,71,2797,13365,100
2787462330471423,413012,71,2797,13365,100
2787462335583118,413012,71,2797,13365,100
2787462340695425,412799,71,2797,13365,100
2787462345808949,412799,71,2797,13365,100
2787462350921266,412799,71,2797,13365,100
2787462356033278,412799,71,2797,13365,100
2787462361145434,412799,71,2797,13365,100
2787462366257479,412799,71,2797,13365,100
2787462371368987,412799,71,2797,13365,100
2787462376480919,412799,71,2797,13365,100
2787462381592992,412799,71,2797,13365,100
2787462386704772,412799,71,2797,13365,100
2787462391816740,412799,71,2797,13365,100
2787462396929845,412799,71,2797,13365,100
2787462402041889,412799,71,2797,13365,100
2787462407154173,412799,71,2797,13365,100
2787462412265946,412799,71,2797,13365,100
2787462417377958,412799,71,2797,13365,100
2787462422489823,412799,71,2797,13365,100
2787462427601420,412799,71,2797,13365,100
2787462432713192,412799,71,2797,13365,100
2787462437825781,412799,71,2797,13365,100
2787462442937671,412799,71,2797,13365,100
2787462448050957,412799,71,2797,13365,100
2787462453163109,412799,71,2797,13365,100
2787462458275598,412799,71,2797,13365,100
2787462463387383,412799,71,2797,13365,100
2787462468499215,412799,71,2797,13365,100
2787462473611551,412799,71,2797,13365,100
2787462478723336,412799,71,2797,13365,100
2787462483834814,412799,71,2797,13365,100
2787462488946784,412799,71,2797,13365,100
2787462494058485,412799,71,2797,13365,100
2787462499171609,412799,71,2797,13365,100
2787462504284173,412799,71,2797,13365,100
2787462509395952,412799,71,2797,13365,100
2787462514507826,412799,71,2797,13365,100
2787462519619617,412799,71,2797,13365,100
2787462524731423,412799,71,2797,13365,100
2787462529842924,412799,71,2797,13365,100
2787462534954780,412799,71,2797,13365,100
2787462540067100,412799,71,2797,13365,100
2787462545179249,412799,71,2797,13365,100
2787462550292509,412799,71,2797,13365,100
2787462555404377,412799,71,2797,13365,100
2787462560516242,412799,71,2797,13365,100
2787462565628146,412799,71,2797,13365,100
2787462570740631,412799,71,2797,13365,100
2787462575852767,412799,71,2797,13365,100
2787462580964616,412799,71,2797,13365,100
2787462586076249,412799,71,2797,13365,100
2787462591188248,412799,71,2797,13365,100
2787462596300043,412799,71,2797,13365,100
2787462601414002,412799,71,2797,13365,100
2787462606506922,412799,71,2797,13365,100
2787462611618684,412799,71,2797,13365,100
2787462616730439,412799,71,2797,13365,100
2787462621842559,412799,71,2797,13365,100
2787462626954450,412799,71,2797,13365,100
2787462632066782,412799,71,2797,13365,100
2787462637178608,412799,71,2797,13365,100
2787462642290545,412799,71,2797,13365,100
2787462647402537,412799,71,2797,13365,100
2787462652516126,412799,71,2797,13365,100
2787462657627878,412799,71,2797,13365,100
2787462662740094,412799,71,2797,13365,100
2787462667853715,412799,71,2797,13365,100
2787462672966103,412799,71,2797,13365,100
2787462678078576,412799,71,2797,13365,100
2787462683191398,412799,71,2797,13365,100
2787462688304452,412799,71,2797,13365,100
2787462693416725,412799,71,2797,13365,100
2787462698528830,412799,71,2797,13365,100
2787462703642385,412799,71,2797,13365,100
2787462708754820,412799,71,2797,13365,100
2787462713866647,412799,71,2797,13365,100
2787462718978259,412799,71,2797,13365,100
2787462724090447,412799,71,2797,13365,100
2787462729202207,412799,71,2797,13365,100
2787462734314037,412799,71,2797,13365,100
2787462739446380,412799,71,2797,13365,100
2787462744558329,412799,71,2797,13365,100
2787462749669975,412799,71,2797,13365,100
2787462754783109,412799,71,2797,13365,100
2787462759894890,412799,71,2797,13365,100
2787462765024567,412799,71,2797,13365,100
2787462770136479,412799,71,2797,13365,100
2787462775248127,412799,71,2797,13365,100
2787462780360075,412799,71,2797,13365,100
2787462785472241,412799,71,2797,13365,100
2787462790584140,412799,71,2797,13365,100
2787462795696065,412799,71,2797,13365,100
2787462800808014,412799,71,2797,13365,100
2787462805921793,412799,71,2797,13365,100
2787462811033686,412799,71,2797,13365,100
2787462816145453,412799,71,2797,13365,100
2787462821257287,412799,71,2797,13365,100
2787462826369451,412799,71,2797,13365,100
2787462831481126,412799,71,2797,13365,100
2787462836592800,412799,71,2797,13365,100
2787462841704737,412720,71,2797,13365,100
2787462846816653,412720,71,2797,13365,100
2787462851928638,412720,71,2797,13365,100
2787462857042128,412720,71,2797,13365,100
2787462862154006,412720,71,2797,13365,100
2787462867266126,412720,71,2797,13365,100
2787462872377863,412720,71,2797,13365,100
2787462877506831,412720,71,2797,13365,100
2787462882618718,412720,71,2797,13365,100
2787462887730292,412720,71,2797,13365,100
2787462892842317,412720,71,2797,13365,100
2787462897955456,412720,71,2797,13365,100
2787462903067128,412720,71,2797,13365,100
2787462908180534,412720,71,2797,13365,100
2787462913292451,412720,71,2797,13365,100
2787462918404601,412720,71,2797,13365,100
2787462923516355,412720,71,2797,13365,100
2787462928628191,412720,71,2797,13365,100
2787462933740180,412720,71,2797,13365,100
2787462938852264,412720,71,2797,13365,100
2787462943964292,412720,71,2797,13365,100
2787462949076097,412720,71,2797,13365,100
2787462954187877,412720,71,2797,13365,100
2787462959301162,412720,71,2797,13365,100
2787462964422990,412720,71,2797,13365,100
2787462969551158,412720,71,2797,13365,100
2787462974662899,412720,71,2797,13365,100
2787462979774612,412720,71,2797,13365,100
2787462984886425,412720,71,2797,13365,100
2787462989998120,412720,71,2797,13365,100
2787462995132028,412720,71,2797,13365,100
2787463000243751,412720,71,2797,13365,100
2787463005355595,412720,71,2797,13365,100
2787463010469342,412720,71,2797,13365,100
2787463015581124,412720,71,2797,13365,100
2787463020692738,412720,71,2797,13365,100
2787463025804639,412720,71,2797,13365,100
2787463030916436,412720,71,2797,13365,100
2787463036028580,412720,71,2797,13365,100
2787463041140452,412720,71,2797,13365,100
2787463046252489,412720,71,2797,13365,100
2787463051364565,412720,71,2797,13365,100
2787463056476419,412720,71,2797,13365,100
2787463061590017,412720,71,2797,13365,100
2787463066702222,412720,71,2797,13365,100
2787463071814115,412720,71,2797,13365,100
2787463076926175,412720,71,2797,13365,100
2787463082038061,412720,71,2797,13365,100
2787463087150046,412720,71,2797,13365,100
2787463092262060,412720,71,2797,13365,100
2787463097374257,412720,71,2797,13365,100
2787463102486113,412720,71,2797,13365,100
2787463107598151,412720,71,2797,13365,100
2787463112711402,412720,71,2797,13365,100
2787463117823158,412720,71,2797,13365,100
2787463122935306,412720,71,2797,13365,100
2787463128047231,412720,71,2797,13365,100
2787463133159008,412720,71,2797,13365,100
2787463138270876,412720,71,2797,13365,100
2787463143382475,412720,71,2797,13365,100
2787463148494168,412720,71,2797,13365,100
2787463153605943,412720,71,2797,13365,100
2787463158717773,412720,71,2797,13365,100
2787463163831194,412720,71,2797,13365,100
2787463168955311,412720,71,2797,13365,100
2787463174067187,412720,71,2797,13365,100
2787463179178963,412720,71,2797,13365,100
2787463184290712,412720,71,2797,13365,100
2787463189402536,412720,71,2797,13365,100
2787463194514000,412720,71,2797,13365,100
2787463199625836,412720,71,2797,13365,100
2787463204737881,412720,71,2797,13365,100
2787463209863832,412720,71,2797,13365,100
2787463214977230,412720,71,2797,13365,100
2787463220089160,412720,71,2797,13365,100
2787463225201212,412720,71,2797,13365,100
2787463230313227,412720,71,2797,13365,100
2787463235425194,412720,71,2797,13365,100
2787463240537016,412720,71,2797,13365,100
2787463245648952,412720,71,2797,13365,100
2787463250760961,412720,71,2797,13365,100
2787463255872906,412720,71,2797,13365,100
2787463260984814,412720,71,2797,13365,100
2787463266115310,412720,71,2797,13365,100
2787463271227224,412720,71,2797,13365,100
2787463276339315,412720,71,2797,13365,100
2787463281451079,412720,71,2797,13365,100
2787463286562791,412720,71,2797,13365,100
2787463291674836,412720,71,2797,13365,100
2787463296786948,412720,71,2797,13365,100
2787463301898624,412720,71,2797,13365,100
2787463307026323,412720,71,2797,13365,100
2787463312137798,412720,71,2797,13365,100
2787463317251326,412720,71,2797,13365,100
2787463322363278,412720,71,2797,13365,100
2787463327475347,412720,71,2797,13365,100
2787463332587303,412720,71,2797,13365,100
2787463337699240,412672,71,2797,13365,100
2787463342811360,412672,71,2797,13365,100
2787463347923180,412672,71,2797,13365,100
2787463353038364,412672,71,2797,13365,100
2787463358150073,412672,71,2797,13365,100
2787463363261862,412672,71,2797,13365,100
2787463368375454,412672,71,2797,13365,100
2787463373486318,412672,71,2797,13365,100
2787463378598255,412672,71,2797,13365,100
2787463383710051,412672,71,2797,13365,100
2787463388821779,412672,71,2797,13365,100
2787463393933568,412672,71,2797,13365,100
2787463399045356,412672,71,2797,13365,100
2787463404156993,412672,71,2797,13365,100
2787463409269405,412672,71,2797,13365,100
2787463414385846,412672,71,2797,13365,100
2787463419499205,412672,71,2797,13365,100
2787463424610715,412672,71,2797,13365,100
2787463429722423,412672,71,2797,13365,100
2787463434834700,412672,71,2797,13365,100
2787463439946570,412672,71,2797,13365,100
2787463445058548,412672,71,2797,13365,100
2787463450170357,412672,71,2797,13365,100
2787463455282213,412672,71,2797,13365,100
2787463460393957,412672,71,2797,13365,100
2787463465505601,412672,71,2797,13365,100
2787463470619211,412672,71,2797,13365,100
2787463475730883,412672,71,2797,13365,100
2787463480842891,412672,71,2797,13365,100
2787463485954619,412672,71,2797,13365,100
2787463491066554,412672,71,2797,13365,100
2787463496179598,412672,71,2797,13365,100
2787463501291583,412672,71,2797,13365,100
2787463506403637,412672,71,2797,13365,100
2787463511515412,412672,71,2797,13365,100
2787463516627294,412672,71,2797,13365,100
2787463521741038,412672,71,2797,13365,100
2787463526852799,412672,71,2797,13365,100
2787463531964859,412672,71,2797,13365,100
2787463537076634,412672,71,2797,13365,100
2787463542188112,412672,71,2797,13365,100
2787463547299864,412672,71,2797,13365,100
2787463552411680,412672,71,2797,13365,100
2787463557523441,412672,71,2797,13365,100
2787463562635165,412672,71,2797,13365,100
2787463567746826,412672,71,2797,13365,100
2787463572860038,412672,71,2797,13365,100
2787463577972503,412672,71,2797,13365,100
2787463583084463,412672,71,2797,13365,100
2787463588196418,412672,71,2797,13365,100
2787463593308792,412672,71,2797,13365,100
2787463598420748,412672,71,2797,13365,100
2787463603532429,412672,71,2797,13365,100
2787463608644217,412672,71,2797,13365,100
2787463613756129,412672,71,2797,13365,100
2787463618868192,412672,71,2797,13365,100
2787463623997754,412672,71,2797,13365,100
2787463629125838,412672,71,2797,13365,100
2787463634238035,412672,71,2797,13365,100
2787463639349891,412672,71,2797,13365,100
2787463644461799,412672,71,2797,13365,100
2787463649574000,412672,71,2797,13365,100
2787463654685988,412672,71,2797,13365,100
2787463659798241,412672,71,2797,13365,100
2787463664909962,412672,71,2797,13365,100
2787463670021830,412672,71,2797,13365,100
2787463675136138,412672,71,2797,13365,100
2787463680248726,412672,71,2797,13365,100
2787463685360663,412672,71,2797,13365,100
2787463690473086,412672,71,2797,13365,100
2787463695584920,412672,71,2797,13365,100
2787463700697535,412672,71,2797,13365,100
2787463705810333,412672,71,2797,13365,100
2787463710921949,412672,71,2797,13365,100
2787463716033748,412672,71,2797,13365,100
2787463721145470,412672,71,2797,13365,100
2787463726258486,412672,71,2797,13365,100
2787463731370215,412672,71,2797,13365,100
2787463736482863,412672,71,2797,13365,100
2787463741594992,412672,71,2797,13365,100
2787463746707334,412672,71,2797,13365,100
2787463751820032,412672,71,2797,13365,100
2787463756932617,412672,71,2797,13365,100
2787463762045045,412672,71,2797,13365,100
2787463767156846,412672,71,2797,13365,100
2787463772268650,412672,71,2797,13365,100
2787463777382295,412672,71,2797,13365,100
2787463782494391,412672,71,2797,13365,100
2787463787606103,412672,71,2797,13365,100
2787463792718868,412672,71,2797,13365,100
2787463797830704,412672,71,2797,13365,100
2787463802942452,412672,71,2797,13365,100
2787463808054140,412672,71,2797,13365,100
2787463813166066,412672,71,2797,13365,100
2787463818277830,412672,71,2797,13365,100
2787463823390430,412672,71,2797,13365,100
2787463828503874,412672,71,2797,13365,100
2787463833615875,412672,71,2797,13365,100
2787463838727932,412671,71,2797,13365,100
2787463843839807,412671,71,2797,13365,100
2787463848951428,412671,71,2797,13365,100
2787463854064074,412671,71,2797,13365,100
2787463859176304,412671,71,2797,13365,100
2787463864287990,412671,71,2797,13365,100
2787463869399913,412671,71,2797,13365,100
2787463874511699,412671,71,2797,13365,100
2787463879625118,412671,71,2797,13365,100
2787463884737166,412671,71,2797,13365,100
2787463889849791,412671,71,2797,13365,100
2787463894961688,412671,71,2797,13365,100
2787463900073876,412671,71,2797,13365,100
2787463905186225,412671,71,2797,13365,100
2787463910298141,412671,71,2797,13365,100
2787463915410253,412671,71,2797,13365,100
2787463920523054,412671,71,2797,13365,100
2787463925635798,412671,71,2797,13365,100
2787463930749495,412671,71,2797,13365,100
2787463935861512,412671,71,2797,13365,100
2787463940973411,412671,71,2797,13365,100
2787463946085419,412671,71,2797,13365,100
2787463951197220,412671,71,2797,13365,100
2787463956309537,412671,71,2797,13365,100
2787463961421757,412671,71,2797,13365,100
2787463966533673,412671,71,2797,13365,100
2787463971645696,412671,71,2797,13365,100
2787463976757634,412671,71,2797,13365,100
2787463981870931,412671,71,2797,13365,100
2787463986983651,412671,71,2797,13365,100
2787463992114720,412671,71,2797,13365,100
2787463997226668,412671,71,2797,13365,100
2787464002338673,412671,71,2797,13365,100
2787464007450172,412671,71,2797,13365,100
2787464012562063,412671,71,2797,13365,100
2787464017673833,412671,71,2797,13365,100
2787464022786389,412671,71,2797,13365,100
2787464027898222,412671,71,2797,13365,100
2787464033029194,412671,71,2797,13365,100
2787464038141685,412671,71,2797,13365,100
2787464043253190,412671,71,2797,13365,100
2787464048365404,412671,71,2797,13365,100
2787464053477340,412671,71,2797,13365,100
2787464058589396,412671,71,2797,13365,100
2787464063701397,412671,71,2797,13365,100
2787464068813979,412671,71,2797,13365,100
2787464073925686,412671,71,2797,13365,100
2787464079037630,412671,71,2797,13365,100
2787464084150863,412671,71,2797,13365,100
2787464089262689,412671,71,2797,13365,100
2787464094374812,412671,71,2797,13365,100
2787464099486432,412671,71,2797,13365,100
2787464104598417,412671,71,2797,13365,100
2787464109710133,412671,71,2797,13365,100
2787464114822317,412671,71,2797,13365,100
2787464119934178,412671,71,2797,13365,100
2787464125045946,412671,71,2797,13365,100
2787464130157923,412671,71,2797,13365,100
2787464135271557,412671,71,2797,13365,100
2787464140383508,412671,71,2797,13365,100
2787464145495491,412671,71,2797,13365,100
2787464150607642,412671,71,2797,13365,100
2787464155719392,412671,71,2797,13365,100
2787464160830949,412671,71,2797,13365,100
2787464165942961,412671,71,2797,13365,100
2787464171054902,412671,71,2797,13365,100
2787464176166930,412671,71,2797,13365,100
2787464181278602,412671,71,2797,13365,100
2787464186392195,412671,71,2797,13365,100
2787464191504037,412671,71,2797,13365,100
2787464196617108,412671,71,2797,13365,100
2787464201728904,412671,71,2797,13365,100
2787464206840996,412671,71,2797,13365,100
2787464211952869,412671,71,2797,13365,100
2787464217064814,412671,71,2797,13365,100
2787464222176324,412671,71,2797,13365,100
2787464227288002,412671,71,2797,13365,100
2787464232400006,412671,71,2797,13365,100
2787464237565084,412671,71,2797,13365,100
2787464242677039,412671,71,2797,13365,100
2787464247788920,412671,71,2797,13365,100
2787464252900668,412671,71,2797,13365,100
2787464258032494,412671,71,2797,13365,100
2787464263144268,412671,71,2797,13365,100
2787464268256321,412671,71,2797,13365,100
2787464273368422,412671,71,2797,13365,100
2787464278496840,412671,71,2797,13365,100
2787464283608722,412671,71,2797,13365,100
2787464288721990,412671,71,2797,13365,100
2787464293835358,412671,71,2797,13365,100
2787464298947257,412671,71,2797,13365,100
2787464304059054,412671,71,2797,13365,100
2787464309170908,412671,71,2797,13365,100
2787464314282928,412671,71,2797,13365,100
2787464319394817,412671,71,2797,13365,100
2787464324507533,412671,71,2797,13365,100
2787464329619238,412671,71,2797,13365,100
2787464334730975,412671,71,2797,13365,100
2787464339844679,412825,71,2797,13365,100
2787464344956643,412825,71,2797,13365,100
2787464350069474,412825,71,2797,13365,100
2787464355181632,412825,71,2797,13365,100
2787464360294028,412825,71,2797,13365,100
2787464365405836,412825,71,2797,13365,100
2787464370517845,412825,71,2797,13365,100
2787464375629785,412825,71,2797,13365,100
2787464380741678,412825,71,2797,13365,100
2787464385853310,412825,71,2797,13365,100
2787464390967318,412825,71,2797,13365,100
2787464396078987,412825,71,2797,13365,100
2787464401190983,412825,71,2797,13365,100
2787464406302780,412825,71,2797,13365,100
2787464411414441,412825,71,2797,13365,100
2787464416526517,412825,71,2797,13365,100
2787464421638929,412825,71,2797,13365,100
2787464426750706,412825,71,2797,13365,100
2787464431862304,412825,71,2797,13365,100
2787464436974394,412825,71,2797,13365,100
2787464442087927,412825,71,2797,13365,100
2787464447199647,412825,71,2797,13365,100
2787464452311469,412825,71,2797,13365,100
2787464457423540,412825,71,2797,13365,100
2787464462535309,412825,71,2797,13365,100
2787464467647345,412825,71,2797,13365,100
2787464472759299,412825,71,2797,13365,100
2787464477871397,412825,71,2797,13365,100
2787464482983290,412825,71,2797,13365,100
2787464488111327,412825,71,2797,13365,100
2787464493224966,412825,71,2797,13365,100
2787464498337083,412825,71,2797,13365,100
2787464503448855,412825,71,2797,13365,100
2787464508560872,412825,71,2797,13365,100
2787464513672628,412825,71,2797,13365,100
2787464518784337,412825,71,2797,13365,100
2787464523896202,412825,71,2797,13365,100
2787464529023921,412825,71,2797,13365,100
2787464534135692,412825,71,2797,13365,100
2787464539247417,412825,71,2797,13365,100
2787464544360695,412825,71,2797,13365,100
2787464549472460,412825,71,2797,13365,100
2787464554584428,412825,71,2797,13365,100
2787464559696329,412825,71,2797,13365,100
2787464564807952,412825,71,2797,13365,100
2787464569919845,412825,71,2797,13365,100
2787464575032109,412825,71,2797,13365,100
2787464580144345,412825,71,2797,13365,100
2787464585256206,412825,71,2797,13365,100
2787464590368695,412825,71,2797,13365,100
2787464595481045,412825,71,2797,13365,100
2787464600593264,412825,71,2797,13365,100
2787464605705087,412825,71,2797,13365,100
2787464610816724,412825,71,2797,13365,100
2787464615928625,412825,71,2797,13365,100
2787464621040293,412825,71,2797,13365,100
2787464626152452,412825,71,2797,13365,100
2787464631264584,412825,71,2797,13365,100
2787464636376355,412825,71,2797,13365,100
2787464641488152,412825,71,2797,13365,100
2787464646601362,412825,71,2797,13365,100
2787464651713452,412825,71,2797,13365,100
2787464656825218,412825,71,2797,13365,100
2787464661937490,412825,71,2797,13365,100
2787464667049452,412825,71,2797,13365,100
2787464672161331,412825,71,2797,13365,100
2787464677273058,412825,71,2797,13365,100
2787464682384738,412825,71,2797,13365,100
2787464687496814,412825,71,2797,13365,100
2787464692608698,412825,71,2797,13365,100
2787464697722283,412825,71,2797,13365,100
2787464702833940,412825,71,2797,13365,100
2787464707945704,412825,71,2797,13365,100
2787464713057740,412825,71,2797,13365,100
2787464718169813,412825,71,2797,13365,100
2787464723281663,412825,71,2797,13365,100
2787464728393978,412825,71,2797,13365,100
2787464733505944,412825,71,2797,13365,100
2787464738617707,412825,71,2797,13365,100
2787464743729371,412825,71,2797,13365,100
2787464748843055,412825,71,2797,13365,100
2787464753954722,412825,71,2797,13365,100
2787464759066392,412825,71,2797,13365,100
2787464764178440,412825,71,2797,13365,100
2787464769290148,412825,71,2797,13365,100
2787464774402039,412825,71,2797,13365,100
2787464779513962,412825,71,2797,13365,100
2787464784625826,412825,71,2797,13365,100
2787464789737760,412825,71,2797,13365,100
2787464794849503,412825,71,2797,13365,100
2787464799964243,412825,71,2797,13365,100
2787464805076373,412825,71,2797,13365,100
2787464810188018,412825,71,2797,13365,100
2787464815299917,412825,71,2797,13365,100
2787464820411569,412825,71,2797,13365,100
2787464825523458,412825,71,2797,13365,100
2787464830635668,412825,71,2797,13365,100
2787464835747366,412825,71,2797,13365,100
2787464840859162,413046,71,2797,13365,100
2787464845970809,413046,71,2797,13365,100
2787464851084364,413046,71,2797,13365,100
2787464856196639,413046,71,2797,13365,100
2787464861308488,413046,71,2797,13365,100
2787464866420345,413046,71,2797,13365,100
2787464871532593,413046,71,2797,13365,100
2787464876644570,413046,71,2797,13365,100
2787464881756185,413046,71,2797,13365,100
2787464886866958,413046,71,2797,13365,100
2787464891978630,413046,71,2797,13365,100
2787464897090511,413046,71,2797,13365,100
2787464902203650,413046,71,2797,13365,100
2787464907315822,413046,71,2797,13365,100
2787464912427878,413046,71,2797,13365,100
2787464917539781,413046,71,2797,13365,100
2787464922651557,413046,71,2797,13365,100
2787464927763390,413046,71,2797,13365,100
2787464932891474,413046,71,2797,13365,100
2787464938021438,413046,71,2797,13365,100
2787464943133330,413046,71,2797,13365,100
2787464948245551,413046,71,2797,13365,100
2787464953359195,413046,71,2797,13365,100
2787464958470987,413046,71,2797,13365,100
2787464963582880,413046,71,2797,13365,100
2787464968694807,413046,71,2797,13365,100
2787464973806904,413046,71,2797,13365,100
2787464978919074,413046,71,2797,13365,100
2787464984031198,413046,71,2797,13365,100
2787464989163999,413046,71,2797,13365,100
2787464994276029,413046,71,2797,13365,100
2787464999388083,413046,71,2797,13365,100
2787465004501818,413046,71,2797,13365,100
2787465009613642,413046,71,2797,13365,100
2787465014725600,413046,71,2797,13365,100
2787465019837709,413046,71,2797,13365,100
2787465024949795,413046,71,2797,13365,100
2787465030062287,413046,71,2797,13365,100
2787465035174257,413046,71,2797,13365,100
2787465040285934,413046,71,2797,13365,100
2787465045398067,413046,71,2797,13365,100
2787465050509823,413046,71,2797,13365,100
2787465055623343,413046,71,2797,13365,100
2787465060735428,413046,71,2797,13365,100
2787465065847388,413046,71,2797,13365,100
2787465070959122,413046,71,2797,13365,100
2787465076070973,413046,71,2797,13365,100
2787465081183006,413046,71,2797,13365,100
2787465086295130,413046,71,2797,13365,100
2787465091406962,413046,71,2797,13365,100
2787465096519103,413046,71,2797,13365,100
2787465101630355,413046,71,2797,13365,100
2787465106743691,413046,71,2797,13365,100
2787465111855756,413046,71,2797,13365,100
2787465116967868,413046,71,2797,13365,100
2787465122079788,413046,71,2797,13365,100
2787465127191513,413046,71,2797,13365,100
2787465132303566,413046,71,2797,13365,100
2787465137415202,413046,71,2797,13365,100
2787465142527306,413046,71,2797,13365,100
2787465147639074,413046,71,2797,13365,100
2787465152751040,413046,71,2797,13365,100
2787465157864719,413046,71,2797,13365,100
2787465162976694,413046,71,2797,13365,100
2787465168087388,413046,71,2797,13365,100
2787465173199209,413046,71,2797,13365,100
2787465178311117,413046,71,2797,13365,100
2787465183422912,413046,71,2797,13365,100
2787465188534930,413046,71,2797,13365,100
2787465193646610,413046,71,2797,13365,100
2787465198758379,413046,71,2797,13365,100
2787465203870239,413046,71,2797,13365,100
2787465208984316,413046,71,2797,13365,100
2787465214113352,413046,71,2797,13365,100
2787465219225564,413046,71,2797,13365,100
2787465224337973,413046,71,2797,13365,100
2787465229450305,413046,71,2797,13365,100
2787465234562834,413046,71,2797,13365,100
2787465239674698,413046,71,2797,13365,100
2787465244786419,413046,71,2797,13365,100
2787465249903322,413046,71,2797,13365,100
2787465255028328,413046,71,2797,13365,100
2787465260142192,413046,71,2797,13365,100
2787465265254262,413046,71,2797,13365,100
2787465270365936,413046,71,2797,13365,100
2787465275477897,413046,71,2797,13365,100
2787465280590429,413046,71,2797,13365,100
2787465285702467,413046,71,2797,13365,100
2787465290814819,413046,71,2797,13365,100
2787465295926663,413046,71,2797,13365,100
2787465301038487,413046,71,2797,13365,100
2787465306150236,413046,71,2797,13365,100
2787465311263640,413046,71,2797,13365,100
2787465316375524,413046,71,2797,13365,100
2787465321488091,413046,71,2797,13365,100
2787465326600408,413046,71,2797,13365,100
2787465331712113,413046,71,2797,13365,100
2787465336824133,413046,71,2797,13365,100
2787465341935874,413008,71,2797,13365,100
2787465347047542,413008,71,2797,13365,100
2787465352159249,413008,71,2797,13365,100
2787465357271707,413008,71,2797,13365,100
2787465362385155,413008,71,2797,13365,100
2787465367497216,413008,71,2797,13365,100
2787465372608884,413008,71,2797,13365,100
2787465377720649,413008,71,2797,13365,100
2787465382832486,413008,71,2797,13365,100
2787465387944678,413008,71,2797,13365,100
2787465393056722,413008,71,2797,13365,100
2787465398168610,413008,71,2797,13365,100
2787465403280491,413008,71,2797,13365,100
2787465408392324,413008,71,2797,13365,100
2787465413505720,413008,71,2797,13365,100
2787465418617596,413008,71,2797,13365,100
2787465423729813,413008,71,2797,13365,100
2787465428841637,413008,71,2797,13365,100
2787465433953502,413008,71,2797,13365,100
2787465439065405,413008,71,2797,13365,100
2787465444177444,413008,71,2797,13365,100
2787465449289209,413008,71,2797,13365,100
2787465454401825,413008,71,2797,13365,100
2787465459513624,413008,71,2797,13365,100
2787465464627152,413008,71,2797,13365,100
2787465469739240,413008,71,2797,13365,100
2787465474851156,413008,71,2797,13365,100
2787465479963165,413008,71,2797,13365,100
2787465485074770,413008,71,2797,13365,100
2787465490186970,413008,71,2797,13365,100
2787465495298923,413008,71,2797,13365,100
2787465500410815,413008,71,2797,13365,100
2787465505522669,413008,71,2797,13365,100
2787465510634863,413008,71,2797,13365,100
2787465515748493,413008,71,2797,13365,100
2787465520859945,413008,71,2797,13365,100
2787465525971541,413008,71,2797,13365,100
2787465531083331,413008,71,2797,13365,100
2787465536195382,413008,71,2797,13365,100
2787465541307230,413008,71,2797,13365,100
2787465546418925,413008,71,2797,13365,100
2787465551529762,413008,71,2797,13365,100
2787465556641547,413008,71,2797,13365,100
2787465561753332,413008,71,2797,13365,100
2787465566866720,413008,71,2797,13365,100
2787465571978576,413008,71,2797,13365,100
2787465577091261,413008,71,2797,13365,100
2787465582203521,413008,71,2797,13365,100
2787465587331553,413008,71,2797,13365,100
2787465592443422,413008,71,2797,13365,100
2787465597555769,413008,71,2797,13365,100
2787465602667655,413008,71,2797,13365,100
2787465607779419,413008,71,2797,13365,100
2787465612891531,413008,71,2797,13365,100
2787465618021012,413008,71,2797,13365,100
2787465623133371,413008,71,2797,13365,100
2787465628245437,413008,71,2797,13365,100
2787465633357389,413008,71,2797,13365,100
2787465638469153,413008,71,2797,13365,100
2787465643581346,413008,71,2797,13365,100
2787465648693118,413008,71,2797,13365,100
2787465653805527,413008,71,2797,13365,100
2787465658917381,413008,71,2797,13365,100
2787465664029499,413008,71,2797,13365,100
2787465669143025,413008,71,2797,13365,100
2787465674254940,413008,71,2797,13365,100
2787465679366545,413008,71,2797,13365,100
2787465684477773,413008,71,2797,13365,100
2787465689589478,413008,71,2797,13365,100
2787465694701306,413008,71,2797,13365,100
2787465699813166,413008,71,2797,13365,100
2787465704924687,413008,71,2797,13365,100
2787465710036546,413008,71,2797,13365,100
2787465715148644,413008,71,2797,13365,100
2787465720261832,413008,71,2797,13365,100
2787465725373486,413008,71,2797,13365,100
2787465730485251,413008,71,2797,13365,100
2787465735597177,413008,71,2797,13365,100
2787465740708958,413008,71,2797,13365,100
2787465745820502,413008,71,2797,13365,100
2787465750931259,413008,71,2797,13365,100
2787465756042851,413008,71,2797,13365,100
2787465761154717,413008,71,2797,13365,100
2787465766266064,413008,71,2797,13365,100
2787465771378997,413008,71,2797,13365,100
2787465776490849,413008,71,2797,13365,100
2787465781611797,413008,71,2797,13365,100
2787465786723881,413008,71,2797,13365,100
2787465791835570,413008,71,2797,13365,100
2787465796947500,413008,71,2797,13365,100
2787465802059495,413008,71,2797,13365,100
2787465807171824,413008,71,2797,13365,100
2787465812283492,413008,71,2797,13365,100
2787465817395284,413008,71,2797,13365,100
2787465822508445,413008,71,2797,13365,100
2787465827620597,413008,71,2797,13365,100
2787465832732405,413008,71,2797,13365,100
2787465837843881,412923,71,2797,13365,100
2787465842955215,412923,71,2797,13365,100
2787465848067163,412923,71,2797,13365,100
2787465853179443,412923,71,2797,13365,100
2787465858291368,412923,71,2797,13365,100
2787465863403004,412923,71,2797,13365,100
2787465868514668,412923,71,2797,13365,100
2787465873627916,412923,71,2797,13365,100
2787465878739849,412923,71,2797,13365,100
2787465883851470,412923,71,2797,13365,100
2787465888963102,412923,71,2797,13365,100
2787465894075119,412923,71,2797,13365,100
2787465899187051,412923,71,2797,13365,100
2787465904298947,412923,71,2797,13365,100
2787465909410723,412923,71,2797,13365,100
2787465914521668,412923,71,2797,13365,100
2787465919633332,412923,71,2797,13365,100
2787465924746377,412923,71,2797,13365,100
2787465929858255,412923,71,2797,13365,100
2787465934970267,412923,71,2797,13365,100
2787465940081954,412923,71,2797,13365,100
2787465945193542,412923,71,2797,13365,100
2787465950305447,412923,71,2797,13365,100
2787465955416867,412923,71,2797,13365,100
2787465960528967,412923,71,2797,13365,100
2787465965640854,412923,71,2797,13365,100
2787465970752765,412923,71,2797,13365,100
2787465975865941,412923,71,2797,13365,100
2787465980977734,412923,71,2797,13365,100
2787465986089453,412923,71,2797,13365,100
2787465991201088,412923,71,2797,13365,100
2787465996312695,412923,71,2797,13365,100
2787466001424190,412923,71,2797,13365,100
2787466006536347,412923,71,2797,13365,100
2787466011648079,412923,71,2797,13365,100
2787466016760364,412923,71,2797,13365,100
2787466021871948,412923,71,2797,13365,100
2787466026984867,412923,71,2797,13365,100
2787466032115557,412923,71,2797,13365,100
2787466037227386,412923,71,2797,13365,100
2787466042339234,412923,71,2797,13365,100
2787466047451082,412923,71,2797,13365,100
2787466052562729,412923,71,2797,13365,100
2787466057674545,412923,71,2797,13365,100
2787466062800232,412923,71,2797,13365,100
2787466067911996,412923,71,2797,13365,100
2787466073023853,412923,71,2797,13365,100
2787466078137265,412923,71,2797,13365,100
2787466083249113,412923,71,2797,13365,100
2787466088360959,412923,71,2797,13365,100
2787466093471826,412923,71,2797,13365,100
2787466098583808,412923,71,2797,13365,100
2787466103695391,412923,71,2797,13365,100
2787466108807229,412923,71,2797,13365,100
2787466113918923,412923,71,2797,13365,100
2787466119031124,412923,71,2797,13365,100
2787466124143057,412923,71,2797,13365,100
2787466129256100,412923,71,2797,13365,100
2787466134377061,412923,71,2797,13365,100
2787466139488996,412923,71,2797,13365,100
2787466144600818,412923,71,2797,13365,100
2787466149712652,412923,71,2797,13365,100
2787466154824395,412923,71,2797,13365,100
2787466159935968,412923,71,2797,13365,100
2787466165047647,412923,71,2797,13365,100
2787466170159732,412923,71,2797,13365,100
2787466175285620,412923,71,2797,13365,100
2787466180398740,412923,71,2797,13365,100
2787466185510377,412923,71,2797,13365,100
2787466190622180,412923,71,2797,13365,100
2787466195733998,412923,71,2797,13365,100
2787466200845614,412923,71,2797,13365,100
2787466205957367,412923,71,2797,13365,100
2787466211069339,412923,71,2797,13365,100
2787466216180909,412923,71,2797,13365,100
2787466221292652,412923,71,2797,13365,100
2787466226413333,412923,71,2797,13365,100
2787466231526615,412923,71,2797,13365,100
2787466236638374,412923,71,2797,13365,100
2787466241765971,412923,71,2797,13365,100
2787466246877766,412923,71,2797,13365,100
2787466251989582,412923,71,2797,13365,100
2787466257133639,412923,71,2797,13365,100
2787466262245459,412923,71,2797,13365,100
2787466267358195,412923,71,2797,13365,100
2787466272473150,412923,71,2797,13365,100
2787466277585584,412923,71,2797,13365,100
2787466282698833,412923,71,2797,13365,100
2787466287811623,412923,71,2797,13365,100
2787466292929370,412923,71,2797,13365,100
2787466298043654,412923,71,2797,13365,100
2787466303159458,412923,71,2797,13365,100
2787466308275014,412923,71,2797,13365,100
2787466313390595,412923,71,2797,13365,100
2787466318506179,412923,71,2797,13365,100
2787466323625083,412923,71,2797,13365,100
2787466328740272,412923,71,2797,13365,100
2787466333857037,412923,71,2797,13365,100
2787466338974505,410926,71,2797,13365,87
2787466344090169,410926,71,2797,13365,87
2787466349206298,410926,71,2797,13365,87
2787466354324869,410926,71,2797,13365,87
2787466359444714,410926,71,2797,13365,87
2787466364560378,410926,71,2797,13365,87
2787466369673473,410926,71,2797,13365,87
2787466374785683,410926,71,2797,13365,87
2787466379905900,410926,71,2797,13365,87
2787466385026904,410926,71,2797,13365,87
2787466390142491,410926,71,2797,13365,87
2787466395264124,410926,71,2797,13365,87
2787466400380319,410926,71,2797,13365,87
2787466405496777,410926,71,2797,13365,87
2787466410610748,410926,71,2797,13365,87
2787466415724506,410926,71,2797,13365,87
2787466420840186,410926,71,2797,13365,87
2787466425956256,410926,71,2797,13365,87
2787466431072395,410926,71,2797,13365,87
2787466436193844,410926,71,2797,13365,87
2787466441307404,410926,71,2797,13365,87
2787466446423581,410926,71,2797,13365,87
2787466451524269,410926,71,2797,13365,87
2787466456642001,410926,71,2797,13365,87
2787466461758157,410926,71,2797,13365,87
2787466466874718,410926,71,2797,13365,87
2787466471991568,410926,71,2797,13365,87
2787466477124914,410926,71,2797,13365,87
2787466482240749,410926,71,2797,13365,87
2787466487361483,410926,71,2797,13365,87
2787466492474838,410926,71,2797,13365,87
2787466497589043,410926,71,2797,13365,87
2787466502708693,410926,71,2797,13365,87
2787466507834341,410926,71,2797,13365,87
2787466512950856,410926,71,2797,13365,87
2787466518067580,410926,71,2797,13365,87
2787466523184398,410926,71,2797,13365,87
2787466528301902,410926,71,2797,13365,87
2787466533418791,410926,71,2797,13365,87
2787466538537516,410926,71,2797,13365,87
2787466543654110,410926,71,2797,13365,87
2787466548768464,410926,71,2797,13365,87
2787466553885764,410926,71,2797,13365,87
2787466559014744,410926,71,2797,13365,87
