monotonic_ns,board_power_mw,temperature_c,graphics_clock_mhz,memory_clock_mhz,utilization_percent
2793105854288370,559077,80,2782,13365,100
2793105860843309,559077,80,2782,13365,100
2793105865952765,559077,80,2782,13365,100
2793105871073827,559077,80,2782,13365,100
2793105876195295,559077,80,2782,13365,100
2793105881316165,559077,80,2782,13365,100
2793105886436886,557920,80,2782,13365,91
2793105891561418,557920,80,2782,13365,91
2793105896683954,557920,80,2782,13365,91
2793105901807475,557920,80,2782,13365,91
2793105906934755,557920,80,2782,13365,91
2793105912057489,557920,80,2782,13365,91
2793105917182940,557920,80,2782,13365,91
2793105922307679,557920,80,2782,13365,91
2793105927426592,557920,80,2782,13365,91
2793105932548008,557920,80,2782,13365,91
2793105937665551,557920,80,2782,13365,91
2793105942786462,557920,80,2782,13365,91
2793105947904138,557920,80,2782,13365,91
2793105953025804,557920,80,2782,13365,91
2793105958147740,557920,80,2782,13365,91
2793105963266783,557920,80,2782,13365,91
2793105968385419,557920,80,2782,13365,91
2793105973504243,557920,80,2782,13365,91
2793105978623456,557920,80,2782,13365,91
2793105983744456,557920,80,2782,13365,91
2793105988866337,557920,80,2782,13365,91
2793105993991697,557920,80,2782,13365,91
2793105999137289,557920,80,2782,13365,91
2793106004275669,557920,80,2782,13365,91
2793106009400886,557920,80,2782,13365,91
2793106014525143,557920,80,2782,13365,91
2793106019648226,557920,80,2782,13365,91
2793106024769162,557920,80,2782,13365,91
2793106029892309,557920,80,2782,13365,91
2793106035030871,557920,80,2782,13365,91
2793106040154832,557920,80,2782,13365,91
2793106045277888,557920,80,2782,13365,91
2793106050401412,557920,80,2782,13365,91
2793106055524972,557920,80,2782,13365,91
2793106060651293,557920,80,2782,13365,91
2793106065779105,557920,80,2782,13365,91
2793106070902689,557920,80,2782,13365,91
2793106076026150,557920,80,2782,13365,91
2793106081149670,557920,80,2782,13365,91
2793106086274011,557920,80,2782,13365,91
2793106091398015,557920,80,2782,13365,91
2793106096521452,557920,80,2782,13365,91
2793106101616231,557920,80,2782,13365,91
2793106106737036,557920,80,2782,13365,91
2793106111862400,557920,80,2782,13365,91
2793106116983084,557920,80,2782,13365,91
2793106122126425,557920,80,2782,13365,91
2793106127251669,557920,80,2782,13365,91
2793106132377082,557920,80,2782,13365,91
2793106137502154,557920,80,2782,13365,91
2793106142631762,557920,80,2782,13365,91
2793106147757241,557920,80,2782,13365,91
2793106152882059,557920,80,2782,13365,91
2793106158024249,557920,80,2782,13365,91
2793106163148868,557920,80,2782,13365,91
2793106168268688,557920,80,2782,13365,91
2793106173404144,557920,80,2782,13365,91
2793106178522547,557920,80,2782,13365,91
2793106183640544,557920,80,2782,13365,91
2793106188758693,557920,80,2782,13365,91
2793106193877145,557920,80,2782,13365,91
2793106198995530,557920,80,2782,13365,91
2793106204132706,557920,80,2782,13365,91
2793106209250907,557920,80,2782,13365,91
2793106214370755,557920,80,2782,13365,91
2793106219489096,557920,80,2782,13365,91
2793106224607460,557920,80,2782,13365,91
2793106229725440,557920,80,2782,13365,91
2793106234843464,557920,80,2782,13365,91
2793106239961673,557920,80,2782,13365,91
2793106245079733,557920,80,2782,13365,91
2793106250198013,557920,80,2782,13365,91
2793106255316045,557920,80,2782,13365,91
2793106260434582,557920,80,2782,13365,91
2793106265554579,557920,80,2782,13365,91
2793106270673447,557920,80,2782,13365,91
2793106275795430,557920,80,2782,13365,91
2793106280914041,557920,80,2782,13365,91
2793106286032726,557920,80,2782,13365,91
2793106291151068,557920,80,2782,13365,91
2793106296269705,557920,80,2782,13365,91
2793106301387801,557920,80,2782,13365,91
2793106306506410,557920,80,2782,13365,91
2793106311624178,557920,80,2782,13365,91
2793106316743872,557920,80,2782,13365,91
2793106321861969,557920,80,2782,13365,91
2793106326980503,557920,80,2782,13365,91
2793106332115479,557920,80,2782,13365,91
2793106337233515,557920,80,2782,13365,91
2793106342352008,557920,80,2782,13365,91
2793106347469938,557920,80,2782,13365,91
2793106352588461,557920,80,2782,13365,91
2793106357706361,557920,80,2782,13365,91
2793106362824885,557920,80,2782,13365,91
2793106367944128,557920,80,2782,13365,91
2793106373062058,557920,80,2782,13365,91
2793106378180230,557920,80,2782,13365,91
2793106383298191,557920,80,2782,13365,91
2793106388416285,440486,79,2797,13365,100
2793106393536777,440486,79,2797,13365,100
2793106398654508,440486,79,2797,13365,100
2793106403772917,440486,79,2797,13365,100
2793106408890832,440486,79,2797,13365,100
2793106414029627,440486,79,2797,13365,100
2793106419148679,440486,79,2797,13365,100
2793106424266763,440486,79,2797,13365,100
2793106429384478,440486,79,2797,13365,100
2793106434502523,440486,79,2797,13365,100
2793106439620195,440486,79,2797,13365,100
2793106444738021,440486,79,2797,13365,100
2793106449856065,440486,79,2797,13365,100
2793106454974100,440486,79,2797,13365,100
2793106460091746,440486,79,2797,13365,100
2793106465210100,440486,79,2797,13365,100
2793106470329317,440486,79,2797,13365,100
2793106475447247,440486,79,2797,13365,100
2793106480564626,440486,79,2797,13365,100
2793106485682258,440486,79,2797,13365,100
2793106490799995,440486,79,2797,13365,100
2793106495917797,440486,79,2797,13365,100
2793106501035975,440486,79,2797,13365,100
2793106506154713,440486,79,2797,13365,100
2793106511272696,440486,79,2797,13365,100
2793106516390920,440486,79,2797,13365,100
2793106521510221,440486,79,2797,13365,100
2793106526628113,440486,79,2797,13365,100
2793106531745893,440486,79,2797,13365,100
2793106536863950,440486,79,2797,13365,100
2793106541981958,440486,79,2797,13365,100
2793106547121322,440486,79,2797,13365,100
2793106552239291,440486,79,2797,13365,100
2793106557357091,440486,79,2797,13365,100
2793106562474303,440486,79,2797,13365,100
2793106567592191,440486,79,2797,13365,100
2793106572711112,440486,79,2797,13365,100
2793106577828901,440486,79,2797,13365,100
2793106582947001,440486,79,2797,13365,100
2793106588064337,440486,79,2797,13365,100
2793106593182360,440486,79,2797,13365,100
2793106598299966,440486,79,2797,13365,100
2793106603417449,440486,79,2797,13365,100
2793106608551895,440486,79,2797,13365,100
2793106613669867,440486,79,2797,13365,100
2793106618788002,440486,79,2797,13365,100
2793106623907606,440486,79,2797,13365,100
2793106629026588,440486,79,2797,13365,100
2793106634144108,440486,79,2797,13365,100
2793106639260625,440486,79,2797,13365,100
2793106644378143,440486,79,2797,13365,100
2793106649493514,440486,79,2797,13365,100
2793106654609992,440486,79,2797,13365,100
2793106659725044,440486,79,2797,13365,100
2793106664840219,440486,79,2797,13365,100
2793106669955325,440486,79,2797,13365,100
2793106675072070,440486,79,2797,13365,100
2793106680186267,440486,79,2797,13365,100
2793106685308386,440486,79,2797,13365,100
2793106690428763,440486,79,2797,13365,100
2793106695542697,440486,79,2797,13365,100
2793106700658050,440486,79,2797,13365,100
2793106705771438,440486,79,2797,13365,100
2793106710885950,440486,79,2797,13365,100
2793106716014718,440486,79,2797,13365,100
2793106721129079,440486,79,2797,13365,100
2793106726249595,440486,79,2797,13365,100
2793106731370743,440486,79,2797,13365,100
2793106736485848,440486,79,2797,13365,100
2793106741600027,440486,79,2797,13365,100
2793106746715204,440486,79,2797,13365,100
2793106751830845,440486,79,2797,13365,100
2793106756946047,440486,79,2797,13365,100
2793106762062006,440486,79,2797,13365,100
2793106767178063,440486,79,2797,13365,100
2793106772294615,440486,79,2797,13365,100
2793106777413145,440486,79,2797,13365,100
2793106782529884,440486,79,2797,13365,100
2793106787646314,440486,79,2797,13365,100
2793106792764285,440486,79,2797,13365,100
2793106797881757,440486,79,2797,13365,100
2793106802999209,440486,79,2797,13365,100
2793106808136158,440486,79,2797,13365,100
2793106813253057,440486,79,2797,13365,100
2793106818369965,440486,79,2797,13365,100
2793106823487450,440486,79,2797,13365,100
2793106828623214,440486,79,2797,13365,100
2793106833740847,440486,79,2797,13365,100
2793106838858891,440486,79,2797,13365,100
2793106843977201,440486,79,2797,13365,100
2793106849095126,440486,79,2797,13365,100
2793106854213072,440486,79,2797,13365,100
2793106859330716,440486,79,2797,13365,100
2793106864448557,440486,79,2797,13365,100
2793106869565303,440486,79,2797,13365,100
2793106874683620,440486,79,2797,13365,100
2793106879802964,440486,79,2797,13365,100
2793106884920763,428967,79,2782,13365,100
2793106890038666,428967,79,2782,13365,100
2793106895156883,428967,79,2782,13365,100
2793106900274491,428967,79,2782,13365,100
2793106905394700,428967,79,2782,13365,100
2793106910512432,428967,79,2782,13365,100
2793106915630148,428967,79,2782,13365,100
2793106920747521,428967,79,2782,13365,100
2793106925865406,428967,79,2782,13365,100
2793106930984196,428967,79,2782,13365,100
2793106936126707,428967,79,2782,13365,100
2793106941244711,428967,79,2782,13365,100
2793106946362770,428967,79,2782,13365,100
2793106951480624,428967,79,2782,13365,100
2793106956599044,428967,79,2782,13365,100
2793106961717307,428967,79,2782,13365,100
2793106966835844,428967,79,2782,13365,100
2793106971954621,428967,79,2782,13365,100
2793106977072345,428967,79,2782,13365,100
2793106982191985,428967,79,2782,13365,100
2793106987309674,428967,79,2782,13365,100
2793106992427238,428967,79,2782,13365,100
2793106997545238,428967,79,2782,13365,100
2793107002662483,428967,79,2782,13365,100
2793107007780375,428967,79,2782,13365,100
2793107012898578,428967,79,2782,13365,100
2793107018032644,428967,79,2782,13365,100
2793107023150560,428967,79,2782,13365,100
2793107028268360,428967,79,2782,13365,100
2793107033387988,428967,79,2782,13365,100
2793107038505865,428967,79,2782,13365,100
2793107043623722,428967,79,2782,13365,100
2793107048741706,428967,79,2782,13365,100
2793107053860220,428967,79,2782,13365,100
2793107058996015,428967,79,2782,13365,100
2793107064131747,428967,79,2782,13365,100
2793107069249639,428967,79,2782,13365,100
2793107074367237,428967,79,2782,13365,100
2793107079485332,428967,79,2782,13365,100
2793107084604579,428967,79,2782,13365,100
2793107089722105,428967,79,2782,13365,100
2793107094840202,428967,79,2782,13365,100
2793107099958106,428967,79,2782,13365,100
2793107105076010,428967,79,2782,13365,100
2793107110193814,428967,79,2782,13365,100
2793107115311834,428967,79,2782,13365,100
2793107120429842,428967,79,2782,13365,100
2793107125547654,428967,79,2782,13365,100
2793107130665351,428967,79,2782,13365,100
2793107135784850,428967,79,2782,13365,100
2793107140903268,428967,79,2782,13365,100
2793107146021097,428967,79,2782,13365,100
2793107151138950,428967,79,2782,13365,100
2793107156256905,428967,79,2782,13365,100
2793107161374810,428967,79,2782,13365,100
2793107166492694,428967,79,2782,13365,100
2793107171610519,428967,79,2782,13365,100
2793107176728851,428967,79,2782,13365,100
2793107181846480,428967,79,2782,13365,100
2793107186965646,428967,79,2782,13365,100
2793107192083590,428967,79,2782,13365,100
2793107197201400,428967,79,2782,13365,100
2793107202319432,428967,79,2782,13365,100
2793107207437009,428967,79,2782,13365,100
2793107212554317,428967,79,2782,13365,100
2793107217672170,428967,79,2782,13365,100
2793107222790062,428967,79,2782,13365,100
2793107227907299,428967,79,2782,13365,100
2793107233024765,428967,79,2782,13365,100
2793107238144572,428967,79,2782,13365,100
2793107243262512,428967,79,2782,13365,100
2793107248380568,428967,79,2782,13365,100
2793107253498670,428967,79,2782,13365,100
2793107258616113,428967,79,2782,13365,100
2793107263734070,428967,79,2782,13365,100
2793107268852036,428967,79,2782,13365,100
2793107273969966,428967,79,2782,13365,100
2793107279087678,428967,79,2782,13365,100
2793107284205598,428967,79,2782,13365,100
2793107289325043,428967,79,2782,13365,100
2793107294453131,428967,79,2782,13365,100
2793107299571190,428967,79,2782,13365,100
2793107304688732,428967,79,2782,13365,100
2793107309806638,428967,79,2782,13365,100
2793107314924749,428967,79,2782,13365,100
2793107320043349,428967,79,2782,13365,100
2793107325161290,428967,79,2782,13365,100
2793107330279486,428967,79,2782,13365,100
2793107335397226,428967,79,2782,13365,100
2793107340516583,428967,79,2782,13365,100
2793107345633959,428967,79,2782,13365,100
2793107350751406,428967,79,2782,13365,100
2793107355869524,428967,79,2782,13365,100
2793107360987184,428967,79,2782,13365,100
2793107366127126,428967,79,2782,13365,100
2793107371244541,428967,79,2782,13365,100
2793107376363387,428967,79,2782,13365,100
2793107381481652,428967,79,2782,13365,100
2793107386600536,557100,80,2782,13365,100
2793107391718606,557100,80,2782,13365,100
2793107396836614,557100,80,2782,13365,100
2793107401954311,557100,80,2782,13365,100
2793107407071868,557100,80,2782,13365,100
2793107412187766,557100,80,2782,13365,100
2793107417303792,557100,80,2782,13365,100
2793107422420685,557100,80,2782,13365,100
2793107427536257,557100,80,2782,13365,100
2793107432669823,557100,80,2782,13365,100
2793107437785865,557100,80,2782,13365,100
2793107442903694,557100,80,2782,13365,100
2793107448020442,557100,80,2782,13365,100
2793107453137193,557100,80,2782,13365,100
2793107458252847,557100,80,2782,13365,100
2793107463369071,557100,80,2782,13365,100
2793107468485396,557100,80,2782,13365,100
2793107473601516,557100,80,2782,13365,100
2793107478717693,557100,80,2782,13365,100
2793107483850565,557100,80,2782,13365,100
2793107488967597,557100,80,2782,13365,100
2793107494085817,557100,80,2782,13365,100
2793107499205766,557100,80,2782,13365,100
2793107504323886,557100,80,2782,13365,100
2793107509442594,557100,80,2782,13365,100
2793107514559495,557100,80,2782,13365,100
2793107519676119,557100,80,2782,13365,100
2793107524791727,557100,80,2782,13365,100
2793107529908666,557100,80,2782,13365,100
2793107535025648,557100,80,2782,13365,100
2793107540143181,557100,80,2782,13365,100
2793107545261645,557100,80,2782,13365,100
2793107550388885,557100,80,2782,13365,100
2793107555508902,557100,80,2782,13365,100
2793107560624346,557100,80,2782,13365,100
2793107565739891,557100,80,2782,13365,100
2793107570856511,557100,80,2782,13365,100
2793107575973672,557100,80,2782,13365,100
2793107581089464,557100,80,2782,13365,100
2793107586205187,557100,80,2782,13365,100
2793107591327295,557100,80,2782,13365,100
2793107596446193,557100,80,2782,13365,100
2793107601562834,557100,80,2782,13365,100
2793107606678884,557100,80,2782,13365,100
2793107611795566,557100,80,2782,13365,100
2793107616912862,557100,80,2782,13365,100
2793107622030690,557100,80,2782,13365,100
2793107627146881,557100,80,2782,13365,100
2793107632262059,557100,80,2782,13365,100
2793107637378452,557100,80,2782,13365,100
2793107642493213,557100,80,2782,13365,100
2793107647609193,557100,80,2782,13365,100
2793107652724358,557100,80,2782,13365,100
2793107657839862,557100,80,2782,13365,100
2793107662976714,557100,80,2782,13365,100
2793107668093096,557100,80,2782,13365,100
2793107673208819,557100,80,2782,13365,100
2793107678324905,557100,80,2782,13365,100
2793107683441924,557100,80,2782,13365,100
2793107688558636,557100,80,2782,13365,100
2793107693674892,557100,80,2782,13365,100
2793107698793312,557100,80,2782,13365,100
2793107703909461,557100,80,2782,13365,100
2793107709025817,557100,80,2782,13365,100
2793107714141809,557100,80,2782,13365,100
2793107719258210,557100,80,2782,13365,100
2793107724375103,557100,80,2782,13365,100
2793107729492791,557100,80,2782,13365,100
2793107734609687,557100,80,2782,13365,100
2793107739726798,557100,80,2782,13365,100
2793107744844580,557100,80,2782,13365,100
2793107749964212,557100,80,2782,13365,100
2793107755096916,557100,80,2782,13365,100
2793107760215409,557100,80,2782,13365,100
2793107765334099,557100,80,2782,13365,100
2793107770452244,557100,80,2782,13365,100
2793107775569756,557100,80,2782,13365,100
2793107780687566,557100,80,2782,13365,100
2793107785805959,557100,80,2782,13365,100
2793107790924689,557100,80,2782,13365,100
2793107796043211,557100,80,2782,13365,100
2793107801162552,557100,80,2782,13365,100
2793107806280408,557100,80,2782,13365,100
2793107811398079,557100,80,2782,13365,100
2793107816516253,557100,80,2782,13365,100
2793107821633761,557100,80,2782,13365,100
2793107826752141,557100,80,2782,13365,100
2793107831870354,557100,80,2782,13365,100
2793107836988439,557100,80,2782,13365,100
2793107842130783,557100,80,2782,13365,100
2793107847265078,557100,80,2782,13365,100
2793107852384301,557100,80,2782,13365,100
2793107857502447,557100,80,2782,13365,100
2793107862620235,557100,80,2782,13365,100
2793107867738240,557100,80,2782,13365,100
2793107872857244,557100,80,2782,13365,100
2793107877975255,557100,80,2782,13365,100
2793107883092478,557100,80,2782,13365,100
2793107888210397,557958,80,2782,13365,100
2793107893328148,557958,80,2782,13365,100
2793107898445986,557958,80,2782,13365,100
2793107903564185,557958,80,2782,13365,100
2793107908681991,557958,80,2782,13365,100
2793107913799908,557958,80,2782,13365,100
2793107918918028,557958,80,2782,13365,100
2793107924036356,557958,80,2782,13365,100
2793107929154148,557958,80,2782,13365,100
2793107934272153,557958,80,2782,13365,100
2793107939390830,557958,80,2782,13365,100
2793107944508721,557958,80,2782,13365,100
2793107949626691,557958,80,2782,13365,100
2793107954746510,557958,80,2782,13365,100
2793107959864967,557958,80,2782,13365,100
2793107964982987,557958,80,2782,13365,100
2793107970124783,557958,80,2782,13365,100
2793107975242618,557958,80,2782,13365,100
2793107980360628,557958,80,2782,13365,100
2793107985478645,557958,80,2782,13365,100
2793107990596411,557958,80,2782,13365,100
2793107995713943,557958,80,2782,13365,100
2793108000831720,557958,80,2782,13365,100
2793108005950614,557958,80,2782,13365,100
2793108011069442,557958,80,2782,13365,100
2793108016187075,557958,80,2782,13365,100
2793108021304839,557958,80,2782,13365,100
2793108026422476,557958,80,2782,13365,100
2793108031540276,557958,80,2782,13365,100
2793108036657400,557958,80,2782,13365,100
2793108041775120,557958,80,2782,13365,100
2793108046893473,557958,80,2782,13365,100
2793108052023503,557958,80,2782,13365,100
2793108057143066,557958,80,2782,13365,100
2793108062261266,557958,80,2782,13365,100
2793108067378810,557958,80,2782,13365,100
2793108072496779,557958,80,2782,13365,100
2793108077614325,557958,80,2782,13365,100
2793108082732075,557958,80,2782,13365,100
2793108087851556,557958,80,2782,13365,100
2793108092968832,557958,80,2782,13365,100
2793108098086376,557958,80,2782,13365,100
2793108103204257,557958,80,2782,13365,100
2793108108323541,557958,80,2782,13365,100
2793108113441674,557958,80,2782,13365,100
2793108118560114,557958,80,2782,13365,100
2793108123678198,557958,80,2782,13365,100
2793108128795915,557958,80,2782,13365,100
2793108133913621,557958,80,2782,13365,100
2793108139048807,557958,80,2782,13365,100
2793108144166692,557958,80,2782,13365,100
2793108149283641,557958,80,2782,13365,100
2793108154401700,557958,80,2782,13365,100
2793108159521349,557958,80,2782,13365,100
2793108164639593,557958,80,2782,13365,100
2793108169757506,557958,80,2782,13365,100
2793108174881121,557958,80,2782,13365,100
2793108179998947,557958,80,2782,13365,100
2793108185130746,557958,80,2782,13365,100
2793108190248475,557958,80,2782,13365,100
2793108195366335,557958,80,2782,13365,100
2793108200484232,557958,80,2782,13365,100
2793108205601628,557958,80,2782,13365,100
2793108210721068,557958,80,2782,13365,100
2793108215839189,557958,80,2782,13365,100
2793108220956757,557958,80,2782,13365,100
2793108226074481,557958,80,2782,13365,100
2793108231192201,557958,80,2782,13365,100
2793108236310079,557958,80,2782,13365,100
2793108241428934,557958,80,2782,13365,100
2793108246546967,557958,80,2782,13365,100
2793108251664552,557958,80,2782,13365,100
2793108256782171,557958,80,2782,13365,100
2793108261901810,557958,80,2782,13365,100
2793108267020412,557958,80,2782,13365,100
2793108272138609,557958,80,2782,13365,100
2793108277255769,557958,80,2782,13365,100
2793108282373682,557958,80,2782,13365,100
2793108287491614,557958,80,2782,13365,100
2793108292609276,557958,80,2782,13365,100
2793108297726842,557958,80,2782,13365,100
2793108302844479,557958,80,2782,13365,100
2793108307962131,557958,80,2782,13365,100
2793108313081724,557958,80,2782,13365,100
2793108318200324,557958,80,2782,13365,100
2793108323318515,557958,80,2782,13365,100
2793108328435981,557958,80,2782,13365,100
2793108333554078,557958,80,2782,13365,100
2793108338677397,557958,80,2782,13365,100
2793108343794542,557958,80,2782,13365,100
2793108348912162,557958,80,2782,13365,100
2793108354030214,557958,80,2782,13365,100
2793108359148151,557958,80,2782,13365,100
2793108364267639,557958,80,2782,13365,100
2793108369385632,557958,80,2782,13365,100
2793108374503317,557958,80,2782,13365,100
2793108379621157,557958,80,2782,13365,100
2793108384738827,557958,80,2782,13365,100
2793108389856721,558542,80,2782,13365,100
2793108394975330,558542,80,2782,13365,100
2793108400093150,558542,80,2782,13365,100
2793108405210874,558542,80,2782,13365,100
2793108410329459,558542,80,2782,13365,100
2793108415448633,558542,80,2782,13365,100
2793108420566656,558542,80,2782,13365,100
2793108425684127,558542,80,2782,13365,100
2793108430801720,558542,80,2782,13365,100
2793108435919405,558542,80,2782,13365,100
2793108441037363,558542,80,2782,13365,100
2793108446155881,558542,80,2782,13365,100
2793108451273786,558542,80,2782,13365,100
2793108456391614,558542,80,2782,13365,100
2793108461509351,558542,80,2782,13365,100
2793108466628463,558542,80,2782,13365,100
2793108471746456,558542,80,2782,13365,100
2793108476864539,558542,80,2782,13365,100
2793108481982012,558542,80,2782,13365,100
2793108487121556,558542,80,2782,13365,100
2793108492239772,558542,80,2782,13365,100
2793108497357745,558542,80,2782,13365,100
2793108502476269,558542,80,2782,13365,100
2793108507594326,558542,80,2782,13365,100
2793108512712450,558542,80,2782,13365,100
2793108517831899,558542,80,2782,13365,100
2793108522950165,558542,80,2782,13365,100
2793108528067951,558542,80,2782,13365,100
2793108533185612,558542,80,2782,13365,100
2793108538303708,558542,80,2782,13365,100
2793108543422060,558542,80,2782,13365,100
2793108548540107,558542,80,2782,13365,100
2793108553658733,558542,80,2782,13365,100
2793108558776790,558542,80,2782,13365,100
2793108563894773,558542,80,2782,13365,100
2793108569035458,558542,80,2782,13365,100
2793108574153094,558542,80,2782,13365,100
2793108579270513,558542,80,2782,13365,100
2793108584388107,558542,80,2782,13365,100
2793108589505623,558542,80,2782,13365,100
2793108594623672,558542,80,2782,13365,100
2793108599741032,558542,80,2782,13365,100
2793108604858913,558542,80,2782,13365,100
2793108609976753,558542,80,2782,13365,100
2793108615094733,558542,80,2782,13365,100
2793108620214233,558542,80,2782,13365,100
2793108625332810,558542,80,2782,13365,100
2793108630450882,558542,80,2782,13365,100
2793108635568834,558542,80,2782,13365,100
2793108640686263,558542,80,2782,13365,100
2793108645804450,558542,80,2782,13365,100
2793108650922403,558542,80,2782,13365,100
2793108656041038,558542,80,2782,13365,100
2793108661158648,558542,80,2782,13365,100
2793108666276625,558542,80,2782,13365,100
2793108671396321,558542,80,2782,13365,100
2793108676514510,558542,80,2782,13365,100
2793108681633134,558542,80,2782,13365,100
2793108686751298,558542,80,2782,13365,100
2793108691869303,558542,80,2782,13365,100
2793108696987068,558542,80,2782,13365,100
2793108702124898,558542,80,2782,13365,100
2793108707242882,558542,80,2782,13365,100
2793108712360540,558542,80,2782,13365,100
2793108717478111,558542,80,2782,13365,100
2793108722597288,558542,80,2782,13365,100
2793108727715139,558542,80,2782,13365,100
2793108732833089,558542,80,2782,13365,100
2793108737950798,558542,80,2782,13365,100
2793108743068712,558542,80,2782,13365,100
2793108748186566,558542,80,2782,13365,100
2793108753303971,558542,80,2782,13365,100
2793108758422044,558542,80,2782,13365,100
2793108763539919,558542,80,2782,13365,100
2793108768657644,558542,80,2782,13365,100
2793108773777299,558542,80,2782,13365,100
2793108778895409,558542,80,2782,13365,100
2793108784034642,558542,80,2782,13365,100
2793108789152313,558542,80,2782,13365,100
2793108794287654,558542,80,2782,13365,100
2793108799405402,558542,80,2782,13365,100
2793108804523063,558542,80,2782,13365,100
2793108809640658,558542,80,2782,13365,100
2793108814758575,558542,80,2782,13365,100
2793108819876107,558542,80,2782,13365,100
2793108824995912,558542,80,2782,13365,100
2793108830131254,558542,80,2782,13365,100
2793108835249029,558542,80,2782,13365,100
2793108840374515,558542,80,2782,13365,100
2793108845492294,558542,80,2782,13365,100
2793108850610018,558542,80,2782,13365,100
2793108855727498,558542,80,2782,13365,100
2793108860844994,558542,80,2782,13365,100
2793108865962831,558542,80,2782,13365,100
2793108871080855,558542,80,2782,13365,100
2793108876200184,558542,80,2782,13365,100
2793108881318410,558542,80,2782,13365,100
2793108886440594,558844,80,2782,13365,100
2793108891559632,558844,80,2782,13365,100
2793108896677637,558844,80,2782,13365,100
2793108901795647,558844,80,2782,13365,100
2793108906913627,558844,80,2782,13365,100
2793108912032136,558844,80,2782,13365,100
2793108917150286,558844,80,2782,13365,100
2793108922268818,558844,80,2782,13365,100
2793108927388189,558844,80,2782,13365,100
2793108932506414,558844,80,2782,13365,100
2793108937624380,558844,80,2782,13365,100
2793108942742697,558844,80,2782,13365,100
2793108947860909,558844,80,2782,13365,100
2793108952979021,558844,80,2782,13365,100
2793108958097069,558844,80,2782,13365,100
2793108963214973,558844,80,2782,13365,100
2793108968333084,558844,80,2782,13365,100
2793108973450883,558844,80,2782,13365,100
2793108978570359,558844,80,2782,13365,100
2793108983688915,558844,80,2782,13365,100
2793108988807347,558844,80,2782,13365,100
2793108993926126,558844,80,2782,13365,100
2793108999044225,558844,80,2782,13365,100
2793109004161837,558844,80,2782,13365,100
2793109009279769,558844,80,2782,13365,100
2793109014395337,558844,80,2782,13365,100
2793109019511777,558844,80,2782,13365,100
2793109024627860,558844,80,2782,13365,100
2793109029746377,558844,80,2782,13365,100
2793109034863487,558844,80,2782,13365,100
2793109039981455,558844,80,2782,13365,100
2793109045119184,558844,80,2782,13365,100
2793109050237704,558844,80,2782,13365,100
2793109055355326,558844,80,2782,13365,100
2793109060473556,558844,80,2782,13365,100
2793109065591985,558844,80,2782,13365,100
2793109070709966,558844,80,2782,13365,100
2793109075828050,558844,80,2782,13365,100
2793109080948346,558844,80,2782,13365,100
2793109086066726,558844,80,2782,13365,100
2793109091184815,558844,80,2782,13365,100
2793109096302767,558844,80,2782,13365,100
2793109101421172,558844,80,2782,13365,100
2793109106539395,558844,80,2782,13365,100
2793109111659916,558844,80,2782,13365,100
2793109116777458,558844,80,2782,13365,100
2793109121894885,558844,80,2782,13365,100
2793109127033953,558844,80,2782,13365,100
2793109132154184,558844,80,2782,13365,100
2793109137282061,558844,80,2782,13365,100
2793109142401950,558844,80,2782,13365,100
2793109147520255,558844,80,2782,13365,100
2793109152638299,558844,80,2782,13365,100
2793109157756345,558844,80,2782,13365,100
2793109162873770,558844,80,2782,13365,100
2793109167991612,558844,80,2782,13365,100
2793109173127776,558844,80,2782,13365,100
2793109178245901,558844,80,2782,13365,100
2793109183365627,558844,80,2782,13365,100
2793109188484061,558844,80,2782,13365,100
2793109193602225,558844,80,2782,13365,100
2793109198719870,558844,80,2782,13365,100
2793109203838558,558844,80,2782,13365,100
2793109208956847,558844,80,2782,13365,100
2793109214074407,558844,80,2782,13365,100
2793109219192438,558844,80,2782,13365,100
2793109224310068,558844,80,2782,13365,100
2793109229428280,558844,80,2782,13365,100
2793109234548531,558844,80,2782,13365,100
2793109239666923,558844,80,2782,13365,100
2793109244790473,558844,80,2782,13365,100
2793109249908590,558844,80,2782,13365,100
2793109255026718,558844,80,2782,13365,100
2793109260144686,558844,80,2782,13365,100
2793109265262871,558844,80,2782,13365,100
2793109270381595,558844,80,2782,13365,100
2793109275499917,558844,80,2782,13365,100
2793109280618220,558844,80,2782,13365,100
2793109285738013,558844,80,2782,13365,100
2793109290856252,558844,80,2782,13365,100
2793109295974065,558844,80,2782,13365,100
2793109301093102,558844,80,2782,13365,100
2793109306211506,558844,80,2782,13365,100
2793109311329758,558844,80,2782,13365,100
2793109316447763,558844,80,2782,13365,100
2793109321566159,558844,80,2782,13365,100
2793109326684323,558844,80,2782,13365,100
2793109331802132,558844,80,2782,13365,100
2793109336931096,558844,80,2782,13365,100
2793109342049336,558844,80,2782,13365,100
2793109347167832,558844,80,2782,13365,100
2793109352286273,558844,80,2782,13365,100
2793109357403641,558844,80,2782,13365,100
2793109362540454,558844,80,2782,13365,100
2793109367657762,558844,80,2782,13365,100
2793109372775396,558844,80,2782,13365,100
2793109377892426,558844,80,2782,13365,100
2793109383024067,558844,80,2782,13365,100
2793109388142249,558952,80,2782,13365,100
2793109393259504,558952,80,2782,13365,100
2793109398377310,558952,80,2782,13365,100
2793109403494240,558952,80,2782,13365,100
2793109408612113,558952,80,2782,13365,100
2793109413729209,558952,80,2782,13365,100
2793109418847068,558952,80,2782,13365,100
2793109423968494,558952,80,2782,13365,100
2793109429086922,558952,80,2782,13365,100
2793109434205514,558952,80,2782,13365,100
2793109439325099,558952,80,2782,13365,100
2793109444444083,558952,80,2782,13365,100
2793109449580154,558952,80,2782,13365,100
2793109454698648,558952,80,2782,13365,100
2793109459816797,558952,80,2782,13365,100
2793109464935640,558952,80,2782,13365,100
2793109470053649,558952,80,2782,13365,100
2793109475171834,558952,80,2782,13365,100
2793109480289602,558952,80,2782,13365,100
2793109485407654,558952,80,2782,13365,100
2793109490527656,558952,80,2782,13365,100
2793109495645547,558952,80,2782,13365,100
2793109500763312,558952,80,2782,13365,100
2793109505880482,558952,80,2782,13365,100
2793109510998708,558952,80,2782,13365,100
2793109516138330,558952,80,2782,13365,100
2793109521256837,558952,80,2782,13365,100
2793109526374909,558952,80,2782,13365,100
2793109531493465,558952,80,2782,13365,100
2793109536611841,558952,80,2782,13365,100
2793109541731026,558952,80,2782,13365,100
2793109546849031,558952,80,2782,13365,100
2793109551967067,558952,80,2782,13365,100
2793109557084880,558952,80,2782,13365,100
2793109562202683,558952,80,2782,13365,100
2793109567320880,558952,80,2782,13365,100
2793109572439188,558952,80,2782,13365,100
2793109577557656,558952,80,2782,13365,100
2793109582675597,558952,80,2782,13365,100
2793109587793537,558952,80,2782,13365,100
2793109592912834,558952,80,2782,13365,100
2793109598031482,558952,80,2782,13365,100
2793109603149619,558952,80,2782,13365,100
2793109608267663,558952,80,2782,13365,100
2793109613385983,558952,80,2782,13365,100
2793109618516976,558952,80,2782,13365,100
2793109623635072,558952,80,2782,13365,100
2793109628755612,558952,80,2782,13365,100
2793109633873516,558952,80,2782,13365,100
2793109638991048,558952,80,2782,13365,100
2793109644136289,558952,80,2782,13365,100
2793109649254678,558952,80,2782,13365,100
2793109654372746,558952,80,2782,13365,100
2793109659491040,558952,80,2782,13365,100
2793109664608986,558952,80,2782,13365,100
2793109669726374,558952,80,2782,13365,100
2793109674845355,558952,80,2782,13365,100
2793109679963108,558952,80,2782,13365,100
2793109685081256,558952,80,2782,13365,100
2793109690198917,558952,80,2782,13365,100
2793109695317876,558952,80,2782,13365,100
2793109700435677,558952,80,2782,13365,100
2793109705554039,558952,80,2782,13365,100
2793109710672034,558952,80,2782,13365,100
2793109715789915,558952,80,2782,13365,100
2793109720907634,558952,80,2782,13365,100
2793109726025623,558952,80,2782,13365,100
2793109731143552,558952,80,2782,13365,100
2793109736261467,558952,80,2782,13365,100
2793109741380442,558952,80,2782,13365,100
2793109746499505,558952,80,2782,13365,100
2793109751617769,558952,80,2782,13365,100
2793109756735501,558952,80,2782,13365,100
2793109761853407,558952,80,2782,13365,100
2793109766971492,558952,80,2782,13365,100
2793109772090082,558952,80,2782,13365,100
2793109777208246,558952,80,2782,13365,100
2793109782326545,558952,80,2782,13365,100
2793109787444242,558952,80,2782,13365,100
2793109792562044,558952,80,2782,13365,100
2793109797681196,558952,80,2782,13365,100
2793109802798908,558952,80,2782,13365,100
2793109807916861,558952,80,2782,13365,100
2793109813035193,558952,80,2782,13365,100
2793109818153162,558952,80,2782,13365,100
2793109823271206,558952,80,2782,13365,100
2793109828389110,558952,80,2782,13365,100
2793109833506980,558952,80,2782,13365,100
2793109838624905,558952,80,2782,13365,100
2793109843742412,558952,80,2782,13365,100
2793109848861808,558952,80,2782,13365,100
2793109853979724,558952,80,2782,13365,100
2793109859097232,558952,80,2782,13365,100
2793109864214957,558952,80,2782,13365,100
2793109869333190,558952,80,2782,13365,100
2793109874451716,558952,80,2782,13365,100
2793109879569930,558952,80,2782,13365,100
2793109884687639,558952,80,2782,13365,100
2793109889805778,558904,80,2782,13365,100
2793109894924143,558904,80,2782,13365,100
2793109900043372,558904,80,2782,13365,100
2793109905162156,558904,80,2782,13365,100
2793109910279936,558904,80,2782,13365,100
2793109915397740,558904,80,2782,13365,100
2793109920515237,558904,80,2782,13365,100
2793109925633174,558904,80,2782,13365,100
2793109930751210,558904,80,2782,13365,100
2793109935869578,558904,80,2782,13365,100
2793109940987286,558904,80,2782,13365,100
2793109946130882,558904,80,2782,13365,100
2793109951250289,558904,80,2782,13365,100
2793109956368347,558904,80,2782,13365,100
2793109961486252,558904,80,2782,13365,100
2793109966604132,558904,80,2782,13365,100
2793109971721881,558904,80,2782,13365,100
2793109976840601,558904,80,2782,13365,100
2793109981959089,558904,80,2782,13365,100
2793109987077030,558904,80,2782,13365,100
2793109992194964,558904,80,2782,13365,100
2793109997312779,558904,80,2782,13365,100
2793110002431978,558904,80,2782,13365,100
2793110007550343,558904,80,2782,13365,100
2793110012668027,558904,80,2782,13365,100
2793110017785976,558904,80,2782,13365,100
2793110022903842,558904,80,2782,13365,100
2793110028022249,558904,80,2782,13365,100
2793110033139941,558904,80,2782,13365,100
2793110038257774,558904,80,2782,13365,100
2793110043375087,558904,80,2782,13365,100
2793110048493239,558904,80,2782,13365,100
2793110053633603,558904,80,2782,13365,100
2793110058751031,558904,80,2782,13365,100
2793110063868703,558904,80,2782,13365,100
2793110068992469,558904,80,2782,13365,100
2793110074147387,558904,80,2782,13365,100
2793110079265692,558904,80,2782,13365,100
2793110084384036,558904,80,2782,13365,100
2793110089502124,558904,80,2782,13365,100
2793110094619893,558904,80,2782,13365,100
2793110099737887,558904,80,2782,13365,100
2793110104874441,558904,80,2782,13365,100
2793110109992698,558904,80,2782,13365,100
2793110115138294,558904,80,2782,13365,100
2793110120234499,558904,80,2782,13365,100
2793110125352382,558904,80,2782,13365,100
2793110130470412,558904,80,2782,13365,100
2793110135588331,558904,80,2782,13365,100
2793110140706224,558904,80,2782,13365,100
2793110145824201,558904,80,2782,13365,100
2793110150942311,558904,80,2782,13365,100
2793110156061325,558904,80,2782,13365,100
2793110161179100,558904,80,2782,13365,100
2793110166296912,558904,80,2782,13365,100
2793110171393538,558904,80,2782,13365,100
2793110176511893,558904,80,2782,13365,100
2793110181629827,558904,80,2782,13365,100
2793110186747896,558904,80,2782,13365,100
2793110191866159,558904,80,2782,13365,100
2793110196984168,558904,80,2782,13365,100
2793110202123929,558904,80,2782,13365,100
2793110207243361,558904,80,2782,13365,100
2793110212361373,558904,80,2782,13365,100
2793110217479457,558904,80,2782,13365,100
2793110222597785,558904,80,2782,13365,100
2793110227715431,558904,80,2782,13365,100
2793110232833281,558904,80,2782,13365,100
2793110237951371,558904,80,2782,13365,100
2793110243069359,558904,80,2782,13365,100
2793110248187127,558904,80,2782,13365,100
2793110253304938,558904,80,2782,13365,100
2793110258423937,558904,80,2782,13365,100
2793110263540595,558904,80,2782,13365,100
2793110268658653,558904,80,2782,13365,100
2793110273776581,558904,80,2782,13365,100
2793110278894514,558904,80,2782,13365,100
2793110284033682,558904,80,2782,13365,100
2793110289151623,558904,80,2782,13365,100
2793110294269195,558904,80,2782,13365,100
2793110299387431,558904,80,2782,13365,100
2793110304506342,558904,80,2782,13365,100
2793110309626179,558904,80,2782,13365,100
2793110314743960,558904,80,2782,13365,100
2793110319862217,558904,80,2782,13365,100
2793110324980361,558904,80,2782,13365,100
2793110330115910,558904,80,2782,13365,100
2793110335234169,558904,80,2782,13365,100
2793110340352372,558904,80,2782,13365,100
2793110345471099,558904,80,2782,13365,100
2793110350590301,558904,80,2782,13365,100
2793110355708095,558904,80,2782,13365,100
2793110360828439,558904,80,2782,13365,100
2793110365946496,558904,80,2782,13365,100
2793110371064488,558904,80,2782,13365,100
2793110376182256,558904,80,2782,13365,100
2793110381300353,558904,80,2782,13365,100
2793110386418476,558967,80,2782,13365,100
2793110391535538,558967,80,2782,13365,100
2793110396655210,558967,80,2782,13365,100
2793110401773987,558967,80,2782,13365,100
2793110406892611,558967,80,2782,13365,100
2793110412033747,558967,80,2782,13365,100
2793110417151407,558967,80,2782,13365,100
2793110422269571,558967,80,2782,13365,100
2793110427387400,558967,80,2782,13365,100
2793110432505725,558967,80,2782,13365,100
2793110437623645,558967,80,2782,13365,100
2793110442741818,558967,80,2782,13365,100
2793110447860317,558967,80,2782,13365,100
2793110452978306,558967,80,2782,13365,100
2793110458096547,558967,80,2782,13365,100
2793110463216075,558967,80,2782,13365,100
2793110468334089,558967,80,2782,13365,100
2793110473451966,558967,80,2782,13365,100
2793110478569770,558967,80,2782,13365,100
2793110483687844,558967,80,2782,13365,100
2793110488805968,558967,80,2782,13365,100
2793110493924076,558967,80,2782,13365,100
2793110499042173,558967,80,2782,13365,100
2793110504160319,558967,80,2782,13365,100
2793110509278330,558967,80,2782,13365,100
2793110514397919,558967,80,2782,13365,100
2793110519516218,558967,80,2782,13365,100
2793110524634026,558967,80,2782,13365,100
2793110529752168,558967,80,2782,13365,100
2793110534870036,558967,80,2782,13365,100
2793110539988120,558967,80,2782,13365,100
2793110545128500,558967,80,2782,13365,100
2793110550246029,558967,80,2782,13365,100
2793110555363897,558967,80,2782,13365,100
2793110560481962,558967,80,2782,13365,100
2793110565601698,558967,80,2782,13365,100
2793110570719590,558967,80,2782,13365,100
2793110575837713,558967,80,2782,13365,100
2793110580955697,558967,80,2782,13365,100
2793110586078236,558967,80,2782,13365,100
2793110591196219,558967,80,2782,13365,100
2793110596314497,558967,80,2782,13365,100
2793110601432593,558967,80,2782,13365,100
2793110606558177,558967,80,2782,13365,100
2793110611676557,558967,80,2782,13365,100
2793110616796693,558967,80,2782,13365,100
2793110621915052,558967,80,2782,13365,100
2793110627032671,558967,80,2782,13365,100
2793110632150843,558967,80,2782,13365,100
2793110637269035,558967,80,2782,13365,100
2793110642386708,558967,80,2782,13365,100
2793110647506756,558967,80,2782,13365,100
2793110652624958,558967,80,2782,13365,100
2793110657743333,558967,80,2782,13365,100
2793110662861307,558967,80,2782,13365,100
2793110667981105,558967,80,2782,13365,100
2793110673117663,558967,80,2782,13365,100
2793110678235773,558967,80,2782,13365,100
2793110683353886,558967,80,2782,13365,100
2793110688471951,558967,80,2782,13365,100
2793110693590219,558967,80,2782,13365,100
2793110698707852,558967,80,2782,13365,100
2793110703826028,558967,80,2782,13365,100
2793110708944004,558967,80,2782,13365,100
2793110714062029,558967,80,2782,13365,100
2793110719181575,558967,80,2782,13365,100
2793110724299689,558967,80,2782,13365,100
2793110729418053,558967,80,2782,13365,100
2793110734537102,558967,80,2782,13365,100
2793110739655432,558967,80,2782,13365,100
2793110744773606,558967,80,2782,13365,100
2793110749896575,558967,80,2782,13365,100
2793110755034755,558967,80,2782,13365,100
2793110760169891,558967,80,2782,13365,100
2793110765287743,558967,80,2782,13365,100
2793110770407128,558967,80,2782,13365,100
2793110775525456,558967,80,2782,13365,100
2793110780643657,558967,80,2782,13365,100
2793110785761611,558967,80,2782,13365,100
2793110790879429,558967,80,2782,13365,100
2793110795997290,558967,80,2782,13365,100
2793110801132706,558967,80,2782,13365,100
2793110806250829,558967,80,2782,13365,100
2793110811368746,558967,80,2782,13365,100
2793110816487076,558967,80,2782,13365,100
2793110821606511,558967,80,2782,13365,100
2793110826724388,558967,80,2782,13365,100
2793110831842718,558967,80,2782,13365,100
2793110836960929,558967,80,2782,13365,100
2793110842078679,558967,80,2782,13365,100
2793110847196689,558967,80,2782,13365,100
2793110852315206,558967,80,2782,13365,100
2793110857433182,558967,80,2782,13365,100
2793110862550975,558967,80,2782,13365,100
2793110867669127,558967,80,2782,13365,100
2793110872788315,558967,80,2782,13365,100
2793110877906784,558967,80,2782,13365,100
2793110883024808,558967,80,2782,13365,100
2793110888142592,559203,80,2782,13365,100
2793110893260861,559203,80,2782,13365,100
2793110898379097,559203,80,2782,13365,100
2793110903497234,559203,80,2782,13365,100
2793110908615104,559203,80,2782,13365,100
2793110913734142,559203,80,2782,13365,100
2793110918852494,559203,80,2782,13365,100
2793110923971682,559203,80,2782,13365,100
2793110929089713,559203,80,2782,13365,100
2793110934207387,559203,80,2782,13365,100
2793110939325240,559203,80,2782,13365,100
2793110944443336,559203,80,2782,13365,100
2793110949560713,559203,80,2782,13365,100
2793110954678655,559203,80,2782,13365,100
2793110959796714,559203,80,2782,13365,100
2793110964914722,559203,80,2782,13365,100
2793110970032707,559203,80,2782,13365,100
2793110975152451,559203,80,2782,13365,100
2793110980270303,559203,80,2782,13365,100
2793110985388616,559203,80,2782,13365,100
2793110990506934,559203,80,2782,13365,100
2793110995624940,559203,80,2782,13365,100
2793111000743129,559203,80,2782,13365,100
2793111005861277,559203,80,2782,13365,100
2793111010979631,559203,80,2782,13365,100
2793111016097366,559203,80,2782,13365,100
2793111021215298,559203,80,2782,13365,100
2793111026334562,559203,80,2782,13365,100
2793111031452867,559203,80,2782,13365,100
2793111036570899,559203,80,2782,13365,100
2793111041688699,559203,80,2782,13365,100
2793111046806954,559203,80,2782,13365,100
2793111051924680,559203,80,2782,13365,100
2793111057042868,559203,80,2782,13365,100
2793111062160977,559203,80,2782,13365,100
2793111067278893,559203,80,2782,13365,100
2793111072396874,559203,80,2782,13365,100
2793111077514882,559203,80,2782,13365,100
2793111082632930,559203,80,2782,13365,100
2793111087751217,559203,80,2782,13365,100
2793111092869055,559203,80,2782,13365,100
2793111097987078,559203,80,2782,13365,100
2793111103128588,559203,80,2782,13365,100
2793111108252636,559203,80,2782,13365,100
2793111113370540,559203,80,2782,13365,100
2793111118488469,559203,80,2782,13365,100
2793111123605761,559203,80,2782,13365,100
2793111128724637,559203,80,2782,13365,100
2793111133842642,559203,80,2782,13365,100
2793111138960727,559203,80,2782,13365,100
2793111144078826,559203,80,2782,13365,100
2793111149197051,559203,80,2782,13365,100
2793111154314984,559203,80,2782,13365,100
2793111159442539,559203,80,2782,13365,100
2793111164560754,559203,80,2782,13365,100
2793111169679248,559203,80,2782,13365,100
2793111174797411,559203,80,2782,13365,100
2793111179917001,559203,80,2782,13365,100
2793111185035241,559203,80,2782,13365,100
2793111190152898,559203,80,2782,13365,100
2793111195270866,559203,80,2782,13365,100
2793111200389325,559203,80,2782,13365,100
2793111205507651,559203,80,2782,13365,100
2793111210624399,559203,80,2782,13365,100
2793111215742327,559203,80,2782,13365,100
2793111220860464,559203,80,2782,13365,100
2793111225978636,559203,80,2782,13365,100
2793111231098117,559203,80,2782,13365,100
2793111236216005,559203,80,2782,13365,100
2793111241334449,559203,80,2782,13365,100
2793111246452662,559203,80,2782,13365,100
2793111251571003,559203,80,2782,13365,100
2793111256689102,559203,80,2782,13365,100
2793111261807311,559203,80,2782,13365,100
2793111266931360,559203,80,2782,13365,100
2793111272050175,559203,80,2782,13365,100
2793111277168264,559203,80,2782,13365,100
2793111282287622,559203,80,2782,13365,100
2793111287405617,559203,80,2782,13365,100
2793111292523561,559203,80,2782,13365,100
2793111297641822,559203,80,2782,13365,100
2793111302759785,559203,80,2782,13365,100
2793111307877936,559203,80,2782,13365,100
2793111312996435,559203,80,2782,13365,100
2793111318136339,559203,80,2782,13365,100
2793111323254503,559203,80,2782,13365,100
2793111328372868,559203,80,2782,13365,100
2793111333492256,559203,80,2782,13365,100
2793111338610324,559203,80,2782,13365,100
2793111343729025,559203,80,2782,13365,100
2793111348847905,559203,80,2782,13365,100
2793111353965985,559203,80,2782,13365,100
2793111359083973,559203,80,2782,13365,100
2793111364201818,559203,80,2782,13365,100
2793111369320089,559203,80,2782,13365,100
2793111374438563,559203,80,2782,13365,100
2793111379556439,559203,80,2782,13365,100
2793111384675864,559203,80,2782,13365,100
2793111389793752,559606,80,2782,13365,100
2793111394911931,559606,80,2782,13365,100
2793111400030329,559606,80,2782,13365,100
2793111405149047,559606,80,2782,13365,100
2793111410267233,559606,80,2782,13365,100
2793111415402534,559606,80,2782,13365,100
2793111420520630,559606,80,2782,13365,100
2793111425638506,559606,80,2782,13365,100
2793111430756939,559606,80,2782,13365,100
2793111435877340,559606,80,2782,13365,100
2793111440996223,559606,80,2782,13365,100
2793111446138194,559606,80,2782,13365,100
2793111451256264,559606,80,2782,13365,100
2793111456374283,559606,80,2782,13365,100
2793111461492220,559606,80,2782,13365,100
2793111466609991,559606,80,2782,13365,100
2793111471728601,559606,80,2782,13365,100
2793111476846586,559606,80,2782,13365,100
2793111481964614,559606,80,2782,13365,100
2793111487083883,559606,80,2782,13365,100
2793111492202123,559606,80,2782,13365,100
2793111497320128,559606,80,2782,13365,100
2793111502437815,559606,80,2782,13365,100
2793111507556492,559606,80,2782,13365,100
2793111512675051,559606,80,2782,13365,100
2793111517793048,559606,80,2782,13365,100
2793111522910989,559606,80,2782,13365,100
2793111528029044,559606,80,2782,13365,100
2793111533147146,559606,80,2782,13365,100
2793111538266412,559606,80,2782,13365,100
2793111543384570,559606,80,2782,13365,100
2793111548502695,559606,80,2782,13365,100
2793111553621039,559606,80,2782,13365,100
2793111558739070,559606,80,2782,13365,100
2793111563857208,559606,80,2782,13365,100
2793111568975124,559606,80,2782,13365,100
2793111574093389,559606,80,2782,13365,100
2793111579211369,559606,80,2782,13365,100
2793111584329426,559606,80,2782,13365,100
2793111589448938,559606,80,2782,13365,100
2793111594566922,559606,80,2782,13365,100
2793111599685019,559606,80,2782,13365,100
2793111604803247,559606,80,2782,13365,100
2793111609921767,559606,80,2782,13365,100
2793111615039707,559606,80,2782,13365,100
2793111620157600,559606,80,2782,13365,100
2793111625275529,559606,80,2782,13365,100
2793111630393251,559606,80,2782,13365,100
2793111635512685,559606,80,2782,13365,100
2793111640632073,559606,80,2782,13365,100
2793111645750270,559606,80,2782,13365,100
2793111650868242,559606,80,2782,13365,100
2793111655986261,559606,80,2782,13365,100
2793111661127990,559606,80,2782,13365,100
2793111666245662,559606,80,2782,13365,100
2793111671364032,559606,80,2782,13365,100
2793111676481936,559606,80,2782,13365,100
2793111681599895,559606,80,2782,13365,100
2793111686717369,559606,80,2782,13365,100
2793111691849509,559606,80,2782,13365,100
2793111696968375,559606,80,2782,13365,100
2793111702086654,559606,80,2782,13365,100
2793111707204698,559606,80,2782,13365,100
2793111712335794,559606,80,2782,13365,100
2793111717453551,559606,80,2782,13365,100
2793111722570395,559606,80,2782,13365,100
2793111727687521,559606,80,2782,13365,100
2793111732804878,559606,80,2782,13365,100
2793111737921890,559606,80,2782,13365,100
2793111743040673,559606,80,2782,13365,100
2793111748158011,559606,80,2782,13365,100
2793111753275174,559606,80,2782,13365,100
2793111758392349,559606,80,2782,13365,100
2793111763509562,559606,80,2782,13365,100
2793111768627289,559606,80,2782,13365,100
2793111773745119,559606,80,2782,13365,100
2793111778862798,559606,80,2782,13365,100
2793111783985864,559606,80,2782,13365,100
2793111789124292,559606,80,2782,13365,100
2793111794244252,559606,80,2782,13365,100
2793111799362208,559606,80,2782,13365,100
2793111804480021,559606,80,2782,13365,100
2793111809598069,559606,80,2782,13365,100
2793111814715787,559606,80,2782,13365,100
2793111819834302,559606,80,2782,13365,100
2793111824951857,559606,80,2782,13365,100
2793111830069954,559606,80,2782,13365,100
2793111835187860,559606,80,2782,13365,100
2793111840306070,559606,80,2782,13365,100
2793111845425712,559606,80,2782,13365,100
2793111850544324,559606,80,2782,13365,100
2793111855662261,559606,80,2782,13365,100
2793111860780325,559606,80,2782,13365,100
2793111865898845,559606,80,2782,13365,100
2793111871031185,559606,80,2782,13365,100
2793111876149288,559606,80,2782,13365,100
2793111881267578,559606,80,2782,13365,100
2793111886385438,559824,80,2782,13365,100
2793111891503091,559824,80,2782,13365,100
2793111896622827,559824,80,2782,13365,100
2793111901741016,559824,80,2782,13365,100
2793111906860384,559824,80,2782,13365,100
2793111911978669,559824,80,2782,13365,100
2793111917097097,559824,80,2782,13365,100
2793111922215399,559824,80,2782,13365,100
2793111927333691,559824,80,2782,13365,100
2793111932451862,559824,80,2782,13365,100
2793111937570038,559824,80,2782,13365,100
2793111942687903,559824,80,2782,13365,100
2793111947816891,559824,80,2782,13365,100
2793111952935066,559824,80,2782,13365,100
2793111958052932,559824,80,2782,13365,100
2793111963171054,559824,80,2782,13365,100
2793111968289613,559824,80,2782,13365,100
2793111973408161,559824,80,2782,13365,100
2793111978527006,559824,80,2782,13365,100
2793111983645077,559824,80,2782,13365,100
2793111988763070,559824,80,2782,13365,100
2793111993880581,559824,80,2782,13365,100
2793111999020570,559824,80,2782,13365,100
2793112004138797,559824,80,2782,13365,100
2793112009256903,559824,80,2782,13365,100
2793112014375547,559824,80,2782,13365,100
2793112019494010,559824,80,2782,13365,100
2793112024612076,559824,80,2782,13365,100
2793112029730149,559824,80,2782,13365,100
2793112034847737,559824,80,2782,13365,100
2793112039965314,559824,80,2782,13365,100
2793112045081734,559824,80,2782,13365,100
2793112050199518,559824,80,2782,13365,100
2793112055315659,559824,80,2782,13365,100
2793112060432327,559824,80,2782,13365,100
2793112065549955,559824,80,2782,13365,100
2793112070684975,559824,80,2782,13365,100
2793112075802496,559824,80,2782,13365,100
2793112080920656,559824,80,2782,13365,100
2793112086039588,559824,80,2782,13365,100
2793112091157645,559824,80,2782,13365,100
2793112096275590,559824,80,2782,13365,100
2793112101395654,559824,80,2782,13365,100
2793112106513658,559824,80,2782,13365,100
2793112111631681,559824,80,2782,13365,100
2793112116750067,559824,80,2782,13365,100
2793112121868083,559824,80,2782,13365,100
2793112126985680,559824,80,2782,13365,100
2793112132128280,559824,80,2782,13365,100
2793112137253142,559824,80,2782,13365,100
2793112142370996,559824,80,2782,13365,100
2793112147489221,559824,80,2782,13365,100
2793112152608705,559824,80,2782,13365,100
2793112157726578,559824,80,2782,13365,100
2793112162845258,559824,80,2782,13365,100
2793112167963238,559824,80,2782,13365,100
2793112173081301,559824,80,2782,13365,100
2793112178198999,559824,80,2782,13365,100
2793112183316949,559824,80,2782,13365,100
2793112188434948,559824,80,2782,13365,100
2793112193553728,559824,80,2782,13365,100
2793112198671984,559824,80,2782,13365,100
2793112203791389,559824,80,2782,13365,100
2793112208909937,559824,80,2782,13365,100
2793112214027902,559824,80,2782,13365,100
2793112219145742,559824,80,2782,13365,100
2793112224263851,559824,80,2782,13365,100
2793112229382530,559824,80,2782,13365,100
2793112234500447,559824,80,2782,13365,100
2793112239618783,559824,80,2782,13365,100
2793112244736647,559824,80,2782,13365,100
2793112249854713,559824,80,2782,13365,100
2793112254974328,559824,80,2782,13365,100
2793112260092693,559824,80,2782,13365,100
2793112265210726,559824,80,2782,13365,100
2793112270329056,559824,80,2782,13365,100
2793112275447157,559824,80,2782,13365,100
2793112280565314,559824,80,2782,13365,100
2793112285683579,559824,80,2782,13365,100
2793112290801751,559824,80,2782,13365,100
2793112295920020,559824,80,2782,13365,100
2793112301037948,559824,80,2782,13365,100
2793112306157560,559824,80,2782,13365,100
2793112311275544,559824,80,2782,13365,100
2793112316393653,559824,80,2782,13365,100
2793112321511827,559824,80,2782,13365,100
2793112326630053,559824,80,2782,13365,100
2793112331748562,559824,80,2782,13365,100
2793112336866478,559824,80,2782,13365,100
2793112341985247,559824,80,2782,13365,100
2793112347126279,559824,80,2782,13365,100
2793112352244506,559824,80,2782,13365,100
2793112357364352,559824,80,2782,13365,100
2793112362482356,559824,80,2782,13365,100
2793112367600339,559824,80,2782,13365,100
2793112372718501,559824,80,2782,13365,100
2793112377836789,559824,80,2782,13365,100
2793112382953872,559824,80,2782,13365,100
2793112388071530,559970,80,2782,13365,100
2793112393189462,559970,80,2782,13365,100
2793112398308405,559970,80,2782,13365,100
2793112403426687,559970,80,2782,13365,100
2793112408546092,559970,80,2782,13365,100
2793112413664744,559970,80,2782,13365,100
2793112418783316,559970,80,2782,13365,100
2793112423901387,559970,80,2782,13365,100
2793112429038053,559970,80,2782,13365,100
2793112434156769,559970,80,2782,13365,100
2793112439275085,559970,80,2782,13365,100
2793112444393657,559970,80,2782,13365,100
2793112449511686,559970,80,2782,13365,100
2793112454629282,559970,80,2782,13365,100
2793112459748615,559970,80,2782,13365,100
2793112464866789,559970,80,2782,13365,100
2793112469985019,559970,80,2782,13365,100
2793112475121024,559970,80,2782,13365,100
2793112480238808,559970,80,2782,13365,100
2793112485356901,559970,80,2782,13365,100
2793112490475033,559970,80,2782,13365,100
2793112495592797,559970,80,2782,13365,100
2793112500719312,559970,80,2782,13365,100
2793112505838222,559970,80,2782,13365,100
2793112510971028,559970,80,2782,13365,100
2793112516089471,559970,80,2782,13365,100
2793112521208415,559970,80,2782,13365,100
2793112526326592,559970,80,2782,13365,100
2793112531444416,559970,80,2782,13365,100
2793112536562872,559970,80,2782,13365,100
2793112541680427,559970,80,2782,13365,100
2793112546809331,559970,80,2782,13365,100
2793112551927349,559970,80,2782,13365,100
2793112557045227,559970,80,2782,13365,100
2793112562164366,559970,80,2782,13365,100
2793112567282556,559970,80,2782,13365,100
2793112572401411,559970,80,2782,13365,100
2793112577519571,559970,80,2782,13365,100
2793112582637667,559970,80,2782,13365,100
2793112587755716,559970,80,2782,13365,100
2793112592873790,559970,80,2782,13365,100
2793112597991728,559970,80,2782,13365,100
2793112603131721,559970,80,2782,13365,100
2793112608250077,559970,80,2782,13365,100
2793112613369213,559970,80,2782,13365,100
2793112618487182,559970,80,2782,13365,100
2793112623604934,559970,80,2782,13365,100
2793112628722979,559970,80,2782,13365,100
2793112633841398,559970,80,2782,13365,100
2793112638959095,559970,80,2782,13365,100
2793112644077296,559970,80,2782,13365,100
2793112649195524,559970,80,2782,13365,100
2793112654313568,559970,80,2782,13365,100
2793112659431420,559970,80,2782,13365,100
2793112664550161,559970,80,2782,13365,100
2793112669668709,559970,80,2782,13365,100
2793112674786990,559970,80,2782,13365,100
2793112679904918,559970,80,2782,13365,100
2793112685023062,559970,80,2782,13365,100
2793112690141343,559970,80,2782,13365,100
2793112695259618,559970,80,2782,13365,100
2793112700377456,559970,80,2782,13365,100
2793112705495312,559970,80,2782,13365,100
2793112710613356,559970,80,2782,13365,100
2793112715733329,559970,80,2782,13365,100
2793112720851247,559970,80,2782,13365,100
2793112725986186,559970,80,2782,13365,100
2793112731128122,559970,80,2782,13365,100
2793112736246631,559970,80,2782,13365,100
2793112741364442,559970,80,2782,13365,100
2793112746482927,559970,80,2782,13365,100
2793112751600785,559970,80,2782,13365,100
2793112756718959,559970,80,2782,13365,100
2793112761837528,559970,80,2782,13365,100
2793112766957608,559970,80,2782,13365,100
2793112772076141,559970,80,2782,13365,100
2793112777194045,559970,80,2782,13365,100
2793112782312617,559970,80,2782,13365,100
2793112787430703,559970,80,2782,13365,100
2793112792549558,559970,80,2782,13365,100
2793112797667410,559970,80,2782,13365,100
2793112802785689,559970,80,2782,13365,100
2793112807903967,559970,80,2782,13365,100
2793112813022152,559970,80,2782,13365,100
2793112818141576,559970,80,2782,13365,100
2793112823260380,559970,80,2782,13365,100
2793112828378565,559970,80,2782,13365,100
2793112833496885,559970,80,2782,13365,100
2793112838614867,559970,80,2782,13365,100
2793112843732537,559970,80,2782,13365,100
2793112848850687,559970,80,2782,13365,100
2793112853969182,559970,80,2782,13365,100
2793112859086815,559970,80,2782,13365,100
2793112864205103,559970,80,2782,13365,100
2793112869324684,559970,80,2782,13365,100
2793112874442920,559970,80,2782,13365,100
2793112879560644,559970,80,2782,13365,100
2793112884679179,559970,80,2782,13365,100
2793112889797003,559905,80,2782,13365,100
2793112894914717,559905,80,2782,13365,100
2793112900033110,559905,80,2782,13365,100
2793112905151374,559905,80,2782,13365,100
2793112910269099,559905,80,2782,13365,100
2793112915387131,559905,80,2782,13365,100
2793112920507439,559905,80,2782,13365,100
2793112925635541,559905,80,2782,13365,100
2793112930753652,559905,80,2782,13365,100
2793112935871656,559905,80,2782,13365,100
2793112940989420,559905,80,2782,13365,100
2793112946128145,559905,80,2782,13365,100
2793112951245830,559905,80,2782,13365,100
2793112956364207,559905,80,2782,13365,100
2793112961481972,559905,80,2782,13365,100
2793112966600042,559905,80,2782,13365,100
2793112971719639,559905,80,2782,13365,100
2793112976837699,559905,80,2782,13365,100
2793112981955647,559905,80,2782,13365,100
2793112987073152,559905,80,2782,13365,100
2793112992191478,559905,80,2782,13365,100
2793112997309304,559905,80,2782,13365,100
2793113002427185,559905,80,2782,13365,100
2793113007545898,559905,80,2782,13365,100
2793113012664097,559905,80,2782,13365,100
2793113017782274,559905,80,2782,13365,100
2793113022901657,559905,80,2782,13365,100
2793113028022490,559905,80,2782,13365,100
2793113033140485,559905,80,2782,13365,100
2793113038258684,559905,80,2782,13365,100
2793113043376707,559905,80,2782,13365,100
2793113048494718,559905,80,2782,13365,100
2793113053612608,559905,80,2782,13365,100
2793113058730473,559905,80,2782,13365,100
2793113063848401,559905,80,2782,13365,100
2793113068966345,559905,80,2782,13365,100
2793113074085738,559905,80,2782,13365,100
2793113079203605,559905,80,2782,13365,100
2793113084321742,559905,80,2782,13365,100
2793113089439655,559905,80,2782,13365,100
2793113094558218,559905,80,2782,13365,100
2793113099676096,559905,80,2782,13365,100
2793113104793886,559905,80,2782,13365,100
2793113109911940,559905,80,2782,13365,100
2793113115030248,559905,80,2782,13365,100
2793113120148427,559905,80,2782,13365,100
2793113125268444,559905,80,2782,13365,100
2793113130386854,559905,80,2782,13365,100
2793113135504913,559905,80,2782,13365,100
2793113140622897,559905,80,2782,13365,100
2793113145741039,559905,80,2782,13365,100
2793113150859028,559905,80,2782,13365,100
2793113155978070,559905,80,2782,13365,100
2793113161096234,559905,80,2782,13365,100
2793113166214153,559905,80,2782,13365,100
2793113171332117,559905,80,2782,13365,100
2793113176451528,559905,80,2782,13365,100
2793113181569626,559905,80,2782,13365,100
2793113186687506,559905,80,2782,13365,100
2793113191805610,559905,80,2782,13365,100
2793113196923558,559905,80,2782,13365,100
2793113202042159,559905,80,2782,13365,100
2793113207160459,559905,80,2782,13365,100
2793113212278928,559905,80,2782,13365,100
2793113217397022,559905,80,2782,13365,100
2793113222515073,559905,80,2782,13365,100
2793113227634671,559905,80,2782,13365,100
2793113232752989,559905,80,2782,13365,100
2793113237871174,559905,80,2782,13365,100
2793113242989538,559905,80,2782,13365,100
2793113248129934,559905,80,2782,13365,100
2793113253248366,559905,80,2782,13365,100
2793113258366363,559905,80,2782,13365,100
2793113263484367,559905,80,2782,13365,100
2793113268602219,559905,80,2782,13365,100
2793113273720472,559905,80,2782,13365,100
2793113278840409,559905,80,2782,13365,100
2793113283958221,559905,80,2782,13365,100
2793113289076731,559905,80,2782,13365,100
2793113294194801,559905,80,2782,13365,100
2793113299312950,559905,80,2782,13365,100
2793113304430946,559905,80,2782,13365,100
2793113309547843,559905,80,2782,13365,100
2793113314665739,559905,80,2782,13365,100
2793113319784530,559905,80,2782,13365,100
2793113324902576,559905,80,2782,13365,100
2793113330021958,559905,80,2782,13365,100
2793113335140145,559905,80,2782,13365,100
2793113340257855,559905,80,2782,13365,100
2793113345380779,559905,80,2782,13365,100
2793113350498665,559905,80,2782,13365,100
2793113355616650,559905,80,2782,13365,100
2793113360734423,559905,80,2782,13365,100
2793113365852575,559905,80,2782,13365,100
2793113370970543,559905,80,2782,13365,100
2793113376087918,559905,80,2782,13365,100
2793113381225240,559905,80,2782,13365,100
2793113386342886,559767,80,2782,13365,100
2793113391460893,559767,80,2782,13365,100
2793113396578901,559767,80,2782,13365,100
2793113401697757,559767,80,2782,13365,100
2793113406816046,559767,80,2782,13365,100
2793113411934414,559767,80,2782,13365,100
2793113417052382,559767,80,2782,13365,100
2793113422170430,559767,80,2782,13365,100
2793113427288355,559767,80,2782,13365,100
2793113432407613,559767,80,2782,13365,100
2793113437525608,559767,80,2782,13365,100
2793113442644260,559767,80,2782,13365,100
2793113447762401,559767,80,2782,13365,100
2793113452880271,559767,80,2782,13365,100
2793113457998097,559767,80,2782,13365,100
2793113463137977,559767,80,2782,13365,100
2793113468256009,559767,80,2782,13365,100
2793113473373954,559767,80,2782,13365,100
2793113478491907,559767,80,2782,13365,100
2793113483611187,559767,80,2782,13365,100
2793113488729268,559767,80,2782,13365,100
2793113493848076,559767,80,2782,13365,100
2793113498966070,559767,80,2782,13365,100
2793113504083808,559767,80,2782,13365,100
2793113509201764,559767,80,2782,13365,100
2793113514319657,559767,80,2782,13365,100
2793113519438433,559767,80,2782,13365,100
2793113524555674,559767,80,2782,13365,100
2793113529673506,559767,80,2782,13365,100
2793113534793187,559767,80,2782,13365,100
2793113539911067,559767,80,2782,13365,100
2793113545028741,559767,80,2782,13365,100
2793113550146886,559767,80,2782,13365,100
2793113555264845,559767,80,2782,13365,100
2793113560383508,559767,80,2782,13365,100
2793113565501473,559767,80,2782,13365,100
2793113570619163,559767,80,2782,13365,100
2793113575737490,559767,80,2782,13365,100
2793113580855342,559767,80,2782,13365,100
2793113585974636,559767,80,2782,13365,100
2793113591092850,559767,80,2782,13365,100
2793113596210975,559767,80,2782,13365,100
2793113601329144,559767,80,2782,13365,100
2793113606447063,559767,80,2782,13365,100
2793113611565148,559767,80,2782,13365,100
2793113616683052,559767,80,2782,13365,100
2793113621801215,559767,80,2782,13365,100
2793113626919541,559767,80,2782,13365,100
2793113632037489,559767,80,2782,13365,100
2793113637156638,559767,80,2782,13365,100
2793113642275419,559767,80,2782,13365,100
2793113647393298,559767,80,2782,13365,100
2793113652511263,559767,80,2782,13365,100
2793113657629232,559767,80,2782,13365,100
2793113662747444,559767,80,2782,13365,100
2793113667866221,559767,80,2782,13365,100
2793113672983898,559767,80,2782,13365,100
2793113678125884,559767,80,2782,13365,100
2793113683243659,559767,80,2782,13365,100
2793113688362949,559767,80,2782,13365,100
2793113693480858,559767,80,2782,13365,100
2793113698598938,559767,80,2782,13365,100
2793113703716751,559767,80,2782,13365,100
2793113708834594,559767,80,2782,13365,100
2793113713952640,559767,80,2782,13365,100
2793113719070404,559767,80,2782,13365,100
2793113724188356,559767,80,2782,13365,100
2793113729306972,559767,80,2782,13365,100
2793113734424783,559767,80,2782,13365,100
2793113739544387,559767,80,2782,13365,100
2793113744662410,559767,80,2782,13365,100
2793113749780398,559767,80,2782,13365,100
2793113754915955,559767,80,2782,13365,100
2793113760034543,559767,80,2782,13365,100
2793113765153402,559767,80,2782,13365,100
2793113770271428,559767,80,2782,13365,100
2793113775389307,559767,80,2782,13365,100
2793113780507416,559767,80,2782,13365,100
2793113785624905,559767,80,2782,13365,100
2793113790745251,559767,80,2782,13365,100
2793113795862729,559767,80,2782,13365,100
2793113800980873,559767,80,2782,13365,100
2793113806120344,559767,80,2782,13365,100
2793113811238348,559767,80,2782,13365,100
2793113816356306,559767,80,2782,13365,100
2793113821474286,559767,80,2782,13365,100
2793113826595819,559767,80,2782,13365,100
2793113831713953,559767,80,2782,13365,100
2793113836831716,559767,80,2782,13365,100
2793113841950904,559767,80,2782,13365,100
2793113847069103,559767,80,2782,13365,100
2793113852187023,559767,80,2782,13365,100
2793113857304813,559767,80,2782,13365,100
2793113862422485,559767,80,2782,13365,100
2793113867539126,559767,80,2782,13365,100
2793113872656801,559767,80,2782,13365,100
2793113877775311,559767,80,2782,13365,100
2793113882893639,559767,80,2782,13365,100
2793113888033015,559912,80,2782,13365,100
2793113893152138,559912,80,2782,13365,100
2793113898269956,559912,80,2782,13365,100
2793113903388140,559912,80,2782,13365,100
2793113908506469,559912,80,2782,13365,100
2793113913624617,559912,80,2782,13365,100
2793113918742685,559912,80,2782,13365,100
2793113923861330,559912,80,2782,13365,100
2793113928979358,559912,80,2782,13365,100
2793113934097627,559912,80,2782,13365,100
2793113939215763,559912,80,2782,13365,100
2793113944335403,559912,80,2782,13365,100
2793113949453435,559912,80,2782,13365,100
2793113954571570,559912,80,2782,13365,100
2793113959689717,559912,80,2782,13365,100
2793113964808421,559912,80,2782,13365,100
2793113969926438,559912,80,2782,13365,100
2793113975044470,559912,80,2782,13365,100
2793113980162532,559912,80,2782,13365,100
2793113985280511,559912,80,2782,13365,100
2793113990398227,559912,80,2782,13365,100
2793113995517275,559912,80,2782,13365,100
2793114000635133,559912,80,2782,13365,100
2793114005753274,559912,80,2782,13365,100
2793114010871564,559912,80,2782,13365,100
2793114015989572,559912,80,2782,13365,100
2793114021130681,559912,80,2782,13365,100
2793114026248885,559912,80,2782,13365,100
2793114031366643,559912,80,2782,13365,100
2793114036501834,559912,80,2782,13365,100
2793114041619644,559912,80,2782,13365,100
2793114046739158,559912,80,2782,13365,100
2793114051857411,559912,80,2782,13365,100
2793114056975388,559912,80,2782,13365,100
2793114062093151,559912,80,2782,13365,100
2793114067211126,559912,80,2782,13365,100
2793114072328678,559912,80,2782,13365,100
2793114077446248,559912,80,2782,13365,100
2793114082563085,559912,80,2782,13365,100
2793114087681353,559912,80,2782,13365,100
2793114092798906,559912,80,2782,13365,100
2793114097934482,559912,80,2782,13365,100
2793114103052382,559912,80,2782,13365,100
2793114108173181,559912,80,2782,13365,100
2793114113291419,559912,80,2782,13365,100
2793114118410197,559912,80,2782,13365,100
2793114123528268,559912,80,2782,13365,100
2793114128646444,559912,80,2782,13365,100
2793114133764385,559912,80,2782,13365,100
2793114138882273,559912,80,2782,13365,100
2793114144019711,559912,80,2782,13365,100
2793114149139369,559912,80,2782,13365,100
2793114154257602,559912,80,2782,13365,100
2793114159375518,559912,80,2782,13365,100
2793114164493567,559912,80,2782,13365,100
2793114169611059,559912,80,2782,13365,100
2793114174729092,559912,80,2782,13365,100
2793114179846520,559912,80,2782,13365,100
2793114184964204,559912,80,2782,13365,100
2793114190082353,559912,80,2782,13365,100
2793114195200261,559912,80,2782,13365,100
2793114200333601,559912,80,2782,13365,100
2793114205451702,559912,80,2782,13365,100
2793114210581714,559912,80,2782,13365,100
2793114215700070,559912,80,2782,13365,100
2793114220817759,559912,80,2782,13365,100
2793114225935619,559912,80,2782,13365,100
2793114231053604,559912,80,2782,13365,100
2793114236171919,559912,80,2782,13365,100
2793114241289696,559912,80,2782,13365,100
2793114246407848,559912,80,2782,13365,100
2793114251527269,559912,80,2782,13365,100
2793114256645033,559912,80,2782,13365,100
2793114261762650,559912,80,2782,13365,100
2793114266880684,559912,80,2782,13365,100
2793114271998910,559912,80,2782,13365,100
2793114277138145,559912,80,2782,13365,100
2793114282256602,559912,80,2782,13365,100
2793114287374763,559912,80,2782,13365,100
2793114292492578,559912,80,2782,13365,100
2793114297610404,559912,80,2782,13365,100
2793114302729926,559912,80,2782,13365,100
2793114307848129,559912,80,2782,13365,100
2793114312966649,559912,80,2782,13365,100
2793114318084894,559912,80,2782,13365,100
2793114323203177,559912,80,2782,13365,100
2793114328362410,559912,80,2782,13365,100
2793114333480427,559912,80,2782,13365,100
2793114338598511,559912,80,2782,13365,100
2793114343716607,559912,80,2782,13365,100
2793114348834395,559912,80,2782,13365,100
2793114353963435,559912,80,2782,13365,100
2793114359081572,559912,80,2782,13365,100
2793114364199566,559912,80,2782,13365,100
2793114369317685,559912,80,2782,13365,100
2793114374437867,559912,80,2782,13365,100
2793114379556285,559912,80,2782,13365,100
2793114384674514,559912,80,2782,13365,100
2793114389792955,559858,80,2782,13365,100
2793114394911270,559858,80,2782,13365,100
2793114400030567,559858,80,2782,13365,100
2793114405150219,559858,80,2782,13365,100
2793114410269100,559858,80,2782,13365,100
2793114415387376,559858,80,2782,13365,100
2793114420505707,559858,80,2782,13365,100
2793114425623791,559858,80,2782,13365,100
2793114430741873,559858,80,2782,13365,100
2793114435859998,559858,80,2782,13365,100
2793114440977894,559858,80,2782,13365,100
2793114446098622,559858,80,2782,13365,100
2793114451216807,559858,80,2782,13365,100
2793114456336319,559858,80,2782,13365,100
2793114461454543,559858,80,2782,13365,100
2793114466572259,559858,80,2782,13365,100
2793114471690352,559858,80,2782,13365,100
2793114476808428,559858,80,2782,13365,100
2793114481926893,559858,80,2782,13365,100
2793114487045201,559858,80,2782,13365,100
2793114492163161,559858,80,2782,13365,100
2793114497281498,559858,80,2782,13365,100
2793114502399837,559858,80,2782,13365,100
2793114507519519,559858,80,2782,13365,100
2793114512637845,559858,80,2782,13365,100
2793114517756704,559858,80,2782,13365,100
2793114522875621,559858,80,2782,13365,100
2793114527993288,559858,80,2782,13365,100
2793114533133322,559858,80,2782,13365,100
2793114538251192,559858,80,2782,13365,100
2793114543369170,559858,80,2782,13365,100
2793114548487349,559858,80,2782,13365,100
2793114553620218,559858,80,2782,13365,100
2793114558740142,559858,80,2782,13365,100
2793114563858928,559858,80,2782,13365,100
2793114568977313,559858,80,2782,13365,100
2793114574095447,559858,80,2782,13365,100
2793114579213491,559858,80,2782,13365,100
2793114584331808,559858,80,2782,13365,100
2793114589460060,559858,80,2782,13365,100
2793114594578442,559858,80,2782,13365,100
2793114599696401,559858,80,2782,13365,100
2793114604814513,559858,80,2782,13365,100
2793114609933368,559858,80,2782,13365,100
2793114615070390,559858,80,2782,13365,100
2793114620188436,559858,80,2782,13365,100
2793114625306650,559858,80,2782,13365,100
2793114630425375,559858,80,2782,13365,100
2793114635543509,559858,80,2782,13365,100
2793114640662016,559858,80,2782,13365,100
2793114645779692,559858,80,2782,13365,100
2793114650897816,559858,80,2782,13365,100
2793114656031741,559858,80,2782,13365,100
2793114661151517,559858,80,2782,13365,100
2793114666269679,559858,80,2782,13365,100
2793114671388009,559858,80,2782,13365,100
2793114676505838,559858,80,2782,13365,100
2793114681624063,559858,80,2782,13365,100
2793114686742343,559858,80,2782,13365,100
2793114691904817,559858,80,2782,13365,100
2793114697022903,559858,80,2782,13365,100
2793114702141015,559858,80,2782,13365,100
2793114707258870,559858,80,2782,13365,100
2793114712378395,559858,80,2782,13365,100
2793114717496681,559858,80,2782,13365,100
2793114722615383,559858,80,2782,13365,100
2793114727733275,559858,80,2782,13365,100
2793114732851152,559858,80,2782,13365,100
2793114737969422,559858,80,2782,13365,100
2793114743087581,559858,80,2782,13365,100
2793114748205727,559858,80,2782,13365,100
2793114753323431,559858,80,2782,13365,100
2793114758441652,559858,80,2782,13365,100
2793114763561318,559858,80,2782,13365,100
2793114768679750,559858,80,2782,13365,100
2793114773798181,559858,80,2782,13365,100
2793114778916161,559858,80,2782,13365,100
2793114784034069,559858,80,2782,13365,100
2793114789153173,559858,80,2782,13365,100
2793114794270598,559858,80,2782,13365,100
2793114799398989,559858,80,2782,13365,100
2793114804516987,559858,80,2782,13365,100
2793114809635367,559858,80,2782,13365,100
2793114814754815,559858,80,2782,13365,100
2793114819872600,559858,80,2782,13365,100
2793114824990892,559858,80,2782,13365,100
2793114830130913,559858,80,2782,13365,100
2793114835249419,559858,80,2782,13365,100
2793114840367273,559858,80,2782,13365,100
2793114845485370,559858,80,2782,13365,100
2793114850603458,559858,80,2782,13365,100
2793114855721811,559858,80,2782,13365,100
2793114860840244,559858,80,2782,13365,100
2793114865960023,559858,80,2782,13365,100
2793114871078339,559858,80,2782,13365,100
2793114876196362,559858,80,2782,13365,100
2793114881314520,559858,80,2782,13365,100
2793114886432616,559691,80,2782,13365,100
2793114893748827,559691,80,2782,13365,100
2793114898863558,559691,80,2782,13365,100
2793114903981790,559691,80,2782,13365,100
2793114909117279,559691,80,2782,13365,100
2793114914235171,559691,80,2782,13365,100
2793114919355354,559691,80,2782,13365,100
2793114924473551,559691,80,2782,13365,100
2793114929591722,559691,80,2782,13365,100
2793114934709827,559691,80,2782,13365,100
2793114939828397,559691,80,2782,13365,100
2793114944946777,559691,80,2782,13365,100
2793114950064965,559691,80,2782,13365,100
2793114955183018,559691,80,2782,13365,100
2793114960301238,559691,80,2782,13365,100
2793114965419562,559691,80,2782,13365,100
2793114970537817,559691,80,2782,13365,100
2793114975655875,559691,80,2782,13365,100
2793114980774315,559691,80,2782,13365,100
2793114985892196,559691,80,2782,13365,100
2793114991030673,559691,80,2782,13365,100
2793114996148679,559691,80,2782,13365,100
2793115001266818,559691,80,2782,13365,100
2793115006384448,559691,80,2782,13365,100
2793115011502430,559691,80,2782,13365,100
2793115016620798,559691,80,2782,13365,100
2793115021740863,559691,80,2782,13365,100
2793115026859165,559691,80,2782,13365,100
2793115031977139,559691,80,2782,13365,100
2793115037095360,559691,80,2782,13365,100
2793115042214192,559691,80,2782,13365,100
2793115047332957,559691,80,2782,13365,100
2793115052450553,559691,80,2782,13365,100
2793115057568849,559691,80,2782,13365,100
2793115062686510,559691,80,2782,13365,100
2793115067803833,559691,80,2782,13365,100
2793115072922698,559691,80,2782,13365,100
2793115078039498,559691,80,2782,13365,100
2793115083156791,559691,80,2782,13365,100
2793115088274636,559691,80,2782,13365,100
2793115093391256,559691,80,2782,13365,100
2793115098508441,559691,80,2782,13365,100
2793115103636780,559691,80,2782,13365,100
2793115108753824,559691,80,2782,13365,100
2793115113871289,559691,80,2782,13365,100
2793115118990066,559691,80,2782,13365,100
2793115124129777,559691,80,2782,13365,100
2793115129247966,559691,80,2782,13365,100
2793115134367002,559691,80,2782,13365,100
2793115139485227,559691,80,2782,13365,100
2793115144603260,559691,80,2782,13365,100
2793115149721579,559691,80,2782,13365,100
2793115154839648,559691,80,2782,13365,100
2793115159957679,559691,80,2782,13365,100
2793115165076561,559691,80,2782,13365,100
2793115170194325,559691,80,2782,13365,100
2793115175314052,559691,80,2782,13365,100
2793115180432214,559691,80,2782,13365,100
2793115185550182,559691,80,2782,13365,100
2793115190668210,559691,80,2782,13365,100
2793115195786199,559691,80,2782,13365,100
2793115200904775,559691,80,2782,13365,100
2793115206022676,559691,80,2782,13365,100
2793115211146715,559691,80,2782,13365,100
2793115216264720,559691,80,2782,13365,100
2793115221382457,559691,80,2782,13365,100
2793115226502015,559691,80,2782,13365,100
2793115231620453,559691,80,2782,13365,100
2793115236746624,559691,80,2782,13365,100
2793115241864668,559691,80,2782,13365,100
2793115246982767,559691,80,2782,13365,100
2793115252123363,559691,80,2782,13365,100
2793115257241831,559691,80,2782,13365,100
2793115262360019,559691,80,2782,13365,100
2793115267478384,559691,80,2782,13365,100
2793115272596460,559691,80,2782,13365,100
2793115277716072,559691,80,2782,13365,100
2793115282834981,559691,80,2782,13365,100
2793115287953441,559691,80,2782,13365,100
2793115293071538,559691,80,2782,13365,100
2793115298206194,559691,80,2782,13365,100
2793115303324214,559691,80,2782,13365,100
2793115308441990,559691,80,2782,13365,100
2793115313560099,559691,80,2782,13365,100
2793115318678588,559691,80,2782,13365,100
2793115323797451,559691,80,2782,13365,100
2793115328916948,559691,80,2782,13365,100
2793115334034476,559691,80,2782,13365,100
2793115339152684,559691,80,2782,13365,100
2793115344270737,559691,80,2782,13365,100
2793115349406202,559691,80,2782,13365,100
2793115354524293,559691,80,2782,13365,100
2793115359642234,559691,80,2782,13365,100
2793115364760215,559691,80,2782,13365,100
2793115369878043,559691,80,2782,13365,100
2793115374995795,559691,80,2782,13365,100
2793115380140373,559691,80,2782,13365,100
2793115385258836,559691,80,2782,13365,100
2793115390378524,560013,80,2782,13365,100
2793115395495221,560013,80,2782,13365,100
2793115400613077,560013,80,2782,13365,100
2793115405731261,560013,80,2782,13365,100
2793115410849225,560013,80,2782,13365,100
2793115415966964,560013,80,2782,13365,100
2793115421084660,560013,80,2782,13365,100
2793115426203058,560013,80,2782,13365,100
2793115431320827,560013,80,2782,13365,100
2793115436437123,560013,80,2782,13365,100
2793115441553764,560013,80,2782,13365,100
2793115446670172,560013,80,2782,13365,100
2793115451786989,560013,80,2782,13365,100
2793115456903871,560013,80,2782,13365,100
2793115462021565,560013,80,2782,13365,100
2793115467139602,560013,80,2782,13365,100
2793115472257614,560013,80,2782,13365,100
2793115477375722,560013,80,2782,13365,100
2793115482494639,560013,80,2782,13365,100
2793115487612792,560013,80,2782,13365,100
2793115492731851,560013,80,2782,13365,100
2793115497851108,560013,80,2782,13365,100
2793115502969332,560013,80,2782,13365,100
2793115508087469,560013,80,2782,13365,100
2793115513205553,560013,80,2782,13365,100
2793115518323229,560013,80,2782,13365,100
2793115523441401,560013,80,2782,13365,100
2793115528560810,560013,80,2782,13365,100
2793115533680837,560013,80,2782,13365,100
2793115538799154,560013,80,2782,13365,100
2793115543917131,560013,80,2782,13365,100
2793115549035283,560013,80,2782,13365,100
2793115554153224,560013,80,2782,13365,100
2793115559271324,560013,80,2782,13365,100
2793115564390077,560013,80,2782,13365,100
2793115569508301,560013,80,2782,13365,100
2793115574626490,560013,80,2782,13365,100
2793115579745242,560013,80,2782,13365,100
2793115584864806,560013,80,2782,13365,100
2793115589983147,560013,80,2782,13365,100
2793115595120103,560013,80,2782,13365,100
2793115600238201,560013,80,2782,13365,100
2793115605356423,560013,80,2782,13365,100
2793115610474484,560013,80,2782,13365,100
2793115615592700,560013,80,2782,13365,100
2793115620711053,560013,80,2782,13365,100
2793115625829933,560013,80,2782,13365,100
2793115630948478,560013,80,2782,13365,100
2793115636068277,560013,80,2782,13365,100
2793115641187288,560013,80,2782,13365,100
2793115646305382,560013,80,2782,13365,100
2793115651423765,560013,80,2782,13365,100
2793115656541871,560013,80,2782,13365,100
2793115661660151,560013,80,2782,13365,100
2793115666778828,560013,80,2782,13365,100
2793115671897648,560013,80,2782,13365,100
2793115677029992,560013,80,2782,13365,100
2793115682148663,560013,80,2782,13365,100
2793115687268497,560013,80,2782,13365,100
2793115692386621,560013,80,2782,13365,100
2793115697505746,560013,80,2782,13365,100
2793115702623819,560013,80,2782,13365,100
2793115707742211,560013,80,2782,13365,100
2793115712860589,560013,80,2782,13365,100
2793115717978596,560013,80,2782,13365,100
2793115723096987,560013,80,2782,13365,100
2793115728214712,560013,80,2782,13365,100
2793115733332709,560013,80,2782,13365,100
2793115738452464,560013,80,2782,13365,100
2793115743570613,560013,80,2782,13365,100
2793115748691693,560013,80,2782,13365,100
2793115753810637,560013,80,2782,13365,100
2793115758929068,560013,80,2782,13365,100
2793115764046947,560013,80,2782,13365,100
2793115769165299,560013,80,2782,13365,100
2793115774283387,560013,80,2782,13365,100
2793115779401368,560013,80,2782,13365,100
2793115784520710,560013,80,2782,13365,100
2793115789640595,560013,80,2782,13365,100
2793115794758592,560013,80,2782,13365,100
2793115799876678,560013,80,2782,13365,100
2793115804994862,560013,80,2782,13365,100
2793115810134932,560013,80,2782,13365,100
2793115815252718,560013,80,2782,13365,100
2793115820371330,560013,80,2782,13365,100
2793115825489135,560013,80,2782,13365,100
2793115830607128,560013,80,2782,13365,100
2793115835741308,560013,80,2782,13365,100
2793115840861196,560013,80,2782,13365,100
2793115845979736,560013,80,2782,13365,100
2793115851097761,560013,80,2782,13365,100
2793115856215629,560013,80,2782,13365,100
2793115861333894,560013,80,2782,13365,100
2793115866452093,560013,80,2782,13365,100
2793115871569959,560013,80,2782,13365,100
2793115876687978,560013,80,2782,13365,100
2793115881805931,560013,80,2782,13365,100
2793115886923852,560265,80,2782,13365,100
2793115892043607,560265,80,2782,13365,100
2793115897162414,560265,80,2782,13365,100
2793115902280825,560265,80,2782,13365,100
2793115907399604,560265,80,2782,13365,100
2793115912518249,560265,80,2782,13365,100
2793115917636369,560265,80,2782,13365,100
2793115922754854,560265,80,2782,13365,100
2793115927872590,560265,80,2782,13365,100
2793115932990606,560265,80,2782,13365,100
2793115938126670,560265,80,2782,13365,100
2793115943246693,560265,80,2782,13365,100
2793115948364675,560265,80,2782,13365,100
2793115953482756,560265,80,2782,13365,100
2793115958600784,560265,80,2782,13365,100
2793115963718569,560265,80,2782,13365,100
2793115968836977,560265,80,2782,13365,100
2793115973955421,560265,80,2782,13365,100
2793115979073054,560265,80,2782,13365,100
2793115984191126,560265,80,2782,13365,100
2793115989309427,560265,80,2782,13365,100
2793115994429078,560265,80,2782,13365,100
2793115999547088,560265,80,2782,13365,100
2793116004682683,560265,80,2782,13365,100
2793116009801035,560265,80,2782,13365,100
2793116014918966,560265,80,2782,13365,100
2793116020037129,560265,80,2782,13365,100
2793116025155008,560265,80,2782,13365,100
2793116030289567,560265,80,2782,13365,100
2793116035407773,560265,80,2782,13365,100
2793116040525454,560265,80,2782,13365,100
2793116045644532,560265,80,2782,13365,100
2793116050762179,560265,80,2782,13365,100
2793116055879815,560265,80,2782,13365,100
2793116060997440,560265,80,2782,13365,100
2793116066138212,560265,80,2782,13365,100
2793116071256368,560265,80,2782,13365,100
2793116076374076,560265,80,2782,13365,100
2793116081492185,560265,80,2782,13365,100
2793116086609765,560265,80,2782,13365,100
2793116091727972,560265,80,2782,13365,100
2793116096847802,560265,80,2782,13365,100
2793116101965962,560265,80,2782,13365,100
2793116107083687,560265,80,2782,13365,100
2793116112201682,560265,80,2782,13365,100
2793116117319643,560265,80,2782,13365,100
2793116122438120,560265,80,2782,13365,100
2793116127555035,560265,80,2782,13365,100
2793116132673026,560265,80,2782,13365,100
2793116137790871,560265,80,2782,13365,100
2793116142908621,560265,80,2782,13365,100
2793116148028169,560265,80,2782,13365,100
2793116153145982,560265,80,2782,13365,100
2793116158263990,560265,80,2782,13365,100
2793116163382807,560265,80,2782,13365,100
2793116168501115,560265,80,2782,13365,100
2793116173619040,560265,80,2782,13365,100
2793116178737124,560265,80,2782,13365,100
2793116183868410,560265,80,2782,13365,100
2793116188986500,560265,80,2782,13365,100
2793116194128072,560265,80,2782,13365,100
2793116199247725,560265,80,2782,13365,100
2793116204366057,560265,80,2782,13365,100
2793116209484034,560265,80,2782,13365,100
2793116214602376,560265,80,2782,13365,100
2793116219720590,560265,80,2782,13365,100
2793116224839007,560265,80,2782,13365,100
2793116229956951,560265,80,2782,13365,100
2793116235074792,560265,80,2782,13365,100
2793116240192667,560265,80,2782,13365,100
2793116245310600,560265,80,2782,13365,100
2793116250430314,560265,80,2782,13365,100
2793116255548413,560265,80,2782,13365,100
2793116260666545,560265,80,2782,13365,100
2793116265784598,560265,80,2782,13365,100
2793116270902462,560265,80,2782,13365,100
2793116276020714,560265,80,2782,13365,100
2793116281138951,560265,80,2782,13365,100
2793116286257139,560265,80,2782,13365,100
2793116291375556,560265,80,2782,13365,100
2793116296493944,560265,80,2782,13365,100
2793116301613972,560265,80,2782,13365,100
2793116306732304,560265,80,2782,13365,100
2793116311850469,560265,80,2782,13365,100
2793116316968633,560265,80,2782,13365,100
2793116322087086,560265,80,2782,13365,100
2793116327204990,560265,80,2782,13365,100
2793116332322535,560265,80,2782,13365,100
2793116337440579,560265,80,2782,13365,100
2793116342558583,560265,80,2782,13365,100
2793116347676495,560265,80,2782,13365,100
2793116352796192,560265,80,2782,13365,100
2793116357914344,560265,80,2782,13365,100
2793116363033472,560265,80,2782,13365,100
2793116368151465,560265,80,2782,13365,100
2793116373269459,560265,80,2782,13365,100
2793116378387596,560265,80,2782,13365,100
2793116383505654,560265,80,2782,13365,100
2793116388623843,560182,80,2782,13365,100
2793116393741735,560182,80,2782,13365,100
2793116398859573,560182,80,2782,13365,100
2793116403979480,560182,80,2782,13365,100
2793116409098122,560182,80,2782,13365,100
2793116414216436,560182,80,2782,13365,100
2793116419334544,560182,80,2782,13365,100
2793116424452605,560182,80,2782,13365,100
2793116429570560,560182,80,2782,13365,100
2793116434688644,560182,80,2782,13365,100
2793116439807548,560182,80,2782,13365,100
2793116444925662,560182,80,2782,13365,100
2793116450043859,560182,80,2782,13365,100
2793116455163336,560182,80,2782,13365,100
2793116460281700,560182,80,2782,13365,100
2793116465400136,560182,80,2782,13365,100
2793116470518782,560182,80,2782,13365,100
2793116475636552,560182,80,2782,13365,100
2793116480754656,560182,80,2782,13365,100
2793116485872306,560182,80,2782,13365,100
2793116490990106,560182,80,2782,13365,100
2793116496130586,560182,80,2782,13365,100
2793116501248606,560182,80,2782,13365,100
2793116506368143,560182,80,2782,13365,100
2793116511486039,560182,80,2782,13365,100
2793116516604247,560182,80,2782,13365,100
2793116521722848,560182,80,2782,13365,100
2793116526841292,560182,80,2782,13365,100
2793116531959736,560182,80,2782,13365,100
2793116537077871,560182,80,2782,13365,100
2793116542196134,560182,80,2782,13365,100
2793116547314160,560182,80,2782,13365,100
2793116552432162,560182,80,2782,13365,100
2793116557551574,560182,80,2782,13365,100
2793116562670402,560182,80,2782,13365,100
2793116567788332,560182,80,2782,13365,100
2793116572906687,560182,80,2782,13365,100
2793116578024819,560182,80,2782,13365,100
2793116583142768,560182,80,2782,13365,100
2793116588260853,560182,80,2782,13365,100
2793116593378739,560182,80,2782,13365,100
2793116598496645,560182,80,2782,13365,100
2793116603614846,560182,80,2782,13365,100
2793116608734354,560182,80,2782,13365,100
2793116613852646,560182,80,2782,13365,100
2793116618971001,560182,80,2782,13365,100
2793116624089659,560182,80,2782,13365,100
2793116629207619,560182,80,2782,13365,100
2793116634325823,560182,80,2782,13365,100
2793116639443944,560182,80,2782,13365,100
2793116644562208,560182,80,2782,13365,100
2793116649680277,560182,80,2782,13365,100
2793116654798405,560182,80,2782,13365,100
2793116659935316,560182,80,2782,13365,100
2793116665053730,560182,80,2782,13365,100
2793116670171864,560182,80,2782,13365,100
2793116675289829,560182,80,2782,13365,100
2793116680407953,560182,80,2782,13365,100
2793116685526851,560182,80,2782,13365,100
2793116690645848,560182,80,2782,13365,100
2793116695763404,560182,80,2782,13365,100
2793116700881389,560182,80,2782,13365,100
2793116705999303,560182,80,2782,13365,100
2793116711133493,560182,80,2782,13365,100
2793116716250709,560182,80,2782,13365,100
2793116721368438,560182,80,2782,13365,100
2793116726485520,560182,80,2782,13365,100
2793116731602451,560182,80,2782,13365,100
2793116736718213,560182,80,2782,13365,100
2793116741835607,560182,80,2782,13365,100
2793116746952404,560182,80,2782,13365,100
2793116752069484,560182,80,2782,13365,100
2793116757186499,560182,80,2782,13365,100
2793116762304901,560182,80,2782,13365,100
2793116767422462,560182,80,2782,13365,100
2793116772539670,560182,80,2782,13365,100
2793116777657190,560182,80,2782,13365,100
2793116782774870,560182,80,2782,13365,100
2793116787892492,560182,80,2782,13365,100
2793116793029063,560182,80,2782,13365,100
2793116798147835,560182,80,2782,13365,100
2793116803265620,560182,80,2782,13365,100
2793116808383808,560182,80,2782,13365,100
2793116813503536,560182,80,2782,13365,100
2793116818621713,560182,80,2782,13365,100
2793116823740555,560182,80,2782,13365,100
2793116828859500,560182,80,2782,13365,100
2793116833977662,560182,80,2782,13365,100
2793116839100182,560182,80,2782,13365,100
2793116844236715,560182,80,2782,13365,100
2793116849412415,560182,80,2782,13365,100
2793116854530911,560182,80,2782,13365,100
2793116859649393,560182,80,2782,13365,100
2793116864769059,560182,80,2782,13365,100
2793116869887024,560182,80,2782,13365,100
2793116875022800,560182,80,2782,13365,100
2793116880141425,560182,80,2782,13365,100
2793116885259357,560182,80,2782,13365,100
2793116890377561,560084,80,2782,13365,100
2793116895495303,560084,80,2782,13365,100
2793116900613622,560084,80,2782,13365,100
2793116905731859,560084,80,2782,13365,100
2793116910850663,560084,80,2782,13365,100
2793116915970188,560084,80,2782,13365,100
2793116921088632,560084,80,2782,13365,100
2793116926206960,560084,80,2782,13365,100
2793116931325320,560084,80,2782,13365,100
2793116936443131,560084,80,2782,13365,100
2793116941561833,560084,80,2782,13365,100
2793116946679806,560084,80,2782,13365,100
2793116951797682,560084,80,2782,13365,100
2793116956915698,560084,80,2782,13365,100
2793116962033467,560084,80,2782,13365,100
2793116967153066,560084,80,2782,13365,100
2793116972271757,560084,80,2782,13365,100
2793116977389726,560084,80,2782,13365,100
2793116982508156,560084,80,2782,13365,100
2793116987626429,560084,80,2782,13365,100
2793116992744608,560084,80,2782,13365,100
2793116997862843,560084,80,2782,13365,100
2793117002980801,560084,80,2782,13365,100
2793117008116394,560084,80,2782,13365,100
2793117013234684,560084,80,2782,13365,100
2793117018354686,560084,80,2782,13365,100
2793117023472938,560084,80,2782,13365,100
2793117028591087,560084,80,2782,13365,100
2793117033709248,560084,80,2782,13365,100
2793117038827244,560084,80,2782,13365,100
2793117043945140,560084,80,2782,13365,100
2793117049063900,560084,80,2782,13365,100
2793117054181921,560084,80,2782,13365,100
2793117059300041,560084,80,2782,13365,100
2793117064417998,560084,80,2782,13365,100
2793117069537612,560084,80,2782,13365,100
2793117074655918,560084,80,2782,13365,100
2793117079773962,560084,80,2782,13365,100
2793117084891905,560084,80,2782,13365,100
2793117090029376,560084,80,2782,13365,100
2793117095147424,560084,80,2782,13365,100
2793117100265260,560084,80,2782,13365,100
2793117105383500,560084,80,2782,13365,100
2793117110501447,560084,80,2782,13365,100
2793117115619463,560084,80,2782,13365,100
2793117120739066,560084,80,2782,13365,100
2793117125857058,560084,80,2782,13365,100
2793117130975156,560084,80,2782,13365,100
2793117136094334,560084,80,2782,13365,100
2793117141212405,560084,80,2782,13365,100
2793117146330877,560084,80,2782,13365,100
2793117151448914,560084,80,2782,13365,100
2793117156566916,560084,80,2782,13365,100
2793117161684641,560084,80,2782,13365,100
2793117166802709,560084,80,2782,13365,100
2793117171931493,560084,80,2782,13365,100
2793117177049694,560084,80,2782,13365,100
2793117182167878,560084,80,2782,13365,100
2793117187285778,560084,80,2782,13365,100
2793117192403818,560084,80,2782,13365,100
2793117197522263,560084,80,2782,13365,100
2793117202640487,560084,80,2782,13365,100
2793117207758620,560084,80,2782,13365,100
2793117212876760,560084,80,2782,13365,100
2793117217994665,560084,80,2782,13365,100
2793117223136069,560084,80,2782,13365,100
2793117228254165,560084,80,2782,13365,100
2793117233372177,560084,80,2782,13365,100
2793117238490286,560084,80,2782,13365,100
2793117243629190,560084,80,2782,13365,100
2793117248747270,560084,80,2782,13365,100
2793117253865227,560084,80,2782,13365,100
2793117258983275,560084,80,2782,13365,100
2793117264118624,560084,80,2782,13365,100
2793117269236748,560084,80,2782,13365,100
2793117274356216,560084,80,2782,13365,100
2793117279474061,560084,80,2782,13365,100
2793117284592296,560084,80,2782,13365,100
2793117289710471,560084,80,2782,13365,100
2793117294828289,560084,80,2782,13365,100
2793117299946534,560084,80,2782,13365,100
2793117305064584,560084,80,2782,13365,100
2793117310182542,560084,80,2782,13365,100
2793117315317813,560084,80,2782,13365,100
2793117320436065,560084,80,2782,13365,100
2793117325556104,560084,80,2782,13365,100
2793117330674099,560084,80,2782,13365,100
2793117335792620,560084,80,2782,13365,100
2793117340910861,560084,80,2782,13365,100
2793117346038757,560084,80,2782,13365,100
2793117351157313,560084,80,2782,13365,100
2793117356275708,560084,80,2782,13365,100
2793117361394420,560084,80,2782,13365,100
2793117366512595,560084,80,2782,13365,100
2793117371630899,560084,80,2782,13365,100
2793117376750563,560084,80,2782,13365,100
2793117381868383,560084,80,2782,13365,100
2793117386986076,560275,80,2782,13365,100
2793117392126096,560275,80,2782,13365,100
2793117397244125,560275,80,2782,13365,100
2793117402362521,560275,80,2782,13365,100
2793117407480314,560275,80,2782,13365,100
2793117412598534,560275,80,2782,13365,100
2793117417717238,560275,80,2782,13365,100
2793117422835863,560275,80,2782,13365,100
2793117427955023,560275,80,2782,13365,100
2793117433073011,560275,80,2782,13365,100
2793117438191211,560275,80,2782,13365,100
2793117443308944,560275,80,2782,13365,100
2793117448426774,560275,80,2782,13365,100
2793117453543984,560275,80,2782,13365,100
2793117458662013,560275,80,2782,13365,100
2793117463780369,560275,80,2782,13365,100
2793117468898544,560275,80,2782,13365,100
2793117474035050,560275,80,2782,13365,100
2793117479155182,560275,80,2782,13365,100
2793117484287444,560275,80,2782,13365,100
2793117489404939,560275,80,2782,13365,100
2793117494523280,560275,80,2782,13365,100
2793117499641030,560275,80,2782,13365,100
2793117504758604,560275,80,2782,13365,100
2793117509877033,560275,80,2782,13365,100
2793117514994872,560275,80,2782,13365,100
2793117520132153,560275,80,2782,13365,100
2793117525250933,560275,80,2782,13365,100
2793117530370325,560275,80,2782,13365,100
2793117535488282,560275,80,2782,13365,100
2793117540606190,560275,80,2782,13365,100
2793117545724555,560275,80,2782,13365,100
2793117550842279,560275,80,2782,13365,100
2793117555960212,560275,80,2782,13365,100
2793117561078344,560275,80,2782,13365,100
2793117566196416,560275,80,2782,13365,100
2793117571314011,560275,80,2782,13365,100
2793117576431608,560275,80,2782,13365,100
2793117581551418,560275,80,2782,13365,100
2793117586669897,560275,80,2782,13365,100
2793117591787408,560275,80,2782,13365,100
2793117596905166,560275,80,2782,13365,100
2793117602023470,560275,80,2782,13365,100
2793117607141301,560275,80,2782,13365,100
2793117612259815,560275,80,2782,13365,100
2793117617377644,560275,80,2782,13365,100
2793117622496204,560275,80,2782,13365,100
2793117627614246,560275,80,2782,13365,100
2793117632733543,560275,80,2782,13365,100
2793117637851433,560275,80,2782,13365,100
2793117642969421,560275,80,2782,13365,100
2793117648087671,560275,80,2782,13365,100
2793117653205701,560275,80,2782,13365,100
2793117658323579,560275,80,2782,13365,100
2793117663441443,560275,80,2782,13365,100
2793117668565496,560275,80,2782,13365,100
2793117673683100,560275,80,2782,13365,100
2793117678800904,560275,80,2782,13365,100
2793117683920767,560275,80,2782,13365,100
2793117689038925,560275,80,2782,13365,100
2793117694207593,560275,80,2782,13365,100
2793117699325634,560275,80,2782,13365,100
2793117704443493,560275,80,2782,13365,100
2793117709561618,560275,80,2782,13365,100
2793117714680982,560275,80,2782,13365,100
2793117719799683,560275,80,2782,13365,100
2793117724919151,560275,80,2782,13365,100
2793117730038551,560275,80,2782,13365,100
2793117735207619,560275,80,2782,13365,100
2793117740308481,560275,80,2782,13365,100
2793117745400737,560275,80,2782,13365,100
2793117750503661,560275,80,2782,13365,100
2793117755596294,560275,80,2782,13365,100
2793117760713646,560275,80,2782,13365,100
2793117765830475,560275,80,2782,13365,100
2793117770947209,560275,80,2782,13365,100
2793117776065347,560275,80,2782,13365,100
2793117781184023,560275,80,2782,13365,100
2793117786302480,560275,80,2782,13365,100
2793117791420804,560275,80,2782,13365,100
2793117796538096,560275,80,2782,13365,100
2793117801655160,560275,80,2782,13365,100
2793117806773561,560275,80,2782,13365,100
2793117811891516,560275,80,2782,13365,100
2793117817042488,560275,80,2782,13365,100
2793117822161610,560275,80,2782,13365,100
2793117827279827,560275,80,2782,13365,100
2793117832397603,560275,80,2782,13365,100
2793117837516923,560275,80,2782,13365,100
2793117842635109,560275,80,2782,13365,100
2793117847775648,560275,80,2782,13365,100
2793117852893869,560275,80,2782,13365,100
2793117858029580,560275,80,2782,13365,100
2793117863148719,560275,80,2782,13365,100
2793117868266613,560275,80,2782,13365,100
2793117873384717,560275,80,2782,13365,100
2793117878502954,560275,80,2782,13365,100
2793117883621158,560275,80,2782,13365,100
2793117888740799,560098,80,2782,13365,100
2793117893858883,560098,80,2782,13365,100
2793117898977239,560098,80,2782,13365,100
2793117904095488,560098,80,2782,13365,100
2793117909213598,560098,80,2782,13365,100
2793117914331850,560098,80,2782,13365,100
2793117919449717,560098,80,2782,13365,100
2793117924567815,560098,80,2782,13365,100
2793117929685925,560098,80,2782,13365,100
2793117934804638,560098,80,2782,13365,100
2793117939924054,560098,80,2782,13365,100
2793117945041849,560098,80,2782,13365,100
2793117950159688,560098,80,2782,13365,100
2793117955277800,560098,80,2782,13365,100
2793117960395216,560098,80,2782,13365,100
2793117965513668,560098,80,2782,13365,100
2793117970651325,560098,80,2782,13365,100
2793117975769408,560098,80,2782,13365,100
2793117980887649,560098,80,2782,13365,100
2793117986026873,560098,80,2782,13365,100
2793117991146457,560098,80,2782,13365,100
2793117996264362,560098,80,2782,13365,100
2793118001382326,560098,80,2782,13365,100
2793118006500531,560098,80,2782,13365,100
2793118011618341,560098,80,2782,13365,100
2793118016736299,560098,80,2782,13365,100
2793118021854592,560098,80,2782,13365,100
2793118026972193,560098,80,2782,13365,100
2793118032090232,560098,80,2782,13365,100
2793118037207867,560098,80,2782,13365,100
2793118042326530,560098,80,2782,13365,100
2793118047444829,560098,80,2782,13365,100
2793118052561750,560098,80,2782,13365,100
2793118057680038,560098,80,2782,13365,100
2793118062799319,560098,80,2782,13365,100
2793118067917672,560098,80,2782,13365,100
2793118073035420,560098,80,2782,13365,100
2793118078153520,560098,80,2782,13365,100
2793118083270920,560098,80,2782,13365,100
2793118088389173,560098,80,2782,13365,100
2793118093506769,560098,80,2782,13365,100
2793118098623294,560098,80,2782,13365,100
2793118103739310,560098,80,2782,13365,100
2793118108855547,560098,80,2782,13365,100
2793118113972162,560098,80,2782,13365,100
2793118119088875,560098,80,2782,13365,100
2793118124206356,560098,80,2782,13365,100
2793118129323492,560098,80,2782,13365,100
2793118134440200,560098,80,2782,13365,100
2793118139557897,560098,80,2782,13365,100
2793118144677139,560098,80,2782,13365,100
2793118149801885,560098,80,2782,13365,100
2793118154920002,560098,80,2782,13365,100
2793118160038045,560098,80,2782,13365,100
2793118165156011,560098,80,2782,13365,100
2793118170273850,560098,80,2782,13365,100
2793118175392591,560098,80,2782,13365,100
2793118180510730,560098,80,2782,13365,100
2793118185628556,560098,80,2782,13365,100
2793118190746806,560098,80,2782,13365,100
2793118195865943,560098,80,2782,13365,100
2793118200984107,560098,80,2782,13365,100
2793118206120589,560098,80,2782,13365,100
2793118211238545,560098,80,2782,13365,100
2793118216356434,560098,80,2782,13365,100
2793118221474404,560098,80,2782,13365,100
2793118226592362,560098,80,2782,13365,100
2793118231710459,560098,80,2782,13365,100
2793118236830432,560098,80,2782,13365,100
2793118241948900,560098,80,2782,13365,100
2793118247068148,560098,80,2782,13365,100
2793118252185933,560098,80,2782,13365,100
2793118257303955,560098,80,2782,13365,100
2793118262422169,560098,80,2782,13365,100
2793118267540904,560098,80,2782,13365,100
2793118272659388,560098,80,2782,13365,100
2793118277758134,560098,80,2782,13365,100
2793118282876479,560098,80,2782,13365,100
2793118287994756,560098,80,2782,13365,100
2793118293130944,560098,80,2782,13365,100
2793118298250894,560098,80,2782,13365,100
2793118303368776,560098,80,2782,13365,100
2793118308486626,560098,80,2782,13365,100
2793118313604897,560098,80,2782,13365,100
2793118318723305,560098,80,2782,13365,100
2793118323842732,560098,80,2782,13365,100
2793118328960364,560098,80,2782,13365,100
2793118334078240,560098,80,2782,13365,100
2793118339196478,560098,80,2782,13365,100
2793118344314577,560098,80,2782,13365,100
2793118349434074,560098,80,2782,13365,100
2793118354551952,560098,80,2782,13365,100
2793118359670012,560098,80,2782,13365,100
2793118364787905,560098,80,2782,13365,100
2793118369906385,560098,80,2782,13365,100
2793118375024294,560098,80,2782,13365,100
2793118380142260,560098,80,2782,13365,100
2793118385259854,560098,80,2782,13365,100
2793118390377950,560320,80,2782,13365,100
2793118395508582,560320,80,2782,13365,100
2793118400628625,560320,80,2782,13365,100
2793118405747507,560320,80,2782,13365,100
2793118410865719,560320,80,2782,13365,100
2793118415984100,560320,80,2782,13365,100
2793118421125569,560320,80,2782,13365,100
2793118426243768,560320,80,2782,13365,100
2793118431361689,560320,80,2782,13365,100
2793118436479602,560320,80,2782,13365,100
2793118441597625,560320,80,2782,13365,100
2793118446715762,560320,80,2782,13365,100
2793118451837770,560320,80,2782,13365,100
2793118456956185,560320,80,2782,13365,100
2793118462074219,560320,80,2782,13365,100
2793118467192383,560320,80,2782,13365,100
2793118472310708,560320,80,2782,13365,100
2793118477428501,560320,80,2782,13365,100
2793118482547147,560320,80,2782,13365,100
2793118487665053,560320,80,2782,13365,100
2793118492782865,560320,80,2782,13365,100
2793118497900909,560320,80,2782,13365,100
2793118503039464,560320,80,2782,13365,100
2793118508157930,560320,80,2782,13365,100
2793118513276313,560320,80,2782,13365,100
2793118518394399,560320,80,2782,13365,100
2793118523512511,560320,80,2782,13365,100
2793118528630890,560320,80,2782,13365,100
2793118533748585,560320,80,2782,13365,100
2793118538867248,560320,80,2782,13365,100
2793118543985349,560320,80,2782,13365,100
2793118549121653,560320,80,2782,13365,100
2793118554241186,560320,80,2782,13365,100
2793118559359425,560320,80,2782,13365,100
2793118564477651,560320,80,2782,13365,100
2793118569595775,560320,80,2782,13365,100
2793118574713718,560320,80,2782,13365,100
2793118579831931,560320,80,2782,13365,100
2793118584950563,560320,80,2782,13365,100
2793118590068706,560320,80,2782,13365,100
2793118595186945,560320,80,2782,13365,100
2793118600304757,560320,80,2782,13365,100
2793118605424333,560320,80,2782,13365,100
2793118610543830,560320,80,2782,13365,100
2793118615662173,560320,80,2782,13365,100
2793118620780074,560320,80,2782,13365,100
2793118625915662,560320,80,2782,13365,100
2793118631034113,560320,80,2782,13365,100
2793118636152011,560320,80,2782,13365,100
2793118641269951,560320,80,2782,13365,100
2793118646428100,560320,80,2782,13365,100
2793118651546864,560320,80,2782,13365,100
2793118656667075,560320,80,2782,13365,100
2793118661785219,560320,80,2782,13365,100
2793118666903123,560320,80,2782,13365,100
2793118672027882,560320,80,2782,13365,100
2793118677145810,560320,80,2782,13365,100
2793118682264435,560320,80,2782,13365,100
2793118687382523,560320,80,2782,13365,100
2793118692506765,560320,80,2782,13365,100
2793118697624795,560320,80,2782,13365,100
2793118702742713,560320,80,2782,13365,100
2793118707862132,560320,80,2782,13365,100
2793118712980268,560320,80,2782,13365,100
2793118718112373,560320,80,2782,13365,100
2793118723237585,560320,80,2782,13365,100
2793118728355509,560320,80,2782,13365,100
2793118733473562,560320,80,2782,13365,100
2793118738591644,560320,80,2782,13365,100
2793118743709658,560320,80,2782,13365,100
2793118748828135,560320,80,2782,13365,100
2793118753946327,560320,80,2782,13365,100
2793118759065809,560320,80,2782,13365,100
2793118764184654,560320,80,2782,13365,100
2793118769302880,560320,80,2782,13365,100
2793118774421284,560320,80,2782,13365,100
2793118779542565,560320,80,2782,13365,100
2793118784660665,560320,80,2782,13365,100
2793118789778762,560320,80,2782,13365,100
2793118794897018,560320,80,2782,13365,100
2793118800033551,560320,80,2782,13365,100
2793118805151739,560320,80,2782,13365,100
2793118810271495,560320,80,2782,13365,100
2793118815389810,560320,80,2782,13365,100
2793118820508288,560320,80,2782,13365,100
2793118825626600,560320,80,2782,13365,100
2793118830744732,560320,80,2782,13365,100
2793118835863035,560320,80,2782,13365,100
2793118840981081,560320,80,2782,13365,100
2793118846125161,560320,80,2782,13365,100
2793118851256775,560320,80,2782,13365,100
2793118856374884,560320,80,2782,13365,100
2793118861494434,560320,80,2782,13365,100
2793118866612686,560320,80,2782,13365,100
2793118871730895,560320,80,2782,13365,100
2793118876849200,560320,80,2782,13365,100
2793118881967540,560320,80,2782,13365,100
2793118887085558,560843,80,2782,13365,100
2793118892279760,560843,80,2782,13365,100
2793118897398008,560843,80,2782,13365,100
2793118902515857,560843,80,2782,13365,100
2793118907634025,560843,80,2782,13365,100
2793118912753134,560843,80,2782,13365,100
2793118917871513,560843,80,2782,13365,100
2793118922989050,560843,80,2782,13365,100
2793118928124467,560843,80,2782,13365,100
2793118933242831,560843,80,2782,13365,100
2793118938360801,560843,80,2782,13365,100
2793118943478307,560843,80,2782,13365,100
2793118948596508,560843,80,2782,13365,100
2793118953714760,560843,80,2782,13365,100
2793118958832829,560843,80,2782,13365,100
2793118963952253,560843,80,2782,13365,100
2793118969070155,560843,80,2782,13365,100
2793118974188022,560843,80,2782,13365,100
2793118979306042,560843,80,2782,13365,100
2793118984424115,560843,80,2782,13365,100
2793118989541091,560843,80,2782,13365,100
2793118994659251,560843,80,2782,13365,100
2793118999787415,560843,80,2782,13365,100
2793119004906348,560843,80,2782,13365,100
2793119010024204,560843,80,2782,13365,100
2793119015199517,560843,80,2782,13365,100
2793119020317701,560843,80,2782,13365,100
2793119025435857,560843,80,2782,13365,100
2793119030554181,560843,80,2782,13365,100
2793119035672302,560843,80,2782,13365,100
2793119040790426,560843,80,2782,13365,100
2793119045908638,560843,80,2782,13365,100
2793119051026839,560843,80,2782,13365,100
2793119056145061,560843,80,2782,13365,100
2793119061263252,560843,80,2782,13365,100
2793119066383097,560843,80,2782,13365,100
2793119071501581,560843,80,2782,13365,100
2793119076619729,560843,80,2782,13365,100
2793119081737953,560843,80,2782,13365,100
2793119086856029,560843,80,2782,13365,100
2793119091973966,560843,80,2782,13365,100
2793119097091823,560843,80,2782,13365,100
2793119102209933,560843,80,2782,13365,100
2793119107328250,560843,80,2782,13365,100
2793119112446541,560843,80,2782,13365,100
2793119117568186,560843,80,2782,13365,100
2793119122686432,560843,80,2782,13365,100
2793119127804402,560843,80,2782,13365,100
2793119132922392,560843,80,2782,13365,100
2793119138040893,560843,80,2782,13365,100
2793119143159121,560843,80,2782,13365,100
2793119148277412,560843,80,2782,13365,100
2793119153395814,560843,80,2782,13365,100
2793119158514043,560843,80,2782,13365,100
2793119163632459,560843,80,2782,13365,100
2793119168752035,560843,80,2782,13365,100
2793119173870223,560843,80,2782,13365,100
2793119178988486,560843,80,2782,13365,100
2793119184130157,560843,80,2782,13365,100
2793119189248265,560843,80,2782,13365,100
2793119194366153,560843,80,2782,13365,100
2793119199484070,560843,80,2782,13365,100
2793119204602374,560843,80,2782,13365,100
2793119209720506,560843,80,2782,13365,100
2793119214838774,560843,80,2782,13365,100
2793119219958655,560843,80,2782,13365,100
2793119225076912,560843,80,2782,13365,100
2793119230195176,560843,80,2782,13365,100
2793119235313319,560843,80,2782,13365,100
2793119240431405,560843,80,2782,13365,100
2793119245548015,560843,80,2782,13365,100
2793119250665799,560843,80,2782,13365,100
2793119255783769,560843,80,2782,13365,100
2793119260902290,560843,80,2782,13365,100
2793119266035673,560843,80,2782,13365,100
2793119271155562,560843,80,2782,13365,100
2793119276273595,560843,80,2782,13365,100
2793119281408545,560843,80,2782,13365,100
2793119286526308,560843,80,2782,13365,100
2793119291644353,560843,80,2782,13365,100
2793119296762466,560843,80,2782,13365,100
2793119301881383,560843,80,2782,13365,100
2793119306999253,560843,80,2782,13365,100
2793119312139433,560843,80,2782,13365,100
2793119317258101,560843,80,2782,13365,100
2793119322378008,560843,80,2782,13365,100
2793119327495746,560843,80,2782,13365,100
2793119332614856,560843,80,2782,13365,100
2793119337733355,560843,80,2782,13365,100
2793119342851539,560843,80,2782,13365,100
2793119347969811,560843,80,2782,13365,100
2793119353088124,560843,80,2782,13365,100
2793119358206309,560843,80,2782,13365,100
2793119363324844,560843,80,2782,13365,100
2793119368443034,560843,80,2782,13365,100
2793119373561218,560843,80,2782,13365,100
2793119378678428,560843,80,2782,13365,100
2793119383796922,560843,80,2782,13365,100
2793119388915086,561270,80,2782,13365,100
2793119394033299,561270,80,2782,13365,100
2793119399151859,561270,80,2782,13365,100
2793119404271272,561270,80,2782,13365,100
2793119409390060,561270,80,2782,13365,100
2793119414508377,561270,80,2782,13365,100
2793119419626457,561270,80,2782,13365,100
2793119424746101,561270,80,2782,13365,100
2793119429864672,561270,80,2782,13365,100
2793119434982429,561270,80,2782,13365,100
2793119440117810,561270,80,2782,13365,100
2793119445235832,561270,80,2782,13365,100
2793119450353623,561270,80,2782,13365,100
2793119455471679,561270,80,2782,13365,100
2793119460593892,561270,80,2782,13365,100
2793119465712015,561270,80,2782,13365,100
2793119470830986,561270,80,2782,13365,100
2793119475950757,561270,80,2782,13365,100
2793119481068635,561270,80,2782,13365,100
2793119486186587,561270,80,2782,13365,100
2793119491304610,561270,80,2782,13365,100
2793119496422808,561270,80,2782,13365,100
2793119501540533,561270,80,2782,13365,100
2793119506658239,561270,80,2782,13365,100
2793119511776136,561270,80,2782,13365,100
2793119516893875,561270,80,2782,13365,100
2793119522023159,561270,80,2782,13365,100
2793119527142904,561270,80,2782,13365,100
2793119532261101,561270,80,2782,13365,100
2793119537379056,561270,80,2782,13365,100
2793119542497268,561270,80,2782,13365,100
2793119547615598,561270,80,2782,13365,100
2793119552733310,561270,80,2782,13365,100
2793119557851328,561270,80,2782,13365,100
2793119562969143,561270,80,2782,13365,100
2793119568087639,561270,80,2782,13365,100
2793119573206008,561270,80,2782,13365,100
2793119578325198,561270,80,2782,13365,100
2793119583443670,561270,80,2782,13365,100
2793119588560901,561270,80,2782,13365,100
2793119593665825,561270,80,2782,13365,100
2793119598784261,561270,80,2782,13365,100
2793119603903380,561270,80,2782,13365,100
2793119609022324,561270,80,2782,13365,100
2793119614140847,561270,80,2782,13365,100
2793119619259083,561270,80,2782,13365,100
2793119624377811,561270,80,2782,13365,100
2793119629497480,561270,80,2782,13365,100
2793119634616305,561270,80,2782,13365,100
2793119639735049,561270,80,2782,13365,100
2793119644852901,561270,80,2782,13365,100
2793119649970839,561270,80,2782,13365,100
2793119655102491,561270,80,2782,13365,100
2793119660220534,561270,80,2782,13365,100
2793119665339446,561270,80,2782,13365,100
2793119670458535,561270,80,2782,13365,100
2793119675576601,561270,80,2782,13365,100
2793119680696990,561270,80,2782,13365,100
2793119685815919,561270,80,2782,13365,100
2793119690951047,561270,80,2782,13365,100
2793119696068200,561270,80,2782,13365,100
2793119701184543,561270,80,2782,13365,100
2793119706300609,561270,80,2782,13365,100
2793119711417026,561270,80,2782,13365,100
2793119716532809,561270,80,2782,13365,100
2793119721648198,561270,80,2782,13365,100
2793119726762992,561270,80,2782,13365,100
2793119731878887,561270,80,2782,13365,100
2793119736994383,561270,80,2782,13365,100
2793119742124378,561270,80,2782,13365,100
2793119747238715,561270,80,2782,13365,100
2793119752353086,561270,80,2782,13365,100
2793119757466544,561270,80,2782,13365,100
2793119762580653,561270,80,2782,13365,100
2793119767693969,561270,80,2782,13365,100
2793119772816882,561270,80,2782,13365,100
2793119777930154,561270,80,2782,13365,100
2793119783045071,561270,80,2782,13365,100
2793119788157987,561270,80,2782,13365,100
2793119793270380,561270,80,2782,13365,100
2793119798383116,561270,80,2782,13365,100
2793119803496060,561270,80,2782,13365,100
2793119808608282,561270,80,2782,13365,100
2793119813720469,561270,80,2782,13365,100
2793119818832577,561270,80,2782,13365,100
2793119823944796,561270,80,2782,13365,100
2793119829056774,561270,80,2782,13365,100
2793119834170631,561270,80,2782,13365,100
2793119839303659,561270,80,2782,13365,100
2793119844415684,561270,80,2782,13365,100
2793119849527688,561270,80,2782,13365,100
2793119854639556,561270,80,2782,13365,100
2793119859751477,561270,80,2782,13365,100
2793119864864773,561270,80,2782,13365,100
2793119869977937,561270,80,2782,13365,100
2793119875090954,561270,80,2782,13365,100
2793119880204176,561270,80,2782,13365,100
2793119885333561,561270,80,2782,13365,100
2793119890446413,561738,80,2782,13365,100
2793119895558228,561738,80,2782,13365,100
2793119900671480,561738,80,2782,13365,100
2793119905784873,561738,80,2782,13365,100
2793119910898736,561738,80,2782,13365,100
2793119916030217,561738,80,2782,13365,100
2793119921143505,561738,80,2782,13365,100
2793119926256190,561738,80,2782,13365,100
2793119931370320,561738,80,2782,13365,100
2793119936501784,561738,80,2782,13365,100
2793119941616127,561738,80,2782,13365,100
2793119946730513,561738,80,2782,13365,100
2793119951844680,561738,80,2782,13365,100
2793119956959470,561738,80,2782,13365,100
2793119962073452,561738,80,2782,13365,100
2793119967187784,561738,80,2782,13365,100
2793119972302193,561738,80,2782,13365,100
2793119977417054,561738,80,2782,13365,100
2793119982532138,561738,80,2782,13365,100
2793119987648608,561738,80,2782,13365,100
2793119992763915,561738,80,2782,13365,100
2793119997879195,561738,80,2782,13365,100
2793120003016811,561738,80,2782,13365,100
2793120008132275,561738,80,2782,13365,100
2793120013247008,561738,80,2782,13365,100
2793120018362696,561738,80,2782,13365,100
2793120023478085,561738,80,2782,13365,100
2793120028594201,561738,80,2782,13365,100
2793120033710266,561738,80,2782,13365,100
2793120038828660,561738,80,2782,13365,100
2793120043943938,561738,80,2782,13365,100
2793120049060930,561738,80,2782,13365,100
2793120054177503,561738,80,2782,13365,100
2793120059293303,561738,80,2782,13365,100
2793120064410632,561738,80,2782,13365,100
2793120069530428,561738,80,2782,13365,100
2793120074647861,561738,80,2782,13365,100
2793120079765325,561738,80,2782,13365,100
2793120084882841,561738,80,2782,13365,100
2793120090019185,561738,80,2782,13365,100
2793120095192369,561738,80,2782,13365,100
2793120100307264,561738,80,2782,13365,100
2793120105431267,561738,80,2782,13365,100
2793120110547203,561738,80,2782,13365,100
2793120115663491,561738,80,2782,13365,100
2793120120780180,561738,80,2782,13365,100
2793120125897460,561738,80,2782,13365,100
2793120131029764,561738,80,2782,13365,100
2793120136145036,561738,80,2782,13365,100
2793120141261117,561738,80,2782,13365,100
2793120146376881,561738,80,2782,13365,100
2793120151491537,561738,80,2782,13365,100
2793120156606150,561738,80,2782,13365,100
2793120161722218,561738,80,2782,13365,100
2793120166837983,561738,80,2782,13365,100
2793120171954507,561738,80,2782,13365,100
2793120177069355,561738,80,2782,13365,100
2793120182185176,561738,80,2782,13365,100
2793120187300368,561738,80,2782,13365,100
2793120192416892,561738,80,2782,13365,100
2793120197531933,561738,80,2782,13365,100
2793120202647030,561738,80,2782,13365,100
2793120207762764,561738,80,2782,13365,100
2793120212880106,561738,80,2782,13365,100
2793120217996451,561738,80,2782,13365,100
2793120223133011,561738,80,2782,13365,100
2793120228249247,561738,80,2782,13365,100
2793120233365796,561738,80,2782,13365,100
2793120238482332,561738,80,2782,13365,100
2793120243601301,561738,80,2782,13365,100
2793120248719073,561738,80,2782,13365,100
2793120253836329,561738,80,2782,13365,100
2793120258953485,561738,80,2782,13365,100
2793120264070557,561738,80,2782,13365,100
2793120269188288,561738,80,2782,13365,100
2793120274306522,561738,80,2782,13365,100
2793120279424507,561738,80,2782,13365,100
2793120284543491,561738,80,2782,13365,100
2793120289661666,561738,80,2782,13365,100
2793120294781536,561738,80,2782,13365,100
2793120299900056,561738,80,2782,13365,100
2793120305030048,561738,80,2782,13365,100
2793120310148197,561738,80,2782,13365,100
2793120315267146,561738,80,2782,13365,100
2793120320385241,561738,80,2782,13365,100
2793120325503876,561738,80,2782,13365,100
2793120330622719,561738,80,2782,13365,100
2793120335741251,561738,80,2782,13365,100
2793120340859623,561738,80,2782,13365,100
2793120345980174,561738,80,2782,13365,100
2793120351120928,561738,80,2782,13365,100
2793120356239332,561738,80,2782,13365,100
2793120361357476,561738,80,2782,13365,100
2793120366475684,561738,80,2782,13365,100
2793120371593797,561738,80,2782,13365,100
2793120376711874,561738,80,2782,13365,100
2793120381831026,561738,80,2782,13365,100
2793120386948927,561731,80,2782,13365,100
2793120392066747,561731,80,2782,13365,100
2793120397186537,561731,80,2782,13365,100
2793120402304380,561731,80,2782,13365,100
2793120407422864,561731,80,2782,13365,100
2793120412542400,561731,80,2782,13365,100
2793120417661295,561731,80,2782,13365,100
2793120422779713,561731,80,2782,13365,100
2793120427897758,561731,80,2782,13365,100
2793120433034346,561731,80,2782,13365,100
2793120438152892,561731,80,2782,13365,100
2793120443271466,561731,80,2782,13365,100
2793120448391467,561731,80,2782,13365,100
2793120453510038,561731,80,2782,13365,100
2793120458628224,561731,80,2782,13365,100
2793120463746527,561731,80,2782,13365,100
2793120468865372,561731,80,2782,13365,100
2793120473983816,561731,80,2782,13365,100
2793120479119536,561731,80,2782,13365,100
2793120484237773,561731,80,2782,13365,100
2793120489355905,561731,80,2782,13365,100
2793120494473969,561731,80,2782,13365,100
2793120499593474,561731,80,2782,13365,100
2793120504711323,561731,80,2782,13365,100
2793120509830627,561731,80,2782,13365,100
2793120514948612,561731,80,2782,13365,100
2793120520078111,561731,80,2782,13365,100
2793120525196299,561731,80,2782,13365,100
2793120530314436,561731,80,2782,13365,100
2793120535432402,561731,80,2782,13365,100
2793120540551001,561731,80,2782,13365,100
2793120545669577,561731,80,2782,13365,100
2793120550789168,561731,80,2782,13365,100
2793120555907314,561731,80,2782,13365,100
2793120561025318,561731,80,2782,13365,100
2793120566143651,561731,80,2782,13365,100
2793120571261735,561731,80,2782,13365,100
2793120576379703,561731,80,2782,13365,100
2793120581497864,561731,80,2782,13365,100
2793120586615960,561731,80,2782,13365,100
2793120591751345,561731,80,2782,13365,100
2793120596869141,561731,80,2782,13365,100
2793120601988457,561731,80,2782,13365,100
2793120607128605,561731,80,2782,13365,100
2793120612246600,561731,80,2782,13365,100
2793120617364530,561731,80,2782,13365,100
2793120622482618,561731,80,2782,13365,100
2793120627600263,561731,80,2782,13365,100
2793120632718419,561731,80,2782,13365,100
2793120637836644,561731,80,2782,13365,100
2793120642954668,561731,80,2782,13365,100
2793120648072792,561731,80,2782,13365,100
2793120653192561,561731,80,2782,13365,100
2793120658310925,561731,80,2782,13365,100
2793120663429077,561731,80,2782,13365,100
2793120668556417,561731,80,2782,13365,100
2793120673674386,561731,80,2782,13365,100
2793120678792882,561731,80,2782,13365,100
2793120683910771,561731,80,2782,13365,100
2793120689028820,561731,80,2782,13365,100
2793120694147739,561731,80,2782,13365,100
2793120699265424,561731,80,2782,13365,100
2793120704385319,561731,80,2782,13365,100
2793120709503536,561731,80,2782,13365,100
2793120714621542,561731,80,2782,13365,100
2793120719739612,561731,80,2782,13365,100
2793120724857930,561731,80,2782,13365,100
2793120729976400,561731,80,2782,13365,100
2793120735094265,561731,80,2782,13365,100
2793120740212631,561731,80,2782,13365,100
2793120745330715,561731,80,2782,13365,100
2793120750448580,561731,80,2782,13365,100
2793120755568252,561731,80,2782,13365,100
2793120760686232,561731,80,2782,13365,100
2793120765804865,561731,80,2782,13365,100
2793120770922889,561731,80,2782,13365,100
2793120776041034,561731,80,2782,13365,100
2793120781159298,561731,80,2782,13365,100
2793120786277620,561731,80,2782,13365,100
2793120791395471,561731,80,2782,13365,100
2793120796513797,561731,80,2782,13365,100
2793120801631627,561731,80,2782,13365,100
2793120806750713,561731,80,2782,13365,100
2793120811868900,561731,80,2782,13365,100
2793120816986973,561731,80,2782,13365,100
2793120822128588,561731,80,2782,13365,100
2793120827246873,561731,80,2782,13365,100
2793120832365006,561731,80,2782,13365,100
2793120837483132,561731,80,2782,13365,100
2793120842601216,561731,80,2782,13365,100
2793120847736035,561731,80,2782,13365,100
2793120852853843,561731,80,2782,13365,100
2793120857973523,561731,80,2782,13365,100
2793120863091696,561731,80,2782,13365,100
2793120868209976,561731,80,2782,13365,100
2793120873328036,561731,80,2782,13365,100
2793120878446694,561731,80,2782,13365,100
2793120883564791,561731,80,2782,13365,100
2793120888683095,561920,80,2782,13365,100
2793120893801478,561920,80,2782,13365,100
2793120898919614,561920,80,2782,13365,100
2793120904037554,561920,80,2782,13365,100
2793120909157041,561920,80,2782,13365,100
2793120914274965,561920,80,2782,13365,100
2793120919392440,561920,80,2782,13365,100
2793120924510444,561920,80,2782,13365,100
2793120929628698,561920,80,2782,13365,100
2793120934747062,561920,80,2782,13365,100
2793120939865149,561920,80,2782,13365,100
2793120944984298,561920,80,2782,13365,100
2793120950125202,561920,80,2782,13365,100
2793120955242982,561920,80,2782,13365,100
2793120960365858,561920,80,2782,13365,100
2793120965483815,561920,80,2782,13365,100
2793120970601925,561920,80,2782,13365,100
2793120975719768,561920,80,2782,13365,100
2793120980837514,561920,80,2782,13365,100
2793120985955433,561920,80,2782,13365,100
2793120991073748,561920,80,2782,13365,100
2793120996192555,561920,80,2782,13365,100
2793121001310665,561920,80,2782,13365,100
2793121006428478,561920,80,2782,13365,100
2793121011548608,561920,80,2782,13365,100
2793121016666163,561920,80,2782,13365,100
2793121021784109,561920,80,2782,13365,100
2793121026902655,561920,80,2782,13365,100
2793121032020759,561920,80,2782,13365,100
2793121037138940,561920,80,2782,13365,100
2793121042256846,561920,80,2782,13365,100
2793121047375211,561920,80,2782,13365,100
2793121052492948,561920,80,2782,13365,100
2793121057611534,561920,80,2782,13365,100
2793121062731022,561920,80,2782,13365,100
2793121067848874,561920,80,2782,13365,100
2793121072967147,561920,80,2782,13365,100
2793121078085219,561920,80,2782,13365,100
2793121083203651,561920,80,2782,13365,100
2793121088322471,561920,80,2782,13365,100
2793121093441019,561920,80,2782,13365,100
2793121098558934,561920,80,2782,13365,100
2793121103675828,561920,80,2782,13365,100
2793121108792936,561920,80,2782,13365,100
2793121113912189,561920,80,2782,13365,100
2793121119029177,561920,80,2782,13365,100
2793121124182278,561920,80,2782,13365,100
2793121129298574,561920,80,2782,13365,100
2793121134415790,561920,80,2782,13365,100
2793121139532963,561920,80,2782,13365,100
2793121144649201,561920,80,2782,13365,100
2793121149767516,561920,80,2782,13365,100
2793121154885788,561920,80,2782,13365,100
2793121160023574,561920,80,2782,13365,100
2793121165144060,561920,80,2782,13365,100
2793121170262157,561920,80,2782,13365,100
2793121175380649,561920,80,2782,13365,100
2793121180498470,561920,80,2782,13365,100
2793121185616128,561920,80,2782,13365,100
2793121190734007,561920,80,2782,13365,100
2793121195852815,561920,80,2782,13365,100
2793121200970959,561920,80,2782,13365,100
2793121206089084,561920,80,2782,13365,100
2793121211206860,561920,80,2782,13365,100
2793121216326536,561920,80,2782,13365,100
2793121221444621,561920,80,2782,13365,100
2793121226561973,561920,80,2782,13365,100
2793121231680097,561920,80,2782,13365,100
2793121236798054,561920,80,2782,13365,100
2793121241915790,561920,80,2782,13365,100
2793121247050488,561920,80,2782,13365,100
2793121252168452,561920,80,2782,13365,100
2793121257286744,561920,80,2782,13365,100
2793121262405499,561920,80,2782,13365,100
2793121267525152,561920,80,2782,13365,100
2793121272643162,561920,80,2782,13365,100
2793121277761216,561920,80,2782,13365,100
2793121282879493,561920,80,2782,13365,100
2793121287997521,561920,80,2782,13365,100
2793121293137518,561920,80,2782,13365,100
2793121298255926,561920,80,2782,13365,100
2793121303374038,561920,80,2782,13365,100
2793121308492122,561920,80,2782,13365,100
2793121313610331,561920,80,2782,13365,100
2793121318730323,561920,80,2782,13365,100
2793121323848993,561920,80,2782,13365,100
2793121328967244,561920,80,2782,13365,100
2793121334091889,561920,80,2782,13365,100
2793121339221621,561920,80,2782,13365,100
2793121344339657,561920,80,2782,13365,100
2793121349457575,561920,80,2782,13365,100
2793121354576620,561920,80,2782,13365,100
2793121359694675,561920,80,2782,13365,100
2793121364813654,561920,80,2782,13365,100
2793121369932699,561920,80,2782,13365,100
2793121375050975,561920,80,2782,13365,100
2793121380168779,561920,80,2782,13365,100
2793121385287124,561920,80,2782,13365,100
2793121390405421,562054,80,2782,13365,100
2793121395523725,562054,80,2782,13365,100
2793121400641951,562054,80,2782,13365,100
2793121405760869,562054,80,2782,13365,100
2793121410879790,562054,80,2782,13365,100
2793121415997806,562054,80,2782,13365,100
2793121421137414,562054,80,2782,13365,100
2793121426255142,562054,80,2782,13365,100
2793121431373291,562054,80,2782,13365,100
2793121436491415,562054,80,2782,13365,100
2793121441609508,562054,80,2782,13365,100
2793121446727404,562054,80,2782,13365,100
2793121451846401,562054,80,2782,13365,100
2793121456964241,562054,80,2782,13365,100
2793121462082157,562054,80,2782,13365,100
2793121467200334,562054,80,2782,13365,100
2793121472319714,562054,80,2782,13365,100
2793121477437426,562054,80,2782,13365,100
2793121482555750,562054,80,2782,13365,100
2793121487673903,562054,80,2782,13365,100
2793121492791708,562054,80,2782,13365,100
2793121497909854,562054,80,2782,13365,100
2793121503028104,562054,80,2782,13365,100
2793121508146396,562054,80,2782,13365,100
2793121513264249,562054,80,2782,13365,100
2793121518382370,562054,80,2782,13365,100
2793121523501265,562054,80,2782,13365,100
2793121528619515,562054,80,2782,13365,100
2793121533737770,562054,80,2782,13365,100
2793121538856255,562054,80,2782,13365,100
2793121543974372,562054,80,2782,13365,100
2793121549091971,562054,80,2782,13365,100
2793121554210395,562054,80,2782,13365,100
2793121559328372,562054,80,2782,13365,100
2793121564446420,562054,80,2782,13365,100
2793121569564705,562054,80,2782,13365,100
2793121574684127,562054,80,2782,13365,100
2793121579801813,562054,80,2782,13365,100
2793121584919562,562054,80,2782,13365,100
2793121590037682,562054,80,2782,13365,100
2793121595155847,562054,80,2782,13365,100
2793121600274460,562054,80,2782,13365,100
2793121605392260,562054,80,2782,13365,100
2793121610510398,562054,80,2782,13365,100
2793121615628494,562054,80,2782,13365,100
2793121620747013,562054,80,2782,13365,100
2793121625866321,562054,80,2782,13365,100
2793121630984357,562054,80,2782,13365,100
2793121636126041,562054,80,2782,13365,100
2793121641243986,562054,80,2782,13365,100
2793121646362239,562054,80,2782,13365,100
2793121651488087,562054,80,2782,13365,100
2793121656606409,562054,80,2782,13365,100
2793121661724343,562054,80,2782,13365,100
2793121666842240,562054,80,2782,13365,100
2793121671960104,562054,80,2782,13365,100
2793121677079552,562054,80,2782,13365,100
2793121682197533,562054,80,2782,13365,100
2793121687316494,562054,80,2782,13365,100
2793121692435434,562054,80,2782,13365,100
2793121697553882,562054,80,2782,13365,100
2793121702687967,562054,80,2782,13365,100
2793121707804473,562054,80,2782,13365,100
2793121712921997,562054,80,2782,13365,100
2793121718038587,562054,80,2782,13365,100
2793121723166819,562054,80,2782,13365,100
2793121728284732,562054,80,2782,13365,100
2793121733400775,562054,80,2782,13365,100
2793121738517445,562054,80,2782,13365,100
2793121743632453,562054,80,2782,13365,100
2793121748748122,562054,80,2782,13365,100
2793121753862910,562054,80,2782,13365,100
2793121758979404,562054,80,2782,13365,100
2793121764094454,562054,80,2782,13365,100
2793121769208503,562054,80,2782,13365,100
2793121774322399,562054,80,2782,13365,100
2793121779438632,562054,80,2782,13365,100
2793121784553088,562054,80,2782,13365,100
2793121789666369,562054,80,2782,13365,100
2793121794779777,562054,80,2782,13365,100
2793121799894150,562054,80,2782,13365,100
2793121805026996,562054,80,2782,13365,100
2793121810141914,562054,80,2782,13365,100
2793121815256205,562054,80,2782,13365,100
2793121820370827,562054,80,2782,13365,100
2793121825485728,562054,80,2782,13365,100
2793121830602216,562054,80,2782,13365,100
2793121835717824,562054,80,2782,13365,100
2793121840834216,562054,80,2782,13365,100
2793121845949913,562054,80,2782,13365,100
2793121851066453,562054,80,2782,13365,100
2793121856192740,562054,80,2782,13365,100
2793121861344042,562054,80,2782,13365,100
2793121866449829,562054,80,2782,13365,100
2793121871534124,562054,80,2782,13365,100
2793121876615192,562054,80,2782,13365,100
2793121881700272,562054,80,2782,13365,100
2793121886811416,561963,80,2782,13365,100
2793121891925989,561963,81,2782,13365,100
2793121897040525,561963,81,2782,13365,100
2793121902171774,561963,81,2782,13365,100
2793121907287157,561963,81,2782,13365,100
2793121912403138,561963,81,2782,13365,100
2793121917519513,561963,81,2782,13365,100
2793121922635471,561963,81,2782,13365,100
2793121927751476,561963,81,2782,13365,100
2793121932869339,561963,81,2782,13365,100
2793121937985780,561963,81,2782,13365,100
2793121943121694,561963,81,2782,13365,100
2793121948237792,561963,81,2782,13365,100
2793121953354491,561963,81,2782,13365,100
2793121958471541,561963,81,2782,13365,100
2793121963588462,561963,81,2782,13365,100
2793121968705264,561963,81,2782,13365,100
2793121973822927,561963,81,2782,13365,100
2793121978939859,561963,81,2782,13365,100
2793121984058859,561963,81,2782,13365,100
2793121989176736,561963,81,2782,13365,100
2793121994294658,561963,81,2782,13365,100
2793121999412961,561963,81,2782,13365,100
2793122004530249,561963,81,2782,13365,100
2793122009648297,561963,81,2782,13365,100
2793122014765914,561963,81,2782,13365,100
2793122019883818,561963,81,2782,13365,100
2793122025020454,561963,81,2782,13365,100
2793122030139283,561963,81,2782,13365,100
2793122035258955,561963,81,2782,13365,100
2793122040377371,561963,81,2782,13365,100
2793122045495169,561963,81,2782,13365,100
2793122050613256,561963,81,2782,13365,100
2793122055731636,561963,81,2782,13365,100
2793122060850489,561963,81,2782,13365,100
2793122065968369,561963,81,2782,13365,100
2793122071085942,561963,81,2782,13365,100
2793122076203468,561963,81,2782,13365,100
2793122081321251,561963,81,2782,13365,100
2793122086441015,561963,81,2782,13365,100
2793122091559975,561963,81,2782,13365,100
2793122096677675,561963,81,2782,13365,100
2793122101795784,561963,81,2782,13365,100
2793122106913649,561963,81,2782,13365,100
2793122112031400,561963,81,2782,13365,100
2793122117149083,561963,81,2782,13365,100
2793122122267021,561963,81,2782,13365,100
2793122127385679,561963,81,2782,13365,100
2793122132503694,561963,81,2782,13365,100
2793122137622914,561963,81,2782,13365,100
2793122142741154,561963,81,2782,13365,100
2793122147858983,561963,81,2782,13365,100
2793122152976883,561963,81,2782,13365,100
2793122158094852,561963,81,2782,13365,100
2793122163212552,561963,81,2782,13365,100
2793122168330056,561963,81,2782,13365,100
2793122173447861,561963,81,2782,13365,100
2793122178565685,561963,81,2782,13365,100
2793122183683642,561963,81,2782,13365,100
2793122188803138,561963,81,2782,13365,100
2793122193921070,561963,81,2782,13365,100
2793122199039022,561963,81,2782,13365,100
2793122204156839,561963,81,2782,13365,100
2793122209274656,561963,81,2782,13365,100
2793122214392519,561963,81,2782,13365,100
2793122219510300,561963,81,2782,13365,100
2793122224627957,561963,81,2782,13365,100
2793122229745772,561963,81,2782,13365,100
2793122234863457,561963,81,2782,13365,100
2793122239982521,561963,81,2782,13365,100
2793122245123950,561963,81,2782,13365,100
2793122250241816,561963,81,2782,13365,100
2793122255359850,561963,81,2782,13365,100
2793122260477895,561963,81,2782,13365,100
2793122265596019,561963,81,2782,13365,100
2793122270713667,561963,81,2782,13365,100
2793122275833408,561963,81,2782,13365,100
2793122280951403,561963,81,2782,13365,100
2793122286077509,561963,81,2782,13365,100
2793122291218661,561963,81,2782,13365,100
2793122296337414,561963,81,2782,13365,100
2793122301455449,561963,81,2782,13365,100
2793122306573904,561963,81,2782,13365,100
2793122311690742,561963,81,2782,13365,100
2793122316808431,561963,81,2782,13365,100
2793122321925472,561963,81,2782,13365,100
2793122327042804,561963,81,2782,13365,100
2793122332206475,561963,81,2782,13365,100
2793122337323900,561963,81,2782,13365,100
2793122342443316,561963,81,2782,13365,100
2793122347560099,561963,81,2782,13365,100
2793122352676223,561963,81,2782,13365,100
2793122357792548,561963,81,2782,13365,100
2793122362908918,561963,81,2782,13365,100
2793122368026274,561963,81,2782,13365,100
2793122373143914,561963,81,2782,13365,100
2793122378262875,561963,81,2782,13365,100
2793122383380751,561963,81,2782,13365,100
2793122388498141,562078,81,2782,13365,100
2793122393617628,562078,81,2782,13365,100
2793122398735724,562078,81,2782,13365,100
2793122403854416,562078,81,2782,13365,100
2793122408972697,562078,81,2782,13365,100
2793122414090441,562078,81,2782,13365,100
2793122419208373,562078,81,2782,13365,100
2793122424326212,562078,81,2782,13365,100
2793122429444038,562078,81,2782,13365,100
2793122434561213,562078,81,2782,13365,100
2793122439679487,562078,81,2782,13365,100
2793122444799036,562078,81,2782,13365,100
2793122449917228,562078,81,2782,13365,100
2793122455035429,562078,81,2782,13365,100
2793122460152883,562078,81,2782,13365,100
2793122465270645,562078,81,2782,13365,100
2793122470389397,562078,81,2782,13365,100
2793122475507261,562078,81,2782,13365,100
2793122480625307,562078,81,2782,13365,100
2793122485743290,562078,81,2782,13365,100
2793122490860896,562078,81,2782,13365,100
2793122495980473,562078,81,2782,13365,100
2793122501120583,562078,81,2782,13365,100
2793122506238176,562078,81,2782,13365,100
2793122511356377,562078,81,2782,13365,100
2793122516474196,562078,81,2782,13365,100
2793122521591873,562078,81,2782,13365,100
2793122526710185,562078,81,2782,13365,100
2793122531830158,562078,81,2782,13365,100
2793122536948318,562078,81,2782,13365,100
2793122542066232,562078,81,2782,13365,100
2793122547185437,562078,81,2782,13365,100
2793122552303263,562078,81,2782,13365,100
2793122557437436,562078,81,2782,13365,100
2793122562577080,562078,81,2782,13365,100
2793122567705386,562078,81,2782,13365,100
2793122572823471,562078,81,2782,13365,100
2793122577945555,562078,81,2782,13365,100
2793122583065359,562078,81,2782,13365,100
2793122588183031,562078,81,2782,13365,100
2793122593301066,562078,81,2782,13365,100
2793122598420590,562078,81,2782,13365,100
2793122603556122,562078,81,2782,13365,100
2793122608673859,562078,81,2782,13365,100
2793122613791533,562078,81,2782,13365,100
2793122618909590,562078,81,2782,13365,100
2793122624027132,562078,81,2782,13365,100
2793122629147093,562078,81,2782,13365,100
2793122634265441,562078,81,2782,13365,100
2793122639383293,562078,81,2782,13365,100
2793122644501246,562078,81,2782,13365,100
2793122649621284,562078,81,2782,13365,100
2793122654739718,562078,81,2782,13365,100
2793122659857723,562078,81,2782,13365,100
2793122664975475,562078,81,2782,13365,100
2793122670092991,562078,81,2782,13365,100
2793122675211167,562078,81,2782,13365,100
2793122680329032,562078,81,2782,13365,100
2793122685447221,562078,81,2782,13365,100
2793122690564560,562078,81,2782,13365,100
2793122695682465,562078,81,2782,13365,100
2793122700802245,562078,81,2782,13365,100
2793122705920194,562078,81,2782,13365,100
2793122711038106,562078,81,2782,13365,100
2793122716156111,562078,81,2782,13365,100
2793122721273971,562078,81,2782,13365,100
2793122726391621,562078,81,2782,13365,100
2793122731509786,562078,81,2782,13365,100
2793122736628100,562078,81,2782,13365,100
2793122741746160,562078,81,2782,13365,100
2793122746864465,562078,81,2782,13365,100
2793122751985093,562078,81,2782,13365,100
2793122757128789,562078,81,2782,13365,100
2793122762247554,562078,81,2782,13365,100
2793122767365854,562078,81,2782,13365,100
2793122772483854,562078,81,2782,13365,100
2793122777601215,562078,81,2782,13365,100
2793122782718799,562078,81,2782,13365,100
2793122787835923,562078,81,2782,13365,100
2793122792953598,562078,81,2782,13365,100
2793122798071522,562078,81,2782,13365,100
2793122803190041,562078,81,2782,13365,100
2793122808307941,562078,81,2782,13365,100
2793122813425861,562078,81,2782,13365,100
2793122818544540,562078,81,2782,13365,100
2793122823662904,562078,81,2782,13365,100
2793122828781283,562078,81,2782,13365,100
2793122833899459,562078,81,2782,13365,100
2793122839059507,562078,81,2782,13365,100
2793122844177423,562078,81,2782,13365,100
2793122849295435,562078,81,2782,13365,100
2793122854415020,562078,81,2782,13365,100
2793122859533120,562078,81,2782,13365,100
2793122864650928,562078,81,2782,13365,100
2793122869768913,562078,81,2782,13365,100
2793122874887653,562078,81,2782,13365,100
2793122880022634,562078,81,2782,13365,100
2793122885140386,562078,81,2782,13365,100
2793122890258186,562303,81,2782,13365,100
2793122895376667,562303,81,2782,13365,100
2793122900494531,562303,81,2782,13365,100
2793122905613863,562303,81,2782,13365,100
2793122910732078,562303,81,2782,13365,100
2793122915850496,562303,81,2782,13365,100
2793122920968813,562303,81,2782,13365,100
2793122926087089,562303,81,2782,13365,100
2793122931205276,562303,81,2782,13365,100
2793122936322949,562303,81,2782,13365,100
2793122941440778,562303,81,2782,13365,100
2793122946559311,562303,81,2782,13365,100
2793122951677603,562303,81,2782,13365,100
2793122956797717,562303,81,2782,13365,100
2793122961915817,562303,81,2782,13365,100
2793122967034144,562303,81,2782,13365,100
2793122972151955,562303,81,2782,13365,100
2793122977270133,562303,81,2782,13365,100
2793122982388949,562303,81,2782,13365,100
2793122987507173,562303,81,2782,13365,100
2793122992624976,562303,81,2782,13365,100
2793122997743022,562303,81,2782,13365,100
2793123002861246,562303,81,2782,13365,100
2793123007981134,562303,81,2782,13365,100
2793123013122153,562303,81,2782,13365,100
2793123018240459,562303,81,2782,13365,100
2793123023358567,562303,81,2782,13365,100
2793123028476508,562303,81,2782,13365,100
2793123033594745,562303,81,2782,13365,100
2793123038712655,562303,81,2782,13365,100
2793123043830930,562303,81,2782,13365,100
2793123048948809,562303,81,2782,13365,100
2793123054067314,562303,81,2782,13365,100
2793123059186365,562303,81,2782,13365,100
2793123064304679,562303,81,2782,13365,100
2793123069422743,562303,81,2782,13365,100
2793123074540696,562303,81,2782,13365,100
2793123079658716,562303,81,2782,13365,100
2793123084776928,562303,81,2782,13365,100
2793123089895284,562303,81,2782,13365,100
2793123095036961,562303,81,2782,13365,100
2793123100155829,562303,81,2782,13365,100
2793123105273824,562303,81,2782,13365,100
2793123110393378,562303,81,2782,13365,100
2793123115510826,562303,81,2782,13365,100
2793123120629337,562303,81,2782,13365,100
2793123125747539,562303,81,2782,13365,100
2793123130865867,562303,81,2782,13365,100
2793123135983872,562303,81,2782,13365,100
2793123141121268,562303,81,2782,13365,100
2793123146239277,562303,81,2782,13365,100
2793123151357423,562303,81,2782,13365,100
2793123156475727,562303,81,2782,13365,100
2793123161595494,562303,81,2782,13365,100
2793123166713386,562303,81,2782,13365,100
2793123171832020,562303,81,2782,13365,100
2793123176949803,562303,81,2782,13365,100
2793123182068209,562303,81,2782,13365,100
2793123187185655,562303,81,2782,13365,100
2793123192303500,562303,81,2782,13365,100
2793123197421596,562303,81,2782,13365,100
2793123202540041,562303,81,2782,13365,100
2793123207658209,562303,81,2782,13365,100
2793123212794737,562303,81,2782,13365,100
2793123217912909,562303,81,2782,13365,100
2793123223030944,562303,81,2782,13365,100
2793123228149286,562303,81,2782,13365,100
2793123233267613,562303,81,2782,13365,100
2793123238386007,562303,81,2782,13365,100
2793123243502921,562303,81,2782,13365,100
2793123248620928,562303,81,2782,13365,100
2793123253738590,562303,81,2782,13365,100
2793123258856249,562303,81,2782,13365,100
2793123263976093,562303,81,2782,13365,100
2793123269094437,562303,81,2782,13365,100
2793123274212393,562303,81,2782,13365,100
2793123279330446,562303,81,2782,13365,100
2793123284449822,562303,81,2782,13365,100
2793123289567815,562303,81,2782,13365,100
2793123294685887,562303,81,2782,13365,100
2793123299803884,562303,81,2782,13365,100
2793123304922503,562303,81,2782,13365,100
2793123310040784,562303,81,2782,13365,100
2793123315160064,562303,81,2782,13365,100
2793123320277916,562303,81,2782,13365,100
2793123325396001,562303,81,2782,13365,100
2793123330513838,562303,81,2782,13365,100
2793123335632106,562303,81,2782,13365,100
2793123340750202,562303,81,2782,13365,100
2793123345869314,562303,81,2782,13365,100
2793123350987553,562303,81,2782,13365,100
2793123356129912,562303,81,2782,13365,100
2793123361247762,562303,81,2782,13365,100
2793123366367275,562303,81,2782,13365,100
2793123371485760,562303,81,2782,13365,100
2793123376603889,562303,81,2782,13365,100
2793123381721699,562303,81,2782,13365,100
2793123386839151,562303,81,2782,13365,100
2793123391957506,562571,81,2782,13365,100
2793123397075410,562571,81,2782,13365,100
2793123402193171,562571,81,2782,13365,100
2793123407312059,562571,81,2782,13365,100
2793123412429639,562571,81,2782,13365,100
2793123417549792,562571,81,2782,13365,100
2793123422667647,562571,81,2782,13365,100
2793123427785472,562571,81,2782,13365,100
2793123432903209,562571,81,2782,13365,100
2793123438021393,562571,81,2782,13365,100
2793123443139751,562571,81,2782,13365,100
2793123448257814,562571,81,2782,13365,100
2793123453376755,562571,81,2782,13365,100
2793123458494794,562571,81,2782,13365,100
2793123463613118,562571,81,2782,13365,100
2793123468732461,562571,81,2782,13365,100
2793123473850558,562571,81,2782,13365,100
2793123478968772,562571,81,2782,13365,100
2793123484087596,562571,81,2782,13365,100
2793123489206380,562571,81,2782,13365,100
2793123494324309,562571,81,2782,13365,100
2793123499442289,562571,81,2782,13365,100
2793123504560250,562571,81,2782,13365,100
2793123509678114,562571,81,2782,13365,100
2793123514795902,562571,81,2782,13365,100
2793123519916223,562571,81,2782,13365,100
2793123525034591,562571,81,2782,13365,100
2793123530152920,562571,81,2782,13365,100
2793123535270888,562571,81,2782,13365,100
2793123540388884,562571,81,2782,13365,100
2793123545507057,562571,81,2782,13365,100
2793123550625171,562571,81,2782,13365,100
2793123555743135,562571,81,2782,13365,100
2793123560861181,562571,81,2782,13365,100
2793123565979036,562571,81,2782,13365,100
2793123571098506,562571,81,2782,13365,100
2793123576217027,562571,81,2782,13365,100
2793123581334919,562571,81,2782,13365,100
2793123586453054,562571,81,2782,13365,100
2793123591571151,562571,81,2782,13365,100
2793123596689222,562571,81,2782,13365,100
2793123601807561,562571,81,2782,13365,100
2793123606925805,562571,81,2782,13365,100
2793123612043801,562571,81,2782,13365,100
2793123617162013,562571,81,2782,13365,100
2793123622281898,562571,81,2782,13365,100
2793123627400042,562571,81,2782,13365,100
2793123632518347,562571,81,2782,13365,100
2793123637636667,562571,81,2782,13365,100
2793123642754976,562571,81,2782,13365,100
2793123647872960,562571,81,2782,13365,100
2793123652991251,562571,81,2782,13365,100
2793123658130628,562571,81,2782,13365,100
2793123663248817,562571,81,2782,13365,100
2793123668366977,562571,81,2782,13365,100
2793123673486590,562571,81,2782,13365,100
2793123678604970,562571,81,2782,13365,100
2793123683723417,562571,81,2782,13365,100
2793123688842090,562571,81,2782,13365,100
2793123693960123,562571,81,2782,13365,100
2793123699078195,562571,81,2782,13365,100
2793123704196524,562571,81,2782,13365,100
2793123709314146,562571,81,2782,13365,100
2793123714432783,562571,81,2782,13365,100
2793123719550917,562571,81,2782,13365,100
2793123724670765,562571,81,2782,13365,100
2793123729789222,562571,81,2782,13365,100
2793123734907334,562571,81,2782,13365,100
2793123740025654,562571,81,2782,13365,100
2793123745143511,562571,81,2782,13365,100
2793123750261711,562571,81,2782,13365,100
2793123755379763,562571,81,2782,13365,100
2793123760497870,562571,81,2782,13365,100
2793123765615786,562571,81,2782,13365,100
2793123770733793,562571,81,2782,13365,100
2793123775853385,562571,81,2782,13365,100
2793123780971634,562571,81,2782,13365,100
2793123786089486,562571,81,2782,13365,100
2793123791207750,562571,81,2782,13365,100
2793123796325962,562571,81,2782,13365,100
2793123801443495,562571,81,2782,13365,100
2793123806561427,562571,81,2782,13365,100
2793123811679546,562571,81,2782,13365,100
2793123816797660,562571,81,2782,13365,100
2793123821915780,562571,81,2782,13365,100
2793123827035061,562571,81,2782,13365,100
2793123832152958,562571,81,2782,13365,100
2793123837270486,562571,81,2782,13365,100
2793123842388518,562571,81,2782,13365,100
2793123847506562,562571,81,2782,13365,100
2793123852624275,562571,81,2782,13365,100
2793123857742255,562571,81,2782,13365,100
2793123862859964,562571,81,2782,13365,100
2793123867995074,562571,81,2782,13365,100
2793123873136816,562571,81,2782,13365,100
2793123878256212,562571,81,2782,13365,100
2793123883374396,562571,81,2782,13365,100
2793123888492651,562208,81,2782,13365,100
2793123893610310,562208,81,2782,13365,100
2793123898728587,562208,81,2782,13365,100
2793123903847134,562208,81,2782,13365,100
2793123908964898,562208,81,2782,13365,100
2793123914082967,562208,81,2782,13365,100
2793123919201043,562208,81,2782,13365,100
2793123924319451,562208,81,2782,13365,100
2793123929454235,562208,81,2782,13365,100
2793123934572488,562208,81,2782,13365,100
2793123939690144,562208,81,2782,13365,100
2793123944808139,562208,81,2782,13365,100
2793123949926261,562208,81,2782,13365,100
2793123955044437,562208,81,2782,13365,100
2793123960163202,562208,81,2782,13365,100
2793123965281414,562208,81,2782,13365,100
2793123970399387,562208,81,2782,13365,100
2793123975517223,562208,81,2782,13365,100
2793123980636748,562208,81,2782,13365,100
2793123985754443,562208,81,2782,13365,100
2793123990873552,562208,81,2782,13365,100
2793123995991744,562208,81,2782,13365,100
2793124001132112,562208,81,2782,13365,100
2793124006250337,562208,81,2782,13365,100
2793124011368370,562208,81,2782,13365,100
2793124016486506,562208,81,2782,13365,100
2793124021604594,562208,81,2782,13365,100
2793124026722571,562208,81,2782,13365,100
2793124031842923,562208,81,2782,13365,100
2793124036960655,562208,81,2782,13365,100
2793124042079011,562208,81,2782,13365,100
2793124047197152,562208,81,2782,13365,100
2793124052315089,562208,81,2782,13365,100
2793124057451613,562208,81,2782,13365,100
2793124062569785,562208,81,2782,13365,100
2793124067687833,562208,81,2782,13365,100
2793124072805741,562208,81,2782,13365,100
2793124077923372,562208,81,2782,13365,100
2793124083042615,562208,81,2782,13365,100
2793124088160607,562208,81,2782,13365,100
2793124093278755,562208,81,2782,13365,100
2793124098397175,562208,81,2782,13365,100
2793124103515027,562208,81,2782,13365,100
2793124108633160,562208,81,2782,13365,100
2793124113751272,562208,81,2782,13365,100
2793124118870387,562208,81,2782,13365,100
2793124123988241,562208,81,2782,13365,100
2793124129120930,562208,81,2782,13365,100
2793124134239970,562208,81,2782,13365,100
2793124139357770,562208,81,2782,13365,100
2793124144474827,562208,81,2782,13365,100
2793124149592008,562208,81,2782,13365,100
2793124154708858,562208,81,2782,13365,100
2793124159826972,562208,81,2782,13365,100
2793124164944996,562208,81,2782,13365,100
2793124170062685,562208,81,2782,13365,100
2793124175180881,562208,81,2782,13365,100
2793124180298729,562208,81,2782,13365,100
2793124185418386,562208,81,2782,13365,100
2793124190536330,562208,81,2782,13365,100
2793124195654567,562208,81,2782,13365,100
2793124200772666,562208,81,2782,13365,100
2793124205891403,562208,81,2782,13365,100
2793124211032315,562208,81,2782,13365,100
2793124216151332,562208,81,2782,13365,100
2793124221269524,562208,81,2782,13365,100
2793124226387468,562208,81,2782,13365,100
2793124231505652,562208,81,2782,13365,100
2793124236625193,562208,81,2782,13365,100
2793124241760321,562208,81,2782,13365,100
2793124246878674,562208,81,2782,13365,100
2793124251996746,562208,81,2782,13365,100
2793124257132859,562208,81,2782,13365,100
2793124262251338,562208,81,2782,13365,100
2793124267369747,562208,81,2782,13365,100
2793124272487431,562208,81,2782,13365,100
2793124277605310,562208,81,2782,13365,100
2793124282723846,562208,81,2782,13365,100
2793124287843164,562208,81,2782,13365,100
2793124292960803,562208,81,2782,13365,100
2793124298078805,562208,81,2782,13365,100
2793124303196618,562208,81,2782,13365,100
2793124308314368,562208,81,2782,13365,100
2793124313432466,562208,81,2782,13365,100
2793124318570806,562208,81,2782,13365,100
2793124323700481,562208,81,2782,13365,100
2793124328818605,562208,81,2782,13365,100
2793124333936292,562208,81,2782,13365,100
2793124339055969,562208,81,2782,13365,100
2793124344174140,562208,81,2782,13365,100
2793124349292792,562208,81,2782,13365,100
2793124354410121,562208,81,2782,13365,100
2793124359528290,562208,81,2782,13365,100
2793124364646358,562208,81,2782,13365,100
2793124369764102,562208,81,2782,13365,100
2793124374882752,562208,81,2782,13365,100
2793124380020099,562208,81,2782,13365,100
2793124385138193,562208,81,2782,13365,100
2793124390258067,561972,81,2782,13365,100
2793124395376360,561972,81,2782,13365,100
2793124400494545,561972,81,2782,13365,100
2793124405612449,561972,81,2782,13365,100
2793124410730737,561972,81,2782,13365,100
2793124415849145,561972,81,2782,13365,100
2793124420967124,561972,81,2782,13365,100
2793124426084938,561972,81,2782,13365,100
2793124431219251,561972,81,2782,13365,100
2793124436338117,561972,81,2782,13365,100
2793124441456911,561972,81,2782,13365,100
2793124446575700,561972,81,2782,13365,100
2793124451694000,561972,81,2782,13365,100
2793124456811854,561972,81,2782,13365,100
2793124461930186,561972,81,2782,13365,100
2793124467048725,561972,81,2782,13365,100
2793124472167768,561972,81,2782,13365,100
2793124477286174,561972,81,2782,13365,100
2793124482404682,561972,81,2782,13365,100
2793124487522579,561972,81,2782,13365,100
2793124492642138,561972,81,2782,13365,100
2793124497760904,561972,81,2782,13365,100
2793124502880107,561972,81,2782,13365,100
2793124507997972,561972,81,2782,13365,100
2793124513136124,561972,81,2782,13365,100
2793124518254660,561972,81,2782,13365,100
2793124523389900,561972,81,2782,13365,100
2793124528508055,561972,81,2782,13365,100
2793124533626118,561972,81,2782,13365,100
2793124538744473,561972,81,2782,13365,100
2793124543864230,561972,81,2782,13365,100
2793124548982335,561972,81,2782,13365,100
2793124554120486,561972,81,2782,13365,100
2793124559238316,561972,81,2782,13365,100
2793124564356391,561972,81,2782,13365,100
2793124569474663,561972,81,2782,13365,100
2793124574592613,561972,81,2782,13365,100
2793124579710939,561972,81,2782,13365,100
2793124584829202,561972,81,2782,13365,100
2793124589947175,561972,81,2782,13365,100
2793124595070001,561972,81,2782,13365,100
2793124600188729,561972,81,2782,13365,100
2793124605307314,561972,81,2782,13365,100
2793124610426143,561972,81,2782,13365,100
2793124615544117,561972,81,2782,13365,100
2793124620662199,561972,81,2782,13365,100
2793124625780371,561972,81,2782,13365,100
2793124630898508,561972,81,2782,13365,100
2793124636036069,561972,81,2782,13365,100
2793124641154771,561972,81,2782,13365,100
2793124646320701,561972,81,2782,13365,100
2793124651439099,561972,81,2782,13365,100
2793124656556964,561972,81,2782,13365,100
2793124661675042,561972,81,2782,13365,100
2793124666792751,561972,81,2782,13365,100
2793124671910890,561972,81,2782,13365,100
2793124677028901,561972,81,2782,13365,100
2793124682146864,561972,81,2782,13365,100
2793124687264652,561972,81,2782,13365,100
2793124692382604,561972,81,2782,13365,100
2793124697502153,561972,81,2782,13365,100
2793124702619585,561972,81,2782,13365,100
2793124707737577,561972,81,2782,13365,100
2793124712855402,561972,81,2782,13365,100
2793124717973836,561972,81,2782,13365,100
2793124723091641,561972,81,2782,13365,100
2793124728209354,561972,81,2782,13365,100
2793124733326923,561972,81,2782,13365,100
2793124738445292,561972,81,2782,13365,100
2793124743563491,561972,81,2782,13365,100
2793124748682756,561972,81,2782,13365,100
2793124753801034,561972,81,2782,13365,100
2793124758919517,561972,81,2782,13365,100
2793124764037949,561972,81,2782,13365,100
2793124769156840,561972,81,2782,13365,100
2793124774274784,561972,81,2782,13365,100
2793124779392831,561972,81,2782,13365,100
2793124784510875,561972,81,2782,13365,100
2793124789628919,561972,81,2782,13365,100
2793124794746647,561972,81,2782,13365,100
2793124799866119,561972,81,2782,13365,100
2793124804984964,561972,81,2782,13365,100
2793124810125637,561972,81,2782,13365,100
2793124815243849,561972,81,2782,13365,100
2793124820361883,561972,81,2782,13365,100
2793124825480172,561972,81,2782,13365,100
2793124830598102,561972,81,2782,13365,100
2793124835715798,561972,81,2782,13365,100
2793124840834683,561972,81,2782,13365,100
2793124845953063,561972,81,2782,13365,100
2793124851072370,561972,81,2782,13365,100
2793124856191562,561972,81,2782,13365,100
2793124861309428,561972,81,2782,13365,100
2793124866427572,561972,81,2782,13365,100
2793124871544857,561972,81,2782,13365,100
2793124876663459,561972,81,2782,13365,100
2793124881781354,561972,81,2782,13365,100
2793124886899553,561972,81,2782,13365,100
2793124892036244,562192,81,2782,13365,100
2793124897154482,562192,81,2782,13365,100
2793124902274183,562192,81,2782,13365,100
2793124907392267,562192,81,2782,13365,100
2793124912510431,562192,81,2782,13365,100
2793124917628720,562192,81,2782,13365,100
2793124922746930,562192,81,2782,13365,100
2793124927865393,562192,81,2782,13365,100
2793124932983977,562192,81,2782,13365,100
2793124938120518,562192,81,2782,13365,100
2793124943238270,562192,81,2782,13365,100
2793124948356187,562192,81,2782,13365,100
2793124953475790,562192,81,2782,13365,100
2793124958593963,562192,81,2782,13365,100
2793124963712139,562192,81,2782,13365,100
2793124968832164,562192,81,2782,13365,100
2793124973950596,562192,81,2782,13365,100
2793124979068666,562192,81,2782,13365,100
2793124984186497,562192,81,2782,13365,100
2793124989304349,562192,81,2782,13365,100
2793124994422212,562192,81,2782,13365,100
2793124999540429,562192,81,2782,13365,100
2793125004660902,562192,81,2782,13365,100
2793125009779114,562192,81,2782,13365,100
2793125014897223,562192,81,2782,13365,100
2793125020031188,562192,81,2782,13365,100
2793125025149120,562192,81,2782,13365,100
2793125030267356,562192,81,2782,13365,100
2793125035385634,562192,81,2782,13365,100
2793125040505493,562192,81,2782,13365,100
2793125045624169,562192,81,2782,13365,100
2793125050741994,562192,81,2782,13365,100
2793125055861677,562192,81,2782,13365,100
2793125060979642,562192,81,2782,13365,100
2793125066097498,562192,81,2782,13365,100
2793125071215206,562192,81,2782,13365,100
2793125076332909,562192,81,2782,13365,100
2793125081450528,562192,81,2782,13365,100
2793125086568572,562192,81,2782,13365,100
2793125091686376,562192,81,2782,13365,100
2793125096806453,562192,81,2782,13365,100
2793125101924163,562192,81,2782,13365,100
2793125107043377,562192,81,2782,13365,100
2793125112161412,562192,81,2782,13365,100
2793125117279458,562192,81,2782,13365,100
2793125122397494,562192,81,2782,13365,100
2793125127515655,562192,81,2782,13365,100
2793125132633779,562192,81,2782,13365,100
2793125137751732,562192,81,2782,13365,100
2793125142869858,562192,81,2782,13365,100
2793125147987850,562192,81,2782,13365,100
2793125153128796,562192,81,2782,13365,100
2793125158248521,562192,81,2782,13365,100
2793125163366169,562192,81,2782,13365,100
2793125168484169,562192,81,2782,13365,100
2793125173602454,562192,81,2782,13365,100
2793125178737538,562192,81,2782,13365,100
2793125183856353,562192,81,2782,13365,100
2793125188974410,562192,81,2782,13365,100
2793125194092367,562192,81,2782,13365,100
2793125199210184,562192,81,2782,13365,100
2793125204328020,562192,81,2782,13365,100
2793125209447484,562192,81,2782,13365,100
2793125214565608,562192,81,2782,13365,100
2793125219683625,562192,81,2782,13365,100
2793125224801542,562192,81,2782,13365,100
2793125229919502,562192,81,2782,13365,100
2793125235037530,562192,81,2782,13365,100
2793125240155768,562192,81,2782,13365,100
2793125245273827,562192,81,2782,13365,100
2793125250391988,562192,81,2782,13365,100
2793125255510167,562192,81,2782,13365,100
2793125260630066,562192,81,2782,13365,100
2793125265748156,562192,81,2782,13365,100
2793125270866447,562192,81,2782,13365,100
2793125275984177,562192,81,2782,13365,100
2793125281125696,562192,81,2782,13365,100
2793125286243654,562192,81,2782,13365,100
2793125291362134,562192,81,2782,13365,100
2793125296480347,562192,81,2782,13365,100
2793125301598621,562192,81,2782,13365,100
2793125306717083,562192,81,2782,13365,100
2793125311836864,562192,81,2782,13365,100
2793125316954912,562192,81,2782,13365,100
2793125322073124,562192,81,2782,13365,100
2793125327190975,562192,81,2782,13365,100
2793125332309074,562192,81,2782,13365,100
2793125337427922,562192,81,2782,13365,100
2793125342545717,562192,81,2782,13365,100
2793125347663507,562192,81,2782,13365,100
2793125352781206,562192,81,2782,13365,100
2793125357900191,562192,81,2782,13365,100
2793125363038265,562192,81,2782,13365,100
2793125368156995,562192,81,2782,13365,100
2793125373274836,562192,81,2782,13365,100
2793125378392698,562192,81,2782,13365,100
2793125383511003,562192,81,2782,13365,100
2793125388628740,562587,81,2782,13365,100
2793125393747053,562587,81,2782,13365,100
2793125398865216,562587,81,2782,13365,100
2793125403983095,562587,81,2782,13365,100
2793125409119770,562587,81,2782,13365,100
2793125414239578,562587,81,2782,13365,100
2793125419357919,562587,81,2782,13365,100
2793125424475584,562587,81,2782,13365,100
2793125429593240,562587,81,2782,13365,100
2793125434711156,562587,81,2782,13365,100
2793125439829293,562587,81,2782,13365,100
2793125444947021,562587,81,2782,13365,100
2793125450064833,562587,81,2782,13365,100
2793125455182570,562587,81,2782,13365,100
2793125460300716,562587,81,2782,13365,100
2793125465419718,562587,81,2782,13365,100
2793125470540239,562587,81,2782,13365,100
2793125475657956,562587,81,2782,13365,100
2793125480776333,562587,81,2782,13365,100
2793125485894123,562587,81,2782,13365,100
2793125491033628,562587,81,2782,13365,100
2793125496152173,562587,81,2782,13365,100
2793125501270156,562587,81,2782,13365,100
2793125506388327,562587,81,2782,13365,100
2793125511506067,562587,81,2782,13365,100
2793125516625270,562587,81,2782,13365,100
2793125521743126,562587,81,2782,13365,100
2793125526861719,562587,81,2782,13365,100
2793125531979663,562587,81,2782,13365,100
2793125537097567,562587,81,2782,13365,100
2793125542215307,562587,81,2782,13365,100
2793125547333356,562587,81,2782,13365,100
2793125552451394,562587,81,2782,13365,100
2793125557570049,562587,81,2782,13365,100
2793125562688335,562587,81,2782,13365,100
2793125567807749,562587,81,2782,13365,100
2793125572925778,562587,81,2782,13365,100
2793125578043918,562587,81,2782,13365,100
2793125583161999,562587,81,2782,13365,100
2793125588278991,562587,81,2782,13365,100
2793125593396856,562587,81,2782,13365,100
2793125598514734,562587,81,2782,13365,100
2793125603632960,562587,81,2782,13365,100
2793125608750929,562587,81,2782,13365,100
2793125613868965,562587,81,2782,13365,100
2793125618988333,562587,81,2782,13365,100
2793125624128506,562587,81,2782,13365,100
2793125629246666,562587,81,2782,13365,100
2793125634364736,562587,81,2782,13365,100
2793125639482770,562587,81,2782,13365,100
2793125644600765,562587,81,2782,13365,100
2793125649718849,562587,81,2782,13365,100
2793125654836627,562587,81,2782,13365,100
2793125659954764,562587,81,2782,13365,100
2793125665072601,562587,81,2782,13365,100
2793125670191856,562587,81,2782,13365,100
2793125675309531,562587,81,2782,13365,100
2793125680427576,562587,81,2782,13365,100
2793125685545342,562587,81,2782,13365,100
2793125690663444,562587,81,2782,13365,100
2793125695781716,562587,81,2782,13365,100
2793125700899975,562587,81,2782,13365,100
2793125706032139,562587,81,2782,13365,100
2793125711150196,562587,81,2782,13365,100
2793125716268294,562587,81,2782,13365,100
2793125721387600,562587,81,2782,13365,100
2793125726505353,562587,81,2782,13365,100
2793125731623473,562587,81,2782,13365,100
2793125736742033,562587,81,2782,13365,100
2793125741860082,562587,81,2782,13365,100
2793125746978254,562587,81,2782,13365,100
2793125752096004,562587,81,2782,13365,100
2793125757213715,562587,81,2782,13365,100
2793125762331391,562587,81,2782,13365,100
2793125767449616,562587,81,2782,13365,100
2793125772568816,562587,81,2782,13365,100
2793125777687057,562587,81,2782,13365,100
2793125782805063,562587,81,2782,13365,100
2793125787923882,562587,81,2782,13365,100
2793125793041850,562587,81,2782,13365,100
2793125798159844,562587,81,2782,13365,100
2793125803277978,562587,81,2782,13365,100
2793125808395999,562587,81,2782,13365,100
2793125813514429,562587,81,2782,13365,100
2793125818632972,562587,81,2782,13365,100
2793125823751907,562587,81,2782,13365,100
2793125828870136,562587,81,2782,13365,100
2793125834022976,562587,81,2782,13365,100
2793125839141124,562587,81,2782,13365,100
2793125844258888,562587,81,2782,13365,100
2793125849376994,562587,81,2782,13365,100
2793125854494993,562587,81,2782,13365,100
2793125859617502,562587,81,2782,13365,100
2793125864735122,562587,81,2782,13365,100
2793125869852803,562587,81,2782,13365,100
2793125874971751,562587,81,2782,13365,100
2793125880089304,562587,81,2782,13365,100
2793125885207212,562587,81,2782,13365,100
2793125890325169,562959,81,2782,13365,100
2793125895442619,562959,81,2782,13365,100
2793125900560529,562959,81,2782,13365,100
2793125905678507,562959,81,2782,13365,100
2793125910796194,562959,81,2782,13365,100
2793125915914266,562959,81,2782,13365,100
2793125921032599,562959,81,2782,13365,100
2793125926151991,562959,81,2782,13365,100
2793125931270603,562959,81,2782,13365,100
2793125936389281,562959,81,2782,13365,100
2793125941507438,562959,81,2782,13365,100
2793125946625010,562959,81,2782,13365,100
2793125951742853,562959,81,2782,13365,100
2793125956860361,562959,81,2782,13365,100
2793125961978276,562959,81,2782,13365,100
2793125967107065,562959,81,2782,13365,100
2793125972225264,562959,81,2782,13365,100
2793125977344238,562959,81,2782,13365,100
2793125982461975,562959,81,2782,13365,100
2793125987580987,562959,81,2782,13365,100
2793125992698991,562959,81,2782,13365,100
2793125997816796,562959,81,2782,13365,100
2793126002934698,562959,81,2782,13365,100
2793126008052153,562959,81,2782,13365,100
2793126013169889,562959,81,2782,13365,100
2793126018287793,562959,81,2782,13365,100
2793126023406122,562959,81,2782,13365,100
2793126028525622,562959,81,2782,13365,100
2793126033643557,562959,81,2782,13365,100
2793126038761275,562959,81,2782,13365,100
2793126043879315,562959,81,2782,13365,100
2793126048997328,562959,81,2782,13365,100
2793126054134814,562959,81,2782,13365,100
2793126059253172,562959,81,2782,13365,100
2793126064371188,562959,81,2782,13365,100
2793126069489029,562959,81,2782,13365,100
2793126074607141,562959,81,2782,13365,100
2793126079726123,562959,81,2782,13365,100
2793126084844454,562959,81,2782,13365,100
2793126089962625,562959,81,2782,13365,100
2793126095080851,562959,81,2782,13365,100
2793126100198219,562959,81,2782,13365,100
2793126105324391,562959,81,2782,13365,100
2793126110442308,562959,81,2782,13365,100
2793126115560392,562959,81,2782,13365,100
2793126120678356,562959,81,2782,13365,100
2793126125796057,562959,81,2782,13365,100
2793126130915199,562959,81,2782,13365,100
2793126136033449,562959,81,2782,13365,100
2793126141151118,562959,81,2782,13365,100
2793126146269213,562959,81,2782,13365,100
2793126151387146,562959,81,2782,13365,100
2793126156504999,562959,81,2782,13365,100
2793126161623035,562959,81,2782,13365,100
2793126166741248,562959,81,2782,13365,100
2793126171859269,562959,81,2782,13365,100
2793126176977299,562959,81,2782,13365,100
2793126182096569,562959,81,2782,13365,100
2793126187214637,562959,81,2782,13365,100
2793126192332721,562959,81,2782,13365,100
2793126197450809,562959,81,2782,13365,100
2793126202568530,562959,81,2782,13365,100
2793126207686618,562959,81,2782,13365,100
2793126212804263,562959,81,2782,13365,100
2793126217922427,562959,81,2782,13365,100
2793126223041411,562959,81,2782,13365,100
2793126228163092,562959,81,2782,13365,100
2793126233285521,562959,81,2782,13365,100
2793126238407325,562959,81,2782,13365,100
2793126243529023,562959,81,2782,13365,100
2793126248646578,562959,81,2782,13365,100
2793126253767472,562959,81,2782,13365,100
2793126258889708,562959,81,2782,13365,100
2793126264024766,562959,81,2782,13365,100
2793126269146119,562959,81,2782,13365,100
2793126274264711,562959,81,2782,13365,100
2793126279386540,562959,81,2782,13365,100
2793126284507660,562959,81,2782,13365,100
2793126289629588,562959,81,2782,13365,100
2793126294748648,562959,81,2782,13365,100
2793126299870961,562959,81,2782,13365,100
2793126304990337,562959,81,2782,13365,100
2793126310132191,562959,81,2782,13365,100
2793126315254016,562959,81,2782,13365,100
2793126320376098,562959,81,2782,13365,100
2793126325480903,562959,81,2782,13365,100
2793126330603283,562959,81,2782,13365,100
2793126335727639,562959,81,2782,13365,100
2793126340849876,562959,81,2782,13365,100
2793126345969355,562959,81,2782,13365,100
2793126351095081,562959,81,2782,13365,100
2793126356214864,562959,81,2782,13365,100
2793126361337445,562959,81,2782,13365,100
2793126366460985,562959,81,2782,13365,100
2793126371585722,562959,81,2782,13365,100
2793126376709022,562959,81,2782,13365,100
2793126381840718,562959,81,2782,13365,100
2793126386965411,505667,81,2790,13365,100
2793126392088819,505667,74,2790,13365,0
2793126397210711,505667,74,2790,13365,0
2793126402339164,505667,74,2790,13365,0
2793126407462692,505667,74,2790,13365,0
2793126412589197,505667,74,2790,13365,0
2793126417712016,505667,74,2790,13365,0
2793126422831601,505667,74,2790,13365,0
2793126427953945,505667,74,2790,13365,0
2793126433076196,505667,74,2790,13365,0
2793126438200082,505667,74,2790,13365,0
2793126443322694,505667,74,2790,13365,0
2793126448445107,505667,74,2790,13365,0
2793126453550283,505667,74,2790,13365,0
2793126458676663,505667,74,2790,13365,0
2793126463801628,505667,74,2790,13365,0
2793126468925296,505667,74,2790,13365,0
2793126474049364,505667,74,2790,13365,0
2793126479175257,505667,74,2790,13365,0
2793126484299961,505667,74,2790,13365,0
2793126489443862,505667,74,2790,13365,0
2793126494567737,505667,74,2790,13365,0
2793126499691386,505667,74,2790,13365,0
2793126504815246,505667,74,2790,13365,0
2793126509947410,505667,74,2790,13365,0
2793126515071231,505667,74,2790,13365,0
2793126520195257,505667,74,2790,13365,0
