monotonic_ns,board_power_mw,temperature_c,graphics_clock_mhz,memory_clock_mhz,utilization_percent
4909633293222742,165145,75,2655,8551,0
4909633299265104,165145,75,2655,8551,0
4909633304322780,165145,75,2655,8551,0
4909633309383135,165028,74,2655,8551,0
4909633314449361,165028,74,2655,8551,0
4909633319506083,165028,74,2655,8551,0
4909633324563430,165028,74,2655,8551,0
4909633329622069,165028,74,2655,8551,0
4909633334678232,165028,74,2655,8551,0
4909633339739128,165028,74,2655,8551,0
4909633344804818,165028,74,2655,8551,0
4909633349864807,165028,74,2655,8551,0
4909633354924359,165028,74,2655,8551,0
4909633360122081,165028,74,2655,8551,0
4909633365180520,165028,74,2655,8551,0
4909633370358862,165028,74,2655,8551,0
4909633375497110,165028,74,2655,8551,0
4909633380650490,165028,74,2655,8551,0
4909633385707877,165028,74,2655,8551,0
4909633390768218,165028,74,2655,8551,0
4909633395837437,165028,74,2655,8551,0
4909633401005927,165028,74,2655,8551,0
4909633406125893,165028,74,2655,8551,0
4909633411184217,165028,74,2655,8551,0
4909633416320952,165028,74,2655,8551,0
4909633421378194,165028,74,2655,8551,0
4909633426436474,165028,74,2655,8551,0
4909633431492453,165028,74,2655,8551,0
4909633436546020,165028,74,2655,8551,0
4909633441599350,165028,74,2655,8551,0
4909633446774522,165028,74,2655,8551,0
4909633451903854,165028,74,2655,8551,0
4909633457037141,165028,74,2655,8551,0
4909633462182912,165028,74,2655,8551,0
4909633467368394,165028,74,2655,8551,0
4909633472424559,165028,74,2655,8551,0
4909633477597618,165028,74,2655,8551,0
4909633482758297,165028,74,2655,8551,0
4909633487885720,165028,74,2655,8551,0
4909633493017597,165028,74,2655,8551,0
4909633498185192,165028,74,2655,8551,0
4909633503245514,165028,74,2655,8551,0
4909633508303490,165028,74,2655,8551,0
4909633513360778,165028,74,2655,8551,0
4909633518417836,165028,74,2655,8551,0
4909633523474228,165028,74,2655,8551,0
4909633528599175,165028,74,2655,8551,0
4909633533751336,165028,74,2655,8551,0
4909633538943612,165028,74,2655,8551,0
4909633544160526,165028,74,2655,8551,0
4909633549215599,165028,74,2655,8551,0
4909633554273323,165028,74,2655,8551,0
4909633559332605,165028,74,2655,8551,0
4909633564402233,165028,74,2655,8551,0
4909633569466765,165028,74,2655,8551,0
4909633574525963,165028,74,2655,8551,0
4909633579583356,165028,74,2655,8551,0
4909633584642993,165028,74,2655,8551,0
4909633589712175,165028,74,2655,8551,0
4909633594776180,165028,74,2655,8551,0
4909633599834173,165028,74,2655,8551,0
4909633604892980,165028,74,2655,8551,0
4909633609959398,165028,74,2655,8551,0
4909633615051226,165028,74,2655,8551,0
4909633620126814,165028,74,2655,8551,0
4909633625190461,165028,74,2655,8551,0
4909633630248780,165028,74,2655,8551,0
4909633635305249,165028,74,2655,8551,0
4909633640371818,165028,74,2655,8551,0
4909633645432373,165028,74,2655,8551,0
4909633650501732,165028,74,2655,8551,0
4909633655565592,165028,74,2655,8551,0
4909633660623608,165028,74,2655,8551,0
4909633665682122,165028,74,2655,8551,0
4909633670861172,165028,74,2655,8551,0
4909633676034023,165028,74,2655,8551,0
4909633681237240,165028,74,2655,8551,0
4909633686308593,165028,74,2655,8551,0
4909633691443623,165028,74,2655,8551,0
4909633696606263,165028,74,2655,8551,0
4909633701797189,165028,74,2655,8551,0
4909633706981942,165028,74,2655,8551,0
4909633712161934,165028,74,2655,8551,0
4909633717220847,165028,74,2655,8551,0
4909633722353768,165028,74,2655,8551,0
4909633727412250,165028,74,2655,8551,0
4909633732537102,165028,74,2655,8551,0
4909633737649156,165028,74,2655,8551,0
4909633742771815,165028,74,2655,8551,0
4909633747957819,165028,74,2655,8551,0
4909633753129106,165028,74,2655,8551,0
4909633758187210,165028,74,2655,8551,0
4909633763245863,165028,74,2655,8551,0
4909633768305726,165028,74,2655,8551,0
4909633773361883,165028,74,2655,8551,0
4909633778429144,165028,74,2655,8551,0
4909633783495549,165028,74,2655,8551,0
4909633788557548,165028,74,2655,8551,0
4909633793615071,165028,74,2655,8551,0
4909633798674523,165028,74,2655,8551,0
4909633803837495,165028,74,2655,8551,0
4909633808996371,141304,74,2655,8551,0
4909633814203865,141304,74,2655,8551,0
4909633819262916,141304,74,2655,8551,0
4909633824319070,141304,74,2655,8551,0
4909633829372727,141304,74,2655,8551,0
4909633834430159,141304,74,2655,8551,0
4909633839502241,141304,74,2655,8551,0
4909633844571141,141304,74,2655,8551,0
4909633849786042,141304,74,2655,8551,0
4909633854956312,141304,74,2655,8551,0
4909633860220602,141304,74,2655,8551,0
4909633865279676,141304,74,2655,8551,0
4909633870337481,141304,74,2655,8551,0
4909633875398710,141304,74,2655,8551,0
4909633880454562,141304,74,2655,8551,0
4909633885509050,141304,74,2655,8551,0
4909633890562833,141304,74,2655,8551,0
4909633895686082,141304,74,2655,8551,0
4909633900743856,141304,74,2655,8551,0
4909633905798476,141304,74,2655,8551,0
4909633910853415,141304,74,2655,8551,0
4909633915907924,141304,74,2655,8551,0
4909633920964385,141304,74,2655,8551,0
4909633926008727,141304,74,2655,8551,0
4909633931066034,141304,74,2655,8551,0
4909633936124080,141304,74,2655,8551,0
4909633941186410,141304,74,2655,8551,0
4909633946244809,141304,74,2655,8551,0
4909633951301714,141304,74,2655,8551,0
4909633956491899,141304,74,2655,8551,0
4909633961630634,141304,74,2655,8551,0
4909633966787256,141304,74,2655,8551,0
4909633971918709,141304,74,2655,8551,0
4909633977021787,141304,74,2655,8551,0
4909633982158882,141304,74,2655,8551,0
4909633987182010,141304,74,2655,8551,0
4909633992196658,141304,74,2655,8551,0
4909633997255704,141304,74,2655,8551,0
4909634002314403,141304,74,2655,8551,0
4909634007376357,141304,74,2655,8551,0
4909634012435736,141304,74,2655,8551,0
4909634017494467,141304,74,2655,8551,0
4909634022551588,141304,74,2655,8551,0
4909634027686700,141304,74,2655,8551,0
4909634032819417,141304,74,2655,8551,0
4909634037985950,141304,74,2655,8551,0
4909634043168740,141304,74,2655,8551,0
4909634048309690,141304,74,2655,8551,0
4909634053441717,141304,74,2655,8551,0
4909634058587173,141304,74,2655,8551,0
4909634063713483,141304,74,2655,8551,0
4909634068843271,141304,74,2655,8551,0
4909634073969895,141304,74,2655,8551,0
4909634079133109,141304,74,2655,8551,0
4909634084172450,141304,74,2655,8551,0
4909634089323243,141304,74,2655,8551,0
4909634094513248,141304,74,2655,8551,0
4909634099672994,141304,74,2655,8551,0
4909634104797783,141304,74,2655,8551,0
4909634110003361,141304,74,2655,8551,0
4909634115176758,141304,74,2655,8551,0
4909634120375327,141304,74,2655,8551,0
4909634125439215,141304,74,2655,8551,0
4909634130583957,141304,74,2655,8551,0
4909634135672717,141304,74,2655,8551,0
4909634140859830,141304,74,2655,8551,0
4909634146046566,141304,74,2655,8551,0
4909634151203530,141304,74,2655,8551,0
4909634156365456,141304,74,2655,8551,0
4909634161515455,141304,74,2655,8551,0
4909634166571422,141304,74,2655,8551,0
4909634171648336,141304,74,2655,8551,0
4909634176786275,141304,74,2655,8551,0
4909634181966411,141304,74,2655,8551,0
4909634187164045,141304,74,2655,8551,0
4909634192296608,141304,74,2655,8551,0
4909634197357451,141304,74,2655,8551,0
4909634202416067,141304,74,2655,8551,0
4909634207472939,141304,74,2655,8551,0
4909634212612398,141304,74,2655,8551,0
4909634217784547,141304,74,2655,8551,0
4909634222919291,141304,74,2655,8551,0
4909634228128043,141304,74,2655,8551,0
4909634233297678,141304,74,2655,8551,0
4909634238356137,141304,74,2655,8551,0
4909634243413633,141304,74,2655,8551,0
4909634248588353,141304,74,2655,8551,0
4909634253767615,141304,74,2655,8551,0
4909634258825713,141304,74,2655,8551,0
4909634264006410,141304,74,2655,8551,0
4909634269167072,141304,74,2655,8551,0
4909634274228248,141304,74,2655,8551,0
4909634279375039,141304,74,2655,8551,0
4909634284575425,141304,74,2655,8551,0
4909634289898257,141304,74,2655,8551,0
4909634295106504,141304,74,2655,8551,0
4909634300130133,141304,74,2655,8551,0
4909634305191648,141304,74,2655,8551,0
4909634310332336,141076,74,2655,8551,0
4909634315485515,141076,74,2655,8551,0
4909634320669238,141076,74,2655,8551,0
4909634325792834,141076,74,2655,8551,0
4909634330967717,141076,74,2655,8551,0
4909634336124580,141076,74,2655,8551,0
4909634341182723,141076,74,2655,8551,0
4909634346243721,141076,74,2655,8551,0
4909634351299505,141076,74,2655,8551,0
4909634356354117,141076,74,2655,8551,0
4909634361407849,141076,74,2655,8551,0
4909634366461123,141076,74,2655,8551,0
4909634371611367,141076,74,2655,8551,0
4909634376757755,141076,74,2655,8551,0
4909634381939465,141076,74,2655,8551,0
4909634387023191,141076,74,2655,8551,0
4909634392133606,141076,74,2655,8551,0
4909634397327660,141076,74,2655,8551,0
4909634402487378,141076,74,2655,8551,0
4909634407633533,141076,74,2655,8551,0
4909634412764862,141076,74,2655,8551,0
4909634417949448,141076,74,2655,8551,0
4909634423112494,141076,74,2655,8551,0
4909634428250318,141076,74,2655,8551,0
4909634433475333,141076,74,2655,8551,0
4909634438635932,141076,74,2655,8551,0
4909634443773879,141076,74,2655,8551,0
4909634448962558,141076,74,2655,8551,0
4909634454120264,141076,74,2655,8551,0
4909634459301990,141076,74,2655,8551,0
4909634464477558,141076,74,2655,8551,0
4909634469615570,141076,74,2655,8551,0
4909634474754516,141076,74,2655,8551,0
4909634479930008,141076,74,2655,8551,0
4909634485112015,141076,74,2655,8551,0
4909634490276006,141076,74,2655,8551,0
4909634495336530,141076,74,2655,8551,0
4909634500394541,141076,74,2655,8551,0
4909634505453455,141076,74,2655,8551,0
4909634510511290,141076,74,2655,8551,0
4909634515568719,141076,74,2655,8551,0
4909634520625636,141076,74,2655,8551,0
4909634525812680,141076,74,2655,8551,0
4909634530993428,141076,74,2655,8551,0
4909634536135840,141076,74,2655,8551,0
4909634541146828,141076,74,2655,8551,0
4909634546205972,141076,74,2655,8551,0
4909634551262405,141076,74,2655,8551,0
4909634556316578,141076,74,2655,8551,0
4909634561488917,141076,74,2655,8551,0
4909634566548186,141076,74,2655,8551,0
4909634571606154,141076,74,2655,8551,0
4909634576663058,141076,74,2655,8551,0
4909634581722256,141076,74,2655,8551,0
4909634586780975,141076,74,2655,8551,0
4909634591840556,141076,74,2655,8551,0
4909634596896925,141076,74,2655,8551,0
4909634601951454,141076,74,2655,8551,0
4909634607003025,141076,74,2655,8551,0
4909634612057432,141076,74,2655,8551,0
4909634617114436,141076,74,2655,8551,0
4909634622169543,141076,74,2655,8551,0
4909634627228097,141076,74,2655,8551,0
4909634632288186,141076,74,2655,8551,0
4909634637349930,141076,74,2655,8551,0
4909634642411752,141076,74,2655,8551,0
4909634647468353,141076,74,2655,8551,0
4909634652522233,141076,74,2655,8551,0
4909634657576316,141076,74,2655,8551,0
4909634662631137,141076,74,2655,8551,0
4909634667687587,141076,74,2655,8551,0
4909634672742701,141076,74,2655,8551,0
4909634677795455,141076,74,2655,8551,0
4909634682849212,141076,74,2655,8551,0
4909634687906251,141076,74,2655,8551,0
4909634692962096,141076,74,2655,8551,0
4909634698002398,141076,74,2655,8551,0
4909634703060078,141076,74,2655,8551,0
4909634708115681,141076,74,2655,8551,0
4909634713169963,141076,74,2655,8551,0
4909634718224777,141076,74,2655,8551,0
4909634723282727,141076,74,2655,8551,0
4909634728339110,141076,74,2655,8551,0
4909634733397910,141076,74,2655,8551,0
4909634738457473,141076,74,2655,8551,0
4909634743515853,141076,74,2655,8551,0
4909634748573206,141076,74,2655,8551,0
4909634753629332,141076,74,2655,8551,0
4909634758756993,141076,74,2655,8551,0
4909634763812998,141076,74,2655,8551,0
4909634768873654,141076,74,2655,8551,0
4909634773932918,141076,74,2655,8551,0
4909634778996697,141076,74,2655,8551,0
4909634784101123,141076,74,2655,8551,0
4909634789233452,141076,74,2655,8551,0
4909634794291382,141076,74,2655,8551,0
4909634799418069,141076,74,2655,8551,0
4909634804475287,141076,74,2655,8551,0
4909634809617876,164490,74,2655,8551,0
4909634814724587,164490,74,2655,8551,0
4909634819858934,164490,74,2655,8551,0
4909634824988535,164490,74,2655,8551,0
4909634830185662,164490,74,2655,8551,0
4909634835244142,164490,74,2655,8551,0
4909634840400370,164490,74,2655,8551,0
4909634845459070,164490,74,2655,8551,0
4909634850599420,164490,74,2655,8551,0
4909634855764449,164490,74,2655,8551,0
4909634860925397,164490,74,2655,8551,0
4909634866157346,164490,74,2655,8551,0
4909634871332815,164490,74,2655,8551,0
4909634876466279,164490,74,2655,8551,0
4909634881597435,164490,74,2655,8551,0
4909634886731125,164490,74,2655,8551,0
4909634891868884,164490,74,2655,8551,0
4909634897046724,164490,74,2655,8551,0
4909634902235074,164490,74,2655,8551,0
4909634907406504,164490,74,2655,8551,0
4909634912597540,164490,74,2655,8551,0
4909634917821689,164490,74,2655,8551,0
4909634922881656,164490,74,2655,8551,0
4909634928046820,164490,74,2655,8551,0
4909634933102023,164490,74,2655,8551,0
4909634938156387,164490,74,2655,8551,0
4909634943210472,164490,74,2655,8551,0
4909634948264939,164490,74,2655,8551,0
4909634953318909,164490,74,2655,8551,0
4909634958372514,164490,74,2655,8551,0
4909634963425899,164490,74,2655,8551,0
4909634968480509,164490,74,2655,8551,0
4909634973534215,164490,74,2655,8551,0
4909634978588744,164490,74,2655,8551,0
4909634983644639,164490,74,2655,8551,0
4909634988705097,164490,74,2655,8551,0
4909634993761010,164490,74,2655,8551,0
4909634998815246,164490,74,2655,8551,0
4909635003870422,164490,74,2655,8551,0
4909635009083153,164490,74,2655,8551,0
4909635014120238,164490,74,2655,8551,0
4909635019299511,164490,74,2655,8551,0
4909635024356051,164490,74,2655,8551,0
4909635029491864,164490,74,2655,8551,0
4909635034548200,164490,74,2655,8551,0
4909635039609052,164490,74,2655,8551,0
4909635044762280,164490,74,2655,8551,0
4909635049822498,164490,74,2655,8551,0
4909635054878675,164490,74,2655,8551,0
4909635059937683,164490,74,2655,8551,0
4909635064993250,164490,74,2655,8551,0
4909635070007092,164490,74,2655,8551,0
4909635075062652,164490,74,2655,8551,0
4909635080131159,164490,74,2655,8551,0
4909635085276523,164490,74,2655,8551,0
4909635090425266,164490,74,2655,8551,0
4909635095481486,164490,74,2655,8551,0
4909635100669862,164490,74,2655,8551,0
4909635105846971,164490,74,2655,8551,0
4909635111084270,164490,74,2655,8551,0
4909635116158823,164490,74,2655,8551,0
4909635121221843,164490,74,2655,8551,0
4909635126387807,164490,74,2655,8551,0
4909635131448462,164490,74,2655,8551,0
4909635136506664,164490,74,2655,8551,0
4909635141565253,164490,74,2655,8551,0
4909635146625438,164490,74,2655,8551,0
4909635151751019,164490,74,2655,8551,0
4909635156807506,164490,74,2655,8551,0
4909635161989297,164490,74,2655,8551,0
4909635167011079,164490,74,2655,8551,0
4909635172066448,164490,74,2655,8551,0
4909635177130575,164490,74,2655,8551,0
4909635182195544,164490,74,2655,8551,0
4909635187253822,164490,74,2655,8551,0
4909635192411925,164490,74,2655,8551,0
4909635197565313,164490,74,2655,8551,0
4909635202738420,164490,74,2655,8551,0
4909635207903211,164490,74,2655,8551,0
4909635213098445,164490,74,2655,8551,0
4909635218175632,164490,74,2655,8551,0
4909635223305177,164490,74,2655,8551,0
4909635228364680,164490,74,2655,8551,0
4909635233588453,164490,74,2655,8551,0
4909635238716853,164490,74,2655,8551,0
4909635243852772,164490,74,2655,8551,0
4909635249015089,164490,74,2655,8551,0
4909635254172718,164490,74,2655,8551,0
4909635259229726,164490,74,2655,8551,0
4909635264375770,164490,74,2655,8551,0
4909635269434849,164490,74,2655,8551,0
4909635274493092,164490,74,2655,8551,0
4909635279548697,164490,74,2655,8551,0
4909635284607534,164490,74,2655,8551,0
4909635289668739,164490,74,2655,8551,0
4909635294727647,164490,74,2655,8551,0
4909635299784002,164490,74,2655,8551,0
4909635304838185,164490,74,2655,8551,0
4909635309893252,164754,74,2655,8551,0
4909635314951030,164754,74,2655,8551,0
4909635320004859,164754,74,2655,8551,0
4909635325058204,164754,74,2655,8551,0
4909635330116902,164754,74,2655,8551,0
4909635335174678,164754,74,2655,8551,0
4909635340239566,164754,74,2655,8551,0
4909635345304446,164754,74,2655,8551,0
4909635350365843,164754,74,2655,8551,0
4909635355422135,164754,74,2655,8551,0
4909635360479739,164754,74,2655,8551,0
4909635365536955,164754,74,2655,8551,0
4909635370592376,164754,74,2655,8551,0
4909635375647178,164754,74,2655,8551,0
4909635380702163,164754,74,2655,8551,0
4909635385759443,164754,74,2655,8551,0
4909635390814469,164754,74,2655,8551,0
4909635395868256,164754,74,2655,8551,0
4909635400921830,164754,74,2655,8551,0
4909635405975297,164754,74,2655,8551,0
4909635411006638,164754,74,2655,8551,0
4909635416076910,164754,74,2655,8551,0
4909635421143523,164754,74,2655,8551,0
4909635426200170,164754,74,2655,8551,0
4909635431269379,164754,74,2655,8551,0
4909635436336745,164754,74,2655,8551,0
4909635441397965,164754,74,2655,8551,0
4909635446463850,164754,74,2655,8551,0
4909635451521051,164754,74,2655,8551,0
4909635456574716,164754,74,2655,8551,0
4909635461628701,164754,74,2655,8551,0
4909635466686008,164754,74,2655,8551,0
4909635471749623,164754,74,2655,8551,0
4909635476918186,164754,74,2655,8551,0
4909635481981862,164754,74,2655,8551,0
4909635487171509,164754,74,2655,8551,0
4909635492229262,164754,74,2655,8551,0
4909635497287591,164754,74,2655,8551,0
4909635502345603,164754,74,2655,8551,0
4909635507498519,164754,74,2655,8551,0
4909635512630634,164754,74,2655,8551,0
4909635517808650,164754,74,2655,8551,0
4909635522939153,164754,74,2655,8551,0
4909635528178250,164754,74,2655,8551,0
4909635533402312,164754,74,2655,8551,0
4909635538563811,164754,74,2655,8551,0
4909635543621034,164754,74,2655,8551,0
4909635548757666,164754,74,2655,8551,0
4909635553922691,164754,74,2655,8551,0
4909635559089091,164754,74,2655,8551,0
4909635564138659,164754,74,2655,8551,0
4909635569199204,164754,74,2655,8551,0
4909635574259582,164754,74,2655,8551,0
4909635579319257,164754,74,2655,8551,0
4909635584467724,164754,74,2655,8551,0
4909635589632237,164754,74,2655,8551,0
4909635594691861,164754,74,2655,8551,0
4909635599870824,164754,74,2655,8551,0
4909635605038209,164754,74,2655,8551,0
4909635610116101,164754,74,2655,8551,0
4909635615141890,164754,74,2655,8551,0
4909635620295968,164754,74,2655,8551,0
4909635625361606,164754,74,2655,8551,0
4909635630419268,164754,74,2655,8551,0
4909635635476073,164754,74,2655,8551,0
4909635640635102,164754,74,2655,8551,0
4909635645786172,164754,74,2655,8551,0
4909635650952745,164754,74,2655,8551,0
4909635656139669,164754,74,2655,8551,0
4909635661296153,164754,74,2655,8551,0
4909635666482208,164754,74,2655,8551,0
4909635671605853,164754,74,2655,8551,0
4909635676775923,164754,74,2655,8551,0
4909635681935047,164754,74,2655,8551,0
4909635687173281,164754,74,2655,8551,0
4909635692363190,164754,74,2655,8551,0
4909635697483699,164754,74,2655,8551,0
4909635702620274,164754,74,2655,8551,0
4909635707794551,164754,74,2655,8551,0
4909635712932367,164754,74,2655,8551,0
4909635718128685,164754,74,2655,8551,0
4909635723298403,164754,74,2655,8551,0
4909635728432496,164754,74,2655,8551,0
4909635733569072,164754,74,2655,8551,0
4909635738702079,164754,74,2655,8551,0
4909635743827198,164754,74,2655,8551,0
4909635748951083,164754,74,2655,8551,0
4909635754174259,164754,74,2655,8551,0
4909635759232686,164754,74,2655,8551,0
4909635764298944,164754,74,2655,8551,0
4909635769438116,164754,74,2655,8551,0
4909635774496350,164754,74,2655,8551,0
4909635779659048,164754,74,2655,8551,0
4909635784789714,164754,74,2655,8551,0
4909635789994965,164754,74,2655,8551,0
4909635795171116,164754,74,2655,8551,0
4909635800309349,164754,74,2655,8551,0
4909635805452830,164754,74,2655,8551,0
4909635810618147,164724,74,2655,8551,0
4909635815757401,164724,74,2655,8551,0
4909635820942038,164724,74,2655,8551,0
4909635826104184,164724,74,2655,8551,0
4909635831273883,164724,74,2655,8551,0
4909635836432845,164724,74,2655,8551,0
4909635841623340,164724,74,2655,8551,0
4909635846751888,164724,74,2655,8551,0
4909635851886109,164724,74,2655,8551,0
4909635857041462,164724,74,2655,8551,0
4909635862201492,164724,74,2655,8551,0
4909635867265380,164724,74,2655,8551,0
4909635872322234,164724,74,2655,8551,0
4909635877376372,164724,74,2655,8551,0
4909635882432886,164724,74,2655,8551,0
4909635887492749,164724,74,2655,8551,0
4909635892562884,164724,74,2655,8551,0
4909635897627334,164724,74,2655,8551,0
4909635902686011,164724,74,2655,8551,0
4909635907746865,164724,74,2655,8551,0
4909635912818566,164724,74,2655,8551,0
4909635917884227,164724,74,2655,8551,0
4909635923131988,164724,74,2655,8551,0
4909635928190019,164724,74,2655,8551,0
4909635933248527,164724,74,2655,8551,0
4909635938385775,164724,74,2655,8551,0
4909635943564070,164724,74,2655,8551,0
4909635948691605,164724,74,2655,8551,0
4909635953823266,164724,74,2655,8551,0
4909635958951476,164724,74,2655,8551,0
4909635964009522,164724,74,2655,8551,0
4909635969071446,164724,74,2655,8551,0
4909635974135918,164724,74,2655,8551,0
4909635979195298,164724,74,2655,8551,0
4909635984254863,164724,74,2655,8551,0
4909635989312530,164724,74,2655,8551,0
4909635994371065,164724,74,2655,8551,0
4909635999428272,164724,74,2655,8551,0
4909636004487729,164724,74,2655,8551,0
4909636009543704,164724,74,2655,8551,0
4909636014610441,164724,74,2655,8551,0
4909636019673946,164724,74,2655,8551,0
4909636024731435,164724,74,2655,8551,0
4909636029799864,164724,74,2655,8551,0
4909636034864564,164724,74,2655,8551,0
4909636039920835,164724,74,2655,8551,0
4909636044978840,164724,74,2655,8551,0
4909636050015493,164724,74,2655,8551,0
4909636055072647,164724,74,2655,8551,0
4909636060133782,164724,74,2655,8551,0
4909636065191048,164724,74,2655,8551,0
4909636070246235,164724,74,2655,8551,0
4909636075300973,164724,74,2655,8551,0
4909636080354410,164724,74,2655,8551,0
4909636085409494,164724,74,2655,8551,0
4909636090463482,164724,74,2655,8551,0
4909636095518252,164724,74,2655,8551,0
4909636100574214,164724,74,2655,8551,0
4909636105629025,164724,74,2655,8551,0
4909636110696238,164724,74,2655,8551,0
4909636115757191,164724,74,2655,8551,0
4909636120813856,164724,74,2655,8551,0
4909636125884227,164724,74,2655,8551,0
4909636130951891,164724,74,2655,8551,0
4909636136006486,164724,74,2655,8551,0
4909636141079135,164724,74,2655,8551,0
4909636146144060,164724,74,2655,8551,0
4909636151204055,164724,74,2655,8551,0
4909636156262525,164724,74,2655,8551,0
4909636161318315,164724,74,2655,8551,0
4909636166371427,164724,74,2655,8551,0
4909636171425373,164724,74,2655,8551,0
4909636176483211,164724,74,2655,8551,0
4909636181539634,164724,74,2655,8551,0
4909636186594078,164724,74,2655,8551,0
4909636191653470,164724,74,2655,8551,0
4909636196714358,164724,74,2655,8551,0
4909636201773494,164724,74,2655,8551,0
4909636206834335,164724,74,2655,8551,0
4909636211894880,164724,74,2655,8551,0
4909636217034247,164724,74,2655,8551,0
4909636222146221,164724,74,2655,8551,0
4909636227293537,164724,74,2655,8551,0
4909636232352922,164724,74,2655,8551,0
4909636237410633,164724,74,2655,8551,0
4909636242467424,164724,74,2655,8551,0
4909636247526434,164724,74,2655,8551,0
4909636252584117,164724,74,2655,8551,0
4909636257735773,164724,74,2655,8551,0
4909636262868633,164724,74,2655,8551,0
4909636267927284,164724,74,2655,8551,0
4909636272983722,164724,74,2655,8551,0
4909636278154398,164724,74,2655,8551,0
4909636283310255,164724,74,2655,8551,0
4909636288370770,164724,74,2655,8551,0
4909636293497992,164724,74,2655,8551,0
4909636298655888,164724,74,2655,8551,0
4909636303787793,164724,74,2655,8551,0
4909636308985979,164677,74,2655,8551,0
4909636314162146,164677,74,2655,8551,0
4909636319322090,164677,74,2655,8551,0
4909636324477790,164677,74,2655,8551,0
4909636329542946,164677,74,2655,8551,0
4909636334692490,164677,74,2655,8551,0
4909636339879876,164677,74,2655,8551,0
4909636344943490,164677,74,2655,8551,0
4909636350002652,164677,74,2655,8551,0
4909636355061203,164677,74,2655,8551,0
4909636360121889,164677,74,2655,8551,0
4909636365179308,164677,74,2655,8551,0
4909636370232474,164677,74,2655,8551,0
4909636375354712,164677,74,2655,8551,0
4909636380492145,164677,74,2655,8551,0
4909636385635738,164677,74,2655,8551,0
4909636390833348,164677,74,2655,8551,0
4909636396009361,164677,74,2655,8551,0
4909636401104284,164677,74,2655,8551,0
4909636406149180,164677,74,2655,8551,0
4909636411207076,164677,74,2655,8551,0
4909636416272854,164677,74,2655,8551,0
4909636421340684,164677,74,2655,8551,0
4909636426400596,164677,74,2655,8551,0
4909636431460558,164677,74,2655,8551,0
4909636436637370,164677,74,2655,8551,0
4909636441697936,164677,74,2655,8551,0
4909636446861721,164677,74,2655,8551,0
4909636451923139,164677,74,2655,8551,0
4909636457099957,164677,74,2655,8551,0
4909636462159532,164677,74,2655,8551,0
4909636467219877,164677,74,2655,8551,0
4909636472277725,164677,74,2655,8551,0
4909636477337698,164677,74,2655,8551,0
4909636482397722,164677,74,2655,8551,0
4909636487460654,164677,74,2655,8551,0
4909636492520804,164677,74,2655,8551,0
4909636497582322,164677,74,2655,8551,0
4909636502638922,164677,74,2655,8551,0
4909636507696751,164677,74,2655,8551,0
4909636512844587,164677,74,2655,8551,0
4909636517903134,164677,74,2655,8551,0
4909636523049833,164677,74,2655,8551,0
4909636528188523,164677,74,2655,8551,0
4909636533350820,164677,74,2655,8551,0
4909636538492143,164677,74,2655,8551,0
4909636543630436,164677,74,2655,8551,0
4909636548858528,164677,74,2655,8551,0
4909636553998591,164677,74,2655,8551,0
4909636559181978,164677,74,2655,8551,0
4909636564310639,164677,74,2655,8551,0
4909636569368582,164677,74,2655,8551,0
4909636574483766,164677,74,2655,8551,0
4909636579665397,164677,74,2655,8551,0
4909636584827283,164677,74,2655,8551,0
4909636589950480,164677,74,2655,8551,0
4909636595126228,164677,74,2655,8551,0
4909636600295424,164677,74,2655,8551,0
4909636605477464,164677,74,2655,8551,0
4909636610641534,164677,74,2655,8551,0
4909636615848767,164677,74,2655,8551,0
4909636621018941,164677,74,2655,8551,0
4909636626174850,164677,74,2655,8551,0
4909636631321709,164677,74,2655,8551,0
4909636636381417,164677,74,2655,8551,0
4909636641512223,164677,74,2655,8551,0
4909636646643875,164677,74,2655,8551,0
4909636651811486,164677,74,2655,8551,0
4909636656949746,164677,74,2655,8551,0
4909636662012253,164677,74,2655,8551,0
4909636667071537,164677,74,2655,8551,0
4909636672152675,164677,74,2655,8551,0
4909636677314420,164677,74,2655,8551,0
4909636682374456,164677,74,2655,8551,0
4909636687434573,164677,74,2655,8551,0
4909636692494873,164677,74,2655,8551,0
4909636697555119,164677,74,2655,8551,0
4909636702613191,164677,74,2655,8551,0
4909636707669196,164677,74,2655,8551,0
4909636712726767,164677,74,2655,8551,0
4909636717782523,164677,74,2655,8551,0
4909636722835988,164677,74,2655,8551,0
4909636727890376,164677,74,2655,8551,0
4909636732947326,164677,74,2655,8551,0
4909636738004711,164677,74,2655,8551,0
4909636743060452,164677,74,2655,8551,0
4909636748114679,164677,74,2655,8551,0
4909636753169167,164677,74,2655,8551,0
4909636758226431,164677,74,2655,8551,0
4909636763281862,164677,74,2655,8551,0
4909636768336036,164677,74,2655,8551,0
4909636773389551,164677,74,2655,8551,0
4909636778443284,164677,74,2655,8551,0
4909636783499206,164677,74,2655,8551,0
4909636788555763,164677,74,2655,8551,0
4909636793612945,164677,74,2655,8551,0
4909636798674135,164677,74,2655,8551,0
4909636803740226,164677,74,2655,8551,0
4909636808809898,164741,74,2655,8551,0
4909636813872074,164741,74,2655,8551,0
4909636818935203,164741,74,2655,8551,0
4909636824005496,164741,74,2655,8551,0
4909636829062885,164741,74,2655,8551,0
4909636834121229,164741,74,2655,8551,0
4909636839178068,164741,74,2655,8551,0
4909636844232201,164741,74,2655,8551,0
4909636849286363,164741,74,2655,8551,0
4909636854340270,164741,74,2655,8551,0
4909636859394568,164741,74,2655,8551,0
4909636864452712,164741,74,2655,8551,0
4909636869507721,164741,74,2655,8551,0
4909636874561033,164741,74,2655,8551,0
4909636879625609,164741,74,2655,8551,0
4909636884682188,164741,74,2655,8551,0
4909636889741759,164741,74,2655,8551,0
4909636894800824,164741,74,2655,8551,0
4909636899993489,164741,74,2655,8551,0
4909636905153252,164741,74,2655,8551,0
4909636910280698,164741,74,2655,8551,0
4909636915437205,164741,74,2655,8551,0
4909636920574393,164741,74,2655,8551,0
4909636925759021,164741,74,2655,8551,0
4909636930917270,164741,74,2655,8551,0
4909636936116042,164741,74,2655,8551,0
4909636941300681,164741,74,2655,8551,0
4909636946444931,164741,74,2655,8551,0
4909636951584339,164741,74,2655,8551,0
4909636956729654,164741,74,2655,8551,0
4909636961901409,164741,74,2655,8551,0
4909636967150010,164741,74,2655,8551,0
4909636972209058,164741,74,2655,8551,0
4909636977266804,164741,74,2655,8551,0
4909636982415169,164741,74,2655,8551,0
4909636987473479,164741,74,2655,8551,0
4909636992719355,164741,74,2655,8551,0
4909636997896758,164741,74,2655,8551,0
4909637003062938,164741,74,2655,8551,0
4909637008246102,164741,74,2655,8551,0
4909637013393969,164741,74,2655,8551,0
4909637018534877,164741,74,2655,8551,0
4909637023672944,164741,74,2655,8551,0
4909637028827062,164741,74,2655,8551,0
4909637033970590,164741,74,2655,8551,0
4909637039142805,164741,74,2655,8551,0
4909637044202236,164741,74,2655,8551,0
4909637049258462,164741,74,2655,8551,0
4909637054317734,164741,74,2655,8551,0
4909637059373382,164741,74,2655,8551,0
4909637064496468,164741,74,2655,8551,0
4909637069649875,164741,74,2655,8551,0
4909637074831974,164741,74,2655,8551,0
4909637079978610,164741,74,2655,8551,0
4909637085156347,164741,74,2655,8551,0
4909637090335836,164741,74,2655,8551,0
4909637095470644,164741,74,2655,8551,0
4909637100652392,164741,74,2655,8551,0
4909637105839834,164741,74,2655,8551,0
4909637111010904,164741,74,2655,8551,0
4909637116187287,164741,74,2655,8551,0
4909637121324582,164741,74,2655,8551,0
4909637126465001,164741,74,2655,8551,0
4909637131617863,164741,74,2655,8551,0
4909637136787219,164741,74,2655,8551,0
4909637141916795,164741,74,2655,8551,0
4909637147103300,164741,74,2655,8551,0
4909637152276660,164741,74,2655,8551,0
4909637157459230,164741,74,2655,8551,0
4909637162516455,164741,74,2655,8551,0
4909637167618198,164741,74,2655,8551,0
4909637172817971,164741,74,2655,8551,0
4909637177967841,164741,74,2655,8551,0
4909637183194594,164741,74,2655,8551,0
4909637188383669,164741,74,2655,8551,0
4909637193519729,164741,74,2655,8551,0
4909637198665516,164741,74,2655,8551,0
4909637203880339,164741,74,2655,8551,0
4909637209054732,164741,74,2655,8551,0
4909637214300006,164741,74,2655,8551,0
4909637219461370,164741,74,2655,8551,0
4909637224605878,164741,74,2655,8551,0
4909637229792902,164741,74,2655,8551,0
4909637234965482,164741,74,2655,8551,0
4909637240155075,164741,74,2655,8551,0
4909637245351262,164741,74,2655,8551,0
4909637250502983,164741,74,2655,8551,0
4909637255677060,164741,74,2655,8551,0
4909637260870474,164741,74,2655,8551,0
4909637266072349,164741,74,2655,8551,0
4909637271104861,164741,74,2655,8551,0
4909637276271102,164741,74,2655,8551,0
4909637281447081,164741,74,2655,8551,0
4909637286635241,164741,74,2655,8551,0
4909637291775001,164741,74,2655,8551,0
4909637296955538,164741,74,2655,8551,0
4909637302136898,164741,74,2655,8551,0
4909637307327728,164741,74,2655,8551,0
4909637312454881,164758,74,2655,8551,0
4909637317595607,164758,74,2655,8551,0
4909637322731070,164758,74,2655,8551,0
4909637327885474,164758,74,2655,8551,0
4909637332943711,164758,74,2655,8551,0
4909637338123659,164758,74,2655,8551,0
4909637343299947,164758,74,2655,8551,0
4909637348356605,164758,74,2655,8551,0
4909637353541237,164758,74,2655,8551,0
4909637358611220,164758,74,2655,8551,0
4909637363815147,164758,74,2655,8551,0
4909637368963427,164758,74,2655,8551,0
4909637374145956,164758,74,2655,8551,0
4909637379159757,164758,74,2655,8551,0
4909637384217020,164758,74,2655,8551,0
4909637389346285,164758,74,2655,8551,0
4909637394405000,164758,74,2655,8551,0
4909637399461173,164758,74,2655,8551,0
4909637404516905,164758,74,2655,8551,0
4909637409574534,164758,74,2655,8551,0
4909637414633227,164758,74,2655,8551,0
4909637419763884,164758,74,2655,8551,0
4909637424832016,164758,74,2655,8551,0
4909637429892814,164758,74,2655,8551,0
4909637434947930,164758,74,2655,8551,0
4909637440002747,164758,74,2655,8551,0
4909637445194288,164758,74,2655,8551,0
4909637450320158,164758,74,2655,8551,0
4909637455486605,164758,74,2655,8551,0
4909637460626390,164758,74,2655,8551,0
4909637465817191,164758,74,2655,8551,0
4909637470984894,164758,74,2655,8551,0
4909637476168205,164758,74,2655,8551,0
4909637481233933,164758,74,2655,8551,0
4909637486293759,164758,74,2655,8551,0
4909637491352920,164758,74,2655,8551,0
4909637496411675,164758,74,2655,8551,0
4909637501564663,164758,74,2655,8551,0
4909637506730999,164758,74,2655,8551,0
4909637511866524,164758,74,2655,8551,0
4909637516998858,164758,74,2655,8551,0
4909637522173549,164758,74,2655,8551,0
4909637527327896,164758,74,2655,8551,0
4909637532499889,164758,74,2655,8551,0
4909637537718472,164758,74,2655,8551,0
4909637542924228,164758,74,2655,8551,0
4909637548099229,164758,74,2655,8551,0
4909637553146355,164758,74,2655,8551,0
4909637558288794,164758,74,2655,8551,0
4909637563452736,164758,74,2655,8551,0
4909637568588610,164758,74,2655,8551,0
4909637573729796,164758,74,2655,8551,0
4909637578877903,164758,74,2655,8551,0
4909637584040268,164758,74,2655,8551,0
4909637589218368,164758,74,2655,8551,0
4909637594370367,164758,74,2655,8551,0
4909637599548246,164758,74,2655,8551,0
4909637604691331,164758,74,2655,8551,0
4909637609859729,164758,74,2655,8551,0
4909637615019429,164758,74,2655,8551,0
4909637620174241,164758,74,2655,8551,0
4909637625232129,164758,74,2655,8551,0
4909637630288903,164758,74,2655,8551,0
4909637635345624,164758,74,2655,8551,0
4909637640406036,164758,74,2655,8551,0
4909637645466355,164758,74,2655,8551,0
4909637650526526,164758,74,2655,8551,0
4909637655584297,164758,74,2655,8551,0
4909637660739003,164758,74,2655,8551,0
4909637665865240,164758,74,2655,8551,0
4909637671080757,164758,74,2655,8551,0
4909637676140901,164758,74,2655,8551,0
4909637681335653,164758,74,2655,8551,0
4909637686489976,164758,74,2655,8551,0
4909637691634941,164758,74,2655,8551,0
4909637696851313,164758,74,2655,8551,0
4909637702016941,164758,74,2655,8551,0
4909637707335118,164758,74,2655,8551,0
4909637712395842,164758,74,2655,8551,0
4909637717546602,164758,74,2655,8551,0
4909637722694106,164758,74,2655,8551,0
4909637727915321,164758,74,2655,8551,0
4909637733128362,164758,74,2655,8551,0
4909637738361748,164758,74,2655,8551,0
4909637743510097,164758,74,2655,8551,0
4909637748664326,164758,74,2655,8551,0
4909637753788508,164758,74,2655,8551,0
4909637758967241,164758,74,2655,8551,0
4909637764132149,164758,74,2655,8551,0
4909637769277257,164758,74,2655,8551,0
4909637774402483,164758,74,2655,8551,0
4909637779532805,164758,74,2655,8551,0
4909637784687054,164758,74,2655,8551,0
4909637789824127,164758,74,2655,8551,0
4909637794999633,164758,74,2655,8551,0
4909637800202651,164758,74,2655,8551,0
4909637805263008,164758,74,2655,8551,0
4909637810410776,164701,74,2655,8551,0
4909637815567513,164701,74,2655,8551,0
4909637820712092,164701,74,2655,8551,0
4909637825855416,164701,74,2655,8551,0
4909637830999348,164701,74,2655,8551,0
4909637836223876,164701,74,2655,8551,0
4909637841285372,164701,74,2655,8551,0
4909637846344817,164701,74,2655,8551,0
4909637851401964,164701,74,2655,8551,0
4909637856455957,164701,74,2655,8551,0
4909637861510762,164701,74,2655,8551,0
4909637866565131,164701,74,2655,8551,0
4909637871621132,164701,74,2655,8551,0
4909637876747761,164701,74,2655,8551,0
4909637881807318,164701,74,2655,8551,0
4909637886870143,164701,74,2655,8551,0
4909637891940850,164701,74,2655,8551,0
4909637897008847,164701,74,2655,8551,0
4909637902069829,164701,74,2655,8551,0
4909637907126678,164701,74,2655,8551,0
4909637912185418,164701,74,2655,8551,0
4909637917248836,164701,74,2655,8551,0
4909637922312841,164701,74,2655,8551,0
4909637927374492,164701,74,2655,8551,0
4909637932431840,164701,74,2655,8551,0
4909637937485771,164701,74,2655,8551,0
4909637942545363,164701,74,2655,8551,0
4909637947606113,164701,74,2655,8551,0
4909637952663036,164701,74,2655,8551,0
4909637957722137,164701,74,2655,8551,0
4909637962783551,164701,74,2655,8551,0
4909637967842016,164701,74,2655,8551,0
4909637972902328,164701,74,2655,8551,0
4909637977964063,164701,74,2655,8551,0
4909637983025574,164701,74,2655,8551,0
4909637988086049,164701,74,2655,8551,0
4909637993144266,164701,74,2655,8551,0
4909637998318166,164701,74,2655,8551,0
4909638003489781,164701,74,2655,8551,0
4909638008650704,164701,74,2655,8551,0
4909638013830814,164701,74,2655,8551,0
4909638018973780,164701,74,2655,8551,0
4909638024172838,164701,74,2655,8551,0
4909638029329287,164701,74,2655,8551,0
4909638034528107,164701,74,2655,8551,0
4909638039587976,164701,74,2655,8551,0
4909638044735427,164701,74,2655,8551,0
4909638049876658,164701,74,2655,8551,0
4909638055034346,164701,74,2655,8551,0
4909638060230053,164701,74,2655,8551,0
4909638065289570,164701,74,2655,8551,0
4909638070349275,164701,74,2655,8551,0
4909638075408544,164701,74,2655,8551,0
4909638080537004,164701,74,2655,8551,0
4909638085713311,164701,74,2655,8551,0
4909638090883519,164701,74,2655,8551,0
4909638096128100,164701,74,2655,8551,0
4909638101183849,164701,74,2655,8551,0
4909638106241588,164701,74,2655,8551,0
4909638111298396,164701,74,2655,8551,0
4909638116361214,164701,74,2655,8551,0
4909638121418863,164701,74,2655,8551,0
4909638126474878,164701,74,2655,8551,0
4909638131529005,164701,74,2655,8551,0
4909638136679306,164701,74,2655,8551,0
4909638141843143,164701,74,2655,8551,0
4909638146900072,164701,74,2655,8551,0
4909638151959005,164701,74,2655,8551,0
4909638157008007,164701,74,2655,8551,0
4909638162067245,164701,74,2655,8551,0
4909638167126569,164701,74,2655,8551,0
4909638172186934,164701,74,2655,8551,0
4909638177245060,164701,74,2655,8551,0
4909638182300653,164701,74,2655,8551,0
4909638187354555,164701,74,2655,8551,0
4909638192412014,164701,74,2655,8551,0
4909638197470318,164701,74,2655,8551,0
4909638202531564,164701,74,2655,8551,0
4909638207595921,164701,74,2655,8551,0
4909638212653904,164701,74,2655,8551,0
4909638217708160,164701,74,2655,8551,0
4909638222763366,164701,74,2655,8551,0
4909638227820092,164701,74,2655,8551,0
4909638232874635,164701,74,2655,8551,0
4909638237932736,164701,74,2655,8551,0
4909638242988138,164701,74,2655,8551,0
4909638248006370,164701,74,2655,8551,0
4909638253063491,164701,74,2655,8551,0
4909638258122474,164701,74,2655,8551,0
4909638263181613,164701,74,2655,8551,0
4909638268243933,164701,74,2655,8551,0
4909638273308423,164701,74,2655,8551,0
4909638278372144,164701,74,2655,8551,0
4909638283434244,164701,74,2655,8551,0
4909638288495893,164701,74,2655,8551,0
4909638293566670,164701,74,2655,8551,0
4909638298631959,164701,74,2655,8551,0
4909638303691866,164701,74,2655,8551,0
4909638308751809,164658,74,2655,8551,0
4909638313813138,164658,74,2655,8551,0
4909638318978701,164658,74,2655,8551,0
4909638324010484,164658,74,2655,8551,0
4909638329076798,164658,74,2655,8551,0
4909638334136322,164658,74,2655,8551,0
4909638339193388,164658,74,2655,8551,0
4909638344248703,164658,74,2655,8551,0
4909638349406255,164658,74,2655,8551,0
4909638354473439,164658,74,2655,8551,0
4909638359535863,164658,74,2655,8551,0
4909638364719367,164658,74,2655,8551,0
4909638369867444,164658,74,2655,8551,0
4909638375042305,164658,74,2655,8551,0
4909638380153309,164658,74,2655,8551,0
4909638385319816,164658,74,2655,8551,0
4909638390519813,164658,74,2655,8551,0
4909638395682837,164658,74,2655,8551,0
4909638400827527,164658,74,2655,8551,0
4909638406007982,164658,74,2655,8551,0
4909638411177733,164658,74,2655,8551,0
4909638416234280,164658,74,2655,8551,0
4909638421381379,164658,74,2655,8551,0
4909638426532551,164658,74,2655,8551,0
4909638431703352,164658,74,2655,8551,0
4909638436831532,164658,74,2655,8551,0
4909638441991862,164658,74,2655,8551,0
4909638447142258,164658,74,2655,8551,0
4909638452329343,164658,74,2655,8551,0
4909638457386349,164658,74,2655,8551,0
4909638462524723,164658,74,2655,8551,0
4909638467580983,164658,74,2655,8551,0
4909638472642170,164658,74,2655,8551,0
4909638477799620,164658,74,2655,8551,0
4909638482946762,164658,74,2655,8551,0
4909638488204622,164658,74,2655,8551,0
4909638493348256,164658,74,2655,8551,0
4909638498489490,164658,74,2655,8551,0
4909638503642605,164658,74,2655,8551,0
4909638508793542,164658,74,2655,8551,0
4909638513853096,164658,74,2655,8551,0
4909638519029823,164658,74,2655,8551,0
4909638524121614,164658,74,2655,8551,0
4909638529147408,164658,74,2655,8551,0
4909638534182469,164658,74,2655,8551,0
4909638539243394,164658,74,2655,8551,0
4909638544305116,164658,74,2655,8551,0
4909638549363195,164658,74,2655,8551,0
4909638554420300,164658,74,2655,8551,0
4909638559482614,164658,74,2655,8551,0
4909638564626340,164658,74,2655,8551,0
4909638569772751,164658,74,2655,8551,0
4909638574959167,164658,74,2655,8551,0
4909638580145424,164658,74,2655,8551,0
4909638585315067,164658,74,2655,8551,0
4909638590457234,164658,74,2655,8551,0
4909638595599601,164658,74,2655,8551,0
4909638600722937,164658,74,2655,8551,0
4909638605857444,164658,74,2655,8551,0
4909638611030762,164658,74,2655,8551,0
4909638616175699,164658,74,2655,8551,0
4909638621337823,164658,74,2655,8551,0
4909638626495253,164658,74,2655,8551,0
4909638631650615,164658,74,2655,8551,0
4909638636841003,164658,74,2655,8551,0
4909638641981487,164658,74,2655,8551,0
4909638647145522,164658,74,2655,8551,0
4909638652270672,164658,74,2655,8551,0
4909638657325856,164658,74,2655,8551,0
4909638662483685,164658,74,2655,8551,0
4909638667655978,164658,74,2655,8551,0
4909638672835598,164658,74,2655,8551,0
4909638677974931,164658,74,2655,8551,0
4909638683175444,164658,74,2655,8551,0
4909638688234095,164658,74,2655,8551,0
4909638693292702,164658,74,2655,8551,0
4909638698352142,164658,74,2655,8551,0
4909638703494671,164658,74,2655,8551,0
4909638708623858,164658,74,2655,8551,0
4909638713813895,164658,74,2655,8551,0
4909638718965441,164658,74,2655,8551,0
4909638724148203,164658,74,2655,8551,0
4909638729308384,164658,74,2655,8551,0
4909638734515271,164658,74,2655,8551,0
4909638739642798,164658,74,2655,8551,0
4909638744796728,164658,74,2655,8551,0
4909638749959359,164658,74,2655,8551,0
4909638755152524,164658,74,2655,8551,0
4909638760309627,164658,74,2655,8551,0
4909638765462593,164658,74,2655,8551,0
4909638770522841,164658,74,2655,8551,0
4909638775687015,164658,74,2655,8551,0
4909638780831951,164658,74,2655,8551,0
4909638785893700,164658,74,2655,8551,0
4909638791053063,164658,74,2655,8551,0
4909638796143939,164658,74,2655,8551,0
4909638801203197,164658,74,2655,8551,0
4909638806379495,164658,74,2655,8551,0
4909638811705205,164763,74,2655,8551,0
4909638816885498,164763,74,2655,8551,0
4909638821967286,164763,74,2655,8551,0
4909638827185824,164763,74,2655,8551,0
4909638832260802,164763,74,2655,8551,0
4909638837340997,164763,74,2655,8551,0
4909638842409798,164763,74,2655,8551,0
4909638847469079,164763,74,2655,8551,0
4909638852528611,164763,74,2655,8551,0
4909638857770757,164763,74,2655,8551,0
4909638862962396,164763,74,2655,8551,0
4909638868169788,164763,74,2655,8551,0
4909638873246580,164763,74,2655,8551,0
4909638878305689,164763,74,2655,8551,0
4909638883365360,164763,74,2655,8551,0
4909638888425264,164763,74,2655,8551,0
4909638893485754,164763,74,2655,8551,0
4909638898545447,164763,74,2655,8551,0
4909638903693861,164763,74,2655,8551,0
4909638908922320,164763,74,2655,8551,0
4909638914187341,164763,74,2655,8551,0
4909638919287636,164763,74,2655,8551,0
4909638924499994,164763,74,2655,8551,0
4909638929573395,164763,74,2655,8551,0
4909638934657184,164763,74,2655,8551,0
4909638939740065,164763,74,2655,8551,0
4909638944918863,164763,74,2655,8551,0
4909638950106531,164763,74,2655,8551,0
4909638955243771,164763,74,2655,8551,0
4909638960319940,164763,74,2655,8551,0
4909638965384423,164763,74,2655,8551,0
4909638970446989,164763,74,2655,8551,0
4909638975504770,164763,74,2655,8551,0
4909638980564503,164763,74,2655,8551,0
4909638985748358,164763,74,2655,8551,0
4909638990989189,164763,74,2655,8551,0
4909638996196232,164763,74,2655,8551,0
4909639001292269,164763,74,2655,8551,0
4909639006367758,164763,74,2655,8551,0
4909639011435662,164763,74,2655,8551,0
4909639016628415,164763,74,2655,8551,0
4909639021784572,164763,74,2655,8551,0
4909639026972825,164763,74,2655,8551,0
4909639032183071,164763,74,2655,8551,0
4909639037286200,164763,74,2655,8551,0
4909639042349308,164763,74,2655,8551,0
4909639047409357,164763,74,2655,8551,0
4909639052469313,164763,74,2655,8551,0
4909639057529208,164763,74,2655,8551,0
4909639062731195,164763,74,2655,8551,0
4909639067942476,164763,74,2655,8551,0
4909639073185308,164763,74,2655,8551,0
4909639078260948,164763,74,2655,8551,0
4909639083320956,164763,74,2655,8551,0
4909639088381045,164763,74,2655,8551,0
4909639093440995,164763,74,2655,8551,0
4909639098515898,164763,74,2655,8551,0
4909639103656976,164763,74,2655,8551,0
4909639108851271,164763,74,2655,8551,0
4909639114028228,164763,74,2655,8551,0
4909639119278351,164763,74,2655,8551,0
4909639124349818,164763,74,2655,8551,0
4909639129408768,164763,74,2655,8551,0
4909639134468427,164763,74,2655,8551,0
4909639139692010,164763,74,2655,8551,0
4909639144851627,164763,74,2655,8551,0
4909639150024441,164763,74,2655,8551,0
4909639155160763,164763,74,2655,8551,0
4909639160235683,164763,74,2655,8551,0
4909639165295450,164763,74,2655,8551,0
4909639170555294,164763,74,2655,8551,0
4909639175809207,164763,74,2655,8551,0
4909639180984690,164763,74,2655,8551,0
4909639186120878,164763,74,2655,8551,0
4909639191218405,164763,74,2655,8551,0
4909639196294109,164763,74,2655,8551,0
4909639201353664,164763,74,2655,8551,0
4909639206410855,164763,74,2655,8551,0
4909639211576806,164763,74,2655,8551,0
4909639216773950,164763,74,2655,8551,0
4909639221914398,164763,74,2655,8551,0
4909639227078574,164763,74,2655,8551,0
4909639232094978,164763,74,2655,8551,0
4909639237156960,164763,74,2655,8551,0
4909639242262828,164763,74,2655,8551,0
4909639247322485,164763,74,2655,8551,0
4909639252379609,164763,74,2655,8551,0
4909639257436252,164763,74,2655,8551,0
4909639262491137,164763,74,2655,8551,0
4909639267545788,164763,74,2655,8551,0
4909639272602653,164763,74,2655,8551,0
4909639277659342,164763,74,2655,8551,0
4909639282716079,164763,74,2655,8551,0
4909639287773351,164763,74,2655,8551,0
4909639292837669,164763,74,2655,8551,0
4909639297903607,164763,74,2655,8551,0
4909639303129708,164763,74,2655,8551,0
4909639308219405,164780,74,2655,8551,0
4909639313299304,164780,74,2655,8551,0
4909639318374220,164780,74,2655,8551,0
4909639323441295,164780,74,2655,8551,0
4909639328500858,164780,74,2655,8551,0
4909639333557752,164780,74,2655,8551,0
4909639338619335,164780,74,2655,8551,0
4909639343733162,164780,74,2655,8551,0
4909639348897916,164780,74,2655,8551,0
4909639354075141,164780,74,2655,8551,0
4909639359130449,164780,74,2655,8551,0
4909639364234670,164780,74,2655,8551,0
4909639369306028,164780,74,2655,8551,0
4909639374365790,164780,74,2655,8551,0
4909639379549771,164780,74,2655,8551,0
4909639384746782,164780,74,2655,8551,0
4909639389905658,164780,74,2655,8551,0
4909639395099531,164780,74,2655,8551,0
4909639400172559,164780,74,2655,8551,0
4909639405241254,164780,74,2655,8551,0
4909639410316997,164780,74,2655,8551,0
4909639415376721,164780,74,2655,8551,0
4909639420436396,164780,74,2655,8551,0
4909639425496037,164780,74,2655,8551,0
4909639430578814,164780,74,2655,8551,0
4909639435780247,164780,74,2655,8551,0
4909639440921972,164780,74,2655,8551,0
4909639446188785,164780,74,2655,8551,0
4909639451284039,164780,74,2655,8551,0
4909639456373284,164780,74,2655,8551,0
4909639461458557,164780,74,2655,8551,0
4909639466658996,164780,74,2655,8551,0
4909639471880424,164780,74,2655,8551,0
4909639477046529,164780,74,2655,8551,0
4909639482213874,164780,74,2655,8551,0
4909639487290037,164780,74,2655,8551,0
4909639492349442,164780,74,2655,8551,0
4909639497409186,164780,74,2655,8551,0
4909639502468800,164780,74,2655,8551,0
4909639507528759,164780,74,2655,8551,0
4909639512659220,164780,74,2655,8551,0
4909639517777471,164780,74,2655,8551,0
4909639522958693,164780,74,2655,8551,0
4909639528246221,164780,74,2655,8551,0
4909639533322541,164780,74,2655,8551,0
4909639538382487,164780,74,2655,8551,0
4909639543442431,164780,74,2655,8551,0
4909639548502980,164780,74,2655,8551,0
4909639553577751,164780,74,2655,8551,0
4909639558752365,164780,74,2655,8551,0
4909639563929063,164780,74,2655,8551,0
4909639569230706,164780,74,2655,8551,0
4909639574306698,164780,74,2655,8551,0
4909639579366391,164780,74,2655,8551,0
4909639584451194,164780,74,2655,8551,0
4909639589546631,164780,74,2655,8551,0
4909639594618044,164780,74,2655,8551,0
4909639599773674,164780,74,2655,8551,0
4909639604831937,164780,74,2655,8551,0
4909639609904749,164780,74,2655,8551,0
4909639615086628,164780,74,2655,8551,0
4909639620148931,164780,74,2655,8551,0
4909639625253766,164780,74,2655,8551,0
4909639630317442,164780,74,2655,8551,0
4909639635521342,164780,74,2655,8551,0
4909639640597410,164780,74,2655,8551,0
4909639645774689,164780,74,2655,8551,0
4909639650989613,164780,74,2655,8551,0
4909639656164525,164780,74,2655,8551,0
4909639661235710,164780,74,2655,8551,0
4909639666299040,164780,74,2655,8551,0
4909639671471751,164780,74,2655,8551,0
4909639676542869,164780,74,2655,8551,0
4909639681602741,164780,74,2655,8551,0
4909639686817290,164780,74,2655,8551,0
4909639691983501,164780,74,2655,8551,0
4909639697077191,164780,74,2655,8551,0
4909639702223126,164780,74,2655,8551,0
4909639707298292,164780,74,2655,8551,0
4909639712358104,164780,74,2655,8551,0
4909639717417597,164780,74,2655,8551,0
4909639722482665,164780,74,2655,8551,0
4909639727547238,164780,74,2655,8551,0
4909639732624709,164780,74,2655,8551,0
4909639737889394,164780,74,2655,8551,0
4909639743132956,164780,74,2655,8551,0
4909639748246504,164780,74,2655,8551,0
4909639753480152,164780,74,2655,8551,0
4909639758729162,164780,74,2655,8551,0
4909639763923492,164780,74,2655,8551,0
4909639769168959,164780,74,2655,8551,0
4909639774245037,164780,74,2655,8551,0
4909639779305427,164780,74,2655,8551,0
4909639784387934,164780,74,2655,8551,0
4909639789643022,164780,74,2655,8551,0
4909639794873355,164780,74,2655,8551,0
4909639799945120,164780,74,2655,8551,0
4909639805249193,164780,74,2655,8551,0
4909639810324534,164696,74,2655,8551,0
4909639815384850,164696,74,2655,8551,0
4909639820444334,164696,74,2655,8551,0
4909639825829455,164696,74,2655,8551,0
4909639831012399,164696,74,2655,8551,0
4909639836171086,164696,74,2655,8551,0
4909639841386167,164696,74,2655,8551,0
4909639846561038,164696,74,2655,8551,0
4909639851740526,164696,74,2655,8551,0
4909639856967556,164696,74,2655,8551,0
4909639862095594,164696,74,2655,8551,0
4909639867238337,164696,74,2655,8551,0
4909639872301789,164696,74,2655,8551,0
4909639877484907,164696,74,2655,8551,0
4909639882631232,164696,74,2655,8551,0
4909639887761042,164696,74,2655,8551,0
4909639892923939,164696,74,2655,8551,0
4909639898153037,164696,74,2655,8551,0
4909639903310451,164696,74,2655,8551,0
4909639908480876,164696,74,2655,8551,0
4909639913623454,164696,74,2655,8551,0
4909639918766464,164696,74,2655,8551,0
4909639923908510,164696,74,2655,8551,0
4909639929073811,164696,74,2655,8551,0
4909639934264667,164696,74,2655,8551,0
4909639939328216,164696,74,2655,8551,0
4909639944478385,164696,74,2655,8551,0
4909639949542501,164696,74,2655,8551,0
4909639954786677,164696,74,2655,8551,0
4909639959847241,164696,74,2655,8551,0
4909639964989629,164696,74,2655,8551,0
4909639970177244,164696,74,2655,8551,0
4909639975294345,164696,74,2655,8551,0
4909639980449863,164696,74,2655,8551,0
4909639985578798,164696,74,2655,8551,0
4909639990699462,164696,74,2655,8551,0
4909639995853193,164696,74,2655,8551,0
4909640001094438,164696,74,2655,8551,0
4909640006155291,164696,74,2655,8551,0
4909640011333175,164696,74,2655,8551,0
4909640016493605,164696,74,2655,8551,0
4909640021556994,164696,74,2655,8551,0
4909640026681299,164696,74,2655,8551,0
4909640031859532,164696,74,2655,8551,0
4909640037026319,164696,74,2655,8551,0
4909640042157747,164696,74,2655,8551,0
4909640047228104,164696,74,2655,8551,0
4909640052291855,164696,74,2655,8551,0
4909640057431563,164696,74,2655,8551,0
4909640062495085,164696,74,2655,8551,0
4909640067656434,164696,74,2655,8551,0
4909640072833535,164696,74,2655,8551,0
4909640078007194,164696,74,2655,8551,0
4909640083150939,164696,74,2655,8551,0
4909640088334251,164696,74,2655,8551,0
4909640093397901,164696,74,2655,8551,0
4909640098457578,164696,74,2655,8551,0
4909640103517199,164696,74,2655,8551,0
4909640108706112,164696,74,2655,8551,0
4909640113847015,164696,74,2655,8551,0
4909640119011731,164696,74,2655,8551,0
4909640124148207,164696,74,2655,8551,0
4909640129219784,164696,74,2655,8551,0
4909640134283912,164696,74,2655,8551,0
4909640139450147,164696,74,2655,8551,0
4909640144514174,164696,74,2655,8551,0
4909640149647024,164696,74,2655,8551,0
4909640154819683,164696,74,2655,8551,0
4909640160012580,164696,74,2655,8551,0
4909640165177376,164696,74,2655,8551,0
4909640170355536,164696,74,2655,8551,0
4909640175419058,164696,74,2655,8551,0
4909640180582907,164696,74,2655,8551,0
4909640185747489,164696,74,2655,8551,0
4909640190952130,164696,74,2655,8551,0
4909640196194595,164696,74,2655,8551,0
4909640201359426,164696,74,2655,8551,0
4909640206504432,164696,74,2655,8551,0
4909640211683847,164696,74,2655,8551,0
4909640216744369,164696,74,2655,8551,0
4909640221901156,164696,74,2655,8551,0
4909640227037360,164696,74,2655,8551,0
4909640232206129,164696,74,2655,8551,0
4909640237407401,164696,74,2655,8551,0
4909640242602389,164696,74,2655,8551,0
4909640247755878,164696,74,2655,8551,0
4909640252956169,164696,74,2655,8551,0
4909640258004708,164696,74,2655,8551,0
4909640263268996,164696,74,2655,8551,0
4909640268431295,164696,74,2655,8551,0
4909640273625944,164696,74,2655,8551,0
4909640278798243,164696,74,2655,8551,0
4909640283860442,164696,74,2655,8551,0
4909640288994486,164696,74,2655,8551,0
4909640294064067,164696,74,2655,8551,0
4909640299137209,164696,74,2655,8551,0
4909640304198047,164696,74,2655,8551,0
4909640309257687,164707,74,2655,8551,0
4909640314315622,164707,74,2655,8551,0
4909640319382897,164707,74,2655,8551,0
4909640324456498,164707,74,2655,8551,0
4909640329536528,164707,74,2655,8551,0
4909640334614237,164707,74,2655,8551,0
4909640339797454,164707,74,2655,8551,0
4909640344854516,164707,74,2655,8551,0
4909640350018138,164707,74,2655,8551,0
4909640355123549,164707,74,2655,8551,0
4909640360187808,164707,74,2655,8551,0
4909640365252058,164707,74,2655,8551,0
4909640370311433,164707,74,2655,8551,0
4909640375368020,164707,74,2655,8551,0
4909640380510414,164707,74,2655,8551,0
4909640385703900,164707,74,2655,8551,0
4909640390874845,164707,74,2655,8551,0
4909640396030237,164707,74,2655,8551,0
4909640401178885,164707,74,2655,8551,0
4909640406242527,164707,74,2655,8551,0
4909640411437243,164707,74,2655,8551,0
4909640416500792,164707,74,2655,8551,0
4909640421660933,164707,74,2655,8551,0
4909640426793198,164707,74,2655,8551,0
4909640431933009,164707,74,2655,8551,0
4909640437137909,164707,74,2655,8551,0
4909640442285502,164707,74,2655,8551,0
4909640447348894,164707,74,2655,8551,0
4909640452513148,164707,74,2655,8551,0
4909640457573660,164707,74,2655,8551,0
4909640462789097,164707,74,2655,8551,0
4909640467920997,164707,74,2655,8551,0
4909640473066015,164707,74,2655,8551,0
4909640478095856,164707,74,2655,8551,0
4909640483244073,164707,74,2655,8551,0
4909640488307434,164707,74,2655,8551,0
4909640493449302,164707,74,2655,8551,0
4909640498512767,164707,74,2655,8551,0
4909640503652218,164707,74,2655,8551,0
4909640508800985,164707,74,2655,8551,0
4909640514009225,164707,74,2655,8551,0
4909640519075370,164707,74,2655,8551,0
4909640524249020,164707,74,2655,8551,0
4909640529313279,164707,74,2655,8551,0
4909640534451505,164707,74,2655,8551,0
4909640539666151,164707,74,2655,8551,0
4909640544867661,164707,74,2655,8551,0
4909640550047300,164707,74,2655,8551,0
4909640555218556,164707,74,2655,8551,0
4909640560282571,164707,74,2655,8551,0
4909640565457134,164707,74,2655,8551,0
4909640570589265,164707,74,2655,8551,0
4909640575742169,164707,74,2655,8551,0
4909640580935606,164707,74,2655,8551,0
4909640586140370,164707,74,2655,8551,0
4909640591313097,164707,74,2655,8551,0
4909640596489386,164707,74,2655,8551,0
4909640601645057,164707,74,2655,8551,0
4909640606818555,164707,74,2655,8551,0
4909640611961953,164707,74,2655,8551,0
4909640617153867,164707,74,2655,8551,0
4909640622225754,164707,74,2655,8551,0
4909640627357847,164707,74,2655,8551,0
4909640632501542,164707,74,2655,8551,0
4909640637696496,164707,74,2655,8551,0
4909640642854566,164707,74,2655,8551,0
4909640648123669,164707,74,2655,8551,0
4909640653366829,164707,74,2655,8551,0
4909640658532067,164707,74,2655,8551,0
4909640663603291,164707,74,2655,8551,0
4909640668799502,164707,74,2655,8551,0
4909640674039779,164707,74,2655,8551,0
4909640679119261,164707,74,2655,8551,0
4909640684224965,164707,74,2655,8551,0
4909640689297433,164707,74,2655,8551,0
4909640694358404,164707,74,2655,8551,0
4909640699426828,164707,74,2655,8551,0
4909640704495697,164707,74,2655,8551,0
4909640709586996,164707,74,2655,8551,0
4909640714741642,164707,74,2655,8551,0
4909640719923408,164707,74,2655,8551,0
4909640725187689,164707,74,2655,8551,0
4909640730364910,164707,74,2655,8551,0
4909640735567746,164707,74,2655,8551,0
4909640740696197,164707,74,2655,8551,0
4909640745900204,164707,74,2655,8551,0
4909640751031469,164707,74,2655,8551,0
4909640756091901,164707,74,2655,8551,0
4909640761158057,164707,74,2655,8551,0
4909640766313774,164707,74,2655,8551,0
4909640771377205,164707,74,2655,8551,0
4909640776528682,164707,74,2655,8551,0
4909640781592382,164707,74,2655,8551,0
4909640786729143,164707,74,2655,8551,0
4909640791890612,164707,74,2655,8551,0
4909640797058134,164707,74,2655,8551,0
4909640802099930,164707,74,2655,8551,0
4909640807262217,164707,74,2655,8551,0
4909640812326552,164721,74,2655,8551,0
4909640817473900,164721,74,2655,8551,0
4909640822603765,164721,74,2655,8551,0
4909640827812421,164721,74,2655,8551,0
4909640832988988,164721,74,2655,8551,0
4909640838179438,164721,74,2655,8551,0
4909640843241637,164721,74,2655,8551,0
4909640848455851,164721,74,2655,8551,0
4909640853585142,164721,74,2655,8551,0
4909640858753721,164721,74,2655,8551,0
4909640863944028,164721,74,2655,8551,0
4909640869090590,164721,74,2655,8551,0
4909640874145565,164721,74,2655,8551,0
4909640879327197,164721,74,2655,8551,0
4909640884390936,164721,74,2655,8551,0
4909640889451006,164721,74,2655,8551,0
4909640894510442,164721,74,2655,8551,0
4909640899676986,164721,74,2655,8551,0
4909640904834590,164721,74,2655,8551,0
4909640910046934,164721,74,2655,8551,0
4909640915236014,164721,74,2655,8551,0
4909640920297274,164721,74,2655,8551,0
4909640925423899,164721,74,2655,8551,0
4909640930595993,164721,74,2655,8551,0
4909640935757284,164721,74,2655,8551,0
4909640940923813,164721,74,2655,8551,0
4909640946069638,164721,74,2655,8551,0
4909640951098641,164721,74,2655,8551,0
4909640956262356,164721,74,2655,8551,0
4909640961323536,164721,74,2655,8551,0
4909640966383092,164721,74,2655,8551,0
4909640971458059,164721,74,2655,8551,0
4909640976525668,164721,74,2655,8551,0
4909640981654203,164721,74,2655,8551,0
4909640986844837,164721,74,2655,8551,0
4909640992012502,164721,74,2655,8551,0
4909640997187927,164721,74,2655,8551,0
4909641002251552,164721,74,2655,8551,0
4909641007311259,164721,74,2655,8551,0
4909641012507478,164721,74,2655,8551,0
4909641017661517,164721,74,2655,8551,0
4909641022821834,164721,74,2655,8551,0
4909641027985217,164721,74,2655,8551,0
4909641033194624,164721,74,2655,8551,0
4909641038511889,164721,74,2655,8551,0
4909641043677155,164721,74,2655,8551,0
4909641048804369,164721,74,2655,8551,0
4909641053956073,164721,74,2655,8551,0
4909641059026463,164721,74,2655,8551,0
4909641064169903,164721,74,2655,8551,0
4909641069241255,164721,74,2655,8551,0
4909641074300910,164721,74,2655,8551,0
4909641079359757,164721,74,2655,8551,0
4909641084417424,164721,74,2655,8551,0
4909641089476763,164721,74,2655,8551,0
4909641094667538,164721,74,2655,8551,0
4909641099882546,164721,74,2655,8551,0
4909641105146700,164721,74,2655,8551,0
4909641110221836,164721,74,2655,8551,0
4909641115281719,164721,74,2655,8551,0
4909641120339445,164721,74,2655,8551,0
4909641125396825,164721,74,2655,8551,0
4909641130456460,164721,74,2655,8551,0
4909641135515951,164721,74,2655,8551,0
4909641140655904,164721,74,2655,8551,0
4909641145799625,164721,74,2655,8551,0
4909641150924260,164721,74,2655,8551,0
4909641156124921,164721,74,2655,8551,0
4909641161216607,164721,74,2655,8551,0
4909641166284135,164721,74,2655,8551,0
4909641171343678,164721,74,2655,8551,0
4909641176418443,164721,74,2655,8551,0
4909641181483389,164721,74,2655,8551,0
4909641186542786,164721,74,2655,8551,0
4909641191601375,164721,74,2655,8551,0
4909641196813539,164721,74,2655,8551,0
4909641202013388,164721,74,2655,8551,0
4909641207201496,164721,74,2655,8551,0
4909641212353758,164721,74,2655,8551,0
4909641217417323,164721,74,2655,8551,0
4909641222476776,164721,74,2655,8551,0
4909641227645225,164721,74,2655,8551,0
4909641232778859,164721,74,2655,8551,0
4909641237944874,164721,74,2655,8551,0
4909641243138535,164721,74,2655,8551,0
4909641248321630,164721,74,2655,8551,0
4909641253496157,164721,74,2655,8551,0
4909641258650257,164721,74,2655,8551,0
4909641263808127,164721,74,2655,8551,0
4909641268961136,164721,74,2655,8551,0
4909641274022259,164721,74,2655,8551,0
4909641279122704,164721,74,2655,8551,0
4909641284261475,164721,74,2655,8551,0
4909641289444571,164721,74,2655,8551,0
4909641294507653,164721,74,2655,8551,0
4909641299635571,164721,74,2655,8551,0
4909641304804464,164721,74,2655,8551,0
4909641309949722,164708,74,2655,8551,0
4909641315102169,164708,74,2655,8551,0
4909641320172465,164708,74,2655,8551,0
4909641325229413,164708,74,2655,8551,0
4909641330286690,164708,74,2655,8551,0
4909641335355695,164708,74,2655,8551,0
4909641340435808,164708,74,2655,8551,0
4909641345502830,164708,74,2655,8551,0
4909641350646269,164708,74,2655,8551,0
4909641355796346,164708,74,2655,8551,0
4909641360857163,164708,74,2655,8551,0
4909641366018957,164708,74,2655,8551,0
4909641371153188,164708,74,2655,8551,0
4909641376223072,164708,74,2655,8551,0
4909641381301960,164708,74,2655,8551,0
4909641386369496,164708,74,2655,8551,0
4909641391428851,164708,74,2655,8551,0
4909641396488170,164708,74,2655,8551,0
4909641401547571,164708,74,2655,8551,0
4909641406689693,164708,74,2655,8551,0
4909641411853327,164708,74,2655,8551,0
4909641417049866,164708,74,2655,8551,0
4909641422142984,164708,74,2655,8551,0
4909641427209682,164708,74,2655,8551,0
4909641432272930,164708,74,2655,8551,0
4909641437332613,164708,74,2655,8551,0
4909641442392389,164708,74,2655,8551,0
4909641447451399,164708,74,2655,8551,0
4909641452519720,164708,74,2655,8551,0
4909641457648640,164708,74,2655,8551,0
4909641462784571,164708,74,2655,8551,0
4909641467938270,164708,74,2655,8551,0
4909641473145781,164708,74,2655,8551,0
4909641478216698,164708,74,2655,8551,0
4909641483280039,164708,74,2655,8551,0
4909641488453041,164708,74,2655,8551,0
4909641493664355,164708,74,2655,8551,0
4909641498863400,164708,74,2655,8551,0
4909641504007482,164708,74,2655,8551,0
4909641509205154,164708,74,2655,8551,0
4909641514289011,164708,74,2655,8551,0
4909641519358888,164708,74,2655,8551,0
4909641524418442,164708,74,2655,8551,0
4909641529541473,164708,74,2655,8551,0
4909641534694470,164708,74,2655,8551,0
4909641539894066,164708,74,2655,8551,0
4909641544951641,164708,74,2655,8551,0
4909641550013231,164708,74,2655,8551,0
4909641555132186,164708,74,2655,8551,0
4909641560323613,164708,74,2655,8551,0
4909641565399118,164708,74,2655,8551,0
4909641570462581,164708,74,2655,8551,0
4909641575518286,164708,74,2655,8551,0
4909641580589572,164708,74,2655,8551,0
4909641585688281,164708,74,2655,8551,0
4909641590926000,164708,74,2655,8551,0
4909641596096299,164708,74,2655,8551,0
4909641601186577,164708,74,2655,8551,0
4909641606292014,164708,74,2655,8551,0
4909641611352830,164708,74,2655,8551,0
4909641616593548,164708,74,2655,8551,0
4909641621813726,164708,74,2655,8551,0
4909641626943131,164708,74,2655,8551,0
4909641632011440,164708,74,2655,8551,0
4909641637343612,164708,74,2655,8551,0
4909641642417470,164708,74,2655,8551,0
4909641647474833,164708,74,2655,8551,0
4909641652601211,164708,74,2655,8551,0
4909641657666942,164708,74,2655,8551,0
4909641662728693,164708,74,2655,8551,0
4909641667783983,164708,74,2655,8551,0
4909641672841568,164708,74,2655,8551,0
4909641677899012,164708,74,2655,8551,0
4909641682958873,164708,74,2655,8551,0
4909641688002847,164708,74,2655,8551,0
4909641693055805,164708,74,2655,8551,0
4909641698110314,164708,74,2655,8551,0
4909641703167151,164708,74,2655,8551,0
4909641708223759,164708,74,2655,8551,0
4909641713280465,164708,74,2655,8551,0
4909641718340471,164708,74,2655,8551,0
4909641723399448,164708,74,2655,8551,0
4909641728456424,164708,74,2655,8551,0
4909641733517430,164708,74,2655,8551,0
4909641738577798,164708,74,2655,8551,0
4909641743635044,164708,74,2655,8551,0
4909641748697778,164708,74,2655,8551,0
4909641753767802,164708,74,2655,8551,0
4909641758824393,164708,74,2655,8551,0
4909641763888654,164708,74,2655,8551,0
4909641768946164,164708,74,2655,8551,0
4909641774005357,164708,74,2655,8551,0
4909641779062121,164708,74,2655,8551,0
4909641784118535,164708,74,2655,8551,0
4909641789175826,164708,74,2655,8551,0
4909641794235843,164708,74,2655,8551,0
4909641799293043,164708,74,2655,8551,0
4909641804349807,164708,74,2655,8551,0
4909641809406486,164694,74,2655,8551,0
4909641814463484,164694,74,2655,8551,0
4909641819524430,164694,74,2655,8551,0
4909641824592705,164694,74,2655,8551,0
4909641829647792,164694,74,2655,8551,0
4909641834702100,164694,74,2655,8551,0
4909641839758612,164694,74,2655,8551,0
4909641844815079,164694,74,2655,8551,0
4909641849901378,164694,74,2655,8551,0
4909641855042346,164694,74,2655,8551,0
4909641860089318,164694,74,2655,8551,0
4909641865152634,164694,74,2655,8551,0
4909641870217859,164694,74,2655,8551,0
4909641875277734,164694,74,2655,8551,0
4909641880337162,164694,74,2655,8551,0
4909641885481444,164694,74,2655,8551,0
4909641890629659,164694,74,2655,8551,0
4909641895776983,164694,74,2655,8551,0
4909641900918407,164694,74,2655,8551,0
4909641906235807,164694,74,2655,8551,0
4909641911295623,164694,74,2655,8551,0
4909641916355779,164694,74,2655,8551,0
4909641921415355,164694,74,2655,8551,0
4909641926656663,164694,74,2655,8551,0
4909641931731432,164694,74,2655,8551,0
4909641936941640,164694,74,2655,8551,0
4909641942223996,164694,74,2655,8551,0
4909641947445539,164694,74,2655,8551,0
4909641952516335,164694,74,2655,8551,0
4909641957575983,164694,74,2655,8551,0
4909641962635582,164694,74,2655,8551,0
4909641967804303,164694,74,2655,8551,0
4909641973042382,164694,74,2655,8551,0
4909641978150131,164694,74,2655,8551,0
4909641983239573,164694,74,2655,8551,0
4909641988319440,164694,74,2655,8551,0
4909641993512253,164694,74,2655,8551,0
4909641998714017,164694,74,2655,8551,0
4909642003881027,164694,74,2655,8551,0
4909642009125355,164694,74,2655,8551,0
4909642014208233,164694,74,2655,8551,0
4909642019268035,164694,74,2655,8551,0
4909642024492166,164694,74,2655,8551,0
4909642029698044,164694,74,2655,8551,0
4909642034898247,164694,74,2655,8551,0
4909642040132645,164694,74,2655,8551,0
4909642045375074,164694,74,2655,8551,0
4909642050628609,164694,74,2655,8551,0
4909642055853900,164694,74,2655,8551,0
4909642061032496,164694,74,2655,8551,0
4909642066169856,164694,74,2655,8551,0
4909642071246132,164694,74,2655,8551,0
4909642076327495,164694,74,2655,8551,0
4909642081398430,164694,74,2655,8551,0
4909642086669339,164694,74,2655,8551,0
4909642091877958,164694,74,2655,8551,0
4909642097136656,164694,74,2655,8551,0
4909642102208257,164694,74,2655,8551,0
4909642107470726,164694,74,2655,8551,0
4909642112679148,164694,74,2655,8551,0
4909642117866668,164694,74,2655,8551,0
4909642123041070,164694,74,2655,8551,0
4909642128201917,164694,74,2655,8551,0
4909642133441221,164694,74,2655,8551,0
4909642138709210,164694,74,2655,8551,0
4909642143862299,164694,74,2655,8551,0
4909642149103387,164694,74,2655,8551,0
4909642154208502,164694,74,2655,8551,0
4909642159428701,164694,74,2655,8551,0
4909642164501536,164694,74,2655,8551,0
4909642169561055,164694,74,2655,8551,0
4909642174757195,164694,74,2655,8551,0
4909642179937998,164694,74,2655,8551,0
4909642185133420,164694,74,2655,8551,0
4909642190351366,164694,74,2655,8551,0
4909642195426050,164694,74,2655,8551,0
4909642200485639,164694,74,2655,8551,0
4909642205701790,164694,74,2655,8551,0
4909642210950598,164694,74,2655,8551,0
4909642216092704,164694,74,2655,8551,0
4909642221148061,164694,74,2655,8551,0
4909642226224211,164694,74,2655,8551,0
4909642231309312,164694,74,2655,8551,0
4909642236369513,164694,74,2655,8551,0
4909642241436127,164694,74,2655,8551,0
4909642246502535,164694,74,2655,8551,0
4909642251732540,164694,74,2655,8551,0
4909642256935102,164694,74,2655,8551,0
4909642262234605,164694,74,2655,8551,0
4909642267445767,164694,74,2655,8551,0
4909642272518123,164694,74,2655,8551,0
4909642277574915,164694,74,2655,8551,0
4909642282631879,164694,74,2655,8551,0
4909642287713484,164694,74,2655,8551,0
4909642292894036,164694,74,2655,8551,0
4909642298057695,164694,74,2655,8551,0
4909642303153352,164694,74,2655,8551,0
4909642308303196,164754,74,2655,8551,0
4909642313382829,164754,74,2655,8551,0
4909642318549283,164754,74,2655,8551,0
4909642323612563,164754,74,2655,8551,0
4909642328755459,164754,74,2655,8551,0
4909642333826852,164754,74,2655,8551,0
4909642338889351,164754,74,2655,8551,0
4909642343947389,164754,74,2655,8551,0
4909642349002981,164754,74,2655,8551,0
4909642354057648,164754,74,2655,8551,0
4909642359123435,164754,74,2655,8551,0
4909642364185775,164754,74,2655,8551,0
4909642369242630,164754,74,2655,8551,0
4909642374302129,164754,74,2655,8551,0
4909642379361598,164754,74,2655,8551,0
4909642384421254,164754,74,2655,8551,0
4909642389619835,164754,74,2655,8551,0
4909642394791148,164754,74,2655,8551,0
4909642399948380,164754,74,2655,8551,0
4909642405143784,164754,74,2655,8551,0
4909642410208184,164754,74,2655,8551,0
4909642415273656,164754,74,2655,8551,0
4909642420333244,164754,74,2655,8551,0
4909642425468969,164754,74,2655,8551,0
4909642430611084,164754,74,2655,8551,0
4909642435741911,164754,74,2655,8551,0
4909642440888806,164754,74,2655,8551,0
4909642446055776,164754,74,2655,8551,0
4909642451134110,164754,74,2655,8551,0
4909642456286041,164754,74,2655,8551,0
4909642461349526,164754,74,2655,8551,0
4909642466524312,164754,74,2655,8551,0
4909642471717968,164754,74,2655,8551,0
4909642476927601,164754,74,2655,8551,0
4909642482137805,164754,74,2655,8551,0
4909642487202682,164754,74,2655,8551,0
4909642492340691,164754,74,2655,8551,0
4909642497404118,164754,74,2655,8551,0
4909642502463538,164754,74,2655,8551,0
4909642507537202,164754,74,2655,8551,0
4909642512688673,164754,74,2655,8551,0
4909642517879891,164754,74,2655,8551,0
4909642523009018,164754,74,2655,8551,0
4909642528087684,164754,74,2655,8551,0
4909642533151076,164754,74,2655,8551,0
4909642538182741,164754,74,2655,8551,0
4909642543243314,164754,74,2655,8551,0
4909642548318459,164754,74,2655,8551,0
4909642553397208,164754,74,2655,8551,0
4909642558479046,164754,74,2655,8551,0
4909642563543389,164754,74,2655,8551,0
4909642568703063,164754,74,2655,8551,0
4909642573901990,164754,74,2655,8551,0
4909642579070549,164754,74,2655,8551,0
4909642584262738,164754,74,2655,8551,0
4909642589432019,164754,74,2655,8551,0
4909642594492606,164754,74,2655,8551,0
4909642599672287,164754,74,2655,8551,0
4909642604745678,164754,74,2655,8551,0
4909642609810247,164754,74,2655,8551,0
4909642614933213,164754,74,2655,8551,0
4909642620092663,164754,74,2655,8551,0
4909642625134389,164754,74,2655,8551,0
4909642630303445,164754,74,2655,8551,0
4909642635443099,164754,74,2655,8551,0
4909642640505653,164754,74,2655,8551,0
4909642645565253,164754,74,2655,8551,0
4909642650705425,164754,74,2655,8551,0
4909642655835267,164754,74,2655,8551,0
4909642661018772,164754,74,2655,8551,0
4909642666098233,164754,74,2655,8551,0
4909642671169158,164754,74,2655,8551,0
4909642676236300,164754,74,2655,8551,0
4909642681295927,164754,74,2655,8551,0
4909642686353573,164754,74,2655,8551,0
4909642691412670,164754,74,2655,8551,0
4909642696472005,164754,74,2655,8551,0
4909642701614936,164754,74,2655,8551,0
4909642706808004,164754,74,2655,8551,0
4909642712012445,164754,74,2655,8551,0
4909642717190971,164754,74,2655,8551,0
4909642722252891,164754,74,2655,8551,0
4909642727310409,164754,74,2655,8551,0
4909642732370016,164754,74,2655,8551,0
4909642737429616,164754,74,2655,8551,0
4909642742488770,164754,74,2655,8551,0
4909642747676638,164754,74,2655,8551,0
4909642752855564,164754,74,2655,8551,0
4909642757999412,164754,74,2655,8551,0
4909642763066571,164754,74,2655,8551,0
4909642768109617,164754,74,2655,8551,0
4909642773182718,164754,74,2655,8551,0
4909642778270940,164754,74,2655,8551,0
4909642783341131,164754,74,2655,8551,0
4909642788398828,164754,74,2655,8551,0
4909642793458141,164754,74,2655,8551,0
4909642798517402,164754,74,2655,8551,0
4909642803689403,164754,74,2655,8551,0
4909642808830799,164810,74,2655,8551,0
4909642813974618,164810,74,2655,8551,0
4909642819099586,164810,74,2655,8551,0
4909642824150053,164810,74,2655,8551,0
4909642829212108,164810,74,2655,8551,0
4909642834271957,164810,74,2655,8551,0
4909642839350274,164810,74,2655,8551,0
4909642844589861,164810,74,2655,8551,0
4909642849659715,164810,74,2655,8551,0
4909642854792930,164810,74,2655,8551,0
4909642859988884,164810,74,2655,8551,0
4909642865005076,164810,74,2655,8551,0
4909642870175268,164810,74,2655,8551,0
4909642875238874,164810,74,2655,8551,0
4909642880298521,164810,74,2655,8551,0
4909642885356489,164810,74,2655,8551,0
4909642890415825,164810,74,2655,8551,0
4909642895587322,164810,74,2655,8551,0
4909642900778998,164810,74,2655,8551,0
4909642905930753,164810,74,2655,8551,0
4909642911070738,164810,74,2655,8551,0
4909642916154790,164810,74,2655,8551,0
4909642921233570,164810,74,2655,8551,0
4909642926299476,164810,74,2655,8551,0
4909642931356681,164810,74,2655,8551,0
4909642936416214,164810,74,2655,8551,0
4909642941471893,164810,74,2655,8551,0
4909642946538838,164810,74,2655,8551,0
4909642951603358,164810,74,2655,8551,0
4909642956744629,164810,74,2655,8551,0
4909642961895094,164810,74,2655,8551,0
4909642967085468,164810,74,2655,8551,0
4909642972189967,164810,74,2655,8551,0
4909642977255425,164810,74,2655,8551,0
4909642982315163,164810,74,2655,8551,0
4909642987372249,164810,74,2655,8551,0
4909642992436951,164810,74,2655,8551,0
4909642997501599,164810,74,2655,8551,0
4909643002566639,164810,74,2655,8551,0
4909643007815472,164810,74,2655,8551,0
4909643012885539,164810,74,2655,8551,0
4909643018062519,164810,74,2655,8551,0
4909643023140595,164810,74,2655,8551,0
4909643028204390,164810,74,2655,8551,0
4909643033261669,164810,74,2655,8551,0
4909643038316478,164810,74,2655,8551,0
4909643043369114,164810,74,2655,8551,0
4909643048576280,164810,74,2655,8551,0
4909643053644639,164810,74,2655,8551,0
4909643058869907,164810,74,2655,8551,0
4909643064075094,164810,74,2655,8551,0
4909643069225161,164810,74,2655,8551,0
4909643074300775,164810,74,2655,8551,0
4909643079365733,164810,74,2655,8551,0
4909643084432054,164810,74,2655,8551,0
4909643089491910,164810,74,2655,8551,0
4909643094551975,164810,74,2655,8551,0
4909643099609596,164810,74,2655,8551,0
4909643104742444,164810,74,2655,8551,0
4909643109877969,164810,74,2655,8551,0
4909643115101043,164810,74,2655,8551,0
4909643120185884,164810,74,2655,8551,0
4909643125260819,164810,74,2655,8551,0
4909643130320252,164810,74,2655,8551,0
4909643135378980,164810,74,2655,8551,0
4909643140438054,164810,74,2655,8551,0
4909643145495485,164810,74,2655,8551,0
4909643150554704,164810,74,2655,8551,0
4909643155612196,164810,74,2655,8551,0
4909643160736696,164810,74,2655,8551,0
4909643165930209,164810,74,2655,8551,0
4909643171213859,164810,74,2655,8551,0
4909643176289777,164810,74,2655,8551,0
4909643181349587,164810,74,2655,8551,0
4909643186572108,164810,74,2655,8551,0
4909643191767966,164810,74,2655,8551,0
4909643196971084,164810,74,2655,8551,0
4909643202016786,164810,74,2655,8551,0
4909643207083474,164810,74,2655,8551,0
4909643212150328,164810,74,2655,8551,0
4909643217208219,164810,74,2655,8551,0
4909643222266309,164810,74,2655,8551,0
4909643227325884,164810,74,2655,8551,0
4909643232383072,164810,74,2655,8551,0
4909643237451884,164810,74,2655,8551,0
4909643242512385,164810,74,2655,8551,0
4909643247571760,164810,74,2655,8551,0
4909643252723531,164810,74,2655,8551,0
4909643257864406,164810,74,2655,8551,0
4909643263015860,164810,74,2655,8551,0
4909643268126243,164810,74,2655,8551,0
4909643273197325,164810,74,2655,8551,0
4909643278260855,164810,74,2655,8551,0
4909643283320562,164810,74,2655,8551,0
4909643288385356,164810,74,2655,8551,0
4909643293446304,164810,74,2655,8551,0
4909643298511815,164810,74,2655,8551,0
4909643303679443,164810,74,2655,8551,0
4909643308825632,164671,74,2655,8551,0
4909643313978353,164671,74,2655,8551,0
4909643319081408,164671,74,2655,8551,0
4909643324111205,164671,74,2655,8551,0
4909643329286375,164671,74,2655,8551,0
4909643334417519,164671,74,2655,8551,0
4909643339481278,164671,74,2655,8551,0
4909643344625604,164671,74,2655,8551,0
4909643349793700,164671,74,2655,8551,0
4909643354958130,164671,74,2655,8551,0
4909643360217322,164671,74,2655,8551,0
4909643365280661,164671,74,2655,8551,0
4909643370335722,164671,74,2655,8551,0
4909643375393003,164671,74,2655,8551,0
4909643380452304,164671,74,2655,8551,0
4909643385511690,164671,74,2655,8551,0
4909643390653968,164671,74,2655,8551,0
4909643395795680,164671,74,2655,8551,0
4909643400956677,164671,74,2655,8551,0
4909643406155052,164671,74,2655,8551,0
4909643411225272,164671,74,2655,8551,0
4909643416386583,164671,74,2655,8551,0
4909643421545116,164671,74,2655,8551,0
4909643426728661,164671,74,2655,8551,0
4909643431788435,164671,74,2655,8551,0
4909643436914419,164671,74,2655,8551,0
4909643442097852,164671,74,2655,8551,0
4909643447168503,164671,74,2655,8551,0
4909643452228580,164671,74,2655,8551,0
4909643457416367,164671,74,2655,8551,0
4909643462480189,164671,74,2655,8551,0
4909643467627341,164671,74,2655,8551,0
4909643472765286,164671,74,2655,8551,0
4909643477945901,164671,74,2655,8551,0
4909643483155419,164671,74,2655,8551,0
4909643488294830,164671,74,2655,8551,0
4909643493429422,164671,74,2655,8551,0
4909643498624885,164671,74,2655,8551,0
4909643503774406,164671,74,2655,8551,0
4909643508912184,164671,74,2655,8551,0
4909643514056710,164671,74,2655,8551,0
4909643519213949,164671,74,2655,8551,0
4909643524392716,164671,74,2655,8551,0
4909643529575624,164671,74,2655,8551,0
4909643534722664,164671,74,2655,8551,0
4909643539794760,164671,74,2655,8551,0
4909643544996449,164671,74,2655,8551,0
4909643550166745,164671,74,2655,8551,0
4909643555234660,164671,74,2655,8551,0
4909643560379442,164671,74,2655,8551,0
4909643565441887,164671,74,2655,8551,0
4909643570501359,164671,74,2655,8551,0
4909643575560719,164671,74,2655,8551,0
4909643580687710,164671,74,2655,8551,0
4909643585745792,164671,74,2655,8551,0
4909643590881702,164671,74,2655,8551,0
4909643596016086,164671,74,2655,8551,0
4909643601073295,164671,74,2655,8551,0
4909643606132122,164671,74,2655,8551,0
4909643611188299,164671,74,2655,8551,0
4909643616244944,164671,74,2655,8551,0
4909643621301470,164671,74,2655,8551,0
4909643626358239,164671,74,2655,8551,0
4909643631414812,164671,74,2655,8551,0
4909643636471801,164671,74,2655,8551,0
4909643641529075,164671,74,2655,8551,0
4909643646585713,164671,74,2655,8551,0
4909643651640610,164671,74,2655,8551,0
4909643656695034,164671,74,2655,8551,0
4909643661750123,164671,74,2655,8551,0
4909643666904914,164671,74,2655,8551,0
4909643672144198,164671,74,2655,8551,0
4909643677235472,164671,74,2655,8551,0
4909643682307836,164671,74,2655,8551,0
4909643687367516,164671,74,2655,8551,0
4909643692614582,164671,74,2655,8551,0
4909643697843331,164671,74,2655,8551,0
4909643703099959,164671,74,2655,8551,0
4909643708173404,164671,74,2655,8551,0
4909643713427870,164671,74,2655,8551,0
4909643718498547,164671,74,2655,8551,0
4909643723558382,164671,74,2655,8551,0
4909643728747311,164671,74,2655,8551,0
4909643733966002,164671,74,2655,8551,0
4909643739183024,164671,74,2655,8551,0
4909643744278061,164671,74,2655,8551,0
4909643749338314,164671,74,2655,8551,0
4909643754397860,164671,74,2655,8551,0
4909643759483812,164671,74,2655,8551,0
4909643764549105,164671,74,2655,8551,0
4909643769775615,164671,74,2655,8551,0
4909643774945905,164671,74,2655,8551,0
4909643780192774,164671,74,2655,8551,0
4909643785315453,164671,74,2655,8551,0
4909643790390576,164671,74,2655,8551,0
4909643795448645,164671,74,2655,8551,0
4909643800508426,164671,74,2655,8551,0
4909643805564432,164671,74,2655,8551,0
4909643810623810,164549,74,2655,8551,0
4909643815848404,164549,74,2655,8551,0
4909643820993663,164549,74,2655,8551,0
4909643826214396,164549,74,2655,8551,0
4909643831290949,164549,74,2655,8551,0
4909643836347998,164549,74,2655,8551,0
4909643841430155,164549,74,2655,8551,0
4909643846524923,164549,74,2655,8551,0
4909643851780525,164549,74,2655,8551,0
4909643856974362,164549,74,2655,8551,0
4909643862185825,164549,74,2655,8551,0
4909643867257047,164549,74,2655,8551,0
4909643872317515,164549,74,2655,8551,0
4909643877377574,164549,74,2655,8551,0
4909643882444054,164549,74,2655,8551,0
4909643887664146,164549,74,2655,8551,0
4909643892794713,164549,74,2655,8551,0
4909643898038026,164549,74,2655,8551,0
4909643903110323,164549,74,2655,8551,0
4909643908175449,164549,74,2655,8551,0
4909643913243002,164549,74,2655,8551,0
4909643918497480,164549,74,2655,8551,0
4909643923556984,164549,74,2655,8551,0
4909643928691033,164549,74,2655,8551,0
4909643933932073,164549,74,2655,8551,0
4909643939074232,164549,74,2655,8551,0
4909643944160605,164549,74,2655,8551,0
4909643949222228,164549,74,2655,8551,0
4909643954281846,164549,74,2655,8551,0
4909643959341686,164549,74,2655,8551,0
4909643964401686,164549,74,2655,8551,0
4909643969617532,164549,74,2655,8551,0
4909643974823468,164549,74,2655,8551,0
4909643979984373,164549,74,2655,8551,0
4909643985161853,164549,74,2655,8551,0
4909643990225692,164549,74,2655,8551,0
4909643995361319,164549,74,2655,8551,0
4909644000440571,164549,74,2655,8551,0
4909644005585270,164549,74,2655,8551,0
4909644010745868,164549,74,2655,8551,0
4909644015873822,164549,74,2655,8551,0
4909644021031361,164549,74,2655,8551,0
4909644026136914,164549,74,2655,8551,0
4909644031320288,164549,74,2655,8551,0
4909644036494192,164549,74,2655,8551,0
4909644041556197,164549,74,2655,8551,0
4909644046612363,164549,74,2655,8551,0
4909644051753130,164549,74,2655,8551,0
4909644056925624,164549,74,2655,8551,0
4909644062076954,164549,74,2655,8551,0
4909644067146823,164549,74,2655,8551,0
4909644072217918,164549,74,2655,8551,0
4909644077281147,164549,74,2655,8551,0
4909644082478888,164549,74,2655,8551,0
4909644087654200,164549,74,2655,8551,0
4909644092825432,164549,74,2655,8551,0
4909644097885903,164549,74,2655,8551,0
4909644103029533,164549,74,2655,8551,0
4909644108166479,164549,74,2655,8551,0
4909644113357453,164549,74,2655,8551,0
4909644118522320,164549,74,2655,8551,0
4909644123674719,164549,74,2655,8551,0
4909644128856606,164549,74,2655,8551,0
4909644133998572,164549,74,2655,8551,0
4909644139103083,164549,74,2655,8551,0
4909644144301703,164549,74,2655,8551,0
4909644149450283,164549,74,2655,8551,0
4909644154513953,164549,74,2655,8551,0
4909644159570673,164549,74,2655,8551,0
4909644164700131,164549,74,2655,8551,0
4909644169836439,164549,74,2655,8551,0
4909644174997508,164549,74,2655,8551,0
4909644180221208,164549,74,2655,8551,0
4909644185390388,164549,74,2655,8551,0
4909644190453301,164549,74,2655,8551,0
4909644195612963,164549,74,2655,8551,0
4909644200755992,164549,74,2655,8551,0
4909644205884381,164549,74,2655,8551,0
4909644211087734,164549,74,2655,8551,0
4909644216239432,164549,74,2655,8551,0
4909644221301744,164549,74,2655,8551,0
4909644226476896,164549,74,2655,8551,0
4909644231555737,164549,74,2655,8551,0
4909644236705734,164549,74,2655,8551,0
4909644241855185,164549,74,2655,8551,0
4909644247011475,164549,74,2655,8551,0
4909644252177775,164549,74,2655,8551,0
4909644257321992,164549,74,2655,8551,0
4909644262533436,164549,74,2655,8551,0
4909644267654496,164549,74,2655,8551,0
4909644272793839,164549,74,2655,8551,0
4909644277926544,164549,74,2655,8551,0
4909644283095999,164549,74,2655,8551,0
4909644288252674,164549,74,2655,8551,0
4909644293446149,164549,74,2655,8551,0
4909644298508419,164549,74,2655,8551,0
4909644303654103,164549,74,2655,8551,0
4909644308852893,164508,74,2655,8551,0
4909644314075643,164508,74,2655,8551,0
4909644319156740,164508,74,2655,8551,0
4909644324216412,164508,74,2655,8551,0
4909644329284957,164508,74,2655,8551,0
4909644334353413,164508,74,2655,8551,0
4909644339422183,164508,74,2655,8551,0
4909644344480145,164508,74,2655,8551,0
4909644349537627,164508,74,2655,8551,0
4909644354596547,164508,74,2655,8551,0
4909644359726812,164508,74,2655,8551,0
4909644364784086,164508,74,2655,8551,0
4909644369842026,164508,74,2655,8551,0
4909644374906471,164508,74,2655,8551,0
4909644380125962,164508,74,2655,8551,0
4909644385190353,164508,74,2655,8551,0
4909644390245947,164508,74,2655,8551,0
4909644395301533,164508,74,2655,8551,0
4909644400357924,164508,74,2655,8551,0
4909644405420147,164508,74,2655,8551,0
4909644410478852,164508,74,2655,8551,0
4909644415537327,164508,74,2655,8551,0
4909644420598522,164508,74,2655,8551,0
4909644425659867,164508,74,2655,8551,0
4909644430716892,164508,74,2655,8551,0
4909644435773543,164508,74,2655,8551,0
4909644440899456,164508,74,2655,8551,0
4909644446046433,164508,74,2655,8551,0
4909644451103454,164508,74,2655,8551,0
4909644456160214,164508,74,2655,8551,0
4909644461217014,164508,74,2655,8551,0
4909644466273829,164508,74,2655,8551,0
4909644471333500,164508,74,2655,8551,0
4909644476390307,164508,74,2655,8551,0
4909644481449847,164508,74,2655,8551,0
4909644486506580,164508,74,2655,8551,0
4909644491571243,164508,74,2655,8551,0
4909644496642818,164508,74,2655,8551,0
4909644501707410,164508,74,2655,8551,0
4909644506881884,164508,74,2655,8551,0
4909644512088992,164508,74,2655,8551,0
4909644517178768,164508,74,2655,8551,0
4909644522241900,164508,74,2655,8551,0
4909644527301933,164508,74,2655,8551,0
4909644532362061,164508,74,2655,8551,0
4909644537419368,164508,74,2655,8551,0
4909644542484295,164508,74,2655,8551,0
4909644547540630,164508,74,2655,8551,0
4909644552697108,164508,74,2655,8551,0
4909644557877274,164508,74,2655,8551,0
4909644563044269,164508,74,2655,8551,0
4909644568231380,164508,74,2655,8551,0
4909644573405653,164508,74,2655,8551,0
4909644578555029,164508,74,2655,8551,0
4909644583728682,164508,74,2655,8551,0
4909644588861950,164508,74,2655,8551,0
4909644594022279,164508,74,2655,8551,0
4909644599097606,164508,74,2655,8551,0
4909644604312019,164508,74,2655,8551,0
4909644609449848,164508,74,2655,8551,0
4909644614602860,164508,74,2655,8551,0
4909644619737554,164508,74,2655,8551,0
4909644624878860,164508,74,2655,8551,0
4909644629936418,164508,74,2655,8551,0
4909644634993389,164508,74,2655,8551,0
4909644640096017,164508,74,2655,8551,0
4909644645165796,164508,74,2655,8551,0
4909644650226626,164508,74,2655,8551,0
4909644655289706,164508,74,2655,8551,0
4909644660373979,164508,74,2655,8551,0
4909644665430623,164508,74,2655,8551,0
4909644670496289,164508,74,2655,8551,0
4909644675562525,164508,74,2655,8551,0
4909644680710767,164508,74,2655,8551,0
4909644685768178,164508,74,2655,8551,0
4909644690835382,164508,74,2655,8551,0
4909644696052252,164508,74,2655,8551,0
4909644701230974,164508,74,2655,8551,0
4909644706396686,164508,74,2655,8551,0
4909644711457751,164508,74,2655,8551,0
4909644716513853,164508,74,2655,8551,0
4909644721578610,164508,74,2655,8551,0
4909644726718269,164508,74,2655,8551,0
4909644731857135,164508,74,2655,8551,0
4909644737074367,164508,74,2655,8551,0
4909644742097586,164508,74,2655,8551,0
4909644747271236,164508,74,2655,8551,0
4909644752480959,164508,74,2655,8551,0
4909644757543373,164508,74,2655,8551,0
4909644762690008,164508,74,2655,8551,0
4909644767879906,164508,74,2655,8551,0
4909644773043773,164508,74,2655,8551,0
4909644778233937,164508,74,2655,8551,0
4909644783406522,164508,74,2655,8551,0
4909644788469728,164508,74,2655,8551,0
4909644793526495,164508,74,2655,8551,0
4909644798662015,164508,74,2655,8551,0
4909644803816619,164508,74,2655,8551,0
4909644808974030,164449,74,2655,8551,0
4909644814162583,164449,74,2655,8551,0
4909644819231510,164449,74,2655,8551,0
4909644824294063,164449,74,2655,8551,0
4909644829350945,164449,74,2655,8551,0
4909644834480602,164449,74,2655,8551,0
4909644839736114,164449,74,2655,8551,0
4909644844954708,164449,74,2655,8551,0
4909644850175288,164449,74,2655,8551,0
4909644855322021,164449,74,2655,8551,0
4909644860479142,164449,74,2655,8551,0
4909644865673011,164449,74,2655,8551,0
4909644870794426,164449,74,2655,8551,0
4909644875985473,164449,74,2655,8551,0
4909644881129376,164449,74,2655,8551,0
4909644886274284,164449,74,2655,8551,0
4909644891402717,164449,74,2655,8551,0
4909644896531264,164449,74,2655,8551,0
4909644901667124,164449,74,2655,8551,0
4909644906828900,164449,74,2655,8551,0
4909644911972259,164449,74,2655,8551,0
4909644917137646,164449,74,2655,8551,0
4909644922288794,164449,74,2655,8551,0
4909644927435130,164449,74,2655,8551,0
4909644932605010,164449,74,2655,8551,0
4909644937751165,164449,74,2655,8551,0
4909644942886038,164449,74,2655,8551,0
4909644948019423,164449,74,2655,8551,0
4909644953180371,164449,74,2655,8551,0
4909644958316234,164449,74,2655,8551,0
4909644963378548,164449,74,2655,8551,0
4909644968553304,164449,74,2655,8551,0
4909644973681225,164449,74,2655,8551,0
4909644978824964,164449,74,2655,8551,0
4909644983986503,164449,74,2655,8551,0
4909644989235003,164449,74,2655,8551,0
4909644994388051,164449,74,2655,8551,0
4909644999516348,164449,74,2655,8551,0
4909645004649801,164449,74,2655,8551,0
4909645009777594,164449,74,2655,8551,0
4909645014908774,164449,74,2655,8551,0
4909645020078999,164449,74,2655,8551,0
4909645025219105,164449,74,2655,8551,0
4909645030350928,164449,74,2655,8551,0
4909645035410889,164449,74,2655,8551,0
4909645040470761,164449,74,2655,8551,0
4909645045615702,164449,74,2655,8551,0
4909645050676087,164449,74,2655,8551,0
4909645055802573,164449,74,2655,8551,0
4909645060872110,164449,74,2655,8551,0
4909645065929248,164449,74,2655,8551,0
4909645071102926,164449,74,2655,8551,0
4909645076125511,164449,74,2655,8551,0
4909645081181978,164449,74,2655,8551,0
4909645086248971,164449,74,2655,8551,0
4909645091310209,164449,74,2655,8551,0
4909645096369134,164449,74,2655,8551,0
4909645101425704,164449,74,2655,8551,0
4909645106482772,164449,74,2655,8551,0
4909645111539221,164449,74,2655,8551,0
4909645116596000,164449,74,2655,8551,0
4909645121652389,164449,74,2655,8551,0
4909645126708490,164449,74,2655,8551,0
4909645131764454,164449,74,2655,8551,0
4909645136821116,164449,74,2655,8551,0
4909645141878634,164449,74,2655,8551,0
4909645147241394,164449,74,2655,8551,0
4909645152304942,164449,74,2655,8551,0
4909645157361100,164449,74,2655,8551,0
4909645162425642,164449,74,2655,8551,0
4909645167482864,164449,74,2655,8551,0
4909645172539474,164449,74,2655,8551,0
4909645177596150,164449,74,2655,8551,0
4909645182652724,164449,74,2655,8551,0
4909645187709600,164449,74,2655,8551,0
4909645192766154,164449,74,2655,8551,0
4909645197822770,164449,74,2655,8551,0
4909645202879286,164449,74,2655,8551,0
4909645207935862,164449,74,2655,8551,0
4909645212992369,164449,74,2655,8551,0
4909645218006261,164449,74,2655,8551,0
4909645223293721,164449,74,2655,8551,0
4909645228366936,164449,74,2655,8551,0
4909645233438581,164449,74,2655,8551,0
4909645238498936,164449,74,2655,8551,0
4909645243555592,164449,74,2655,8551,0
4909645248671521,164449,74,2655,8551,0
4909645253815884,164449,74,2655,8551,0
4909645258976449,164449,74,2655,8551,0
4909645264121448,164449,74,2655,8551,0
4909645269310806,164449,74,2655,8551,0
4909645274372285,164449,74,2655,8551,0
4909645279495842,164449,74,2655,8551,0
4909645284558527,164449,74,2655,8551,0
4909645289695870,164449,74,2655,8551,0
4909645294757742,164449,74,2655,8551,0
4909645299886614,164449,74,2655,8551,0
4909645305049634,164449,74,2655,8551,0
4909645310110848,164393,74,2655,8551,0
4909645315167515,164393,74,2655,8551,0
4909645320223520,164393,74,2655,8551,0
4909645325279649,164393,74,2655,8551,0
4909645330338702,164393,74,2655,8551,0
4909645335397733,164393,74,2655,8551,0
4909645340456581,164393,74,2655,8551,0
4909645345515147,164393,74,2655,8551,0
4909645350571804,164393,74,2655,8551,0
4909645355628076,164393,74,2655,8551,0
4909645360691565,164393,74,2655,8551,0
4909645365753006,164393,74,2655,8551,0
4909645371009770,164393,74,2655,8551,0
4909645376183078,164393,74,2655,8551,0
4909645381355326,164393,74,2655,8551,0
4909645386538992,164393,74,2655,8551,0
4909645391602371,164393,74,2655,8551,0
4909645396660431,164393,74,2655,8551,0
4909645401840385,164393,74,2655,8551,0
4909645406977106,164393,74,2655,8551,0
4909645412112412,164393,74,2655,8551,0
4909645417151209,164393,74,2655,8551,0
4909645422212199,164393,74,2655,8551,0
4909645427273680,164393,74,2655,8551,0
4909645432442448,164393,74,2655,8551,0
4909645437613165,164393,74,2655,8551,0
4909645442811999,164393,74,2655,8551,0
4909645447976688,164393,74,2655,8551,0
4909645453137699,164393,74,2655,8551,0
4909645458192396,164393,74,2655,8551,0
4909645463360358,164393,74,2655,8551,0
4909645468556810,164393,74,2655,8551,0
4909645473690322,164393,74,2655,8551,0
4909645478833206,164393,74,2655,8551,0
4909645483982259,164393,74,2655,8551,0
4909645489200395,164393,74,2655,8551,0
4909645494352051,164393,74,2655,8551,0
4909645499516536,164393,74,2655,8551,0
4909645504679190,164393,74,2655,8551,0
4909645509750503,164393,74,2655,8551,0
4909645514828732,164393,74,2655,8551,0
4909645519962447,164393,74,2655,8551,0
4909645525154335,164393,74,2655,8551,0
4909645530216458,164393,74,2655,8551,0
4909645535349303,164393,74,2655,8551,0
4909645540492998,164393,74,2655,8551,0
4909645545664885,164393,74,2655,8551,0
4909645550835383,164393,74,2655,8551,0
4909645555986732,164393,74,2655,8551,0
4909645561172252,164393,74,2655,8551,0
4909645566340007,164393,74,2655,8551,0
4909645571471774,164393,74,2655,8551,0
4909645576625696,164393,74,2655,8551,0
4909645581767612,164393,74,2655,8551,0
4909645586923745,164393,74,2655,8551,0
4909645592129061,164393,74,2655,8551,0
4909645597315093,164393,74,2655,8551,0
4909645602486447,164393,74,2655,8551,0
4909645607618143,164393,74,2655,8551,0
4909645612766240,164393,74,2655,8551,0
4909645617910815,164393,74,2655,8551,0
4909645623096644,164393,74,2655,8551,0
4909645628280357,164393,74,2655,8551,0
4909645633453211,164393,74,2655,8551,0
4909645638607310,164393,74,2655,8551,0
4909645643765827,164393,74,2655,8551,0
4909645648993263,164393,74,2655,8551,0
4909645654061460,164393,74,2655,8551,0
4909645659138108,164393,74,2655,8551,0
4909645664205381,164393,74,2655,8551,0
4909645669268173,164393,74,2655,8551,0
4909645674324358,164393,74,2655,8551,0
4909645679380855,164393,74,2655,8551,0
4909645684437193,164393,74,2655,8551,0
4909645689495887,164393,74,2655,8551,0
4909645694552675,164393,74,2655,8551,0
4909645699610226,164393,74,2655,8551,0
4909645704667348,164393,74,2655,8551,0
4909645709724749,164393,74,2655,8551,0
4909645714782371,164393,74,2655,8551,0
4909645719839549,164393,74,2655,8551,0
4909645724896396,164393,74,2655,8551,0
4909645729953575,164393,74,2655,8551,0
4909645735011339,164393,74,2655,8551,0
4909645740104628,164393,74,2655,8551,0
4909645745171745,164393,74,2655,8551,0
4909645750239217,164393,74,2655,8551,0
4909645755300949,164393,74,2655,8551,0
4909645760359718,164393,74,2655,8551,0
4909645765531715,164393,74,2655,8551,0
4909645770593227,164393,74,2655,8551,0
4909645775752401,164393,74,2655,8551,0
4909645780923421,164393,74,2655,8551,0
4909645785984549,164393,74,2655,8551,0
4909645791221018,164393,74,2655,8551,0
4909645796292095,164393,74,2655,8551,0
4909645801354819,164393,74,2655,8551,0
4909645806414335,164393,74,2655,8551,0
4909645811654417,164334,74,2655,8551,0
4909645816801204,164334,74,2655,8551,0
4909645822007154,164334,74,2655,8551,0
4909645827093760,164334,74,2655,8551,0
4909645832273176,164334,74,2655,8551,0
4909645837332707,164334,74,2655,8551,0
4909645842389956,164334,74,2655,8551,0
4909645847446899,164334,74,2655,8551,0
4909645852502764,164334,74,2655,8551,0
4909645857559333,164334,74,2655,8551,0
4909645862618721,164334,74,2655,8551,0
4909645867903508,164334,74,2655,8551,0
4909645872971408,164334,74,2655,8551,0
4909645878169043,164334,74,2655,8551,0
4909645883231325,164334,74,2655,8551,0
4909645888366823,164334,74,2655,8551,0
4909645893429799,164334,74,2655,8551,0
4909645898576184,164334,74,2655,8551,0
4909645903757343,164334,74,2655,8551,0
4909645908963069,164334,74,2655,8551,0
4909645914195692,164334,74,2655,8551,0
4909645919388789,164334,74,2655,8551,0
4909645924557389,164334,74,2655,8551,0
4909645929728021,164334,74,2655,8551,0
4909645934949653,164334,74,2655,8551,0
4909645940199553,164334,74,2655,8551,0
4909645945330148,164334,74,2655,8551,0
4909645950493481,164334,74,2655,8551,0
4909645955556691,164334,74,2655,8551,0
4909645960731193,164334,74,2655,8551,0
4909645965904847,164334,74,2655,8551,0
4909645970978889,164334,74,2655,8551,0
4909645976005353,164334,74,2655,8551,0
4909645981075166,164334,74,2655,8551,0
4909645986282092,164334,74,2655,8551,0
4909645991489476,164334,74,2655,8551,0
4909645996638481,164334,74,2655,8551,0
4909646001768726,164334,74,2655,8551,0
4909646006912980,164334,74,2655,8551,0
4909646011974360,164334,74,2655,8551,0
4909646017013088,164334,74,2655,8551,0
4909646022113534,164334,74,2655,8551,0
4909646027143214,164334,74,2655,8551,0
4909646032292618,164334,74,2655,8551,0
4909646037355681,164334,74,2655,8551,0
4909646042526197,164334,74,2655,8551,0
4909646047705111,164334,74,2655,8551,0
4909646052775531,164334,74,2655,8551,0
4909646057840960,164334,74,2655,8551,0
4909646062898131,164334,74,2655,8551,0
4909646067962275,164334,74,2655,8551,0
4909646073005252,164334,74,2655,8551,0
4909646078062229,164334,74,2655,8551,0
4909646083119288,164334,74,2655,8551,0
4909646088180786,164334,74,2655,8551,0
4909646093244035,164334,74,2655,8551,0
4909646098303812,164334,74,2655,8551,0
4909646103363585,164334,74,2655,8551,0
4909646108431256,164334,74,2655,8551,0
4909646113495943,164334,74,2655,8551,0
4909646118552496,164334,74,2655,8551,0
4909646123609642,164334,74,2655,8551,0
4909646128748000,164334,74,2655,8551,0
4909646133811424,164334,74,2655,8551,0
4909646138867095,164334,74,2655,8551,0
4909646144043264,164334,74,2655,8551,0
4909646149108140,164334,74,2655,8551,0
4909646154172618,164334,74,2655,8551,0
4909646159229464,164334,74,2655,8551,0
4909646164286276,164334,74,2655,8551,0
4909646169343504,164334,74,2655,8551,0
4909646174400585,164334,74,2655,8551,0
4909646179464064,164334,74,2655,8551,0
4909646184529185,164334,74,2655,8551,0
4909646189586402,164334,74,2655,8551,0
4909646194643053,164334,74,2655,8551,0
4909646199699901,164334,74,2655,8551,0
4909646204756546,164334,74,2655,8551,0
4909646210037711,164334,74,2655,8551,0
4909646215202143,164334,74,2655,8551,0
4909646220338040,164334,74,2655,8551,0
4909646225504270,164334,74,2655,8551,0
4909646230674977,164334,74,2655,8551,0
4909646235827083,164334,74,2655,8551,0
4909646240967459,164334,74,2655,8551,0
4909646246154852,164334,74,2655,8551,0
4909646251310100,164334,74,2655,8551,0
4909646256447613,164334,74,2655,8551,0
4909646261575782,164334,74,2655,8551,0
4909646266704536,164334,74,2655,8551,0
4909646271837199,164334,74,2655,8551,0
4909646277012799,164334,74,2655,8551,0
4909646282193218,164334,74,2655,8551,0
4909646287327942,164334,74,2655,8551,0
4909646292470579,164334,74,2655,8551,0
4909646297589660,164334,74,2655,8551,0
4909646302718375,164334,74,2655,8551,0
4909646307832285,164334,74,2655,8551,0
4909646312978380,164411,74,2655,8551,0
4909646318136363,164411,74,2655,8551,0
4909646323162904,164411,74,2655,8551,0
4909646328227962,164411,74,2655,8551,0
4909646333381875,164411,74,2655,8551,0
4909646338576319,164411,74,2655,8551,0
4909646343752308,164411,74,2655,8551,0
4909646348927769,164411,74,2655,8551,0
4909646354061442,164411,74,2655,8551,0
4909646359239280,164411,74,2655,8551,0
4909646364382427,164411,74,2655,8551,0
4909646369590880,164411,74,2655,8551,0
4909646374719344,164411,74,2655,8551,0
4909646379852565,164411,74,2655,8551,0
4909646385019259,164411,74,2655,8551,0
4909646390130045,164411,74,2655,8551,0
4909646395323245,164411,74,2655,8551,0
4909646400495029,164411,74,2655,8551,0
4909646405639586,164411,74,2655,8551,0
4909646410784225,164411,74,2655,8551,0
4909646415978511,164411,74,2655,8551,0
4909646421148929,164411,74,2655,8551,0
4909646426337586,164411,74,2655,8551,0
4909646431485371,164411,74,2655,8551,0
4909646436625990,164411,74,2655,8551,0
4909646441754277,164411,74,2655,8551,0
4909646446883867,164411,74,2655,8551,0
4909646452037440,164411,74,2655,8551,0
4909646457241211,164411,74,2655,8551,0
4909646462374017,164411,74,2655,8551,0
4909646467534150,164411,74,2655,8551,0
4909646472733695,164411,74,2655,8551,0
4909646477893646,164411,74,2655,8551,0
4909646483078647,164411,74,2655,8551,0
4909646488278444,164411,74,2655,8551,0
4909646493396721,164411,74,2655,8551,0
4909646498510105,164411,74,2655,8551,0
4909646503665737,164411,74,2655,8551,0
4909646508854876,164411,74,2655,8551,0
4909646514040771,164411,74,2655,8551,0
4909646519100553,164411,74,2655,8551,0
4909646524163944,164411,74,2655,8551,0
4909646529223523,164411,74,2655,8551,0
4909646534278403,164411,74,2655,8551,0
4909646539330988,164411,74,2655,8551,0
4909646544388044,164411,74,2655,8551,0
4909646549445079,164411,74,2655,8551,0
4909646554501299,164411,74,2655,8551,0
4909646559563052,164411,74,2655,8551,0
4909646564688437,164411,74,2655,8551,0
4909646569873951,164411,74,2655,8551,0
4909646575012056,164411,74,2655,8551,0
4909646580074477,164411,74,2655,8551,0
4909646585208823,164411,74,2655,8551,0
4909646590272356,164411,74,2655,8551,0
4909646595457840,164411,74,2655,8551,0
4909646600660433,164411,74,2655,8551,0
4909646605799069,164411,74,2655,8551,0
4909646610961797,164411,74,2655,8551,0
4909646616180183,164411,74,2655,8551,0
4909646621402679,164411,74,2655,8551,0
4909646626463063,164411,74,2655,8551,0
4909646631623497,164411,74,2655,8551,0
4909646636806492,164411,74,2655,8551,0
4909646641939262,164411,74,2655,8551,0
4909646647130588,164411,74,2655,8551,0
4909646652351693,164411,74,2655,8551,0
4909646657516953,164411,74,2655,8551,0
4909646662682373,164411,74,2655,8551,0
4909646667893895,164411,74,2655,8551,0
4909646673021600,164411,74,2655,8551,0
4909646678221905,164411,74,2655,8551,0
4909646683339089,164411,74,2655,8551,0
4909646688519263,164411,74,2655,8551,0
4909646693666249,164411,74,2655,8551,0
4909646698816606,164411,74,2655,8551,0
4909646703950857,164411,74,2655,8551,0
4909646709115513,164411,74,2655,8551,0
4909646714238429,164411,74,2655,8551,0
4909646719390791,164411,74,2655,8551,0
4909646724579926,164411,74,2655,8551,0
4909646729722775,164411,74,2655,8551,0
4909646734938267,164411,74,2655,8551,0
4909646739998397,164411,74,2655,8551,0
4909646745057645,164411,74,2655,8551,0
4909646750113893,164411,74,2655,8551,0
4909646755173413,164411,74,2655,8551,0
4909646760232815,164411,74,2655,8551,0
4909646765290005,164411,74,2655,8551,0
4909646770346857,164411,74,2655,8551,0
4909646775406082,164411,74,2655,8551,0
4909646780599797,164411,74,2655,8551,0
4909646785751826,164411,74,2655,8551,0
4909646790936142,164411,74,2655,8551,0
4909646796120362,164411,74,2655,8551,0
4909646801196268,164411,74,2655,8551,0
4909646806270862,164411,74,2655,8551,0
4909646811337222,164552,74,2655,8551,0
4909646816394919,164552,74,2655,8551,0
4909646821450979,164552,74,2655,8551,0
4909646826515302,164552,74,2655,8551,0
4909646831578640,164552,74,2655,8551,0
4909646836635370,164552,74,2655,8551,0
4909646841693963,164552,74,2655,8551,0
4909646846886344,164552,74,2655,8551,0
4909646852061955,164552,74,2655,8551,0
4909646857133344,164552,74,2655,8551,0
4909646862283176,164552,74,2655,8551,0
4909646867450341,164552,74,2655,8551,0
4909646872583161,164552,74,2655,8551,0
4909646877768552,164552,74,2655,8551,0
4909646882899736,164552,74,2655,8551,0
4909646888042923,164552,74,2655,8551,0
4909646893213627,164552,74,2655,8551,0
4909646898360063,164552,74,2655,8551,0
4909646903574487,164552,74,2655,8551,0
4909646908737359,164552,74,2655,8551,0
4909646913925459,164552,74,2655,8551,0
4909646919126485,164552,74,2655,8551,0
4909646924294679,164552,74,2655,8551,0
4909646929357482,164552,74,2655,8551,0
4909646934547848,164552,74,2655,8551,0
4909646939689495,164552,74,2655,8551,0
4909646944822188,164552,74,2655,8551,0
4909646949975085,164552,74,2655,8551,0
4909646955148374,164552,74,2655,8551,0
4909646960316186,164552,74,2655,8551,0
4909646965448823,164552,74,2655,8551,0
4909646970590487,164552,74,2655,8551,0
4909646975836344,164552,74,2655,8551,0
4909646981015847,164552,74,2655,8551,0
4909646986234546,164552,74,2655,8551,0
4909646991298356,164552,74,2655,8551,0
4909646996454997,164552,74,2655,8551,0
4909647001615236,164552,74,2655,8551,0
4909647006791296,164552,74,2655,8551,0
4909647011933529,164552,74,2655,8551,0
4909647017096489,164552,74,2655,8551,0
4909647022290874,164552,74,2655,8551,0
4909647027351857,164552,74,2655,8551,0
4909647032490438,164552,74,2655,8551,0
4909647037689488,164552,74,2655,8551,0
4909647042832144,164552,74,2655,8551,0
4909647048015214,164552,74,2655,8551,0
4909647053198116,164552,74,2655,8551,0
4909647058260397,164552,74,2655,8551,0
4909647063381434,164552,74,2655,8551,0
4909647068514136,164552,74,2655,8551,0
4909647073678970,164552,74,2655,8551,0
4909647078738557,164552,74,2655,8551,0
4909647083877091,164552,74,2655,8551,0
4909647089027361,164552,74,2655,8551,0
4909647094172720,164552,74,2655,8551,0
4909647099330305,164552,74,2655,8551,0
4909647104448119,164552,74,2655,8551,0
4909647109571012,164552,74,2655,8551,0
4909647114712556,164552,74,2655,8551,0
4909647119853764,164552,74,2655,8551,0
4909647125018807,164552,74,2655,8551,0
4909647130154199,164552,74,2655,8551,0
4909647135220330,164552,74,2655,8551,0
4909647140279047,164552,74,2655,8551,0
4909647145433405,164552,74,2655,8551,0
4909647150495643,164552,74,2655,8551,0
4909647155670217,164552,74,2655,8551,0
4909647160874714,164552,74,2655,8551,0
4909647166028926,164552,74,2655,8551,0
4909647171092416,164552,74,2655,8551,0
4909647176152329,164552,74,2655,8551,0
4909647181342329,164552,74,2655,8551,0
4909647186474008,164552,74,2655,8551,0
4909647191667710,164552,74,2655,8551,0
4909647196885414,164552,74,2655,8551,0
4909647202062417,164552,74,2655,8551,0
4909647207125209,164552,74,2655,8551,0
4909647212347380,164552,74,2655,8551,0
4909647217522060,164552,74,2655,8551,0
4909647222674948,164552,74,2655,8551,0
4909647227885429,164552,74,2655,8551,0
4909647233074372,164552,74,2655,8551,0
4909647238137039,164552,74,2655,8551,0
4909647243204570,164552,74,2655,8551,0
4909647248268099,164552,74,2655,8551,0
4909647253416006,164552,74,2655,8551,0
4909647258482852,164552,74,2655,8551,0
4909647263665997,164552,74,2655,8551,0
4909647268876391,164552,74,2655,8551,0
4909647274084714,164552,74,2655,8551,0
4909647279241972,164552,74,2655,8551,0
4909647284320777,164552,74,2655,8551,0
4909647289381398,164552,74,2655,8551,0
4909647294440236,164552,74,2655,8551,0
4909647299497122,164552,74,2655,8551,0
4909647304673719,164552,74,2655,8551,0
4909647309731063,164618,74,2655,8551,0
4909647314788766,164618,74,2655,8551,0
4909647319983304,164618,74,2655,8551,0
4909647325017982,164618,74,2655,8551,0
4909647330194731,164618,74,2655,8551,0
4909647335267693,164618,74,2655,8551,0
4909647340338554,164618,74,2655,8551,0
4909647345397816,164618,74,2655,8551,0
4909647350457040,164618,74,2655,8551,0
4909647355619247,164618,74,2655,8551,0
4909647360746903,164618,74,2655,8551,0
4909647365939981,164618,74,2655,8551,0
4909647371073686,164618,74,2655,8551,0
4909647376142498,164618,74,2655,8551,0
4909647381217709,164618,74,2655,8551,0
4909647386411822,164618,74,2655,8551,0
4909647391475047,164618,74,2655,8551,0
4909647396656213,164618,74,2655,8551,0
4909647401814438,164618,74,2655,8551,0
4909647406961783,164618,74,2655,8551,0
4909647412117414,164618,74,2655,8551,0
4909647417283937,164618,74,2655,8551,0
4909647422502617,164618,74,2655,8551,0
4909647427694880,164618,74,2655,8551,0
4909647432844521,164618,74,2655,8551,0
4909647438014074,164618,74,2655,8551,0
4909647443160813,164618,74,2655,8551,0
4909647448225729,164618,74,2655,8551,0
4909647453444718,164618,74,2655,8551,0
4909647458617392,164618,74,2655,8551,0
4909647463754239,164618,74,2655,8551,0
4909647468965063,164618,74,2655,8551,0
4909647474160222,164618,74,2655,8551,0
4909647479228229,164618,74,2655,8551,0
4909647484404571,164618,74,2655,8551,0
4909647489592289,164618,74,2655,8551,0
4909647494731780,164618,74,2655,8551,0
4909647499889327,164618,74,2655,8551,0
4909647505037437,164618,74,2655,8551,0
4909647510066869,164618,74,2655,8551,0
4909647515215322,164618,74,2655,8551,0
4909647520359763,164618,74,2655,8551,0
4909647525499658,164618,74,2655,8551,0
4909647530558855,164618,74,2655,8551,0
4909647535681530,164618,74,2655,8551,0
4909647540843601,164618,74,2655,8551,0
4909647546035740,164618,74,2655,8551,0
4909647551201165,164618,74,2655,8551,0
4909647556270029,164618,74,2655,8551,0
4909647561347066,164618,74,2655,8551,0
4909647566507443,164618,74,2655,8551,0
4909647571731868,164618,74,2655,8551,0
4909647576882753,164618,74,2655,8551,0
4909647582014989,164618,74,2655,8551,0
4909647587217460,164618,74,2655,8551,0
4909647592280071,164618,74,2655,8551,0
4909647597482094,164618,74,2655,8551,0
4909647602642881,164618,74,2655,8551,0
4909647607816080,164618,74,2655,8551,0
4909647612999951,164618,74,2655,8551,0
4909647618195632,164618,74,2655,8551,0
4909647623259309,164618,74,2655,8551,0
4909647628319309,164618,74,2655,8551,0
4909647633376531,164618,74,2655,8551,0
4909647638433668,164618,74,2655,8551,0
4909647643490736,164618,74,2655,8551,0
4909647648547758,164618,74,2655,8551,0
4909647653610855,164618,74,2655,8551,0
4909647658756567,164618,74,2655,8551,0
4909647663814381,164618,74,2655,8551,0
4909647668880786,164618,74,2655,8551,0
4909647673941815,164618,74,2655,8551,0
4909647679012811,164618,74,2655,8551,0
4909647684070026,164618,74,2655,8551,0
4909647689126161,164618,74,2655,8551,0
4909647694182444,164618,74,2655,8551,0
4909647699242677,164618,74,2655,8551,0
4909647704302289,164618,74,2655,8551,0
4909647709361692,164618,74,2655,8551,0
4909647714422461,164618,74,2655,8551,0
4909647719476912,164618,74,2655,8551,0
4909647724533573,164618,74,2655,8551,0
4909647729590696,164618,74,2655,8551,0
4909647734647606,164618,74,2655,8551,0
4909647739709064,164618,74,2655,8551,0
4909647744777960,164618,74,2655,8551,0
4909647749965411,164618,74,2655,8551,0
4909647755011972,164618,74,2655,8551,0
4909647760078896,164618,74,2655,8551,0
4909647765138426,164618,74,2655,8551,0
4909647770200216,164618,74,2655,8551,0
4909647775264819,164618,74,2655,8551,0
4909647780323658,164618,74,2655,8551,0
4909647785476349,164618,74,2655,8551,0
4909647790634384,164618,74,2655,8551,0
4909647795779900,164618,74,2655,8551,0
4909647800949484,164618,74,2655,8551,0
4909647806156397,164618,74,2655,8551,0
4909647811305773,164513,74,2655,8551,0
4909647816501237,164513,74,2655,8551,0
4909647821563181,164513,74,2655,8551,0
4909647826696531,164513,74,2655,8551,0
4909647831755449,164513,74,2655,8551,0
4909647836935612,164513,74,2655,8551,0
4909647842109851,164513,74,2655,8551,0
4909647847157713,164513,74,2655,8551,0
4909647852220743,164513,74,2655,8551,0
4909647857285963,164513,74,2655,8551,0
4909647862349337,164513,74,2655,8551,0
4909647867407064,164513,74,2655,8551,0
4909647872465973,164513,74,2655,8551,0
4909647877524757,164513,74,2655,8551,0
4909647882668629,164513,74,2655,8551,0
4909647887825929,164513,74,2655,8551,0
4909647892969423,164513,74,2655,8551,0
4909647898101781,164513,74,2655,8551,0
4909647903168038,164513,74,2655,8551,0
4909647908235450,164513,74,2655,8551,0
4909647913297382,164513,74,2655,8551,0
4909647918356846,164513,74,2655,8551,0
4909647923413972,164513,74,2655,8551,0
4909647928472871,164513,74,2655,8551,0
4909647933622236,164513,74,2655,8551,0
4909647938754738,164513,74,2655,8551,0
4909647943872908,164513,74,2655,8551,0
4909647949083966,164513,74,2655,8551,0
4909647954144409,164513,74,2655,8551,0
4909647959211104,164513,74,2655,8551,0
4909647964282700,164513,74,2655,8551,0
4909647969346137,164513,74,2655,8551,0
4909647974405091,164513,74,2655,8551,0
4909647979720905,164513,74,2655,8551,0
4909647984897963,164513,74,2655,8551,0
4909647990256243,164513,74,2655,8551,0
4909647995316016,164513,74,2655,8551,0
4909648000372473,164513,74,2655,8551,0
4909648005436784,164513,74,2655,8551,0
4909648010493678,164513,74,2655,8551,0
4909648015648286,164513,74,2655,8551,0
4909648020799630,164513,74,2655,8551,0
4909648025937482,164513,74,2655,8551,0
4909648031139398,164513,74,2655,8551,0
4909648036199648,164513,74,2655,8551,0
4909648041261418,164513,74,2655,8551,0
4909648046324316,164513,74,2655,8551,0
4909648051382912,164513,74,2655,8551,0
4909648056441762,164513,74,2655,8551,0
4909648061499780,164513,74,2655,8551,0
4909648066679969,164513,74,2655,8551,0
4909648071890582,164513,74,2655,8551,0
4909648077044181,164513,74,2655,8551,0
4909648082239356,164513,74,2655,8551,0
4909648087302800,164513,74,2655,8551,0
4909648092361320,164513,74,2655,8551,0
4909648097420567,164513,74,2655,8551,0
4909648102476478,164513,74,2655,8551,0
4909648107644332,164513,74,2655,8551,0
4909648112829072,164513,74,2655,8551,0
4909648117991186,164513,74,2655,8551,0
4909648123135654,164513,74,2655,8551,0
4909648128202705,164513,74,2655,8551,0
4909648133265684,164513,74,2655,8551,0
4909648138324515,164513,74,2655,8551,0
4909648143383264,164513,74,2655,8551,0
4909648148440497,164513,74,2655,8551,0
4909648153499219,164513,74,2655,8551,0
4909648158723328,164513,74,2655,8551,0
4909648163875211,164513,74,2655,8551,0
4909648169059372,164513,74,2655,8551,0
4909648174296046,164513,74,2655,8551,0
4909648179464703,164513,74,2655,8551,0
4909648184527471,164513,74,2655,8551,0
4909648189675533,164513,74,2655,8551,0
4909648194825344,164513,74,2655,8551,0
4909648199951760,164513,74,2655,8551,0
4909648205148636,164513,74,2655,8551,0
4909648210219928,164513,74,2655,8551,0
4909648215282194,164513,74,2655,8551,0
4909648220339665,164513,74,2655,8551,0
4909648225398432,164513,74,2655,8551,0
4909648230457270,164513,74,2655,8551,0
4909648235572780,164513,74,2655,8551,0
4909648240700032,164513,74,2655,8551,0
4909648245849121,164513,74,2655,8551,0
4909648251032279,164513,74,2655,8551,0
4909648256104045,164513,74,2655,8551,0
4909648261321905,164513,74,2655,8551,0
4909648266553210,164513,74,2655,8551,0
4909648271696731,164513,74,2655,8551,0
4909648276862672,164513,74,2655,8551,0
4909648282026163,164513,74,2655,8551,0
4909648287167108,164513,74,2655,8551,0
4909648292236564,164513,74,2655,8551,0
4909648297296005,164513,74,2655,8551,0
4909648302353471,164513,74,2655,8551,0
4909648307410377,164513,74,2655,8551,0
4909648312466968,164470,74,2655,8551,0
4909648317523750,164470,74,2655,8551,0
4909648322580669,164470,74,2655,8551,0
4909648327638518,164470,74,2655,8551,0
4909648332899642,164470,74,2655,8551,0
4909648338062081,164470,74,2655,8551,0
4909648343086639,164470,74,2655,8551,0
4909648348265611,164470,74,2655,8551,0
4909648353408658,164470,74,2655,8551,0
4909648358470628,164470,74,2655,8551,0
4909648363527604,164470,74,2655,8551,0
4909648368588292,164470,74,2655,8551,0
4909648373643747,164470,74,2655,8551,0
4909648378700398,164470,74,2655,8551,0
4909648383873066,164470,74,2655,8551,0
4909648389074891,164470,74,2655,8551,0
4909648394253476,164470,74,2655,8551,0
4909648399315806,164470,74,2655,8551,0
4909648404372831,164470,74,2655,8551,0
4909648409429337,164470,74,2655,8551,0
4909648414486075,164470,74,2655,8551,0
4909648419542720,164470,74,2655,8551,0
4909648424599314,164470,74,2655,8551,0
4909648429666126,164470,74,2655,8551,0
4909648434729730,164470,74,2655,8551,0
4909648439867997,164470,74,2655,8551,0
4909648444927520,164470,74,2655,8551,0
4909648449989077,164470,74,2655,8551,0
4909648455127023,164470,74,2655,8551,0
4909648460194026,164470,74,2655,8551,0
4909648465253353,164470,74,2655,8551,0
4909648470312404,164470,74,2655,8551,0
4909648475371580,164470,74,2655,8551,0
4909648480428617,164470,74,2655,8551,0
4909648485485197,164470,74,2655,8551,0
4909648490638667,164470,74,2655,8551,0
4909648495807269,164470,74,2655,8551,0
4909648500955319,164470,74,2655,8551,0
4909648506174345,164470,74,2655,8551,0
4909648511244937,164470,74,2655,8551,0
4909648516304603,164470,74,2655,8551,0
4909648521362119,164470,74,2655,8551,0
4909648526421160,164470,74,2655,8551,0
4909648531623096,164470,74,2655,8551,0
4909648536696348,164470,74,2655,8551,0
4909648541753394,164470,74,2655,8551,0
4909648546816058,164470,74,2655,8551,0
4909648551878847,164470,74,2655,8551,0
4909648556939609,164470,74,2655,8551,0
4909648561993456,164470,74,2655,8551,0
4909648567003843,164470,74,2655,8551,0
4909648572210787,164470,74,2655,8551,0
4909648577273853,164470,74,2655,8551,0
4909648582333150,164470,74,2655,8551,0
4909648587391364,164470,74,2655,8551,0
4909648592449206,164470,74,2655,8551,0
4909648597508034,164470,74,2655,8551,0
4909648602686578,164470,74,2655,8551,0
4909648607833011,164470,74,2655,8551,0
4909648612997331,164470,74,2655,8551,0
4909648618153561,164470,74,2655,8551,0
4909648623222708,164470,74,2655,8551,0
4909648628285786,164470,74,2655,8551,0
4909648633344683,164470,74,2655,8551,0
4909648638403817,164470,74,2655,8551,0
4909648643462671,164470,74,2655,8551,0
4909648648520547,164470,74,2655,8551,0
4909648653682389,164470,74,2655,8551,0
4909648658852932,164470,74,2655,8551,0
4909648663990031,164470,74,2655,8551,0
4909648669145456,164470,74,2655,8551,0
4909648674204750,164470,74,2655,8551,0
4909648679347628,164470,74,2655,8551,0
4909648684467106,164470,74,2655,8551,0
4909648689614585,164470,74,2655,8551,0
4909648694752324,164470,74,2655,8551,0
4909648699909935,164470,74,2655,8551,0
4909648705049835,164470,74,2655,8551,0
4909648710200645,164470,74,2655,8551,0
4909648715344674,164470,74,2655,8551,0
4909648720505069,164470,74,2655,8551,0
4909648725705017,164470,74,2655,8551,0
4909648730897218,164470,74,2655,8551,0
4909648736062249,164470,74,2655,8551,0
4909648741233305,164470,74,2655,8551,0
4909648746348286,164470,74,2655,8551,0
4909648751533274,164470,74,2655,8551,0
4909648756697586,164470,74,2655,8551,0
4909648761832820,164470,74,2655,8551,0
4909648766960839,164470,74,2655,8551,0
4909648772137766,164470,74,2655,8551,0
4909648777203734,164470,74,2655,8551,0
4909648782265426,164470,74,2655,8551,0
4909648787332836,164470,74,2655,8551,0
4909648792401088,164470,74,2655,8551,0
4909648797462852,164470,74,2655,8551,0
4909648802521792,164470,74,2655,8551,0
4909648807665486,164470,74,2655,8551,0
4909648812824102,164492,74,2655,8551,0
4909648817990199,164492,74,2655,8551,0
4909648823178872,164492,74,2655,8551,0
4909648828335833,164492,74,2655,8551,0
4909648833520292,164492,74,2655,8551,0
4909648838658509,164492,74,2655,8551,0
4909648843808386,164492,74,2655,8551,0
4909648848968223,164492,74,2655,8551,0
4909648854139505,164492,74,2655,8551,0
4909648859202129,164492,74,2655,8551,0
4909648864343559,164492,74,2655,8551,0
4909648869509888,164492,74,2655,8551,0
4909648874668896,164492,74,2655,8551,0
4909648879793898,164492,74,2655,8551,0
4909648884863894,164492,74,2655,8551,0
4909648889936152,164492,74,2655,8551,0
4909648895083109,164492,74,2655,8551,0
4909648900140132,164492,74,2655,8551,0
4909648905199835,164492,74,2655,8551,0
4909648910259525,164492,74,2655,8551,0
4909648915316426,164492,74,2655,8551,0
4909648920373161,164492,74,2655,8551,0
4909648925429982,164492,74,2655,8551,0
4909648930486785,164492,74,2655,8551,0
4909648935543155,164492,74,2655,8551,0
4909648940599621,164492,74,2655,8551,0
4909648945655680,164492,74,2655,8551,0
4909648950718119,164492,74,2655,8551,0
4909648955773066,164492,74,2655,8551,0
4909648960836753,164492,74,2655,8551,0
4909648965899655,164492,74,2655,8551,0
4909648970963983,164492,74,2655,8551,0
4909648976002432,164492,74,2655,8551,0
4909648981056635,164492,74,2655,8551,0
4909648986113443,164492,74,2655,8551,0
4909648991178233,164492,74,2655,8551,0
4909648996233041,164492,74,2655,8551,0
4909649001285718,164492,74,2655,8551,0
4909649006348499,164492,74,2655,8551,0
4909649011405234,164492,74,2655,8551,0
4909649016546084,164492,74,2655,8551,0
4909649021713172,164492,74,2655,8551,0
4909649026837364,164492,74,2655,8551,0
4909649032017336,164492,74,2655,8551,0
4909649037109279,164492,74,2655,8551,0
4909649042315264,164492,74,2655,8551,0
4909649047378622,164492,74,2655,8551,0
4909649052550941,164492,74,2655,8551,0
4909649057810832,164492,74,2655,8551,0
4909649063018044,164492,74,2655,8551,0
4909649068124182,164492,74,2655,8551,0
4909649073324224,164492,74,2655,8551,0
4909649078507944,164492,74,2655,8551,0
4909649083651749,164492,74,2655,8551,0
4909649088803345,164492,74,2655,8551,0
4909649093957697,164492,74,2655,8551,0
4909649099173993,164492,74,2655,8551,0
4909649104327727,164492,74,2655,8551,0
4909649109543450,164492,74,2655,8551,0
4909649114729890,164492,74,2655,8551,0
4909649119845446,164492,74,2655,8551,0
4909649125009451,164492,74,2655,8551,0
4909649130165046,164492,74,2655,8551,0
4909649135306581,164492,74,2655,8551,0
4909649140449680,164492,74,2655,8551,0
4909649145581029,164492,74,2655,8551,0
4909649150770229,164492,74,2655,8551,0
4909649155971918,164492,74,2655,8551,0
4909649161161451,164492,74,2655,8551,0
4909649166231796,164492,74,2655,8551,0
4909649171293521,164492,74,2655,8551,0
4909649176352316,164492,74,2655,8551,0
4909649181410970,164492,74,2655,8551,0
4909649186469644,164492,74,2655,8551,0
4909649191535379,164492,74,2655,8551,0
4909649196594804,164492,74,2655,8551,0
4909649201732983,164492,74,2655,8551,0
4909649206918810,164492,74,2655,8551,0
4909649212131587,164492,74,2655,8551,0
4909649217187685,164492,74,2655,8551,0
4909649222334991,164492,74,2655,8551,0
4909649227398053,164492,74,2655,8551,0
4909649232460054,164492,74,2655,8551,0
4909649237611612,164492,74,2655,8551,0
4909649242669653,164492,74,2655,8551,0
4909649247730923,164492,74,2655,8551,0
4909649252868946,164492,74,2655,8551,0
4909649258092855,164492,74,2655,8551,0
4909649263161713,164492,74,2655,8551,0
4909649268194360,164492,74,2655,8551,0
4909649273264846,164492,74,2655,8551,0
4909649278328118,164492,74,2655,8551,0
4909649283385370,164492,74,2655,8551,0
4909649288442456,164492,74,2655,8551,0
4909649293657206,164492,74,2655,8551,0
4909649298727882,164492,74,2655,8551,0
4909649303799591,164492,74,2655,8551,0
4909649308998713,164495,74,2655,8551,0
4909649314286553,164495,74,2655,8551,0
4909649319464749,164495,74,2655,8551,0
4909649324697884,164495,74,2655,8551,0
4909649329889977,164495,74,2655,8551,0
4909649335078609,164495,74,2655,8551,0
4909649340331377,164495,74,2655,8551,0
4909649345501374,164495,74,2655,8551,0
4909649350651182,164495,74,2655,8551,0
4909649355899077,164495,74,2655,8551,0
4909649361055132,164495,74,2655,8551,0
4909649366235882,164495,74,2655,8551,0
4909649371412698,164495,74,2655,8551,0
4909649376563526,164495,74,2655,8551,0
4909649381728614,164495,74,2655,8551,0
4909649386885728,164495,74,2655,8551,0
4909649392082826,164495,74,2655,8551,0
4909649397111384,164495,74,2655,8551,0
4909649402283059,164495,74,2655,8551,0
4909649407475374,164495,74,2655,8551,0
4909649412667714,164495,74,2655,8551,0
4909649417839577,164495,74,2655,8551,0
4909649423015538,164495,74,2655,8551,0
4909649428220096,164495,74,2655,8551,0
4909649433390797,164495,74,2655,8551,0
4909649438579464,164495,74,2655,8551,0
4909649443751432,164495,74,2655,8551,0
4909649448896811,164495,74,2655,8551,0
4909649454086756,164495,74,2655,8551,0
4909649459255200,164495,74,2655,8551,0
4909649464433197,164495,74,2655,8551,0
4909649469589968,164495,74,2655,8551,0
4909649474745141,164495,74,2655,8551,0
4909649479942218,164495,74,2655,8551,0
4909649485164048,164495,74,2655,8551,0
4909649490358727,164495,74,2655,8551,0
4909649495429713,164495,74,2655,8551,0
4909649500496780,164495,74,2655,8551,0
4909649505644861,164495,74,2655,8551,0
4909649510798956,164495,74,2655,8551,0
4909649515863685,164495,74,2655,8551,0
4909649520921195,164495,74,2655,8551,0
4909649525977953,164495,74,2655,8551,0
4909649531005403,164495,74,2655,8551,0
4909649536061802,164495,74,2655,8551,0
4909649541185597,164495,74,2655,8551,0
4909649546251843,164495,74,2655,8551,0
4909649551313041,164495,74,2655,8551,0
4909649556371506,164495,74,2655,8551,0
4909649561430249,164495,74,2655,8551,0
4909649566489028,164495,74,2655,8551,0
4909649571547545,164495,74,2655,8551,0
4909649576613724,164495,74,2655,8551,0
4909649581670911,164495,74,2655,8551,0
4909649586727630,164495,74,2655,8551,0
4909649591853286,164495,74,2655,8551,0
4909649597042075,164495,74,2655,8551,0
4909649602156214,164495,74,2655,8551,0
4909649607212736,164495,74,2655,8551,0
4909649612271280,164495,74,2655,8551,0
4909649617329991,164495,74,2655,8551,0
4909649622388655,164495,74,2655,8551,0
4909649627447040,164495,74,2655,8551,0
4909649632503519,164495,74,2655,8551,0
4909649637564602,164495,74,2655,8551,0
4909649642743156,164495,74,2655,8551,0
4909649647950478,164495,74,2655,8551,0
4909649653176790,164495,74,2655,8551,0
4909649658239606,164495,74,2655,8551,0
4909649663298929,164495,74,2655,8551,0
4909649668476594,164495,74,2655,8551,0
4909649673678960,164495,74,2655,8551,0
4909649678831774,164495,74,2655,8551,0
4909649683960069,164495,74,2655,8551,0
4909649689178053,164495,74,2655,8551,0
4909649694241014,164495,74,2655,8551,0
4909649699299862,164495,74,2655,8551,0
4909649704358558,164495,74,2655,8551,0
4909649709501452,164495,74,2655,8551,0
4909649714646309,164495,74,2655,8551,0
4909649719779353,164495,74,2655,8551,0
4909649724896828,164495,74,2655,8551,0
4909649729954671,164495,74,2655,8551,0
4909649735014445,164495,74,2655,8551,0
4909649740070741,164495,74,2655,8551,0
4909649745125478,164495,74,2655,8551,0
4909649750178498,164495,74,2655,8551,0
4909649755232528,164495,74,2655,8551,0
4909649760296602,164495,74,2655,8551,0
4909649765361224,164495,74,2655,8551,0
4909649770425567,164495,74,2655,8551,0
4909649775490407,164495,74,2655,8551,0
4909649780546892,164495,74,2655,8551,0
4909649785611303,164495,74,2655,8551,0
4909649790675916,164495,74,2655,8551,0
4909649795732386,164495,74,2655,8551,0
4909649800796865,164495,74,2655,8551,0
4909649805862061,164495,74,2655,8551,0
4909649810917014,164447,74,2655,8551,0
4909649816043696,164447,74,2655,8551,0
4909649821246558,164447,74,2655,8551,0
4909649826325208,164447,74,2655,8551,0
4909649831461048,164447,74,2655,8551,0
4909649836650667,164447,74,2655,8551,0
4909649841802458,164447,74,2655,8551,0
4909649846999658,164447,74,2655,8551,0
4909649852159543,164447,74,2655,8551,0
4909649857315895,164447,74,2655,8551,0
4909649862458693,164447,74,2655,8551,0
4909649867592485,164447,74,2655,8551,0
4909649872725228,164447,74,2655,8551,0
4909649877855281,164447,74,2655,8551,0
4909649882911371,164447,74,2655,8551,0
4909649888063379,164447,74,2655,8551,0
4909649893171804,164447,74,2655,8551,0
4909649898238691,164447,74,2655,8551,0
4909649903297839,164447,74,2655,8551,0
4909649908356949,164447,74,2655,8551,0
4909649913416284,164447,74,2655,8551,0
4909649918475566,164447,74,2655,8551,0
4909649923608876,164447,74,2655,8551,0
4909649928756552,164447,74,2655,8551,0
4909649933901994,164447,74,2655,8551,0
4909649938975954,164447,74,2655,8551,0
4909649944177791,164447,74,2655,8551,0
4909649949239685,164447,74,2655,8551,0
4909649954299626,164447,74,2655,8551,0
4909649959358859,164447,74,2655,8551,0
4909649964416000,164447,74,2655,8551,0
4909649969472377,164447,74,2655,8551,0
4909649974528963,164447,74,2655,8551,0
4909649979656410,164447,74,2655,8551,0
4909649984828162,164447,74,2655,8551,0
4909649989885021,164447,74,2655,8551,0
4909649994941172,164447,74,2655,8551,0
4909650000004750,164447,74,2655,8551,0
4909650005101312,164447,74,2655,8551,0
4909650010169484,164447,74,2655,8551,0
4909650015232502,164447,74,2655,8551,0
4909650020291346,164447,74,2655,8551,0
4909650025349548,164447,74,2655,8551,0
4909650030408721,164447,74,2655,8551,0
4909650035482219,164447,74,2655,8551,0
4909650040680801,164447,74,2655,8551,0
4909650045863049,164447,74,2655,8551,0
4909650051041589,164447,74,2655,8551,0
4909650056169872,164447,74,2655,8551,0
4909650061238326,164447,74,2655,8551,0
4909650066297371,164447,74,2655,8551,0
4909650071356382,164447,74,2655,8551,0
4909650076409517,164447,74,2655,8551,0
4909650081472991,164447,74,2655,8551,0
4909650086540160,164447,74,2655,8551,0
4909650091604176,164447,74,2655,8551,0
4909650096664663,164447,74,2655,8551,0
4909650101721200,164447,74,2655,8551,0
4909650106778817,164447,74,2655,8551,0
4909650111842213,164447,74,2655,8551,0
4909650116907961,164447,74,2655,8551,0
4909650121968951,164447,74,2655,8551,0
4909650127121257,164447,74,2655,8551,0
4909650132166795,164447,74,2655,8551,0
4909650137236050,164447,74,2655,8551,0
4909650142295566,164447,74,2655,8551,0
4909650147354874,164447,74,2655,8551,0
4909650152412202,164447,74,2655,8551,0
4909650157471019,164447,74,2655,8551,0
4909650162610173,164447,74,2655,8551,0
4909650167787147,164447,74,2655,8551,0
4909650172920311,164447,74,2655,8551,0
4909650178096654,164447,74,2655,8551,0
4909650183160089,164447,74,2655,8551,0
4909650188226314,164447,74,2655,8551,0
4909650193289234,164447,74,2655,8551,0
4909650198347997,164447,74,2655,8551,0
4909650203406943,164447,74,2655,8551,0
4909650208637225,164447,74,2655,8551,0
4909650213791917,164447,74,2655,8551,0
4909650218921372,164447,74,2655,8551,0
4909650224147341,164447,74,2655,8551,0
4909650229298018,164447,74,2655,8551,0
4909650234470085,164447,74,2655,8551,0
4909650239657627,164447,74,2655,8551,0
4909650244791018,164447,74,2655,8551,0
4909650249966393,164447,74,2655,8551,0
4909650255152705,164447,74,2655,8551,0
4909650260306677,164447,74,2655,8551,0
4909650265453430,164447,74,2655,8551,0
4909650270516655,164447,74,2655,8551,0
4909650275656731,164447,74,2655,8551,0
4909650280828486,164447,74,2655,8551,0
4909650285970072,164447,74,2655,8551,0
4909650291073601,164447,74,2655,8551,0
4909650296141654,164447,74,2655,8551,0
4909650301203939,164447,74,2655,8551,0
4909650306268934,164447,74,2655,8551,0
4909650311333695,164329,74,2655,8551,0
4909650316396983,164329,74,2655,8551,0
4909650321458661,164329,74,2655,8551,0
4909650326516759,164329,74,2655,8551,0
4909650331698814,164329,74,2655,8551,0
4909650336759216,164329,74,2655,8551,0
4909650341828853,164329,74,2655,8551,0
4909650346887577,164329,74,2655,8551,0
4909650351944371,164329,74,2655,8551,0
4909650357019666,164329,74,2655,8551,0
4909650362082095,164329,74,2655,8551,0
4909650367303020,164329,74,2655,8551,0
4909650372365903,164329,74,2655,8551,0
4909650377424760,164329,74,2655,8551,0
4909650382483530,164329,74,2655,8551,0
4909650387632681,164329,74,2655,8551,0
4909650392702973,164329,74,2655,8551,0
4909650397760819,164329,74,2655,8551,0
4909650402819477,164329,74,2655,8551,0
4909650407877683,164329,74,2655,8551,0
4909650412934499,164329,74,2655,8551,0
4909650417989944,164329,74,2655,8551,0
4909650423002355,164329,74,2655,8551,0
4909650428057209,164329,74,2655,8551,0
4909650433114327,164329,74,2655,8551,0
4909650438170816,164329,74,2655,8551,0
4909650443227361,164329,74,2655,8551,0
4909650448284190,164329,74,2655,8551,0
4909650453340873,164329,74,2655,8551,0
4909650458405363,164329,74,2655,8551,0
4909650463462208,164329,74,2655,8551,0
4909650468519048,164329,74,2655,8551,0
4909650473583534,164329,74,2655,8551,0
4909650478711355,164329,74,2655,8551,0
4909650483835663,164329,74,2655,8551,0
4909650488961029,164329,74,2655,8551,0
4909650494099284,164329,74,2655,8551,0
4909650499168542,164329,74,2655,8551,0
4909650504228063,164329,74,2655,8551,0
4909650509286939,164329,74,2655,8551,0
4909650514346186,164329,74,2655,8551,0
4909650519405362,164329,74,2655,8551,0
4909650524462257,164329,74,2655,8551,0
4909650529533104,164329,74,2655,8551,0
4909650534656722,164329,74,2655,8551,0
4909650539800974,164329,74,2655,8551,0
4909650544931716,164329,74,2655,8551,0
4909650550093317,164329,74,2655,8551,0
4909650555284726,164329,74,2655,8551,0
4909650560450279,164329,74,2655,8551,0
4909650565635564,164329,74,2655,8551,0
4909650570790664,164329,74,2655,8551,0
4909650575971181,164329,74,2655,8551,0
4909650581142708,164329,74,2655,8551,0
4909650586290728,164329,74,2655,8551,0
4909650591353648,164329,74,2655,8551,0
4909650596412845,164329,74,2655,8551,0
4909650601469935,164329,74,2655,8551,0
4909650606612792,164329,74,2655,8551,0
4909650611742683,164329,74,2655,8551,0
4909650616900956,164329,74,2655,8551,0
4909650621959031,164329,74,2655,8551,0
4909650627006813,164329,74,2655,8551,0
4909650632063353,164329,74,2655,8551,0
4909650637242554,164329,74,2655,8551,0
4909650642306270,164329,74,2655,8551,0
4909650647457622,164329,74,2655,8551,0
4909650652521463,164329,74,2655,8551,0
4909650657579230,164329,74,2655,8551,0
4909650662635868,164329,74,2655,8551,0
4909650667690740,164329,74,2655,8551,0
4909650672747788,164329,74,2655,8551,0
4909650677806956,164329,74,2655,8551,0
4909650683012199,164329,74,2655,8551,0
4909650688194076,164329,74,2655,8551,0
4909650693328023,164329,74,2655,8551,0
4909650698476908,164329,74,2655,8551,0
4909650703652935,164329,74,2655,8551,0
4909650708820493,164329,74,2655,8551,0
4909650713968392,164329,74,2655,8551,0
4909650719188877,164329,74,2655,8551,0
4909650724364519,164329,74,2655,8551,0
4909650729577862,164329,74,2655,8551,0
4909650734733536,164329,74,2655,8551,0
4909650739925239,164329,74,2655,8551,0
4909650745098616,164329,74,2655,8551,0
4909650750264116,164329,74,2655,8551,0
4909650755332332,164329,74,2655,8551,0
4909650760387453,164329,74,2655,8551,0
4909650765441989,164329,74,2655,8551,0
4909650770498784,164329,74,2655,8551,0
4909650775554091,164329,74,2655,8551,0
4909650780765829,164329,74,2655,8551,0
4909650785920597,164329,74,2655,8551,0
4909650791070106,164329,74,2655,8551,0
4909650796126752,164329,74,2655,8551,0
4909650801183154,164329,74,2655,8551,0
4909650806239730,164329,74,2655,8551,0
4909650811304911,164331,74,2655,8551,0
4909650816360460,164331,74,2655,8551,0
4909650821414755,164331,74,2655,8551,0
4909650826478909,164331,74,2655,8551,0
4909650831542925,164331,74,2655,8551,0
4909650836599700,164331,74,2655,8551,0
4909650841656802,164331,74,2655,8551,0
4909650846782473,164331,74,2655,8551,0
4909650851843255,164331,74,2655,8551,0
4909650857178220,164331,74,2655,8551,0
4909650862243804,164331,74,2655,8551,0
4909650867425588,164331,74,2655,8551,0
4909650872592270,164331,74,2655,8551,0
4909650877779684,164331,74,2655,8551,0
4909650882975289,164331,74,2655,8551,0
4909650888160051,164331,74,2655,8551,0
4909650893312736,164331,74,2655,8551,0
4909650898489829,164331,74,2655,8551,0
4909650903636559,164331,74,2655,8551,0
4909650908787847,164331,74,2655,8551,0
4909650913924155,164331,74,2655,8551,0
4909650919086942,164331,74,2655,8551,0
4909650924273306,164331,74,2655,8551,0
4909650929406732,164331,74,2655,8551,0
4909650934593478,164331,74,2655,8551,0
4909650939722575,164331,74,2655,8551,0
4909650944838021,164331,74,2655,8551,0
4909650949996757,164331,74,2655,8551,0
4909650955213730,164331,74,2655,8551,0
4909650960327498,164331,74,2655,8551,0
4909650965393735,164331,74,2655,8551,0
4909650970452965,164331,74,2655,8551,0
4909650975507333,164331,74,2655,8551,0
4909650980564580,164331,74,2655,8551,0
4909650985623128,164331,74,2655,8551,0
4909650990677765,164331,74,2655,8551,0
4909650995731261,164331,74,2655,8551,0
4909651000787625,164331,74,2655,8551,0
4909651005842551,164331,74,2655,8551,0
4909651010896661,164331,74,2655,8551,0
4909651015956890,164331,74,2655,8551,0
4909651021006858,164331,74,2655,8551,0
4909651026062595,164331,74,2655,8551,0
4909651031115588,164331,74,2655,8551,0
4909651036172467,164331,74,2655,8551,0
4909651041230855,164331,74,2655,8551,0
4909651046289804,164331,74,2655,8551,0
4909651051349075,164331,74,2655,8551,0
4909651056405676,164331,74,2655,8551,0
4909651061460125,164331,74,2655,8551,0
4909651066517208,164331,74,2655,8551,0
4909651071587345,164331,74,2655,8551,0
4909651076647506,164331,74,2655,8551,0
4909651081700264,164331,74,2655,8551,0
4909651086756254,164331,74,2655,8551,0
4909651091811411,164331,74,2655,8551,0
4909651096864778,164331,74,2655,8551,0
4909651101917716,164331,74,2655,8551,0
4909651106972970,164331,74,2655,8551,0
4909651112003192,164331,74,2655,8551,0
4909651117061503,164331,74,2655,8551,0
4909651122116764,164331,74,2655,8551,0
4909651127169728,164331,74,2655,8551,0
4909651132222912,164331,74,2655,8551,0
4909651137275890,164331,74,2655,8551,0
4909651142328929,164331,74,2655,8551,0
4909651147382039,164331,74,2655,8551,0
4909651152435282,164331,74,2655,8551,0
4909651157489424,164331,74,2655,8551,0
4909651162548741,164331,74,2655,8551,0
4909651167607045,164331,74,2655,8551,0
4909651172667622,164331,74,2655,8551,0
4909651177723305,164331,74,2655,8551,0
4909651182780264,164331,74,2655,8551,0
4909651187837529,164331,74,2655,8551,0
4909651192898871,164331,74,2655,8551,0
4909651197957321,164331,74,2655,8551,0
4909651203006860,164331,74,2655,8551,0
4909651208066151,164331,74,2655,8551,0
4909651213121533,164331,74,2655,8551,0
4909651218179273,164331,74,2655,8551,0
4909651223234087,164331,74,2655,8551,0
4909651228292492,164331,74,2655,8551,0
4909651233353168,164331,74,2655,8551,0
4909651238407746,164331,74,2655,8551,0
4909651243462537,164331,74,2655,8551,0
4909651248517377,164331,74,2655,8551,0
4909651253575265,164331,74,2655,8551,0
4909651258630612,164331,74,2655,8551,0
4909651263683418,164331,74,2655,8551,0
4909651268736547,164331,74,2655,8551,0
4909651273804387,164331,74,2655,8551,0
4909651278868488,164331,74,2655,8551,0
4909651283926428,164331,74,2655,8551,0
4909651288980657,164331,74,2655,8551,0
4909651294002330,164331,74,2655,8551,0
4909651299057401,164331,74,2655,8551,0
4909651304112986,164331,74,2655,8551,0
4909651309170969,164341,74,2655,8551,0
4909651314226979,164341,74,2655,8551,0
4909651319280753,164341,74,2655,8551,0
4909651324339818,164341,74,2655,8551,0
4909651329403673,164341,74,2655,8551,0
4909651334466639,164341,74,2655,8551,0
4909651339521923,164341,74,2655,8551,0
4909651344582644,164341,74,2655,8551,0
4909651349639930,164341,74,2655,8551,0
4909651354695646,164341,74,2655,8551,0
4909651359753051,164341,74,2655,8551,0
4909651364808548,164341,74,2655,8551,0
4909651369863002,164341,74,2655,8551,0
4909651374916829,164341,74,2655,8551,0
4909651379971056,164341,74,2655,8551,0
4909651385012325,164341,74,2655,8551,0
4909651390072103,164341,74,2655,8551,0
4909651395125407,164341,74,2655,8551,0
4909651400183305,164341,74,2655,8551,0
4909651405241473,164341,74,2655,8551,0
4909651410296327,164341,74,2655,8551,0
4909651415353892,164341,74,2655,8551,0
4909651420408909,164341,74,2655,8551,0
4909651425461712,164341,74,2655,8551,0
4909651430518051,164341,74,2655,8551,0
4909651435575843,164341,74,2655,8551,0
4909651440637889,164341,74,2655,8551,0
4909651445712033,164341,74,2655,8551,0
4909651450776624,164341,74,2655,8551,0
4909651455833178,164341,74,2655,8551,0
4909651460889100,164341,74,2655,8551,0
4909651465948226,164341,74,2655,8551,0
4909651471011945,164341,74,2655,8551,0
4909651476066022,164341,74,2655,8551,0
4909651481122181,164341,74,2655,8551,0
4909651486178186,164341,74,2655,8551,0
4909651491231900,164341,74,2655,8551,0
4909651496285569,164341,74,2655,8551,0
4909651501340043,164341,74,2655,8551,0
4909651506398862,164341,74,2655,8551,0
4909651511458321,164341,74,2655,8551,0
4909651516517628,164341,74,2655,8551,0
4909651521577663,164341,74,2655,8551,0
4909651526634092,164341,74,2655,8551,0
4909651531687663,164341,74,2655,8551,0
4909651536745694,164341,74,2655,8551,0
4909651541800872,164341,74,2655,8551,0
4909651546869372,164341,74,2655,8551,0
4909651551933379,164341,74,2655,8551,0
4909651556995201,164341,74,2655,8551,0
4909651562064567,164341,74,2655,8551,0
4909651567132755,164341,74,2655,8551,0
4909651572197080,164341,74,2655,8551,0
4909651577254863,164341,74,2655,8551,0
4909651582323201,164341,74,2655,8551,0
4909651587387469,164341,74,2655,8551,0
4909651592443986,164341,74,2655,8551,0
4909651597510192,164341,74,2655,8551,0
4909651602572668,164341,74,2655,8551,0
4909651607703103,164341,74,2655,8551,0
4909651612861218,164341,74,2655,8551,0
4909651618024387,164341,74,2655,8551,0
4909651623226225,164341,74,2655,8551,0
4909651628391220,164341,74,2655,8551,0
4909651633458579,164341,74,2655,8551,0
4909651638520885,164341,74,2655,8551,0
4909651643577435,164341,74,2655,8551,0
4909651648631124,164341,74,2655,8551,0
4909651653786896,164341,74,2655,8551,0
4909651658918893,164341,74,2655,8551,0
4909651664044362,164341,74,2655,8551,0
4909651669172950,164341,74,2655,8551,0
4909651674395586,164341,74,2655,8551,0
4909651679560114,164341,74,2655,8551,0
4909651684690550,164341,74,2655,8551,0
4909651689820013,164341,74,2655,8551,0
4909651694961678,164341,74,2655,8551,0
4909651700130365,164341,74,2655,8551,0
4909651705302032,164341,74,2655,8551,0
4909651710450367,164341,74,2655,8551,0
4909651715587002,164341,74,2655,8551,0
4909651720741800,164341,74,2655,8551,0
4909651725881457,164341,74,2655,8551,0
4909651731028512,164341,74,2655,8551,0
4909651736162678,164341,74,2655,8551,0
4909651741361227,164341,74,2655,8551,0
4909651746495161,164341,74,2655,8551,0
4909651751623492,164341,74,2655,8551,0
4909651756679718,164341,74,2655,8551,0
4909651761813532,164341,74,2655,8551,0
4909651766895530,164341,74,2655,8551,0
4909651771951469,164341,74,2655,8551,0
4909651777003923,164341,74,2655,8551,0
4909651782063166,164341,74,2655,8551,0
4909651787119514,164341,74,2655,8551,0
4909651792177633,164341,74,2655,8551,0
4909651797204505,164341,74,2655,8551,0
4909651802369877,164341,74,2655,8551,0
4909651807494434,164341,74,2655,8551,0
4909651812640031,164377,74,2655,8551,0
4909651817784735,164377,74,2655,8551,0
4909651822952038,164377,74,2655,8551,0
4909651828113953,164377,74,2655,8551,0
4909651833271048,164377,74,2655,8551,0
4909651838333516,164377,74,2655,8551,0
4909651843393749,164377,74,2655,8551,0
4909651848454062,164377,74,2655,8551,0
4909651853514793,164377,74,2655,8551,0
4909651858574967,164377,74,2655,8551,0
4909651863738464,164377,74,2655,8551,0
4909651868932652,164377,74,2655,8551,0
4909651874087709,164377,74,2655,8551,0
4909651879308123,164377,74,2655,8551,0
4909651884447744,164377,74,2655,8551,0
4909651889573599,164377,74,2655,8551,0
4909651894743964,164377,74,2655,8551,0
4909651899905291,164377,74,2655,8551,0
4909651905070236,164377,74,2655,8551,0
4909651910165785,164377,74,2655,8551,0
4909651915302218,164377,74,2655,8551,0
4909651920438149,164377,74,2655,8551,0
4909651925497454,164377,74,2655,8551,0
4909651930553890,164377,74,2655,8551,0
4909651935608529,164377,74,2655,8551,0
4909651940662736,164377,74,2655,8551,0
4909651945717422,164377,74,2655,8551,0
4909651950771178,164377,74,2655,8551,0
4909651955825211,164377,74,2655,8551,0
4909651960879203,164377,74,2655,8551,0
4909651965932921,164377,74,2655,8551,0
4909651971113413,164377,74,2655,8551,0
4909651976150806,164377,74,2655,8551,0
4909651981211386,164377,74,2655,8551,0
4909651986269590,164377,74,2655,8551,0
4909651991449200,164377,74,2655,8551,0
4909651996603302,164377,74,2655,8551,0
4909652001747034,164377,74,2655,8551,0
4909652006973561,164377,74,2655,8551,0
4909652012155688,164377,74,2655,8551,0
4909652017183758,164377,74,2655,8551,0
4909652022243950,164377,74,2655,8551,0
4909652027302794,164377,74,2655,8551,0
4909652032360516,164377,74,2655,8551,0
4909652037492849,164377,74,2655,8551,0
4909652042619578,164377,74,2655,8551,0
4909652047757818,164377,74,2655,8551,0
4909652052883158,164377,74,2655,8551,0
4909652058100158,164377,74,2655,8551,0
4909652063176763,164377,74,2655,8551,0
4909652068351749,164377,74,2655,8551,0
4909652073546152,164377,74,2655,8551,0
4909652078754184,164377,74,2655,8551,0
4909652083919822,164377,74,2655,8551,0
4909652089076875,164377,74,2655,8551,0
4909652094234644,164377,74,2655,8551,0
4909652099292475,164377,74,2655,8551,0
4909652104425997,164377,74,2655,8551,0
4909652109602210,164377,74,2655,8551,0
4909652114730756,164377,74,2655,8551,0
4909652119857450,164377,74,2655,8551,0
4909652125027070,164377,74,2655,8551,0
4909652130089236,164377,74,2655,8551,0
4909652135146239,164377,74,2655,8551,0
4909652140200451,164377,74,2655,8551,0
4909652145254179,164377,74,2655,8551,0
4909652150308921,164377,74,2655,8551,0
4909652155365802,164377,74,2655,8551,0
4909652160551211,164377,74,2655,8551,0
4909652165608793,164377,74,2655,8551,0
4909652170671124,164377,74,2655,8551,0
4909652175736884,164377,74,2655,8551,0
4909652180806412,164377,74,2655,8551,0
4909652185871040,164377,74,2655,8551,0
4909652190927708,164377,74,2655,8551,0
4909652195985021,164377,74,2655,8551,0
4909652201009224,164377,74,2655,8551,0
4909652206072320,164377,74,2655,8551,0
4909652211143831,164377,74,2655,8551,0
4909652216207892,164377,74,2655,8551,0
4909652221267183,164377,74,2655,8551,0
4909652226324937,164377,74,2655,8551,0
4909652231385674,164377,74,2655,8551,0
4909652236455702,164377,74,2655,8551,0
4909652241515824,164377,74,2655,8551,0
4909652246571213,164377,74,2655,8551,0
4909652251626959,164377,74,2655,8551,0
4909652256684438,164377,74,2655,8551,0
4909652261743896,164377,74,2655,8551,0
4909652266810079,164377,74,2655,8551,0
4909652271878145,164377,74,2655,8551,0
4909652276934016,164377,74,2655,8551,0
4909652281995097,164377,74,2655,8551,0
4909652287055243,164377,74,2655,8551,0
4909652292113888,164377,74,2655,8551,0
4909652297275559,164377,74,2655,8551,0
4909652302333828,164377,74,2655,8551,0
4909652307479099,164377,74,2655,8551,0
4909652312614245,164495,74,2655,8551,0
4909652317763171,164495,74,2655,8551,0
4909652322954069,164495,74,2655,8551,0
4909652328177687,164495,74,2655,8551,0
4909652333368937,164495,74,2655,8551,0
4909652338494036,164495,74,2655,8551,0
4909652343563922,164495,74,2655,8551,0
4909652348724753,164495,74,2655,8551,0
4909652353860393,164495,74,2655,8551,0
4909652359038893,164495,74,2655,8551,0
4909652364103757,164495,74,2655,8551,0
4909652369160587,164495,74,2655,8551,0
4909652374214585,164495,74,2655,8551,0
4909652379267348,164495,74,2655,8551,0
4909652384396509,164495,74,2655,8551,0
4909652389455148,164495,74,2655,8551,0
4909652394626398,164495,74,2655,8551,0
4909652399761414,164495,74,2655,8551,0
4909652404898305,164495,74,2655,8551,0
4909652410050451,164495,74,2655,8551,0
4909652415117410,164495,74,2655,8551,0
4909652420175601,164495,74,2655,8551,0
4909652425334064,164495,74,2655,8551,0
4909652430390236,164495,74,2655,8551,0
4909652435446522,164495,74,2655,8551,0
4909652440505721,164495,74,2655,8551,0
4909652445562504,164495,74,2655,8551,0
4909652450620596,164495,74,2655,8551,0
4909652455679986,164495,74,2655,8551,0
4909652460739547,164495,74,2655,8551,0
4909652465803883,164495,74,2655,8551,0
4909652470873723,164495,74,2655,8551,0
4909652475936383,164495,74,2655,8551,0
4909652481145652,164495,74,2655,8551,0
4909652486203446,164495,74,2655,8551,0
4909652491266501,164495,74,2655,8551,0
4909652496440887,164495,74,2655,8551,0
4909652501504878,164495,74,2655,8551,0
4909652506652882,164495,74,2655,8551,0
4909652511813350,164495,74,2655,8551,0
4909652516939365,164495,74,2655,8551,0
4909652522176049,164495,74,2655,8551,0
4909652527331483,164495,74,2655,8551,0
4909652532391852,164495,74,2655,8551,0
4909652537455529,164495,74,2655,8551,0
4909652542511161,164495,74,2655,8551,0
4909652547564667,164495,74,2655,8551,0
4909652552621598,164495,74,2655,8551,0
4909652557677632,164495,74,2655,8551,0
4909652562736433,164495,74,2655,8551,0
4909652567872556,164495,74,2655,8551,0
4909652572932387,164495,74,2655,8551,0
4909652577991931,164495,74,2655,8551,0
4909652583006498,164495,74,2655,8551,0
4909652588064907,164495,74,2655,8551,0
4909652593126388,164495,74,2655,8551,0
4909652598188362,164495,74,2655,8551,0
4909652603246490,164495,74,2655,8551,0
4909652608300772,164495,74,2655,8551,0
4909652613358561,164495,74,2655,8551,0
4909652618419286,164495,74,2655,8551,0
4909652623475539,164495,74,2655,8551,0
4909652628529979,164495,74,2655,8551,0
4909652633584622,164495,74,2655,8551,0
4909652638638394,164495,74,2655,8551,0
4909652643692618,164495,74,2655,8551,0
4909652648871378,164495,74,2655,8551,0
4909652654043961,164495,74,2655,8551,0
4909652659140147,164495,74,2655,8551,0
4909652664197395,164495,74,2655,8551,0
4909652669253455,164495,74,2655,8551,0
4909652674306777,164495,74,2655,8551,0
4909652679484748,164495,74,2655,8551,0
4909652684543327,164495,74,2655,8551,0
4909652689695698,164495,74,2655,8551,0
4909652694838275,164495,74,2655,8551,0
4909652699985350,164495,74,2655,8551,0
4909652705151461,164495,74,2655,8551,0
4909652710280195,164495,74,2655,8551,0
4909652715451249,164495,74,2655,8551,0
4909652720594112,164495,74,2655,8551,0
4909652725650941,164495,74,2655,8551,0
4909652730783059,164495,74,2655,8551,0
4909652735842136,164495,74,2655,8551,0
4909652741002866,164495,74,2655,8551,0
4909652746062126,164495,74,2655,8551,0
4909652751123921,164495,74,2655,8551,0
4909652756184950,164495,74,2655,8551,0
4909652761245583,164495,74,2655,8551,0
4909652766306954,164495,74,2655,8551,0
4909652771366305,164495,74,2655,8551,0
4909652776421268,164495,74,2655,8551,0
4909652781478307,164495,74,2655,8551,0
4909652786546722,164495,74,2655,8551,0
4909652791607997,164495,74,2655,8551,0
4909652796662898,164495,74,2655,8551,0
4909652801717087,164495,74,2655,8551,0
4909652806918102,164495,74,2655,8551,0
4909652811978531,164519,74,2655,8551,0
4909652817003791,164519,74,2655,8551,0
4909652822059270,164519,74,2655,8551,0
4909652827162995,164519,74,2655,8551,0
4909652832222153,164519,74,2655,8551,0
4909652837277710,164519,74,2655,8551,0
4909652842331696,164519,74,2655,8551,0
4909652847404284,164519,74,2655,8551,0
4909652852470418,164519,74,2655,8551,0
4909652857530569,164519,74,2655,8551,0
4909652862669570,164519,74,2655,8551,0
4909652867853732,164519,74,2655,8551,0
4909652872984562,164519,74,2655,8551,0
4909652878188696,164519,74,2655,8551,0
4909652883248645,164519,74,2655,8551,0
4909652888313024,164519,74,2655,8551,0
4909652893372923,164519,74,2655,8551,0
4909652898431823,164519,74,2655,8551,0
4909652903568856,164519,74,2655,8551,0
4909652908633590,164519,74,2655,8551,0
4909652913694038,164519,74,2655,8551,0
4909652918749472,164519,74,2655,8551,0
4909652923803913,164519,74,2655,8551,0
4909652928963036,164519,74,2655,8551,0
4909652934121688,164519,74,2655,8551,0
4909652939319511,164519,74,2655,8551,0
4909652944470017,164519,74,2655,8551,0
4909652949601987,164519,74,2655,8551,0
4909652954734033,164519,74,2655,8551,0
4909652959869857,164519,74,2655,8551,0
4909652965041412,164519,74,2655,8551,0
4909652970114508,164519,74,2655,8551,0
4909652975173519,164519,74,2655,8551,0
4909652980324411,164519,74,2655,8551,0
4909652985506968,164519,74,2655,8551,0
4909652990657337,164519,74,2655,8551,0
4909652995836132,164519,74,2655,8551,0
4909653001060620,164519,74,2655,8551,0
4909653006234269,164519,74,2655,8551,0
4909653011301748,164519,74,2655,8551,0
4909653016446134,164519,74,2655,8551,0
4909653021610426,164519,74,2655,8551,0
4909653026751774,164519,74,2655,8551,0
4909653031951177,164519,74,2655,8551,0
4909653037097190,164519,74,2655,8551,0
4909653042193394,164519,74,2655,8551,0
4909653047368984,164519,74,2655,8551,0
4909653052427791,164519,74,2655,8551,0
4909653057577325,164519,74,2655,8551,0
4909653062735679,164519,74,2655,8551,0
4909653067926865,164519,74,2655,8551,0
4909653073123478,164519,74,2655,8551,0
4909653078163017,164519,74,2655,8551,0
4909653083185033,164519,74,2655,8551,0
4909653088243175,164519,74,2655,8551,0
4909653093301923,164519,74,2655,8551,0
4909653098359307,164519,74,2655,8551,0
4909653103535367,164519,74,2655,8551,0
4909653108670298,164519,74,2655,8551,0
4909653113852235,164519,74,2655,8551,0
4909653118991840,164519,74,2655,8551,0
4909653124118350,164519,74,2655,8551,0
4909653129176342,164519,74,2655,8551,0
4909653134339646,164519,74,2655,8551,0
4909653139396110,164519,74,2655,8551,0
4909653144519224,164519,74,2655,8551,0
4909653149684462,164519,74,2655,8551,0
4909653154745108,164519,74,2655,8551,0
4909653159801905,164519,74,2655,8551,0
4909653164980230,164519,74,2655,8551,0
4909653170179761,164519,74,2655,8551,0
4909653175336013,164519,74,2655,8551,0
4909653180396181,164519,74,2655,8551,0
4909653185456531,164519,74,2655,8551,0
4909653190515286,164519,74,2655,8551,0
4909653195574151,164519,74,2655,8551,0
4909653200734992,164519,74,2655,8551,0
4909653205877266,164519,74,2655,8551,0
4909653211029705,164519,74,2655,8551,0
4909653216101747,164519,74,2655,8551,0
4909653221134391,164519,74,2655,8551,0
4909653226194244,164519,74,2655,8551,0
4909653231250856,164519,74,2655,8551,0
4909653236304622,164519,74,2655,8551,0
4909653241358520,164519,74,2655,8551,0
4909653246537460,164519,74,2655,8551,0
4909653251734438,164519,74,2655,8551,0
4909653256922902,164519,74,2655,8551,0
4909653262090671,164519,74,2655,8551,0
4909653267162547,164519,74,2655,8551,0
4909653272222623,164519,74,2655,8551,0
4909653277286046,164519,74,2655,8551,0
4909653282423672,164519,74,2655,8551,0
4909653287483096,164519,74,2655,8551,0
4909653292542813,164519,74,2655,8551,0
4909653297710932,164519,74,2655,8551,0
4909653302843857,164519,74,2655,8551,0
4909653308005106,164519,74,2655,8551,0
4909653313135313,164484,74,2655,8551,0
4909653318291525,164484,74,2655,8551,0
4909653323416624,164484,74,2655,8551,0
4909653328543011,164484,74,2655,8551,0
4909653333668010,164484,74,2655,8551,0
4909653338846018,164484,74,2655,8551,0
4909653343998668,164484,74,2655,8551,0
4909653349146011,164484,74,2655,8551,0
4909653354302912,164484,74,2655,8551,0
4909653359440325,164484,74,2655,8551,0
4909653364601308,164484,74,2655,8551,0
4909653369744374,164484,74,2655,8551,0
4909653374959006,164484,74,2655,8551,0
4909653380140111,164484,74,2655,8551,0
4909653385319643,164484,74,2655,8551,0
4909653390454392,164484,74,2655,8551,0
4909653395513154,164484,74,2655,8551,0
4909653400657914,164484,74,2655,8551,0
4909653405861563,164484,74,2655,8551,0
4909653411027167,164484,74,2655,8551,0
4909653416145841,164484,74,2655,8551,0
4909653421203723,164484,74,2655,8551,0
4909653426262909,164484,74,2655,8551,0
4909653431345398,164484,74,2655,8551,0
4909653436408859,164484,74,2655,8551,0
4909653441463040,164484,74,2655,8551,0
4909653446516476,164484,74,2655,8551,0
4909653451704519,164484,74,2655,8551,0
4909653456764719,164484,74,2655,8551,0
4909653461820670,164484,74,2655,8551,0
4909653466878299,164484,74,2655,8551,0
4909653471948147,164484,74,2655,8551,0
4909653477120542,164484,74,2655,8551,0
4909653482191650,164484,74,2655,8551,0
4909653487254747,164484,74,2655,8551,0
4909653492308559,164484,74,2655,8551,0
4909653497363394,164484,74,2655,8551,0
4909653502418661,164484,74,2655,8551,0
4909653507474612,164484,74,2655,8551,0
4909653512531504,164484,74,2655,8551,0
4909653517586286,164484,74,2655,8551,0
4909653522640258,164484,74,2655,8551,0
4909653527696357,164484,74,2655,8551,0
4909653532751985,164484,74,2655,8551,0
4909653537807468,164484,74,2655,8551,0
4909653542860128,164484,74,2655,8551,0
4909653547913604,164484,74,2655,8551,0
4909653552967568,164484,74,2655,8551,0
4909653558005035,164484,74,2655,8551,0
4909653563060918,164484,74,2655,8551,0
4909653568114334,164484,74,2655,8551,0
4909653573167722,164484,74,2655,8551,0
4909653578223370,164484,74,2655,8551,0
4909653583278868,164484,74,2655,8551,0
4909653588336465,164484,74,2655,8551,0
4909653593392372,164484,74,2655,8551,0
4909653598449538,164484,74,2655,8551,0
4909653603505254,164484,74,2655,8551,0
4909653608559784,164484,74,2655,8551,0
4909653613614514,164484,74,2655,8551,0
4909653618667999,164484,74,2655,8551,0
4909653623721179,164484,74,2655,8551,0
4909653628774274,164484,74,2655,8551,0
4909653633828134,164484,74,2655,8551,0
4909653638882638,164484,74,2655,8551,0
4909653644009407,164484,74,2655,8551,0
4909653649120419,164484,74,2655,8551,0
4909653654177609,164484,74,2655,8551,0
4909653659304267,164484,74,2655,8551,0
4909653664457356,164484,74,2655,8551,0
4909653669578032,164484,74,2655,8551,0
4909653674743515,164484,74,2655,8551,0
4909653679925842,164484,74,2655,8551,0
4909653685134010,164484,74,2655,8551,0
4909653690293872,164484,74,2655,8551,0
4909653695358878,164484,74,2655,8551,0
4909653700415279,164484,74,2655,8551,0
4909653705468863,164484,74,2655,8551,0
4909653710585852,164484,74,2655,8551,0
4909653715717543,164484,74,2655,8551,0
4909653720864868,164484,74,2655,8551,0
4909653725988128,164484,74,2655,8551,0
4909653731145612,164484,74,2655,8551,0
4909653736205332,164484,74,2655,8551,0
4909653741266835,164484,74,2655,8551,0
4909653746328300,164484,74,2655,8551,0
4909653751386467,164484,74,2655,8551,0
4909653756444902,164484,74,2655,8551,0
4909653761580290,164484,74,2655,8551,0
4909653766734159,164484,74,2655,8551,0
4909653771946884,164484,74,2655,8551,0
4909653777122511,164484,74,2655,8551,0
4909653782273079,164484,74,2655,8551,0
4909653787518911,164484,74,2655,8551,0
4909653792697779,164484,74,2655,8551,0
4909653797831126,164484,74,2655,8551,0
4909653802977757,164484,74,2655,8551,0
4909653808120077,164484,74,2655,8551,0
4909653813149075,157909,69,2655,8551,0
4909653818346270,157909,69,2655,8551,0
4909653823490787,157909,69,2655,8551,0
4909653828655631,157909,69,2655,8551,0
4909653833772153,157909,69,2655,8551,0
4909653838927678,157909,69,2655,8551,0
4909653844137525,157909,69,2655,8551,0
4909653849305864,157909,69,2655,8551,0
4909653854452278,157909,69,2655,8551,0
4909653859604374,157909,69,2655,8551,0
4909653864729193,157909,69,2655,8551,0
4909653869890000,157909,69,2655,8551,0
4909653875068699,157909,69,2655,8551,0
4909653880286098,157909,69,2655,8551,0
4909653885375481,157909,69,2655,8551,0
4909653890514975,157909,69,2655,8551,0
4909653895664552,157909,69,2655,8551,0
4909653900808292,157909,69,2655,8551,0
4909653906031021,157909,69,2655,8551,0
4909653911145444,157909,69,2655,8551,0
4909653916205824,157909,69,2655,8551,0
4909653921365558,157909,69,2655,8551,0
4909653926508577,157909,69,2655,8551,0
4909653931620560,157909,69,2655,8551,0
4909653936763098,157909,69,2655,8551,0
