monotonic_ns,board_power_mw,temperature_c,graphics_clock_mhz,memory_clock_mhz,utilization_percent
2786581367952481,208631,58,2820,13365,100
2786581374351921,208631,58,2820,13365,100
2786581379457214,208631,58,2820,13365,100
2786581384571209,208631,58,2820,13365,100
2786581389685650,208631,58,2820,13365,100
2786581394799606,208631,58,2820,13365,100
2786581399916715,208631,58,2820,13365,100
2786581405031460,208631,58,2820,13365,100
2786581410150755,208631,58,2820,13365,100
2786581415272923,208631,58,2820,13365,100
2786581420387236,208631,58,2820,13365,100
2786581425502119,208631,58,2820,13365,100
2786581430616561,208631,58,2820,13365,100
2786581435731586,208631,58,2820,13365,100
2786581440847001,208631,58,2820,13365,100
2786581445963316,208631,58,2820,13365,100
2786581451079263,208631,58,2820,13365,100
2786581456199665,208631,58,2820,13365,100
2786581461315189,208631,58,2820,13365,100
2786581466430216,208631,58,2820,13365,100
2786581471547178,208631,58,2820,13365,100
2786581476663220,208631,58,2820,13365,100
2786581481779305,208631,58,2820,13365,100
2786581486894889,208631,58,2820,13365,100
2786581492026390,208631,58,2820,13365,100
2786581497142714,208631,58,2820,13365,100
2786581502258465,208631,58,2820,13365,100
2786581507374138,208631,58,2820,13365,100
2786581512498983,208631,58,2820,13365,100
2786581517614504,208631,58,2820,13365,100
2786581522731856,208631,58,2820,13365,100
2786581527845320,208631,58,2820,13365,100
2786581532960737,208631,58,2820,13365,100
2786581538078577,208631,58,2820,13365,100
2786581543195002,208631,58,2820,13365,100
2786581548310853,208631,58,2820,13365,100
2786581553435436,208631,58,2820,13365,100
2786581558551352,208631,58,2820,13365,100
2786581563667455,208631,58,2820,13365,100
2786581568783121,208631,58,2820,13365,100
2786581573900464,208631,58,2820,13365,100
2786581579029340,208631,58,2820,13365,100
2786581584145284,208631,58,2820,13365,100
2786581589277397,208631,58,2820,13365,100
2786581594391301,208631,58,2820,13365,100
2786581599506195,208631,58,2820,13365,100
2786581604619790,208631,58,2820,13365,100
2786581609733774,208631,58,2820,13365,100
2786581614846681,208631,58,2820,13365,100
2786581619960105,208631,58,2820,13365,100
2786581625075403,208631,58,2820,13365,100
2786581630188928,208631,58,2820,13365,100
2786581635322924,208631,58,2820,13365,100
2786581640436897,208631,58,2820,13365,100
2786581645548697,189433,55,2820,13365,0
2786581650662033,189433,55,2820,13365,0
2786581655775165,189433,55,2820,13365,0
2786581660889070,189433,55,2820,13365,0
2786581666020594,189433,55,2820,13365,0
2786581671135007,189433,55,2820,13365,0
2786581676249291,189433,55,2820,13365,0
2786581681362427,189433,55,2820,13365,0
2786581686474742,189433,55,2820,13365,0
2786581691587085,189433,55,2820,13365,0
2786581696699173,189433,55,2820,13365,0
2786581701811701,189433,55,2820,13365,0
2786581706923685,189433,55,2820,13365,0
2786581712035182,189433,55,2820,13365,0
2786581717146882,189433,55,2820,13365,0
2786581722258787,189433,55,2820,13365,0
2786581727371915,189433,55,2820,13365,0
2786581732483971,189433,55,2820,13365,0
2786581737596004,189433,55,2820,13365,0
2786581742707933,189433,55,2820,13365,0
2786581747819905,189433,55,2820,13365,0
2786581752931561,189433,55,2820,13365,0
2786581758043004,189433,55,2820,13365,0
2786581763154858,189433,55,2820,13365,0
2786581768266951,189433,55,2820,13365,0
2786581773379115,189433,55,2820,13365,0
2786581778491280,189433,55,2820,13365,0
2786581783603295,189433,55,2820,13365,0
2786581788714948,189433,55,2820,13365,0
2786581793826224,189433,55,2820,13365,0
2786581798938137,189433,55,2820,13365,0
2786581804049625,189433,55,2820,13365,0
2786581809161657,189433,55,2820,13365,0
2786581814273811,189433,55,2820,13365,0
2786581819385903,189433,55,2820,13365,0
2786581824497139,189433,55,2820,13365,0
2786581829609800,189433,55,2820,13365,0
2786581834721443,189433,55,2820,13365,0
2786581839833964,189433,55,2820,13365,0
2786581844945788,189433,55,2820,13365,0
2786581850058033,189433,55,2820,13365,0
2786581855170101,189433,55,2820,13365,0
2786581860282660,189433,55,2820,13365,0
2786581865395435,189433,55,2820,13365,0
2786581870507874,189433,55,2820,13365,0
2786581875634215,189433,55,2820,13365,0
2786581880747744,189433,55,2820,13365,0
2786581885860994,189433,55,2820,13365,0
2786581890974624,189433,55,2820,13365,0
2786581896088130,189433,55,2820,13365,0
2786581901200907,189433,55,2820,13365,0
2786581906313721,189433,55,2820,13365,0
2786581911427094,189433,55,2820,13365,0
2786581916540780,189433,55,2820,13365,0
2786581921654205,189433,55,2820,13365,0
2786581926767439,189433,55,2820,13365,0
2786581931882293,189433,55,2820,13365,0
2786581936996091,189433,55,2820,13365,0
2786581942127124,189433,55,2820,13365,0
2786581947240807,189433,55,2820,13365,0
2786581952354331,189433,55,2820,13365,0
2786581957467909,189433,55,2820,13365,0
2786581962582142,189433,55,2820,13365,0
2786581967695644,189433,55,2820,13365,0
2786581972810028,189433,55,2820,13365,0
2786581977923887,189433,55,2820,13365,0
2786581983039443,189433,55,2820,13365,0
2786581988153696,189433,55,2820,13365,0
2786581993267552,189433,55,2820,13365,0
2786581998381271,189433,55,2820,13365,0
2786582003494734,189433,55,2820,13365,0
2786582008608978,189433,55,2820,13365,0
2786582013723184,189433,55,2820,13365,0
2786582018837296,189433,55,2820,13365,0
2786582023951078,189433,55,2820,13365,0
2786582029065051,189433,55,2820,13365,0
2786582034180201,189433,55,2820,13365,0
2786582039294391,189433,55,2820,13365,0
2786582044408264,189433,55,2820,13365,0
2786582049522284,189433,55,2820,13365,0
2786582054636668,189433,55,2820,13365,0
2786582059751173,189433,55,2820,13365,0
2786582064865750,189433,55,2820,13365,0
2786582069980198,189433,55,2820,13365,0
2786582075094702,189433,55,2820,13365,0
2786582080209129,189433,55,2820,13365,0
2786582085324851,189433,55,2820,13365,0
2786582090439559,189433,55,2820,13365,0
2786582095554656,189433,55,2820,13365,0
2786582100669952,189433,55,2820,13365,0
2786582105786417,189433,55,2820,13365,0
2786582110902475,189433,55,2820,13365,0
2786582116033051,189433,55,2820,13365,0
2786582121150084,189433,55,2820,13365,0
2786582126266974,189433,55,2820,13365,0
2786582131384059,189433,55,2820,13365,0
2786582136502403,189433,55,2820,13365,0
2786582141619919,189433,55,2820,13365,0
2786582146737160,182214,58,2820,13365,100
2786582151854550,182214,58,2820,13365,100
2786582156971440,182214,58,2820,13365,100
2786582162088777,182214,58,2820,13365,100
2786582167219165,182214,58,2820,13365,100
2786582172336001,182214,58,2820,13365,100
2786582177452842,182214,58,2820,13365,100
2786582182568576,182214,58,2820,13365,100
2786582187687442,182214,58,2820,13365,100
2786582192804395,182214,58,2820,13365,100
2786582197921596,182214,58,2820,13365,100
2786582203039379,182214,58,2820,13365,100
2786582208156063,182214,58,2820,13365,100
2786582213273355,182214,58,2820,13365,100
2786582218390348,182214,58,2820,13365,100
2786582223508193,182214,58,2820,13365,100
2786582228625350,182214,58,2820,13365,100
2786582233742292,182214,58,2820,13365,100
2786582238860358,182214,58,2820,13365,100
2786582243995123,182214,58,2820,13365,100
2786582249134087,182214,58,2820,13365,100
2786582254251127,182214,58,2820,13365,100
2786582259368179,182214,58,2820,13365,100
2786582264485028,182214,58,2820,13365,100
2786582269601824,182214,58,2820,13365,100
2786582274718527,182214,58,2820,13365,100
2786582279835779,182214,58,2820,13365,100
2786582284952397,182214,58,2820,13365,100
2786582290070833,182214,58,2820,13365,100
2786582295187804,182214,58,2820,13365,100
2786582300304889,182214,58,2820,13365,100
2786582305421831,182214,58,2820,13365,100
2786582310539575,182214,58,2820,13365,100
2786582315656596,182214,58,2820,13365,100
2786582320773436,182214,58,2820,13365,100
2786582325891076,182214,58,2820,13365,100
2786582331029204,182214,58,2820,13365,100
2786582336146317,182214,58,2820,13365,100
2786582341264663,182214,58,2820,13365,100
2786582346381562,182214,58,2820,13365,100
2786582351498542,182214,58,2820,13365,100
2786582356615570,182214,58,2820,13365,100
2786582361732483,182214,58,2820,13365,100
2786582366849693,182214,58,2820,13365,100
2786582371967535,182214,58,2820,13365,100
2786582377097720,182214,58,2820,13365,100
2786582382214376,182214,58,2820,13365,100
2786582387332329,182214,58,2820,13365,100
2786582392466758,182214,58,2820,13365,100
2786582397582271,182214,58,2820,13365,100
2786582402697774,182214,58,2820,13365,100
2786582407813550,182214,58,2820,13365,100
2786582412928899,182214,58,2820,13365,100
2786582418044518,182214,58,2820,13365,100
2786582423159663,182214,58,2820,13365,100
2786582428274760,182214,58,2820,13365,100
2786582433390108,182214,58,2820,13365,100
2786582438506066,182214,58,2820,13365,100
2786582443623845,182214,58,2820,13365,100
2786582448738713,182214,58,2820,13365,100
2786582453854673,182214,58,2820,13365,100
2786582458970654,182214,58,2820,13365,100
2786582464086978,182214,58,2820,13365,100
2786582469202366,182214,58,2820,13365,100
2786582474316383,182214,58,2820,13365,100
2786582479431671,182214,58,2820,13365,100
2786582484553212,182214,58,2820,13365,100
2786582489668530,182214,58,2820,13365,100
2786582494784824,182214,58,2820,13365,100
2786582499900419,182214,58,2820,13365,100
2786582505026963,182214,58,2820,13365,100
2786582510142614,182214,58,2820,13365,100
2786582515257460,182214,58,2820,13365,100
2786582520371504,182214,58,2820,13365,100
2786582525484909,182214,58,2820,13365,100
2786582530598099,182214,58,2820,13365,100
2786582535712483,182214,58,2820,13365,100
2786582540826820,182214,58,2820,13365,100
2786582545942312,182214,58,2820,13365,100
2786582551056372,182214,58,2820,13365,100
2786582556211547,182214,58,2820,13365,100
2786582561330421,182214,58,2820,13365,100
2786582566443250,182214,58,2820,13365,100
2786582571561410,182214,58,2820,13365,100
2786582576674205,182214,58,2820,13365,100
2786582581788267,182214,58,2820,13365,100
2786582586902519,182214,58,2820,13365,100
2786582592082443,182214,58,2820,13365,100
2786582597196440,182214,58,2820,13365,100
2786582602331766,182214,58,2820,13365,100
2786582607444228,182214,58,2820,13365,100
2786582612556633,182214,58,2820,13365,100
2786582617669533,182214,58,2820,13365,100
2786582622784093,182214,58,2820,13365,100
2786582627897876,182214,58,2820,13365,100
2786582633029610,182214,58,2820,13365,100
2786582638143137,182214,58,2820,13365,100
2786582643257681,182214,58,2820,13365,100
2786582648372147,191018,58,2820,13365,100
2786582653485219,191018,58,2820,13365,100
2786582658597700,191018,58,2820,13365,100
2786582663710839,191018,58,2820,13365,100
2786582668824613,191018,58,2820,13365,100
2786582673937069,191018,58,2820,13365,100
2786582679050498,191018,58,2820,13365,100
2786582684168502,191018,58,2820,13365,100
2786582689281594,191018,58,2820,13365,100
2786582694394018,191018,58,2820,13365,100
2786582699507839,191018,58,2820,13365,100
2786582704619688,191018,58,2820,13365,100
2786582709732004,191018,58,2820,13365,100
2786582714843961,191018,58,2820,13365,100
2786582719956300,191018,58,2820,13365,100
2786582725068413,191018,58,2820,13365,100
2786582730179803,191018,58,2820,13365,100
2786582735291560,191018,58,2820,13365,100
2786582740403799,191018,58,2820,13365,100
2786582745515533,191018,58,2820,13365,100
2786582750628288,191018,58,2820,13365,100
2786582755740740,191018,58,2820,13365,100
2786582760852817,191018,58,2820,13365,100
2786582765965136,191018,58,2820,13365,100
2786582771077477,191018,58,2820,13365,100
2786582776190109,191018,58,2820,13365,100
2786582781303073,191018,58,2820,13365,100
2786582786416682,191018,58,2820,13365,100
2786582791529663,191018,58,2820,13365,100
2786582796642559,191018,58,2820,13365,100
2786582801757427,191018,58,2820,13365,100
2786582806870808,191018,58,2820,13365,100
2786582811984314,191018,58,2820,13365,100
2786582817122905,191018,58,2820,13365,100
2786582822236515,191018,58,2820,13365,100
2786582827350089,191018,58,2820,13365,100
2786582832464438,191018,58,2820,13365,100
2786582837577842,191018,58,2820,13365,100
2786582842691393,191018,58,2820,13365,100
2786582847804866,191018,58,2820,13365,100
2786582852920047,191018,58,2820,13365,100
2786582858034015,191018,58,2820,13365,100
2786582863164265,191018,58,2820,13365,100
2786582868279474,191018,58,2820,13365,100
2786582873394219,191018,58,2820,13365,100
2786582878509663,191018,58,2820,13365,100
2786582883644329,191018,58,2820,13365,100
2786582888759592,191018,58,2820,13365,100
2786582893875676,191018,58,2820,13365,100
2786582899033440,191018,58,2820,13365,100
2786582904151758,191018,58,2820,13365,100
2786582909267851,191018,58,2820,13365,100
2786582914383808,191018,58,2820,13365,100
2786582919499472,191018,58,2820,13365,100
2786582924616220,191018,58,2820,13365,100
2786582929733020,191018,58,2820,13365,100
2786582934850991,191018,58,2820,13365,100
2786582939968005,191018,58,2820,13365,100
2786582945084893,191018,58,2820,13365,100
2786582950201974,191018,58,2820,13365,100
2786582955320447,191018,58,2820,13365,100
2786582960437447,191018,58,2820,13365,100
2786582965553951,191018,58,2820,13365,100
2786582970671176,191018,58,2820,13365,100
2786582975788359,191018,58,2820,13365,100
2786582980905725,191018,58,2820,13365,100
2786582986022729,191018,58,2820,13365,100
2786582991139669,191018,58,2820,13365,100
2786582996256469,191018,58,2820,13365,100
2786583001374077,191018,58,2820,13365,100
2786583006492682,191018,58,2820,13365,100
2786583011609655,191018,58,2820,13365,100
2786583016726390,191018,58,2820,13365,100
2786583021842887,191018,58,2820,13365,100
2786583026959604,191018,58,2820,13365,100
2786583032077632,191018,58,2820,13365,100
2786583037194738,191018,58,2820,13365,100
2786583042311841,191018,58,2820,13365,100
2786583047429017,191018,58,2820,13365,100
2786583052546181,191018,58,2820,13365,100
2786583057664674,191018,58,2820,13365,100
2786583062782166,191018,58,2820,13365,100
2786583067899905,191018,58,2820,13365,100
2786583073038050,191018,58,2820,13365,100
2786583078155893,191018,58,2820,13365,100
2786583083273116,191018,58,2820,13365,100
2786583088389642,191018,58,2820,13365,100
2786583093506896,191018,58,2820,13365,100
2786583098624271,191018,58,2820,13365,100
2786583103741521,191018,58,2820,13365,100
2786583108860080,191018,58,2820,13365,100
2786583113976690,191018,58,2820,13365,100
2786583119093558,191018,58,2820,13365,100
2786583124210727,191018,58,2820,13365,100
2786583129327705,191018,58,2820,13365,100
2786583134444779,191018,58,2820,13365,100
2786583139561084,191018,58,2820,13365,100
2786583144678264,207884,58,2820,13365,100
2786583149795376,207884,58,2820,13365,100
2786583154912699,207884,58,2820,13365,100
2786583160032001,207884,58,2820,13365,100
2786583165149615,207884,58,2820,13365,100
2786583170266578,207884,58,2820,13365,100
2786583175383586,207884,58,2820,13365,100
2786583180500494,207884,58,2820,13365,100
2786583185617425,207884,58,2820,13365,100
2786583190734623,207884,58,2820,13365,100
2786583195851654,207884,58,2820,13365,100
2786583200968918,207884,58,2820,13365,100
2786583206086097,207884,58,2820,13365,100
2786583211204865,207884,58,2820,13365,100
2786583216321637,207884,58,2820,13365,100
2786583221439065,207884,58,2820,13365,100
2786583226556234,207884,58,2820,13365,100
2786583231673394,207884,58,2820,13365,100
2786583236790543,207884,58,2820,13365,100
2786583241907703,207884,58,2820,13365,100
2786583247025107,207884,58,2820,13365,100
2786583252142095,207884,58,2820,13365,100
2786583257259148,207884,58,2820,13365,100
2786583262378046,207884,58,2820,13365,100
2786583267494665,207884,58,2820,13365,100
2786583272612298,207884,58,2820,13365,100
2786583277729018,207884,58,2820,13365,100
2786583282846063,207884,58,2820,13365,100
2786583287963651,207884,58,2820,13365,100
2786583293080803,207884,58,2820,13365,100
2786583298197936,207884,58,2820,13365,100
2786583303314904,207884,58,2820,13365,100
2786583308432670,207884,58,2820,13365,100
2786583313551073,207884,58,2820,13365,100
2786583318667905,207884,58,2820,13365,100
2786583323785183,207884,58,2820,13365,100
2786583328902137,207884,58,2820,13365,100
2786583334022112,207884,58,2820,13365,100
2786583339139118,207884,58,2820,13365,100
2786583344256055,207884,58,2820,13365,100
2786583349373175,207884,58,2820,13365,100
2786583354490137,207884,58,2820,13365,100
2786583359607208,207884,58,2820,13365,100
2786583364725964,207884,58,2820,13365,100
2786583369843105,207884,58,2820,13365,100
2786583374960045,207884,58,2820,13365,100
2786583380076719,207884,58,2820,13365,100
2786583385193594,207884,58,2820,13365,100
2786583390310498,207884,58,2820,13365,100
2786583395427764,207884,58,2820,13365,100
2786583400544616,207884,58,2820,13365,100
2786583405661923,207884,58,2820,13365,100
2786583410779478,207884,58,2820,13365,100
2786583415898456,207884,58,2820,13365,100
2786583421036259,207884,58,2820,13365,100
2786583426153409,207884,58,2820,13365,100
2786583431276561,207884,58,2820,13365,100
2786583436393541,207884,58,2820,13365,100
2786583441510933,207884,58,2820,13365,100
2786583446628456,207884,58,2820,13365,100
2786583451745826,207884,58,2820,13365,100
2786583456863010,207884,58,2820,13365,100
2786583461980229,207884,58,2820,13365,100
2786583467115491,207884,58,2820,13365,100
2786583472232428,207884,58,2820,13365,100
2786583477377454,207884,58,2820,13365,100
2786583482494412,207884,58,2820,13365,100
2786583487627172,207884,58,2820,13365,100
2786583492743847,207884,58,2820,13365,100
2786583497861086,207884,58,2820,13365,100
2786583502977925,207884,58,2820,13365,100
2786583508095298,207884,58,2820,13365,100
2786583513211839,207884,58,2820,13365,100
2786583518330595,207884,58,2820,13365,100
2786583523448099,207884,58,2820,13365,100
2786583528564787,207884,58,2820,13365,100
2786583533681896,207884,58,2820,13365,100
2786583538798792,207884,58,2820,13365,100
2786583543916029,207884,58,2820,13365,100
2786583549033148,207884,58,2820,13365,100
2786583554167609,207884,58,2820,13365,100
2786583559284613,207884,58,2820,13365,100
2786583564402150,207884,58,2820,13365,100
2786583569520707,207884,58,2820,13365,100
2786583574637970,207884,58,2820,13365,100
2786583579755781,207884,58,2820,13365,100
2786583584872986,207884,58,2820,13365,100
2786583589990128,207884,58,2820,13365,100
2786583595129567,207884,58,2820,13365,100
2786583600247080,207884,58,2820,13365,100
2786583605364243,207884,58,2820,13365,100
2786583610481569,207884,58,2820,13365,100
2786583615598586,207884,58,2820,13365,100
2786583620717266,207884,58,2820,13365,100
2786583625834750,207884,58,2820,13365,100
2786583630952074,207884,58,2820,13365,100
2786583636069235,207884,58,2820,13365,100
2786583641186374,207884,58,2820,13365,100
2786583646303664,207548,58,2820,13365,100
2786583651420432,207548,58,2820,13365,100
2786583656539374,207548,58,2820,13365,100
2786583661656449,207548,58,2820,13365,100
2786583666773575,207548,58,2820,13365,100
2786583671892238,207548,58,2820,13365,100
2786583677091406,207548,58,2820,13365,100
2786583682209230,207548,58,2820,13365,100
2786583687326632,207548,58,2820,13365,100
2786583692443606,207548,58,2820,13365,100
2786583697560641,207548,58,2820,13365,100
2786583702677975,207548,58,2820,13365,100
2786583707795183,207548,58,2820,13365,100
2786583712912712,207548,58,2820,13365,100
2786583718030024,207548,58,2820,13365,100
2786583723148377,207548,58,2820,13365,100
2786583728265149,207548,58,2820,13365,100
2786583733382412,207548,58,2820,13365,100
2786583738499382,207548,58,2820,13365,100
2786583743615130,207548,58,2820,13365,100
2786583748732260,207548,58,2820,13365,100
2786583753849247,207548,58,2820,13365,100
2786583758985159,207548,58,2820,13365,100
2786583764124027,207548,58,2820,13365,100
2786583769240911,207548,58,2820,13365,100
2786583774359500,207548,58,2820,13365,100
2786583779477189,207548,58,2820,13365,100
2786583784594101,207548,58,2820,13365,100
2786583789711045,207548,58,2820,13365,100
2786583794828133,207548,58,2820,13365,100
2786583799945768,207548,58,2820,13365,100
2786583805063173,207548,58,2820,13365,100
2786583810180111,207548,58,2820,13365,100
2786583815297263,207548,58,2820,13365,100
2786583820414404,207548,58,2820,13365,100
2786583825533168,207548,58,2820,13365,100
2786583830649860,207548,58,2820,13365,100
2786583835766868,207548,58,2820,13365,100
2786583840884263,207548,58,2820,13365,100
2786583846021949,207548,58,2820,13365,100
2786583851138918,207548,58,2820,13365,100
2786583856255914,207548,58,2820,13365,100
2786583861373426,207548,58,2820,13365,100
2786583866490767,207548,58,2820,13365,100
2786583871607829,207548,58,2820,13365,100
2786583876726347,207548,58,2820,13365,100
2786583881843284,207548,58,2820,13365,100
2786583886960368,207548,58,2820,13365,100
2786583892077394,207548,58,2820,13365,100
2786583897194925,207548,58,2820,13365,100
2786583902311721,207548,58,2820,13365,100
2786583907428853,207548,58,2820,13365,100
2786583912545434,207548,58,2820,13365,100
2786583917662262,207548,58,2820,13365,100
2786583922779613,207548,58,2820,13365,100
2786583927898251,207548,58,2820,13365,100
2786583933029822,207548,58,2820,13365,100
2786583938146026,207548,58,2820,13365,100
2786583943263045,207548,58,2820,13365,100
2786583948380033,207548,58,2820,13365,100
2786583953497193,207548,58,2820,13365,100
2786583958614562,207548,58,2820,13365,100
2786583963731777,207548,58,2820,13365,100
2786583968848374,207548,58,2820,13365,100
2786583973965755,207548,58,2820,13365,100
2786583979084301,207548,58,2820,13365,100
2786583984201140,207548,58,2820,13365,100
2786583989317976,207548,58,2820,13365,100
2786583994434864,207548,58,2820,13365,100
2786583999552086,207548,58,2820,13365,100
2786584004669773,207548,58,2820,13365,100
2786584009786457,207548,58,2820,13365,100
2786584014903266,207548,58,2820,13365,100
2786584020020609,207548,58,2820,13365,100
2786584025137474,207548,58,2820,13365,100
2786584030256214,207548,58,2820,13365,100
2786584035372899,207548,58,2820,13365,100
2786584040490039,207548,58,2820,13365,100
2786584045607080,207548,58,2820,13365,100
2786584050723972,207548,58,2820,13365,100
2786584055841540,207548,58,2820,13365,100
2786584060959325,207548,58,2820,13365,100
2786584066076590,207548,58,2820,13365,100
2786584071194353,207548,58,2820,13365,100
2786584076311574,207548,58,2820,13365,100
2786584081430074,207548,58,2820,13365,100
2786584086547202,207548,58,2820,13365,100
2786584091664292,207548,58,2820,13365,100
2786584096781342,207548,58,2820,13365,100
2786584101898859,207548,58,2820,13365,100
2786584107034496,207548,58,2820,13365,100
2786584112151924,207548,58,2820,13365,100
2786584117269237,207548,58,2820,13365,100
2786584122386297,207548,58,2820,13365,100
2786584127503162,207548,58,2820,13365,100
2786584132621246,207548,58,2820,13365,100
2786584137738115,207548,58,2820,13365,100
2786584142855490,207548,58,2820,13365,100
2786584147972555,207293,58,2820,13365,100
2786584153089335,207293,58,2820,13365,100
2786584158219702,207293,58,2820,13365,100
2786584163336756,207293,58,2820,13365,100
2786584168453701,207293,58,2820,13365,100
2786584173569777,207293,58,2820,13365,100
2786584178686761,207293,58,2820,13365,100
2786584183821229,207293,58,2820,13365,100
2786584188938230,207293,58,2820,13365,100
2786584194055210,207293,58,2820,13365,100
2786584199172509,207293,58,2820,13365,100
2786584204289303,207293,58,2820,13365,100
2786584209424439,207293,58,2820,13365,100
2786584214541280,207293,58,2820,13365,100
2786584219658056,207293,58,2820,13365,100
2786584224774889,207293,58,2820,13365,100
2786584229891964,207293,58,2820,13365,100
2786584235030589,207293,58,2820,13365,100
2786584240147557,207293,58,2820,13365,100
2786584245264521,207293,58,2820,13365,100
2786584250381706,207293,58,2820,13365,100
2786584255498650,207293,58,2820,13365,100
2786584260616523,207293,58,2820,13365,100
2786584265733695,207293,58,2820,13365,100
2786584270850904,207293,58,2820,13365,100
2786584275968116,207293,58,2820,13365,100
2786584281085132,207293,58,2820,13365,100
2786584286204063,207293,58,2820,13365,100
2786584291321185,207293,58,2820,13365,100
2786584296438430,207293,58,2820,13365,100
2786584301554546,207293,58,2820,13365,100
2786584306671335,207293,58,2820,13365,100
2786584311788165,207293,58,2820,13365,100
2786584316904729,207293,58,2820,13365,100
2786584322021694,207293,58,2820,13365,100
2786584327138671,207293,58,2820,13365,100
2786584332255872,207293,58,2820,13365,100
2786584337374725,207293,58,2820,13365,100
2786584342491945,207293,58,2820,13365,100
2786584347608685,207293,58,2820,13365,100
2786584352725829,207293,58,2820,13365,100
2786584357842832,207293,58,2820,13365,100
2786584362960209,207293,58,2820,13365,100
2786584368077306,207293,58,2820,13365,100
2786584373194567,207293,58,2820,13365,100
2786584378311247,207293,58,2820,13365,100
2786584383428136,207293,58,2820,13365,100
2786584388547070,207293,58,2820,13365,100
2786584393664541,207293,58,2820,13365,100
2786584398781587,207293,58,2820,13365,100
2786584403898788,207293,58,2820,13365,100
2786584409026762,207293,58,2820,13365,100
2786584414143830,207293,58,2820,13365,100
2786584419261010,207293,58,2820,13365,100
2786584424377983,207293,58,2820,13365,100
2786584429494795,207293,58,2820,13365,100
2786584434612248,207293,58,2820,13365,100
2786584439730487,207293,58,2820,13365,100
2786584444847598,207293,58,2820,13365,100
2786584449964909,207293,58,2820,13365,100
2786584455081697,207293,58,2820,13365,100
2786584460198661,207293,58,2820,13365,100
2786584465314829,207293,58,2820,13365,100
2786584470432200,207293,58,2820,13365,100
2786584475548905,207293,58,2820,13365,100
2786584480665911,207293,58,2820,13365,100
2786584485782947,207293,58,2820,13365,100
2786584490901547,207293,58,2820,13365,100
2786584496039155,207293,58,2820,13365,100
2786584501165886,207293,58,2820,13365,100
2786584506282811,207293,58,2820,13365,100
2786584511400068,207293,58,2820,13365,100
2786584516517167,207293,58,2820,13365,100
2786584521634497,207293,58,2820,13365,100
2786584526751987,207293,58,2820,13365,100
2786584531869911,207293,58,2820,13365,100
2786584536986985,207293,58,2820,13365,100
2786584542123507,207293,58,2820,13365,100
2786584547240793,207293,58,2820,13365,100
2786584552357744,207293,58,2820,13365,100
2786584557474789,207293,58,2820,13365,100
2786584562592181,207293,58,2820,13365,100
2786584567709153,207293,58,2820,13365,100
2786584572826086,207293,58,2820,13365,100
2786584577942925,207293,58,2820,13365,100
2786584583059914,207293,58,2820,13365,100
2786584588177179,207293,58,2820,13365,100
2786584593295614,207293,58,2820,13365,100
2786584598412379,207293,58,2820,13365,100
2786584603528174,207293,58,2820,13365,100
2786584608653912,207293,58,2820,13365,100
2786584613771076,207293,58,2820,13365,100
2786584618888167,207293,58,2820,13365,100
2786584624084413,207293,58,2820,13365,100
2786584629256784,207293,58,2820,13365,100
2786584634373805,207293,58,2820,13365,100
2786584639490413,207293,58,2820,13365,100
2786584644609046,207452,58,2820,13365,100
2786584649725894,207452,58,2820,13365,100
2786584654843156,207452,58,2820,13365,100
2786584659960750,207452,58,2820,13365,100
2786584665078495,207452,58,2820,13365,100
2786584670195515,207452,58,2820,13365,100
2786584675312603,207452,58,2820,13365,100
2786584680429248,207452,58,2820,13365,100
2786584685546012,207452,58,2820,13365,100
2786584690663400,207452,58,2820,13365,100
2786584695781917,207452,58,2820,13365,100
2786584700898805,207452,58,2820,13365,100
2786584706033854,207452,58,2820,13365,100
2786584711151444,207452,58,2820,13365,100
2786584716268649,207452,58,2820,13365,100
2786584721385899,207452,58,2820,13365,100
2786584726502676,207452,58,2820,13365,100
2786584731619684,207452,58,2820,13365,100
2786584736736496,207452,58,2820,13365,100
2786584741853600,207452,58,2820,13365,100
2786584746971877,207452,58,2820,13365,100
2786584752088759,207452,58,2820,13365,100
2786584757205678,207452,58,2820,13365,100
2786584762322718,207452,58,2820,13365,100
2786584767439554,207452,58,2820,13365,100
2786584772556731,207452,58,2820,13365,100
2786584777673587,207452,58,2820,13365,100
2786584782793911,207452,58,2820,13365,100
2786584787910832,207452,58,2820,13365,100
2786584793027980,207452,58,2820,13365,100
2786584798146493,207452,58,2820,13365,100
2786584803263773,207452,58,2820,13365,100
2786584808380773,207452,58,2820,13365,100
2786584813497572,207452,58,2820,13365,100
2786584818614890,207452,58,2820,13365,100
2786584823731806,207452,58,2820,13365,100
2786584828848805,207452,58,2820,13365,100
2786584833965515,207452,58,2820,13365,100
2786584839082767,207452,58,2820,13365,100
2786584844199678,207452,58,2820,13365,100
2786584849318296,207452,58,2820,13365,100
2786584854435489,207452,58,2820,13365,100
2786584859552419,207452,58,2820,13365,100
2786584864687425,207452,58,2820,13365,100
2786584869804140,207452,58,2820,13365,100
2786584874921290,207452,58,2820,13365,100
2786584880038756,207452,58,2820,13365,100
2786584885155771,207452,58,2820,13365,100
2786584890272787,207452,58,2820,13365,100
2786584895389791,207452,58,2820,13365,100
2786584900509148,207452,58,2820,13365,100
2786584905626869,207452,58,2820,13365,100
2786584910743788,207452,58,2820,13365,100
2786584915861397,207452,58,2820,13365,100
2786584920978324,207452,58,2820,13365,100
2786584926095306,207452,58,2820,13365,100
2786584931212346,207452,58,2820,13365,100
2786584936330119,207452,58,2820,13365,100
2786584941446781,207452,58,2820,13365,100
2786584946563719,207452,58,2820,13365,100
2786584951682218,207452,58,2820,13365,100
2786584956799449,207452,58,2820,13365,100
2786584961916519,207452,58,2820,13365,100
2786584967033716,207452,58,2820,13365,100
2786584972150669,207452,58,2820,13365,100
2786584977267646,207452,58,2820,13365,100
2786584982384729,207452,58,2820,13365,100
2786584987501830,207452,58,2820,13365,100
2786584992618867,207452,58,2820,13365,100
2786584997735995,207452,58,2820,13365,100
2786585002855621,207452,58,2820,13365,100
2786585007973309,207452,58,2820,13365,100
2786585013110748,207452,58,2820,13365,100
2786585018227994,207452,58,2820,13365,100
2786585023345129,207452,58,2820,13365,100
2786585028461941,207452,58,2820,13365,100
2786585033579149,207452,58,2820,13365,100
2786585038695834,207452,58,2820,13365,100
2786585043812390,207452,58,2820,13365,100
2786585048929499,207452,58,2820,13365,100
2786585054047947,207452,58,2820,13365,100
2786585059164920,207452,58,2820,13365,100
2786585064282400,207452,58,2820,13365,100
2786585069399558,207452,58,2820,13365,100
2786585074516420,207452,58,2820,13365,100
2786585079633461,207452,58,2820,13365,100
2786585084750697,207452,58,2820,13365,100
2786585089867856,207452,58,2820,13365,100
2786585094984550,207452,58,2820,13365,100
2786585100125715,207452,58,2820,13365,100
2786585105244534,207452,58,2820,13365,100
2786585110361919,207452,58,2820,13365,100
2786585115479279,207452,58,2820,13365,100
2786585120596407,207452,58,2820,13365,100
2786585125713358,207452,58,2820,13365,100
2786585130830196,207452,58,2820,13365,100
2786585135946737,207452,58,2820,13365,100
2786585141063385,207452,58,2820,13365,100
2786585146180374,207737,58,2820,13365,100
2786585151297160,207737,58,2820,13365,100
2786585156419658,207737,58,2820,13365,100
2786585161536658,207737,58,2820,13365,100
2786585166653487,207737,58,2820,13365,100
2786585171770452,207737,58,2820,13365,100
2786585176887712,207737,58,2820,13365,100
2786585182021532,207737,58,2820,13365,100
2786585187138212,207737,58,2820,13365,100
2786585192255449,207737,58,2820,13365,100
2786585197372547,207737,58,2820,13365,100
2786585202489271,207737,58,2820,13365,100
2786585207608076,207737,58,2820,13365,100
2786585212725040,207737,58,2820,13365,100
2786585217842247,207737,58,2820,13365,100
2786585222959271,207737,58,2820,13365,100
2786585228076284,207737,58,2820,13365,100
2786585233193148,207737,58,2820,13365,100
2786585238310264,207737,58,2820,13365,100
2786585243427488,207737,58,2820,13365,100
2786585248543111,207737,58,2820,13365,100
2786585253660435,207737,58,2820,13365,100
2786585258778885,207737,58,2820,13365,100
2786585263895982,207737,58,2820,13365,100
2786585269035434,207737,58,2820,13365,100
2786585274152778,207737,58,2820,13365,100
2786585279269763,207737,58,2820,13365,100
2786585284386903,207737,58,2820,13365,100
2786585289504031,207737,58,2820,13365,100
2786585294621470,207737,58,2820,13365,100
2786585299738233,207737,58,2820,13365,100
2786585304856151,207737,58,2820,13365,100
2786585309974681,207737,58,2820,13365,100
2786585315091900,207737,58,2820,13365,100
2786585320208654,207737,58,2820,13365,100
2786585325325951,207737,58,2820,13365,100
2786585330442741,207737,58,2820,13365,100
2786585335559872,207737,58,2820,13365,100
2786585340676644,207737,58,2820,13365,100
2786585345793316,207737,58,2820,13365,100
2786585350910511,207737,58,2820,13365,100
2786585356027753,207737,58,2820,13365,100
2786585361145949,207737,58,2820,13365,100
2786585366262824,207737,58,2820,13365,100
2786585371380070,207737,58,2820,13365,100
2786585376497298,207737,58,2820,13365,100
2786585381614446,207737,58,2820,13365,100
2786585386731563,207737,58,2820,13365,100
2786585391848464,207737,58,2820,13365,100
2786585396965528,207737,58,2820,13365,100
2786585402083024,207737,58,2820,13365,100
2786585407200273,207737,58,2820,13365,100
2786585412319123,207737,58,2820,13365,100
2786585417436547,207737,58,2820,13365,100
2786585422553937,207737,58,2820,13365,100
2786585427670816,207737,58,2820,13365,100
2786585432788035,207737,58,2820,13365,100
2786585437904087,207737,58,2820,13365,100
2786585443020015,207737,58,2820,13365,100
2786585448135232,207737,58,2820,13365,100
2786585453250516,207737,58,2820,13365,100
2786585458365901,207737,58,2820,13365,100
2786585463483313,207737,58,2820,13365,100
2786585468599669,207737,58,2820,13365,100
2786585473715757,207737,58,2820,13365,100
2786585478832260,207737,58,2820,13365,100
2786585483962542,207737,58,2820,13365,100
2786585489079409,207737,58,2820,13365,100
2786585494196723,207737,58,2820,13365,100
2786585499314371,207737,58,2820,13365,100
2786585504431656,207737,58,2820,13365,100
2786585509548584,207737,58,2820,13365,100
2786585514667224,207737,58,2820,13365,100
2786585519801677,207737,58,2820,13365,100
2786585524918652,207737,58,2820,13365,100
2786585530036517,207737,58,2820,13365,100
2786585535153515,207737,58,2820,13365,100
2786585540270326,207737,58,2820,13365,100
2786585545387159,207737,58,2820,13365,100
2786585550503867,207737,58,2820,13365,100
2786585555620811,207737,58,2820,13365,100
2786585560738135,207737,58,2820,13365,100
2786585565857336,207737,58,2820,13365,100
2786585570974660,207737,58,2820,13365,100
2786585576091667,207737,58,2820,13365,100
2786585581208435,207737,58,2820,13365,100
2786585586325570,207737,58,2820,13365,100
2786585591442816,207737,58,2820,13365,100
2786585596560778,207737,58,2820,13365,100
2786585601677923,207737,58,2820,13365,100
2786585606794802,207737,58,2820,13365,100
2786585611911375,207737,58,2820,13365,100
2786585617029847,207737,58,2820,13365,100
2786585622146724,207737,58,2820,13365,100
2786585627264472,207737,58,2820,13365,100
2786585632381639,207737,58,2820,13365,100
2786585637498701,207737,58,2820,13365,100
2786585642616240,207737,58,2820,13365,100
2786585647733282,207424,58,2820,13365,100
2786585652850318,207424,58,2820,13365,100
2786585657967586,207424,58,2820,13365,100
2786585663085191,207424,58,2820,13365,100
2786585668203827,207424,58,2820,13365,100
2786585673320895,207424,58,2820,13365,100
2786585678437700,207424,58,2820,13365,100
2786585683554497,207424,58,2820,13365,100
2786585688671353,207424,58,2820,13365,100
2786585693788670,207424,58,2820,13365,100
2786585698905722,207424,58,2820,13365,100
2786585704023126,207424,58,2820,13365,100
2786585709140091,207424,58,2820,13365,100
2786585714257379,207424,58,2820,13365,100
2786585719375220,207424,58,2820,13365,100
2786585724492868,207424,58,2820,13365,100
2786585729609680,207424,58,2820,13365,100
2786585734738473,207424,58,2820,13365,100
2786585739869261,207424,58,2820,13365,100
2786585744986445,207424,58,2820,13365,100
2786585750127197,207424,58,2820,13365,100
2786585755244176,207424,58,2820,13365,100
2786585760361230,207424,58,2820,13365,100
2786585765478134,207424,58,2820,13365,100
2786585770596682,207424,58,2820,13365,100
2786585775713593,207424,58,2820,13365,100
2786585780831177,207424,58,2820,13365,100
2786585785948249,207424,58,2820,13365,100
2786585791065356,207424,58,2820,13365,100
2786585796183000,207424,58,2820,13365,100
2786585801300435,207424,58,2820,13365,100
2786585806417469,207424,58,2820,13365,100
2786585811533537,207424,58,2820,13365,100
2786585816650302,207424,58,2820,13365,100
2786585821769006,207424,58,2820,13365,100
2786585826885731,207424,58,2820,13365,100
2786585832026231,207424,58,2820,13365,100
2786585837143345,207424,58,2820,13365,100
2786585842260135,207424,58,2820,13365,100
2786585847377196,207424,58,2820,13365,100
2786585852494239,207424,58,2820,13365,100
2786585857611316,207424,58,2820,13365,100
2786585862728261,207424,58,2820,13365,100
2786585867845574,207424,58,2820,13365,100
2786585872963349,207424,58,2820,13365,100
2786585878080168,207424,58,2820,13365,100
2786585883197414,207424,58,2820,13365,100
2786585888314291,207424,58,2820,13365,100
2786585893431207,207424,58,2820,13365,100
2786585898549287,207424,58,2820,13365,100
2786585903666262,207424,58,2820,13365,100
2786585908783427,207424,58,2820,13365,100
2786585913900164,207424,58,2820,13365,100
2786585919035825,207424,58,2820,13365,100
2786585924155040,207424,58,2820,13365,100
2786585929272118,207424,58,2820,13365,100
2786585934388626,207424,58,2820,13365,100
2786585939505302,207424,58,2820,13365,100
2786585944622425,207424,58,2820,13365,100
2786585949739491,207424,58,2820,13365,100
2786585954856904,207424,58,2820,13365,100
2786585959973904,207424,58,2820,13365,100
2786585965090453,207424,58,2820,13365,100
2786585970207305,207424,58,2820,13365,100
2786585975325365,207424,58,2820,13365,100
2786585980442321,207424,58,2820,13365,100
2786585985559926,207424,58,2820,13365,100
2786585990677135,207424,58,2820,13365,100
2786585995793699,207424,58,2820,13365,100
2786586000910819,207424,58,2820,13365,100
2786586006027837,207424,58,2820,13365,100
2786586011145024,207424,58,2820,13365,100
2786586016262028,207424,58,2820,13365,100
2786586021379749,207424,58,2820,13365,100
2786586026498249,207424,58,2820,13365,100
2786586031615132,207424,58,2820,13365,100
2786586036731998,207424,58,2820,13365,100
2786586041848642,207424,58,2820,13365,100
2786586046965519,207424,58,2820,13365,100
2786586052082442,207424,58,2820,13365,100
2786586057234719,207424,58,2820,13365,100
2786586062352507,207424,58,2820,13365,100
2786586067469396,207424,58,2820,13365,100
2786586072594766,207424,58,2820,13365,100
2786586077713092,207424,58,2820,13365,100
2786586082829765,207424,58,2820,13365,100
2786586087947105,207424,58,2820,13365,100
2786586093064151,207424,58,2820,13365,100
2786586098181181,207424,58,2820,13365,100
2786586103298226,207424,58,2820,13365,100
2786586108415370,207424,58,2820,13365,100
2786586113532431,207424,58,2820,13365,100
2786586118650272,207424,58,2820,13365,100
2786586123766796,207424,58,2820,13365,100
2786586128885276,207424,58,2820,13365,100
2786586134025512,207424,58,2820,13365,100
2786586139142711,207424,58,2820,13365,100
2786586144259481,207424,58,2820,13365,100
2786586149376999,207430,58,2820,13365,100
2786586154493982,207430,58,2820,13365,100
2786586159611075,207430,58,2820,13365,100
2786586164727899,207430,58,2820,13365,100
2786586169845099,207430,58,2820,13365,100
2786586174979453,207430,58,2820,13365,100
2786586180097647,207430,58,2820,13365,100
2786586185214672,207430,58,2820,13365,100
2786586190331705,207430,58,2820,13365,100
2786586195448684,207430,58,2820,13365,100
2786586200565933,207430,58,2820,13365,100
2786586205693458,207430,58,2820,13365,100
2786586210810570,207430,58,2820,13365,100
2786586215927376,207430,58,2820,13365,100
2786586221044406,207430,58,2820,13365,100
2786586226161577,207430,58,2820,13365,100
2786586231280041,207430,58,2820,13365,100
2786586236396679,207430,58,2820,13365,100
2786586241513872,207430,58,2820,13365,100
2786586246630916,207430,58,2820,13365,100
2786586251748012,207430,58,2820,13365,100
2786586256864953,207430,58,2820,13365,100
2786586261981997,207430,58,2820,13365,100
2786586267121038,207430,58,2820,13365,100
2786586272237911,207430,58,2820,13365,100
2786586277354799,207430,58,2820,13365,100
2786586282473219,207430,58,2820,13365,100
2786586287590159,207430,58,2820,13365,100
2786586292706974,207430,58,2820,13365,100
2786586297823758,207430,58,2820,13365,100
2786586302940796,207430,58,2820,13365,100
2786586308058076,207430,58,2820,13365,100
2786586313175259,207430,58,2820,13365,100
2786586318292325,207430,58,2820,13365,100
2786586323409658,207430,58,2820,13365,100
2786586328525603,207430,58,2820,13365,100
2786586333643969,207430,58,2820,13365,100
2786586338760615,207430,58,2820,13365,100
2786586343877607,207430,58,2820,13365,100
2786586348994380,207430,58,2820,13365,100
2786586354134744,207430,58,2820,13365,100
2786586359251689,207430,58,2820,13365,100
2786586364368601,207430,58,2820,13365,100
2786586369485553,207430,58,2820,13365,100
2786586374603006,207430,58,2820,13365,100
2786586379720298,207430,58,2820,13365,100
2786586384838986,207430,58,2820,13365,100
2786586389956439,207430,58,2820,13365,100
2786586395073351,207430,58,2820,13365,100
2786586400190407,207430,58,2820,13365,100
2786586405307096,207430,58,2820,13365,100
2786586410424144,207430,58,2820,13365,100
2786586415543301,207430,58,2820,13365,100
2786586420659981,207430,58,2820,13365,100
2786586425776657,207430,58,2820,13365,100
2786586430893412,207430,58,2820,13365,100
2786586436034974,207430,58,2820,13365,100
2786586441151962,207430,58,2820,13365,100
2786586446269674,207430,58,2820,13365,100
2786586451386969,207430,58,2820,13365,100
2786586456503903,207430,58,2820,13365,100
2786586461620831,207430,58,2820,13365,100
2786586466738117,207430,58,2820,13365,100
2786586471856120,207430,58,2820,13365,100
2786586476972805,207430,58,2820,13365,100
2786586482089683,207430,58,2820,13365,100
2786586487208000,207430,58,2820,13365,100
2786586492325078,207430,58,2820,13365,100
2786586497442008,207430,58,2820,13365,100
2786586502558446,207430,58,2820,13365,100
2786586507675592,207430,58,2820,13365,100
2786586512792531,207430,58,2820,13365,100
2786586517909095,207430,58,2820,13365,100
2786586523026152,207430,58,2820,13365,100
2786586528142617,207430,58,2820,13365,100
2786586533259673,207430,58,2820,13365,100
2786586538377963,207430,58,2820,13365,100
2786586543495048,207430,58,2820,13365,100
2786586548611934,207430,58,2820,13365,100
2786586553728891,207430,58,2820,13365,100
2786586558845727,207430,58,2820,13365,100
2786586563962625,207430,58,2820,13365,100
2786586569079619,207430,58,2820,13365,100
2786586574196154,207430,58,2820,13365,100
2786586579313152,207430,58,2820,13365,100
2786586584430145,207430,58,2820,13365,100
2786586589569189,207430,58,2820,13365,100
2786586594687211,207430,58,2820,13365,100
2786586599805314,207430,58,2820,13365,100
2786586604923206,207430,58,2820,13365,100
2786586610044290,207430,58,2820,13365,100
2786586615168018,207430,58,2820,13365,100
2786586620284855,207430,58,2820,13365,100
2786586625400445,207430,58,2820,13365,100
2786586630517036,207430,58,2820,13365,100
2786586635632476,207430,58,2820,13365,100
2786586640749800,207430,58,2820,13365,100
2786586645866105,207538,58,2820,13365,100
2786586650982009,207538,58,2820,13365,100
2786586656127524,207538,58,2820,13365,100
2786586661243298,207538,58,2820,13365,100
2786586666359691,207538,58,2820,13365,100
2786586671476050,207538,58,2820,13365,100
2786586676592991,207538,58,2820,13365,100
2786586681710024,207538,58,2820,13365,100
2786586686827096,207538,58,2820,13365,100
2786586691946444,207538,58,2820,13365,100
2786586697063701,207538,58,2820,13365,100
2786586702180871,207538,58,2820,13365,100
2786586707298067,207538,58,2820,13365,100
2786586712414945,207538,58,2820,13365,100
2786586717532082,207538,58,2820,13365,100
2786586722649379,207538,58,2820,13365,100
2786586727766279,207538,58,2820,13365,100
2786586732883169,207538,58,2820,13365,100
2786586738024261,207538,58,2820,13365,100
2786586743143816,207538,58,2820,13365,100
2786586748260950,207538,58,2820,13365,100
2786586753377820,207538,58,2820,13365,100
2786586758495065,207538,58,2820,13365,100
2786586763612369,207538,58,2820,13365,100
2786586768729813,207538,58,2820,13365,100
2786586773847618,207538,58,2820,13365,100
2786586778964809,207538,58,2820,13365,100
2786586784081611,207538,58,2820,13365,100
2786586789198483,207538,58,2820,13365,100
2786586794316782,207538,58,2820,13365,100
2786586799434166,207538,58,2820,13365,100
2786586804551688,207538,58,2820,13365,100
2786586809668357,207538,58,2820,13365,100
2786586814785321,207538,58,2820,13365,100
2786586819902224,207538,58,2820,13365,100
2786586825021994,207538,58,2820,13365,100
2786586830157298,207538,58,2820,13365,100
2786586835274558,207538,58,2820,13365,100
2786586840392375,207538,58,2820,13365,100
2786586845510983,207538,58,2820,13365,100
2786586850628063,207538,58,2820,13365,100
2786586855744987,207538,58,2820,13365,100
2786586860862068,207538,58,2820,13365,100
2786586865978936,207538,58,2820,13365,100
2786586871096361,207538,58,2820,13365,100
2786586876213673,207538,58,2820,13365,100
2786586881330805,207538,58,2820,13365,100
2786586886448135,207538,58,2820,13365,100
2786586891565270,207538,58,2820,13365,100
2786586896683915,207538,58,2820,13365,100
2786586901803143,207538,58,2820,13365,100
2786586906920343,207538,58,2820,13365,100
2786586912037615,207538,58,2820,13365,100
2786586917154736,207538,58,2820,13365,100
2786586922271805,207538,58,2820,13365,100
2786586927389261,207538,58,2820,13365,100
2786586932507061,207538,58,2820,13365,100
2786586937633082,207538,58,2820,13365,100
2786586942750082,207538,58,2820,13365,100
2786586947868647,207538,58,2820,13365,100
2786586952985390,207538,58,2820,13365,100
2786586958125087,207538,58,2820,13365,100
2786586963242013,207538,58,2820,13365,100
2786586968359108,207538,58,2820,13365,100
2786586973476268,207538,58,2820,13365,100
2786586978593041,207538,58,2820,13365,100
2786586983709969,207538,58,2820,13365,100
2786586988827466,207538,58,2820,13365,100
2786586993944310,207538,58,2820,13365,100
2786586999063769,207538,58,2820,13365,100
2786587004180975,207538,58,2820,13365,100
2786587009298578,207538,58,2820,13365,100
2786587014415504,207538,58,2820,13365,100
2786587019532701,207538,58,2820,13365,100
2786587024649756,207538,58,2820,13365,100
2786587029766870,207538,58,2820,13365,100
2786587034883896,207538,58,2820,13365,100
2786587040020111,207538,58,2820,13365,100
2786587045137290,207538,58,2820,13365,100
2786587050255847,207538,58,2820,13365,100
2786587055373070,207538,58,2820,13365,100
2786587060490098,207538,58,2820,13365,100
2786587065607522,207538,58,2820,13365,100
2786587070724717,207538,58,2820,13365,100
2786587075841591,207538,58,2820,13365,100
2786587080958296,207538,58,2820,13365,100
2786587086075344,207538,58,2820,13365,100
2786587091192268,207538,58,2820,13365,100
2786587096309809,207538,58,2820,13365,100
2786587101428222,207538,58,2820,13365,100
2786587106545446,207538,58,2820,13365,100
2786587111662732,207538,58,2820,13365,100
2786587116779650,207538,58,2820,13365,100
2786587121897141,207538,58,2820,13365,100
2786587127036695,207538,58,2820,13365,100
2786587132153675,207538,58,2820,13365,100
2786587137280920,207538,58,2820,13365,100
2786587142397736,207538,58,2820,13365,100
2786587147514448,207376,58,2820,13365,100
2786587152633093,207376,58,2820,13365,100
2786587157749990,207376,58,2820,13365,100
2786587162868649,207376,58,2820,13365,100
2786587167985786,207376,58,2820,13365,100
2786587173121222,207376,58,2820,13365,100
2786587178238009,207376,58,2820,13365,100
2786587183355127,207376,58,2820,13365,100
2786587188472196,207376,58,2820,13365,100
2786587193589684,207376,58,2820,13365,100
2786587198706904,207376,58,2820,13365,100
2786587203825740,207376,58,2820,13365,100
2786587208942849,207376,58,2820,13365,100
2786587214060169,207376,58,2820,13365,100
2786587219177450,207376,58,2820,13365,100
2786587224294338,207376,58,2820,13365,100
2786587229411307,207376,58,2820,13365,100
2786587234527539,207376,58,2820,13365,100
2786587239644843,207376,58,2820,13365,100
2786587244761955,207376,58,2820,13365,100
2786587249878560,207376,58,2820,13365,100
2786587254997113,207376,58,2820,13365,100
2786587260136577,207376,58,2820,13365,100
2786587265253785,207376,58,2820,13365,100
2786587270370585,207376,58,2820,13365,100
2786587275487925,207376,58,2820,13365,100
2786587280605018,207376,58,2820,13365,100
2786587285722162,207376,58,2820,13365,100
2786587290840183,207376,58,2820,13365,100
2786587295957584,207376,58,2820,13365,100
2786587301074774,207376,58,2820,13365,100
2786587306193456,207376,58,2820,13365,100
2786587311310388,207376,58,2820,13365,100
2786587316427241,207376,58,2820,13365,100
2786587321543585,207376,58,2820,13365,100
2786587326660461,207376,58,2820,13365,100
2786587331777042,207376,58,2820,13365,100
2786587336894066,207376,58,2820,13365,100
2786587342031982,207376,58,2820,13365,100
2786587347149140,207376,58,2820,13365,100
2786587352266163,207376,58,2820,13365,100
2786587357384655,207376,58,2820,13365,100
2786587362501840,207376,58,2820,13365,100
2786587367618880,207376,58,2820,13365,100
2786587372735975,207376,58,2820,13365,100
2786587377853059,207376,58,2820,13365,100
2786587382970122,207376,58,2820,13365,100
2786587388087237,207376,58,2820,13365,100
2786587393204112,207376,58,2820,13365,100
2786587398320986,207376,58,2820,13365,100
2786587403437935,207376,58,2820,13365,100
2786587408555575,207376,58,2820,13365,100
2786587413672832,207376,58,2820,13365,100
2786587418789642,207376,58,2820,13365,100
2786587423906738,207376,58,2820,13365,100
2786587429024256,207376,58,2820,13365,100
2786587434141347,207376,58,2820,13365,100
2786587439258370,207376,58,2820,13365,100
2786587444375862,207376,58,2820,13365,100
2786587449506855,207376,58,2820,13365,100
2786587454623847,207376,58,2820,13365,100
2786587459742471,207376,58,2820,13365,100
2786587464860028,207376,58,2820,13365,100
2786587469976692,207376,58,2820,13365,100
2786587475094320,207376,58,2820,13365,100
2786587480211232,207376,58,2820,13365,100
2786587485345309,207376,58,2820,13365,100
2786587490462735,207376,58,2820,13365,100
2786587495579879,207376,58,2820,13365,100
2786587500696782,207376,58,2820,13365,100
2786587505813766,207376,58,2820,13365,100
2786587510948282,207376,58,2820,13365,100
2786587516065290,207376,58,2820,13365,100
2786587521182335,207376,58,2820,13365,100
2786587526299515,207376,58,2820,13365,100
2786587531416338,207376,58,2820,13365,100
2786587536533436,207376,58,2820,13365,100
2786587541656737,207376,58,2820,13365,100
2786587546773817,207376,58,2820,13365,100
2786587551890697,207376,58,2820,13365,100
2786587557028272,207376,58,2820,13365,100
2786587562146822,207376,58,2820,13365,100
2786587567263780,207376,58,2820,13365,100
2786587572380452,207376,58,2820,13365,100
2786587577497543,207376,58,2820,13365,100
2786587582614539,207376,58,2820,13365,100
2786587587731620,207376,58,2820,13365,100
2786587592848344,207376,58,2820,13365,100
2786587597966025,207376,58,2820,13365,100
2786587603083109,207376,58,2820,13365,100
2786587608200190,207376,58,2820,13365,100
2786587613318609,207376,58,2820,13365,100
2786587618435630,207376,58,2820,13365,100
2786587623552950,207376,58,2820,13365,100
2786587628670042,207376,58,2820,13365,100
2786587633787031,207376,58,2820,13365,100
2786587638904004,207376,58,2820,13365,100
2786587644021976,207376,58,2820,13365,100
2786587649139416,207354,57,2820,13365,100
2786587654257037,207354,57,2820,13365,100
2786587659382992,207354,57,2820,13365,100
2786587664500722,207354,57,2820,13365,100
2786587669617430,207354,57,2820,13365,100
2786587674733442,207354,57,2820,13365,100
2786587679849522,207354,57,2820,13365,100
2786587684965983,207354,57,2820,13365,100
2786587690082107,207354,57,2820,13365,100
2786587695197237,207354,57,2820,13365,100
2786587700312432,207354,57,2820,13365,100
2786587705427233,207354,57,2820,13365,100
2786587710541301,207354,57,2820,13365,100
2786587715657702,207354,57,2820,13365,100
2786587720773201,207354,57,2820,13365,100
2786587725888318,207354,57,2820,13365,100
2786587731022534,207354,57,2820,13365,100
2786587736137592,207354,57,2820,13365,100
2786587741252399,207354,57,2820,13365,100
2786587746367932,207354,57,2820,13365,100
2786587751482607,207354,57,2820,13365,100
2786587756598500,207354,57,2820,13365,100
2786587761713436,207354,57,2820,13365,100
2786587766830433,207354,57,2820,13365,100
2786587771946217,207354,57,2820,13365,100
2786587777062893,207354,57,2820,13365,100
2786587782179974,207354,57,2820,13365,100
2786587787296876,207354,57,2820,13365,100
2786587792414031,207354,57,2820,13365,100
2786587797530631,207354,57,2820,13365,100
2786587802647515,207354,57,2820,13365,100
2786587807764326,207354,57,2820,13365,100
2786587812881605,207354,57,2820,13365,100
2786587818020320,207354,57,2820,13365,100
2786587823138099,207354,57,2820,13365,100
2786587828255145,207354,57,2820,13365,100
2786587833372337,207354,57,2820,13365,100
2786587838489974,207354,57,2820,13365,100
2786587843606757,207354,57,2820,13365,100
2786587848723719,207354,57,2820,13365,100
2786587853841615,207354,57,2820,13365,100
2786587858958763,207354,57,2820,13365,100
2786587864090832,207354,57,2820,13365,100
2786587869209608,207354,57,2820,13365,100
2786587874326656,207354,57,2820,13365,100
2786587879443685,207354,57,2820,13365,100
2786587884559981,207354,57,2820,13365,100
2786587889677514,207354,57,2820,13365,100
2786587894794686,207354,57,2820,13365,100
2786587899912292,207354,57,2820,13365,100
2786587905030295,207354,57,2820,13365,100
2786587910147175,207354,57,2820,13365,100
2786587915264258,207354,57,2820,13365,100
2786587920383140,207354,57,2820,13365,100
2786587925500032,207354,57,2820,13365,100
2786587930617109,207354,57,2820,13365,100
2786587935734181,207354,57,2820,13365,100
2786587940851145,207354,57,2820,13365,100
2786587945968510,207354,57,2820,13365,100
2786587951086146,207354,57,2820,13365,100
2786587956203700,207354,57,2820,13365,100
2786587961320837,207354,57,2820,13365,100
2786587966439396,207354,57,2820,13365,100
2786587971557828,207354,57,2820,13365,100
2786587976675084,207354,57,2820,13365,100
2786587981792042,207354,57,2820,13365,100
2786587986909545,207354,57,2820,13365,100
2786587992026741,207354,57,2820,13365,100
2786587997143695,207354,57,2820,13365,100
2786588002260882,207354,57,2820,13365,100
2786588007377846,207354,57,2820,13365,100
2786588012494574,207354,57,2820,13365,100
2786588017612175,207354,57,2820,13365,100
2786588022731803,207354,57,2820,13365,100
2786588027848883,207354,57,2820,13365,100
2786588032966096,207354,57,2820,13365,100
2786588038083497,207354,57,2820,13365,100
2786588043200720,207354,57,2820,13365,100
2786588048337857,207354,57,2820,13365,100
2786588053455534,207354,57,2820,13365,100
2786588058572962,207354,57,2820,13365,100
2786588063690222,207354,57,2820,13365,100
2786588068807122,207354,57,2820,13365,100
2786588073938902,207354,57,2820,13365,100
2786588079056147,207354,57,2820,13365,100
2786588084174042,207354,57,2820,13365,100
2786588089291316,207354,57,2820,13365,100
2786588094408744,207354,57,2820,13365,100
2786588099525724,207354,57,2820,13365,100
2786588104642737,207354,57,2820,13365,100
2786588109759642,207354,57,2820,13365,100
2786588114877254,207354,57,2820,13365,100
2786588119994334,207354,57,2820,13365,100
2786588125137170,207354,57,2820,13365,100
2786588130254187,207354,57,2820,13365,100
2786588135370999,207354,57,2820,13365,100
2786588140507850,207354,57,2820,13365,100
2786588145625148,207483,57,2820,13365,100
2786588150741872,207483,57,2820,13365,100
2786588155859163,207483,57,2820,13365,100
2786588160976801,207483,57,2820,13365,100
2786588166093965,207483,57,2820,13365,100
2786588171210941,207483,57,2820,13365,100
2786588176329514,207483,57,2820,13365,100
2786588181446714,207483,57,2820,13365,100
2786588186562931,207483,57,2820,13365,100
2786588191680119,207483,57,2820,13365,100
2786588196796967,207483,57,2820,13365,100
2786588201913868,207483,57,2820,13365,100
2786588207031260,207483,57,2820,13365,100
2786588212148393,207483,57,2820,13365,100
2786588217265415,207483,57,2820,13365,100
2786588222382453,207483,57,2820,13365,100
2786588227501310,207483,57,2820,13365,100
2786588232617746,207483,57,2820,13365,100
2786588237735322,207483,57,2820,13365,100
2786588242853187,207483,57,2820,13365,100
2786588247971181,207483,57,2820,13365,100
2786588253087507,207483,57,2820,13365,100
2786588258255776,207483,57,2820,13365,100
2786588263406348,207483,57,2820,13365,100
2786588268521100,207483,57,2820,13365,100
2786588273636496,207483,57,2820,13365,100
2786588278752257,207483,57,2820,13365,100
2786588283866761,207483,57,2820,13365,100
2786588288981583,207483,57,2820,13365,100
2786588294113250,207483,57,2820,13365,100
2786588299227223,207483,57,2820,13365,100
2786588304340971,207483,57,2820,13365,100
2786588309454583,207483,57,2820,13365,100
2786588314567480,207483,57,2820,13365,100
2786588319680980,207483,57,2820,13365,100
2786588324794752,207483,57,2820,13365,100
2786588329910313,207483,57,2820,13365,100
2786588335023845,207483,57,2820,13365,100
2786588340183997,207483,57,2820,13365,100
2786588345298018,207483,57,2820,13365,100
2786588350410874,207483,57,2820,13365,100
2786588355524920,207483,57,2820,13365,100
2786588360638537,207483,57,2820,13365,100
2786588365752815,207483,57,2820,13365,100
2786588370867795,207483,57,2820,13365,100
2786588375982560,207483,57,2820,13365,100
2786588381118194,207483,57,2820,13365,100
2786588386232557,207483,57,2820,13365,100
2786588391346869,207483,57,2820,13365,100
2786588396461075,207483,57,2820,13365,100
2786588401575674,207483,57,2820,13365,100
2786588406690266,207483,57,2820,13365,100
2786588411805774,207483,57,2820,13365,100
2786588416921138,207483,57,2820,13365,100
2786588422037499,207483,57,2820,13365,100
2786588427153648,207483,57,2820,13365,100
2786588432271364,207483,57,2820,13365,100
2786588437387205,207483,57,2820,13365,100
2786588442502421,207483,57,2820,13365,100
2786588447618045,207483,57,2820,13365,100
2786588452733816,207483,57,2820,13365,100
2786588457848650,207483,57,2820,13365,100
2786588462964650,207483,57,2820,13365,100
2786588468079239,207483,57,2820,13365,100
2786588473193963,207483,57,2820,13365,100
2786588478307876,207483,57,2820,13365,100
2786588483424376,207483,57,2820,13365,100
2786588488538705,207483,57,2820,13365,100
2786588493653980,207483,57,2820,13365,100
2786588498769473,207483,57,2820,13365,100
2786588503885367,207483,57,2820,13365,100
2786588509017457,207483,57,2820,13365,100
2786588514134034,207483,57,2820,13365,100
2786588519250971,207483,57,2820,13365,100
2786588524368403,207483,57,2820,13365,100
2786588529485291,207483,57,2820,13365,100
2786588534604764,207483,57,2820,13365,100
2786588539721952,207483,57,2820,13365,100
2786588544839728,207483,57,2820,13365,100
2786588549956937,207483,57,2820,13365,100
2786588555074953,207483,57,2820,13365,100
2786588560192010,207483,57,2820,13365,100
2786588565309891,207483,57,2820,13365,100
2786588570427151,207483,57,2820,13365,100
2786588575543781,207483,57,2820,13365,100
2786588580660747,207483,57,2820,13365,100
2786588585779583,207483,57,2820,13365,100
2786588590896842,207483,57,2820,13365,100
2786588596034392,207483,57,2820,13365,100
2786588601151716,207483,57,2820,13365,100
2786588606268893,207483,57,2820,13365,100
2786588611385857,207483,57,2820,13365,100
2786588616502694,207483,57,2820,13365,100
2786588621619654,207483,57,2820,13365,100
2786588626737152,207483,57,2820,13365,100
2786588631855198,207483,57,2820,13365,100
2786588636973863,207483,57,2820,13365,100
2786588642090938,207483,57,2820,13365,100
2786588647207782,207456,57,2820,13365,100
2786588652324832,207456,57,2820,13365,100
2786588657442120,207456,57,2820,13365,100
2786588662561437,207456,57,2820,13365,100
2786588667678929,207456,57,2820,13365,100
2786588672796306,207456,57,2820,13365,100
2786588677913442,207456,57,2820,13365,100
2786588683030746,207456,57,2820,13365,100
2786588688149475,207456,57,2820,13365,100
2786588693266481,207456,57,2820,13365,100
2786588698384295,207456,57,2820,13365,100
2786588703501870,207456,57,2820,13365,100
2786588708618924,207456,57,2820,13365,100
2786588713736097,207456,57,2820,13365,100
2786588718852893,207456,57,2820,13365,100
2786588723969788,207456,57,2820,13365,100
2786588729088070,207456,57,2820,13365,100
2786588734205131,207456,57,2820,13365,100
2786588739323654,207456,57,2820,13365,100
2786588744440839,207456,57,2820,13365,100
2786588749557955,207456,57,2820,13365,100
2786588754674987,207456,57,2820,13365,100
2786588759791904,207456,57,2820,13365,100
2786588764909201,207456,57,2820,13365,100
2786588770026389,207456,57,2820,13365,100
2786588775143469,207456,57,2820,13365,100
2786588780260656,207456,57,2820,13365,100
2786588785377822,207456,57,2820,13365,100
2786588790496419,207456,57,2820,13365,100
2786588795630947,207456,57,2820,13365,100
2786588800748083,207456,57,2820,13365,100
2786588805865075,207456,57,2820,13365,100
2786588810981900,207456,57,2820,13365,100
2786588816120284,207456,57,2820,13365,100
2786588821237636,207456,57,2820,13365,100
2786588826354964,207456,57,2820,13365,100
2786588831472069,207456,57,2820,13365,100
2786588836588765,207456,57,2820,13365,100
2786588841707346,207456,57,2820,13365,100
2786588846824202,207456,57,2820,13365,100
2786588851941410,207456,57,2820,13365,100
2786588857058183,207456,57,2820,13365,100
2786588862174855,207456,57,2820,13365,100
2786588867292204,207456,57,2820,13365,100
2786588872409308,207456,57,2820,13365,100
2786588877526988,207456,57,2820,13365,100
2786588882644156,207456,57,2820,13365,100
2786588887761201,207456,57,2820,13365,100
2786588892880005,207456,57,2820,13365,100
2786588897996729,207456,57,2820,13365,100
2786588903135318,207456,57,2820,13365,100
2786588908253159,207456,57,2820,13365,100
2786588913370191,207456,57,2820,13365,100
2786588918487473,207456,57,2820,13365,100
2786588923604852,207456,57,2820,13365,100
2786588928721682,207456,57,2820,13365,100
2786588933839528,207456,57,2820,13365,100
2786588938956378,207456,57,2820,13365,100
2786588944077253,207456,57,2820,13365,100
2786588949216281,207456,57,2820,13365,100
2786588954333429,207456,57,2820,13365,100
2786588959450728,207456,57,2820,13365,100
2786588964567138,207456,57,2820,13365,100
2786588969684159,207456,57,2820,13365,100
2786588974801436,207456,57,2820,13365,100
2786588979918355,207456,57,2820,13365,100
2786588985035428,207456,57,2820,13365,100
2786588990152516,207456,57,2820,13365,100
2786588995271186,207456,57,2820,13365,100
2786589000388961,207456,57,2820,13365,100
2786589005505915,207456,57,2820,13365,100
2786589010623145,207456,57,2820,13365,100
2786589015740550,207456,57,2820,13365,100
2786589020857782,207456,57,2820,13365,100
2786589025975025,207456,57,2820,13365,100
2786589031092389,207456,57,2820,13365,100
2786589036209279,207456,57,2820,13365,100
2786589041326336,207456,57,2820,13365,100
2786589046444489,207456,57,2820,13365,100
2786589051560949,207456,57,2820,13365,100
2786589056678141,207456,57,2820,13365,100
2786589061795461,207456,57,2820,13365,100
2786589066912386,207456,57,2820,13365,100
2786589072029890,207456,57,2820,13365,100
2786589077147049,207456,57,2820,13365,100
2786589082264167,207456,57,2820,13365,100
2786589087381177,207456,57,2820,13365,100
2786589092498309,207456,57,2820,13365,100
2786589097617544,207456,57,2820,13365,100
2786589102735104,207456,57,2820,13365,100
2786589107852777,207456,57,2820,13365,100
2786589112970534,207456,57,2820,13365,100
2786589118087693,207456,57,2820,13365,100
2786589123212446,207456,57,2820,13365,100
2786589128328430,207456,57,2820,13365,100
2786589133444237,207456,57,2820,13365,100
2786589138558759,207456,57,2820,13365,100
2786589143674295,207456,57,2820,13365,100
2786589148790312,207229,57,2820,13365,100
2786589153905169,207229,57,2820,13365,100
2786589159019839,207229,57,2820,13365,100
2786589164133761,207229,57,2820,13365,100
2786589169247457,207229,57,2820,13365,100
2786589174363059,207229,57,2820,13365,100
2786589179476596,207229,57,2820,13365,100
2786589184590634,207229,57,2820,13365,100
2786589189704515,207229,57,2820,13365,100
2786589194817349,207229,57,2820,13365,100
2786589199931396,207229,57,2820,13365,100
2786589205044820,207229,57,2820,13365,100
2786589210158288,207229,57,2820,13365,100
2786589215272797,207229,57,2820,13365,100
2786589220387086,207229,57,2820,13365,100
2786589225501114,207229,57,2820,13365,100
2786589230620418,207229,57,2820,13365,100
2786589235734899,207229,57,2820,13365,100
2786589240858283,207229,57,2820,13365,100
2786589245973215,207229,57,2820,13365,100
2786589251090916,207229,57,2820,13365,100
2786589256207050,207229,57,2820,13365,100
2786589261323366,207229,57,2820,13365,100
2786589266439600,207229,57,2820,13365,100
2786589271555489,207229,57,2820,13365,100
2786589276672113,207229,57,2820,13365,100
2786589281790074,207229,57,2820,13365,100
2786589286907048,207229,57,2820,13365,100
2786589292024371,207229,57,2820,13365,100
2786589297141183,207229,57,2820,13365,100
2786589302259987,207229,57,2820,13365,100
2786589307376724,207229,57,2820,13365,100
2786589312494652,207229,57,2820,13365,100
2786589317612337,207229,57,2820,13365,100
2786589322729297,207229,57,2820,13365,100
2786589327846509,207229,57,2820,13365,100
2786589332963401,207229,57,2820,13365,100
2786589338080638,207229,57,2820,13365,100
2786589343217586,207229,57,2820,13365,100
2786589348335263,207229,57,2820,13365,100
2786589353453683,207229,57,2820,13365,100
2786589358570659,207229,57,2820,13365,100
2786589363687928,207229,57,2820,13365,100
2786589368805140,207229,57,2820,13365,100
2786589373922168,207229,57,2820,13365,100
2786589379040480,207229,57,2820,13365,100
2786589384157441,207229,57,2820,13365,100
2786589389274350,207229,57,2820,13365,100
2786589394391270,207229,57,2820,13365,100
2786589399508463,207229,57,2820,13365,100
2786589404626907,207229,57,2820,13365,100
2786589409746088,207229,57,2820,13365,100
2786589414862999,207229,57,2820,13365,100
2786589419979916,207229,57,2820,13365,100
2786589425120872,207229,57,2820,13365,100
2786589430237940,207229,57,2820,13365,100
2786589435354977,207229,57,2820,13365,100
2786589440472205,207229,57,2820,13365,100
2786589445589217,207229,57,2820,13365,100
2786589450723377,207229,57,2820,13365,100
2786589455842967,207229,57,2820,13365,100
2786589460959537,207229,57,2820,13365,100
2786589466096810,207229,57,2820,13365,100
2786589471214520,207229,57,2820,13365,100
2786589476331539,207229,57,2820,13365,100
2786589481448663,207229,57,2820,13365,100
2786589486565628,207229,57,2820,13365,100
2786589491687081,207229,57,2820,13365,100
2786589496804227,207229,57,2820,13365,100
2786589501921245,207229,57,2820,13365,100
2786589507040816,207229,57,2820,13365,100
2786589512157874,207229,57,2820,13365,100
2786589517274919,207229,57,2820,13365,100
2786589522392815,207229,57,2820,13365,100
2786589527510099,207229,57,2820,13365,100
2786589532627165,207229,57,2820,13365,100
2786589537744532,207229,57,2820,13365,100
2786589542861636,207229,57,2820,13365,100
2786589547978717,207229,57,2820,13365,100
2786589553096341,207229,57,2820,13365,100
2786589558215198,207229,57,2820,13365,100
2786589563332102,207229,57,2820,13365,100
2786589568449498,207229,57,2820,13365,100
2786589573566880,207229,57,2820,13365,100
2786589578683845,207229,57,2820,13365,100
2786589583801027,207229,57,2820,13365,100
2786589588918208,207229,57,2820,13365,100
2786589594035578,207229,57,2820,13365,100
2786589599152715,207229,57,2820,13365,100
2786589604269788,207229,57,2820,13365,100
2786589609388729,207229,57,2820,13365,100
2786589614504717,207229,57,2820,13365,100
2786589619621626,207229,57,2820,13365,100
2786589624738804,207229,57,2820,13365,100
2786589629856110,207229,57,2820,13365,100
2786589634973219,207229,57,2820,13365,100
2786589640090599,207229,57,2820,13365,100
2786589645207527,207185,57,2820,13365,100
2786589650324568,207185,57,2820,13365,100
2786589655441541,207185,57,2820,13365,100
2786589660560141,207185,57,2820,13365,100
2786589665677085,207185,57,2820,13365,100
2786589670794125,207185,57,2820,13365,100
2786589675911200,207185,57,2820,13365,100
2786589681029166,207185,57,2820,13365,100
2786589686146067,207185,57,2820,13365,100
2786589691263283,207185,57,2820,13365,100
2786589696380280,207185,57,2820,13365,100
2786589701497632,207185,57,2820,13365,100
2786589706614868,207185,57,2820,13365,100
2786589711733398,207185,57,2820,13365,100
2786589716850677,207185,57,2820,13365,100
2786589721972145,207185,57,2820,13365,100
2786589727089242,207185,57,2820,13365,100
2786589732206118,207185,57,2820,13365,100
2786589737323282,207185,57,2820,13365,100
2786589742439983,207185,57,2820,13365,100
2786589747557331,207185,57,2820,13365,100
2786589752674459,207185,57,2820,13365,100
2786589757791480,207185,57,2820,13365,100
2786589762910224,207185,57,2820,13365,100
2786589768027353,207185,57,2820,13365,100
2786589773144321,207185,57,2820,13365,100
2786589778261428,207185,57,2820,13365,100
2786589783380660,207185,57,2820,13365,100
2786589788497796,207185,57,2820,13365,100
2786589793614634,207185,57,2820,13365,100
2786589798731719,207185,57,2820,13365,100
2786589803848609,207185,57,2820,13365,100
2786589808965540,207185,57,2820,13365,100
2786589814084228,207185,57,2820,13365,100
2786589819201241,207185,57,2820,13365,100
2786589824318507,207185,57,2820,13365,100
2786589829435446,207185,57,2820,13365,100
2786589834552718,207185,57,2820,13365,100
2786589839669940,207185,57,2820,13365,100
2786589844786714,207185,57,2820,13365,100
2786589849903647,207185,57,2820,13365,100
2786589855020583,207185,57,2820,13365,100
2786589860137818,207185,57,2820,13365,100
2786589865256051,207185,57,2820,13365,100
2786589870373421,207185,57,2820,13365,100
2786589875490553,207185,57,2820,13365,100
2786589880607429,207185,57,2820,13365,100
2786589885724585,207185,57,2820,13365,100
2786589890841784,207185,57,2820,13365,100
2786589895958508,207185,57,2820,13365,100
2786589901075993,207185,57,2820,13365,100
2786589906193637,207185,57,2820,13365,100
2786589911310663,207185,57,2820,13365,100
2786589916429526,207185,57,2820,13365,100
2786589921546703,207185,57,2820,13365,100
2786589926663644,207185,57,2820,13365,100
2786589931780688,207185,57,2820,13365,100
2786589936897863,207185,57,2820,13365,100
2786589942036989,207185,57,2820,13365,100
2786589947154246,207185,57,2820,13365,100
2786589952271190,207185,57,2820,13365,100
2786589957388655,207185,57,2820,13365,100
2786589962505691,207185,57,2820,13365,100
2786589967624039,207185,57,2820,13365,100
2786589972741176,207185,57,2820,13365,100
2786589977858680,207185,57,2820,13365,100
2786589982975576,207185,57,2820,13365,100
2786589988092696,207185,57,2820,13365,100
2786589993209625,207185,57,2820,13365,100
2786589998326554,207185,57,2820,13365,100
2786590003443578,207185,57,2820,13365,100
2786590008561172,207185,57,2820,13365,100
2786590013678078,207185,57,2820,13365,100
2786590018796347,207185,57,2820,13365,100
2786590023913267,207185,57,2820,13365,100
2786590029030431,207185,57,2820,13365,100
2786590034147776,207185,57,2820,13365,100
2786590039264984,207185,57,2820,13365,100
2786590044382157,207185,57,2820,13365,100
2786590049499353,207185,57,2820,13365,100
2786590054616818,207185,57,2820,13365,100
2786590059733954,207185,57,2820,13365,100
2786590064850932,207185,57,2820,13365,100
2786590069987930,207185,57,2820,13365,100
2786590075128021,207185,57,2820,13365,100
2786590080244979,207185,57,2820,13365,100
2786590085361910,207185,57,2820,13365,100
2786590090478976,207185,57,2820,13365,100
2786590095596406,207185,57,2820,13365,100
2786590100713872,207185,57,2820,13365,100
2786590105848227,207185,57,2820,13365,100
2786590110964711,207185,57,2820,13365,100
2786590116081309,207185,57,2820,13365,100
2786590121205970,207185,57,2820,13365,100
2786590126345510,207185,57,2820,13365,100
2786590131459734,207185,57,2820,13365,100
2786590136574591,207185,57,2820,13365,100
2786590141689496,207185,57,2820,13365,100
2786590146804004,207258,57,2820,13365,100
2786590151917636,207258,57,2820,13365,100
2786590157031731,207258,57,2820,13365,100
2786590162174473,207258,57,2820,13365,100
2786590167286867,207258,57,2820,13365,100
2786590172401869,207258,57,2820,13365,100
2786590177514786,207258,57,2820,13365,100
2786590182628556,207258,57,2820,13365,100
2786590187742090,207258,57,2820,13365,100
2786590192896879,207258,57,2820,13365,100
2786590198028200,207258,57,2820,13365,100
2786590203142368,207258,57,2820,13365,100
2786590208255742,207258,57,2820,13365,100
2786590213369058,207258,57,2820,13365,100
2786590218482301,207258,57,2820,13365,100
2786590223597473,207258,57,2820,13365,100
2786590228711353,207258,57,2820,13365,100
2786590233826370,207258,57,2820,13365,100
2786590238940859,207258,57,2820,13365,100
2786590244055514,207258,57,2820,13365,100
2786590249170455,207258,57,2820,13365,100
2786590254286487,207258,57,2820,13365,100
2786590259401838,207258,57,2820,13365,100
2786590264518932,207258,57,2820,13365,100
2786590269634576,207258,57,2820,13365,100
2786590274751041,207258,57,2820,13365,100
2786590279866865,207258,57,2820,13365,100
2786590284983078,207258,57,2820,13365,100
2786590290122017,207258,57,2820,13365,100
2786590295238050,207258,57,2820,13365,100
2786590300354326,207258,57,2820,13365,100
2786590305470351,207258,57,2820,13365,100
2786590310585856,207258,57,2820,13365,100
2786590315702384,207258,57,2820,13365,100
2786590320819172,207258,57,2820,13365,100
2786590325936333,207258,57,2820,13365,100
2786590331052753,207258,57,2820,13365,100
2786590336169063,207258,57,2820,13365,100
2786590341285208,207258,57,2820,13365,100
2786590346401446,207258,57,2820,13365,100
2786590351519270,207258,57,2820,13365,100
2786590356635971,207258,57,2820,13365,100
2786590361752135,207258,57,2820,13365,100
2786590366868168,207258,57,2820,13365,100
2786590371984522,207258,57,2820,13365,100
2786590377124688,207258,57,2820,13365,100
2786590382240856,207258,57,2820,13365,100
2786590387356740,207258,57,2820,13365,100
2786590392472801,207258,57,2820,13365,100
2786590397589263,207258,57,2820,13365,100
2786590402705675,207258,57,2820,13365,100
2786590407823414,207258,57,2820,13365,100
2786590412939579,207258,57,2820,13365,100
2786590418055553,207258,57,2820,13365,100
2786590423171838,207258,57,2820,13365,100
2786590428289010,207258,57,2820,13365,100
2786590433405485,207258,57,2820,13365,100
2786590438523531,207258,57,2820,13365,100
2786590443640135,207258,57,2820,13365,100
2786590448757122,207258,57,2820,13365,100
2786590453874112,207258,57,2820,13365,100
2786590458991274,207258,57,2820,13365,100
2786590464130686,207258,57,2820,13365,100
2786590469247447,207258,57,2820,13365,100
2786590474364395,207258,57,2820,13365,100
2786590479482940,207258,57,2820,13365,100
2786590484600008,207258,57,2820,13365,100
2786590489717009,207258,57,2820,13365,100
2786590494834921,207258,57,2820,13365,100
2786590499952013,207258,57,2820,13365,100
2786590505068668,207258,57,2820,13365,100
2786590510185478,207258,57,2820,13365,100
2786590515302351,207258,57,2820,13365,100
2786590520419243,207258,57,2820,13365,100
2786590525536955,207258,57,2820,13365,100
2786590530655384,207258,57,2820,13365,100
2786590535772354,207258,57,2820,13365,100
2786590540889238,207258,57,2820,13365,100
2786590546028901,207258,57,2820,13365,100
2786590551145560,207258,57,2820,13365,100
2786590556262679,207258,57,2820,13365,100
2786590561379636,207258,57,2820,13365,100
2786590566496734,207258,57,2820,13365,100
2786590571613774,207258,57,2820,13365,100
2786590576730823,207258,57,2820,13365,100
2786590581849323,207258,57,2820,13365,100
2786590586966047,207258,57,2820,13365,100
2786590592083031,207258,57,2820,13365,100
2786590597199986,207258,57,2820,13365,100
2786590602317153,207258,57,2820,13365,100
2786590607434317,207258,57,2820,13365,100
2786590612551989,207258,57,2820,13365,100
2786590617669104,207258,57,2820,13365,100
2786590622786446,207258,57,2820,13365,100
2786590627903692,207258,57,2820,13365,100
2786590633022077,207258,57,2820,13365,100
2786590638139227,207258,57,2820,13365,100
2786590643256215,207258,57,2820,13365,100
2786590648374439,207243,57,2820,13365,100
2786590653491612,207243,57,2820,13365,100
2786590658608599,207243,57,2820,13365,100
2786590663726103,207243,57,2820,13365,100
2786590668843717,207243,57,2820,13365,100
2786590673960712,207243,57,2820,13365,100
2786590679079966,207243,57,2820,13365,100
2786590684198421,207243,57,2820,13365,100
2786590689315631,207243,57,2820,13365,100
2786590694432507,207243,57,2820,13365,100
2786590699549392,207243,57,2820,13365,100
2786590704677776,207243,57,2820,13365,100
2786590709794072,207243,57,2820,13365,100
2786590714911196,207243,57,2820,13365,100
2786590720028625,207243,57,2820,13365,100
2786590725145485,207243,57,2820,13365,100
2786590730262393,207243,57,2820,13365,100
2786590735381206,207243,57,2820,13365,100
2786590740498287,207243,57,2820,13365,100
2786590745615961,207243,57,2820,13365,100
2786590750733285,207243,57,2820,13365,100
2786590755850122,207243,57,2820,13365,100
2786590760984512,207243,57,2820,13365,100
2786590766123423,207243,57,2820,13365,100
2786590771240416,207243,57,2820,13365,100
2786590776357565,207243,57,2820,13365,100
2786590781474911,207243,57,2820,13365,100
2786590786593490,207243,57,2820,13365,100
2786590791710702,207243,57,2820,13365,100
2786590796827830,207243,57,2820,13365,100
2786590801945128,207243,57,2820,13365,100
2786590807062405,207243,57,2820,13365,100
2786590812179484,207243,57,2820,13365,100
2786590817296767,207243,57,2820,13365,100
2786590822414112,207243,57,2820,13365,100
2786590827530897,207243,57,2820,13365,100
2786590832647721,207243,57,2820,13365,100
2786590837766357,207243,57,2820,13365,100
2786590842883501,207243,57,2820,13365,100
2786590848020569,207243,57,2820,13365,100
2786590853137390,207243,57,2820,13365,100
2786590858254434,207243,57,2820,13365,100
2786590863371643,207243,57,2820,13365,100
2786590868489336,207243,57,2820,13365,100
2786590873606628,207243,57,2820,13365,100
2786590878723776,207243,57,2820,13365,100
2786590883840864,207243,57,2820,13365,100
2786590888959661,207243,57,2820,13365,100
2786590894076919,207243,57,2820,13365,100
2786590899194168,207243,57,2820,13365,100
2786590904311894,207243,57,2820,13365,100
2786590909428686,207243,57,2820,13365,100
2786590914545415,207243,57,2820,13365,100
2786590919662291,207243,57,2820,13365,100
2786590924779411,207243,57,2820,13365,100
2786590929896248,207243,57,2820,13365,100
2786590935033762,207243,57,2820,13365,100
2786590940157293,207243,57,2820,13365,100
2786590945274069,207243,57,2820,13365,100
2786590950391182,207243,57,2820,13365,100
2786590955508341,207243,57,2820,13365,100
2786590960625126,207243,57,2820,13365,100
2786590965742142,207243,57,2820,13365,100
2786590970860027,207243,57,2820,13365,100
2786590975977277,207243,57,2820,13365,100
2786590981094408,207243,57,2820,13365,100
2786590986211556,207243,57,2820,13365,100
2786590991329752,207243,57,2820,13365,100
2786590996446561,207243,57,2820,13365,100
2786591001564137,207243,57,2820,13365,100
2786591006681141,207243,57,2820,13365,100
2786591011798629,207243,57,2820,13365,100
2786591016915858,207243,57,2820,13365,100
2786591022032991,207243,57,2820,13365,100
2786591027150071,207243,57,2820,13365,100
2786591032267663,207243,57,2820,13365,100
2786591037384876,207243,57,2820,13365,100
2786591042503488,207243,57,2820,13365,100
2786591047620692,207243,57,2820,13365,100
2786591052738053,207243,57,2820,13365,100
2786591057855329,207243,57,2820,13365,100
2786591062972418,207243,57,2820,13365,100
2786591068091146,207243,57,2820,13365,100
2786591073208462,207243,57,2820,13365,100
2786591078325346,207243,57,2820,13365,100
2786591083442315,207243,57,2820,13365,100
2786591088559423,207243,57,2820,13365,100
2786591093677908,207243,57,2820,13365,100
2786591098795036,207243,57,2820,13365,100
2786591103912137,207243,57,2820,13365,100
2786591109029252,207243,57,2820,13365,100
2786591114146242,207243,57,2820,13365,100
2786591119263826,207243,57,2820,13365,100
2786591124380916,207243,57,2820,13365,100
2786591129498406,207243,57,2820,13365,100
2786591134615498,207243,57,2820,13365,100
2786591139732543,207243,57,2820,13365,100
2786591144850947,206972,57,2820,13365,100
2786591149967858,206972,57,2820,13365,100
2786591155085332,206972,57,2820,13365,100
2786591160202636,206972,57,2820,13365,100
2786591165319733,206972,57,2820,13365,100
2786591170436749,206972,57,2820,13365,100
2786591175553780,206972,57,2820,13365,100
2786591180670862,206972,57,2820,13365,100
2786591185787863,206972,57,2820,13365,100
2786591190905131,206972,57,2820,13365,100
2786591196023443,206972,57,2820,13365,100
2786591201140464,206972,57,2820,13365,100
2786591206257608,206972,57,2820,13365,100
2786591211374380,206972,57,2820,13365,100
2786591216491329,206972,57,2820,13365,100
2786591221608799,206972,57,2820,13365,100
2786591226725823,206972,57,2820,13365,100
2786591231843154,206972,57,2820,13365,100
2786591236960402,206972,57,2820,13365,100
2786591242077402,206972,57,2820,13365,100
2786591247196127,206972,57,2820,13365,100
2786591252312925,206972,57,2820,13365,100
2786591257430079,206972,57,2820,13365,100
2786591262546936,206972,57,2820,13365,100
2786591267664137,206972,57,2820,13365,100
2786591272781449,206972,57,2820,13365,100
2786591277898761,206972,57,2820,13365,100
2786591283036341,206972,57,2820,13365,100
2786591288153565,206972,57,2820,13365,100
2786591293270558,206972,57,2820,13365,100
2786591298389210,206972,57,2820,13365,100
2786591303506227,206972,57,2820,13365,100
2786591308622995,206972,57,2820,13365,100
2786591313739796,206972,57,2820,13365,100
2786591318857610,206972,57,2820,13365,100
2786591323975396,206972,57,2820,13365,100
2786591329092765,206972,57,2820,13365,100
2786591334210141,206972,57,2820,13365,100
2786591339327267,206972,57,2820,13365,100
2786591344444044,206972,57,2820,13365,100
2786591349563156,206972,57,2820,13365,100
2786591354680526,206972,57,2820,13365,100
2786591359797787,206972,57,2820,13365,100
2786591364915515,206972,57,2820,13365,100
2786591370033246,206972,57,2820,13365,100
2786591375150616,206972,57,2820,13365,100
2786591380267613,206972,57,2820,13365,100
2786591385384901,206972,57,2820,13365,100
2786591390501951,206972,57,2820,13365,100
2786591395619333,206972,57,2820,13365,100
2786591400738746,206972,57,2820,13365,100
2786591405856275,206972,57,2820,13365,100
2786591410973286,206972,57,2820,13365,100
2786591416125778,206972,57,2820,13365,100
2786591421242929,206972,57,2820,13365,100
2786591426359896,206972,57,2820,13365,100
2786591431477120,206972,57,2820,13365,100
2786591436594262,206972,57,2820,13365,100
2786591441711485,206972,57,2820,13365,100
2786591446829335,206972,57,2820,13365,100
2786591451948030,206972,57,2820,13365,100
2786591457065066,206972,57,2820,13365,100
2786591462182214,206972,57,2820,13365,100
2786591467298874,206972,57,2820,13365,100
2786591472415639,206972,57,2820,13365,100
2786591477531791,206972,57,2820,13365,100
2786591482648256,206972,57,2820,13365,100
2786591487764176,206972,57,2820,13365,100
2786591492878971,206972,57,2820,13365,100
2786591497993964,206972,57,2820,13365,100
2786591503128557,206972,57,2820,13365,100
2786591508243337,206972,57,2820,13365,100
2786591513358528,206972,57,2820,13365,100
2786591518474567,206972,57,2820,13365,100
2786591523590646,206972,57,2820,13365,100
2786591528707061,206972,57,2820,13365,100
2786591533824455,206972,57,2820,13365,100
2786591538941659,206972,57,2820,13365,100
2786591544058820,206972,57,2820,13365,100
2786591549175668,206972,57,2820,13365,100
2786591554294337,206972,57,2820,13365,100
2786591559411367,206972,57,2820,13365,100
2786591564529085,206972,57,2820,13365,100
2786591569646378,206972,57,2820,13365,100
2786591574763490,206972,57,2820,13365,100
2786591579880694,206972,57,2820,13365,100
2786591584997771,206972,57,2820,13365,100
2786591590139133,206972,57,2820,13365,100
2786591595257500,206972,57,2820,13365,100
2786591600375624,206972,57,2820,13365,100
2786591605486213,206972,57,2820,13365,100
2786591610549804,206972,57,2820,13365,100
2786591615607077,206972,57,2820,13365,100
2786591620664269,206972,57,2820,13365,100
2786591625721828,206972,57,2820,13365,100
2786591630778787,206972,57,2820,13365,100
2786591635835477,206972,57,2820,13365,100
2786591640892428,206972,57,2820,13365,100
2786591645950699,206775,57,2820,13365,100
2786591651009890,206775,57,2820,13365,100
2786591656068192,206775,57,2820,13365,100
2786591661125258,206775,57,2820,13365,100
2786591666181900,206775,57,2820,13365,100
2786591671238864,206775,57,2820,13365,100
2786591676295499,206775,57,2820,13365,100
2786591681352404,206775,57,2820,13365,100
2786591686409081,206775,57,2820,13365,100
2786591691466107,206775,57,2820,13365,100
2786591696522745,206775,57,2820,13365,100
2786591701578770,206775,57,2820,13365,100
2786591706634899,206775,57,2820,13365,100
2786591711690873,206775,57,2820,13365,100
2786591716746882,206775,57,2820,13365,100
2786591721802850,206775,57,2820,13365,100
2786591726859487,206775,57,2820,13365,100
2786591731915461,206775,57,2820,13365,100
2786591736971483,206775,57,2820,13365,100
2786591742027498,206775,57,2820,13365,100
2786591747083768,206775,57,2820,13365,100
2786591752140003,206775,57,2820,13365,100
2786591757198001,206775,57,2820,13365,100
2786591762254523,206775,57,2820,13365,100
2786591767310795,206775,57,2820,13365,100
2786591772367115,206775,57,2820,13365,100
2786591777423151,206775,57,2820,13365,100
2786591782479168,206775,57,2820,13365,100
2786591787535197,206775,57,2820,13365,100
2786591792592623,206775,57,2820,13365,100
2786591797648985,206775,57,2820,13365,100
2786591802705094,206775,57,2820,13365,100
2786591807761239,206775,57,2820,13365,100
2786591812817497,206775,57,2820,13365,100
2786591817873517,206775,57,2820,13365,100
2786591822930456,206775,57,2820,13365,100
2786591827986576,206775,57,2820,13365,100
2786591833042480,206775,57,2820,13365,100
2786591838098415,206775,57,2820,13365,100
2786591843154424,206775,57,2820,13365,100
2786591848210689,206775,57,2820,13365,100
2786591853267240,206775,57,2820,13365,100
2786591858324287,206775,57,2820,13365,100
2786591863380242,206775,57,2820,13365,100
2786591868436185,206775,57,2820,13365,100
2786591873492585,206775,57,2820,13365,100
2786591878548626,206775,57,2820,13365,100
2786591883604627,206775,57,2820,13365,100
2786591888661785,206775,57,2820,13365,100
2786591893717973,206775,57,2820,13365,100
2786591898774284,206775,57,2820,13365,100
2786591903832595,206775,57,2820,13365,100
2786591908889262,206775,57,2820,13365,100
2786591913945460,206775,57,2820,13365,100
2786591919001634,206775,57,2820,13365,100
2786591924057874,206775,57,2820,13365,100
2786591929113899,206775,57,2820,13365,100
2786591934169903,206775,57,2820,13365,100
2786591939225914,206775,57,2820,13365,100
2786591944281980,206775,57,2820,13365,100
2786591949338136,206775,57,2820,13365,100
2786591954395196,206775,57,2820,13365,100
2786591959451454,206775,57,2820,13365,100
2786591964507529,206775,57,2820,13365,100
2786591969563541,206775,57,2820,13365,100
2786591974619480,206775,57,2820,13365,100
2786591979675499,206775,57,2820,13365,100
2786591984732457,206775,57,2820,13365,100
2786591989788437,206775,57,2820,13365,100
2786591994844427,206775,57,2820,13365,100
2786591999900573,206775,57,2820,13365,100
2786592004958122,206775,57,2820,13365,100
2786592010014363,206775,57,2820,13365,100
2786592015070492,206775,57,2820,13365,100
2786592020127399,206775,57,2820,13365,100
2786592025183398,206775,57,2820,13365,100
2786592030239356,206775,57,2820,13365,100
2786592035295198,206775,57,2820,13365,100
2786592040351483,206775,57,2820,13365,100
2786592045407672,206775,57,2820,13365,100
2786592050464160,206775,57,2820,13365,100
2786592055520275,206775,57,2820,13365,100
2786592060576470,206775,57,2820,13365,100
2786592065640404,206775,57,2820,13365,100
2786592070698433,206775,57,2820,13365,100
2786592075754652,206775,57,2820,13365,100
2786592080810569,206775,57,2820,13365,100
2786592085867530,206775,57,2820,13365,100
2786592090923713,206775,57,2820,13365,100
2786592095979843,206775,57,2820,13365,100
2786592101036009,206775,57,2820,13365,100
2786592106093841,206775,57,2820,13365,100
2786592111151952,206775,57,2820,13365,100
2786592116211654,206775,57,2820,13365,100
2786592121269527,206775,57,2820,13365,100
2786592126328835,206775,57,2820,13365,100
2786592131387592,206775,57,2820,13365,100
2786592136446317,206775,57,2820,13365,100
2786592141505583,206775,57,2820,13365,100
2786592146565358,206763,57,2820,13365,100
2786592151625501,206763,57,2820,13365,100
2786592156683578,206763,57,2820,13365,100
2786592161742908,206763,57,2820,13365,100
2786592166803077,206763,57,2820,13365,100
2786592171861579,206763,57,2820,13365,100
2786592176920365,206763,57,2820,13365,100
2786592181980857,206763,57,2820,13365,100
2786592187039650,206763,57,2820,13365,100
2786592192098382,206763,57,2820,13365,100
2786592197158001,206763,57,2820,13365,100
2786592202214321,206763,57,2820,13365,100
2786592207270904,206763,57,2820,13365,100
2786592212327359,206763,57,2820,13365,100
2786592217383739,206763,57,2820,13365,100
2786592222439760,206763,57,2820,13365,100
2786592227496757,206763,57,2820,13365,100
2786592232552735,206763,57,2820,13365,100
2786592237608985,206763,57,2820,13365,100
2786592242664963,206763,57,2820,13365,100
2786592247721154,206763,57,2820,13365,100
2786592252777351,206763,57,2820,13365,100
2786592257833340,206763,57,2820,13365,100
2786592262890136,206763,57,2820,13365,100
2786592267946060,206763,57,2820,13365,100
2786592273001932,206763,57,2820,13365,100
2786592278056952,206763,57,2820,13365,100
2786592283114423,206763,57,2820,13365,100
2786592288181276,206763,57,2820,13365,100
2786592293237884,206763,57,2820,13365,100
2786592298293922,206763,57,2820,13365,100
2786592303349926,206763,57,2820,13365,100
2786592308405992,206763,57,2820,13365,100
2786592313462275,206763,57,2820,13365,100
2786592318518477,206763,57,2820,13365,100
2786592323574531,206763,57,2820,13365,100
2786592328631191,206763,57,2820,13365,100
2786592333687243,206763,57,2820,13365,100
2786592338743315,206763,57,2820,13365,100
2786592343799292,206763,57,2820,13365,100
2786592348855630,206763,57,2820,13365,100
2786592353912006,206763,57,2820,13365,100
2786592358969109,206763,57,2820,13365,100
2786592364025251,206763,57,2820,13365,100
2786592369082442,206763,57,2820,13365,100
2786592374139104,206763,57,2820,13365,100
2786592379195409,206763,57,2820,13365,100
2786592384251422,206763,57,2820,13365,100
2786592389307734,206763,57,2820,13365,100
2786592394364700,206763,57,2820,13365,100
2786592399420974,206763,57,2820,13365,100
2786592404477507,206763,57,2820,13365,100
2786592409533478,206763,57,2820,13365,100
2786592414589574,206763,57,2820,13365,100
2786592419645616,206763,57,2820,13365,100
2786592424702627,206763,57,2820,13365,100
2786592429758654,206763,57,2820,13365,100
2786592434815700,206763,57,2820,13365,100
2786592439872210,206763,57,2820,13365,100
2786592444928370,206763,57,2820,13365,100
2786592449984623,206763,57,2820,13365,100
2786592455040921,206763,57,2820,13365,100
2786592460097753,206763,57,2820,13365,100
2786592465153825,206763,57,2820,13365,100
2786592470209776,206763,57,2820,13365,100
2786592475265749,206763,57,2820,13365,100
2786592480321705,206763,57,2820,13365,100
2786592485377714,206763,57,2820,13365,100
2786592490434444,206763,57,2820,13365,100
2786592495490421,206763,57,2820,13365,100
2786592500546359,206763,57,2820,13365,100
2786592505602364,206763,57,2820,13365,100
2786592510658291,206763,57,2820,13365,100
2786592515714379,206763,57,2820,13365,100
2786592520770284,206763,57,2820,13365,100
2786592525827052,206763,57,2820,13365,100
2786592530883074,206763,57,2820,13365,100
2786592535939042,206763,57,2820,13365,100
2786592540995301,206763,57,2820,13365,100
2786592546051324,206763,57,2820,13365,100
2786592551107724,206763,57,2820,13365,100
2786592556164499,206763,57,2820,13365,100
2786592561220740,206763,57,2820,13365,100
2786592566276883,206763,57,2820,13365,100
2786592571333196,206763,57,2820,13365,100
2786592576389234,206763,57,2820,13365,100
2786592581445203,206763,57,2820,13365,100
2786592586501125,206763,57,2820,13365,100
2786592591557755,206763,57,2820,13365,100
2786592596614676,206763,57,2820,13365,100
2786592601671711,206763,57,2820,13365,100
2786592606727809,206763,57,2820,13365,100
2786592611784256,206763,57,2820,13365,100
2786592616840893,206763,57,2820,13365,100
2786592621897582,206763,57,2820,13365,100
2786592626953582,206763,57,2820,13365,100
2786592632009730,206763,57,2820,13365,100
2786592637065861,206763,57,2820,13365,100
2786592642121871,206763,57,2820,13365,100
2786592647179558,206768,57,2820,13365,100
2786592652236005,206768,57,2820,13365,100
2786592657292931,206768,57,2820,13365,100
2786592662350284,206768,57,2820,13365,100
2786592667409963,206768,57,2820,13365,100
2786592672468073,206768,57,2820,13365,100
2786592677525810,206768,57,2820,13365,100
2786592682582248,206768,57,2820,13365,100
2786592687638319,206768,57,2820,13365,100
2786592692695959,206768,57,2820,13365,100
2786592697753292,206768,57,2820,13365,100
2786592702810936,206768,57,2820,13365,100
2786592707868309,206768,57,2820,13365,100
2786592712929227,206768,57,2820,13365,100
2786592717986872,206768,57,2820,13365,100
2786592723043709,206768,57,2820,13365,100
2786592728101092,206768,57,2820,13365,100
2786592733157449,206768,57,2820,13365,100
2786592738214163,206768,57,2820,13365,100
2786592743271279,206768,57,2820,13365,100
2786592748328336,206768,57,2820,13365,100
2786592753385046,206768,57,2820,13365,100
2786592758441147,206768,57,2820,13365,100
2786592763497335,206768,57,2820,13365,100
2786592768553662,206768,57,2820,13365,100
2786592773609742,206768,57,2820,13365,100
2786592778665759,206768,57,2820,13365,100
2786592783722529,206768,57,2820,13365,100
2786592788778518,206768,57,2820,13365,100
2786592793834552,206768,57,2820,13365,100
2786592798890611,206768,57,2820,13365,100
2786592803946596,206768,57,2820,13365,100
2786592809004092,206768,57,2820,13365,100
2786592814060888,206768,57,2820,13365,100
2786592819117095,206768,57,2820,13365,100
2786592824173108,206768,57,2820,13365,100
2786592829229096,206768,57,2820,13365,100
2786592834284996,206768,57,2820,13365,100
2786592839341137,206768,57,2820,13365,100
2786592844397093,206768,57,2820,13365,100
2786592849454038,206768,57,2820,13365,100
2786592854510592,206768,57,2820,13365,100
2786592859566651,206768,57,2820,13365,100
2786592864622617,206768,57,2820,13365,100
2786592869678726,206768,57,2820,13365,100
2786592874734675,206768,57,2820,13365,100
2786592879791771,206768,57,2820,13365,100
2786592884847703,206768,57,2820,13365,100
2786592889903712,206768,57,2820,13365,100
2786592894959875,206768,57,2820,13365,100
2786592900015917,206768,57,2820,13365,100
2786592905072378,206768,57,2820,13365,100
2786592910128465,206768,57,2820,13365,100
2786592915184585,206768,57,2820,13365,100
2786592920240970,206768,57,2820,13365,100
2786592925296901,206768,57,2820,13365,100
2786592930352889,206768,57,2820,13365,100
2786592935408942,206768,57,2820,13365,100
2786592940464937,206768,57,2820,13365,100
2786592945521815,206768,57,2820,13365,100
2786592950577830,206768,57,2820,13365,100
2786592955634036,206768,57,2820,13365,100
2786592960690096,206768,57,2820,13365,100
2786592965746098,206768,57,2820,13365,100
2786592970802268,206768,57,2820,13365,100
2786592975859068,206768,57,2820,13365,100
2786592980915102,206768,57,2820,13365,100
2786592985971080,206768,57,2820,13365,100
2786592991027119,206768,57,2820,13365,100
2786592996083028,206768,57,2820,13365,100
2786593001138963,206768,57,2820,13365,100
2786593006195983,206768,57,2820,13365,100
2786593011255971,206768,57,2820,13365,100
2786593016312319,206768,57,2820,13365,100
2786593021370169,206768,57,2820,13365,100
2786593026426649,206768,57,2820,13365,100
2786593031482929,206768,57,2820,13365,100
2786593036538943,206768,57,2820,13365,100
2786593041595101,206768,57,2820,13365,100
2786593046651106,206768,57,2820,13365,100
2786593051707498,206768,57,2820,13365,100
2786593056764385,206768,57,2820,13365,100
2786593061820406,206768,57,2820,13365,100
2786593066877394,206768,57,2820,13365,100
2786593071934834,206768,57,2820,13365,100
2786593076991210,206768,57,2820,13365,100
2786593082047191,206768,57,2820,13365,100
2786593087104186,206768,57,2820,13365,100
2786593092160294,206768,57,2820,13365,100
2786593097216362,206768,57,2820,13365,100
2786593102272428,206768,57,2820,13365,100
2786593107328454,206768,57,2820,13365,100
2786593112384477,206768,57,2820,13365,100
2786593117440523,206768,57,2820,13365,100
2786593122500761,206768,57,2820,13365,100
2786593127556749,206768,57,2820,13365,100
2786593132612740,206768,57,2820,13365,100
2786593137668725,206768,57,2820,13365,100
2786593142724713,206768,57,2820,13365,100
2786593147780778,206725,57,2820,13365,100
2786593152837836,206725,57,2820,13365,100
2786593157893812,206725,57,2820,13365,100
2786593162949821,206725,57,2820,13365,100
2786593168005784,206725,57,2820,13365,100
2786593173062750,206725,57,2820,13365,100
2786593178118785,206725,57,2820,13365,100
2786593183175746,206725,57,2820,13365,100
2786593188232062,206725,57,2820,13365,100
2786593193288409,206725,57,2820,13365,100
2786593198344334,206725,57,2820,13365,100
2786593203400332,206725,57,2820,13365,100
2786593208457104,206725,57,2820,13365,100
2786593213513232,206725,57,2820,13365,100
2786593218569408,206725,57,2820,13365,100
2786593223625637,206725,57,2820,13365,100
2786593228681759,206725,57,2820,13365,100
2786593233738094,206725,57,2820,13365,100
2786593238794119,206725,57,2820,13365,100
2786593243850178,206725,57,2820,13365,100
2786593248907286,206725,57,2820,13365,100
2786593253963422,206725,57,2820,13365,100
2786593259019472,206725,57,2820,13365,100
2786593264075463,206725,57,2820,13365,100
2786593269131563,206725,57,2820,13365,100
2786593274187627,206725,57,2820,13365,100
2786593279244333,206725,57,2820,13365,100
2786593284300316,206725,57,2820,13365,100
2786593289356344,206725,57,2820,13365,100
2786593294412307,206725,57,2820,13365,100
2786593299468273,206725,57,2820,13365,100
2786593304524305,206725,57,2820,13365,100
2786593309580456,206725,57,2820,13365,100
2786593314640210,206725,57,2820,13365,100
2786593319696229,206725,57,2820,13365,100
2786593324752350,206725,57,2820,13365,100
2786593329808471,206725,57,2820,13365,100
2786593334864518,206725,57,2820,13365,100
2786593339920560,206725,57,2820,13365,100
2786593344977324,206725,57,2820,13365,100
2786593350033344,206725,57,2820,13365,100
2786593355089558,206725,57,2820,13365,100
2786593360149416,206725,57,2820,13365,100
2786593365205373,206725,57,2820,13365,100
2786593370261303,206725,57,2820,13365,100
2786593375317389,206725,57,2820,13365,100
2786593380373576,206725,57,2820,13365,100
2786593385429721,206725,57,2820,13365,100
2786593390485694,206725,57,2820,13365,100
2786593395541813,206725,57,2820,13365,100
2786593400597785,206725,57,2820,13365,100
2786593405653783,206725,57,2820,13365,100
2786593410710485,206725,57,2820,13365,100
2786593415766484,206725,57,2820,13365,100
2786593420823173,206725,57,2820,13365,100
2786593425879451,206725,57,2820,13365,100
2786593430935449,206725,57,2820,13365,100
2786593435991501,206725,57,2820,13365,100
2786593441048955,206725,57,2820,13365,100
2786593446105849,206725,57,2820,13365,100
2786593451162913,206725,57,2820,13365,100
2786593456222069,206725,57,2820,13365,100
2786593461278311,206725,57,2820,13365,100
2786593466334809,206725,57,2820,13365,100
2786593471390815,206725,57,2820,13365,100
2786593476452172,206725,57,2820,13365,100
2786593481508514,206725,57,2820,13365,100
2786593486564551,206725,57,2820,13365,100
2786593491620539,206725,57,2820,13365,100
2786593496676596,206725,57,2820,13365,100
2786593501732826,206725,57,2820,13365,100
2786593506789816,206725,57,2820,13365,100
2786593511845749,206725,57,2820,13365,100
2786593516903038,206725,57,2820,13365,100
2786593521959878,206725,57,2820,13365,100
2786593527016556,206725,57,2820,13365,100
2786593532072823,206725,57,2820,13365,100
2786593537129847,206725,57,2820,13365,100
2786593542185973,206725,57,2820,13365,100
2786593547241952,206725,57,2820,13365,100
2786593552298623,206725,57,2820,13365,100
2786593557354669,206725,57,2820,13365,100
2786593562410629,206725,57,2820,13365,100
2786593567466507,206725,57,2820,13365,100
2786593572522474,206725,57,2820,13365,100
2786593577578598,206725,57,2820,13365,100
2786593582635371,206725,57,2820,13365,100
2786593587692128,206725,57,2820,13365,100
2786593592749276,206725,57,2820,13365,100
2786593597806531,206725,57,2820,13365,100
2786593602867836,206725,57,2820,13365,100
2786593607925004,206725,57,2820,13365,100
2786593612981819,206725,57,2820,13365,100
2786593618038523,206725,57,2820,13365,100
2786593623096988,206725,57,2820,13365,100
2786593628155436,206725,57,2820,13365,100
2786593633213276,206725,57,2820,13365,100
2786593638270255,206725,57,2820,13365,100
2786593643327645,206725,57,2820,13365,100
2786593648385690,206588,57,2820,13365,100
2786593653444353,206588,57,2820,13365,100
2786593658501806,206588,57,2820,13365,100
2786593663559176,206588,57,2820,13365,100
2786593668616203,206588,57,2820,13365,100
2786593673673352,206588,57,2820,13365,100
2786593678730445,206588,57,2820,13365,100
2786593683787300,206588,57,2820,13365,100
2786593688844123,206588,57,2820,13365,100
2786593693900791,206588,57,2820,13365,100
2786593698957980,206588,57,2820,13365,100
2786593704014723,206588,57,2820,13365,100
2786593709071615,206588,57,2820,13365,100
2786593714129159,206588,57,2820,13365,100
2786593719185833,206588,57,2820,13365,100
2786593724243777,206588,57,2820,13365,100
2786593729300328,206588,57,2820,13365,100
2786593734356750,206588,57,2820,13365,100
2786593739413045,206588,57,2820,13365,100
2786593744469423,206588,57,2820,13365,100
2786593749525680,206588,57,2820,13365,100
2786593754582601,206588,57,2820,13365,100
2786593759639052,206588,57,2820,13365,100
2786593764695382,206588,57,2820,13365,100
2786593769751925,206588,57,2820,13365,100
2786593774808374,206588,57,2820,13365,100
2786593779864722,206588,57,2820,13365,100
2786593784921536,206588,57,2820,13365,100
2786593789977544,206588,57,2820,13365,100
2786593795033530,206588,57,2820,13365,100
2786593800090100,206588,57,2820,13365,100
2786593805146736,206588,57,2820,13365,100
2786593810203386,206588,57,2820,13365,100
2786593815260858,206588,57,2820,13365,100
2786593820317330,206588,57,2820,13365,100
2786593825373705,206588,57,2820,13365,100
2786593830430227,206588,57,2820,13365,100
2786593835486380,206588,57,2820,13365,100
2786593840542747,206588,57,2820,13365,100
2786593845599182,206588,57,2820,13365,100
2786593850655555,206588,57,2820,13365,100
2786593855712254,206588,57,2820,13365,100
2786593860768878,206588,57,2820,13365,100
2786593865826781,206588,57,2820,13365,100
2786593870883733,206588,57,2820,13365,100
2786593875940678,206588,57,2820,13365,100
2786593880998250,206588,57,2820,13365,100
2786593886060047,206588,57,2820,13365,100
2786593891116223,206588,57,2820,13365,100
2786593896172470,206588,57,2820,13365,100
2786593901228733,206588,57,2820,13365,100
2786593906285230,206588,57,2820,13365,100
2786593911341263,206588,57,2820,13365,100
2786593916398166,206588,57,2820,13365,100
2786593921454084,206588,57,2820,13365,100
2786593926509850,206588,57,2820,13365,100
2786593931565758,206588,57,2820,13365,100
2786593936621634,206588,57,2820,13365,100
2786593941678274,206588,57,2820,13365,100
2786593946734305,206588,57,2820,13365,100
2786593951790527,206588,57,2820,13365,100
2786593956846736,206588,57,2820,13365,100
2786593961902688,206588,57,2820,13365,100
2786593966958542,206588,57,2820,13365,100
2786593972014386,206588,57,2820,13365,100
2786593977070283,206588,57,2820,13365,100
2786593982126978,206588,57,2820,13365,100
2786593987182835,206588,57,2820,13365,100
2786593992238660,206588,57,2820,13365,100
2786593997294586,206588,57,2820,13365,100
2786594002350439,206588,57,2820,13365,100
2786594007408623,206588,57,2820,13365,100
2786594012465246,206588,57,2820,13365,100
2786594017523124,206588,57,2820,13365,100
2786594022581195,206588,57,2820,13365,100
2786594027639527,206588,57,2820,13365,100
2786594032697872,206588,57,2820,13365,100
2786594037755708,206588,57,2820,13365,100
2786594042813776,206588,57,2820,13365,100
2786594047872400,206588,57,2820,13365,100
2786594052930423,206588,57,2820,13365,100
2786594057988761,206588,57,2820,13365,100
2786594063046616,206588,57,2820,13365,100
2786594068104843,206588,57,2820,13365,100
2786594073164026,206588,57,2820,13365,100
2786594078222681,206588,57,2820,13365,100
2786594083280839,206588,57,2820,13365,100
2786594088339395,206588,57,2820,13365,100
2786594093397575,206588,57,2820,13365,100
2786594098457033,206588,57,2820,13365,100
2786594103514704,206588,57,2820,13365,100
2786594108572666,206588,57,2820,13365,100
2786594113631255,206588,57,2820,13365,100
2786594118689020,206588,57,2820,13365,100
2786594123746465,206588,57,2820,13365,100
2786594128803677,206588,57,2820,13365,100
2786594133861131,206588,57,2820,13365,100
2786594138918772,206588,57,2820,13365,100
2786594143976091,206588,57,2820,13365,100
2786594149033120,206717,57,2820,13365,100
2786594154091072,206717,57,2820,13365,100
2786594159149268,206717,57,2820,13365,100
2786594164206420,206717,57,2820,13365,100
2786594169263840,206717,57,2820,13365,100
2786594174320882,206717,57,2820,13365,100
2786594179377864,206717,57,2820,13365,100
2786594184435235,206717,57,2820,13365,100
2786594189492353,206717,57,2820,13365,100
2786594194549472,206717,57,2820,13365,100
2786594199606227,206717,57,2820,13365,100
2786594204662862,206717,57,2820,13365,100
2786594209720093,206717,57,2820,13365,100
2786594214776976,206717,57,2820,13365,100
2786594219835344,206717,57,2820,13365,100
2786594224892903,206717,57,2820,13365,100
2786594229950248,206717,57,2820,13365,100
2786594235007330,206717,57,2820,13365,100
2786594240064616,206717,57,2820,13365,100
2786594245122071,206717,57,2820,13365,100
2786594250180405,206717,57,2820,13365,100
2786594255237452,206717,57,2820,13365,100
2786594260294477,206717,57,2820,13365,100
2786594265351475,206717,57,2820,13365,100
2786594270408638,206717,57,2820,13365,100
2786594275465609,206717,57,2820,13365,100
2786594280522929,206717,57,2820,13365,100
2786594285581401,206717,57,2820,13365,100
2786594290638652,206717,57,2820,13365,100
2786594295696349,206717,57,2820,13365,100
2786594300753869,206717,57,2820,13365,100
2786594305810462,206717,57,2820,13365,100
2786594310866951,206717,57,2820,13365,100
2786594315923457,206717,57,2820,13365,100
2786594320980512,206717,57,2820,13365,100
2786594326037888,206717,57,2820,13365,100
2786594331094668,206717,57,2820,13365,100
2786594336152167,206717,57,2820,13365,100
2786594341210164,206717,57,2820,13365,100
2786594346267864,206717,57,2820,13365,100
2786594351325285,206717,57,2820,13365,100
2786594356382762,206717,57,2820,13365,100
2786594361439835,206717,57,2820,13365,100
2786594366498242,206717,57,2820,13365,100
2786594371555916,206717,57,2820,13365,100
2786594376612729,206717,57,2820,13365,100
2786594381669916,206717,57,2820,13365,100
2786594386727076,206717,57,2820,13365,100
2786594391784145,206717,57,2820,13365,100
2786594396841943,206717,57,2820,13365,100
2786594401899042,206717,57,2820,13365,100
2786594406956243,206717,57,2820,13365,100
2786594412012685,206717,57,2820,13365,100
2786594417069347,206717,57,2820,13365,100
2786594422126097,206717,57,2820,13365,100
2786594427184263,206717,57,2820,13365,100
2786594432241401,206717,57,2820,13365,100
2786594437298446,206717,57,2820,13365,100
2786594442355136,206717,57,2820,13365,100
2786594447412334,206717,57,2820,13365,100
2786594452471091,206717,57,2820,13365,100
2786594457528515,206717,57,2820,13365,100
2786594462586514,206717,57,2820,13365,100
2786594467643484,206717,57,2820,13365,100
2786594472700434,206717,57,2820,13365,100
2786594477757521,206717,57,2820,13365,100
2786594482814617,206717,57,2820,13365,100
2786594487871955,206717,57,2820,13365,100
2786594492928971,206717,57,2820,13365,100
2786594497985953,206717,57,2820,13365,100
2786594503042890,206717,57,2820,13365,100
2786594508100259,206717,57,2820,13365,100
2786594513158025,206717,57,2820,13365,100
2786594518214403,206717,57,2820,13365,100
2786594523270945,206717,57,2820,13365,100
2786594528329212,206717,57,2820,13365,100
2786594533387413,206717,57,2820,13365,100
2786594538444055,206717,57,2820,13365,100
2786594543500483,206717,57,2820,13365,100
2786594548557215,206717,57,2820,13365,100
2786594553613706,206717,57,2820,13365,100
2786594558670156,206717,57,2820,13365,100
2786594563726788,206717,57,2820,13365,100
2786594568783941,206717,57,2820,13365,100
2786594573840168,206717,57,2820,13365,100
2786594578896726,206717,57,2820,13365,100
2786594583952639,206717,57,2820,13365,100
2786594589008706,206717,57,2820,13365,100
2786594594064578,206717,57,2820,13365,100
2786594599120482,206717,57,2820,13365,100
2786594604177372,206717,57,2820,13365,100
2786594609234901,206717,57,2820,13365,100
2786594614292876,206717,57,2820,13365,100
2786594619351842,206717,57,2820,13365,100
2786594624410311,206717,57,2820,13365,100
2786594629467316,206717,57,2820,13365,100
2786594634523629,206717,57,2820,13365,100
2786594639580263,206717,57,2820,13365,100
2786594644638313,206717,57,2820,13365,100
2786594649695369,206861,57,2820,13365,100
2786594654755204,206861,57,2820,13365,100
2786594659812343,206861,57,2820,13365,100
2786594664868397,206861,57,2820,13365,100
2786594669925010,206861,57,2820,13365,100
2786594674981907,206861,57,2820,13365,100
2786594680037894,206861,57,2820,13365,100
2786594685093989,206861,57,2820,13365,100
2786594690150010,206861,57,2820,13365,100
2786594695206309,206861,57,2820,13365,100
2786594700262498,206861,57,2820,13365,100
2786594705318668,206861,57,2820,13365,100
2786594710374638,206861,57,2820,13365,100
2786594715430772,206861,57,2820,13365,100
2786594720487570,206861,57,2820,13365,100
2786594725544343,206861,57,2820,13365,100
2786594730600301,206861,57,2820,13365,100
2786594735656327,206861,57,2820,13365,100
2786594740712426,206861,57,2820,13365,100
2786594745768535,206861,57,2820,13365,100
2786594750825883,206861,57,2820,13365,100
2786594755881898,206861,57,2820,13365,100
2786594760938036,206861,57,2820,13365,100
2786594765994240,206861,57,2820,13365,100
2786594771050182,206861,57,2820,13365,100
2786594776106161,206861,57,2820,13365,100
2786594781162147,206861,57,2820,13365,100
2786594786218155,206861,57,2820,13365,100
2786594791275153,206861,57,2820,13365,100
2786594796331178,206861,57,2820,13365,100
2786594801387289,206861,57,2820,13365,100
2786594806443641,206861,57,2820,13365,100
2786594811499578,206861,57,2820,13365,100
2786594816555608,206861,57,2820,13365,100
2786594821612515,206861,57,2820,13365,100
2786594826668848,206861,57,2820,13365,100
2786594831724802,206861,57,2820,13365,100
2786594836780955,206861,57,2820,13365,100
2786594841837108,206861,57,2820,13365,100
2786594846893141,206861,57,2820,13365,100
2786594851949952,206861,57,2820,13365,100
2786594857006336,206861,57,2820,13365,100
2786594862062199,206861,57,2820,13365,100
2786594867117985,206861,57,2820,13365,100
2786594872176131,206861,57,2820,13365,100
2786594877234129,206861,57,2820,13365,100
2786594882289403,206861,57,2820,13365,100
2786594887347235,206861,57,2820,13365,100
2786594892405634,206861,57,2820,13365,100
2786594897462960,206861,57,2820,13365,100
2786594902519744,206861,57,2820,13365,100
2786594907576616,206861,57,2820,13365,100
2786594912633416,206861,57,2820,13365,100
2786594917690010,206861,57,2820,13365,100
2786594922746923,206861,57,2820,13365,100
2786594927803531,206861,57,2820,13365,100
2786594932860125,206861,57,2820,13365,100
2786594937917168,206861,57,2820,13365,100
2786594942975317,206861,57,2820,13365,100
2786594948033139,206861,57,2820,13365,100
2786594953090991,206861,57,2820,13365,100
2786594958149261,206861,57,2820,13365,100
2786594963205940,206861,57,2820,13365,100
2786594968262947,206861,57,2820,13365,100
2786594973319519,206861,57,2820,13365,100
2786594978375766,206861,57,2820,13365,100
2786594983431698,206861,57,2820,13365,100
2786594988487751,206861,57,2820,13365,100
2786594993544971,206861,57,2820,13365,100
2786594998603334,206861,57,2820,13365,100
2786595003661805,206861,57,2820,13365,100
2786595008719826,206861,57,2820,13365,100
2786595013776731,206861,57,2820,13365,100
2786595018834239,206861,57,2820,13365,100
2786595023891386,206861,57,2820,13365,100
2786595028949030,206861,57,2820,13365,100
2786595034006307,206861,57,2820,13365,100
2786595039063648,206861,57,2820,13365,100
2786595044121514,206861,57,2820,13365,100
2786595049179642,206861,57,2820,13365,100
2786595054236726,206861,57,2820,13365,100
2786595059294280,206861,57,2820,13365,100
2786595064351990,206861,57,2820,13365,100
2786595069409495,206861,57,2820,13365,100
2786595074466800,206861,57,2820,13365,100
2786595079524137,206861,57,2820,13365,100
2786595084581114,206861,57,2820,13365,100
2786595089638363,206861,57,2820,13365,100
2786595094695992,206861,57,2820,13365,100
2786595099752883,206861,57,2820,13365,100
2786595104810171,206861,57,2820,13365,100
2786595109867443,206861,57,2820,13365,100
2786595114926126,206861,57,2820,13365,100
2786595119983052,206861,57,2820,13365,100
2786595125040741,206861,57,2820,13365,100
2786595130097799,206861,57,2820,13365,100
2786595135155477,206861,57,2820,13365,100
2786595140212468,206861,57,2820,13365,100
2786595145270065,206768,57,2820,13365,100
2786595150327442,206768,57,2820,13365,100
2786595155384633,206768,57,2820,13365,100
2786595160441703,206768,57,2820,13365,100
2786595165498930,206768,57,2820,13365,100
2786595170555915,206768,57,2820,13365,100
2786595175612933,206768,57,2820,13365,100
2786595180670281,206768,57,2820,13365,100
2786595185726812,206768,57,2820,13365,100
2786595190783194,206768,57,2820,13365,100
2786595195839221,206768,57,2820,13365,100
2786595200895135,206768,57,2820,13365,100
2786595205950986,206768,57,2820,13365,100
2786595211006959,206768,57,2820,13365,100
2786595216063150,206768,57,2820,13365,100
2786595221120686,206768,57,2820,13365,100
2786595226176606,206768,57,2820,13365,100
2786595231232622,206768,57,2820,13365,100
2786595236288573,206768,57,2820,13365,100
2786595241344584,206768,57,2820,13365,100
2786595246401278,206768,57,2820,13365,100
2786595251457184,206768,57,2820,13365,100
2786595256513369,206768,57,2820,13365,100
2786595261569447,206768,57,2820,13365,100
2786595266625399,206768,57,2820,13365,100
2786595271681331,206768,57,2820,13365,100
2786595276737417,206768,57,2820,13365,100
2786595281793802,206768,57,2820,13365,100
2786595286849894,206768,57,2820,13365,100
2786595291905873,206768,57,2820,13365,100
2786595296961914,206768,57,2820,13365,100
2786595302019830,206768,57,2820,13365,100
2786595307075753,206768,57,2820,13365,100
2786595312132429,206768,57,2820,13365,100
2786595317188417,206768,57,2820,13365,100
2786595322244768,206768,57,2820,13365,100
2786595327300906,206768,57,2820,13365,100
2786595332357123,206768,57,2820,13365,100
2786595337413174,206768,57,2820,13365,100
2786595342470153,206768,57,2820,13365,100
2786595347526418,206768,57,2820,13365,100
2786595352582757,206768,57,2820,13365,100
2786595357639763,206768,57,2820,13365,100
2786595362696359,206768,57,2820,13365,100
2786595367752393,206768,57,2820,13365,100
2786595372808517,206768,57,2820,13365,100
2786595377864547,206768,57,2820,13365,100
2786595382920732,206768,57,2820,13365,100
2786595387976965,206768,57,2820,13365,100
2786595393033400,206768,57,2820,13365,100
2786595398089604,206768,57,2820,13365,100
2786595403145579,206768,57,2820,13365,100
2786595408201587,206768,57,2820,13365,100
2786595413257580,206768,57,2820,13365,100
2786595418313625,206768,57,2820,13365,100
2786595423370724,206768,57,2820,13365,100
2786595428426751,206768,57,2820,13365,100
2786595433482980,206768,57,2820,13365,100
2786595438538980,206768,57,2820,13365,100
2786595443595170,206768,57,2820,13365,100
2786595448651289,206768,57,2820,13365,100
2786595453708378,206768,57,2820,13365,100
2786595458766103,206768,57,2820,13365,100
2786595463822296,206768,57,2820,13365,100
2786595468878304,206768,57,2820,13365,100
2786595473934472,206768,57,2820,13365,100
2786595478990510,206768,57,2820,13365,100
2786595484046477,206768,57,2820,13365,100
2786595489102661,206768,57,2820,13365,100
2786595494158811,206768,57,2820,13365,100
2786595499214826,206768,57,2820,13365,100
2786595504271131,206768,57,2820,13365,100
2786595509327109,206768,57,2820,13365,100
2786595514383179,206768,57,2820,13365,100
2786595519439992,206768,57,2820,13365,100
2786595524495957,206768,57,2820,13365,100
2786595529551924,206768,57,2820,13365,100
2786595534607878,206768,57,2820,13365,100
2786595539663905,206768,57,2820,13365,100
2786595544720082,206768,57,2820,13365,100
2786595549776281,206768,57,2820,13365,100
2786595554832839,206768,57,2820,13365,100
2786595559890041,206768,57,2820,13365,100
2786595564947185,206768,57,2820,13365,100
2786595570006134,206768,57,2820,13365,100
2786595575062194,206768,57,2820,13365,100
2786595580118466,206768,57,2820,13365,100
2786595585175594,206768,57,2820,13365,100
2786595590232081,206768,57,2820,13365,100
2786595595288260,206768,57,2820,13365,100
2786595600344454,206768,57,2820,13365,100
2786595605400701,206768,57,2820,13365,100
2786595610457062,206768,57,2820,13365,100
2786595615514220,206768,57,2820,13365,100
2786595620570172,206768,57,2820,13365,100
2786595625626310,206768,57,2820,13365,100
2786595630682332,206768,57,2820,13365,100
2786595635738555,206768,57,2820,13365,100
2786595640796422,206768,57,2820,13365,100
2786595645854510,206945,57,2820,13365,100
2786595650912064,206945,57,2820,13365,100
2786595655968734,206945,57,2820,13365,100
2786595661024841,206945,57,2820,13365,100
2786595666081074,206945,57,2820,13365,100
2786595671137068,206945,57,2820,13365,100
2786595676194705,206945,57,2820,13365,100
2786595681256011,206945,57,2820,13365,100
2786595686312226,206945,57,2820,13365,100
2786595691368213,206945,57,2820,13365,100
2786595696424846,206945,57,2820,13365,100
2786595701480975,206945,57,2820,13365,100
2786595706536999,206945,57,2820,13365,100
2786595711592974,206945,57,2820,13365,100
2786595716649529,206945,57,2820,13365,100
2786595721705647,206945,57,2820,13365,100
2786595726762367,206945,57,2820,13365,100
2786595731818375,206945,57,2820,13365,100
2786595736874762,206945,57,2820,13365,100
2786595741930715,206945,57,2820,13365,100
2786595746987493,206945,57,2820,13365,100
2786595752043611,206945,57,2820,13365,100
2786595757099757,206945,57,2820,13365,100
2786595762155799,206945,57,2820,13365,100
2786595767211856,206945,57,2820,13365,100
2786595772267787,206945,57,2820,13365,100
2786595777324516,206945,57,2820,13365,100
2786595782380614,206945,57,2820,13365,100
2786595787436536,206945,57,2820,13365,100
2786595792492559,206945,57,2820,13365,100
2786595797548626,206945,57,2820,13365,100
2786595802604789,206945,57,2820,13365,100
2786595807661377,206945,57,2820,13365,100
2786595812718098,206945,57,2820,13365,100
2786595817774365,206945,57,2820,13365,100
2786595822830356,206945,57,2820,13365,100
2786595827886329,206945,57,2820,13365,100
2786595832942712,206945,57,2820,13365,100
2786595837998769,206945,57,2820,13365,100
2786595843062314,206945,57,2820,13365,100
2786595848118355,206945,57,2820,13365,100
2786595853175637,206945,57,2820,13365,100
2786595858231952,206945,57,2820,13365,100
2786595863287907,206945,57,2820,13365,100
2786595868343848,206945,57,2820,13365,100
2786595873400556,206945,57,2820,13365,100
2786595878456851,206945,57,2820,13365,100
2786595883512751,206945,57,2820,13365,100
2786595888569038,206945,57,2820,13365,100
2786595893625547,206945,57,2820,13365,100
2786595898682400,206945,57,2820,13365,100
2786595903738468,206945,57,2820,13365,100
2786595908795875,206945,57,2820,13365,100
2786595913852079,206945,57,2820,13365,100
2786595918908342,206945,57,2820,13365,100
2786595923964346,206945,57,2820,13365,100
2786595929021193,206945,57,2820,13365,100
2786595934077255,206945,57,2820,13365,100
2786595939133472,206945,57,2820,13365,100
2786595944189368,206945,57,2820,13365,100
2786595949262634,206945,57,2820,13365,100
2786595954318845,206945,57,2820,13365,100
2786595959374948,206945,57,2820,13365,100
2786595964431038,206945,57,2820,13365,100
2786595969487168,206945,57,2820,13365,100
2786595974543050,206945,57,2820,13365,100
2786595979599322,206945,57,2820,13365,100
2786595984655277,206945,57,2820,13365,100
2786595989711177,206945,57,2820,13365,100
2786595994767914,206945,57,2820,13365,100
2786595999823971,206945,57,2820,13365,100
2786596004880154,206945,57,2820,13365,100
2786596009936086,206945,57,2820,13365,100
2786596014992189,206945,57,2820,13365,100
2786596020048152,206945,57,2820,13365,100
2786596025104718,206945,57,2820,13365,100
2786596030160799,206945,57,2820,13365,100
2786596035217215,206945,57,2820,13365,100
2786596040273210,206945,57,2820,13365,100
2786596045329643,206945,57,2820,13365,100
2786596050386746,206945,57,2820,13365,100
2786596055442954,206945,57,2820,13365,100
2786596060499955,206945,57,2820,13365,100
2786596065557004,206945,57,2820,13365,100
2786596070613365,206945,57,2820,13365,100
2786596075671354,206945,57,2820,13365,100
2786596080727616,206945,57,2820,13365,100
2786596085783671,206945,57,2820,13365,100
2786596090840200,206945,57,2820,13365,100
2786596095896852,206945,57,2820,13365,100
2786596100952851,206945,57,2820,13365,100
2786596106008920,206945,57,2820,13365,100
2786596111064976,206945,57,2820,13365,100
2786596116121363,206945,57,2820,13365,100
2786596121179036,206945,57,2820,13365,100
2786596126235614,206945,57,2820,13365,100
2786596131291852,206945,57,2820,13365,100
2786596136347749,206945,57,2820,13365,100
2786596141403689,206945,57,2820,13365,100
2786596146459735,207168,57,2820,13365,100
2786596151516196,207168,57,2820,13365,100
2786596156572703,207168,57,2820,13365,100
2786596161628857,207168,57,2820,13365,100
2786596166684748,207168,57,2820,13365,100
2786596171740660,207168,57,2820,13365,100
2786596176796636,207168,57,2820,13365,100
2786596181852605,207168,57,2820,13365,100
2786596186909330,207168,57,2820,13365,100
2786596191965330,207168,57,2820,13365,100
2786596197021267,207168,57,2820,13365,100
2786596202077177,207168,57,2820,13365,100
2786596207133227,207168,57,2820,13365,100
2786596212189051,207168,57,2820,13365,100
2786596217245739,207168,57,2820,13365,100
2786596222301819,207168,57,2820,13365,100
2786596227357749,207168,57,2820,13365,100
2786596232414496,207168,57,2820,13365,100
2786596237470472,207168,57,2820,13365,100
2786596242526458,207168,57,2820,13365,100
2786596247582423,207168,57,2820,13365,100
2786596252639000,207168,57,2820,13365,100
2786596257695271,207168,57,2820,13365,100
2786596262751334,207168,57,2820,13365,100
2786596267807168,207168,57,2820,13365,100
2786596272863169,207168,57,2820,13365,100
2786596277920200,207168,57,2820,13365,100
2786596282977298,207168,57,2820,13365,100
2786596288033223,207168,57,2820,13365,100
2786596293089214,207168,57,2820,13365,100
2786596298145471,207168,57,2820,13365,100
2786596303201939,207168,57,2820,13365,100
2786596308258081,207168,57,2820,13365,100
2786596313314049,207168,57,2820,13365,100
2786596318371881,207168,57,2820,13365,100
2786596323427865,207168,57,2820,13365,100
2786596328483804,207168,57,2820,13365,100
2786596333540098,207168,57,2820,13365,100
2786596338596039,207168,57,2820,13365,100
2786596343652084,207168,57,2820,13365,100
2786596348708836,207168,57,2820,13365,100
2786596353765149,207168,57,2820,13365,100
2786596358821354,207168,57,2820,13365,100
2786596363878826,207168,57,2820,13365,100
2786596368935563,207168,57,2820,13365,100
2786596373991554,207168,57,2820,13365,100
2786596379047567,207168,57,2820,13365,100
2786596384104137,207168,57,2820,13365,100
2786596389160048,207168,57,2820,13365,100
2786596394215961,207168,57,2820,13365,100
2786596399271865,207168,57,2820,13365,100
2786596404327857,207168,57,2820,13365,100
2786596409383959,207168,57,2820,13365,100
2786596414440571,207168,57,2820,13365,100
2786596419496591,207168,57,2820,13365,100
2786596424552567,207168,57,2820,13365,100
2786596429608635,207168,57,2820,13365,100
2786596434664868,207168,57,2820,13365,100
2786596439720848,207168,57,2820,13365,100
2786596444776733,207168,57,2820,13365,100
2786596449833628,207168,57,2820,13365,100
2786596454889832,207168,57,2820,13365,100
2786596459946146,207168,57,2820,13365,100
2786596465002119,207168,57,2820,13365,100
2786596470058214,207168,57,2820,13365,100
2786596475114258,207168,57,2820,13365,100
2786596480171182,207168,57,2820,13365,100
2786596485227105,207168,57,2820,13365,100
2786596490283133,207168,57,2820,13365,100
2786596495339129,207168,57,2820,13365,100
2786596500395053,207168,57,2820,13365,100
2786596505451009,207168,57,2820,13365,100
2786596510507092,207168,57,2820,13365,100
2786596515563866,207168,57,2820,13365,100
2786596520619840,207168,57,2820,13365,100
2786596525675801,207168,57,2820,13365,100
2786596530731798,207168,57,2820,13365,100
2786596535787752,207168,57,2820,13365,100
2786596540843913,207168,57,2820,13365,100
2786596545900526,207168,57,2820,13365,100
2786596550956598,207168,57,2820,13365,100
2786596556012734,207168,57,2820,13365,100
2786596561069020,207168,57,2820,13365,100
2786596566124944,207168,57,2820,13365,100
2786596571180994,207168,57,2820,13365,100
2786596576236938,207168,57,2820,13365,100
2786596581293766,207168,57,2820,13365,100
2786596586349777,207168,57,2820,13365,100
2786596591405783,207168,57,2820,13365,100
2786596596466722,207168,57,2820,13365,100
2786596601524372,207168,57,2820,13365,100
2786596606583497,207168,57,2820,13365,100
2786596611640804,207168,57,2820,13365,100
2786596616698033,207168,57,2820,13365,100
2786596621754898,207168,57,2820,13365,100
2786596626811860,207168,57,2820,13365,100
2786596631868922,207168,57,2820,13365,100
2786596636924887,207168,57,2820,13365,100
2786596641981973,207168,57,2820,13365,100
2786596647039166,207104,57,2820,13365,100
2786596652098536,207104,57,2820,13365,100
2786596657155919,207104,57,2820,13365,100
2786596662212389,207104,57,2820,13365,100
2786596667269136,207104,57,2820,13365,100
2786596672325768,207104,57,2820,13365,100
2786596677382602,207104,57,2820,13365,100
2786596682439147,207104,57,2820,13365,100
2786596687496089,207104,57,2820,13365,100
2786596692552007,207104,57,2820,13365,100
2786596697608180,207104,57,2820,13365,100
2786596702664157,207104,57,2820,13365,100
2786596707720146,207104,57,2820,13365,100
2786596712776278,207104,57,2820,13365,100
2786596717833244,207104,57,2820,13365,100
2786596722889200,207104,57,2820,13365,100
2786596727945263,207104,57,2820,13365,100
2786596733001571,207104,57,2820,13365,100
2786596738057972,207104,57,2820,13365,100
2786596743113918,207104,57,2820,13365,100
2786596748169891,207104,57,2820,13365,100
2786596753226479,207104,57,2820,13365,100
2786596758282596,207104,57,2820,13365,100
2786596763338715,207104,57,2820,13365,100
2786596768394646,207104,57,2820,13365,100
2786596773450573,207104,57,2820,13365,100
2786596778506578,207104,57,2820,13365,100
2786596783563421,207104,57,2820,13365,100
2786596788619471,207104,57,2820,13365,100
2786596793676675,207104,57,2820,13365,100
2786596798732556,207104,57,2820,13365,100
2786596803789235,207104,57,2820,13365,100
2786596808845108,207104,57,2820,13365,100
2786596813901130,207104,57,2820,13365,100
2786596818958023,207104,57,2820,13365,100
2786596824013914,207104,57,2820,13365,100
2786596829069781,207104,57,2820,13365,100
2786596834125692,207104,57,2820,13365,100
2786596839181581,207104,57,2820,13365,100
2786596844237551,207104,57,2820,13365,100
2786596849294122,207104,57,2820,13365,100
2786596854350053,207104,57,2820,13365,100
2786596859406523,207104,57,2820,13365,100
2786596864462830,207104,57,2820,13365,100
2786596869518863,207104,57,2820,13365,100
2786596874574845,207104,57,2820,13365,100
2786596879630745,207104,57,2820,13365,100
2786596884687444,207104,57,2820,13365,100
2786596889744490,207104,57,2820,13365,100
2786596894800692,207104,57,2820,13365,100
2786596899856687,207104,57,2820,13365,100
2786596904914276,207104,57,2820,13365,100
2786596909970479,207104,57,2820,13365,100
2786596915026536,207104,57,2820,13365,100
2786596920082588,207104,57,2820,13365,100
2786596925138811,207104,57,2820,13365,100
2786596930194875,207104,57,2820,13365,100
2786596935250883,207104,57,2820,13365,100
2786596940306969,207104,57,2820,13365,100
2786596945362974,207104,57,2820,13365,100
2786596950418896,207104,57,2820,13365,100
2786596955475920,207104,57,2820,13365,100
2786596960531976,207104,57,2820,13365,100
2786596965588134,207104,57,2820,13365,100
2786596970644104,207104,57,2820,13365,100
2786596975700003,207104,57,2820,13365,100
2786596980755967,207104,57,2820,13365,100
2786596985811887,207104,57,2820,13365,100
2786596990868112,207104,57,2820,13365,100
2786596995924069,207104,57,2820,13365,100
2786597000980827,207104,57,2820,13365,100
2786597006037796,207104,57,2820,13365,100
2786597011094642,207104,57,2820,13365,100
2786597016150686,207104,57,2820,13365,100
2786597021207762,207104,57,2820,13365,100
2786597026263825,207104,57,2820,13365,100
2786597031319861,207104,57,2820,13365,100
2786597036375923,207104,57,2820,13365,100
2786597041432114,207104,57,2820,13365,100
2786597046488231,207104,57,2820,13365,100
2786597051544942,207104,57,2820,13365,100
2786597056601377,207104,57,2820,13365,100
2786597061657499,207104,57,2820,13365,100
2786597066713748,207104,57,2820,13365,100
2786597071769711,207104,57,2820,13365,100
2786597076827201,207104,57,2820,13365,100
2786597081883424,207104,57,2820,13365,100
2786597086939751,207104,57,2820,13365,100
2786597091995941,207104,57,2820,13365,100
2786597097052017,207104,57,2820,13365,100
2786597102108163,207104,57,2820,13365,100
2786597107164222,207104,57,2820,13365,100
2786597112220360,207104,57,2820,13365,100
2786597117277533,207104,57,2820,13365,100
2786597122333872,207104,57,2820,13365,100
2786597127389953,207104,57,2820,13365,100
2786597132446058,207104,57,2820,13365,100
2786597137502041,207104,57,2820,13365,100
2786597142558112,207104,57,2820,13365,100
2786597147614946,206909,57,2820,13365,100
2786597152671447,206909,57,2820,13365,100
2786597157729158,206909,57,2820,13365,100
2786597162785428,206909,57,2820,13365,100
2786597167841698,206909,57,2820,13365,100
2786597172897647,206909,57,2820,13365,100
2786597177953804,206909,57,2820,13365,100
2786597183010030,206909,57,2820,13365,100
2786597188066085,206909,57,2820,13365,100
2786597193122334,206909,57,2820,13365,100
2786597198178490,206909,57,2820,13365,100
2786597203234677,206909,57,2820,13365,100
2786597208290789,206909,57,2820,13365,100
2786597213347171,206909,57,2820,13365,100
2786597218403438,206909,57,2820,13365,100
2786597223460092,206909,57,2820,13365,100
2786597228516124,206909,57,2820,13365,100
2786597233572150,206909,57,2820,13365,100
2786597238629153,206909,57,2820,13365,100
2786597243687927,206909,57,2820,13365,100
2786597248743946,206909,57,2820,13365,100
2786597253800904,206909,57,2820,13365,100
2786597258858129,206909,57,2820,13365,100
2786597263914506,206909,57,2820,13365,100
2786597268971515,206909,57,2820,13365,100
2786597274027553,206909,57,2820,13365,100
2786597279083499,206909,57,2820,13365,100
2786597284139513,206909,57,2820,13365,100
2786597289195643,206909,57,2820,13365,100
2786597294252564,206909,57,2820,13365,100
2786597299308729,206909,57,2820,13365,100
2786597304364918,206909,57,2820,13365,100
2786597309421183,206909,57,2820,13365,100
2786597314477172,206909,57,2820,13365,100
2786597319533392,206909,57,2820,13365,100
2786597324590200,206909,57,2820,13365,100
2786597329646266,206909,57,2820,13365,100
2786597334702383,206909,57,2820,13365,100
2786597339758483,206909,57,2820,13365,100
2786597344814713,206909,57,2820,13365,100
2786597349870764,206909,57,2820,13365,100
2786597354926823,206909,57,2820,13365,100
2786597359983444,206909,57,2820,13365,100
2786597365039652,206909,57,2820,13365,100
2786597370096827,206909,57,2820,13365,100
2786597375153601,206909,57,2820,13365,100
2786597380209741,206909,57,2820,13365,100
2786597385265815,206909,57,2820,13365,100
2786597390322958,206909,57,2820,13365,100
2786597395379134,206909,57,2820,13365,100
2786597400435185,206909,57,2820,13365,100
2786597405491340,206909,57,2820,13365,100
2786597410547446,206909,57,2820,13365,100
2786597415603475,206909,57,2820,13365,100
2786597420659642,206909,57,2820,13365,100
2786597425715940,206909,57,2820,13365,100
2786597430772105,206909,57,2820,13365,100
2786597435828295,206909,57,2820,13365,100
2786597440884798,206909,57,2820,13365,100
2786597445940827,206909,57,2820,13365,100
2786597450996911,206909,57,2820,13365,100
2786597456053918,206909,57,2820,13365,100
2786597461112409,206909,57,2820,13365,100
2786597466168860,206909,57,2820,13365,100
2786597471225110,206909,57,2820,13365,100
2786597476281067,206909,57,2820,13365,100
2786597481337336,206909,57,2820,13365,100
2786597486394214,206909,57,2820,13365,100
2786597491450287,206909,57,2820,13365,100
2786597496506327,206909,57,2820,13365,100
2786597501562757,206909,57,2820,13365,100
2786597506619339,206909,57,2820,13365,100
2786597511675635,206909,57,2820,13365,100
2786597516731737,206909,57,2820,13365,100
2786597521788745,206909,57,2820,13365,100
2786597526845220,206909,57,2820,13365,100
2786597531902730,206909,57,2820,13365,100
2786597536959878,206909,57,2820,13365,100
2786597542016244,206909,57,2820,13365,100
2786597547072389,206909,57,2820,13365,100
2786597552129029,206909,57,2820,13365,100
2786597557185299,206909,57,2820,13365,100
2786597562241594,206909,57,2820,13365,100
2786597567297732,206909,57,2820,13365,100
2786597572353960,206909,57,2820,13365,100
2786597577410051,206909,57,2820,13365,100
2786597582466086,206909,57,2820,13365,100
2786597587522790,206909,57,2820,13365,100
2786597592578836,206909,57,2820,13365,100
2786597597636246,206909,57,2820,13365,100
2786597602692733,206909,57,2820,13365,100
2786597607748954,206909,57,2820,13365,100
2786597612804952,206909,57,2820,13365,100
2786597617861961,206909,57,2820,13365,100
2786597622918979,206909,57,2820,13365,100
2786597627975996,206909,57,2820,13365,100
2786597633032054,206909,57,2820,13365,100
2786597638088061,206909,57,2820,13365,100
2786597643144090,206909,57,2820,13365,100
2786597648200164,206826,57,2820,13365,100
2786597653256485,206826,57,2820,13365,100
2786597658315744,206826,57,2820,13365,100
2786597663373913,206826,57,2820,13365,100
2786597668431672,206826,57,2820,13365,100
2786597673488436,206826,57,2820,13365,100
2786597678544885,206826,57,2820,13365,100
2786597683601387,206826,57,2820,13365,100
2786597688657765,206826,57,2820,13365,100
2786597693714732,206826,57,2820,13365,100
2786597698771833,206826,57,2820,13365,100
2786597703827883,206826,57,2820,13365,100
2786597708883864,206826,57,2820,13365,100
2786597713939823,206826,57,2820,13365,100
2786597718995808,206826,57,2820,13365,100
2786597724051957,206826,57,2820,13365,100
2786597729108004,206826,57,2820,13365,100
2786597734164870,206826,57,2820,13365,100
2786597739220907,206826,57,2820,13365,100
2786597744277712,206826,57,2820,13365,100
2786597749333822,206826,57,2820,13365,100
2786597754390694,206826,57,2820,13365,100
2786597759447087,206826,57,2820,13365,100
2786597764503176,206826,57,2820,13365,100
2786597769559215,206826,57,2820,13365,100
2786597774615407,206826,57,2820,13365,100
2786597779671756,206826,57,2820,13365,100
2786597784728693,206826,57,2820,13365,100
2786597789784939,206826,57,2820,13365,100
2786597794841071,206826,57,2820,13365,100
2786597799897198,206826,57,2820,13365,100
2786597804953283,206826,57,2820,13365,100
2786597810009334,206826,57,2820,13365,100
2786597815065444,206826,57,2820,13365,100
2786597820122061,206826,57,2820,13365,100
2786597825178363,206826,57,2820,13365,100
2786597830234559,206826,57,2820,13365,100
2786597835290666,206826,57,2820,13365,100
2786597840346965,206826,57,2820,13365,100
2786597845403074,206826,57,2820,13365,100
2786597850459909,206826,57,2820,13365,100
2786597855517137,206826,57,2820,13365,100
2786597860573693,206826,57,2820,13365,100
2786597865629851,206826,57,2820,13365,100
2786597870685897,206826,57,2820,13365,100
2786597875742044,206826,57,2820,13365,100
2786597880799006,206826,57,2820,13365,100
2786597885855533,206826,57,2820,13365,100
2786597890914737,206826,57,2820,13365,100
2786597895970771,206826,57,2820,13365,100
2786597901026723,206826,57,2820,13365,100
2786597906085024,206826,57,2820,13365,100
2786597911141424,206826,57,2820,13365,100
2786597916198158,206826,57,2820,13365,100
2786597921254433,206826,57,2820,13365,100
2786597926310913,206826,57,2820,13365,100
2786597931366944,206826,57,2820,13365,100
2786597936422958,206826,57,2820,13365,100
2786597941478455,206826,57,2820,13365,100
2786597946535955,206826,57,2820,13365,100
2786597951592097,206826,57,2820,13365,100
2786597956648696,206826,57,2820,13365,100
2786597961705099,206826,57,2820,13365,100
2786597966761352,206826,57,2820,13365,100
2786597971818675,206826,57,2820,13365,100
2786597976875654,206826,57,2820,13365,100
2786597981931617,206826,57,2820,13365,100
2786597986987609,206826,57,2820,13365,100
2786597992043657,206826,57,2820,13365,100
2786597997099623,206826,57,2820,13365,100
2786598002155715,206826,57,2820,13365,100
2786598007212280,206826,57,2820,13365,100
2786598012269111,206826,57,2820,13365,100
2786598017325117,206826,57,2820,13365,100
2786598022381463,206826,57,2820,13365,100
2786598027437556,206826,57,2820,13365,100
2786598032493597,206826,57,2820,13365,100
2786598037549604,206826,57,2820,13365,100
2786598042606670,206826,57,2820,13365,100
2786598047662657,206826,57,2820,13365,100
2786598052718716,206826,57,2820,13365,100
2786598057774967,206826,57,2820,13365,100
2786598062831070,206826,57,2820,13365,100
2786598067887162,206826,57,2820,13365,100
2786598072943712,206826,57,2820,13365,100
2786598078005977,206826,57,2820,13365,100
2786598083062450,206826,57,2820,13365,100
2786598088118404,206826,57,2820,13365,100
2786598093174373,206826,57,2820,13365,100
2786598098230351,206826,57,2820,13365,100
2786598103286370,206826,57,2820,13365,100
2786598108342374,206826,57,2820,13365,100
2786598113399271,206826,57,2820,13365,100
2786598118455767,206826,57,2820,13365,100
2786598123511766,206826,57,2820,13365,100
2786598128567856,206826,57,2820,13365,100
2786598133623808,206826,57,2820,13365,100
2786598138679777,206826,57,2820,13365,100
2786598143736311,206826,57,2820,13365,100
2786598148792334,206781,57,2820,13365,100
2786598153848669,206781,57,2820,13365,100
2786598158904705,206781,57,2820,13365,100
2786598163960877,206781,57,2820,13365,100
2786598169017177,206781,57,2820,13365,100
2786598174073172,206781,57,2820,13365,100
2786598179130253,206781,57,2820,13365,100
2786598184186223,206781,57,2820,13365,100
2786598189242259,206781,57,2820,13365,100
2786598194298254,206781,57,2820,13365,100
2786598199354332,206781,57,2820,13365,100
2786598204410315,206781,57,2820,13365,100
2786598209466934,206781,57,2820,13365,100
2786598214522988,206781,57,2820,13365,100
2786598219578925,206781,57,2820,13365,100
2786598224634923,206781,57,2820,13365,100
2786598229691059,206781,57,2820,13365,100
2786598234747021,206781,57,2820,13365,100
2786598239803017,206781,57,2820,13365,100
2786598244859588,206781,57,2820,13365,100
2786598249916708,206781,57,2820,13365,100
2786598254972762,206781,57,2820,13365,100
2786598260028915,206781,57,2820,13365,100
2786598265085137,206781,57,2820,13365,100
2786598270141237,206781,57,2820,13365,100
2786598275198127,206781,57,2820,13365,100
2786598280254549,206781,57,2820,13365,100
2786598285310813,206781,57,2820,13365,100
2786598290366955,206781,57,2820,13365,100
2786598295422966,206781,57,2820,13365,100
2786598300478907,206781,57,2820,13365,100
2786598305535950,206781,57,2820,13365,100
2786598310592046,206781,57,2820,13365,100
2786598315648046,206781,57,2820,13365,100
2786598320704388,206781,57,2820,13365,100
2786598325760613,206781,57,2820,13365,100
2786598330816902,206781,57,2820,13365,100
2786598335872855,206781,57,2820,13365,100
2786598340929267,206781,57,2820,13365,100
2786598345985435,206781,57,2820,13365,100
2786598351041453,206781,57,2820,13365,100
2786598356097435,206781,57,2820,13365,100
2786598361153702,206781,57,2820,13365,100
2786598366210098,206781,57,2820,13365,100
2786598371266777,206781,57,2820,13365,100
2786598376322812,206781,57,2820,13365,100
2786598381378987,206781,57,2820,13365,100
2786598386435070,206781,57,2820,13365,100
2786598391491117,206781,57,2820,13365,100
2786598396547340,206781,57,2820,13365,100
2786598401603510,206781,57,2820,13365,100
2786598406660851,206781,57,2820,13365,100
2786598411716912,206781,57,2820,13365,100
2786598416772970,206781,57,2820,13365,100
2786598421829058,206781,57,2820,13365,100
2786598426884943,206781,57,2820,13365,100
2786598431941019,206781,57,2820,13365,100
2786598436998202,206781,57,2820,13365,100
2786598442057929,206781,57,2820,13365,100
2786598447113989,206781,57,2820,13365,100
2786598452169970,206781,57,2820,13365,100
2786598457226025,206781,57,2820,13365,100
2786598462282178,206781,57,2820,13365,100
2786598467338218,206781,57,2820,13365,100
2786598472395982,206781,57,2820,13365,100
2786598477453576,206781,57,2820,13365,100
2786598482509866,206781,57,2820,13365,100
2786598487565895,206781,57,2820,13365,100
2786598492621877,206781,57,2820,13365,100
2786598497677811,206781,57,2820,13365,100
2786598502733775,206781,57,2820,13365,100
2786598507790021,206781,57,2820,13365,100
2786598512846162,206781,57,2820,13365,100
2786598517902158,206781,57,2820,13365,100
2786598522958206,206781,57,2820,13365,100
2786598528014249,206781,57,2820,13365,100
2786598533070452,206781,57,2820,13365,100
2786598538130156,206781,57,2820,13365,100
2786598543186304,206781,57,2820,13365,100
2786598548242749,206781,57,2820,13365,100
2786598553298753,206781,57,2820,13365,100
2786598558354844,206781,57,2820,13365,100
2786598563410971,206781,57,2820,13365,100
2786598568467727,206781,57,2820,13365,100
2786598573523703,206781,57,2820,13365,100
2786598578579728,206781,57,2820,13365,100
2786598583635871,206781,57,2820,13365,100
2786598588691759,206781,57,2820,13365,100
2786598593747893,206781,57,2820,13365,100
2786598598804509,206781,57,2820,13365,100
2786598603860806,206781,57,2820,13365,100
2786598608917008,206781,57,2820,13365,100
2786598613973262,206781,57,2820,13365,100
2786598619030735,206781,57,2820,13365,100
2786598624087353,206781,57,2820,13365,100
2786598629144216,206781,57,2820,13365,100
2786598634201144,206781,57,2820,13365,100
2786598639257187,206781,57,2820,13365,100
2786598644313191,206781,57,2820,13365,100
2786598649369281,206552,57,2820,13365,100
2786598654425640,206552,57,2820,13365,100
2786598659481838,206552,57,2820,13365,100
2786598664542922,206552,57,2820,13365,100
2786598669600079,206552,57,2820,13365,100
2786598674656986,206552,57,2820,13365,100
2786598679713318,206552,57,2820,13365,100
2786598684769488,206552,57,2820,13365,100
2786598689825398,206552,57,2820,13365,100
2786598694881376,206552,57,2820,13365,100
2786598699938227,206552,57,2820,13365,100
2786598704994276,206552,57,2820,13365,100
2786598710050286,206552,57,2820,13365,100
2786598715106398,206552,57,2820,13365,100
2786598720162904,206552,57,2820,13365,100
2786598725218847,206552,57,2820,13365,100
2786598730275771,206552,57,2820,13365,100
2786598735331963,206552,57,2820,13365,100
2786598740387927,206552,57,2820,13365,100
2786598745443993,206552,57,2820,13365,100
2786598750500795,206552,57,2820,13365,100
2786598755556725,206552,57,2820,13365,100
2786598760613099,206552,57,2820,13365,100
2786598765669796,206552,57,2820,13365,100
2786598770725767,206552,57,2820,13365,100
2786598775781611,206552,57,2820,13365,100
2786598780837678,206552,57,2820,13365,100
2786598785893775,206552,57,2820,13365,100
2786598790950134,206552,57,2820,13365,100
2786598796006698,206552,57,2820,13365,100
2786598801062624,206552,57,2820,13365,100
2786598806118966,206552,57,2820,13365,100
2786598811174923,206552,57,2820,13365,100
2786598816230823,206552,57,2820,13365,100
2786598821286817,206552,57,2820,13365,100
2786598826342775,206552,57,2820,13365,100
2786598831399170,206552,57,2820,13365,100
2786598836455532,206552,57,2820,13365,100
2786598841511497,206552,57,2820,13365,100
2786598846567528,206552,57,2820,13365,100
2786598851623480,206552,57,2820,13365,100
2786598856679465,206552,57,2820,13365,100
2786598861736189,206552,57,2820,13365,100
2786598866792210,206552,57,2820,13365,100
2786598871848196,206552,57,2820,13365,100
2786598876904185,206552,57,2820,13365,100
2786598881960354,206552,57,2820,13365,100
2786598887016713,206552,57,2820,13365,100
2786598892073321,206552,57,2820,13365,100
2786598897129355,206552,57,2820,13365,100
2786598902185378,206552,57,2820,13365,100
2786598907243056,206552,57,2820,13365,100
2786598912299646,206552,57,2820,13365,100
2786598917355581,206552,57,2820,13365,100
2786598922411463,206552,57,2820,13365,100
2786598927472982,206552,57,2820,13365,100
2786598932529091,206552,57,2820,13365,100
2786598937585121,206552,57,2820,13365,100
2786598942641114,206552,57,2820,13365,100
2786598947697082,206552,57,2820,13365,100
2786598952753174,206552,57,2820,13365,100
2786598957810296,206552,57,2820,13365,100
2786598962866514,206552,57,2820,13365,100
2786598967922824,206552,57,2820,13365,100
2786598972980402,206552,57,2820,13365,100
2786598978037065,206552,57,2820,13365,100
2786598983093410,206552,57,2820,13365,100
2786598988151679,206552,57,2820,13365,100
2786598993207645,206552,57,2820,13365,100
2786598998263679,206552,57,2820,13365,100
2786599003319737,206552,57,2820,13365,100
2786599008376274,206552,57,2820,13365,100
2786599013432389,206552,57,2820,13365,100
2786599018488369,206552,57,2820,13365,100
2786599023545054,206552,57,2820,13365,100
2786599028601026,206552,57,2820,13365,100
2786599033657142,206552,57,2820,13365,100
2786599038713815,206552,57,2820,13365,100
2786599043769862,206552,57,2820,13365,100
2786599048825959,206552,57,2820,13365,100
2786599053882493,206552,57,2820,13365,100
2786599058939026,206552,57,2820,13365,100
2786599063995171,206552,57,2820,13365,100
2786599069051186,206552,57,2820,13365,100
2786599074107377,206552,57,2820,13365,100
2786599079164093,206552,57,2820,13365,100
2786599084220151,206552,57,2820,13365,100
2786599089277013,206552,57,2820,13365,100
2786599094333051,206552,57,2820,13365,100
2786599099389230,206552,57,2820,13365,100
2786599104445216,206552,57,2820,13365,100
2786599109501885,206552,57,2820,13365,100
2786599114557968,206552,57,2820,13365,100
2786599119614960,206552,57,2820,13365,100
2786599124671030,206552,57,2820,13365,100
2786599129727197,206552,57,2820,13365,100
2786599134783169,206552,57,2820,13365,100
2786599139839249,206552,57,2820,13365,100
2786599144895154,206329,57,2820,13365,100
2786599149951611,206329,57,2820,13365,100
2786599155008708,206329,57,2820,13365,100
2786599160064885,206329,57,2820,13365,100
2786599165121200,206329,57,2820,13365,100
2786599170177304,206329,57,2820,13365,100
2786599175233629,206329,57,2820,13365,100
2786599180289607,206329,57,2820,13365,100
2786599185348873,206329,57,2820,13365,100
2786599190404951,206329,57,2820,13365,100
2786599195460931,206329,57,2820,13365,100
2786599200516793,206329,57,2820,13365,100
2786599205572807,206329,57,2820,13365,100
2786599210628803,206329,57,2820,13365,100
2786599215684650,206329,57,2820,13365,100
2786599220741379,206329,57,2820,13365,100
2786599225797591,206329,57,2820,13365,100
2786599230853870,206329,57,2820,13365,100
2786599235910010,206329,57,2820,13365,100
2786599240966021,206329,57,2820,13365,100
2786599246021953,206329,57,2820,13365,100
2786599251078642,206329,57,2820,13365,100
2786599256135444,206329,57,2820,13365,100
2786599261192701,206329,57,2820,13365,100
2786599266248775,206329,57,2820,13365,100
2786599271304770,206329,57,2820,13365,100
2786599276360642,206329,57,2820,13365,100
2786599281416633,206329,57,2820,13365,100
2786599286473316,206329,57,2820,13365,100
2786599291529434,206329,57,2820,13365,100
2786599296585566,206329,57,2820,13365,100
2786599301641550,206329,57,2820,13365,100
2786599306698046,206329,57,2820,13365,100
2786599311753966,206329,57,2820,13365,100
2786599316810770,206329,57,2820,13365,100
2786599321867187,206329,57,2820,13365,100
2786599326923627,206329,57,2820,13365,100
2786599331980143,206329,57,2820,13365,100
2786599337036496,206329,57,2820,13365,100
2786599342093124,206329,57,2820,13365,100
2786599347149579,206329,57,2820,13365,100
2786599352206464,206329,57,2820,13365,100
2786599357262939,206329,57,2820,13365,100
2786599362319372,206329,57,2820,13365,100
2786599367375861,206329,57,2820,13365,100
2786599372431934,206329,57,2820,13365,100
2786599377487867,206329,57,2820,13365,100
2786599382544682,206329,57,2820,13365,100
2786599387600634,206329,57,2820,13365,100
2786599392656743,206329,57,2820,13365,100
2786599397712678,206329,57,2820,13365,100
2786599402768657,206329,57,2820,13365,100
2786599407824736,206329,57,2820,13365,100
2786599412880695,206329,57,2820,13365,100
2786599417937326,206329,57,2820,13365,100
2786599422993274,206329,57,2820,13365,100
2786599428049443,206329,57,2820,13365,100
2786599433105430,206329,57,2820,13365,100
2786599438161306,206329,57,2820,13365,100
2786599443217315,206329,57,2820,13365,100
2786599448274006,206329,57,2820,13365,100
2786599453329976,206329,57,2820,13365,100
2786599458388847,206329,57,2820,13365,100
2786599463447898,206329,57,2820,13365,100
2786599468503950,206329,57,2820,13365,100
2786599473561155,206329,57,2820,13365,100
2786599478617863,206329,57,2820,13365,100
2786599483674407,206329,57,2820,13365,100
2786599488730410,206329,57,2820,13365,100
2786599493787421,206329,57,2820,13365,100
2786599498843354,206329,57,2820,13365,100
2786599503899358,206329,57,2820,13365,100
2786599508955342,206329,57,2820,13365,100
2786599514011340,206329,57,2820,13365,100
2786599519067223,206329,57,2820,13365,100
2786599524125779,206329,57,2820,13365,100
2786599529181855,206329,57,2820,13365,100
2786599534237844,206329,57,2820,13365,100
2786599539293858,206329,57,2820,13365,100
2786599544350210,206329,57,2820,13365,100
2786599549406271,206329,57,2820,13365,100
2786599554462356,206329,57,2820,13365,100
2786599559519322,206329,57,2820,13365,100
2786599564576965,206329,57,2820,13365,100
2786599569633554,206329,57,2820,13365,100
2786599574689978,206329,57,2820,13365,100
2786599579746382,206329,57,2820,13365,100
2786599584802888,206329,57,2820,13365,100
2786599589860589,206329,57,2820,13365,100
2786599594917705,206329,57,2820,13365,100
2786599599974119,206329,57,2820,13365,100
2786599605030474,206329,57,2820,13365,100
2786599610086609,206329,57,2820,13365,100
2786599615143329,206329,57,2820,13365,100
2786599620199753,206329,57,2820,13365,100
2786599625256743,206329,57,2820,13365,100
2786599630313126,206329,57,2820,13365,100
2786599635369062,206329,57,2820,13365,100
2786599640425109,206329,57,2820,13365,100
2786599645481236,206323,57,2820,13365,100
2786599650537623,206323,57,2820,13365,100
2786599655594439,206323,57,2820,13365,100
2786599660650565,206323,57,2820,13365,100
2786599665706546,206323,57,2820,13365,100
2786599670762552,206323,57,2820,13365,100
2786599675818495,206323,57,2820,13365,100
2786599680874651,206323,57,2820,13365,100
2786599685930730,206323,57,2820,13365,100
2786599690987522,206323,57,2820,13365,100
2786599696043691,206323,57,2820,13365,100
2786599701099673,206323,57,2820,13365,100
2786599706155672,206323,57,2820,13365,100
2786599711211711,206323,57,2820,13365,100
2786599716267777,206323,57,2820,13365,100
2786599721324672,206323,57,2820,13365,100
2786599726380731,206323,57,2820,13365,100
2786599731436711,206323,57,2820,13365,100
2786599736492698,206323,57,2820,13365,100
2786599741548689,206323,57,2820,13365,100
2786599746604756,206323,57,2820,13365,100
2786599751660891,206323,57,2820,13365,100
2786599756717574,206323,57,2820,13365,100
2786599761774439,206323,57,2820,13365,100
2786599766830538,206323,57,2820,13365,100
2786599771886484,206323,57,2820,13365,100
2786599776942475,206323,57,2820,13365,100
2786599781998785,206323,57,2820,13365,100
2786599787059517,206323,57,2820,13365,100
2786599792115541,206323,57,2820,13365,100
2786599797172161,206323,57,2820,13365,100
2786599802228247,206323,57,2820,13365,100
2786599807284197,206323,57,2820,13365,100
2786599812340287,206323,57,2820,13365,100
2786599817396866,206323,57,2820,13365,100
2786599822452843,206323,57,2820,13365,100
2786599827508845,206323,57,2820,13365,100
2786599832567308,206323,57,2820,13365,100
2786599837623355,206323,57,2820,13365,100
2786599842679356,206323,57,2820,13365,100
2786599847735391,206323,57,2820,13365,100
2786599852791416,206323,57,2820,13365,100
2786599857848640,206323,57,2820,13365,100
2786599862904769,206323,57,2820,13365,100
2786599867960790,206323,57,2820,13365,100
2786599873017548,206323,57,2820,13365,100
2786599878073953,206323,57,2820,13365,100
2786599883135669,206323,57,2820,13365,100
2786599888191499,206323,57,2820,13365,100
2786599893247473,206323,57,2820,13365,100
2786599898303507,206323,57,2820,13365,100
2786599903359564,206323,57,2820,13365,100
2786599908416770,206323,57,2820,13365,100
2786599913473545,206323,57,2820,13365,100
2786599918529506,206323,57,2820,13365,100
2786599923586368,206323,57,2820,13365,100
2786599928642642,206323,57,2820,13365,100
2786599933699084,206323,57,2820,13365,100
2786599938755095,206323,57,2820,13365,100
2786599943810988,206323,57,2820,13365,100
2786599948867833,206323,57,2820,13365,100
2786599953924021,206323,57,2820,13365,100
2786599958980479,206323,57,2820,13365,100
2786599964036590,206323,57,2820,13365,100
2786599969092589,206323,57,2820,13365,100
2786599974149497,206323,57,2820,13365,100
2786599979206106,206323,57,2820,13365,100
2786599984262081,206323,57,2820,13365,100
2786599989318652,206323,57,2820,13365,100
2786599994374701,206323,57,2820,13365,100
2786599999430797,206323,57,2820,13365,100
2786600004487788,206323,57,2820,13365,100
2786600009543793,206323,57,2820,13365,100
2786600014600798,206323,57,2820,13365,100
2786600019656715,206323,57,2820,13365,100
2786600024712695,206323,57,2820,13365,100
2786600029768619,206323,57,2820,13365,100
2786600034824711,206323,57,2820,13365,100
2786600039880775,206323,57,2820,13365,100
2786600044937760,206323,57,2820,13365,100
2786600049993790,206323,57,2820,13365,100
2786600055049864,206323,57,2820,13365,100
2786600060106726,206323,57,2820,13365,100
2786600065162948,206323,57,2820,13365,100
2786600070218970,206323,57,2820,13365,100
2786600075274874,206323,57,2820,13365,100
2786600080331673,206323,57,2820,13365,100
2786600085387580,206323,57,2820,13365,100
2786600090443444,206323,57,2820,13365,100
2786600095499302,206323,57,2820,13365,100
2786600100555220,206323,57,2820,13365,100
2786600105611139,206323,57,2820,13365,100
2786600110667967,206323,57,2820,13365,100
2786600115723962,206323,57,2820,13365,100
2786600120780656,206323,57,2820,13365,100
2786600125836862,206323,57,2820,13365,100
2786600130892768,206323,57,2820,13365,100
2786600135949005,206323,57,2820,13365,100
2786600141005246,206323,57,2820,13365,100
2786600146061496,206334,57,2820,13365,100
2786600151120314,206334,57,2820,13365,100
2786600156176400,206334,57,2820,13365,100
2786600161232568,206334,57,2820,13365,100
2786600166288554,206334,57,2820,13365,100
2786600171344482,206334,57,2820,13365,100
2786600176400311,206334,57,2820,13365,100
2786600181457345,206334,57,2820,13365,100
2786600186513878,206334,57,2820,13365,100
2786600191569838,206334,57,2820,13365,100
2786600196626168,206334,57,2820,13365,100
2786600201682273,206334,57,2820,13365,100
2786600206738179,206334,57,2820,13365,100
2786600211794074,206334,57,2820,13365,100
2786600216850616,206334,57,2820,13365,100
2786600221906555,206334,57,2820,13365,100
2786600226962967,206334,57,2820,13365,100
2786600232018830,206334,57,2820,13365,100
2786600237074790,206334,57,2820,13365,100
2786600242130807,206334,57,2820,13365,100
2786600247187390,206334,57,2820,13365,100
2786600252243527,206334,57,2820,13365,100
2786600257299531,206334,57,2820,13365,100
2786600262356376,206334,57,2820,13365,100
2786600267412339,206334,57,2820,13365,100
2786600272468420,206334,57,2820,13365,100
2786600277524386,206334,57,2820,13365,100
2786600282581171,206334,57,2820,13365,100
2786600287637881,206334,57,2820,13365,100
2786600292693816,206334,57,2820,13365,100
2786600297750582,206334,57,2820,13365,100
2786600302807392,206334,57,2820,13365,100
2786600307863363,206334,57,2820,13365,100
2786600312920052,206334,57,2820,13365,100
2786600317975947,206334,57,2820,13365,100
2786600323031975,206334,57,2820,13365,100
2786600328087844,206334,57,2820,13365,100
2786600333143775,206334,57,2820,13365,100
2786600338199784,206334,57,2820,13365,100
2786600343255727,206334,57,2820,13365,100
2786600348312296,206334,57,2820,13365,100
2786600353368452,206334,57,2820,13365,100
2786600358424458,206334,57,2820,13365,100
2786600363480491,206334,57,2820,13365,100
2786600368536527,206334,57,2820,13365,100
2786600373593793,206334,57,2820,13365,100
2786600378651117,206334,57,2820,13365,100
2786600383707552,206334,57,2820,13365,100
2786600388764060,206334,57,2820,13365,100
2786600393820894,206334,57,2820,13365,100
2786600398877327,206334,57,2820,13365,100
2786600403933743,206334,57,2820,13365,100
2786600408990673,206334,57,2820,13365,100
2786600414047161,206334,57,2820,13365,100
2786600419103197,206334,57,2820,13365,100
2786600424159218,206334,57,2820,13365,100
2786600429215227,206334,57,2820,13365,100
2786600434271284,206334,57,2820,13365,100
2786600439327300,206334,57,2820,13365,100
2786600444383554,206334,57,2820,13365,100
2786600449439571,206334,57,2820,13365,100
2786600454495651,206334,57,2820,13365,100
2786600459551608,206334,57,2820,13365,100
2786600464607653,206334,57,2820,13365,100
2786600469663575,206334,57,2820,13365,100
2786600474720268,206334,57,2820,13365,100
2786600479778560,206334,57,2820,13365,100
2786600484834505,206334,57,2820,13365,100
2786600489890885,206334,57,2820,13365,100
2786600494946869,206334,57,2820,13365,100
2786600500003164,206334,57,2820,13365,100
2786600505059395,206334,57,2820,13365,100
2786600510115965,206334,57,2820,13365,100
2786600515171991,206334,57,2820,13365,100
2786600520227970,206334,57,2820,13365,100
2786600525283804,206334,57,2820,13365,100
2786600530340302,206334,57,2820,13365,100
2786600535396440,206334,57,2820,13365,100
2786600540452971,206334,57,2820,13365,100
2786600545508907,206334,57,2820,13365,100
2786600550565219,206334,57,2820,13365,100
2786600555621935,206334,57,2820,13365,100
2786600560679031,206334,57,2820,13365,100
2786600565735678,206334,57,2820,13365,100
2786600570792362,206334,57,2820,13365,100
2786600575848376,206334,57,2820,13365,100
2786600580904315,206334,57,2820,13365,100
2786600585960197,206334,57,2820,13365,100
2786600591016173,206334,57,2820,13365,100
2786600596072154,206334,57,2820,13365,100
2786600601128119,206334,57,2820,13365,100
2786600606184939,206334,57,2820,13365,100
2786600611240921,206334,57,2820,13365,100
2786600616296854,206334,57,2820,13365,100
2786600621353330,206334,57,2820,13365,100
2786600626409365,206334,57,2820,13365,100
2786600631465514,206334,57,2820,13365,100
2786600636522401,206334,57,2820,13365,100
2786600641578666,206334,57,2820,13365,100
2786600646634633,206263,57,2820,13365,100
2786600651690959,206263,57,2820,13365,100
2786600656747052,206263,57,2820,13365,100
2786600661803284,206263,57,2820,13365,100
2786600666859454,206263,57,2820,13365,100
2786600671916430,206263,57,2820,13365,100
2786600676972851,206263,57,2820,13365,100
2786600682028811,206263,57,2820,13365,100
2786600687084851,206263,57,2820,13365,100
2786600692140778,206263,57,2820,13365,100
2786600697196800,206263,57,2820,13365,100
2786600702253896,206263,57,2820,13365,100
2786600707310073,206263,57,2820,13365,100
2786600712366162,206263,57,2820,13365,100
2786600717422134,206263,57,2820,13365,100
2786600722478164,206263,57,2820,13365,100
2786600727534151,206263,57,2820,13365,100
2786600732590131,206263,57,2820,13365,100
2786600737646897,206263,57,2820,13365,100
2786600742702822,206263,57,2820,13365,100
2786600747758832,206263,57,2820,13365,100
2786600752814747,206263,57,2820,13365,100
2786600757871259,206263,57,2820,13365,100
2786600762927163,206263,57,2820,13365,100
2786600767983905,206263,57,2820,13365,100
2786600773040170,206263,57,2820,13365,100
2786600778096408,206263,57,2820,13365,100
2786600783152450,206263,57,2820,13365,100
2786600788209989,206263,57,2820,13365,100
2786600793266184,206263,57,2820,13365,100
2786600798322301,206263,57,2820,13365,100
2786600803379015,206263,57,2820,13365,100
2786600808435190,206263,57,2820,13365,100
2786600813491264,206263,57,2820,13365,100
2786600818547578,206263,57,2820,13365,100
2786600823604450,206263,57,2820,13365,100
2786600828660410,206263,57,2820,13365,100
2786600833717190,206263,57,2820,13365,100
2786600838773375,206263,57,2820,13365,100
2786600843830459,206263,57,2820,13365,100
2786600848886442,206263,57,2820,13365,100
2786600853942431,206263,57,2820,13365,100
2786600858999095,206263,57,2820,13365,100
2786600864058019,206263,57,2820,13365,100
2786600869113931,206263,57,2820,13365,100
2786600874169917,206263,57,2820,13365,100
2786600879225903,206263,57,2820,13365,100
2786600884281849,206263,57,2820,13365,100
2786600889337869,206263,57,2820,13365,100
2786600894394716,206263,57,2820,13365,100
2786600899450942,206263,57,2820,13365,100
2786600904506975,206263,57,2820,13365,100
2786600909564777,206263,57,2820,13365,100
2786600914621424,206263,57,2820,13365,100
2786600919677606,206263,57,2820,13365,100
2786600924734532,206263,57,2820,13365,100
2786600929790514,206263,57,2820,13365,100
2786600934846498,206263,57,2820,13365,100
2786600939902506,206263,57,2820,13365,100
2786600944958408,206263,57,2820,13365,100
2786600950014349,206263,57,2820,13365,100
2786600955070262,206263,57,2820,13365,100
2786600960127033,206263,57,2820,13365,100
2786600965183000,206263,57,2820,13365,100
2786600970238898,206263,57,2820,13365,100
2786600975294782,206263,57,2820,13365,100
2786600980351121,206263,57,2820,13365,100
2786600985407029,206263,57,2820,13365,100
2786600990463662,206263,57,2820,13365,100
2786600995519580,206263,57,2820,13365,100
2786601000575607,206263,57,2820,13365,100
2786601005632153,206263,57,2820,13365,100
2786601010689585,206263,57,2820,13365,100
2786601015746239,206263,57,2820,13365,100
2786601020802243,206263,57,2820,13365,100
2786601025858930,206263,57,2820,13365,100
2786601030914937,206263,57,2820,13365,100
2786601035971020,206263,57,2820,13365,100
2786601041027046,206263,57,2820,13365,100
2786601046083106,206263,57,2820,13365,100
2786601051139086,206263,57,2820,13365,100
2786601056195909,206263,57,2820,13365,100
2786601061252102,206263,57,2820,13365,100
2786601066308982,206263,57,2820,13365,100
2786601071364830,206263,57,2820,13365,100
2786601076420856,206263,57,2820,13365,100
2786601081476844,206263,57,2820,13365,100
2786601086532898,206263,57,2820,13365,100
2786601091588948,206263,57,2820,13365,100
2786601096644950,206263,57,2820,13365,100
2786601101701052,206263,57,2820,13365,100
2786601106757131,206263,57,2820,13365,100
2786601111813241,206263,57,2820,13365,100
2786601116869133,206263,57,2820,13365,100
2786601121926352,206263,57,2820,13365,100
2786601126986338,206263,57,2820,13365,100
2786601132043170,206263,57,2820,13365,100
2786601137099173,206263,57,2820,13365,100
2786601142155202,206263,57,2820,13365,100
2786601147211200,206041,57,2820,13365,100
2786601152267564,206041,57,2820,13365,100
2786601157323462,206041,57,2820,13365,100
2786601162380472,206041,57,2820,13365,100
2786601167436766,206041,57,2820,13365,100
2786601172492603,206041,57,2820,13365,100
2786601177548470,206041,57,2820,13365,100
2786601182604293,206041,57,2820,13365,100
2786601187660200,206041,57,2820,13365,100
2786601192716220,206041,57,2820,13365,100
2786601197772830,206041,57,2820,13365,100
2786601202828760,206041,57,2820,13365,100
2786601207884813,206041,57,2820,13365,100
2786601212940938,206041,57,2820,13365,100
2786601217996885,206041,57,2820,13365,100
2786601223052816,206041,57,2820,13365,100
2786601228111124,206041,57,2820,13365,100
2786601233167103,206041,57,2820,13365,100
2786601238223001,206041,57,2820,13365,100
2786601243279039,206041,57,2820,13365,100
2786601248335027,206041,57,2820,13365,100
2786601253390986,206041,57,2820,13365,100
2786601258446999,206041,57,2820,13365,100
2786601263503827,206041,57,2820,13365,100
2786601268559939,206041,57,2820,13365,100
2786601273616842,206041,57,2820,13365,100
2786601278672935,206041,57,2820,13365,100
2786601283729015,206041,57,2820,13365,100
2786601288784961,206041,57,2820,13365,100
2786601293841705,206041,57,2820,13365,100
2786601298897692,206041,57,2820,13365,100
2786601303953627,206041,57,2820,13365,100
2786601309009629,206041,57,2820,13365,100
2786601314065745,206041,57,2820,13365,100
2786601319121755,206041,57,2820,13365,100
2786601324177839,206041,57,2820,13365,100
2786601329234541,206041,57,2820,13365,100
2786601334290637,206041,57,2820,13365,100
2786601339346623,206041,57,2820,13365,100
2786601344402554,206041,57,2820,13365,100
2786601349458544,206041,57,2820,13365,100
2786601354514586,206041,57,2820,13365,100
2786601359571207,206041,57,2820,13365,100
2786601364627677,206041,57,2820,13365,100
2786601369683716,206041,57,2820,13365,100
2786601374739645,206041,57,2820,13365,100
2786601379795615,206041,57,2820,13365,100
2786601384851610,206041,57,2820,13365,100
2786601389907639,206041,57,2820,13365,100
2786601394964192,206041,57,2820,13365,100
2786601400020298,206041,57,2820,13365,100
2786601405076198,206041,57,2820,13365,100
2786601410132193,206041,57,2820,13365,100
2786601415188231,206041,57,2820,13365,100
2786601420244133,206041,57,2820,13365,100
2786601425300935,206041,57,2820,13365,100
2786601430356974,206041,57,2820,13365,100
2786601435412871,206041,57,2820,13365,100
2786601440468868,206041,57,2820,13365,100
2786601445525024,206041,57,2820,13365,100
2786601450581390,206041,57,2820,13365,100
2786601455637290,206041,57,2820,13365,100
2786601460695284,206041,57,2820,13365,100
2786601465753658,206041,57,2820,13365,100
2786601470809737,206041,57,2820,13365,100
2786601475865701,206041,57,2820,13365,100
2786601480921752,206041,57,2820,13365,100
2786601485977687,206041,57,2820,13365,100
2786601491034557,206041,57,2820,13365,100
2786601496090573,206041,57,2820,13365,100
2786601501146582,206041,57,2820,13365,100
2786601506202610,206041,57,2820,13365,100
2786601511258515,206041,57,2820,13365,100
2786601516314574,206041,57,2820,13365,100
2786601521370505,206041,57,2820,13365,100
2786601526427285,206041,57,2820,13365,100
2786601531483265,206041,57,2820,13365,100
2786601536539347,206041,57,2820,13365,100
2786601541595520,206041,57,2820,13365,100
2786601546651556,206041,57,2820,13365,100
2786601551707905,206041,57,2820,13365,100
2786601556764743,206041,57,2820,13365,100
2786601561820711,206041,57,2820,13365,100
2786601566876967,206041,57,2820,13365,100
2786601571932845,206041,57,2820,13365,100
2786601576989887,206041,57,2820,13365,100
2786601582046251,206041,57,2820,13365,100
2786601587102190,206041,57,2820,13365,100
2786601592158852,206041,57,2820,13365,100
2786601597217780,206041,57,2820,13365,100
2786601602276395,206041,57,2820,13365,100
2786601607335212,206041,57,2820,13365,100
2786601612392191,206041,57,2820,13365,100
2786601617449049,206041,57,2820,13365,100
2786601622505872,206041,57,2820,13365,100
2786601627563022,206041,57,2820,13365,100
2786601632619170,206041,57,2820,13365,100
2786601637675173,206041,57,2820,13365,100
2786601642732579,206041,57,2820,13365,100
2786601647789805,206080,57,2820,13365,100
2786601652849032,206080,57,2820,13365,100
2786601657906302,206080,57,2820,13365,100
2786601662963731,206080,57,2820,13365,100
2786601668020681,206080,57,2820,13365,100
2786601673077201,206080,57,2820,13365,100
2786601678133938,206080,57,2820,13365,100
2786601683190316,206080,57,2820,13365,100
2786601688247546,206080,57,2820,13365,100
2786601693304063,206080,57,2820,13365,100
2786601698360127,206080,57,2820,13365,100
2786601703416194,206080,57,2820,13365,100
2786601708472042,206080,57,2820,13365,100
2786601713527992,206080,57,2820,13365,100
2786601718584107,206080,57,2820,13365,100
2786601723640916,206080,57,2820,13365,100
2786601728696864,206080,57,2820,13365,100
2786601733752820,206080,57,2820,13365,100
2786601738808766,206080,57,2820,13365,100
2786601743864775,206080,57,2820,13365,100
2786601748920733,206080,57,2820,13365,100
2786601753977568,206080,57,2820,13365,100
2786601759033695,206080,57,2820,13365,100
2786601764089981,206080,57,2820,13365,100
2786601769146531,206080,57,2820,13365,100
2786601774206595,206080,57,2820,13365,100
2786601779262636,206080,57,2820,13365,100
2786601784318636,206080,57,2820,13365,100
2786601789376091,206080,57,2820,13365,100
2786601794432470,206080,57,2820,13365,100
2786601799488435,206080,57,2820,13365,100
2786601804544501,206080,57,2820,13365,100
2786601809600390,206080,57,2820,13365,100
2786601814656293,206080,57,2820,13365,100
2786601819713337,206080,57,2820,13365,100
2786601824769266,206080,57,2820,13365,100
2786601829825183,206080,57,2820,13365,100
2786601834881126,206080,57,2820,13365,100
2786601839937014,206080,57,2820,13365,100
2786601844992951,206080,57,2820,13365,100
2786601850048914,206080,57,2820,13365,100
2786601855105695,206080,57,2820,13365,100
2786601860178241,206080,57,2820,13365,100
2786601865280336,206080,57,2820,13365,100
2786601870400741,206080,57,2820,13365,100
2786601875522013,206080,57,2820,13365,100
2786601880644512,206080,57,2820,13365,100
2786601885765434,206080,57,2820,13365,100
2786601890884714,206080,57,2820,13365,100
2786601896029972,206080,57,2820,13365,100
2786601901238566,206080,57,2820,13365,100
2786601906358550,206080,57,2820,13365,100
2786601911476410,206080,57,2820,13365,100
2786601916593883,206080,57,2820,13365,100
2786601921713755,206080,57,2820,13365,100
2786601926834700,206080,57,2820,13365,100
2786601931960844,206080,57,2820,13365,100
2786601937085384,206080,57,2820,13365,100
2786601942206757,206080,57,2820,13365,100
2786601947328297,206080,57,2820,13365,100
2786601952450961,206080,57,2820,13365,100
2786601957575829,206080,57,2820,13365,100
2786601962697662,206080,57,2820,13365,100
2786601967819523,206080,57,2820,13365,100
2786601972941157,206080,57,2820,13365,100
2786601978066348,206080,57,2820,13365,100
2786601983187667,206080,57,2820,13365,100
2786601988309300,206080,57,2820,13365,100
2786601993430940,206080,57,2820,13365,100
2786601998552696,206080,57,2820,13365,100
2786602003676902,206080,57,2820,13365,100
2786602008798593,206080,57,2820,13365,100
2786602013920113,206080,57,2820,13365,100
2786602019042494,206080,57,2820,13365,100
2786602024164047,206080,57,2820,13365,100
2786602029285762,206080,57,2820,13365,100
2786602034407683,206080,57,2820,13365,100
2786602039529285,206080,57,2820,13365,100
2786602044648610,206080,57,2820,13365,100
2786602049770587,206080,57,2820,13365,100
2786602054891268,206080,57,2820,13365,100
2786602060029501,206080,57,2820,13365,100
2786602065148625,206080,57,2820,13365,100
2786602070270917,206080,57,2820,13365,100
2786602075392306,206080,57,2820,13365,100
2786602080517259,206080,57,2820,13365,100
2786602085635870,206080,57,2820,13365,100
2786602090757219,206080,57,2820,13365,100
2786602095876151,206080,57,2820,13365,100
2786602100997860,206080,57,2820,13365,100
2786602106149120,206080,57,2820,13365,100
2786602111270455,206080,57,2820,13365,100
2786602116391770,206080,57,2820,13365,100
2786602121513020,206080,57,2820,13365,100
2786602126634639,206080,57,2820,13365,100
2786602131756393,206080,57,2820,13365,100
2786602136877953,206080,57,2820,13365,100
2786602141996678,206080,57,2820,13365,100
2786602147133016,186189,54,2820,13365,0
2786602152254558,186189,54,2820,13365,0
2786602157378014,186189,54,2820,13365,0
