monotonic_ns,board_power_mw,temperature_c,graphics_clock_mhz,memory_clock_mhz,utilization_percent
2786058125094195,591257,85,2760,13365,100
2786058131638982,591257,85,2760,13365,100
2786058136750013,591257,85,2760,13365,100
2786058141871377,591257,85,2760,13365,100
2786058146991602,591257,85,2760,13365,100
2786058152132051,591257,85,2760,13365,100
2786058157252563,591257,85,2760,13365,100
2786058162374319,591257,85,2760,13365,100
2786058167496076,591257,85,2760,13365,100
2786058172623520,591257,85,2760,13365,100
2786058177745951,591257,85,2760,13365,100
2786058182867104,591257,85,2760,13365,100
2786058187988145,591257,85,2760,13365,100
2786058193127349,591257,85,2760,13365,100
2786058198249318,591257,85,2760,13365,100
2786058203372686,591257,85,2760,13365,100
2786058208493879,591257,85,2760,13365,100
2786058213615634,591257,85,2760,13365,100
2786058218742941,591257,85,2760,13365,100
2786058223863832,591257,85,2760,13365,100
2786058228986956,591257,85,2760,13365,100
2786058234130033,591257,85,2760,13365,100
2786058239253748,591257,85,2760,13365,100
2786058244375128,591257,85,2760,13365,100
2786058249503679,591257,85,2760,13365,100
2786058254627057,591257,85,2760,13365,100
2786058259750153,591257,85,2760,13365,100
2786058264875798,591257,85,2760,13365,100
2786058269995526,591257,85,2760,13365,100
2786058275138222,591257,85,2760,13365,100
2786058280262247,591257,85,2760,13365,100
2786058285385717,591257,85,2760,13365,100
2786058290509228,591257,85,2760,13365,100
2786058295630780,591257,85,2760,13365,100
2786058300745902,591257,85,2760,13365,100
2786058305857985,591257,85,2760,13365,100
2786058310974251,591257,85,2760,13365,100
2786058316099785,591257,85,2760,13365,100
2786058321229094,591257,85,2760,13365,100
2786058326356418,591257,85,2760,13365,100
2786058331484103,591257,85,2760,13365,100
2786058336607182,591257,85,2760,13365,100
2786058341735255,591257,85,2760,13365,100
2786058346858751,591257,85,2760,13365,100
2786058351989719,591257,85,2760,13365,100
2786058357142764,591257,85,2760,13365,100
2786058362272960,591257,85,2760,13365,100
2786058367401518,591257,85,2760,13365,100
2786058372532697,591257,85,2760,13365,100
2786058377662616,591257,85,2760,13365,100
2786058382791081,591257,85,2760,13365,100
2786058387919534,591257,85,2760,13365,100
2786058393056301,591257,85,2760,13365,100
2786058398194413,591257,85,2760,13365,100
2786058403324162,591257,85,2760,13365,100
2786058408453667,591257,85,2760,13365,100
2786058413582136,591257,85,2760,13365,100
2786058418735286,591257,85,2760,13365,100
2786058423861393,591257,85,2760,13365,100
2786058428987959,591257,85,2760,13365,100
2786058434137043,591257,85,2760,13365,100
2786058439263018,591257,85,2760,13365,100
2786058444382482,591257,85,2760,13365,100
2786058449499885,591257,85,2760,13365,100
2786058454617224,591257,85,2760,13365,100
2786058459734681,591257,85,2760,13365,100
2786058464853680,591257,85,2760,13365,100
2786058469971164,591257,85,2760,13365,100
2786058475088488,591257,85,2760,13365,100
2786058480206355,591257,85,2760,13365,100
2786058485325177,591257,85,2760,13365,100
2786058490442602,591257,85,2760,13365,100
2786058495559939,591257,85,2760,13365,100
2786058500677605,591257,85,2760,13365,100
2786058505794435,591257,85,2760,13365,100
2786058510911932,591257,85,2760,13365,100
2786058516029501,591257,85,2760,13365,100
2786058521147130,591257,85,2760,13365,100
2786058526264430,591257,85,2760,13365,100
2786058531382190,591257,85,2760,13365,100
2786058536500781,591257,85,2760,13365,100
2786058541618687,591257,85,2760,13365,100
2786058546736515,591257,85,2760,13365,100
2786058551854148,591257,85,2760,13365,100
2786058556972337,591257,85,2760,13365,100
2786058562089852,591257,85,2760,13365,100
2786058567206500,591257,85,2760,13365,100
2786058572324351,591257,85,2760,13365,100
2786058577441602,591257,85,2760,13365,100
2786058582558520,591257,85,2760,13365,100
2786058587677414,591257,85,2760,13365,100
2786058592794467,591257,85,2760,13365,100
2786058597911439,591257,85,2760,13365,100
2786058603028196,591257,85,2760,13365,100
2786058608145016,591257,85,2760,13365,100
2786058613263396,591257,85,2760,13365,100
2786058618380725,591257,85,2760,13365,100
2786058623497350,591257,85,2760,13365,100
2786058628613722,452624,82,2760,13365,100
2786058633730684,452624,82,2760,13365,100
2786058638849298,452624,82,2760,13365,100
2786058643966167,452624,82,2760,13365,100
2786058649082697,452624,82,2760,13365,100
2786058654199571,452624,82,2760,13365,100
2786058659316259,452624,82,2760,13365,100
2786058664433728,452624,82,2760,13365,100
2786058669550508,452624,82,2760,13365,100
2786058674667289,452624,82,2760,13365,100
2786058679784293,452624,82,2760,13365,100
2786058684901297,452624,82,2760,13365,100
2786058690033806,452624,82,2760,13365,100
2786058695150582,452624,82,2760,13365,100
2786058700267470,452624,82,2760,13365,100
2786058705384223,452624,82,2760,13365,100
2786058710500788,452624,82,2760,13365,100
2786058715617140,452624,82,2760,13365,100
2786058720733888,452624,82,2760,13365,100
2786058725850492,452624,82,2760,13365,100
2786058730967477,452624,82,2760,13365,100
2786058736084293,452624,82,2760,13365,100
2786058741263470,452624,82,2760,13365,100
2786058746380293,452624,82,2760,13365,100
2786058751497078,452624,82,2760,13365,100
2786058756613998,452624,82,2760,13365,100
2786058761731606,452624,82,2760,13365,100
2786058766848407,452624,82,2760,13365,100
2786058771964995,452624,82,2760,13365,100
2786058777081992,452624,82,2760,13365,100
2786058782199060,452624,82,2760,13365,100
2786058787316109,452624,82,2760,13365,100
2786058792434652,452624,82,2760,13365,100
2786058797551573,452624,82,2760,13365,100
2786058802668177,452624,82,2760,13365,100
2786058807785206,452624,82,2760,13365,100
2786058812902011,452624,82,2760,13365,100
2786058818036999,452624,82,2760,13365,100
2786058823153611,452624,82,2760,13365,100
2786058828269970,452624,82,2760,13365,100
2786058833386500,452624,82,2760,13365,100
2786058838503353,452624,82,2760,13365,100
2786058843621103,452624,82,2760,13365,100
2786058848738553,452624,82,2760,13365,100
2786058853855493,452624,82,2760,13365,100
2786058858990281,452624,82,2760,13365,100
2786058864124634,452624,82,2760,13365,100
2786058869241594,452624,82,2760,13365,100
2786058874358369,452624,82,2760,13365,100
2786058879475231,452624,82,2760,13365,100
2786058884591835,452624,82,2760,13365,100
2786058889708304,452624,82,2760,13365,100
2786058894826420,452624,82,2760,13365,100
2786058899942884,452624,82,2760,13365,100
2786058905059521,452624,82,2760,13365,100
2786058910176294,452624,82,2760,13365,100
2786058915293064,452624,82,2760,13365,100
2786058920409616,452624,82,2760,13365,100
2786058925524902,452624,82,2760,13365,100
2786058930642686,452624,82,2760,13365,100
2786058935760159,452624,82,2760,13365,100
2786058940878024,452624,82,2760,13365,100
2786058945996068,452624,82,2760,13365,100
2786058951131202,452624,82,2760,13365,100
2786058956248108,452624,82,2760,13365,100
2786058961364803,452624,82,2760,13365,100
2786058966481513,452624,82,2760,13365,100
2786058971598581,452624,82,2760,13365,100
2786058976715310,452624,82,2760,13365,100
2786058981832515,452624,82,2760,13365,100
2786058986949314,452624,82,2760,13365,100
2786058992066385,452624,82,2760,13365,100
2786058997184467,452624,82,2760,13365,100
2786059002308812,452624,82,2760,13365,100
2786059007425588,452624,82,2760,13365,100
2786059012542616,452624,82,2760,13365,100
2786059017659081,452624,82,2760,13365,100
2786059022775665,452624,82,2760,13365,100
2786059027892413,452624,82,2760,13365,100
2786059033028157,452624,82,2760,13365,100
2786059038144943,452624,82,2760,13365,100
2786059043262213,452624,82,2760,13365,100
2786059048380499,452624,82,2760,13365,100
2786059053497391,452624,82,2760,13365,100
2786059058614174,452624,82,2760,13365,100
2786059063730985,452624,82,2760,13365,100
2786059068847724,452624,82,2760,13365,100
2786059073981933,452624,82,2760,13365,100
2786059079111753,452624,82,2760,13365,100
2786059084228252,452624,82,2760,13365,100
2786059089345098,452624,82,2760,13365,100
2786059094461942,452624,82,2760,13365,100
2786059099593503,452624,82,2760,13365,100
2786059104710298,452624,82,2760,13365,100
2786059109827119,452624,82,2760,13365,100
2786059114943900,452624,82,2760,13365,100
2786059120061008,452624,82,2760,13365,100
2786059125187721,463459,84,2760,13365,100
2786059130304621,463459,84,2760,13365,100
2786059135421713,463459,84,2760,13365,100
2786059140537009,463459,84,2760,13365,100
2786059145653760,463459,84,2760,13365,100
2786059150778086,463459,84,2760,13365,100
2786059155895329,463459,84,2760,13365,100
2786059161033255,463459,84,2760,13365,100
2786059166150343,463459,84,2760,13365,100
2786059171266949,463459,84,2760,13365,100
2786059176383640,463459,84,2760,13365,100
2786059181500296,463459,84,2760,13365,100
2786059186617128,463459,84,2760,13365,100
2786059191734205,463459,84,2760,13365,100
2786059196851086,463459,84,2760,13365,100
2786059201969081,463459,84,2760,13365,100
2786059207085622,463459,84,2760,13365,100
2786059212202359,463459,84,2760,13365,100
2786059217318859,463459,84,2760,13365,100
2786059222435500,463459,84,2760,13365,100
2786059227550879,463459,84,2760,13365,100
2786059232675572,463459,84,2760,13365,100
2786059237792359,463459,84,2760,13365,100
2786059242916256,463459,84,2760,13365,100
2786059248033465,463459,84,2760,13365,100
2786059253151774,463459,84,2760,13365,100
2786059258269118,463459,84,2760,13365,100
2786059263385910,463459,84,2760,13365,100
2786059268502683,463459,84,2760,13365,100
2786059273676318,463459,84,2760,13365,100
2786059278793121,463459,84,2760,13365,100
2786059283909803,463459,84,2760,13365,100
2786059289026580,463459,84,2760,13365,100
2786059294142060,463459,84,2760,13365,100
2786059299259040,463459,84,2760,13365,100
2786059304377161,463459,84,2760,13365,100
2786059309494241,463459,84,2760,13365,100
2786059314611806,463459,84,2760,13365,100
2786059319728208,463459,84,2760,13365,100
2786059324844373,463459,84,2760,13365,100
2786059329959635,463459,84,2760,13365,100
2786059335074951,463459,84,2760,13365,100
2786059340189875,463459,84,2760,13365,100
2786059345305340,463459,84,2760,13365,100
2786059350420436,463459,84,2760,13365,100
2786059355536999,463459,84,2760,13365,100
2786059360653217,463459,84,2760,13365,100
2786059365769257,463459,84,2760,13365,100
2786059370886040,463459,84,2760,13365,100
2786059376023494,463459,84,2760,13365,100
2786059381141510,463459,84,2760,13365,100
2786059386258875,463459,84,2760,13365,100
2786059391376063,463459,84,2760,13365,100
2786059396493056,463459,84,2760,13365,100
2786059401609980,463459,84,2760,13365,100
2786059406728372,463459,84,2760,13365,100
2786059411846316,463459,84,2760,13365,100
2786059416963505,463459,84,2760,13365,100
2786059422080116,463459,84,2760,13365,100
2786059427197626,463459,84,2760,13365,100
2786059432314379,463459,84,2760,13365,100
2786059437431518,463459,84,2760,13365,100
2786059442549175,463459,84,2760,13365,100
2786059447666719,463459,84,2760,13365,100
2786059452783511,463459,84,2760,13365,100
2786059457901939,463459,84,2760,13365,100
2786059463038740,463459,84,2760,13365,100
2786059468156208,463459,84,2760,13365,100
2786059473273629,463459,84,2760,13365,100
2786059478390482,463459,84,2760,13365,100
2786059483507270,463459,84,2760,13365,100
2786059488624482,463459,84,2760,13365,100
2786059493741757,463459,84,2760,13365,100
2786059498860107,463459,84,2760,13365,100
2786059503977740,463459,84,2760,13365,100
2786059509096117,463459,84,2760,13365,100
2786059514264639,463459,84,2760,13365,100
2786059519381940,463459,84,2760,13365,100
2786059524499250,463459,84,2760,13365,100
2786059529616736,463459,84,2760,13365,100
2786059534733311,463459,84,2760,13365,100
2786059539850209,463459,84,2760,13365,100
2786059544967362,463459,84,2760,13365,100
2786059550084479,463459,84,2760,13365,100
2786059555201351,463459,84,2760,13365,100
2786059560319915,463459,84,2760,13365,100
2786059565437191,463459,84,2760,13365,100
2786059570554442,463459,84,2760,13365,100
2786059575671294,463459,84,2760,13365,100
2786059580788131,463459,84,2760,13365,100
2786059585905341,463459,84,2760,13365,100
2786059591022153,463459,84,2760,13365,100
2786059596140122,463459,84,2760,13365,100
2786059601257008,463459,84,2760,13365,100
2786059606374446,463459,84,2760,13365,100
2786059611493246,463459,84,2760,13365,100
2786059616610699,463459,84,2760,13365,100
2786059621727851,463459,84,2760,13365,100
2786059626845220,587970,84,2760,13365,100
2786059631962056,587970,84,2760,13365,100
2786059637079597,587970,84,2760,13365,100
2786059642196751,587970,84,2760,13365,100
2786059647314542,587970,84,2760,13365,100
2786059652431761,587970,84,2760,13365,100
2786059657548881,587970,84,2760,13365,100
2786059662667530,587970,84,2760,13365,100
2786059667784639,587970,84,2760,13365,100
2786059672901716,587970,84,2760,13365,100
2786059678062579,587970,84,2760,13365,100
2786059683179176,587970,84,2760,13365,100
2786059688311848,587970,84,2760,13365,100
2786059693428672,587970,84,2760,13365,100
2786059698545511,587970,84,2760,13365,100
2786059703662733,587970,84,2760,13365,100
2786059708779447,587970,84,2760,13365,100
2786059713898017,587970,84,2760,13365,100
2786059719031308,587970,84,2760,13365,100
2786059724148631,587970,84,2760,13365,100
2786059729283570,587970,84,2760,13365,100
2786059734400743,587970,84,2760,13365,100
2786059739517855,587970,84,2760,13365,100
2786059744634896,587970,84,2760,13365,100
2786059749751809,587970,84,2760,13365,100
2786059754868953,587970,84,2760,13365,100
2786059759986221,587970,84,2760,13365,100
2786059765122602,587970,84,2760,13365,100
2786059770240485,587970,84,2760,13365,100
2786059775358018,587970,84,2760,13365,100
2786059780475526,587970,84,2760,13365,100
2786059785593165,587970,84,2760,13365,100
2786059790710949,587970,84,2760,13365,100
2786059795828955,587970,84,2760,13365,100
2786059800946460,587970,84,2760,13365,100
2786059806064424,587970,84,2760,13365,100
2786059811181327,587970,84,2760,13365,100
2786059816300401,587970,84,2760,13365,100
2786059821417730,587970,84,2760,13365,100
2786059826551154,587970,84,2760,13365,100
2786059831668354,587970,84,2760,13365,100
2786059836786462,587970,84,2760,13365,100
2786059841904322,587970,84,2760,13365,100
2786059847024047,587970,84,2760,13365,100
2786059852141731,587970,84,2760,13365,100
2786059857259599,587970,84,2760,13365,100
2786059862377465,587970,84,2760,13365,100
2786059867496640,587970,84,2760,13365,100
2786059872621125,587970,84,2760,13365,100
2786059877738021,587970,84,2760,13365,100
2786059882855657,587970,84,2760,13365,100
2786059887973302,587970,84,2760,13365,100
2786059893090235,587970,84,2760,13365,100
2786059898207874,587970,84,2760,13365,100
2786059903324911,587970,84,2760,13365,100
2786059908441983,587970,84,2760,13365,100
2786059913558872,587970,84,2760,13365,100
2786059918677300,587970,84,2760,13365,100
2786059923794457,587970,84,2760,13365,100
2786059928911865,587970,84,2760,13365,100
2786059934029061,587970,84,2760,13365,100
2786059939146090,587970,84,2760,13365,100
2786059944263648,587970,84,2760,13365,100
2786059949380265,587970,84,2760,13365,100
2786059954497709,587970,84,2760,13365,100
2786059959613768,587970,84,2760,13365,100
2786059964731047,587970,84,2760,13365,100
2786059969849295,587970,84,2760,13365,100
2786059974966781,587970,84,2760,13365,100
2786059980083897,587970,84,2760,13365,100
2786059985201275,587970,84,2760,13365,100
2786059990328545,587970,84,2760,13365,100
2786059995445666,587970,84,2760,13365,100
2786060000562778,587970,84,2760,13365,100
2786060005679782,587970,84,2760,13365,100
2786060010796599,587970,84,2760,13365,100
2786060015913491,587970,84,2760,13365,100
2786060021032204,587970,84,2760,13365,100
2786060026149796,587970,84,2760,13365,100
2786060031266753,587970,84,2760,13365,100
2786060036383697,587970,84,2760,13365,100
2786060041500723,587970,84,2760,13365,100
2786060046618053,587970,84,2760,13365,100
2786060051734740,587970,84,2760,13365,100
2786060056851766,587970,84,2760,13365,100
2786060061969301,587970,84,2760,13365,100
2786060067086359,587970,84,2760,13365,100
2786060072204764,587970,84,2760,13365,100
2786060077322020,587970,84,2760,13365,100
2786060082439156,587970,84,2760,13365,100
2786060087556404,587970,84,2760,13365,100
2786060092687529,587970,84,2760,13365,100
2786060097804449,587970,84,2760,13365,100
2786060102921230,587970,84,2760,13365,100
2786060108038186,587970,84,2760,13365,100
2786060113155246,587970,84,2760,13365,100
2786060118271947,587970,84,2760,13365,100
2786060123391026,587970,84,2760,13365,100
2786060128507963,589765,84,2760,13365,100
2786060133624435,589765,84,2760,13365,100
2786060138741756,589765,84,2760,13365,100
2786060143859240,589765,84,2760,13365,100
2786060148976341,589765,84,2760,13365,100
2786060154094039,589765,84,2760,13365,100
2786060159211638,589765,84,2760,13365,100
2786060164328978,589765,84,2760,13365,100
2786060169446002,589765,84,2760,13365,100
2786060174564446,589765,84,2760,13365,100
2786060179681591,589765,84,2760,13365,100
2786060184798531,589765,84,2760,13365,100
2786060189916310,589765,84,2760,13365,100
2786060195033754,589765,84,2760,13365,100
2786060200150841,589765,84,2760,13365,100
2786060205268069,589765,84,2760,13365,100
2786060210385107,589765,84,2760,13365,100
2786060215502558,589765,84,2760,13365,100
2786060220620350,589765,84,2760,13365,100
2786060225739661,589765,84,2760,13365,100
2786060230857818,589765,84,2760,13365,100
2786060235975244,589765,84,2760,13365,100
2786060241092856,589765,84,2760,13365,100
2786060246210038,589765,84,2760,13365,100
2786060251326337,589765,84,2760,13365,100
2786060256443907,589765,84,2760,13365,100
2786060261560765,589765,84,2760,13365,100
2786060266678041,589765,84,2760,13365,100
2786060271795034,589765,84,2760,13365,100
2786060276913046,589765,84,2760,13365,100
2786060282030322,589765,84,2760,13365,100
2786060287148113,589765,84,2760,13365,100
2786060292265117,589765,84,2760,13365,100
2786060297381591,589765,84,2760,13365,100
2786060302498792,589765,84,2760,13365,100
2786060307615536,589765,84,2760,13365,100
2786060312732757,589765,84,2760,13365,100
2786060317863919,589765,84,2760,13365,100
2786060322982042,589765,84,2760,13365,100
2786060328124490,589765,84,2760,13365,100
2786060333241632,589765,84,2760,13365,100
2786060338358610,589765,84,2760,13365,100
2786060343475887,589765,84,2760,13365,100
2786060348593047,589765,84,2760,13365,100
2786060353710419,589765,84,2760,13365,100
2786060358828420,589765,84,2760,13365,100
2786060363945232,589765,84,2760,13365,100
2786060369062045,589765,84,2760,13365,100
2786060374179060,589765,84,2760,13365,100
2786060379297217,589765,84,2760,13365,100
2786060384431863,589765,84,2760,13365,100
2786060389549942,589765,84,2760,13365,100
2786060394667130,589765,84,2760,13365,100
2786060399784398,589765,84,2760,13365,100
2786060404901583,589765,84,2760,13365,100
2786060410033139,589765,84,2760,13365,100
2786060415150662,589765,84,2760,13365,100
2786060420268140,589765,84,2760,13365,100
2786060425384920,589765,84,2760,13365,100
2786060430503575,589765,84,2760,13365,100
2786060435620493,589765,84,2760,13365,100
2786060440737477,589765,84,2760,13365,100
2786060445854999,589765,84,2760,13365,100
2786060450971991,589765,84,2760,13365,100
2786060456088875,589765,84,2760,13365,100
2786060461205715,589765,84,2760,13365,100
2786060466322800,589765,84,2760,13365,100
2786060471439938,589765,84,2760,13365,100
2786060476556452,589765,84,2760,13365,100
2786060481675079,589765,84,2760,13365,100
2786060486811373,589765,84,2760,13365,100
2786060491928293,589765,84,2760,13365,100
2786060497045341,589765,84,2760,13365,100
2786060502172006,589765,84,2760,13365,100
2786060507288914,589765,84,2760,13365,100
2786060512422183,589765,84,2760,13365,100
2786060517539399,589765,84,2760,13365,100
2786060522656553,589765,84,2760,13365,100
2786060527773507,589765,84,2760,13365,100
2786060532891920,589765,84,2760,13365,100
2786060538031456,589765,84,2760,13365,100
2786060543149540,589765,84,2760,13365,100
2786060548266815,589765,84,2760,13365,100
2786060553383653,589765,84,2760,13365,100
2786060558500273,589765,84,2760,13365,100
2786060563617126,589765,84,2760,13365,100
2786060568733662,589765,84,2760,13365,100
2786060573850699,589765,84,2760,13365,100
2786060578969641,589765,84,2760,13365,100
2786060584087959,589765,84,2760,13365,100
2786060589204772,589765,84,2760,13365,100
2786060594321776,589765,84,2760,13365,100
2786060599438081,589765,84,2760,13365,100
2786060604554843,589765,84,2760,13365,100
2786060609672010,589765,84,2760,13365,100
2786060614789140,589765,84,2760,13365,100
2786060619905918,589765,84,2760,13365,100
2786060625022895,590193,85,2760,13365,100
2786060630139895,590193,85,2760,13365,100
2786060635258315,590193,85,2760,13365,100
2786060640375314,590193,85,2760,13365,100
2786060645492858,590193,85,2760,13365,100
2786060650609636,590193,85,2760,13365,100
2786060655726557,590193,85,2760,13365,100
2786060660843271,590193,85,2760,13365,100
2786060665960030,590193,85,2760,13365,100
2786060671076930,590193,85,2760,13365,100
2786060676194143,590193,85,2760,13365,100
2786060681311137,590193,85,2760,13365,100
2786060686429611,590193,85,2760,13365,100
2786060691546178,590193,85,2760,13365,100
2786060696663488,590193,85,2760,13365,100
2786060701780386,590193,85,2760,13365,100
2786060706897585,590193,85,2760,13365,100
2786060712033253,590193,85,2760,13365,100
2786060717150479,590193,85,2760,13365,100
2786060722267398,590193,85,2760,13365,100
2786060727384436,590193,85,2760,13365,100
2786060732501073,590193,85,2760,13365,100
2786060737619490,590193,85,2760,13365,100
2786060742736583,590193,85,2760,13365,100
2786060747854215,590193,85,2760,13365,100
2786060752971290,590193,85,2760,13365,100
2786060758088436,590193,85,2760,13365,100
2786060763205453,590193,85,2760,13365,100
2786060768322513,590193,85,2760,13365,100
2786060773439609,590193,85,2760,13365,100
2786060778555812,590193,85,2760,13365,100
2786060783672530,590193,85,2760,13365,100
2786060788791190,590193,85,2760,13365,100
2786060793908298,590193,85,2760,13365,100
2786060799025351,590193,85,2760,13365,100
2786060804142614,590193,85,2760,13365,100
2786060809259280,590193,85,2760,13365,100
2786060814376383,590193,85,2760,13365,100
2786060819493256,590193,85,2760,13365,100
2786060824610066,590193,85,2760,13365,100
2786060829727321,590193,85,2760,13365,100
2786060834843882,590193,85,2760,13365,100
2786060839962039,590193,85,2760,13365,100
2786060845079407,590193,85,2760,13365,100
2786060850196159,590193,85,2760,13365,100
2786060855312131,590193,85,2760,13365,100
2786060860428736,590193,85,2760,13365,100
2786060865545561,590193,85,2760,13365,100
2786060870662791,590193,85,2760,13365,100
2786060875779948,590193,85,2760,13365,100
2786060880896959,590193,85,2760,13365,100
2786060886030613,590193,85,2760,13365,100
2786060891149348,590193,85,2760,13365,100
2786060896266512,590193,85,2760,13365,100
2786060901383563,590193,85,2760,13365,100
2786060906500407,590193,85,2760,13365,100
2786060911617246,590193,85,2760,13365,100
2786060916734303,590193,85,2760,13365,100
2786060921851412,590193,85,2760,13365,100
2786060926968532,590193,85,2760,13365,100
2786060932086245,590193,85,2760,13365,100
2786060937204147,590193,85,2760,13365,100
2786060942322746,590193,85,2760,13365,100
2786060947439818,590193,85,2760,13365,100
2786060952555916,590193,85,2760,13365,100
2786060957672847,590193,85,2760,13365,100
2786060962789539,590193,85,2760,13365,100
2786060967906703,590193,85,2760,13365,100
2786060973023696,590193,85,2760,13365,100
2786060978140500,590193,85,2760,13365,100
2786060983257654,590193,85,2760,13365,100
2786060988374964,590193,85,2760,13365,100
2786060993493525,590193,85,2760,13365,100
2786060998610362,590193,85,2760,13365,100
2786061003727430,590193,85,2760,13365,100
2786061008844858,590193,85,2760,13365,100
2786061013961733,590193,85,2760,13365,100
2786061019079045,590193,85,2760,13365,100
2786061024195835,590193,85,2760,13365,100
2786061029312892,590193,85,2760,13365,100
2786061034429732,590193,85,2760,13365,100
2786061039564441,590193,85,2760,13365,100
2786061044682672,590193,85,2760,13365,100
2786061049799883,590193,85,2760,13365,100
2786061054917206,590193,85,2760,13365,100
2786061060034346,590193,85,2760,13365,100
2786061065151511,590193,85,2760,13365,100
2786061070268619,590193,85,2760,13365,100
2786061075385511,590193,85,2760,13365,100
2786061080502839,590193,85,2760,13365,100
2786061085619820,590193,85,2760,13365,100
2786061090737044,590193,85,2760,13365,100
2786061095855416,590193,85,2760,13365,100
2786061100972541,590193,85,2760,13365,100
2786061106089214,590193,85,2760,13365,100
2786061111206354,590193,85,2760,13365,100
2786061116322255,590193,85,2760,13365,100
2786061121439354,590193,85,2760,13365,100
2786061126556249,590529,85,2760,13365,100
2786061131672959,590529,85,2760,13365,100
2786061136789898,590529,85,2760,13365,100
2786061141906522,590529,85,2760,13365,100
2786061147025209,590529,85,2760,13365,100
2786061152142509,590529,85,2760,13365,100
2786061157259541,590529,85,2760,13365,100
2786061162376518,590529,85,2760,13365,100
2786061167493624,590529,85,2760,13365,100
2786061172610494,590529,85,2760,13365,100
2786061177727402,590529,85,2760,13365,100
2786061182844052,590529,85,2760,13365,100
2786061187961189,590529,85,2760,13365,100
2786061193089836,590529,85,2760,13365,100
2786061198208328,590529,85,2760,13365,100
2786061203325237,590529,85,2760,13365,100
2786061208442573,590529,85,2760,13365,100
2786061213559685,590529,85,2760,13365,100
2786061218676450,590529,85,2760,13365,100
2786061223793202,590529,85,2760,13365,100
2786061228910119,590529,85,2760,13365,100
2786061234029375,590529,85,2760,13365,100
2786061239146575,590529,85,2760,13365,100
2786061244263564,590529,85,2760,13365,100
2786061249381747,590529,85,2760,13365,100
2786061254498400,590529,85,2760,13365,100
2786061259615748,590529,85,2760,13365,100
2786061264732353,590529,85,2760,13365,100
2786061269849273,590529,85,2760,13365,100
2786061274966029,590529,85,2760,13365,100
2786061280083490,590529,85,2760,13365,100
2786061285200330,590529,85,2760,13365,100
2786061290317815,590529,85,2760,13365,100
2786061295434653,590529,85,2760,13365,100
2786061300553058,590529,85,2760,13365,100
2786061305670215,590529,85,2760,13365,100
2786061310787827,590529,85,2760,13365,100
2786061315905605,590529,85,2760,13365,100
2786061321023445,590529,85,2760,13365,100
2786061326140474,590529,85,2760,13365,100
2786061331257584,590529,85,2760,13365,100
2786061336372866,590529,85,2760,13365,100
2786061341487651,590529,85,2760,13365,100
2786061346602772,590529,85,2760,13365,100
2786061351726731,590529,85,2760,13365,100
2786061356841408,590529,85,2760,13365,100
2786061361955620,590529,85,2760,13365,100
2786061367074349,590529,85,2760,13365,100
2786061372188365,590529,85,2760,13365,100
2786061377302517,590529,85,2760,13365,100
2786061382415666,590529,85,2760,13365,100
2786061387529200,590529,85,2760,13365,100
2786061392642580,590529,85,2760,13365,100
2786061397756314,590529,85,2760,13365,100
2786061402871087,590529,85,2760,13365,100
2786061407984104,590529,85,2760,13365,100
2786061413117194,590529,85,2760,13365,100
2786061418230508,590529,85,2760,13365,100
2786061423344337,590529,85,2760,13365,100
2786061428457945,590529,85,2760,13365,100
2786061433572405,590529,85,2760,13365,100
2786061438687054,590529,85,2760,13365,100
2786061443802286,590529,85,2760,13365,100
2786061448917011,590529,85,2760,13365,100
2786061454033263,590529,85,2760,13365,100
2786061459147814,590529,85,2760,13365,100
2786061464262660,590529,85,2760,13365,100
2786061469377084,590529,85,2760,13365,100
2786061474491354,590529,85,2760,13365,100
2786061479607077,590529,85,2760,13365,100
2786061484722243,590529,85,2760,13365,100
2786061489837793,590529,85,2760,13365,100
2786061494953082,590529,85,2760,13365,100
2786061500069054,590529,85,2760,13365,100
2786061505187355,590529,85,2760,13365,100
2786061510304192,590529,85,2760,13365,100
2786061515419676,590529,85,2760,13365,100
2786061520535766,590529,85,2760,13365,100
2786061525652511,590529,85,2760,13365,100
2786061530769443,590529,85,2760,13365,100
2786061535886479,590529,85,2760,13365,100
2786061541025278,590529,85,2760,13365,100
2786061546143281,590529,85,2760,13365,100
2786061551260092,590529,85,2760,13365,100
2786061556378422,590529,85,2760,13365,100
2786061561495614,590529,85,2760,13365,100
2786061566612423,590529,85,2760,13365,100
2786061571729779,590529,85,2760,13365,100
2786061576847896,590529,85,2760,13365,100
2786061581966093,590529,85,2760,13365,100
2786061587084003,590529,85,2760,13365,100
2786061592199689,590529,85,2760,13365,100
2786061597316539,590529,85,2760,13365,100
2786061602450009,590529,85,2760,13365,100
2786061607568558,590529,85,2760,13365,100
2786061612685366,590529,85,2760,13365,100
2786061617801122,590529,85,2760,13365,100
2786061622916863,590529,85,2760,13365,100
2786061628032383,590784,85,2760,13365,100
2786061633147622,590784,85,2760,13365,100
2786061638262707,590784,85,2760,13365,100
2786061643378000,590784,85,2760,13365,100
2786061648493365,590784,85,2760,13365,100
2786061653608994,590784,85,2760,13365,100
2786061658726306,590784,85,2760,13365,100
2786061663870643,590784,85,2760,13365,100
2786061668987394,590784,85,2760,13365,100
2786061674132386,590784,85,2760,13365,100
2786061679248107,590784,85,2760,13365,100
2786061684364139,590784,85,2760,13365,100
2786061689480383,590784,85,2760,13365,100
2786061694615148,590784,85,2760,13365,100
2786061699732337,590784,85,2760,13365,100
2786061704849563,590784,85,2760,13365,100
2786061709967595,590784,85,2760,13365,100
2786061715084614,590784,85,2760,13365,100
2786061720201269,590784,85,2760,13365,100
2786061725318270,590784,85,2760,13365,100
2786061730434914,590784,85,2760,13365,100
2786061735552417,590784,85,2760,13365,100
2786061740669208,590784,85,2760,13365,100
2786061745786480,590784,85,2760,13365,100
2786061750903782,590784,85,2760,13365,100
2786061756020589,590784,85,2760,13365,100
2786061761138493,590784,85,2760,13365,100
2786061766255505,590784,85,2760,13365,100
2786061771373042,590784,85,2760,13365,100
2786061776490044,590784,85,2760,13365,100
2786061781606789,590784,85,2760,13365,100
2786061786723931,590784,85,2760,13365,100
2786061791841231,590784,85,2760,13365,100
2786061796958235,590784,85,2760,13365,100
2786061802089984,590784,85,2760,13365,100
2786061807207128,590784,85,2760,13365,100
2786061812325188,590784,85,2760,13365,100
2786061817442829,590784,85,2760,13365,100
2786061822559485,590784,85,2760,13365,100
2786061827676761,590784,85,2760,13365,100
2786061832793526,590784,85,2760,13365,100
2786061837910890,590784,85,2760,13365,100
2786061843028239,590784,85,2760,13365,100
2786061848145233,590784,85,2760,13365,100
2786061853262088,590784,85,2760,13365,100
2786061858379380,590784,85,2760,13365,100
2786061863497893,590784,85,2760,13365,100
2786061868616376,590784,85,2760,13365,100
2786061873733487,590784,85,2760,13365,100
2786061878850745,590784,85,2760,13365,100
2786061883967725,590784,85,2760,13365,100
2786061889084615,590784,85,2760,13365,100
2786061894201647,590784,85,2760,13365,100
2786061899318499,590784,85,2760,13365,100
2786061904436463,590784,85,2760,13365,100
2786061909553564,590784,85,2760,13365,100
2786061914671408,590784,85,2760,13365,100
2786061919788565,590784,85,2760,13365,100
2786061924905189,590784,85,2760,13365,100
2786061930022053,590784,85,2760,13365,100
2786061935139769,590784,85,2760,13365,100
2786061940256854,590784,85,2760,13365,100
2786061945373894,590784,85,2760,13365,100
2786061950491200,590784,85,2760,13365,100
2786061955608555,590784,85,2760,13365,100
2786061960725835,590784,85,2760,13365,100
2786061965843024,590784,85,2760,13365,100
2786061970959928,590784,85,2760,13365,100
2786061976077429,590784,85,2760,13365,100
2786061981194413,590784,85,2760,13365,100
2786061986311322,590784,85,2760,13365,100
2786061991427921,590784,85,2760,13365,100
2786061996544912,590784,85,2760,13365,100
2786062001661870,590784,85,2760,13365,100
2786062006778830,590784,85,2760,13365,100
2786062011896395,590784,85,2760,13365,100
2786062017031799,590784,85,2760,13365,100
2786062022148544,590784,85,2760,13365,100
2786062027265264,590784,85,2760,13365,100
2786062032382143,590784,85,2760,13365,100
2786062037499145,590784,85,2760,13365,100
2786062042615777,590784,85,2760,13365,100
2786062047732530,590784,85,2760,13365,100
2786062052849528,590784,85,2760,13365,100
2786062057966579,590784,85,2760,13365,100
2786062063083291,590784,85,2760,13365,100
2786062068201673,590784,85,2760,13365,100
2786062073318571,590784,85,2760,13365,100
2786062078435220,590784,85,2760,13365,100
2786062083552040,590784,85,2760,13365,100
2786062088668980,590784,85,2760,13365,100
2786062093786025,590784,85,2760,13365,100
2786062098903662,590784,85,2760,13365,100
2786062104020918,590784,85,2760,13365,100
2786062109137634,590784,85,2760,13365,100
2786062114254553,590784,85,2760,13365,100
2786062119372687,590784,85,2760,13365,100
2786062124489411,591221,85,2760,13365,100
2786062129606628,591221,85,2760,13365,100
2786062134723650,591221,85,2760,13365,100
2786062139840294,591221,85,2760,13365,100
2786062144957368,591221,85,2760,13365,100
2786062150074681,591221,85,2760,13365,100
2786062155191550,591221,85,2760,13365,100
2786062160308510,591221,85,2760,13365,100
2786062165425426,591221,85,2760,13365,100
2786062170543579,591221,85,2760,13365,100
2786062175660399,591221,85,2760,13365,100
2786062180777195,591221,85,2760,13365,100
2786062185894234,591221,85,2760,13365,100
2786062191027740,591221,85,2760,13365,100
2786062196145348,591221,85,2760,13365,100
2786062201261813,591221,85,2760,13365,100
2786062206378937,591221,85,2760,13365,100
2786062211495689,591221,85,2760,13365,100
2786062216612790,591221,85,2760,13365,100
2786062221731299,591221,85,2760,13365,100
2786062226848862,591221,85,2760,13365,100
2786062231965848,591221,85,2760,13365,100
2786062237082631,591221,85,2760,13365,100
2786062242199484,591221,85,2760,13365,100
2786062247316724,591221,85,2760,13365,100
2786062252433313,591221,85,2760,13365,100
2786062257550655,591221,85,2760,13365,100
2786062262667225,591221,85,2760,13365,100
2786062267784031,591221,85,2760,13365,100
2786062272901926,591221,85,2760,13365,100
2786062278035078,591221,85,2760,13365,100
2786062283152110,591221,85,2760,13365,100
2786062288269123,591221,85,2760,13365,100
2786062293386000,591221,85,2760,13365,100
2786062298502572,591221,85,2760,13365,100
2786062303619702,591221,85,2760,13365,100
2786062308736812,591221,85,2760,13365,100
2786062313854181,591221,85,2760,13365,100
2786062318971221,591221,85,2760,13365,100
2786062324089341,591221,85,2760,13365,100
2786062329206718,591221,85,2760,13365,100
2786062334323739,591221,85,2760,13365,100
2786062339441063,591221,85,2760,13365,100
2786062344557415,591221,85,2760,13365,100
2786062349690876,591221,85,2760,13365,100
2786062354807666,591221,85,2760,13365,100
2786062359931508,591221,85,2760,13365,100
2786062365046249,591221,85,2760,13365,100
2786062370161597,591221,85,2760,13365,100
2786062375278377,591221,85,2760,13365,100
2786062380394354,591221,85,2760,13365,100
2786062385510238,591221,85,2760,13365,100
2786062390627134,591221,85,2760,13365,100
2786062395743763,591221,85,2760,13365,100
2786062400860011,591221,85,2760,13365,100
2786062405976071,591221,85,2760,13365,100
2786062411092736,591221,85,2760,13365,100
2786062416209584,591221,85,2760,13365,100
2786062421326055,591221,85,2760,13365,100
2786062426443945,591221,85,2760,13365,100
2786062431560769,591221,85,2760,13365,100
2786062436677822,591221,85,2760,13365,100
2786062441794690,591221,85,2760,13365,100
2786062446911270,591221,85,2760,13365,100
2786062452028451,591221,85,2760,13365,100
2786062457146100,591221,85,2760,13365,100
2786062462263144,591221,85,2760,13365,100
2786062467379888,591221,85,2760,13365,100
2786062472496484,591221,85,2760,13365,100
2786062477615051,591221,85,2760,13365,100
2786062482732021,591221,85,2760,13365,100
2786062487849674,591221,85,2760,13365,100
2786062492965886,591221,85,2760,13365,100
2786062498082750,591221,85,2760,13365,100
2786062503200191,591221,85,2760,13365,100
2786062508316904,591221,85,2760,13365,100
2786062513433699,591221,85,2760,13365,100
2786062518550672,591221,85,2760,13365,100
2786062523668512,591221,85,2760,13365,100
2786062528786569,591221,85,2760,13365,100
2786062533904213,591221,85,2760,13365,100
2786062539021010,591221,85,2760,13365,100
2786062544137502,591221,85,2760,13365,100
2786062549255002,591221,85,2760,13365,100
2786062554372983,591221,85,2760,13365,100
2786062559489879,591221,85,2760,13365,100
2786062564606712,591221,85,2760,13365,100
2786062569724116,591221,85,2760,13365,100
2786062574840976,591221,85,2760,13365,100
2786062579959700,591221,85,2760,13365,100
2786062585077569,591221,85,2760,13365,100
2786062590194479,591221,85,2760,13365,100
2786062595311444,591221,85,2760,13365,100
2786062600428562,591221,85,2760,13365,100
2786062605558446,591221,85,2760,13365,100
2786062610675644,591221,85,2760,13365,100
2786062615792855,591221,85,2760,13365,100
2786062620910475,591221,85,2760,13365,100
2786062626027919,591235,85,2760,13365,100
2786062631146284,591235,85,2760,13365,100
2786062636263437,591235,85,2760,13365,100
2786062641395292,591235,85,2760,13365,100
2786062646513433,591235,85,2760,13365,100
2786062651630221,591235,85,2760,13365,100
2786062656748016,591235,85,2760,13365,100
2786062661866015,591235,85,2760,13365,100
2786062666983179,591235,85,2760,13365,100
2786062672129647,591235,85,2760,13365,100
2786062677246843,591235,85,2760,13365,100
2786062682366623,591235,85,2760,13365,100
2786062687483840,591235,85,2760,13365,100
2786062692600648,591235,85,2760,13365,100
2786062697718411,591235,85,2760,13365,100
2786062702844375,591235,85,2760,13365,100
2786062707961293,591235,85,2760,13365,100
2786062713084624,591235,85,2760,13365,100
2786062718201256,591235,85,2760,13365,100
2786062723318127,591235,85,2760,13365,100
2786062728434870,591235,85,2760,13365,100
2786062733553136,591235,85,2760,13365,100
2786062738670404,591235,85,2760,13365,100
2786062743787244,591235,85,2760,13365,100
2786062748904704,591235,85,2760,13365,100
2786062754022181,591235,85,2760,13365,100
2786062759139265,591235,85,2760,13365,100
2786062764255953,591235,85,2760,13365,100
2786062769372526,591235,85,2760,13365,100
2786062774489896,591235,85,2760,13365,100
2786062779607054,591235,85,2760,13365,100
2786062784725414,591235,85,2760,13365,100
2786062789842175,591235,85,2760,13365,100
2786062794958899,591235,85,2760,13365,100
2786062800076686,591235,85,2760,13365,100
2786062805193721,591235,85,2760,13365,100
2786062810310467,591235,85,2760,13365,100
2786062815427225,591235,85,2760,13365,100
2786062820544185,591235,85,2760,13365,100
2786062825661049,591235,85,2760,13365,100
2786062830777838,591235,85,2760,13365,100
2786062835896203,591235,85,2760,13365,100
2786062841036111,591235,85,2760,13365,100
2786062846153137,591235,85,2760,13365,100
2786062851270111,591235,85,2760,13365,100
2786062856386926,591235,85,2760,13365,100
2786062861503316,591235,85,2760,13365,100
2786062866620384,591235,85,2760,13365,100
2786062871737601,591235,85,2760,13365,100
2786062876854662,591235,85,2760,13365,100
2786062881972262,591235,85,2760,13365,100
2786062887090714,591235,85,2760,13365,100
2786062892207826,591235,85,2760,13365,100
2786062897325131,591235,85,2760,13365,100
2786062902442416,591235,85,2760,13365,100
2786062907571452,591235,85,2760,13365,100
2786062912688252,591235,85,2760,13365,100
2786062917805360,591235,85,2760,13365,100
2786062922922292,591235,85,2760,13365,100
2786062928039515,591235,85,2760,13365,100
2786062933156732,591235,85,2760,13365,100
2786062938274898,591235,85,2760,13365,100
2786062943392960,591235,85,2760,13365,100
2786062948510250,591235,85,2760,13365,100
2786062953627109,591235,85,2760,13365,100
2786062958743788,591235,85,2760,13365,100
2786062963860898,591235,85,2760,13365,100
2786062968978080,591235,85,2760,13365,100
2786062974095576,591235,85,2760,13365,100
2786062979212824,591235,85,2760,13365,100
2786062984330125,591235,85,2760,13365,100
2786062989448442,591235,85,2760,13365,100
2786062994565282,591235,85,2760,13365,100
2786062999682123,591235,85,2760,13365,100
2786063004820042,591235,85,2760,13365,100
2786063009939379,591235,85,2760,13365,100
2786063015056819,591235,85,2760,13365,100
2786063020173844,591235,85,2760,13365,100
2786063025291183,591235,85,2760,13365,100
2786063030408028,591235,85,2760,13365,100
2786063035524933,591235,85,2760,13365,100
2786063040643869,591235,85,2760,13365,100
2786063045761033,591235,85,2760,13365,100
2786063050877606,591235,85,2760,13365,100
2786063055994670,591235,85,2760,13365,100
2786063061134779,591235,85,2760,13365,100
2786063066251511,591235,85,2760,13365,100
2786063071368379,591235,85,2760,13365,100
2786063076489472,591235,85,2760,13365,100
2786063081606308,591235,85,2760,13365,100
2786063086723232,591235,85,2760,13365,100
2786063091841869,591235,85,2760,13365,100
2786063096958701,591235,85,2760,13365,100
2786063102075676,591235,85,2760,13365,100
2786063107192534,591235,85,2760,13365,100
2786063112309524,591235,85,2760,13365,100
2786063117426707,591235,85,2760,13365,100
2786063122543903,591235,85,2760,13365,100
2786063127661011,591266,85,2760,13365,100
2786063132778088,591266,85,2760,13365,100
2786063137895360,591266,85,2760,13365,100
2786063143030285,591266,85,2760,13365,100
2786063148147644,591266,85,2760,13365,100
2786063153265113,591266,85,2760,13365,100
2786063158382013,591266,85,2760,13365,100
2786063163498848,591266,85,2760,13365,100
2786063168615988,591266,85,2760,13365,100
2786063173732999,591266,85,2760,13365,100
2786063178850381,591266,85,2760,13365,100
2786063183967259,591266,85,2760,13365,100
2786063189084319,591266,85,2760,13365,100
2786063194202792,591266,85,2760,13365,100
2786063199320008,591266,85,2760,13365,100
2786063204437023,591266,85,2760,13365,100
2786063209553929,591266,85,2760,13365,100
2786063214670692,591266,85,2760,13365,100
2786063219787316,591266,85,2760,13365,100
2786063224904220,591266,85,2760,13365,100
2786063230021172,591266,85,2760,13365,100
2786063235138235,591266,85,2760,13365,100
2786063240255014,591266,85,2760,13365,100
2786063245373438,591266,85,2760,13365,100
2786063250490604,591266,85,2760,13365,100
2786063255607376,591266,85,2760,13365,100
2786063260724351,591266,85,2760,13365,100
2786063265841335,591266,85,2760,13365,100
2786063270958186,591266,85,2760,13365,100
2786063276075172,591266,85,2760,13365,100
2786063281192150,591266,85,2760,13365,100
2786063286309179,591266,85,2760,13365,100
2786063291425745,591266,85,2760,13365,100
2786063296544296,591266,85,2760,13365,100
2786063301661406,591266,85,2760,13365,100
2786063306778390,591266,85,2760,13365,100
2786063311895241,591266,85,2760,13365,100
2786063317033233,591266,85,2760,13365,100
2786063322149743,591266,85,2760,13365,100
2786063327266862,591266,85,2760,13365,100
2786063332383472,591266,85,2760,13365,100
2786063337500991,591266,85,2760,13365,100
2786063342618154,591266,85,2760,13365,100
2786063347737080,591266,85,2760,13365,100
2786063352854859,591266,85,2760,13365,100
2786063357971632,591266,85,2760,13365,100
2786063363088660,591266,85,2760,13365,100
2786063368205729,591266,85,2760,13365,100
2786063373322401,591266,85,2760,13365,100
2786063378454513,591266,85,2760,13365,100
2786063383572022,591266,85,2760,13365,100
2786063388689334,591266,85,2760,13365,100
2786063393806418,591266,85,2760,13365,100
2786063398924998,591266,85,2760,13365,100
2786063404041908,591266,85,2760,13365,100
2786063409158638,591266,85,2760,13365,100
2786063414275568,591266,85,2760,13365,100
2786063419392668,591266,85,2760,13365,100
2786063424509944,591266,85,2760,13365,100
2786063429626437,591266,85,2760,13365,100
2786063434743589,591266,85,2760,13365,100
2786063439860458,591266,85,2760,13365,100
2786063444977402,591266,85,2760,13365,100
2786063450096058,591266,85,2760,13365,100
2786063455212991,591266,85,2760,13365,100
2786063460329807,591266,85,2760,13365,100
2786063465446493,591266,85,2760,13365,100
2786063470563384,591266,85,2760,13365,100
2786063475680393,591266,85,2760,13365,100
2786063480796165,591266,85,2760,13365,100
2786063485913113,591266,85,2760,13365,100
2786063491030237,591266,85,2760,13365,100
2786063496147032,591266,85,2760,13365,100
2786063501273610,591266,85,2760,13365,100
2786063506391106,591266,85,2760,13365,100
2786063511508213,591266,85,2760,13365,100
2786063516625495,591266,85,2760,13365,100
2786063521742254,591266,85,2760,13365,100
2786063526859438,591266,85,2760,13365,100
2786063531976288,591266,85,2760,13365,100
2786063537093189,591266,85,2760,13365,100
2786063542210341,591266,85,2760,13365,100
2786063547328376,591266,85,2760,13365,100
2786063552463408,591266,85,2760,13365,100
2786063557580059,591266,85,2760,13365,100
2786063562696818,591266,85,2760,13365,100
2786063567813893,591266,85,2760,13365,100
2786063572930656,591266,85,2760,13365,100
2786063578047982,591266,85,2760,13365,100
2786063583165465,591266,85,2760,13365,100
2786063588282300,591266,85,2760,13365,100
2786063593399541,591266,85,2760,13365,100
2786063598516159,591266,85,2760,13365,100
2786063603634686,591266,85,2760,13365,100
2786063608751662,591266,85,2760,13365,100
2786063613881472,591266,85,2760,13365,100
2786063618998483,591266,85,2760,13365,100
2786063624174070,591968,85,2760,13365,100
2786063629290939,591968,85,2760,13365,100
2786063634407859,591968,85,2760,13365,100
2786063639524832,591968,85,2760,13365,100
2786063644641696,591968,85,2760,13365,100
2786063649758712,591968,85,2760,13365,100
2786063654877827,591968,85,2760,13365,100
2786063660025025,591968,85,2760,13365,100
2786063665141970,591968,85,2760,13365,100
2786063670258834,591968,85,2760,13365,100
2786063675375670,591968,85,2760,13365,100
2786063680493018,591968,85,2760,13365,100
2786063685609843,591968,85,2760,13365,100
2786063690726459,591968,85,2760,13365,100
2786063695843295,591968,85,2760,13365,100
2786063700960300,591968,85,2760,13365,100
2786063706078960,591968,85,2760,13365,100
2786063711195881,591968,85,2760,13365,100
2786063716312877,591968,85,2760,13365,100
2786063721429953,591968,85,2760,13365,100
2786063726546868,591968,85,2760,13365,100
2786063731663854,591968,85,2760,13365,100
2786063736781164,591968,85,2760,13365,100
2786063741897991,591968,85,2760,13365,100
2786063747037251,591968,85,2760,13365,100
2786063752154492,591968,85,2760,13365,100
2786063757273096,591968,85,2760,13365,100
2786063762389893,591968,85,2760,13365,100
2786063767507132,591968,85,2760,13365,100
2786063772624185,591968,85,2760,13365,100
2786063777740972,591968,85,2760,13365,100
2786063782858065,591968,85,2760,13365,100
2786063787990448,591968,85,2760,13365,100
2786063793124599,591968,85,2760,13365,100
2786063798243918,591968,85,2760,13365,100
2786063803360883,591968,85,2760,13365,100
2786063808479363,591968,85,2760,13365,100
2786063813596352,591968,85,2760,13365,100
2786063818713468,591968,85,2760,13365,100
2786063823829964,591968,85,2760,13365,100
2786063828947245,591968,85,2760,13365,100
2786063834063801,591968,85,2760,13365,100
2786063839180866,591968,85,2760,13365,100
2786063844297758,591968,85,2760,13365,100
2786063849429951,591968,85,2760,13365,100
2786063854546990,591968,85,2760,13365,100
2786063859665859,591968,85,2760,13365,100
2786063864782746,591968,85,2760,13365,100
2786063869899280,591968,85,2760,13365,100
2786063875020444,591968,85,2760,13365,100
2786063880137879,591968,85,2760,13365,100
2786063885255556,591968,85,2760,13365,100
2786063890372517,591968,85,2760,13365,100
2786063895489099,591968,85,2760,13365,100
2786063900606090,591968,85,2760,13365,100
2786063905722895,591968,85,2760,13365,100
2786063910841135,591968,85,2760,13365,100
2786063915968815,591968,85,2760,13365,100
2786063921085694,591968,85,2760,13365,100
2786063926202728,591968,85,2760,13365,100
2786063931319772,591968,85,2760,13365,100
2786063936436527,591968,85,2760,13365,100
2786063941553339,591968,85,2760,13365,100
2786063946670870,591968,85,2760,13365,100
2786063951788360,591968,85,2760,13365,100
2786063956905204,591968,85,2760,13365,100
2786063962023382,591968,85,2760,13365,100
2786063967140467,591968,85,2760,13365,100
2786063972256965,591968,85,2760,13365,100
2786063977374255,591968,85,2760,13365,100
2786063982491328,591968,85,2760,13365,100
2786063987608304,591968,85,2760,13365,100
2786063992724955,591968,85,2760,13365,100
2786063997842445,591968,85,2760,13365,100
2786064002959293,591968,85,2760,13365,100
2786064008076242,591968,85,2760,13365,100
2786064013194926,591968,85,2760,13365,100
2786064018311924,591968,85,2760,13365,100
2786064023429101,591968,85,2760,13365,100
2786064028545706,591968,85,2760,13365,100
2786064033662759,591968,85,2760,13365,100
2786064038779756,591968,85,2760,13365,100
2786064043896768,591968,85,2760,13365,100
2786064049033191,591968,85,2760,13365,100
2786064054150469,591968,85,2760,13365,100
2786064059267305,591968,85,2760,13365,100
2786064064385798,591968,85,2760,13365,100
2786064069503135,591968,85,2760,13365,100
2786064074620079,591968,85,2760,13365,100
2786064079746675,591968,85,2760,13365,100
2786064084863828,591968,85,2760,13365,100
2786064089980298,591968,85,2760,13365,100
2786064095114980,591968,85,2760,13365,100
2786064100232434,591968,85,2760,13365,100
2786064105349940,591968,85,2760,13365,100
2786064110466657,591968,85,2760,13365,100
2786064115585133,591968,85,2760,13365,100
2786064120702354,591968,85,2760,13365,100
2786064125819548,592131,85,2760,13365,100
2786064130936275,592131,85,2760,13365,100
2786064136053063,592131,85,2760,13365,100
2786064141170127,592131,85,2760,13365,100
2786064146286784,592131,85,2760,13365,100
2786064151403943,592131,85,2760,13365,100
2786064156521642,592131,85,2760,13365,100
2786064161638385,592131,85,2760,13365,100
2786064166756731,592131,85,2760,13365,100
2786064171873428,592131,85,2760,13365,100
2786064176990002,592131,85,2760,13365,100
2786064182128750,592131,85,2760,13365,100
2786064187245923,592131,85,2760,13365,100
2786064192362711,592131,85,2760,13365,100
2786064197479763,592131,85,2760,13365,100
2786064202596616,592131,85,2760,13365,100
2786064207713300,592131,85,2760,13365,100
2786064212830248,592131,85,2760,13365,100
2786064217948789,592131,85,2760,13365,100
2786064223065826,592131,85,2760,13365,100
2786064228182996,592131,85,2760,13365,100
2786064233300114,592131,85,2760,13365,100
2786064238417083,592131,85,2760,13365,100
2786064243534038,592131,85,2760,13365,100
2786064248651187,592131,85,2760,13365,100
2786064253769656,592131,85,2760,13365,100
2786064258887780,592131,85,2760,13365,100
2786064264021236,592131,85,2760,13365,100
2786064269138964,592131,85,2760,13365,100
2786064274254903,592131,85,2760,13365,100
2786064279369973,592131,85,2760,13365,100
2786064284485562,592131,85,2760,13365,100
2786064289600848,592131,85,2760,13365,100
2786064294715654,592131,85,2760,13365,100
2786064299830164,592131,85,2760,13365,100
2786064304944941,592131,85,2760,13365,100
2786064310059764,592131,85,2760,13365,100
2786064315192464,592131,85,2760,13365,100
2786064320309120,592131,85,2760,13365,100
2786064325425839,592131,85,2760,13365,100
2786064330542105,592131,85,2760,13365,100
2786064335658481,592131,85,2760,13365,100
2786064340775085,592131,85,2760,13365,100
2786064345891990,592131,85,2760,13365,100
2786064351026999,592131,85,2760,13365,100
2786064356143438,592131,85,2760,13365,100
2786064361259939,592131,85,2760,13365,100
2786064366376252,592131,85,2760,13365,100
2786064371493851,592131,85,2760,13365,100
2786064376610852,592131,85,2760,13365,100
2786064381727907,592131,85,2760,13365,100
2786064386845679,592131,85,2760,13365,100
2786064391962174,592131,85,2760,13365,100
2786064397078854,592131,85,2760,13365,100
2786064402195577,592131,85,2760,13365,100
2786064407312669,592131,85,2760,13365,100
2786064412429562,592131,85,2760,13365,100
2786064417546537,592131,85,2760,13365,100
2786064422665251,592131,85,2760,13365,100
2786064427782114,592131,85,2760,13365,100
2786064432899512,592131,85,2760,13365,100
2786064438036497,592131,85,2760,13365,100
2786064443153885,592131,85,2760,13365,100
2786064448270822,592131,85,2760,13365,100
2786064453387914,592131,85,2760,13365,100
2786064458504838,592131,85,2760,13365,100
2786064463621544,592131,85,2760,13365,100
2786064468738087,592131,85,2760,13365,100
2786064473857431,592131,85,2760,13365,100
2786064478974219,592131,85,2760,13365,100
2786064484091088,592131,85,2760,13365,100
2786064489208158,592131,85,2760,13365,100
2786064494325612,592131,85,2760,13365,100
2786064499442461,592131,85,2760,13365,100
2786064504560986,592131,85,2760,13365,100
2786064509678182,592131,85,2760,13365,100
2786064514795442,592131,85,2760,13365,100
2786064519913405,592131,85,2760,13365,100
2786064525032909,592131,85,2760,13365,100
2786064530150007,592131,85,2760,13365,100
2786064535267051,592131,85,2760,13365,100
2786064540384642,592131,85,2760,13365,100
2786064545501488,592131,85,2760,13365,100
2786064550619071,592131,85,2760,13365,100
2786064555736193,592131,85,2760,13365,100
2786064560853382,592131,85,2760,13365,100
2786064565970702,592131,85,2760,13365,100
2786064571088436,592131,85,2760,13365,100
2786064576206826,592131,85,2760,13365,100
2786064581323550,592131,85,2760,13365,100
2786064586440563,592131,85,2760,13365,100
2786064591557155,592131,85,2760,13365,100
2786064596674120,592131,85,2760,13365,100
2786064601790413,592131,85,2760,13365,100
2786064606907165,592131,85,2760,13365,100
2786064612024353,592131,85,2760,13365,100
2786064617141201,592131,85,2760,13365,100
2786064622258290,592131,85,2760,13365,100
2786064627376986,592570,85,2760,13365,100
2786064632494134,592570,85,2760,13365,100
2786064637618479,592570,85,2760,13365,100
2786064642734959,592570,85,2760,13365,100
2786064647852456,592570,85,2760,13365,100
2786064652969358,592570,85,2760,13365,100
2786064658086372,592570,85,2760,13365,100
2786064663203113,592570,85,2760,13365,100
2786064668320679,592570,85,2760,13365,100
2786064673437716,592570,85,2760,13365,100
2786064678556455,592570,85,2760,13365,100
2786064683673465,592570,85,2760,13365,100
2786064688790367,592570,85,2760,13365,100
2786064693907141,592570,85,2760,13365,100
2786064699024360,592570,85,2760,13365,100
2786064704141604,592570,85,2760,13365,100
2786064709258626,592570,85,2760,13365,100
2786064714375311,592570,85,2760,13365,100
2786064719491813,592570,85,2760,13365,100
2786064724608618,592570,85,2760,13365,100
2786064729726726,592570,85,2760,13365,100
2786064734844136,592570,85,2760,13365,100
2786064739960715,592570,85,2760,13365,100
2786064745077367,592570,85,2760,13365,100
2786064750195056,592570,85,2760,13365,100
2786064755312153,592570,85,2760,13365,100
2786064760429144,592570,85,2760,13365,100
2786064765545355,592570,85,2760,13365,100
2786064770675297,592570,85,2760,13365,100
2786064775791761,592570,85,2760,13365,100
2786064780910613,592570,85,2760,13365,100
2786064786027405,592570,85,2760,13365,100
2786064791144550,592570,85,2760,13365,100
2786064796261603,592570,85,2760,13365,100
2786064801379535,592570,85,2760,13365,100
2786064806496064,592570,85,2760,13365,100
2786064811612976,592570,85,2760,13365,100
2786064816729846,592570,85,2760,13365,100
2786064821847128,592570,85,2760,13365,100
2786064826964129,592570,85,2760,13365,100
2786064832082825,592570,85,2760,13365,100
2786064837214350,592570,85,2760,13365,100
2786064842344682,592570,85,2760,13365,100
2786064847475094,592570,85,2760,13365,100
2786064852592002,592570,85,2760,13365,100
2786064857708782,592570,85,2760,13365,100
2786064862825367,592570,85,2760,13365,100
2786064867943607,592570,85,2760,13365,100
2786064873060336,592570,85,2760,13365,100
2786064878177184,592570,85,2760,13365,100
2786064883295615,592570,85,2760,13365,100
2786064888412661,592570,85,2760,13365,100
2786064893529917,592570,85,2760,13365,100
2786064898647148,592570,85,2760,13365,100
2786064903763927,592570,85,2760,13365,100
2786064908881057,592570,85,2760,13365,100
2786064913998151,592570,85,2760,13365,100
2786064919138885,592570,85,2760,13365,100
2786064924255823,592570,85,2760,13365,100
2786064929372640,592570,85,2760,13365,100
2786064934491173,592570,85,2760,13365,100
2786064939608928,592570,85,2760,13365,100
2786064944733669,592570,85,2760,13365,100
2786064949850801,592570,85,2760,13365,100
2786064954967594,592570,85,2760,13365,100
2786064960084990,592570,85,2760,13365,100
2786064965202567,592570,85,2760,13365,100
2786064970337429,592570,85,2760,13365,100
2786064975454207,592570,85,2760,13365,100
2786064980573519,592570,85,2760,13365,100
2786064985692016,592570,85,2760,13365,100
2786064990808484,592570,85,2760,13365,100
2786064995925980,592570,85,2760,13365,100
2786065001042777,592570,85,2760,13365,100
2786065006160659,592570,85,2760,13365,100
2786065011278050,592570,85,2760,13365,100
2786065016394694,592570,85,2760,13365,100
2786065021511660,592570,85,2760,13365,100
2786065026628710,592570,85,2760,13365,100
2786065031745941,592570,85,2760,13365,100
2786065036864968,592570,85,2760,13365,100
2786065041982090,592570,85,2760,13365,100
2786065047119148,592570,85,2760,13365,100
2786065052236057,592570,85,2760,13365,100
2786065057352905,592570,85,2760,13365,100
2786065062469562,592570,85,2760,13365,100
2786065067587006,592570,85,2760,13365,100
2786065072703886,592570,85,2760,13365,100
2786065077820883,592570,85,2760,13365,100
2786065082937854,592570,85,2760,13365,100
2786065088056289,592570,85,2760,13365,100
2786065093173413,592570,85,2760,13365,100
2786065098290412,592570,85,2760,13365,100
2786065103407676,592570,85,2760,13365,100
2786065108524674,592570,85,2760,13365,100
2786065113641497,592570,85,2760,13365,100
2786065118758057,592570,85,2760,13365,100
2786065123874774,592514,85,2760,13365,100
2786065128991686,592514,85,2760,13365,100
2786065134130390,592514,85,2760,13365,100
2786065139249342,592514,85,2760,13365,100
2786065144366107,592514,85,2760,13365,100
2786065149483751,592514,85,2760,13365,100
2786065154601300,592514,85,2760,13365,100
2786065159718305,592514,85,2760,13365,100
2786065164835489,592514,85,2760,13365,100
2786065169952392,592514,85,2760,13365,100
2786065175069253,592514,85,2760,13365,100
2786065180186017,592514,85,2760,13365,100
2786065185302786,592514,85,2760,13365,100
2786065190420966,592514,85,2760,13365,100
2786065195538471,592514,85,2760,13365,100
2786065200655443,592514,85,2760,13365,100
2786065205772028,592514,85,2760,13365,100
2786065210889300,592514,85,2760,13365,100
2786065216027980,592514,85,2760,13365,100
2786065221144972,592514,85,2760,13365,100
2786065226262225,592514,85,2760,13365,100
2786065231379125,592514,85,2760,13365,100
2786065236496522,592514,85,2760,13365,100
2786065241614782,592514,85,2760,13365,100
2786065246732046,592514,85,2760,13365,100
2786065251849359,592514,85,2760,13365,100
2786065256966428,592514,85,2760,13365,100
2786065262083040,592514,85,2760,13365,100
2786065267200272,592514,85,2760,13365,100
2786065272317492,592514,85,2760,13365,100
2786065277434245,592514,85,2760,13365,100
2786065282551505,592514,85,2760,13365,100
2786065287668829,592514,85,2760,13365,100
2786065292787446,592514,85,2760,13365,100
2786065297904846,592514,85,2760,13365,100
2786065303021413,592514,85,2760,13365,100
2786065308138627,592514,85,2760,13365,100
2786065313255363,592514,85,2760,13365,100
2786065318372493,592514,85,2760,13365,100
2786065323489518,592514,85,2760,13365,100
2786065328606635,592514,85,2760,13365,100
2786065333723207,592514,85,2760,13365,100
2786065338839993,592514,85,2760,13365,100
2786065343958357,592514,85,2760,13365,100
2786065349075590,592514,85,2760,13365,100
2786065354192784,592514,85,2760,13365,100
2786065359310683,592514,85,2760,13365,100
2786065364428191,592514,85,2760,13365,100
2786065369544904,592514,85,2760,13365,100
2786065374661463,592514,85,2760,13365,100
2786065379777864,592514,85,2760,13365,100
2786065384893761,592514,85,2760,13365,100
2786065390025885,592514,85,2760,13365,100
2786065395143339,592514,85,2760,13365,100
2786065400258576,592514,85,2760,13365,100
2786065405373980,592514,85,2760,13365,100
2786065410489130,592514,85,2760,13365,100
2786065415604475,592514,85,2760,13365,100
2786065420719407,592514,85,2760,13365,100
2786065425835818,592514,85,2760,13365,100
2786065430951835,592514,85,2760,13365,100
2786065436067861,592514,85,2760,13365,100
2786065441184804,592514,85,2760,13365,100
2786065446303525,592514,85,2760,13365,100
2786065451420094,592514,85,2760,13365,100
2786065456537882,592514,85,2760,13365,100
2786065461654618,592514,85,2760,13365,100
2786065466771791,592514,85,2760,13365,100
2786065471889245,592514,85,2760,13365,100
2786065477029507,592514,85,2760,13365,100
2786065482147324,592514,85,2760,13365,100
2786065487263963,592514,85,2760,13365,100
2786065492381422,592514,85,2760,13365,100
2786065497499892,592514,85,2760,13365,100
2786065502617143,592514,85,2760,13365,100
2786065507734617,592514,85,2760,13365,100
2786065512852006,592514,85,2760,13365,100
2786065517969051,592514,85,2760,13365,100
2786065523086141,592514,85,2760,13365,100
2786065528202813,592514,85,2760,13365,100
2786065533319847,592514,85,2760,13365,100
2786065538436647,592514,85,2760,13365,100
2786065543564160,592514,85,2760,13365,100
2786065548683721,592514,85,2760,13365,100
2786065553801156,592514,85,2760,13365,100
2786065558918426,592514,85,2760,13365,100
2786065564035565,592514,85,2760,13365,100
2786065569152374,592514,85,2760,13365,100
2786065574269308,592514,85,2760,13365,100
2786065579388358,592514,85,2760,13365,100
2786065584505343,592514,85,2760,13365,100
2786065589622115,592514,85,2760,13365,100
2786065594764020,592514,85,2760,13365,100
2786065599882608,592514,85,2760,13365,100
2786065604999416,592514,85,2760,13365,100
2786065610146909,592514,85,2760,13365,100
2786065615263708,592514,85,2760,13365,100
2786065620381637,592514,85,2760,13365,100
2786065625516757,591843,85,2760,13365,100
2786065630634012,591843,85,2760,13365,100
2786065635751696,591843,85,2760,13365,100
2786065640869494,591843,85,2760,13365,100
2786065645987343,591843,85,2760,13365,100
2786065651127763,591843,85,2760,13365,100
2786065656245608,591843,85,2760,13365,100
2786065661363318,591843,85,2760,13365,100
2786065666481044,591843,85,2760,13365,100
2786065671598614,591843,85,2760,13365,100
2786065676715764,591843,85,2760,13365,100
2786065681833877,591843,85,2760,13365,100
2786065686951709,591843,85,2760,13365,100
2786065692069244,591843,85,2760,13365,100
2786065697186591,591843,85,2760,13365,100
2786065702305219,591843,85,2760,13365,100
2786065707423683,591843,85,2760,13365,100
2786065712542384,591843,85,2760,13365,100
2786065717660206,591843,85,2760,13365,100
2786065722777868,591843,85,2760,13365,100
2786065727895744,591843,85,2760,13365,100
2786065733031133,591843,85,2760,13365,100
2786065738149158,591843,85,2760,13365,100
2786065743265810,591843,85,2760,13365,100
2786065748382854,591843,85,2760,13365,100
2786065753501202,591843,85,2760,13365,100
2786065758618283,591843,85,2760,13365,100
2786065763735279,591843,85,2760,13365,100
2786065768852544,591843,85,2760,13365,100
2786065773969480,591843,85,2760,13365,100
2786065779087020,591843,85,2760,13365,100
2786065784204105,591843,85,2760,13365,100
2786065789320829,591843,85,2760,13365,100
2786065794438145,591843,85,2760,13365,100
2786065799555585,591843,85,2760,13365,100
2786065804674586,591843,85,2760,13365,100
2786065809791270,591843,85,2760,13365,100
2786065814908306,591843,85,2760,13365,100
2786065820025101,591843,85,2760,13365,100
2786065825141976,591843,85,2760,13365,100
2786065830259056,591843,85,2760,13365,100
2786065835376667,591843,85,2760,13365,100
2786065840493280,591843,85,2760,13365,100
2786065845609681,591843,85,2760,13365,100
2786065850726693,591843,85,2760,13365,100
2786065855845198,591843,85,2760,13365,100
2786065860961983,591843,85,2760,13365,100
2786065866079927,591843,85,2760,13365,100
2786065871197487,591843,85,2760,13365,100
2786065876314389,591843,85,2760,13365,100
2786065881431544,591843,85,2760,13365,100
2786065886548288,591843,85,2760,13365,100
2786065891665264,591843,85,2760,13365,100
2786065896782361,591843,85,2760,13365,100
2786065901900069,591843,85,2760,13365,100
2786065907036982,591843,85,2760,13365,100
2786065912154866,591843,85,2760,13365,100
2786065917272030,591843,85,2760,13365,100
2786065922389130,591843,85,2760,13365,100
2786065927505951,591843,85,2760,13365,100
2786065932622983,591843,85,2760,13365,100
2786065937740163,591843,85,2760,13365,100
2786065942857564,591843,85,2760,13365,100
2786065947974565,591843,85,2760,13365,100
2786065953092129,591843,85,2760,13365,100
2786065958209931,591843,85,2760,13365,100
2786065963326794,591843,85,2760,13365,100
2786065968443786,591843,85,2760,13365,100
2786065973561604,591843,85,2760,13365,100
2786065978678716,591843,85,2760,13365,100
2786065983795148,591843,85,2760,13365,100
2786065988912403,591843,85,2760,13365,100
2786065994029842,591843,85,2760,13365,100
2786065999146814,591843,85,2760,13365,100
2786066004263538,591843,85,2760,13365,100
2786066009382213,591843,85,2760,13365,100
2786066014498889,591843,85,2760,13365,100
2786066019616118,591843,85,2760,13365,100
2786066024733026,591843,85,2760,13365,100
2786066029850080,591843,85,2760,13365,100
2786066034967137,591843,85,2760,13365,100
2786066040084783,591843,85,2760,13365,100
2786066045201644,591843,85,2760,13365,100
2786066050318460,591843,85,2760,13365,100
2786066055435640,591843,85,2760,13365,100
2786066060553579,591843,85,2760,13365,100
2786066065670221,591843,85,2760,13365,100
2786066070786486,591843,85,2760,13365,100
2786066075903366,591843,85,2760,13365,100
2786066081020546,591843,85,2760,13365,100
2786066086137339,591843,85,2760,13365,100
2786066091253918,591843,85,2760,13365,100
2786066096371004,591843,85,2760,13365,100
2786066101488103,591843,85,2760,13365,100
2786066106604732,591843,85,2760,13365,100
2786066111722923,591843,85,2760,13365,100
2786066116839653,591843,85,2760,13365,100
2786066121957031,591843,85,2760,13365,100
2786066127073850,591941,85,2760,13365,100
2786066132190918,591941,85,2760,13365,100
2786066137307723,591941,85,2760,13365,100
2786066142424738,591941,85,2760,13365,100
2786066147541807,591941,85,2760,13365,100
2786066152659123,591941,85,2760,13365,100
2786066157775948,591941,85,2760,13365,100
2786066162894036,591941,85,2760,13365,100
2786066168034120,591941,85,2760,13365,100
2786066173151648,591941,85,2760,13365,100
2786066178268619,591941,85,2760,13365,100
2786066183385884,591941,85,2760,13365,100
2786066188503128,591941,85,2760,13365,100
2786066193619807,591941,85,2760,13365,100
2786066198736726,591941,85,2760,13365,100
2786066203854371,591941,85,2760,13365,100
2786066208971713,591941,85,2760,13365,100
2786066214089852,591941,85,2760,13365,100
2786066219206856,591941,85,2760,13365,100
2786066224323612,591941,85,2760,13365,100
2786066229440753,591941,85,2760,13365,100
2786066234556933,591941,85,2760,13365,100
2786066239673806,591941,85,2760,13365,100
2786066244790829,591941,85,2760,13365,100
2786066249907735,591941,85,2760,13365,100
2786066255024714,591941,85,2760,13365,100
2786066260141549,591941,85,2760,13365,100
2786066265259608,591941,85,2760,13365,100
2786066270376858,591941,85,2760,13365,100
2786066275494076,591941,85,2760,13365,100
2786066280628396,591941,85,2760,13365,100
2786066285775080,591941,85,2760,13365,100
2786066290891401,591941,85,2760,13365,100
2786066296025249,591941,85,2760,13365,100
2786066301142157,591941,85,2760,13365,100
2786066306259058,591941,85,2760,13365,100
2786066311376011,591941,85,2760,13365,100
2786066316494419,591941,85,2760,13365,100
2786066321611243,591941,85,2760,13365,100
2786066326728324,591941,85,2760,13365,100
2786066331845898,591941,85,2760,13365,100
2786066336962676,591941,85,2760,13365,100
2786066342079819,591941,85,2760,13365,100
2786066347196937,591941,85,2760,13365,100
2786066352314675,591941,85,2760,13365,100
2786066357431654,591941,85,2760,13365,100
2786066362550431,591941,85,2760,13365,100
2786066367668814,591941,85,2760,13365,100
2786066372785965,591941,85,2760,13365,100
2786066377903015,591941,85,2760,13365,100
2786066383020148,591941,85,2760,13365,100
2786066388137478,591941,85,2760,13365,100
2786066393254477,591941,85,2760,13365,100
2786066398371656,591941,85,2760,13365,100
2786066403488557,591941,85,2760,13365,100
2786066408606041,591941,85,2760,13365,100
2786066413723118,591941,85,2760,13365,100
2786066418841284,591941,85,2760,13365,100
2786066423958771,591941,85,2760,13365,100
2786066429075787,591941,85,2760,13365,100
2786066434192987,591941,85,2760,13365,100
2786066439309884,591941,85,2760,13365,100
2786066444426704,591941,85,2760,13365,100
2786066449544076,591941,85,2760,13365,100
2786066454661135,591941,85,2760,13365,100
2786066459776774,591941,85,2760,13365,100
2786066464893690,591941,85,2760,13365,100
2786066470032526,591941,85,2760,13365,100
2786066475149647,591941,85,2760,13365,100
2786066480266617,591941,85,2760,13365,100
2786066485383475,591941,85,2760,13365,100
2786066490500420,591941,85,2760,13365,100
2786066495617932,591941,85,2760,13365,100
2786066500734624,591941,85,2760,13365,100
2786066505852588,591941,85,2760,13365,100
2786066510970073,591941,85,2760,13365,100
2786066516086941,591941,85,2760,13365,100
2786066521205230,591941,85,2760,13365,100
2786066526322222,591941,85,2760,13365,100
2786066531439090,591941,85,2760,13365,100
2786066536556618,591941,85,2760,13365,100
2786066541673729,591941,85,2760,13365,100
2786066546790543,591941,85,2760,13365,100
2786066551907500,591941,85,2760,13365,100
2786066557024788,591941,85,2760,13365,100
2786066562141613,591941,85,2760,13365,100
2786066567258606,591941,85,2760,13365,100
2786066572382657,591941,85,2760,13365,100
2786066577500698,591941,85,2760,13365,100
2786066582617706,591941,85,2760,13365,100
2786066587735116,591941,85,2760,13365,100
2786066592852819,591941,85,2760,13365,100
2786066597969307,591941,85,2760,13365,100
2786066603086516,591941,85,2760,13365,100
2786066608201976,591941,85,2760,13365,100
2786066613319260,591941,85,2760,13365,100
2786066618436749,591941,85,2760,13365,100
2786066623553781,591941,85,2760,13365,100
2786066628670757,592002,85,2760,13365,100
2786066633786061,592002,85,2760,13365,100
2786066638901491,592002,85,2760,13365,100
2786066644061416,592002,85,2760,13365,100
2786066649178067,592002,85,2760,13365,100
2786066654294187,592002,85,2760,13365,100
2786066659410210,592002,85,2760,13365,100
2786066664526500,592002,85,2760,13365,100
2786066669642973,592002,85,2760,13365,100
2786066674761043,592002,85,2760,13365,100
2786066679878761,592002,85,2760,13365,100
2786066684996006,592002,85,2760,13365,100
2786066690137310,592002,85,2760,13365,100
2786066695254390,592002,85,2760,13365,100
2786066700371543,592002,85,2760,13365,100
2786066705488511,592002,85,2760,13365,100
2786066710605104,592002,85,2760,13365,100
2786066715722407,592002,85,2760,13365,100
2786066720839915,592002,85,2760,13365,100
2786066725958296,592002,85,2760,13365,100
2786066731075356,592002,85,2760,13365,100
2786066736192145,592002,85,2760,13365,100
2786066741309549,592002,85,2760,13365,100
2786066746426190,592002,85,2760,13365,100
2786066751545478,592002,85,2760,13365,100
2786066756662298,592002,85,2760,13365,100
2786066761778957,592002,85,2760,13365,100
2786066766895781,592002,85,2760,13365,100
2786066772033644,592002,85,2760,13365,100
2786066777152159,592002,85,2760,13365,100
2786066782269468,592002,85,2760,13365,100
2786066787386359,592002,85,2760,13365,100
2786066792503213,592002,85,2760,13365,100
2786066797620701,592002,85,2760,13365,100
2786066802738052,592002,85,2760,13365,100
2786066807855490,592002,85,2760,13365,100
2786066812972214,592002,85,2760,13365,100
2786066818089698,592002,85,2760,13365,100
2786066823206859,592002,85,2760,13365,100
2786066828325496,592002,85,2760,13365,100
2786066833442920,592002,85,2760,13365,100
2786066838560000,592002,85,2760,13365,100
2786066843677125,592002,85,2760,13365,100
2786066848794351,592002,85,2760,13365,100
2786066853911369,592002,85,2760,13365,100
2786066859029193,592002,85,2760,13365,100
2786066864146042,592002,85,2760,13365,100
2786066869262684,592002,85,2760,13365,100
2786066874379731,592002,85,2760,13365,100
2786066879508087,592002,85,2760,13365,100
2786066884625502,592002,85,2760,13365,100
2786066889741756,592002,85,2760,13365,100
2786066894858458,592002,85,2760,13365,100
2786066899975115,592002,85,2760,13365,100
2786066905091913,592002,85,2760,13365,100
2786066910208837,592002,85,2760,13365,100
2786066915325868,592002,85,2760,13365,100
2786066920443152,592002,85,2760,13365,100
2786066925561026,592002,85,2760,13365,100
2786066930679461,592002,85,2760,13365,100
2786066935841505,592002,85,2760,13365,100
2786066940958388,592002,85,2760,13365,100
2786066946075327,592002,85,2760,13365,100
2786066951192268,592002,85,2760,13365,100
2786066956309677,592002,85,2760,13365,100
2786066961426413,592002,85,2760,13365,100
2786066966543590,592002,85,2760,13365,100
2786066971660409,592002,85,2760,13365,100
2786066976777314,592002,85,2760,13365,100
2786066981896274,592002,85,2760,13365,100
2786066987034278,592002,85,2760,13365,100
2786066992152116,592002,85,2760,13365,100
2786066997286255,592002,85,2760,13365,100
2786067002403435,592002,85,2760,13365,100
2786067007520576,592002,85,2760,13365,100
2786067012637670,592002,85,2760,13365,100
2786067017754417,592002,85,2760,13365,100
2786067022872214,592002,85,2760,13365,100
2786067027989397,592002,85,2760,13365,100
2786067033127888,592002,85,2760,13365,100
2786067038244707,592002,85,2760,13365,100
2786067043361822,592002,85,2760,13365,100
2786067048478930,592002,85,2760,13365,100
2786067053595675,592002,85,2760,13365,100
2786067058712832,592002,85,2760,13365,100
2786067063829414,592002,85,2760,13365,100
2786067068946268,592002,85,2760,13365,100
2786067074063337,592002,85,2760,13365,100
2786067079180689,592002,85,2760,13365,100
2786067084299312,592002,85,2760,13365,100
2786067089416462,592002,85,2760,13365,100
2786067094533320,592002,85,2760,13365,100
2786067099650050,592002,85,2760,13365,100
2786067104766815,592002,85,2760,13365,100
2786067109883923,592002,85,2760,13365,100
2786067115017696,592002,85,2760,13365,100
2786067120135130,592002,85,2760,13365,100
2786067125251786,592009,85,2760,13365,100
2786067130369037,592009,85,2760,13365,100
2786067135487745,592009,85,2760,13365,100
2786067140604589,592009,85,2760,13365,100
2786067145721537,592009,85,2760,13365,100
2786067150838983,592009,85,2760,13365,100
2786067155956291,592009,85,2760,13365,100
2786067161073187,592009,85,2760,13365,100
2786067166190581,592009,85,2760,13365,100
2786067171307291,592009,85,2760,13365,100
2786067176424205,592009,85,2760,13365,100
2786067181540824,592009,85,2760,13365,100
2786067186659545,592009,85,2760,13365,100
2786067191776613,592009,85,2760,13365,100
2786067196893130,592009,85,2760,13365,100
2786067202031054,592009,85,2760,13365,100
2786067207147946,592009,85,2760,13365,100
2786067212264581,592009,85,2760,13365,100
2786067217381731,592009,85,2760,13365,100
2786067222499115,592009,85,2760,13365,100
2786067227616047,592009,85,2760,13365,100
2786067232732636,592009,85,2760,13365,100
2786067237852003,592009,85,2760,13365,100
2786067242968885,592009,85,2760,13365,100
2786067248086145,592009,85,2760,13365,100
2786067253203205,592009,85,2760,13365,100
2786067258320358,592009,85,2760,13365,100
2786067263437670,592009,85,2760,13365,100
2786067268554687,592009,85,2760,13365,100
2786067273671783,592009,85,2760,13365,100
2786067278789096,592009,85,2760,13365,100
2786067283905790,592009,85,2760,13365,100
2786067289024416,592009,85,2760,13365,100
2786067294140951,592009,85,2760,13365,100
2786067299257785,592009,85,2760,13365,100
2786067304374461,592009,85,2760,13365,100
2786067309491531,592009,85,2760,13365,100
2786067314608554,592009,85,2760,13365,100
2786067319725654,592009,85,2760,13365,100
2786067324851223,592009,85,2760,13365,100
2786067329968276,592009,85,2760,13365,100
2786067335085091,592009,85,2760,13365,100
2786067340203899,592009,85,2760,13365,100
2786067345321064,592009,85,2760,13365,100
2786067350438019,592009,85,2760,13365,100
2786067355555413,592009,85,2760,13365,100
2786067360672561,592009,85,2760,13365,100
2786067365789366,592009,85,2760,13365,100
2786067370906598,592009,85,2760,13365,100
2786067376024383,592009,85,2760,13365,100
2786067381140979,592009,85,2760,13365,100
2786067386257717,592009,85,2760,13365,100
2786067391376392,592009,85,2760,13365,100
2786067396493452,592009,85,2760,13365,100
2786067401611044,592009,85,2760,13365,100
2786067406728007,592009,85,2760,13365,100
2786067411845125,592009,85,2760,13365,100
2786067416962105,592009,85,2760,13365,100
2786067422078748,592009,85,2760,13365,100
2786067427195922,592009,85,2760,13365,100
2786067432312796,592009,85,2760,13365,100
2786067437429531,592009,85,2760,13365,100
2786067442548219,592009,85,2760,13365,100
2786067447665176,592009,85,2760,13365,100
2786067452782316,592009,85,2760,13365,100
2786067457899476,592009,85,2760,13365,100
2786067463034324,592009,85,2760,13365,100
2786067468151199,592009,85,2760,13365,100
2786067473268222,592009,85,2760,13365,100
2786067478385394,592009,85,2760,13365,100
2786067483502038,592009,85,2760,13365,100
2786067488618977,592009,85,2760,13365,100
2786067493770615,592009,85,2760,13365,100
2786067498889391,592009,85,2760,13365,100
2786067504023430,592009,85,2760,13365,100
2786067509140900,592009,85,2760,13365,100
2786067514257612,592009,85,2760,13365,100
2786067519374677,592009,85,2760,13365,100
2786067524491829,592009,85,2760,13365,100
2786067529608679,592009,85,2760,13365,100
2786067534725774,592009,85,2760,13365,100
2786067539843453,592009,85,2760,13365,100
2786067544961686,592009,85,2760,13365,100
2786067550078602,592009,85,2760,13365,100
2786067555195333,592009,85,2760,13365,100
2786067560312745,592009,85,2760,13365,100
2786067565429612,592009,85,2760,13365,100
2786067570547314,592009,85,2760,13365,100
2786067575664245,592009,85,2760,13365,100
2786067580781701,592009,85,2760,13365,100
2786067585899119,592009,85,2760,13365,100
2786067591034373,592009,85,2760,13365,100
2786067596153178,592009,85,2760,13365,100
2786067601269926,592009,85,2760,13365,100
2786067606387370,592009,85,2760,13365,100
2786067611504131,592009,85,2760,13365,100
2786067616621360,592009,85,2760,13365,100
2786067621738552,592009,85,2760,13365,100
2786067626855504,592982,85,2760,13365,100
2786067631977501,592982,85,2760,13365,100
2786067637094297,592982,85,2760,13365,100
2786067642212557,592982,85,2760,13365,100
2786067647338417,592982,85,2760,13365,100
2786067652456662,592982,85,2760,13365,100
2786067657573575,592982,85,2760,13365,100
2786067662690227,592982,85,2760,13365,100
2786067667811631,592982,85,2760,13365,100
2786067672929252,592982,85,2760,13365,100
2786067678047827,592982,85,2760,13365,100
2786067683197048,592982,85,2760,13365,100
2786067688367968,592982,85,2760,13365,100
2786067693484645,592982,85,2760,13365,100
2786067698602395,592982,85,2760,13365,100
2786067703718231,592982,85,2760,13365,100
2786067708833069,592982,85,2760,13365,100
2786067713931874,592982,85,2760,13365,100
2786067719026793,592982,85,2760,13365,100
2786067724127847,592982,85,2760,13365,100
2786067729226867,592982,85,2760,13365,100
2786067734318776,592982,85,2760,13365,100
2786067739434269,592982,85,2760,13365,100
2786067744550275,592982,85,2760,13365,100
2786067749667747,592982,85,2760,13365,100
2786067754784804,592982,85,2760,13365,100
2786067759900738,592982,85,2760,13365,100
2786067765037142,592982,85,2760,13365,100
2786067770153617,592982,85,2760,13365,100
2786067775270381,592982,85,2760,13365,100
2786067780387373,592982,85,2760,13365,100
2786067785506443,592982,85,2760,13365,100
2786067790623520,592982,85,2760,13365,100
2786067795740424,592982,85,2760,13365,100
2786067800859081,592982,85,2760,13365,100
2786067805976333,592982,85,2760,13365,100
2786067811093125,592982,85,2760,13365,100
2786067816210966,592982,85,2760,13365,100
2786067821327546,592982,85,2760,13365,100
2786067826444583,592982,85,2760,13365,100
2786067831561349,592982,85,2760,13365,100
2786067836678232,592982,85,2760,13365,100
2786067841795058,592982,85,2760,13365,100
2786067846912102,592982,85,2760,13365,100
2786067852031849,592982,85,2760,13365,100
2786067857149065,592982,85,2760,13365,100
2786067862265961,592982,85,2760,13365,100
2786067867382862,592982,85,2760,13365,100
2786067872499724,592982,85,2760,13365,100
2786067877616238,592982,85,2760,13365,100
2786067882734886,592982,85,2760,13365,100
2786067887852022,592982,85,2760,13365,100
2786067892968467,592982,85,2760,13365,100
2786067898085466,592982,85,2760,13365,100
2786067903204180,592982,85,2760,13365,100
2786067908321304,592982,85,2760,13365,100
2786067913438025,592982,85,2760,13365,100
2786067918555018,592982,85,2760,13365,100
2786067923672386,592982,85,2760,13365,100
2786067928789367,592982,85,2760,13365,100
2786067933906366,592982,85,2760,13365,100
2786067939022967,592982,85,2760,13365,100
2786067944139745,592982,85,2760,13365,100
2786067949257028,592982,85,2760,13365,100
2786067954376033,592982,85,2760,13365,100
2786067959493193,592982,85,2760,13365,100
2786067964609969,592982,85,2760,13365,100
2786067969727033,592982,85,2760,13365,100
2786067974843874,592982,85,2760,13365,100
2786067979961390,592982,85,2760,13365,100
2786067985078359,592982,85,2760,13365,100
2786067990195054,592982,85,2760,13365,100
2786067995312583,592982,85,2760,13365,100
2786068000429923,592982,85,2760,13365,100
2786068005548507,592982,85,2760,13365,100
2786068010665420,592982,85,2760,13365,100
2786068015782216,592982,85,2760,13365,100
2786068020899204,592982,85,2760,13365,100
2786068026035170,592982,85,2760,13365,100
2786068031151849,592982,85,2760,13365,100
2786068036268432,592982,85,2760,13365,100
2786068041385628,592982,85,2760,13365,100
2786068046502902,592982,85,2760,13365,100
2786068051619751,592982,85,2760,13365,100
2786068056738360,592982,85,2760,13365,100
2786068061855415,592982,85,2760,13365,100
2786068066972405,592982,85,2760,13365,100
2786068072089315,592982,85,2760,13365,100
2786068077205913,592982,85,2760,13365,100
2786068082322725,592982,85,2760,13365,100
2786068087439748,592982,85,2760,13365,100
2786068092555466,592982,85,2760,13365,100
2786068097672526,592982,85,2760,13365,100
2786068102789830,592982,85,2760,13365,100
2786068107908535,592982,85,2760,13365,100
2786068113025779,592982,85,2760,13365,100
2786068118142940,592982,85,2760,13365,100
2786068123259858,592982,85,2760,13365,100
2786068128377441,593537,85,2760,13365,100
2786068133509057,593537,85,2760,13365,100
2786068138625585,593537,85,2760,13365,100
2786068143748605,593537,85,2760,13365,100
2786068148865458,593537,85,2760,13365,100
2786068153982634,593537,85,2760,13365,100
2786068159118907,593537,85,2760,13365,100
2786068164236183,593537,85,2760,13365,100
2786068169353117,593537,85,2760,13365,100
2786068174470044,593537,85,2760,13365,100
2786068179587048,593537,85,2760,13365,100
2786068184704171,593537,85,2760,13365,100
2786068189839641,593537,85,2760,13365,100
2786068194956449,593537,85,2760,13365,100
2786068200073238,593537,85,2760,13365,100
2786068205190161,593537,85,2760,13365,100
2786068210308810,593537,85,2760,13365,100
2786068215425577,593537,85,2760,13365,100
2786068220542463,593537,85,2760,13365,100
2786068225659605,593537,85,2760,13365,100
2786068230776944,593537,85,2760,13365,100
2786068235893642,593537,85,2760,13365,100
2786068241031773,593537,85,2760,13365,100
2786068246169376,593537,85,2760,13365,100
2786068251286229,593537,85,2760,13365,100
2786068256403337,593537,85,2760,13365,100
2786068261521805,593537,85,2760,13365,100
2786068266639022,593537,85,2760,13365,100
2786068271756123,593537,85,2760,13365,100
2786068276873349,593537,85,2760,13365,100
2786068281990271,593537,85,2760,13365,100
2786068287124652,593537,85,2760,13365,100
2786068292241782,593537,85,2760,13365,100
2786068297358804,593537,85,2760,13365,100
2786068302475936,593537,85,2760,13365,100
2786068307592965,593537,85,2760,13365,100
2786068312711629,593537,85,2760,13365,100
2786068317828424,593537,85,2760,13365,100
2786068322945322,593537,85,2760,13365,100
2786068328062522,593537,85,2760,13365,100
2786068333179437,593537,85,2760,13365,100
2786068338296559,593537,85,2760,13365,100
2786068343413639,593537,85,2760,13365,100
2786068348529656,593537,85,2760,13365,100
2786068353646924,593537,85,2760,13365,100
2786068358764088,593537,85,2760,13365,100
2786068363882553,593537,85,2760,13365,100
2786068368999861,593537,85,2760,13365,100
2786068374138445,593537,85,2760,13365,100
2786068379255690,593537,85,2760,13365,100
2786068384373019,593537,85,2760,13365,100
2786068389489391,593537,85,2760,13365,100
2786068394605857,593537,85,2760,13365,100
2786068399722474,593537,85,2760,13365,100
2786068404838898,593537,85,2760,13365,100
2786068409955044,593537,85,2760,13365,100
2786068415071765,593537,85,2760,13365,100
2786068420187151,593537,85,2760,13365,100
2786068425302374,593537,85,2760,13365,100
2786068430418058,593537,85,2760,13365,100
2786068435533932,593537,85,2760,13365,100
2786068440650178,593537,85,2760,13365,100
2786068445766507,593537,85,2760,13365,100
2786068450883856,593537,85,2760,13365,100
2786068456018942,593537,85,2760,13365,100
2786068461136748,593537,85,2760,13365,100
2786068466255440,593537,85,2760,13365,100
2786068471372575,593537,85,2760,13365,100
2786068476489449,593537,85,2760,13365,100
2786068481606353,593537,85,2760,13365,100
2786068486723178,593537,85,2760,13365,100
2786068491840987,593537,85,2760,13365,100
2786068496958171,593537,85,2760,13365,100
2786068502075251,593537,85,2760,13365,100
2786068507192620,593537,85,2760,13365,100
2786068512309390,593537,85,2760,13365,100
2786068517428002,593537,85,2760,13365,100
2786068522544659,593537,85,2760,13365,100
2786068527661936,593537,85,2760,13365,100
2786068532778962,593537,85,2760,13365,100
2786068537896098,593537,85,2760,13365,100
2786068543034254,593537,85,2760,13365,100
2786068548175130,593537,85,2760,13365,100
2786068553292512,593537,85,2760,13365,100
2786068558409589,593537,85,2760,13365,100
2786068563526675,593537,85,2760,13365,100
2786068568645336,593537,85,2760,13365,100
2786068573762268,593537,85,2760,13365,100
2786068578880005,593537,85,2760,13365,100
2786068583997053,593537,85,2760,13365,100
2786068589134537,593537,85,2760,13365,100
2786068594251269,593537,85,2760,13365,100
2786068599384958,593537,85,2760,13365,100
2786068604502298,593537,85,2760,13365,100
2786068609619454,593537,85,2760,13365,100
2786068614736382,593537,85,2760,13365,100
2786068619854083,593537,85,2760,13365,100
2786068624970915,593828,85,2760,13365,100
2786068630087657,593828,85,2760,13365,100
2786068635205844,593828,85,2760,13365,100
2786068640323432,593828,85,2760,13365,100
2786068645440273,593828,85,2760,13365,100
2786068650556887,593828,85,2760,13365,100
2786068655674314,593828,85,2760,13365,100
2786068660791490,593828,85,2760,13365,100
2786068665909510,593828,85,2760,13365,100
2786068671028703,593828,85,2760,13365,100
2786068676145564,593828,85,2760,13365,100
2786068681262212,593828,85,2760,13365,100
2786068686378158,593828,85,2760,13365,100
2786068691493596,593828,85,2760,13365,100
2786068696609036,593828,85,2760,13365,100
2786068701724391,593828,85,2760,13365,100
2786068706839197,593828,85,2760,13365,100
2786068711954094,593828,85,2760,13365,100
2786068717068539,593828,85,2760,13365,100
2786068722184054,593828,85,2760,13365,100
2786068727298035,593828,85,2760,13365,100
2786068732412056,593828,85,2760,13365,100
2786068737525262,593828,85,2760,13365,100
2786068742638466,593828,85,2760,13365,100
2786068747751500,593828,85,2760,13365,100
2786068752864945,593828,85,2760,13365,100
2786068757977798,593828,85,2760,13365,100
2786068763090393,593828,85,2760,13365,100
2786068768202614,593828,85,2760,13365,100
2786068773316100,593828,85,2760,13365,100
2786068778428187,593828,85,2760,13365,100
2786068783540122,593828,85,2760,13365,100
2786068788651999,593828,85,2760,13365,100
2786068793763958,593828,85,2760,13365,100
2786068798877049,593828,85,2760,13365,100
2786068803988633,593828,85,2760,13365,100
2786068809118257,593828,85,2760,13365,100
2786068814229910,593828,85,2760,13365,100
2786068819341546,593828,85,2760,13365,100
2786068824454446,593828,85,2760,13365,100
2786068829565715,593828,85,2760,13365,100
2786068834677495,593828,85,2760,13365,100
2786068839789384,593828,85,2760,13365,100
2786068844900812,593828,85,2760,13365,100
2786068850028333,593828,85,2760,13365,100
2786068855139731,593828,85,2760,13365,100
2786068860251215,593828,85,2760,13365,100
2786068865362758,593828,85,2760,13365,100
2786068870474096,593828,85,2760,13365,100
2786068875587130,593828,85,2760,13365,100
2786068880698395,593828,85,2760,13365,100
2786068885809795,593828,85,2760,13365,100
2786068890921162,593828,85,2760,13365,100
2786068896033048,593828,85,2760,13365,100
2786068901160185,593828,85,2760,13365,100
2786068906271621,593828,85,2760,13365,100
2786068911383121,593828,85,2760,13365,100
2786068916493554,593828,85,2760,13365,100
2786068921604708,593828,85,2760,13365,100
2786068926717623,593828,85,2760,13365,100
2786068931829071,593828,85,2760,13365,100
2786068936940363,593828,85,2760,13365,100
2786068942052228,593828,85,2760,13365,100
2786068947164008,593828,85,2760,13365,100
2786068952276369,593828,85,2760,13365,100
2786068957387953,593828,85,2760,13365,100
2786068962499934,593828,85,2760,13365,100
2786068967611030,593828,85,2760,13365,100
2786068972722494,593828,85,2760,13365,100
2786068977835287,593828,85,2760,13365,100
2786068982947415,593828,85,2760,13365,100
2786068988059027,593828,85,2760,13365,100
2786068993170472,593828,85,2760,13365,100
2786068998281825,593828,85,2760,13365,100
2786069003393061,593828,85,2760,13365,100
2786069008504710,593828,85,2760,13365,100
2786069013615613,593828,85,2760,13365,100
2786069018726902,593828,85,2760,13365,100
2786069023838309,593828,85,2760,13365,100
2786069028951383,593828,85,2760,13365,100
2786069034065695,593828,85,2760,13365,100
2786069039177275,593828,85,2760,13365,100
2786069044288866,593828,85,2760,13365,100
2786069049402160,593828,85,2760,13365,100
2786069054513565,593828,85,2760,13365,100
2786069059624940,593828,85,2760,13365,100
2786069064736192,593828,85,2760,13365,100
2786069069847602,593828,85,2760,13365,100
2786069074958862,593828,85,2760,13365,100
2786069080071851,593828,85,2760,13365,100
2786069085183307,593828,85,2760,13365,100
2786069090294959,593828,85,2760,13365,100
2786069095406230,593828,85,2760,13365,100
2786069100517454,593828,85,2760,13365,100
2786069105628741,593828,85,2760,13365,100
2786069110740258,593828,85,2760,13365,100
2786069115851528,593828,85,2760,13365,100
2786069120963131,593828,85,2760,13365,100
2786069126074652,593304,86,2760,13365,100
2786069131187635,593304,86,2760,13365,100
2786069136299166,593304,86,2760,13365,100
2786069141410528,593304,86,2760,13365,100
2786069146521993,593304,86,2760,13365,100
2786069151633259,593304,86,2760,13365,100
2786069156744453,593304,86,2760,13365,100
2786069161855666,593304,86,2760,13365,100
2786069166966870,593304,86,2760,13365,100
2786069172078355,593304,86,2760,13365,100
2786069177189751,593304,86,2760,13365,100
2786069182302311,593304,86,2760,13365,100
2786069187413543,593304,86,2760,13365,100
2786069192524712,593304,86,2760,13365,100
2786069197636057,593304,86,2760,13365,100
2786069202747236,593304,86,2760,13365,100
2786069207863281,593304,86,2760,13365,100
2786069213035226,593304,86,2760,13365,100
2786069218146830,593304,86,2760,13365,100
2786069223258418,593304,86,2760,13365,100
2786069228369689,593304,86,2760,13365,100
2786069233482327,593304,86,2760,13365,100
2786069238593674,593304,86,2760,13365,100
2786069243705196,593304,86,2760,13365,100
2786069248817120,593304,86,2760,13365,100
2786069253928492,593304,86,2760,13365,100
2786069259039631,593304,86,2760,13365,100
2786069264151101,593304,86,2760,13365,100
2786069269262874,593304,86,2760,13365,100
2786069274374518,593304,86,2760,13365,100
2786069279486051,593304,86,2760,13365,100
2786069284599391,593304,86,2760,13365,100
2786069289710891,593304,86,2760,13365,100
2786069294822143,593304,86,2760,13365,100
2786069299933586,593304,86,2760,13365,100
2786069305045077,593304,86,2760,13365,100
2786069310156405,593304,86,2760,13365,100
2786069315267778,593304,86,2760,13365,100
2786069320379274,593304,86,2760,13365,100
2786069325490802,593304,86,2760,13365,100
2786069330602393,593304,86,2760,13365,100
2786069335715413,593304,86,2760,13365,100
2786069340826884,593304,86,2760,13365,100
2786069345938208,593304,86,2760,13365,100
2786069351049804,593304,86,2760,13365,100
2786069356160877,593304,86,2760,13365,100
2786069361272301,593304,86,2760,13365,100
2786069366384042,593304,86,2760,13365,100
2786069371495478,593304,86,2760,13365,100
2786069376608538,593304,86,2760,13365,100
2786069381719737,593304,86,2760,13365,100
2786069386832455,593304,86,2760,13365,100
2786069391943795,593304,86,2760,13365,100
2786069397055452,593304,86,2760,13365,100
2786069402166664,593304,86,2760,13365,100
2786069407276799,593304,86,2760,13365,100
2786069412388309,593304,86,2760,13365,100
2786069417499734,593304,86,2760,13365,100
2786069422611334,593304,86,2760,13365,100
2786069427722531,593304,86,2760,13365,100
2786069432834303,593304,86,2760,13365,100
2786069437947340,593304,86,2760,13365,100
2786069443058976,593304,86,2760,13365,100
2786069448170273,593304,86,2760,13365,100
2786069453281839,593304,86,2760,13365,100
2786069458393418,593304,86,2760,13365,100
2786069463504422,593304,86,2760,13365,100
2786069468615738,593304,86,2760,13365,100
2786069473727406,593304,86,2760,13365,100
2786069478838534,593304,86,2760,13365,100
2786069483949879,593304,86,2760,13365,100
2786069489062863,593304,86,2760,13365,100
2786069494174294,593304,86,2760,13365,100
2786069499285719,593304,86,2760,13365,100
2786069504397457,593304,86,2760,13365,100
2786069509510329,593304,86,2760,13365,100
2786069514622072,593304,86,2760,13365,100
2786069519734116,593304,86,2760,13365,100
2786069524845610,593304,86,2760,13365,100
2786069529956995,593304,86,2760,13365,100
2786069535068664,593304,86,2760,13365,100
2786069540181514,593304,86,2760,13365,100
2786069545292873,593304,86,2760,13365,100
2786069550404436,593304,86,2760,13365,100
2786069555531920,593304,86,2760,13365,100
2786069560643321,593304,86,2760,13365,100
2786069565754649,593304,86,2760,13365,100
2786069570865754,593304,86,2760,13365,100
2786069575977450,593304,86,2760,13365,100
2786069581103323,593304,86,2760,13365,100
2786069586215231,593304,86,2760,13365,100
2786069591327744,593304,86,2760,13365,100
2786069596439116,593304,86,2760,13365,100
2786069601550409,593304,86,2760,13365,100
2786069606662191,593304,86,2760,13365,100
2786069611773725,593304,86,2760,13365,100
2786069616885148,593304,86,2760,13365,100
2786069621996762,593304,86,2760,13365,100
2786069627133527,592840,86,2760,13365,100
2786069632244833,592840,86,2760,13365,100
2786069637356103,592840,86,2760,13365,100
2786069642469207,592840,86,2760,13365,100
2786069647580780,592840,86,2760,13365,100
2786069652692320,592840,86,2760,13365,100
2786069657803934,592840,86,2760,13365,100
2786069662915587,592840,86,2760,13365,100
2786069668026926,592840,86,2760,13365,100
2786069673138262,592840,86,2760,13365,100
2786069678249680,592840,86,2760,13365,100
2786069683361099,592840,86,2760,13365,100
2786069688471360,592840,86,2760,13365,100
2786069693584188,592840,86,2760,13365,100
2786069698695664,592840,86,2760,13365,100
2786069703807008,592840,86,2760,13365,100
2786069708918493,592840,86,2760,13365,100
2786069714029938,592840,86,2760,13365,100
2786069719141257,592840,86,2760,13365,100
2786069724252642,592840,86,2760,13365,100
2786069729363986,592840,86,2760,13365,100
2786069734475251,592840,86,2760,13365,100
2786069739586640,592840,86,2760,13365,100
2786069744699460,592840,86,2760,13365,100
2786069749810788,592840,86,2760,13365,100
2786069754922452,592840,86,2760,13365,100
2786069760033933,592840,86,2760,13365,100
2786069765145230,592840,86,2760,13365,100
2786069770256572,592840,86,2760,13365,100
2786069775367951,592840,86,2760,13365,100
2786069780479343,592840,86,2760,13365,100
2786069785589527,592840,86,2760,13365,100
2786069790700884,592840,86,2760,13365,100
2786069795815447,592840,86,2760,13365,100
2786069800926864,592840,86,2760,13365,100
2786069806037905,592840,86,2760,13365,100
2786069811149227,592840,86,2760,13365,100
2786069816260801,592840,86,2760,13365,100
2786069821373584,592840,86,2760,13365,100
2786069826484779,592840,86,2760,13365,100
2786069831596007,592840,86,2760,13365,100
2786069836707417,592840,86,2760,13365,100
2786069841818812,592840,86,2760,13365,100
2786069846931672,592840,86,2760,13365,100
2786069852042728,592840,86,2760,13365,100
2786069857154229,592840,86,2760,13365,100
2786069862265692,592840,86,2760,13365,100
2786069867376998,592840,86,2760,13365,100
2786069872489235,592840,86,2760,13365,100
2786069877601772,592840,86,2760,13365,100
2786069882713691,592840,86,2760,13365,100
2786069887824319,592840,86,2760,13365,100
2786069892936462,592840,86,2760,13365,100
2786069898049796,592840,86,2760,13365,100
2786069903160985,592840,86,2760,13365,100
2786069908271959,592840,86,2760,13365,100
2786069913383865,592840,86,2760,13365,100
2786069918495974,592840,86,2760,13365,100
2786069923607845,592840,86,2760,13365,100
2786069928719897,592840,86,2760,13365,100
2786069933831939,592840,86,2760,13365,100
2786069938944496,592840,86,2760,13365,100
2786069944055140,592840,86,2760,13365,100
2786069949169161,592840,86,2760,13365,100
2786069954280044,592840,86,2760,13365,100
2786069959390685,592840,86,2760,13365,100
2786069964502858,592840,86,2760,13365,100
2786069969614684,592840,86,2760,13365,100
2786069974726736,592840,86,2760,13365,100
2786069979838746,592840,86,2760,13365,100
2786069984950951,592840,86,2760,13365,100
2786069990063251,592840,86,2760,13365,100
2786069995175696,592840,86,2760,13365,100
2786070000288684,592840,86,2760,13365,100
2786070005400741,592840,86,2760,13365,100
2786070010513367,592840,86,2760,13365,100
2786070015624293,592840,86,2760,13365,100
2786070020735390,592840,86,2760,13365,100
2786070025847580,592840,86,2760,13365,100
2786070030959747,592840,86,2760,13365,100
2786070036072227,592840,86,2760,13365,100
2786070041183639,592840,86,2760,13365,100
2786070046296312,592840,86,2760,13365,100
2786070051410308,592840,86,2760,13365,100
2786070056521349,592840,86,2760,13365,100
2786070061632193,592840,86,2760,13365,100
2786070066742821,592840,86,2760,13365,100
2786070071854782,592840,86,2760,13365,100
2786070076967015,592840,86,2760,13365,100
2786070082078519,592840,86,2760,13365,100
2786070087189895,592840,86,2760,13365,100
2786070092301078,592840,86,2760,13365,100
2786070097412056,592840,86,2760,13365,100
2786070102524499,592840,86,2760,13365,100
2786070107636297,592840,86,2760,13365,100
2786070112747313,592840,86,2760,13365,100
2786070117859430,592840,86,2760,13365,100
2786070122971657,592840,86,2760,13365,100
2786070128083847,592765,86,2760,13365,100
2786070133209825,592765,86,2760,13365,100
2786070138338828,592765,86,2760,13365,100
2786070143450543,592765,86,2760,13365,100
2786070148561478,592765,86,2760,13365,100
2786070153673612,592765,86,2760,13365,100
2786070158810045,592765,86,2760,13365,100
2786070163921905,592765,86,2760,13365,100
2786070169034224,592765,86,2760,13365,100
2786070174169886,592765,86,2760,13365,100
2786070179282114,592765,86,2760,13365,100
2786070184393475,592765,86,2760,13365,100
2786070189508823,592765,86,2760,13365,100
2786070194620342,592765,86,2760,13365,100
2786070199731835,592765,86,2760,13365,100
2786070204845520,592765,86,2760,13365,100
2786070209972697,592765,86,2760,13365,100
2786070215083950,592765,86,2760,13365,100
2786070220195220,592765,86,2760,13365,100
2786070225306884,592765,86,2760,13365,100
2786070230417836,592765,86,2760,13365,100
2786070235530093,592765,86,2760,13365,100
2786070240641312,592765,86,2760,13365,100
2786070245753048,592765,86,2760,13365,100
2786070250865172,592765,86,2760,13365,100
2786070255977776,592765,86,2760,13365,100
2786070261089295,592765,86,2760,13365,100
2786070266201569,592765,86,2760,13365,100
2786070271313226,592765,86,2760,13365,100
2786070276425298,592765,86,2760,13365,100
2786070281544760,592765,86,2760,13365,100
2786070286657103,592765,86,2760,13365,100
2786070291768996,592765,86,2760,13365,100
2786070296880488,592765,86,2760,13365,100
2786070301992420,592765,86,2760,13365,100
2786070307122315,592765,86,2760,13365,100
2786070312233732,592765,86,2760,13365,100
2786070317344957,592765,86,2760,13365,100
2786070322456395,592765,86,2760,13365,100
2786070327567826,592765,86,2760,13365,100
2786070332679062,592765,86,2760,13365,100
2786070337790681,592765,86,2760,13365,100
2786070342902864,592765,86,2760,13365,100
2786070348028184,592765,86,2760,13365,100
2786070353140160,592765,86,2760,13365,100
2786070358252832,592765,86,2760,13365,100
2786070363364197,592765,86,2760,13365,100
2786070368475807,592765,86,2760,13365,100
2786070373587494,592765,86,2760,13365,100
2786070378698811,592765,86,2760,13365,100
2786070383811935,592765,86,2760,13365,100
2786070388923567,592765,86,2760,13365,100
2786070394051224,592765,86,2760,13365,100
2786070399162676,592765,86,2760,13365,100
2786070404274131,592765,86,2760,13365,100
2786070409386684,592765,86,2760,13365,100
2786070414498569,592765,86,2760,13365,100
2786070419610606,592765,86,2760,13365,100
2786070424721885,592765,86,2760,13365,100
2786070429833430,592765,86,2760,13365,100
2786070434944598,592765,86,2760,13365,100
2786070440055927,592765,86,2760,13365,100
2786070445167133,592765,86,2760,13365,100
2786070450279164,592765,86,2760,13365,100
2786070455390728,592765,86,2760,13365,100
2786070460503434,592765,86,2760,13365,100
2786070465614744,592765,86,2760,13365,100
2786070470726049,592765,86,2760,13365,100
2786070475837053,592765,86,2760,13365,100
2786070480950074,592765,86,2760,13365,100
2786070486061294,592765,86,2760,13365,100
2786070491172475,592765,86,2760,13365,100
2786070496283783,592765,86,2760,13365,100
2786070501394982,592765,86,2760,13365,100
2786070506507396,592765,86,2760,13365,100
2786070511620525,592765,86,2760,13365,100
2786070516731721,592765,86,2760,13365,100
2786070521842945,592765,86,2760,13365,100
2786070526954122,592765,86,2760,13365,100
2786070532065562,592765,86,2760,13365,100
2786070537176895,592765,86,2760,13365,100
2786070542287587,592765,86,2760,13365,100
2786070547398949,592765,86,2760,13365,100
2786070552510324,592765,86,2760,13365,100
2786070557621709,592765,86,2760,13365,100
2786070562734237,592765,86,2760,13365,100
2786070567845549,592765,86,2760,13365,100
2786070572956984,592765,86,2760,13365,100
2786070578068862,592765,86,2760,13365,100
2786070583193158,592765,86,2760,13365,100
2786070588304717,592765,86,2760,13365,100
2786070593416389,592765,86,2760,13365,100
2786070598527513,592765,86,2760,13365,100
2786070603638340,592765,86,2760,13365,100
2786070608750044,592765,86,2760,13365,100
2786070613863193,592765,86,2760,13365,100
2786070618974761,592765,86,2760,13365,100
2786070624086681,593097,86,2760,13365,100
2786070629197452,593097,86,2760,13365,100
2786070634308817,593097,86,2760,13365,100
2786070639420447,593097,86,2760,13365,100
2786070644531965,593097,86,2760,13365,100
2786070649643350,593097,86,2760,13365,100
2786070654755082,593097,86,2760,13365,100
2786070659866657,593097,86,2760,13365,100
2786070664979393,593097,86,2760,13365,100
2786070670091221,593097,86,2760,13365,100
2786070675202818,593097,86,2760,13365,100
2786070680314030,593097,86,2760,13365,100
2786070685425410,593097,86,2760,13365,100
2786070690537027,593097,86,2760,13365,100
2786070695648419,593097,86,2760,13365,100
2786070700759988,593097,86,2760,13365,100
2786070705871137,593097,86,2760,13365,100
2786070710982530,593097,86,2760,13365,100
2786070716111547,593097,86,2760,13365,100
2786070721222990,593097,86,2760,13365,100
2786070726334316,593097,86,2760,13365,100
2786070731445348,593097,86,2760,13365,100
2786070736556790,593097,86,2760,13365,100
2786070741668063,593097,86,2760,13365,100
2786070746779454,593097,86,2760,13365,100
2786070751890736,593097,86,2760,13365,100
2786070757018264,593097,86,2760,13365,100
2786070762129740,593097,86,2760,13365,100
2786070767242591,593097,86,2760,13365,100
2786070772354157,593097,86,2760,13365,100
2786070777465790,593097,86,2760,13365,100
2786070782594944,593097,86,2760,13365,100
2786070787706267,593097,86,2760,13365,100
2786070792817443,593097,86,2760,13365,100
2786070797928987,593097,86,2760,13365,100
2786070803040448,593097,86,2760,13365,100
2786070808151581,593097,86,2760,13365,100
2786070813263085,593097,86,2760,13365,100
2786070818375845,593097,86,2760,13365,100
2786070823487294,593097,86,2760,13365,100
2786070828598650,593097,86,2760,13365,100
2786070833710170,593097,86,2760,13365,100
2786070838821662,593097,86,2760,13365,100
2786070843942147,593097,86,2760,13365,100
2786070849053120,593097,86,2760,13365,100
2786070854164815,593097,86,2760,13365,100
2786070859276252,593097,86,2760,13365,100
2786070864403980,593097,86,2760,13365,100
2786070869516717,593097,86,2760,13365,100
2786070874628271,593097,86,2760,13365,100
2786070879739436,593097,86,2760,13365,100
2786070884850607,593097,86,2760,13365,100
2786070889963455,593097,86,2760,13365,100
2786070895075111,593097,86,2760,13365,100
2786070900186811,593097,86,2760,13365,100
2786070905298255,593097,86,2760,13365,100
2786070910409700,593097,86,2760,13365,100
2786070915521019,593097,86,2760,13365,100
2786070920634065,593097,86,2760,13365,100
2786070925745222,593097,86,2760,13365,100
2786070930856526,593097,86,2760,13365,100
2786070935967811,593097,86,2760,13365,100
2786070941079467,593097,86,2760,13365,100
2786070946190905,593097,86,2760,13365,100
2786070951302648,593097,86,2760,13365,100
2786070956414756,593097,86,2760,13365,100
2786070961526168,593097,86,2760,13365,100
2786070966637532,593097,86,2760,13365,100
2786070971750386,593097,86,2760,13365,100
2786070976861974,593097,86,2760,13365,100
2786070981973730,593097,86,2760,13365,100
2786070987086681,593097,86,2760,13365,100
2786070992198195,593097,86,2760,13365,100
2786070997309503,593097,86,2760,13365,100
2786071002420934,593097,86,2760,13365,100
2786071007532396,593097,86,2760,13365,100
2786071012643976,593097,86,2760,13365,100
2786071017755772,593097,86,2760,13365,100
2786071022868821,593097,86,2760,13365,100
2786071027980151,593097,86,2760,13365,100
2786071033091714,593097,86,2760,13365,100
2786071038203318,593097,86,2760,13365,100
2786071043314773,593097,86,2760,13365,100
2786071048426134,593097,86,2760,13365,100
2786071053537980,593097,86,2760,13365,100
2786071058648922,593097,86,2760,13365,100
2786071063760245,593097,86,2760,13365,100
2786071068871273,593097,86,2760,13365,100
2786071073983976,593097,86,2760,13365,100
2786071079111898,593097,86,2760,13365,100
2786071084223664,593097,86,2760,13365,100
2786071089335122,593097,86,2760,13365,100
2786071094446551,593097,86,2760,13365,100
2786071099558131,593097,86,2760,13365,100
2786071104669630,593097,86,2760,13365,100
2786071109781020,593097,86,2760,13365,100
2786071114892300,593097,86,2760,13365,100
2786071120020195,593097,86,2760,13365,100
2786071125133109,593739,86,2760,13365,100
2786071130244762,593739,86,2760,13365,100
2786071135356148,593739,86,2760,13365,100
2786071140467382,593739,86,2760,13365,100
2786071145579152,593739,86,2760,13365,100
2786071150690767,593739,86,2760,13365,100
2786071155802308,593739,86,2760,13365,100
2786071160913730,593739,86,2760,13365,100
2786071166025201,593739,86,2760,13365,100
2786071171136469,593739,86,2760,13365,100
2786071176249286,593739,86,2760,13365,100
2786071181360288,593739,86,2760,13365,100
2786071186472006,593739,86,2760,13365,100
2786071191583423,593739,86,2760,13365,100
2786071196694595,593739,86,2760,13365,100
2786071201805986,593739,86,2760,13365,100
2786071206917600,593739,86,2760,13365,100
2786071212047322,593739,86,2760,13365,100
2786071217158673,593739,86,2760,13365,100
2786071222270245,593739,86,2760,13365,100
2786071227383037,593739,86,2760,13365,100
2786071232493862,593739,86,2760,13365,100
2786071237605357,593739,86,2760,13365,100
2786071242716631,593739,86,2760,13365,100
2786071247828171,593739,86,2760,13365,100
2786071252939315,593739,86,2760,13365,100
2786071258050548,593739,86,2760,13365,100
2786071263161779,593739,86,2760,13365,100
2786071268273065,593739,86,2760,13365,100
2786071273384189,593739,86,2760,13365,100
2786071278496892,593739,86,2760,13365,100
2786071283608438,593739,86,2760,13365,100
2786071288719795,593739,86,2760,13365,100
2786071293831505,593739,86,2760,13365,100
2786071298942819,593739,86,2760,13365,100
2786071304054194,593739,86,2760,13365,100
2786071309165600,593739,86,2760,13365,100
2786071314276963,593739,86,2760,13365,100
2786071319388587,593739,86,2760,13365,100
2786071324500533,593739,86,2760,13365,100
2786071329613616,593739,86,2760,13365,100
2786071334724730,593739,86,2760,13365,100
2786071339835934,593739,86,2760,13365,100
2786071344947564,593739,86,2760,13365,100
2786071350059383,593739,86,2760,13365,100
2786071355170748,593739,86,2760,13365,100
2786071360282484,593739,86,2760,13365,100
2786071365394116,593739,86,2760,13365,100
2786071370505629,593739,86,2760,13365,100
2786071375617223,593739,86,2760,13365,100
2786071380730170,593739,86,2760,13365,100
2786071385841646,593739,86,2760,13365,100
2786071390969851,593739,86,2760,13365,100
2786071396081351,593739,86,2760,13365,100
2786071401192843,593739,86,2760,13365,100
2786071406304388,593739,86,2760,13365,100
2786071411416240,593739,86,2760,13365,100
2786071416528204,593739,86,2760,13365,100
2786071421648789,593739,86,2760,13365,100
2786071426760980,593739,86,2760,13365,100
2786071431880264,593739,86,2760,13365,100
2786071436991436,593739,86,2760,13365,100
2786071442119911,593739,86,2760,13365,100
2786071447231517,593739,86,2760,13365,100
2786071452342995,593739,86,2760,13365,100
2786071457454246,593739,86,2760,13365,100
2786071462565652,593739,86,2760,13365,100
2786071467676869,593739,86,2760,13365,100
2786071472788959,593739,86,2760,13365,100
2786071477900546,593739,86,2760,13365,100
2786071483028948,593739,86,2760,13365,100
2786071488141058,593739,86,2760,13365,100
2786071493252677,593739,86,2760,13365,100
2786071498364223,593739,86,2760,13365,100
2786071503475635,593739,86,2760,13365,100
2786071508587460,593739,86,2760,13365,100
2786071513698822,593739,86,2760,13365,100
2786071518826473,593739,86,2760,13365,100
2786071523938049,593739,86,2760,13365,100
2786071529049173,593739,86,2760,13365,100
2786071534161925,593739,86,2760,13365,100
2786071539273386,593739,86,2760,13365,100
2786071544385063,593739,86,2760,13365,100
2786071549496031,593739,86,2760,13365,100
2786071554607595,593739,86,2760,13365,100
2786071559719027,593739,86,2760,13365,100
2786071564830408,593739,86,2760,13365,100
2786071569941883,593739,86,2760,13365,100
2786071575053527,593739,86,2760,13365,100
2786071580172733,593739,86,2760,13365,100
2786071585286289,593739,86,2760,13365,100
2786071590422466,593739,86,2760,13365,100
2786071595534465,593739,86,2760,13365,100
2786071600645217,593739,86,2760,13365,100
2786071605757123,593739,86,2760,13365,100
2786071610869167,593739,86,2760,13365,100
2786071615982096,593739,86,2760,13365,100
2786071621115996,593739,86,2760,13365,100
2786071626228004,593539,86,2760,13365,100
2786071631339829,593539,86,2760,13365,100
2786071636453614,593539,86,2760,13365,100
2786071641565806,593539,86,2760,13365,100
2786071646677822,593539,86,2760,13365,100
2786071651789751,593539,86,2760,13365,100
2786071656901447,593539,86,2760,13365,100
2786071662031475,593539,86,2760,13365,100
2786071667144284,593539,86,2760,13365,100
2786071672255671,593539,86,2760,13365,100
2786071677367037,593539,86,2760,13365,100
2786071682478749,593539,86,2760,13365,100
2786071687591964,593539,86,2760,13365,100
2786071692703122,593539,86,2760,13365,100
2786071697815046,593539,86,2760,13365,100
2786071702926359,593539,86,2760,13365,100
2786071708037860,593539,86,2760,13365,100
2786071713149415,593539,86,2760,13365,100
2786071718260958,593539,86,2760,13365,100
2786071723372373,593539,86,2760,13365,100
2786071728483673,593539,86,2760,13365,100
2786071733595573,593539,86,2760,13365,100
2786071738708888,593539,86,2760,13365,100
2786071743820362,593539,86,2760,13365,100
2786071748931682,593539,86,2760,13365,100
2786071754043263,593539,86,2760,13365,100
2786071759155155,593539,86,2760,13365,100
2786071764267144,593539,86,2760,13365,100
2786071769378344,593539,86,2760,13365,100
2786071774489813,593539,86,2760,13365,100
2786071779601171,593539,86,2760,13365,100
2786071784712866,593539,86,2760,13365,100
2786071789825830,593539,86,2760,13365,100
2786071794936706,593539,86,2760,13365,100
2786071800048415,593539,86,2760,13365,100
2786071805159951,593539,86,2760,13365,100
2786071810271390,593539,86,2760,13365,100
2786071815382620,593539,86,2760,13365,100
2786071820494213,593539,86,2760,13365,100
2786071825605569,593539,86,2760,13365,100
2786071830717449,593539,86,2760,13365,100
2786071835828906,593539,86,2760,13365,100
2786071840941922,593539,86,2760,13365,100
2786071846053314,593539,86,2760,13365,100
2786071851164727,593539,86,2760,13365,100
2786071856276343,593539,86,2760,13365,100
2786071861388320,593539,86,2760,13365,100
2786071866499692,593539,86,2760,13365,100
2786071871611356,593539,86,2760,13365,100
2786071876722517,593539,86,2760,13365,100
2786071881833861,593539,86,2760,13365,100
2786071886945270,593539,86,2760,13365,100
2786071892058215,593539,86,2760,13365,100
2786071897170094,593539,86,2760,13365,100
2786071902281391,593539,86,2760,13365,100
2786071907392647,593539,86,2760,13365,100
2786071912504320,593539,86,2760,13365,100
2786071917615708,593539,86,2760,13365,100
2786071922726920,593539,86,2760,13365,100
2786071927838773,593539,86,2760,13365,100
2786071932950445,593539,86,2760,13365,100
2786071938061914,593539,86,2760,13365,100
2786071943174804,593539,86,2760,13365,100
2786071948286318,593539,86,2760,13365,100
2786071953397783,593539,86,2760,13365,100
2786071958509383,593539,86,2760,13365,100
2786071963620652,593539,86,2760,13365,100
2786071968737036,593539,86,2760,13365,100
2786071973848544,593539,86,2760,13365,100
2786071978960023,593539,86,2760,13365,100
2786071984071478,593539,86,2760,13365,100
2786071989182806,593539,86,2760,13365,100
2786071994295834,593539,86,2760,13365,100
2786071999407235,593539,86,2760,13365,100
2786072004518351,593539,86,2760,13365,100
2786072009629955,593539,86,2760,13365,100
2786072014741366,593539,86,2760,13365,100
2786072019852864,593539,86,2760,13365,100
2786072024964295,593539,86,2760,13365,100
2786072030075739,593539,86,2760,13365,100
2786072035187350,593539,86,2760,13365,100
2786072040298422,593539,86,2760,13365,100
2786072045411515,593539,86,2760,13365,100
2786072050522975,593539,86,2760,13365,100
2786072055634360,593539,86,2760,13365,100
2786072060745686,593539,86,2760,13365,100
2786072065857065,593539,86,2760,13365,100
2786072070968624,593539,86,2760,13365,100
2786072076080107,593539,86,2760,13365,100
2786072081191389,593539,86,2760,13365,100
2786072086302987,593539,86,2760,13365,100
2786072091422954,593539,86,2760,13365,100
2786072096535510,593539,86,2760,13365,100
2786072101646635,593539,86,2760,13365,100
2786072106758146,593539,86,2760,13365,100
2786072111869548,593539,86,2760,13365,100
2786072116980780,593539,86,2760,13365,100
2786072122092253,593539,86,2760,13365,100
2786072127203573,593646,86,2760,13365,100
2786072132315097,593646,86,2760,13365,100
2786072137426452,593646,86,2760,13365,100
2786072142537615,593646,86,2760,13365,100
2786072147650341,593646,86,2760,13365,100
2786072152761947,593646,86,2760,13365,100
2786072157873236,593646,86,2760,13365,100
2786072162984576,593646,86,2760,13365,100
2786072168113320,593646,86,2760,13365,100
2786072173241281,593646,86,2760,13365,100
2786072178352677,593646,86,2760,13365,100
2786072183463690,593646,86,2760,13365,100
2786072188575285,593646,86,2760,13365,100
2786072193686794,593646,86,2760,13365,100
2786072198800354,593646,86,2760,13365,100
2786072203911667,593646,86,2760,13365,100
2786072209023339,593646,86,2760,13365,100
2786072214134728,593646,86,2760,13365,100
2786072219246222,593646,86,2760,13365,100
2786072224357634,593646,86,2760,13365,100
2786072229469021,593646,86,2760,13365,100
2786072234580494,593646,86,2760,13365,100
2786072239691893,593646,86,2760,13365,100
2786072244803198,593646,86,2760,13365,100
2786072249915918,593646,86,2760,13365,100
2786072255027395,593646,86,2760,13365,100
2786072260138720,593646,86,2760,13365,100
2786072265250255,593646,86,2760,13365,100
2786072270361488,593646,86,2760,13365,100
2786072275472981,593646,86,2760,13365,100
2786072280584401,593646,86,2760,13365,100
2786072285695789,593646,86,2760,13365,100
2786072290807170,593646,86,2760,13365,100
2786072295918709,593646,86,2760,13365,100
2786072301031763,593646,86,2760,13365,100
2786072306143187,593646,86,2760,13365,100
2786072311262540,593646,86,2760,13365,100
2786072316373556,593646,86,2760,13365,100
2786072321485124,593646,86,2760,13365,100
2786072326595365,593646,86,2760,13365,100
2786072331706585,593646,86,2760,13365,100
2786072336817884,593646,86,2760,13365,100
2786072341929456,593646,86,2760,13365,100
2786072347040895,593646,86,2760,13365,100
2786072352153745,593646,86,2760,13365,100
2786072357265147,593646,86,2760,13365,100
2786072362377586,593646,86,2760,13365,100
2786072367489690,593646,86,2760,13365,100
2786072372601295,593646,86,2760,13365,100
2786072377712465,593646,86,2760,13365,100
2786072382823782,593646,86,2760,13365,100
2786072387935482,593646,86,2760,13365,100
2786072393046811,593646,86,2760,13365,100
2786072398158786,593646,86,2760,13365,100
2786072403271821,593646,86,2760,13365,100
2786072408383355,593646,86,2760,13365,100
2786072413494723,593646,86,2760,13365,100
2786072418606024,593646,86,2760,13365,100
2786072423717608,593646,86,2760,13365,100
2786072428828989,593646,86,2760,13365,100
2786072433940401,593646,86,2760,13365,100
2786072439051792,593646,86,2760,13365,100
2786072444163510,593646,86,2760,13365,100
2786072449274854,593646,86,2760,13365,100
2786072454387903,593646,86,2760,13365,100
2786072459499299,593646,86,2760,13365,100
2786072464610344,593646,86,2760,13365,100
2786072469721484,593646,86,2760,13365,100
2786072474832993,593646,86,2760,13365,100
2786072479944409,593646,86,2760,13365,100
2786072485065272,593646,86,2760,13365,100
2786072490176631,593646,86,2760,13365,100
2786072495288255,593646,86,2760,13365,100
2786072500399575,593646,86,2760,13365,100
2786072505512588,593646,86,2760,13365,100
2786072510624652,593646,86,2760,13365,100
2786072515736368,593646,86,2760,13365,100
2786072520847861,593646,86,2760,13365,100
2786072525959069,593646,86,2760,13365,100
2786072531070459,593646,86,2760,13365,100
2786072536181754,593646,86,2760,13365,100
2786072541293170,593646,86,2760,13365,100
2786072546404352,593646,86,2760,13365,100
2786072551515751,593646,86,2760,13365,100
2786072556628721,593646,86,2760,13365,100
2786072561740731,593646,86,2760,13365,100
2786072566852168,593646,86,2760,13365,100
2786072571963445,593646,86,2760,13365,100
2786072577074773,593646,86,2760,13365,100
2786072582186223,593646,86,2760,13365,100
2786072587298126,593646,86,2760,13365,100
2786072592409634,593646,86,2760,13365,100
2786072597520967,593646,86,2760,13365,100
2786072602632643,593646,86,2760,13365,100
2786072607745523,593646,86,2760,13365,100
2786072612856948,593646,86,2760,13365,100
2786072617968396,593646,86,2760,13365,100
2786072623079589,593646,86,2760,13365,100
2786072628191405,593980,86,2760,13365,100
2786072633303445,593980,86,2760,13365,100
2786072638415299,593980,86,2760,13365,100
2786072643527594,593980,86,2760,13365,100
2786072648638987,593980,86,2760,13365,100
2786072653750455,593980,86,2760,13365,100
2786072658863596,593980,86,2760,13365,100
2786072663974896,593980,86,2760,13365,100
2786072669086893,593980,86,2760,13365,100
2786072674200005,593980,86,2760,13365,100
2786072679311158,593980,86,2760,13365,100
2786072684422322,593980,86,2760,13365,100
2786072689533684,593980,86,2760,13365,100
2786072694655693,593980,86,2760,13365,100
2786072699766851,593980,86,2760,13365,100
2786072704878027,593980,86,2760,13365,100
2786072709991255,593980,86,2760,13365,100
2786072715120670,593980,86,2760,13365,100
2786072720232222,593980,86,2760,13365,100
2786072725343845,593980,86,2760,13365,100
2786072730455111,593980,86,2760,13365,100
2786072735566346,593980,86,2760,13365,100
2786072740677702,593980,86,2760,13365,100
2786072745789142,593980,86,2760,13365,100
2786072750900374,593980,86,2760,13365,100
2786072756027504,593980,86,2760,13365,100
2786072761140784,593980,86,2760,13365,100
2786072766251984,593980,86,2760,13365,100
2786072771363228,593980,86,2760,13365,100
2786072776474871,593980,86,2760,13365,100
2786072781586402,593980,86,2760,13365,100
2786072786697741,593980,86,2760,13365,100
2786072791810916,593980,86,2760,13365,100
2786072796922243,593980,86,2760,13365,100
2786072802033715,593980,86,2760,13365,100
2786072807144931,593980,86,2760,13365,100
2786072812257827,593980,86,2760,13365,100
2786072817368892,593980,86,2760,13365,100
2786072822480368,593980,86,2760,13365,100
2786072827607520,593980,86,2760,13365,100
2786072832718921,593980,86,2760,13365,100
2786072837830345,593980,86,2760,13365,100
2786072842941714,593980,86,2760,13365,100
2786072848053207,593980,86,2760,13365,100
2786072853180369,593980,86,2760,13365,100
2786072858291981,593980,86,2760,13365,100
2786072863404927,593980,86,2760,13365,100
2786072868516340,593980,86,2760,13365,100
2786072873628080,593980,86,2760,13365,100
2786072878739757,593980,86,2760,13365,100
2786072883851077,593980,86,2760,13365,100
2786072888962360,593980,86,2760,13365,100
2786072894073572,593980,86,2760,13365,100
2786072899185182,593980,86,2760,13365,100
2786072904296431,593980,86,2760,13365,100
2786072909407678,593980,86,2760,13365,100
2786072914520404,593980,86,2760,13365,100
2786072919632288,593980,86,2760,13365,100
2786072924743740,593980,86,2760,13365,100
2786072929855301,593980,86,2760,13365,100
2786072934966689,593980,86,2760,13365,100
2786072940078064,593980,86,2760,13365,100
2786072945189618,593980,86,2760,13365,100
2786072950300787,593980,86,2760,13365,100
2786072955412583,593980,86,2760,13365,100
2786072960524069,593980,86,2760,13365,100
2786072965636704,593980,86,2760,13365,100
2786072970748152,593980,86,2760,13365,100
2786072975859308,593980,86,2760,13365,100
2786072980970461,593980,86,2760,13365,100
2786072986082002,593980,86,2760,13365,100
2786072991193256,593980,86,2760,13365,100
2786072996304473,593980,86,2760,13365,100
2786073001415865,593980,86,2760,13365,100
2786073006527189,593980,86,2760,13365,100
2786073011638684,593980,86,2760,13365,100
2786073016751580,593980,86,2760,13365,100
2786073021863244,593980,86,2760,13365,100
2786073026974232,593980,86,2760,13365,100
2786073032085583,593980,86,2760,13365,100
2786073037197282,593980,86,2760,13365,100
2786073042308574,593980,86,2760,13365,100
2786073047420119,593980,86,2760,13365,100
2786073052531859,593980,86,2760,13365,100
2786073057643055,593980,86,2760,13365,100
2786073062754472,593980,86,2760,13365,100
2786073067867424,593980,86,2760,13365,100
2786073072979041,593980,86,2760,13365,100
2786073078090385,593980,86,2760,13365,100
2786073083201837,593980,86,2760,13365,100
2786073088313292,593980,86,2760,13365,100
2786073093424558,593980,86,2760,13365,100
2786073098535687,593980,86,2760,13365,100
2786073103647065,593980,86,2760,13365,100
2786073108758503,593980,86,2760,13365,100
2786073113869907,593980,86,2760,13365,100
2786073118983060,593980,86,2760,13365,100
2786073124111209,594510,86,2760,13365,100
2786073129222827,594510,86,2760,13365,100
2786073134334321,594510,86,2760,13365,100
2786073139445704,594510,86,2760,13365,100
2786073144557240,594510,86,2760,13365,100
2786073149668645,594510,86,2760,13365,100
2786073154779747,594510,86,2760,13365,100
2786073159906852,594510,86,2760,13365,100
2786073165018436,594510,86,2760,13365,100
2786073170131256,594510,86,2760,13365,100
2786073175242774,594510,86,2760,13365,100
2786073180354393,594510,86,2760,13365,100
2786073185464605,594510,86,2760,13365,100
2786073190576066,594510,86,2760,13365,100
2786073195687383,594510,86,2760,13365,100
2786073200798362,594510,86,2760,13365,100
2786073205909763,594510,86,2760,13365,100
2786073211020980,594510,86,2760,13365,100
2786073216132540,594510,86,2760,13365,100
2786073221245774,594510,86,2760,13365,100
2786073226357164,594510,86,2760,13365,100
2786073231468614,594510,86,2760,13365,100
2786073236579987,594510,86,2760,13365,100
2786073241691310,594510,86,2760,13365,100
2786073246803018,594510,86,2760,13365,100
2786073251915019,594510,86,2760,13365,100
2786073257026411,594510,86,2760,13365,100
2786073262138002,594510,86,2760,13365,100
2786073267249516,594510,86,2760,13365,100
2786073272362265,594510,86,2760,13365,100
2786073277473537,594510,86,2760,13365,100
2786073282584961,594510,86,2760,13365,100
2786073287696714,594510,86,2760,13365,100
2786073292808214,594510,86,2760,13365,100
2786073297919582,594510,86,2760,13365,100
2786073303030679,594510,86,2760,13365,100
2786073308142271,594510,86,2760,13365,100
2786073313253596,594510,86,2760,13365,100
2786073318365132,594510,86,2760,13365,100
2786073323478142,594510,86,2760,13365,100
2786073328599573,594510,86,2760,13365,100
2786073333710853,594510,86,2760,13365,100
2786073338822594,594510,86,2760,13365,100
2786073343934152,594510,86,2760,13365,100
2786073349045559,594510,86,2760,13365,100
2786073354157259,594510,86,2760,13365,100
2786073359268680,594510,86,2760,13365,100
2786073364380143,594510,86,2760,13365,100
2786073369491529,594510,86,2760,13365,100
2786073374604157,594510,86,2760,13365,100
2786073379715865,594510,86,2760,13365,100
2786073384827217,594510,86,2760,13365,100
2786073389938765,594510,86,2760,13365,100
2786073395050137,594510,86,2760,13365,100
2786073400161161,594510,86,2760,13365,100
2786073405275973,594510,86,2760,13365,100
2786073410387390,594510,86,2760,13365,100
2786073415498262,594510,86,2760,13365,100
2786073420609888,594510,86,2760,13365,100
2786073425722831,594510,86,2760,13365,100
2786073430834387,594510,86,2760,13365,100
2786073435945941,594510,86,2760,13365,100
2786073441057236,594510,86,2760,13365,100
2786073446168794,594510,86,2760,13365,100
2786073451280253,594510,86,2760,13365,100
2786073456391975,594510,86,2760,13365,100
2786073461503243,594510,86,2760,13365,100
2786073466614336,594510,86,2760,13365,100
2786073471725642,594510,86,2760,13365,100
2786073476838477,594510,86,2760,13365,100
2786073481965333,594510,86,2760,13365,100
2786073487076805,594510,86,2760,13365,100
2786073492188226,594510,86,2760,13365,100
2786073497299387,594510,86,2760,13365,100
2786073502411071,594510,86,2760,13365,100
2786073507522655,594510,86,2760,13365,100
2786073512634451,594510,86,2760,13365,100
2786073517746297,594510,86,2760,13365,100
2786073522857336,594510,86,2760,13365,100
2786073527970051,594510,86,2760,13365,100
2786073533081154,594510,86,2760,13365,100
2786073538192526,594510,86,2760,13365,100
2786073543304139,594510,86,2760,13365,100
2786073548416042,594510,86,2760,13365,100
2786073553527235,594510,86,2760,13365,100
2786073558638818,594510,86,2760,13365,100
2786073563750412,594510,86,2760,13365,100
2786073568861392,594510,86,2760,13365,100
2786073573973060,594510,86,2760,13365,100
2786073579085965,594510,86,2760,13365,100
2786073584197353,594510,86,2760,13365,100
2786073589308717,594510,86,2760,13365,100
2786073594419958,594510,86,2760,13365,100
2786073599531591,594510,86,2760,13365,100
2786073604642795,594510,86,2760,13365,100
2786073609754240,594510,86,2760,13365,100
2786073614866201,594510,86,2760,13365,100
2786073619977445,594510,86,2760,13365,100
2786073625089113,594715,86,2760,13365,100
2786073630202213,594715,86,2760,13365,100
2786073635313572,594715,86,2760,13365,100
2786073640424983,594715,86,2760,13365,100
2786073645535431,594715,86,2760,13365,100
2786073650647050,594715,86,2760,13365,100
2786073655758431,594715,86,2760,13365,100
2786073660869592,594715,86,2760,13365,100
2786073665981148,594715,86,2760,13365,100
2786073671092517,594715,86,2760,13365,100
2786073676203933,594715,86,2760,13365,100
2786073681316861,594715,86,2760,13365,100
2786073686427881,594715,86,2760,13365,100
2786073691539331,594715,86,2760,13365,100
2786073696650717,594715,86,2760,13365,100
2786073701762083,594715,86,2760,13365,100
2786073706873280,594715,86,2760,13365,100
2786073711984608,594715,86,2760,13365,100
2786073717114214,594715,86,2760,13365,100
2786073722225757,594715,86,2760,13365,100
2786073727337193,594715,86,2760,13365,100
2786073732449928,594715,86,2760,13365,100
2786073737561472,594715,86,2760,13365,100
2786073742673056,594715,86,2760,13365,100
2786073747784455,594715,86,2760,13365,100
2786073752895959,594715,86,2760,13365,100
2786073758024968,594715,86,2760,13365,100
2786073763136223,594715,86,2760,13365,100
2786073768247620,594715,86,2760,13365,100
2786073773359017,594715,86,2760,13365,100
2786073778470529,594715,86,2760,13365,100
2786073783583325,594715,86,2760,13365,100
2786073788694750,594715,86,2760,13365,100
2786073793806042,594715,86,2760,13365,100
2786073798917591,594715,86,2760,13365,100
2786073804029083,594715,86,2760,13365,100
2786073809140403,594715,86,2760,13365,100
2786073814251704,594715,86,2760,13365,100
2786073819362842,594715,86,2760,13365,100
2786073824473040,594715,86,2760,13365,100
2786073829584345,594715,86,2760,13365,100
2786073834697054,594715,86,2760,13365,100
2786073839808418,594715,86,2760,13365,100
2786073844919790,594715,86,2760,13365,100
2786073850031042,594715,86,2760,13365,100
2786073855142435,594715,86,2760,13365,100
2786073860254124,594715,86,2760,13365,100
2786073865365428,594715,86,2760,13365,100
2786073870476827,594715,86,2760,13365,100
2786073875587851,594715,86,2760,13365,100
2786073880698917,594715,86,2760,13365,100
2786073885811666,594715,86,2760,13365,100
2786073890924259,594715,86,2760,13365,100
2786073896035538,594715,86,2760,13365,100
2786073901147027,594715,86,2760,13365,100
2786073906258231,594715,86,2760,13365,100
2786073911369568,594715,86,2760,13365,100
2786073916480741,594715,86,2760,13365,100
2786073921591920,594715,86,2760,13365,100
2786073926703113,594715,86,2760,13365,100
2786073931814329,594715,86,2760,13365,100
2786073936926864,594715,86,2760,13365,100
2786073942038428,594715,86,2760,13365,100
2786073947149782,594715,86,2760,13365,100
2786073952261055,594715,86,2760,13365,100
2786073957372444,594715,86,2760,13365,100
2786073962483924,594715,86,2760,13365,100
2786073967595480,594715,86,2760,13365,100
2786073972707035,594715,86,2760,13365,100
2786073977818153,594715,86,2760,13365,100
2786073982929706,594715,86,2760,13365,100
2786073988042618,594715,86,2760,13365,100
2786073993153880,594715,86,2760,13365,100
2786073998265071,594715,86,2760,13365,100
2786074003376615,594715,86,2760,13365,100
2786074008488035,594715,86,2760,13365,100
2786074013599212,594715,86,2760,13365,100
2786074018710328,594715,86,2760,13365,100
2786074023821613,594715,86,2760,13365,100
2786074028933177,594715,86,2760,13365,100
2786074034044642,594715,86,2760,13365,100
2786074039157206,594715,86,2760,13365,100
2786074044268717,594715,86,2760,13365,100
2786074049379835,594715,86,2760,13365,100
2786074054491315,594715,86,2760,13365,100
2786074059602750,594715,86,2760,13365,100
2786074064714028,594715,86,2760,13365,100
2786074069825079,594715,86,2760,13365,100
2786074074936622,594715,86,2760,13365,100
2786074080048010,594715,86,2760,13365,100
2786074085159800,594715,86,2760,13365,100
2786074090272426,594715,86,2760,13365,100
2786074095383570,594715,86,2760,13365,100
2786074100494963,594715,86,2760,13365,100
2786074105606244,594715,86,2760,13365,100
2786074110717414,594715,86,2760,13365,100
2786074115828608,594715,86,2760,13365,100
2786074120939857,594715,86,2760,13365,100
2786074126051107,594333,86,2752,13365,100
2786074131162452,594333,86,2752,13365,100
2786074136289516,594333,86,2752,13365,100
2786074141402300,594333,86,2752,13365,100
2786074146513831,594333,86,2752,13365,100
2786074151625499,594333,86,2752,13365,100
2786074156736974,594333,86,2752,13365,100
2786074161848412,594333,86,2752,13365,100
2786074166959632,594333,86,2752,13365,100
2786074172070897,594333,86,2752,13365,100
2786074177182641,594333,86,2752,13365,100
2786074182293885,594333,86,2752,13365,100
2786074187405110,594333,86,2752,13365,100
2786074192517683,594333,86,2752,13365,100
2786074197628971,594333,86,2752,13365,100
2786074202740473,594333,86,2752,13365,100
2786074207851607,594333,86,2752,13365,100
2786074212963108,594333,86,2752,13365,100
2786074218074496,594333,86,2752,13365,100
2786074223185897,594333,86,2752,13365,100
2786074228297214,594333,86,2752,13365,100
2786074233408586,594333,86,2752,13365,100
2786074238520270,594333,86,2752,13365,100
2786074243632762,594333,86,2752,13365,100
2786074248742927,594333,86,2752,13365,100
2786074253854231,594333,86,2752,13365,100
2786074258965820,594333,86,2752,13365,100
2786074264076816,594333,86,2752,13365,100
2786074269188253,594333,86,2752,13365,100
2786074274299510,594333,86,2752,13365,100
2786074279411069,594333,86,2752,13365,100
2786074284525077,594333,86,2752,13365,100
2786074289640250,594333,86,2752,13365,100
2786074294752842,594333,86,2752,13365,100
2786074299864363,594333,86,2752,13365,100
2786074304975824,594333,86,2752,13365,100
2786074310087216,594333,86,2752,13365,100
2786074315198384,594333,86,2752,13365,100
2786074320309835,594333,86,2752,13365,100
2786074325421205,594333,86,2752,13365,100
2786074330532411,594333,86,2752,13365,100
2786074335643656,594333,86,2752,13365,100
2786074340765300,594333,86,2752,13365,100
2786074345878019,594333,86,2752,13365,100
2786074350989663,594333,86,2752,13365,100
2786074356119746,594333,86,2752,13365,100
2786074361230923,594333,86,2752,13365,100
2786074366342149,594333,86,2752,13365,100
2786074371453846,594333,86,2752,13365,100
2786074376565305,594333,86,2752,13365,100
2786074381676428,594333,86,2752,13365,100
2786074386787812,594333,86,2752,13365,100
2786074391899098,594333,86,2752,13365,100
2786074397029195,594333,86,2752,13365,100
2786074402140705,594333,86,2752,13365,100
2786074407252077,594333,86,2752,13365,100
2786074412363347,594333,86,2752,13365,100
2786074417474699,594333,86,2752,13365,100
2786074422586272,594333,86,2752,13365,100
2786074427697907,594333,86,2752,13365,100
2786074432812481,594333,86,2752,13365,100
2786074437924596,594333,86,2752,13365,100
2786074443036526,594333,86,2752,13365,100
2786074448149838,594333,86,2752,13365,100
2786074453261764,594333,86,2752,13365,100
2786074458373168,594333,86,2752,13365,100
2786074463483828,594333,86,2752,13365,100
2786074468595032,594333,86,2752,13365,100
2786074473706509,594333,86,2752,13365,100
2786074478817766,594333,86,2752,13365,100
2786074483929085,594333,86,2752,13365,100
2786074489040258,594333,86,2752,13365,100
2786074494151694,594333,86,2752,13365,100
2786074499264877,594333,86,2752,13365,100
2786074504376243,594333,86,2752,13365,100
2786074509488060,594333,86,2752,13365,100
2786074514599297,594333,86,2752,13365,100
2786074519710587,594333,86,2752,13365,100
2786074524822521,594333,86,2752,13365,100
2786074529934696,594333,86,2752,13365,100
2786074535045800,594333,86,2752,13365,100
2786074540156890,594333,86,2752,13365,100
2786074545268188,594333,86,2752,13365,100
2786074550380815,594333,86,2752,13365,100
2786074555492531,594333,86,2752,13365,100
2786074560603900,594333,86,2752,13365,100
2786074565715585,594333,86,2752,13365,100
2786074570826833,594333,86,2752,13365,100
2786074575938125,594333,86,2752,13365,100
2786074581049629,594333,86,2752,13365,100
2786074586160884,594333,86,2752,13365,100
2786074591272714,594333,86,2752,13365,100
2786074596384402,594333,86,2752,13365,100
2786074601497285,594333,86,2752,13365,100
2786074606589975,594333,86,2752,13365,100
2786074611701272,594333,86,2752,13365,100
2786074616812953,594333,86,2752,13365,100
2786074621924461,594333,86,2752,13365,100
2786074627037705,594888,86,2760,13365,100
2786074632149233,594888,86,2760,13365,100
2786074637260714,594888,86,2760,13365,100
2786074642372102,594888,86,2760,13365,100
2786074647483547,594888,86,2760,13365,100
2786074652596742,594888,86,2760,13365,100
2786074657709828,594888,86,2760,13365,100
2786074662821244,594888,86,2760,13365,100
2786074667932653,594888,86,2760,13365,100
2786074673044107,594888,86,2760,13365,100
2786074678155469,594888,86,2760,13365,100
2786074683267026,594888,86,2760,13365,100
2786074688378351,594888,86,2760,13365,100
2786074693490455,594888,86,2760,13365,100
2786074698601669,594888,86,2760,13365,100
2786074703714699,594888,86,2760,13365,100
2786074708826104,594888,86,2760,13365,100
2786074713937735,594888,86,2760,13365,100
2786074719049319,594888,86,2760,13365,100
2786074724161311,594888,86,2760,13365,100
2786074729272602,594888,86,2760,13365,100
2786074734383972,594888,86,2760,13365,100
2786074739495710,594888,86,2760,13365,100
2786074744607354,594888,86,2760,13365,100
2786074749718675,594888,86,2760,13365,100
2786074754831563,594888,86,2760,13365,100
2786074759943254,594888,86,2760,13365,100
2786074765054706,594888,86,2760,13365,100
2786074770166241,594888,86,2760,13365,100
2786074775277573,594888,86,2760,13365,100
2786074780389250,594888,86,2760,13365,100
2786074785500466,594888,86,2760,13365,100
2786074790627663,594888,86,2760,13365,100
2786074795738895,594888,86,2760,13365,100
2786074800850115,594888,86,2760,13365,100
2786074805962867,594888,86,2760,13365,100
2786074811074276,594888,86,2760,13365,100
2786074816185788,594888,86,2760,13365,100
2786074821297097,594888,86,2760,13365,100
2786074826408106,594888,86,2760,13365,100
2786074831519470,594888,86,2760,13365,100
2786074836630800,594888,86,2760,13365,100
2786074841742019,594888,86,2760,13365,100
2786074846853247,594888,86,2760,13365,100
2786074851964479,594888,86,2760,13365,100
2786074857077448,594888,86,2760,13365,100
2786074862188996,594888,86,2760,13365,100
2786074867300140,594888,86,2760,13365,100
2786074872411245,594888,86,2760,13365,100
2786074877522354,594888,86,2760,13365,100
2786074882633513,594888,86,2760,13365,100
2786074887744812,594888,86,2760,13365,100
2786074892838691,594888,86,2760,13365,100
2786074897950672,594888,86,2760,13365,100
2786074903062520,594888,86,2760,13365,100
2786074908175080,594888,86,2760,13365,100
2786074913286721,594888,86,2760,13365,100
2786074918398551,594888,86,2760,13365,100
2786074923509945,594888,86,2760,13365,100
2786074928621622,594888,86,2760,13365,100
2786074933733190,594888,86,2760,13365,100
2786074938845098,594888,86,2760,13365,100
2786074943957123,594888,86,2760,13365,100
2786074949068911,594888,86,2760,13365,100
2786074954180662,594888,86,2760,13365,100
2786074959293580,594888,86,2760,13365,100
2786074964405733,594888,86,2760,13365,100
2786074969517529,594888,86,2760,13365,100
2786074974629078,594888,86,2760,13365,100
2786074979740526,594888,86,2760,13365,100
2786074984851947,594888,86,2760,13365,100
2786074989963342,594888,86,2760,13365,100
2786074995075015,594888,86,2760,13365,100
2786075000187062,594888,86,2760,13365,100
2786075005298324,594888,86,2760,13365,100
2786075010411709,594888,86,2760,13365,100
2786075015523064,594888,86,2760,13365,100
2786075020634293,594888,86,2760,13365,100
2786075025745453,594888,86,2760,13365,100
2786075030856208,594888,86,2760,13365,100
2786075035967578,594888,86,2760,13365,100
2786075041079551,594888,86,2760,13365,100
2786075046191039,594888,86,2760,13365,100
2786075051302932,594888,86,2760,13365,100
2786075056414228,594888,86,2760,13365,100
2786075061527560,594888,86,2760,13365,100
2786075066639447,594888,86,2760,13365,100
2786075071751163,594888,86,2760,13365,100
2786075076862741,594888,86,2760,13365,100
2786075081973972,594888,86,2760,13365,100
2786075087085230,594888,86,2760,13365,100
2786075092196931,594888,86,2760,13365,100
2786075097308673,594888,86,2760,13365,100
2786075102420352,594888,86,2760,13365,100
2786075107531904,594888,86,2760,13365,100
2786075112644988,594888,86,2760,13365,100
2786075117756425,594888,86,2760,13365,100
2786075122867728,594888,86,2760,13365,100
2786075127979270,595451,86,2760,13365,100
2786075133091435,595451,86,2760,13365,100
2786075138203095,595451,86,2760,13365,100
2786075143314665,595451,86,2760,13365,100
2786075148425924,595451,86,2760,13365,100
2786075153537334,595451,86,2760,13365,100
2786075158648668,595451,86,2760,13365,100
2786075163762552,595451,86,2760,13365,100
2786075168873989,595451,86,2760,13365,100
2786075173985581,595451,86,2760,13365,100
2786075179114629,595451,86,2760,13365,100
2786075184226014,595451,86,2760,13365,100
2786075189337447,595451,86,2760,13365,100
2786075194449051,595451,86,2760,13365,100
2786075199560492,595451,86,2760,13365,100
2786075204671766,595451,86,2760,13365,100
2786075209783562,595451,86,2760,13365,100
2786075214896647,595451,86,2760,13365,100
2786075220027317,595451,86,2760,13365,100
2786075225138976,595451,86,2760,13365,100
2786075230250326,595451,86,2760,13365,100
2786075235361642,595451,86,2760,13365,100
2786075240472943,595451,86,2760,13365,100
2786075245584379,595451,86,2760,13365,100
2786075250695943,595451,86,2760,13365,100
2786075255807724,595451,86,2760,13365,100
2786075260918900,595451,86,2760,13365,100
2786075266031813,595451,86,2760,13365,100
2786075271143430,595451,86,2760,13365,100
2786075276255253,595451,86,2760,13365,100
2786075281366570,595451,86,2760,13365,100
2786075286478014,595451,86,2760,13365,100
2786075291589667,595451,86,2760,13365,100
2786075296701337,595451,86,2760,13365,100
2786075301812769,595451,86,2760,13365,100
2786075306924372,595451,86,2760,13365,100
2786075312035480,595451,86,2760,13365,100
2786075317148221,595451,86,2760,13365,100
2786075322259441,595451,86,2760,13365,100
2786075327370904,595451,86,2760,13365,100
2786075332482328,595451,86,2760,13365,100
2786075337593551,595451,86,2760,13365,100
2786075342705459,595451,86,2760,13365,100
2786075347817271,595451,86,2760,13365,100
2786075352928580,595451,86,2760,13365,100
2786075358039910,595451,86,2760,13365,100
2786075363151933,595451,86,2760,13365,100
2786075368264627,595451,86,2760,13365,100
2786075373376173,595451,86,2760,13365,100
2786075378487390,595451,86,2760,13365,100
2786075383598920,595451,86,2760,13365,100
2786075388710597,595451,86,2760,13365,100
2786075393822021,595451,86,2760,13365,100
2786075398933684,595451,86,2760,13365,100
2786075404045116,595451,86,2760,13365,100
2786075409157004,595451,86,2760,13365,100
2786075414268088,595451,86,2760,13365,100
2786075419381363,595451,86,2760,13365,100
2786075424492902,595451,86,2760,13365,100
2786075429604258,595451,86,2760,13365,100
2786075434715762,595451,86,2760,13365,100
2786075439827243,595451,86,2760,13365,100
2786075444954765,595451,86,2760,13365,100
2786075450066315,595451,86,2760,13365,100
2786075455177380,595451,86,2760,13365,100
2786075460288853,595451,86,2760,13365,100
2786075465400422,595451,86,2760,13365,100
2786075470513369,595451,86,2760,13365,100
2786075475624821,595451,86,2760,13365,100
2786075480736346,595451,86,2760,13365,100
2786075485847762,595451,86,2760,13365,100
2786075490959471,595451,86,2760,13365,100
2786075496071207,595451,86,2760,13365,100
2786075501182723,595451,86,2760,13365,100
2786075506294312,595451,86,2760,13365,100
2786075511406288,595451,86,2760,13365,100
2786075516517617,595451,86,2760,13365,100
2786075521630221,595451,86,2760,13365,100
2786075526741585,595451,86,2760,13365,100
2786075531852842,595451,86,2760,13365,100
2786075536964598,595451,86,2760,13365,100
2786075542075811,595451,86,2760,13365,100
2786075547187563,595451,86,2760,13365,100
2786075552299138,595451,86,2760,13365,100
2786075557410384,595451,86,2760,13365,100
2786075562521749,595451,86,2760,13365,100
2786075567633081,595451,86,2760,13365,100
2786075572745941,595451,86,2760,13365,100
2786075577857549,595451,86,2760,13365,100
2786075582971398,595451,86,2760,13365,100
2786075588082931,595451,86,2760,13365,100
2786075593194347,595451,86,2760,13365,100
2786075598306151,595451,86,2760,13365,100
2786075603417910,595451,86,2760,13365,100
2786075608529332,595451,86,2760,13365,100
2786075613640733,595451,86,2760,13365,100
2786075618752283,595451,86,2760,13365,100
2786075623865009,595451,86,2760,13365,100
2786075628976514,595547,86,2760,13365,100
2786075634087958,595547,86,2760,13365,100
2786075639200215,595547,86,2760,13365,100
2786075644311719,595547,86,2760,13365,100
2786075649423364,595547,86,2760,13365,100
2786075654534888,595547,86,2760,13365,100
2786075659646432,595547,86,2760,13365,100
2786075664757988,595547,86,2760,13365,100
2786075669869319,595547,86,2760,13365,100
2786075674982149,595547,86,2760,13365,100
2786075680109441,595547,86,2760,13365,100
2786075685226878,595547,86,2760,13365,100
2786075690338646,595547,86,2760,13365,100
2786075695449941,595547,86,2760,13365,100
2786075700561295,595547,86,2760,13365,100
2786075705672860,595547,86,2760,13365,100
2786075710784533,595547,86,2760,13365,100
2786075715895937,595547,86,2760,13365,100
2786075721023281,595547,86,2760,13365,100
2786075726136015,595547,86,2760,13365,100
2786075731247442,595547,86,2760,13365,100
2786075736359177,595547,86,2760,13365,100
2786075741470830,595547,86,2760,13365,100
2786075746582193,595547,86,2760,13365,100
2786075751693408,595547,86,2760,13365,100
2786075756804836,595547,86,2760,13365,100
2786075761916413,595547,86,2760,13365,100
2786075767028552,595547,86,2760,13365,100
2786075772140265,595547,86,2760,13365,100
2786075777252786,595547,86,2760,13365,100
2786075782364331,595547,86,2760,13365,100
2786075787475710,595547,86,2760,13365,100
2786075792587287,595547,86,2760,13365,100
2786075797699088,595547,86,2760,13365,100
2786075802810440,595547,86,2760,13365,100
2786075807921832,595547,86,2760,13365,100
2786075813033512,595547,86,2760,13365,100
2786075818144805,595547,86,2760,13365,100
2786075823256497,595547,86,2760,13365,100
2786075828369630,595547,86,2760,13365,100
2786075833480794,595547,86,2760,13365,100
2786075838592158,595547,86,2760,13365,100
2786075843703703,595547,86,2760,13365,100
2786075848815223,595547,86,2760,13365,100
2786075853926744,595547,86,2760,13365,100
2786075859038096,595547,86,2760,13365,100
2786075864149596,595547,86,2760,13365,100
2786075869261041,595547,86,2760,13365,100
2786075874372625,595547,86,2760,13365,100
2786075879485410,595547,86,2760,13365,100
2786075884595764,595547,86,2760,13365,100
2786075889707356,595547,86,2760,13365,100
2786075894818803,595547,86,2760,13365,100
2786075899930116,595547,86,2760,13365,100
2786075905041684,595547,86,2760,13365,100
2786075910152892,595547,86,2760,13365,100
2786075915264541,595547,86,2760,13365,100
2786075920376145,595547,86,2760,13365,100
2786075925487849,595547,86,2760,13365,100
2786075930600426,595547,86,2760,13365,100
2786075935711842,595547,86,2760,13365,100
2786075940823123,595547,86,2760,13365,100
2786075945934547,595547,86,2760,13365,100
2786075951046044,595547,86,2760,13365,100
2786075956157666,595547,86,2760,13365,100
2786075961269004,595547,86,2760,13365,100
2786075966380393,595547,86,2760,13365,100
2786075971492118,595547,86,2760,13365,100
2786075976614462,595547,86,2760,13365,100
2786075981736118,595547,86,2760,13365,100
2786075986865158,595547,86,2760,13365,100
2786075991976626,595547,86,2760,13365,100
2786075997088395,595547,86,2760,13365,100
2786076002199740,595547,86,2760,13365,100
2786076007311228,595547,86,2760,13365,100
2786076012422889,595547,86,2760,13365,100
2786076017534533,595547,86,2760,13365,100
2786076022646201,595547,86,2760,13365,100
2786076027757726,595547,86,2760,13365,100
2786076032870732,595547,86,2760,13365,100
2786076037982302,595547,86,2760,13365,100
2786076043111567,595547,86,2760,13365,100
2786076048223053,595547,86,2760,13365,100
2786076053334548,595547,86,2760,13365,100
2786076058445767,595547,86,2760,13365,100
2786076063557253,595547,86,2760,13365,100
2786076068668647,595547,86,2760,13365,100
2786076073779921,595547,86,2760,13365,100
2786076078891632,595547,86,2760,13365,100
2786076084020716,595547,86,2760,13365,100
2786076089132330,595547,86,2760,13365,100
2786076094243527,595547,86,2760,13365,100
2786076099370884,595547,86,2760,13365,100
2786076104482061,595547,86,2760,13365,100
2786076109593431,595547,86,2760,13365,100
2786076114704732,595547,86,2760,13365,100
2786076119815901,595547,86,2760,13365,100
2786076124927331,595439,86,2752,13365,100
2786076130038838,595439,86,2752,13365,100
2786076135152033,595439,86,2752,13365,100
2786076140263398,595439,86,2752,13365,100
2786076145374731,595439,86,2752,13365,100
2786076150485159,595439,86,2752,13365,100
2786076155596452,595439,86,2752,13365,100
2786076160707717,595439,86,2752,13365,100
2786076165819280,595439,86,2752,13365,100
2786076170930349,595439,86,2752,13365,100
2786076176041675,595439,86,2752,13365,100
2786076181152880,595439,86,2752,13365,100
2786076186266466,595439,86,2752,13365,100
2786076191377863,595439,86,2752,13365,100
2786076196489083,595439,86,2752,13365,100
2786076201600556,595439,86,2752,13365,100
2786076206711868,595439,86,2752,13365,100
2786076211823400,595439,86,2752,13365,100
2786076216934398,595439,86,2752,13365,100
2786076222045889,595439,86,2752,13365,100
2786076227157409,595439,86,2752,13365,100
2786076232268862,595439,86,2752,13365,100
2786076237381894,595439,86,2752,13365,100
2786076242493466,595439,86,2752,13365,100
2786076247605057,595439,86,2752,13365,100
2786076252716355,595439,86,2752,13365,100
2786076257827648,595439,86,2752,13365,100
2786076262939156,595439,86,2752,13365,100
2786076268050269,595439,86,2752,13365,100
2786076273161533,595439,86,2752,13365,100
2786076278273169,595439,86,2752,13365,100
2786076283384656,595439,86,2752,13365,100
2786076288497322,595439,86,2752,13365,100
2786076293608625,595439,86,2752,13365,100
2786076298720389,595439,86,2752,13365,100
2786076303831731,595439,86,2752,13365,100
2786076308943236,595439,86,2752,13365,100
2786076314054668,595439,86,2752,13365,100
2786076319181185,595439,86,2752,13365,100
2786076324292491,595439,86,2752,13365,100
2786076329404750,595439,86,2752,13365,100
2786076334515986,595439,86,2752,13365,100
2786076339629551,595439,86,2752,13365,100
2786076344741130,595439,86,2752,13365,100
2786076349852535,595439,86,2752,13365,100
2786076354963808,595439,86,2752,13365,100
2786076360075389,595439,86,2752,13365,100
2786076365187377,595439,86,2752,13365,100
2786076370298553,595439,86,2752,13365,100
2786076375409802,595439,86,2752,13365,100
2786076380521418,595439,86,2752,13365,100
2786076385632766,595439,86,2752,13365,100
2786076390746503,595439,86,2752,13365,100
2786076395859433,595439,86,2752,13365,100
2786076400971195,595439,86,2752,13365,100
2786076406082612,595439,86,2752,13365,100
2786076411208072,595439,86,2752,13365,100
2786076416319597,595439,86,2752,13365,100
2786076421431087,595439,86,2752,13365,100
2786076426542605,595439,86,2752,13365,100
2786076431655742,595439,86,2752,13365,100
2786076436766954,595439,86,2752,13365,100
2786076441879934,595439,86,2752,13365,100
2786076446991251,595439,86,2752,13365,100
2786076452121623,595439,86,2752,13365,100
2786076457232952,595439,86,2752,13365,100
2786076462345490,595439,86,2752,13365,100
2786076467457369,595439,86,2752,13365,100
2786076472569573,595439,86,2752,13365,100
2786076477681449,595439,86,2752,13365,100
2786076482792729,595439,86,2752,13365,100
2786076487904384,595439,86,2752,13365,100
2786076493032367,595439,86,2752,13365,100
2786076498144331,595439,86,2752,13365,100
2786076503255871,595439,86,2752,13365,100
2786076508367384,595439,86,2752,13365,100
2786076513479461,595439,86,2752,13365,100
2786076518590796,595439,86,2752,13365,100
2786076523701868,595439,86,2752,13365,100
2786076528815129,595439,86,2752,13365,100
2786076533926671,595439,86,2752,13365,100
2786076539037894,595439,86,2752,13365,100
2786076544150891,595439,86,2752,13365,100
2786076549261957,595439,86,2752,13365,100
2786076554373322,595439,86,2752,13365,100
2786076559486659,595439,86,2752,13365,100
2786076564597965,595439,86,2752,13365,100
2786076569709604,595439,86,2752,13365,100
2786076574820812,595439,86,2752,13365,100
2786076579933509,595439,86,2752,13365,100
2786076585045908,595439,86,2752,13365,100
2786076590171470,595439,86,2752,13365,100
2786076595284019,595439,86,2752,13365,100
2786076600396401,595439,86,2752,13365,100
2786076605509035,595439,86,2752,13365,100
2786076610620123,595439,86,2752,13365,100
2786076615732296,595439,86,2752,13365,100
2786076620844772,595439,86,2752,13365,100
2786076625956953,595277,86,2760,13365,100
2786076631067937,595277,86,2760,13365,100
2786076636180006,595277,86,2760,13365,100
2786076641292342,595277,86,2760,13365,100
2786076646406063,595277,86,2760,13365,100
2786076651518231,595277,86,2760,13365,100
2786076656629859,595277,86,2760,13365,100
2786076661741567,595277,86,2760,13365,100
2786076666853860,595277,86,2760,13365,100
2786076671965885,595277,86,2760,13365,100
2786076677077189,595277,86,2760,13365,100
2786076682188670,595277,86,2760,13365,100
2786076687300206,595277,86,2760,13365,100
2786076692412694,595277,86,2760,13365,100
2786076697525711,595277,86,2760,13365,100
2786076702637359,595277,86,2760,13365,100
2786076707748948,595277,86,2760,13365,100
2786076712860192,595277,86,2760,13365,100
2786076717971392,595277,86,2760,13365,100
2786076723083545,595277,86,2760,13365,100
2786076728194941,595277,86,2760,13365,100
2786076733306762,595277,86,2760,13365,100
2786076738418214,595277,86,2760,13365,100
2786076743529885,595277,86,2760,13365,100
2786076748642937,595277,86,2760,13365,100
2786076753771039,595277,86,2760,13365,100
2786076758883531,595277,86,2760,13365,100
2786076763995212,595277,86,2760,13365,100
2786076769123905,595277,86,2760,13365,100
2786076774235113,595277,86,2760,13365,100
2786076779346661,595277,86,2760,13365,100
2786076784458218,595277,86,2760,13365,100
2786076789569414,595277,86,2760,13365,100
2786076794680734,595277,86,2760,13365,100
2786076799794335,595277,86,2760,13365,100
2786076804905679,595277,86,2760,13365,100
2786076810030671,595277,86,2760,13365,100
2786076815142952,595277,86,2760,13365,100
2786076820254158,595277,86,2760,13365,100
2786076825365813,595277,86,2760,13365,100
2786076830477221,595277,86,2760,13365,100
2786076835588747,595277,86,2760,13365,100
2786076840700446,595277,86,2760,13365,100
2786076845812322,595277,86,2760,13365,100
2786076850925327,595277,86,2760,13365,100
2786076856037761,595277,86,2760,13365,100
2786076861149955,595277,86,2760,13365,100
2786076866261364,595277,86,2760,13365,100
2786076871373035,595277,86,2760,13365,100
2786076876484967,595277,86,2760,13365,100
2786076881596297,595277,86,2760,13365,100
2786076886707626,595277,86,2760,13365,100
2786076891819302,595277,86,2760,13365,100
2786076896930577,595277,86,2760,13365,100
2786076902043581,595277,86,2760,13365,100
2786076907154726,595277,86,2760,13365,100
2786076912266083,595277,86,2760,13365,100
2786076917377464,595277,86,2760,13365,100
2786076922489757,595277,86,2760,13365,100
2786076927601633,595277,86,2760,13365,100
2786076932712933,595277,86,2760,13365,100
2786076937824250,595277,86,2760,13365,100
2786076942935704,595277,86,2760,13365,100
2786076948047010,595277,86,2760,13365,100
2786076953160073,595277,86,2760,13365,100
2786076958286075,595277,86,2760,13365,100
2786076963398456,595277,86,2760,13365,100
2786076968510212,595277,86,2760,13365,100
2786076973621325,595277,86,2760,13365,100
2786076978732729,595277,86,2760,13365,100
2786076983844385,595277,86,2760,13365,100
2786076988955934,595277,86,2760,13365,100
2786076994067570,595277,86,2760,13365,100
2786076999179225,595277,86,2760,13365,100
2786077004292223,595277,86,2760,13365,100
2786077009403483,595277,86,2760,13365,100
2786077014514931,595277,86,2760,13365,100
2786077019626341,595277,86,2760,13365,100
2786077024738509,595277,86,2760,13365,100
2786077029850126,595277,86,2760,13365,100
2786077034961976,595277,86,2760,13365,100
2786077040073650,595277,86,2760,13365,100
2786077045185325,595277,86,2760,13365,100
2786077050296669,595277,86,2760,13365,100
2786077055410143,595277,86,2760,13365,100
2786077060521484,595277,86,2760,13365,100
2786077065633068,595277,86,2760,13365,100
2786077070744545,595277,86,2760,13365,100
2786077075855984,595277,86,2760,13365,100
2786077080967377,595277,86,2760,13365,100
2786077086078874,595277,86,2760,13365,100
2786077091190114,595277,86,2760,13365,100
2786077096301513,595277,86,2760,13365,100
2786077101413271,595277,86,2760,13365,100
2786077106526303,595277,86,2760,13365,100
2786077111637868,595277,86,2760,13365,100
2786077116749666,595277,86,2760,13365,100
2786077121861140,595277,86,2760,13365,100
2786077126972665,595272,86,2760,13365,100
2786077132083934,595272,86,2760,13365,100
2786077137195094,595272,86,2760,13365,100
2786077142306406,595272,86,2760,13365,100
2786077147418015,595272,86,2760,13365,100
2786077152530335,595272,86,2760,13365,100
2786077157643404,595272,86,2760,13365,100
2786077162754936,595272,86,2760,13365,100
2786077167866369,595272,86,2760,13365,100
2786077172977749,595272,86,2760,13365,100
2786077178089019,595272,86,2760,13365,100
2786077183200209,595272,86,2760,13365,100
2786077188311578,595272,86,2760,13365,100
2786077193423211,595272,86,2760,13365,100
2786077198534706,595272,86,2760,13365,100
2786077203646307,595272,86,2760,13365,100
2786077208759244,595272,86,2760,13365,100
2786077213871084,595272,86,2760,13365,100
2786077218982300,595272,86,2760,13365,100
2786077224109821,595272,86,2760,13365,100
2786077229221089,595272,86,2760,13365,100
2786077234332442,595272,86,2760,13365,100
2786077239444078,595272,86,2760,13365,100
2786077244555531,595272,86,2760,13365,100
2786077249666791,595272,86,2760,13365,100
2786077254778699,595272,86,2760,13365,100
2786077259891539,595272,86,2760,13365,100
2786077265020947,595272,86,2760,13365,100
2786077270132048,595272,86,2760,13365,100
2786077275243061,595272,86,2760,13365,100
2786077280354517,595272,86,2760,13365,100
2786077285465961,595272,86,2760,13365,100
2786077290577618,595272,86,2760,13365,100
2786077295689128,595272,86,2760,13365,100
2786077300800879,595272,86,2760,13365,100
2786077305912451,595272,86,2760,13365,100
2786077311025428,595272,86,2760,13365,100
2786077316137001,595272,86,2760,13365,100
2786077321248256,595272,86,2760,13365,100
2786077326360057,595272,86,2760,13365,100
2786077331470353,595272,86,2760,13365,100
2786077336581665,595272,86,2760,13365,100
2786077341693102,595272,86,2760,13365,100
2786077346804932,595272,86,2760,13365,100
2786077351916355,595272,86,2760,13365,100
2786077357027861,595272,86,2760,13365,100
2786077362140860,595272,86,2760,13365,100
2786077367252560,595272,86,2760,13365,100
2786077372363747,595272,86,2760,13365,100
2786077377475465,595272,86,2760,13365,100
2786077382586921,595272,86,2760,13365,100
2786077387698270,595272,86,2760,13365,100
2786077392809534,595272,86,2760,13365,100
2786077397921203,595272,86,2760,13365,100
2786077403032867,595272,86,2760,13365,100
2786077408160247,595272,86,2760,13365,100
2786077413273282,595272,86,2760,13365,100
2786077418384676,595272,86,2760,13365,100
2786077423496193,595272,86,2760,13365,100
2786077428607755,595272,86,2760,13365,100
2786077433719533,595272,86,2760,13365,100
2786077438830873,595272,86,2760,13365,100
2786077443942287,595272,86,2760,13365,100
2786077449054199,595272,86,2760,13365,100
2786077454165935,595272,86,2760,13365,100
2786077459277967,595272,86,2760,13365,100
2786077464406266,595272,86,2760,13365,100
2786077469518316,595272,86,2760,13365,100
2786077474630015,595272,86,2760,13365,100
2786077479741429,595272,86,2760,13365,100
2786077484853004,595272,86,2760,13365,100
2786077489964248,595272,86,2760,13365,100
2786077495075250,595272,86,2760,13365,100
2786077500186919,595272,86,2760,13365,100
2786077505298336,595272,86,2760,13365,100
2786077510410144,595272,86,2760,13365,100
2786077515523032,595272,86,2760,13365,100
2786077520634400,595272,86,2760,13365,100
2786077525745901,595272,86,2760,13365,100
2786077530857681,595272,86,2760,13365,100
2786077535968722,595272,86,2760,13365,100
2786077541080102,595272,86,2760,13365,100
2786077546191686,595272,86,2760,13365,100
2786077551303370,595272,86,2760,13365,100
2786077556414767,595272,86,2760,13365,100
2786077561526776,595272,86,2760,13365,100
2786077566639932,595272,86,2760,13365,100
2786077571751499,595272,86,2760,13365,100
2786077576862869,595272,86,2760,13365,100
2786077581974169,595272,86,2760,13365,100
2786077587085506,595272,86,2760,13365,100
2786077592196778,595272,86,2760,13365,100
2786077597307966,595272,86,2760,13365,100
2786077602419459,595272,86,2760,13365,100
2786077607531683,595272,86,2760,13365,100
2786077612643134,595272,86,2760,13365,100
2786077617756164,595272,86,2760,13365,100
2786077622867552,595272,86,2760,13365,100
2786077627978885,595334,86,2760,13365,100
2786077633091185,595334,86,2760,13365,100
2786077638203606,595334,86,2760,13365,100
2786077643315966,595334,86,2760,13365,100
2786077648427685,595334,86,2760,13365,100
2786077653539591,595334,86,2760,13365,100
2786077658651263,595334,86,2760,13365,100
2786077663762296,595334,86,2760,13365,100
2786077668875352,595334,86,2760,13365,100
2786077673986700,595334,86,2760,13365,100
2786077679116501,595334,86,2760,13365,100
2786077684227623,595334,86,2760,13365,100
2786077689339290,595334,86,2760,13365,100
2786077694450630,595334,86,2760,13365,100
2786077699561935,595334,86,2760,13365,100
2786077704673187,595334,86,2760,13365,100
2786077709784892,595334,86,2760,13365,100
2786077714896200,595334,86,2760,13365,100
2786077720024640,595334,86,2760,13365,100
2786077725135984,595334,86,2760,13365,100
2786077730253385,595334,86,2760,13365,100
2786077735364740,595334,86,2760,13365,100
2786077740475950,595334,86,2760,13365,100
2786077745587163,595334,86,2760,13365,100
2786077750698707,595334,86,2760,13365,100
2786077755810699,595334,86,2760,13365,100
2786077760922076,595334,86,2760,13365,100
2786077766033619,595334,86,2760,13365,100
2786077771146020,595334,86,2760,13365,100
2786077776257688,595334,86,2760,13365,100
2786077781369365,595334,86,2760,13365,100
2786077786479453,595334,86,2760,13365,100
2786077791590746,595334,86,2760,13365,100
2786077796702678,595334,86,2760,13365,100
2786077801814086,595334,86,2760,13365,100
2786077806925369,595334,86,2760,13365,100
2786077812036779,595334,86,2760,13365,100
2786077817148184,595334,86,2760,13365,100
2786077822260622,595334,86,2760,13365,100
2786077827372209,595334,86,2760,13365,100
2786077832483653,595334,86,2760,13365,100
2786077837594862,595334,86,2760,13365,100
2786077842706430,595334,86,2760,13365,100
2786077847838496,595334,86,2760,13365,100
2786077852968670,595334,86,2760,13365,100
2786077858080255,595334,86,2760,13365,100
2786077863191423,595334,86,2760,13365,100
2786077868302904,595334,86,2760,13365,100
2786077873415737,595334,86,2760,13365,100
2786077878527088,595334,86,2760,13365,100
2786077883638327,595334,86,2760,13365,100
2786077888757077,595334,86,2760,13365,100
2786077893868715,595334,86,2760,13365,100
2786077898979635,595334,86,2760,13365,100
2786077904090914,595334,86,2760,13365,100
2786077909202235,595334,86,2760,13365,100
2786077914313592,595334,86,2760,13365,100
2786077919425111,595334,86,2760,13365,100
2786077924537844,595334,86,2760,13365,100
2786077929648916,595334,86,2760,13365,100
2786077934760453,595334,86,2760,13365,100
2786077939871790,595334,86,2760,13365,100
2786077944983166,595334,86,2760,13365,100
2786077950110852,595334,86,2760,13365,100
2786077955222038,595334,86,2760,13365,100
2786077960333573,595334,86,2760,13365,100
2786077965444718,595334,86,2760,13365,100
2786077970555984,595334,86,2760,13365,100
2786077975668681,595334,86,2760,13365,100
2786077980783701,595334,86,2760,13365,100
2786077985895189,595334,86,2760,13365,100
2786077991024340,595334,86,2760,13365,100
2786077996135857,595334,86,2760,13365,100
2786078001247087,595334,86,2760,13365,100
2786078006358673,595334,86,2760,13365,100
2786078011469851,595334,86,2760,13365,100
2786078016580922,595334,86,2760,13365,100
2786078021692416,595334,86,2760,13365,100
2786078026804900,595334,86,2760,13365,100
2786078031916344,595334,86,2760,13365,100
2786078037031579,595334,86,2760,13365,100
2786078042143153,595334,86,2760,13365,100
2786078047254482,595334,86,2760,13365,100
2786078052365900,595334,86,2760,13365,100
2786078057477295,595334,86,2760,13365,100
2786078062604743,595334,86,2760,13365,100
2786078067716106,595334,86,2760,13365,100
2786078072827540,595334,86,2760,13365,100
2786078077940002,595334,86,2760,13365,100
2786078083051469,595334,86,2760,13365,100
2786078088162633,595334,86,2760,13365,100
2786078093274082,595334,86,2760,13365,100
2786078098385742,595334,86,2760,13365,100
2786078103496990,595334,86,2760,13365,100
2786078108608603,595334,86,2760,13365,100
2786078113719884,595334,86,2760,13365,100
2786078118831558,595334,86,2760,13365,100
2786078123942989,595334,86,2760,13365,100
2786078129056179,595651,86,2760,13365,100
2786078134167805,595651,86,2760,13365,100
2786078139279386,595651,86,2760,13365,100
2786078144390801,595651,86,2760,13365,100
2786078149501934,595651,86,2760,13365,100
2786078154613441,595651,86,2760,13365,100
2786078159724859,595651,86,2760,13365,100
2786078164836790,595651,86,2760,13365,100
2786078169948152,595651,86,2760,13365,100
2786078175059638,595651,86,2760,13365,100
2786078180171929,595651,86,2760,13365,100
2786078185283501,595651,86,2760,13365,100
2786078190394566,595651,86,2760,13365,100
2786078195506130,595651,86,2760,13365,100
2786078200617828,595651,86,2760,13365,100
2786078205729191,595651,86,2760,13365,100
2786078210840519,595651,86,2760,13365,100
2786078215952119,595651,86,2760,13365,100
2786078221063668,595651,86,2760,13365,100
2786078226175032,595651,86,2760,13365,100
2786078231287641,595651,86,2760,13365,100
2786078236399089,595651,86,2760,13365,100
2786078241510029,595651,86,2760,13365,100
2786078246621326,595651,86,2760,13365,100
2786078251732414,595651,86,2760,13365,100
2786078256843799,595651,86,2760,13365,100
2786078261954903,595651,86,2760,13365,100
2786078267066027,595651,86,2760,13365,100
2786078272177308,595651,86,2760,13365,100
2786078277288807,595651,86,2760,13365,100
2786078282401433,595651,86,2760,13365,100
2786078287512549,595651,86,2760,13365,100
2786078292623780,595651,86,2760,13365,100
2786078297735282,595651,86,2760,13365,100
2786078302846489,595651,86,2760,13365,100
2786078307957499,595651,86,2760,13365,100
2786078313069187,595651,86,2760,13365,100
2786078318180500,595651,86,2760,13365,100
2786078323291814,595651,86,2760,13365,100
2786078328403193,595651,86,2760,13365,100
2786078333516053,595651,86,2760,13365,100
2786078338627569,595651,86,2760,13365,100
2786078343738837,595651,86,2760,13365,100
2786078348850143,595651,86,2760,13365,100
2786078353978838,595651,86,2760,13365,100
2786078359090323,595651,86,2760,13365,100
2786078364201696,595651,86,2760,13365,100
2786078369313548,595651,86,2760,13365,100
2786078374425136,595651,86,2760,13365,100
2786078379536504,595651,86,2760,13365,100
2786078384650569,595651,86,2760,13365,100
2786078389762638,595651,86,2760,13365,100
2786078394874181,595651,86,2760,13365,100
2786078399985640,595651,86,2760,13365,100
2786078405113610,595651,86,2760,13365,100
2786078410225019,595651,86,2760,13365,100
2786078415336773,595651,86,2760,13365,100
2786078420448044,595651,86,2760,13365,100
2786078425559304,595651,86,2760,13365,100
2786078430670928,595651,86,2760,13365,100
2786078435783878,595651,86,2760,13365,100
2786078440898781,595651,86,2760,13365,100
2786078446029151,595651,86,2760,13365,100
2786078451143756,595651,86,2760,13365,100
2786078456258554,595651,86,2760,13365,100
2786078461373674,595651,86,2760,13365,100
2786078466485535,595651,86,2760,13365,100
2786078471604454,595651,86,2760,13365,100
2786078476719087,595651,86,2760,13365,100
2786078481833912,595651,86,2760,13365,100
2786078486950340,595651,86,2760,13365,100
2786078492064626,595651,86,2760,13365,100
2786078497179454,595651,86,2760,13365,100
2786078502298158,595651,86,2760,13365,100
2786078507412810,595651,86,2760,13365,100
2786078512527858,595651,86,2760,13365,100
2786078517642528,595651,86,2760,13365,100
2786078522757460,595651,86,2760,13365,100
2786078527868910,595651,86,2760,13365,100
2786078532985434,595651,86,2760,13365,100
2786078538117649,595651,86,2760,13365,100
2786078543232695,595651,86,2760,13365,100
2786078548347049,595651,86,2760,13365,100
2786078553471824,595651,86,2760,13365,100
2786078558586361,595651,86,2760,13365,100
2786078563701042,595651,86,2760,13365,100
2786078568815825,595651,86,2760,13365,100
2786078573930455,595651,86,2760,13365,100
2786078579045466,595651,86,2760,13365,100
2786078584160724,595651,86,2760,13365,100
2786078589277140,595651,86,2760,13365,100
2786078594391592,595651,86,2760,13365,100
2786078599506637,595651,86,2760,13365,100
2786078604618608,595651,86,2760,13365,100
2786078609731210,595651,86,2760,13365,100
2786078614844646,595651,86,2760,13365,100
2786078619964370,595651,86,2760,13365,100
2786078625084895,533164,76,2752,13365,0
2786078630206148,533164,76,2752,13365,0
2786078635324112,533164,76,2752,13365,0
2786078640445966,533164,76,2752,13365,0
2786078645564352,533164,76,2752,13365,0
2786078650681380,533164,76,2752,13365,0
2786078655797473,533164,76,2752,13365,0
2786078660913529,533164,76,2752,13365,0
2786078666035254,533164,76,2752,13365,0
2786078671153723,533164,76,2752,13365,0
2786078676273629,533164,76,2752,13365,0
2786078681389355,533164,76,2752,13365,0
2786078686505027,533164,76,2752,13365,0
2786078691619272,533164,76,2752,13365,0
2786078696744624,533164,76,2752,13365,0
2786078701862669,533164,76,2752,13365,0
2786078706978393,533164,76,2752,13365,0
2786078712094385,533164,76,2752,13365,0
2786078717226197,533164,76,2752,13365,0
2786078722341997,533164,76,2752,13365,0
2786078727457332,533164,76,2752,13365,0
2786078732573226,533164,76,2752,13365,0
